{
    "gia_type": "ege",
    "subject": "math",
    "id": 511283,
    "condition": {
        "text": "В июле планируется взять кредит в банке на некоторую сумму. Условия его возврата таковы:  — каждый январь долг возрастает на 31% по сравнению с концом предыдущего года;  — с февраля по июнь каждого года необходимо выплатить часть долга, равную 69 690 821 рубль.Сколько рублей было взято в банке, если известно, что он был полностью погашен тремя равными платежами ( то есть за три года)?",
        "html": "<div align=\"justify\" width=\"100%\" id=\"body631759\" class=\"pbody\"><p class=\"left_margin\">В июле пла­ни­ру­ет­ся взять кре­дит в банке на не­ко­то­рую сумму. Усло­вия его воз­вра­та та­ко­вы:</p><p>  — каж­дый ян­варь долг воз­рас­та­ет на 31% по срав­не­нию с кон­цом преды­ду­ще­го года;</p><p>  — с фев­ра­ля по июнь каж­до­го года не­об­хо­ди­мо вы­пла­тить часть долга, рав­ную 69 690 821 рубль.</p><p class=\"left_margin\">Сколь­ко руб­лей было взято в банке, если из­вест­но, что он был пол­но­стью по­га­шен тремя рав­ны­ми пла­те­жа­ми ( то есть за три года)?</p></div>",
        "image_urls": []
    },
    "solution": {
        "text": "Решение. Если искомая сумма составляет S рублей, то при коэффициенте ежегодной процентной ставки q, равной 1,31,  фиксированная сумма  которую клиент ежегодно должен возвращать в банк в течение 3 лет, составляет  откуда  Заметим, что 69 690 821 кратно  Действительно,      Ответ: 124 809 100 рублей. Замечания: 1.  В мировой практике существует и работает два способа (схемы) погашения кредитов: дифференцированная, при которой  периодический платеж включает постоянную сумма для погашения основного долга по кредиту, к которой прибавляются проценты на оставшуюся часть долга, и аннуитетная при которой долг гасится равными платежами,  как в условии данной задачи. 2.  При аннуитетной схеме, как правило, бывает кратным  либо фиксированная сумма, которую клиент обязан вносить в отчетный период, либо сумма взятого кредита. Возможен случай, когда та или другая сумма, указанная выше, кратна 3.  Прежде чем приступить к решению задачи, лучше проверить ожидаемые кратности, что облегчит дальнейшие вычисления.   Приведём другое решение. Заметим, что ежегодный платеж равен 69 690 821  =  31 000 000 · 1,313.Если искомая сумма составляет x рублей, то: ПериодыДолг клиента (рублей)в начале отчетного периода с учетом возрастания долгачастичное погашениеостаток к концу периода после частичного погашенияПервоначальныйx  — xI год1,31x31000000 · 1,313II год31000000 · 1,313III год31000000 · 1,313 Решение уравнения: Ответ: 124 809 100 рублей.",
        "html": "<div align=\"justify\" width=\"100%\" id=\"sol511283\" class=\"solution\" style=\"clear:both;\" class=\"pbody\"><p class=\"left_margin\"></p><b>Ре­ше­ние<!--rule_info-->. </b><p class=\"left_margin\">Если ис­ко­мая сумма со­став­ля­ет <i>S</i> руб­лей, то при ко­эф­фи­ци­ен­те еже­год­ной про­цент­ной став­ки <i>q,</i> рав­ной 1,31,  фик­си­ро­ван­ная сумма <img src=\"https://ege.sdamgia.ru/formula/svg/8e/8e69ecfb41ce4583469a7adebfe61101.svg\" class=\"tex\" style=\"vertical-align:-3.0pt\" alt=\"\\Phi,\"> ко­то­рую кли­ент еже­год­но дол­жен воз­вра­щать в банк в те­че­ние 3 лет, со­став­ля­ет <img src=\"https://ege.sdamgia.ru/formula/svg/a6/a69f940366449ae653b8032384930336.svg\" class=\"tex\" style=\"vertical-align:-10.7pt\" alt=\"\\Phi= дробь: чис­ли­тель: Sq в кубе , зна­ме­на­тель: q в квад­ра­те плюс q плюс 1 конец дроби , \"> от­ку­да <img src=\"https://ege.sdamgia.ru/formula/svg/3c/3c63c77cac23175db3a1da1720f78635.svg\" class=\"tex\" style=\"vertical-align:-10.7pt\" alt=\"S= дробь: чис­ли­тель: \\Phi умно­жить на левая круг­лая скоб­ка q в квад­ра­те плюс q плюс 1 пра­вая круг­лая скоб­ка , зна­ме­на­тель: q в кубе конец дроби . \"> </p><p class=\"left_margin\">За­ме­тим, что 69 690 821 крат­но <img src=\"https://ege.sdamgia.ru/formula/svg/c6/c6cd21941274e0881cab550cd84c28f1.svg\" class=\"tex\" style=\"vertical-align:-3.0pt\" alt=\"1,31 в кубе .\"> Дей­стви­тель­но, <img src=\"https://ege.sdamgia.ru/formula/svg/2c/2c24245f4197bccf8d2c70f181731021.svg\" class=\"tex\" style=\"vertical-align:-3.0pt\" alt=\"69690821:1,31=53199100;\"> </p><p class=\"left_margin\"></p><center><p><img src=\"https://ege.sdamgia.ru/formula/svg/eb/eb3ad24b059eb8cf8a6c6979f611ff1b.svg\" class=\"tex\" style=\"vertical-align:-3.0pt\" alt=\"53199100:1,31=40610000;\">  <img src=\"https://ege.sdamgia.ru/formula/svg/6e/6e2b7eb1701397cd6f0bafc687f16c2b.svg\" class=\"tex\" style=\"vertical-align:-3.0pt\" alt=\"40610000:1,31=31000000.\"></p><p>&nbsp;</p><p><span data-width=\"640\" data-formulahash=\"0fe0dd8a46c61d87179d33883ea49bc9\" class=\"tex-span\" style=\"\"><img src=\"https://ege.sdamgia.ru/formula/svg/0f/0fe0dd8a46c61d87179d33883ea49bc9.svg\" class=\"tex\" style=\"vertical-align:-10.4pt\" alt=\"S= дробь: чис­ли­тель: 69690821 умно­жить на левая круг­лая скоб­ка 1,31 в квад­ра­те плюс 1,31 плюс 1 пра­вая круг­лая скоб­ка , зна­ме­на­тель: 1,31 в кубе конец дроби =31000000 умно­жить на 4,0261=40261 умно­жить на 3100=124809100. \"></span><span data-width=\"590\" data-formulahash=\"0fe0dd8a46c61d87179d33883ea49bc9\" class=\"tex-span\" style=\"display:none\"><img src=\"https://ege.sdamgia.ru/formula/svg/c7/c7a7756daf65a339bebdeb1d52d06967.svg\" class=\"tex\" style=\"vertical-align:-10.5pt\" alt=\"S= дробь: чис­ли­тель: 69690821 умно­жить на левая круг­лая скоб­ка 1,31 в квад­ра­те плюс 1,31 плюс 1 пра­вая круг­лая скоб­ка , зна­ме­на­тель: 1,31 в кубе конец дроби = \"><br><img src=\"https://ege.sdamgia.ru/formula/svg/ae/ae4c4eceb2b08bc9c65cee8a905324be.svg\" class=\"tex\" style=\"vertical-align:-3.0pt\" alt=\"=31000000 умно­жить на 4,0261=40261 умно­жить на 3100=124809100.\"></span><span data-width=\"365\" data-formulahash=\"0fe0dd8a46c61d87179d33883ea49bc9\" class=\"tex-span\" style=\"display:none\"><img src=\"https://ege.sdamgia.ru/formula/svg/c7/c7a7756daf65a339bebdeb1d52d06967.svg\" class=\"tex\" style=\"vertical-align:-10.5pt\" alt=\"S= дробь: чис­ли­тель: 69690821 умно­жить на левая круг­лая скоб­ка 1,31 в квад­ра­те плюс 1,31 плюс 1 пра­вая круг­лая скоб­ка , зна­ме­на­тель: 1,31 в кубе конец дроби = \"><br><img src=\"https://ege.sdamgia.ru/formula/svg/0f/0f23e9adacc42190e437a151ae033f4d.svg\" class=\"tex\" style=\"vertical-align:-3.0pt\" alt=\"=31000000 умно­жить на 4,0261=\"><br><img src=\"https://ege.sdamgia.ru/formula/svg/f6/f624f2548ab7724bedfbaf6129b707f3.svg\" class=\"tex\" style=\"vertical-align:-1.8pt\" alt=\"=40261 умно­жить на 3100=124809100.\"></span></p><p class=\"left_margin\"></p></center><p>&nbsp;</p><p><span style=\"letter-spacing: 2px;\">Ответ:</span> 124 809 100 руб­лей.</p><p>&nbsp;</p><p><b>За­ме­ча­ния: </b></p><p class=\"left_margin\">1.  В ми­ро­вой прак­ти­ке су­ще­ству­ет и ра­бо­та­ет два спо­со­ба (схемы) по­га­ше­ния кре­ди­тов: <i>диф­фе­рен­ци­ро­ван­ная</i>, при ко­то­рой  пе­ри­о­ди­че­ский пла­теж вклю­ча­ет по­сто­ян­ную сумма для по­га­ше­ния ос­нов­но­го долга по кре­ди­ту, к ко­то­рой при­бав­ля­ют­ся про­цен­ты на остав­шу­ю­ся часть долга, и <i>ан­ну­и­тет­ная</i> при ко­то­рой долг га­сит­ся рав­ны­ми пла­те­жа­ми,  как в усло­вии дан­ной за­да­чи. </p><p class=\"left_margin\">2.  При ан­ну­и­тет­ной схеме, как пра­ви­ло, бы­ва­ет крат­ным <img src=\"https://ege.sdamgia.ru/formula/svg/0a/0aea0f1ee68a135cbcff00702c976d7e.svg\" class=\"tex\" style=\"vertical-align:-3.2pt\" alt=\"q в сте­пе­ни n \"> либо фик­си­ро­ван­ная сумма, ко­то­рую кли­ент обя­зан вно­сить в от­чет­ный пе­ри­од, либо сумма взя­то­го кре­ди­та. Воз­мо­жен слу­чай, когда та или дру­гая сумма, ука­зан­ная выше, крат­на <img src=\"https://ege.sdamgia.ru/formula/svg/57/5762a2b5d45ec070326c207018722b30.svg\" class=\"tex\" style=\"vertical-align:-3.2pt\" alt=\"q в сте­пе­ни левая круг­лая скоб­ка n минус 1 пра­вая круг­лая скоб­ка плюс q в сте­пе­ни левая круг­лая скоб­ка n минус 2 пра­вая круг­лая скоб­ка плюс ... плюс q плюс 1.\"></p><p class=\"left_margin\">3.  Пре­жде чем при­сту­пить к ре­ше­нию за­да­чи, лучше про­ве­рить ожи­да­е­мые крат­но­сти, что об­лег­чит даль­ней­шие вы­чис­ле­ния. </p><p>&nbsp;</p><p>&nbsp;</p><p><b>При­ведём дру­гое ре­ше­ние.</b></p><p>&nbsp;</p><p class=\"left_margin\">За­ме­тим, что еже­год­ный пла­теж равен 69 690 821  =  31 000 000 · 1,31<sup>3</sup>.</p><p class=\"left_margin\">Если ис­ко­мая сумма со­став­ля­ет <i>x</i> руб­лей, то:</p><p>&nbsp;</p><p></p><p></p><p></p><p></p><p></p><p></p><p></p><p></p><p></p><p></p><p></p><p></p><p></p><p></p><p></p><p></p><p></p><p></p><p></p><p></p><p></p><p></p><p></p><p></p><p></p><p></p><p></p><p></p><p></p><p></p><p></p><p></p><p></p><p></p><p></p><table style=\"margin:auto\"><tbody><tr><th rowspan=\"2\" style=\"text-align:center\">Пе­ри­о­ды</th><th colspan=\"3\" style=\"text-align:center\">Долг кли­ен­та (руб­лей)</th></tr><tr><th style=\"text-align:center\">в на­ча­ле от­чет­но­го пе­ри­о­да с уче­том воз­рас­та­ния долга</th><th style=\"text-align:center\">ча­стич­ное по­га­ше­ние</th><th style=\"text-align:center\">оста­ток к концу пе­ри­о­да после ча­стич­но­го по­га­ше­ния</th></tr><tr><td style=\"text-align:center\">Пер­во­на­чаль­ный</td><td style=\"text-align:center\"><i>x</i></td><td style=\"text-align:center\">  — </td><td style=\"text-align:center\"><i>x</i></td></tr><tr><td style=\"text-align:center\">I год</td><td style=\"text-align:center\">1,31<i>x</i></td><td style=\"text-align:center\">31000000 · 1,31<sup>3</sup></td><td style=\"text-align:center\"><img src=\"https://ege.sdamgia.ru/formula/svg/70/705f8dafa1144d752c883b787ae482f6.svg\" class=\"tex\" style=\"vertical-align:-3.0pt\" alt=\"1,31x минус 1,31 в кубе умно­жить на 31000000=\"><p><img src=\"https://ege.sdamgia.ru/formula/svg/81/811976f603bf10551737af1d8d7383cd.svg\" class=\"tex\" style=\"vertical-align:-3.6pt\" alt=\"=1,31 умно­жить на левая круг­лая скоб­ка x минус 1,31 в квад­ра­те умно­жить на 31000000 пра­вая круг­лая скоб­ка \"></p><p></p></td></tr><tr><td style=\"text-align:center\">II год</td><td style=\"text-align:center\"><img src=\"https://ege.sdamgia.ru/formula/svg/17/1767749454e0f66ec5c925331a67e5cc.svg\" class=\"tex\" style=\"vertical-align:-3.6pt\" alt=\"1,31 в квад­ра­те левая круг­лая скоб­ка x минус 1,31 в квад­ра­те умно­жить на 31000000 пра­вая круг­лая скоб­ка \"></td><td style=\"text-align:center\">31000000 · 1,31<sup>3</sup></td><td style=\"text-align:center\"><img src=\"https://ege.sdamgia.ru/formula/svg/71/710da64cf6d47ea13b6a00095002fa3e.svg\" class=\"tex\" style=\"vertical-align:-3.6pt\" alt=\"1,31 в квад­ра­те левая круг­лая скоб­ка x минус 1,31 в квад­ра­те умно­жить на 31000000 пра­вая круг­лая скоб­ка минус 1,31 в кубе умно­жить на 31000000 пра­вая круг­лая скоб­ка =\"><p><img src=\"https://ege.sdamgia.ru/formula/svg/70/704b2e09374744da17cd7c83192e95e2.svg\" class=\"tex\" style=\"vertical-align:-3.6pt\" alt=\"=1,31 в квад­ра­те левая круг­лая скоб­ка x минус 1,31 в квад­ра­те умно­жить на 31000000 минус 1,31 умно­жить на 31000000 пра­вая круг­лая скоб­ка \"></p><p></p></td></tr><tr><td style=\"text-align:center\">III год</td><td style=\"text-align:center\"><img src=\"https://ege.sdamgia.ru/formula/svg/4e/4e9766a364007a043336fb2a5b710eea.svg\" class=\"tex\" style=\"vertical-align:-3.6pt\" alt=\"1,31 в кубе левая круг­лая скоб­ка x минус 1,31 в квад­ра­те умно­жить на 31000000 минус \"><p><img src=\"https://ege.sdamgia.ru/formula/svg/92/9284f97c9ba18dd25ee480d310fcf087.svg\" class=\"tex\" style=\"vertical-align:-3.6pt\" alt=\" минус 1,31 умно­жить на 31000000 пра­вая круг­лая скоб­ка \"></p></td><td style=\"text-align:center\">31000000 · 1,31<sup>3</sup></td><td style=\"text-align:center\"><img src=\"https://ege.sdamgia.ru/formula/svg/8b/8bb73c805b5c479920ddfd8b9644cf0d.svg\" class=\"tex\" style=\"vertical-align:-3.6pt\" alt=\" 1,31 в кубе левая круг­лая скоб­ка x минус 1,31 в квад­ра­те умно­жить на 31000000 минус 1,31 умно­жить на 31000000 пра­вая круг­лая скоб­ка минус 1,31 в кубе умно­жить на 31000000=\"><p><img src=\"https://ege.sdamgia.ru/formula/svg/0f/0f776cf39e17ae8cfadf29edc6116256.svg\" class=\"tex\" style=\"vertical-align:-3.6pt\" alt=\"=1,31 в кубе левая круг­лая скоб­ка x минус 1,31 в квад­ра­те умно­жить на 31000000 минус 1,31 умно­жить на 31000000 минус 31000000 пра­вая круг­лая скоб­ка =0\"></p><p></p></td></tr></tbody></table><p>&nbsp;</p><p class=\"left_margin\">Ре­ше­ние урав­не­ния:</p><p class=\"left_margin\"></p><center><p><img src=\"https://ege.sdamgia.ru/formula/svg/71/71f2d117d7e3fca4ebbd09e3d5b40daf.svg\" class=\"tex\" style=\"vertical-align:-3.6pt\" alt=\"1,31 в кубе левая круг­лая скоб­ка x минус 1,31 в квад­ра­те умно­жить на 31000000 минус 1,31 умно­жить на 31000000 минус 31000000 пра­вая круг­лая скоб­ка =0 рав­но­силь­но \"></p><p><img src=\"https://ege.sdamgia.ru/formula/svg/a4/a457afbf978c88c6578e608ea204651d.svg\" class=\"tex\" style=\"vertical-align:-3.0pt\" alt=\" рав­но­силь­но x минус 1,31 в квад­ра­те умно­жить на 31000000 минус 1,31 умно­жить на 31000000 минус 31000000=0 рав­но­силь­но \"></p><p><span data-width=\"640\" data-formulahash=\"c311c16edc5da05c727e317c9cd28113\" class=\"tex-span\" style=\"\"><img src=\"https://ege.sdamgia.ru/formula/svg/c3/c311c16edc5da05c727e317c9cd28113.svg\" class=\"tex\" style=\"vertical-align:-3.6pt\" alt=\" рав­но­силь­но x=1,31 в квад­ра­те умно­жить на 31000000 плюс 1,31 умно­жить на 31000000 плюс 31000000 рав­но­силь­но x=31000000 умно­жить на левая круг­лая скоб­ка 1,31 в квад­ра­те плюс 1,31 плюс 1 пра­вая круг­лая скоб­ка рав­но­силь­но \"></span><span data-width=\"565\" data-formulahash=\"c311c16edc5da05c727e317c9cd28113\" class=\"tex-span\" style=\"display:none\"><img src=\"https://ege.sdamgia.ru/formula/svg/89/89c9e8c9366bb175f03403c139b30453.svg\" class=\"tex\" style=\"vertical-align:-3.0pt\" alt=\" рав­но­силь­но x=1,31 в квад­ра­те умно­жить на 31000000 плюс 1,31 умно­жить на 31000000 плюс 31000000 рав­но­силь­но \"><br><img src=\"https://ege.sdamgia.ru/formula/svg/60/6060866874a1e84e50cefc0a5df64e6b.svg\" class=\"tex\" style=\"vertical-align:-3.6pt\" alt=\" рав­но­силь­но x=31000000 умно­жить на левая круг­лая скоб­ка 1,31 в квад­ра­те плюс 1,31 плюс 1 пра­вая круг­лая скоб­ка рав­но­силь­но \"></span></p><p><span data-width=\"640\" data-formulahash=\"11387cdd986fbbba636fe6a2bde88e7c\" class=\"tex-span\" style=\"\"><img src=\"https://ege.sdamgia.ru/formula/svg/b9/b9379dd2ea0570fa6e1f00e2ab26f62b.svg\" class=\"tex\" style=\"vertical-align:-3.6pt\" alt=\"x=3100 умно­жить на 10000 умно­жить на левая круг­лая скоб­ка 1,7161 плюс 2,31 пра­вая круг­лая скоб­ка рав­но­силь­но x=3100 умно­жить на 10000 умно­жить на 4,0261 рав­но­силь­но \"><br><img src=\"https://ege.sdamgia.ru/formula/svg/36/360ab093eba5a77abdada010b45fc0b7.svg\" class=\"tex\" style=\"vertical-align:-1.8pt\" alt=\" рав­но­силь­но x=31 умно­жить на 40261 умно­жить на 100 рав­но­силь­но x = 124 809 100.\"></span><span data-width=\"390\" data-formulahash=\"11387cdd986fbbba636fe6a2bde88e7c\" class=\"tex-span\" style=\"display:none\"><img src=\"https://ege.sdamgia.ru/formula/svg/c9/c92c8342e98574e3516d9cbfc26c1cd5.svg\" class=\"tex\" style=\"vertical-align:-3.6pt\" alt=\"x=3100 умно­жить на 10000 умно­жить на левая круг­лая скоб­ка 1,7161 плюс 2,31 пра­вая круг­лая скоб­ка рав­но­силь­но \"><br><img src=\"https://ege.sdamgia.ru/formula/svg/d8/d824abdfc894851f2fcc8d35ed0e291a.svg\" class=\"tex\" style=\"vertical-align:-3.0pt\" alt=\" рав­но­силь­но x=3100 умно­жить на 10000 умно­жить на 4,0261 рав­но­силь­но \"><br><img src=\"https://ege.sdamgia.ru/formula/svg/36/360ab093eba5a77abdada010b45fc0b7.svg\" class=\"tex\" style=\"vertical-align:-1.8pt\" alt=\" рав­но­силь­но x=31 умно­жить на 40261 умно­жить на 100 рав­но­силь­но x = 124 809 100.\"></span></p><p class=\"left_margin\"></p></center><p>&nbsp;</p><p><span style=\"letter-spacing: 2px;\">Ответ:</span> 124 809 100 руб­лей.</p></div>",
        "image_urls": [
            "https://ege.sdamgia.ru/formula/svg/8e/8e69ecfb41ce4583469a7adebfe61101.svg",
            "https://ege.sdamgia.ru/formula/svg/a6/a69f940366449ae653b8032384930336.svg",
            "https://ege.sdamgia.ru/formula/svg/3c/3c63c77cac23175db3a1da1720f78635.svg",
            "https://ege.sdamgia.ru/formula/svg/c6/c6cd21941274e0881cab550cd84c28f1.svg",
            "https://ege.sdamgia.ru/formula/svg/2c/2c24245f4197bccf8d2c70f181731021.svg",
            "https://ege.sdamgia.ru/formula/svg/eb/eb3ad24b059eb8cf8a6c6979f611ff1b.svg",
            "https://ege.sdamgia.ru/formula/svg/6e/6e2b7eb1701397cd6f0bafc687f16c2b.svg",
            "https://ege.sdamgia.ru/formula/svg/0f/0fe0dd8a46c61d87179d33883ea49bc9.svg",
            "https://ege.sdamgia.ru/formula/svg/c7/c7a7756daf65a339bebdeb1d52d06967.svg",
            "https://ege.sdamgia.ru/formula/svg/ae/ae4c4eceb2b08bc9c65cee8a905324be.svg",
            "https://ege.sdamgia.ru/formula/svg/c7/c7a7756daf65a339bebdeb1d52d06967.svg",
            "https://ege.sdamgia.ru/formula/svg/0f/0f23e9adacc42190e437a151ae033f4d.svg",
            "https://ege.sdamgia.ru/formula/svg/f6/f624f2548ab7724bedfbaf6129b707f3.svg",
            "https://ege.sdamgia.ru/formula/svg/0a/0aea0f1ee68a135cbcff00702c976d7e.svg",
            "https://ege.sdamgia.ru/formula/svg/57/5762a2b5d45ec070326c207018722b30.svg",
            "https://ege.sdamgia.ru/formula/svg/70/705f8dafa1144d752c883b787ae482f6.svg",
            "https://ege.sdamgia.ru/formula/svg/81/811976f603bf10551737af1d8d7383cd.svg",
            "https://ege.sdamgia.ru/formula/svg/17/1767749454e0f66ec5c925331a67e5cc.svg",
            "https://ege.sdamgia.ru/formula/svg/71/710da64cf6d47ea13b6a00095002fa3e.svg",
            "https://ege.sdamgia.ru/formula/svg/70/704b2e09374744da17cd7c83192e95e2.svg",
            "https://ege.sdamgia.ru/formula/svg/4e/4e9766a364007a043336fb2a5b710eea.svg",
            "https://ege.sdamgia.ru/formula/svg/92/9284f97c9ba18dd25ee480d310fcf087.svg",
            "https://ege.sdamgia.ru/formula/svg/8b/8bb73c805b5c479920ddfd8b9644cf0d.svg",
            "https://ege.sdamgia.ru/formula/svg/0f/0f776cf39e17ae8cfadf29edc6116256.svg",
            "https://ege.sdamgia.ru/formula/svg/71/71f2d117d7e3fca4ebbd09e3d5b40daf.svg",
            "https://ege.sdamgia.ru/formula/svg/a4/a457afbf978c88c6578e608ea204651d.svg",
            "https://ege.sdamgia.ru/formula/svg/c3/c311c16edc5da05c727e317c9cd28113.svg",
            "https://ege.sdamgia.ru/formula/svg/89/89c9e8c9366bb175f03403c139b30453.svg",
            "https://ege.sdamgia.ru/formula/svg/60/6060866874a1e84e50cefc0a5df64e6b.svg",
            "https://ege.sdamgia.ru/formula/svg/b9/b9379dd2ea0570fa6e1f00e2ab26f62b.svg",
            "https://ege.sdamgia.ru/formula/svg/36/360ab093eba5a77abdada010b45fc0b7.svg",
            "https://ege.sdamgia.ru/formula/svg/c9/c92c8342e98574e3516d9cbfc26c1cd5.svg",
            "https://ege.sdamgia.ru/formula/svg/d8/d824abdfc894851f2fcc8d35ed0e291a.svg",
            "https://ege.sdamgia.ru/formula/svg/36/360ab093eba5a77abdada010b45fc0b7.svg"
        ]
    },
    "answer": "124 809 100 руб­лей.  124 809 100 руб­лей.",
    "topic_id": 16,
    "analog_ids": []
}