{
    "gia_type": "ege",
    "subject": "math",
    "id": 514523,
    "condition": {
        "text": "В июле 2016 года планируется взять кредит в банке на пять лет в размере S тыс. руб. Условия его возврата таковы: − каждый январь долг возрастает на 20% по сравнению с концом предыдущего года;− с февраля по июнь каждого года необходимо выплатить часть долга;− в июле 2017,2018 и 2019 долг остаётся  равным S тыс. руб.;− выплаты в  2020 и 2021 годах равны по 360 тыс. руб.;− к июлю 2021 долг будет выплачен полностью.Найдите общую сумму выплат за пять лет.",
        "html": "<div align=\"justify\" width=\"100%\" id=\"body636711\" class=\"pbody\"><p class=\"left_margin\">В июле 2016 года пла­ни­ру­ет­ся взять кре­дит в банке на пять лет в раз­ме­ре <i>S</i> тыс. руб. Усло­вия его воз­вра­та та­ко­вы: </p><p class=\"left_margin\">− каж­дый ян­варь долг воз­рас­та­ет на 20% по срав­не­нию с кон­цом преды­ду­ще­го года;</p><p class=\"left_margin\">− с фев­ра­ля по июнь каж­до­го года не­об­хо­ди­мо вы­пла­тить часть долга;</p><p class=\"left_margin\">− в июле 2017,2018 и 2019 долг остаётся  рав­ным <i>S</i> тыс. руб.;</p><p class=\"left_margin\">− вы­пла­ты в  2020 и 2021 годах равны по 360 тыс. руб.;</p><p class=\"left_margin\">− к июлю 2021 долг будет вы­пла­чен пол­но­стью.</p><p class=\"left_margin\">Най­ди­те общую сумму вы­плат за пять лет.</p></div>",
        "image_urls": []
    },
    "solution": {
        "text": "Решение. В июле 2017, 2018 и 2019 годов долг перед банком не меняется, а ежегодные выплаты составляют 0,2S тыс. руб.В январе 2020 года долг (в тыс. руб.) равен 1,2S, а в июле  — 1,2S − 360.В январе 2021 года долг будет равен 1,44S − 432, а в июле  — 1,44S − 792.По условию, долг будет выплачен полностью, значит, 1,44S  − 792  =  0, откуда S  =  550. Таким образом, первые три выплаты составляют по 110 тыс. руб., а последние две  — по 360 тыс. руб. Общая сумма выплат составляет: Ответ: 1050 тыс. рублей.",
        "html": "<div align=\"justify\" width=\"100%\" id=\"sol514523\" class=\"solution\" style=\"clear:both;\" class=\"pbody\"><p class=\"left_margin\"></p><b>Ре­ше­ние<!--rule_info-->. </b><p class=\"left_margin\">В июле 2017, 2018 и 2019 годов долг перед бан­ком не ме­ня­ет­ся, а еже­год­ные вы­пла­ты со­став­ля­ют 0,2<i>S</i> тыс. руб.</p><p class=\"left_margin\">В ян­ва­ре 2020 года долг (в тыс. руб.) равен 1,2<i>S</i>, а в июле  — 1,2<i>S</i> − 360.</p><p class=\"left_margin\">В ян­ва­ре 2021 года долг будет равен 1,44<i>S</i> − 432, а в июле  — 1,44<i>S</i> − 792.</p><p class=\"left_margin\">По усло­вию, долг будет вы­пла­чен пол­но­стью, зна­чит, 1,44<i>S</i>  − 792  =  0, от­ку­да <i>S</i>  =  550. Таким об­ра­зом, пер­вые три вы­пла­ты со­став­ля­ют по 110 тыс. руб., а по­след­ние две  — по 360 тыс. руб. Общая сумма вы­плат со­став­ля­ет:</p><p class=\"left_margin\"></p><center><p><img src=\"https://ege.sdamgia.ru/formula/svg/48/484f09b84b3165ce5972c924a39ff2b3.svg\" class=\"tex\" style=\"vertical-align:-3.6pt\" alt=\"3 умно­жить на 110 плюс 2 умно­жить на 360=1050 левая круг­лая скоб­ка тыс.руб. пра­вая круг­лая скоб­ка .\"> </p><p class=\"left_margin\"></p></center><p><span style=\"letter-spacing: 2px;\">Ответ:</span> 1050 тыс. руб­лей.</p></div>",
        "image_urls": [
            "https://ege.sdamgia.ru/formula/svg/48/484f09b84b3165ce5972c924a39ff2b3.svg"
        ]
    },
    "answer": "1050 тыс. руб­лей.",
    "topic_id": 16,
    "analog_ids": [
        514523,
        514551,
        514558,
        548820,
        514551,
        514558,
        548820,
        667680
    ]
}