{
    "gia_type": "ege",
    "subject": "math",
    "id": 515728,
    "condition": {
        "text": "15-го января планируется взять кредит в банке на 18 месяцев. Условия его возврата таковы:  — 1-го числа каждого месяца долг возрастает на 2% по сравнению с концом предыдущего месяца;  — со 2-го по 14-е число каждого месяца необходимо выплатить часть долга;  — 15-го числа каждого месяца долг должен быть на одну и ту же величину меньше долга на 15-е число предыдущего месяца.Сколько процентов от суммы кредита составляет общая сумма денег, которую нужно выплатить банку за весь срок кредитования?",
        "html": "<div align=\"justify\" width=\"100%\" id=\"body634988\" class=\"pbody\"><p class=\"left_margin\">15-го ян­ва­ря пла­ни­ру­ет­ся взять кре­дит в банке на 18 ме­ся­цев. Усло­вия его воз­вра­та та­ко­вы:</p><p>  — 1-го числа каж­до­го ме­ся­ца долг воз­рас­та­ет на 2% по срав­не­нию с кон­цом преды­ду­ще­го ме­ся­ца;</p><p>  — со 2-го по 14-е число каж­до­го ме­ся­ца не­об­хо­ди­мо вы­пла­тить часть долга;</p><p>  — 15-го числа каж­до­го ме­ся­ца долг дол­жен быть на одну и ту же ве­ли­чи­ну мень­ше долга на 15-е число преды­ду­ще­го ме­ся­ца.</p><p class=\"left_margin\">Сколь­ко про­цен­тов от суммы кре­ди­та со­став­ля­ет общая сумма денег, ко­то­рую нужно вы­пла­тить банку за весь срок кре­ди­то­ва­ния?</p></div>",
        "image_urls": []
    },
    "solution": {
        "text": "Решение. Пусть S  — изначальная сумма. Остаток по кредиту на конец месяца:В начале месяца долг увеличивается:Выплаты составляют:Таким образом, имеем:  Ответ: 119%.",
        "html": "<div align=\"justify\" width=\"100%\" id=\"sol515728\" class=\"solution\" style=\"clear:both;\" class=\"pbody\"><p class=\"left_margin\"></p><b>Ре­ше­ние<!--rule_info-->. </b><p class=\"left_margin\">Пусть <i>S</i>  — из­на­чаль­ная сумма. Оста­ток по кре­ди­ту на конец ме­ся­ца:</p><p class=\"left_margin\"></p><center><p><img src=\"https://ege.sdamgia.ru/formula/svg/bb/bb47cedafc6bf560fceaec962d6bb8e3.svg\" class=\"tex\" style=\"vertical-align:-8.5pt\" alt=\"S; дробь: чис­ли­тель: 17, зна­ме­на­тель: 18 конец дроби S; ... ; дробь: чис­ли­тель: 2, зна­ме­на­тель: 18 конец дроби S; дробь: чис­ли­тель: 1, зна­ме­на­тель: 18 конец дроби S; 0. \"></p><p class=\"left_margin\"></p></center><p class=\"left_margin\">В на­ча­ле ме­ся­ца долг уве­ли­чи­ва­ет­ся:</p><p class=\"left_margin\"></p><center><p><img src=\"https://ege.sdamgia.ru/formula/svg/b6/b6fd5fac502756620143c1b2ddfaf39f.svg\" class=\"tex\" style=\"vertical-align:-8.4pt\" alt=\" дробь: чис­ли­тель: 51, зна­ме­на­тель: 50 конец дроби S; дробь: чис­ли­тель: 17, зна­ме­на­тель: 18 конец дроби умно­жить на дробь: чис­ли­тель: 51, зна­ме­на­тель: 50 конец дроби S; ...; дробь: чис­ли­тель: 51, зна­ме­на­тель: 18 умно­жить на 50 конец дроби S. \"></p><p class=\"left_margin\"></p></center><p class=\"left_margin\">Вы­пла­ты со­став­ля­ют:</p><p class=\"left_margin\"></p><center><p><img src=\"https://ege.sdamgia.ru/formula/svg/2a/2a8789cc7453df2ed2f797c5c31abd83.svg\" class=\"tex\" style=\"vertical-align:-11.1pt\" alt=\" левая круг­лая скоб­ка дробь: чис­ли­тель: 51, зна­ме­на­тель: 50 конец дроби минус дробь: чис­ли­тель: 17, зна­ме­на­тель: 18 конец дроби пра­вая круг­лая скоб­ка S; левая круг­лая скоб­ка дробь: чис­ли­тель: 17, зна­ме­на­тель: 18 конец дроби умно­жить на дробь: чис­ли­тель: 51, зна­ме­на­тель: 50 конец дроби минус дробь: чис­ли­тель: 16, зна­ме­на­тель: 18 конец дроби пра­вая круг­лая скоб­ка S; ...; дробь: чис­ли­тель: 51, зна­ме­на­тель: 18 умно­жить на 50 конец дроби S. \"></p><p class=\"left_margin\"></p></center><p class=\"left_margin\">Таким об­ра­зом, имеем:</p><p class=\"left_margin\"></p><center><p><span data-width=\"640\" data-formulahash=\"8b4b7a407fac26d4bdd215873c5ab604\" class=\"tex-span\" style=\"\"><img src=\"https://ege.sdamgia.ru/formula/svg/8b/8b4b7a407fac26d4bdd215873c5ab604.svg\" class=\"tex\" style=\"vertical-align:-8.5pt\" alt=\" дробь: чис­ли­тель: 68, зна­ме­на­тель: 50 умно­жить на 18 конец дроби S плюс дробь: чис­ли­тель: 1, зна­ме­на­тель: 18 умно­жить на 50 конец дроби левая круг­лая скоб­ка левая круг­лая скоб­ка 17 плюс 16 плюс ... плюс 2 плюс 1 пра­вая круг­лая скоб­ка умно­жить на 51 минус 50 левая круг­лая скоб­ка 16 плюс 15 плюс ... плюс 2 плюс 1 пра­вая круг­лая скоб­ка пра­вая круг­лая скоб­ка S= \"></span><span data-width=\"440\" data-formulahash=\"8b4b7a407fac26d4bdd215873c5ab604\" class=\"tex-span\" style=\"display:none\"><img src=\"https://ege.sdamgia.ru/formula/svg/93/93edfd01ee8e2eee8851ef9efad14fb1.svg\" class=\"tex\" style=\"vertical-align:-8.4pt\" alt=\" дробь: чис­ли­тель: 68, зна­ме­на­тель: 50 умно­жить на 18 конец дроби S плюс \"><br><img src=\"https://ege.sdamgia.ru/formula/svg/cf/cf53c3b9f0efeeaa49676f7f15677b1e.svg\" class=\"tex\" style=\"vertical-align:-8.4pt\" alt=\" плюс дробь: чис­ли­тель: 1, зна­ме­на­тель: 18 умно­жить на 50 конец дроби левая круг­лая скоб­ка левая круг­лая скоб­ка 17 плюс 16 плюс ... плюс 2 плюс 1 пра­вая круг­лая скоб­ка умно­жить на 51 минус 50 левая круг­лая скоб­ка 16 плюс 15 плюс ... плюс 2 плюс 1 пра­вая круг­лая скоб­ка пра­вая круг­лая скоб­ка S= \"></span></p><p>&nbsp;</p><p><img src=\"https://ege.sdamgia.ru/formula/svg/c2/c2991d445483d462b401bca4f4dd90a5.svg\" class=\"tex\" style=\"vertical-align:-8.4pt\" alt=\"= левая круг­лая скоб­ка 153 умно­жить на 51 минус 136 умно­жить на 50 пра­вая круг­лая скоб­ка умно­жить на дробь: чис­ли­тель: 1, зна­ме­на­тель: 18 умно­жить на 50 конец дроби S плюс дробь: чис­ли­тель: 68, зна­ме­на­тель: 50 умно­жить на 18 конец дроби S= дробь: чис­ли­тель: 119, зна­ме­на­тель: 100 конец дроби S. \"></p><p class=\"left_margin\"></p></center><p>&nbsp;</p><p><span style=\"letter-spacing: 2px;\">Ответ:</span> 119%.</p></div>",
        "image_urls": [
            "https://ege.sdamgia.ru/formula/svg/bb/bb47cedafc6bf560fceaec962d6bb8e3.svg",
            "https://ege.sdamgia.ru/formula/svg/b6/b6fd5fac502756620143c1b2ddfaf39f.svg",
            "https://ege.sdamgia.ru/formula/svg/2a/2a8789cc7453df2ed2f797c5c31abd83.svg",
            "https://ege.sdamgia.ru/formula/svg/8b/8b4b7a407fac26d4bdd215873c5ab604.svg",
            "https://ege.sdamgia.ru/formula/svg/93/93edfd01ee8e2eee8851ef9efad14fb1.svg",
            "https://ege.sdamgia.ru/formula/svg/cf/cf53c3b9f0efeeaa49676f7f15677b1e.svg",
            "https://ege.sdamgia.ru/formula/svg/c2/c2991d445483d462b401bca4f4dd90a5.svg"
        ]
    },
    "answer": "119%.",
    "topic_id": 16,
    "analog_ids": []
}