{
    "gia_type": "ege",
    "subject": "math",
    "id": 517480,
    "condition": {
        "text": "В июле планируется взять кредит в банке на сумму 9 млн рублей на некоторый срок (целое число лет). Условия его возврата таковы:  — каждый январь долг возрастает на 20% по сравнению с концом предыдущего года;  — с февраля по июнь каждого года необходимо выплатить часть долга;  — в июле каждого года долг должен быть на одну и ту же сумму меньше долга на июль предыдущего года.Чему будет равна общая сумма выплат после полного погашения кредита, если наибольший годовой платёж составит 3,6 млн рублей?",
        "html": "<div align=\"justify\" width=\"100%\" id=\"body625556\" class=\"pbody\"><p class=\"left_margin\">В июле пла­ни­ру­ет­ся взять кре­дит в банке на сумму 9 млн руб­лей на не­ко­то­рый срок (целое число лет). Усло­вия его воз­вра­та та­ко­вы:</p><p>  — каж­дый ян­варь долг воз­рас­та­ет на 20% по срав­не­нию с кон­цом преды­ду­ще­го года;</p><p>  — с фев­ра­ля по июнь каж­до­го года не­об­хо­ди­мо вы­пла­тить часть долга;</p><p>  — в июле каж­до­го года долг дол­жен быть на одну и ту же сумму мень­ше долга на июль преды­ду­ще­го года.</p><p class=\"left_margin\">Чему будет равна общая сумма вы­плат после пол­но­го по­га­ше­ния кре­ди­та, если наи­боль­ший го­до­вой платёж со­ста­вит 3,6 млн руб­лей?</p></div>",
        "image_urls": []
    },
    "solution": {
        "text": "Решение. Ясно, что наибольшим является первый платёж, соответствующий максимальной сумме долга. Пусть кредит планируется взять на n лет. Первый платёж при выплате дифференцируемыми платежами равен  млн руб .  По условию эта величина равна 3,6 млн руб., откуда  По формуле для выплаты В при оплате  кредита S, взятого под r% годовых, имеем:Поэтому млн руб.О решении таких заданий см. Гущин Д. Д.  «Встречи с финансовой математикой». Приведём авторское решение.Долг перед банком (в млн рублей) по состоянию на июль должен уменьшаться до нуля равномерно:По условию, каждый январь долг возрастает на 20%, значит, последовательность размеров долга (в млн рублей) в январе такова:Следовательно, выплаты (в млн рублей) должны быть следующими: Получаем  откуда  Значит, всего следует выплатить  (млн рублей). Ответ: 14,4 млн рублей.",
        "html": "<div align=\"justify\" width=\"100%\" id=\"sol517480\" class=\"solution\" style=\"clear:both;\" class=\"pbody\"><p class=\"left_margin\"></p><b>Ре­ше­ние<!--rule_info-->. </b><p class=\"left_margin\">Ясно, что наи­боль­шим яв­ля­ет­ся пер­вый платёж, со­от­вет­ству­ю­щий мак­си­маль­ной сумме долга. Пусть кре­дит пла­ни­ру­ет­ся взять на <i>n</i> лет. Пер­вый платёж при вы­пла­те диф­фе­рен­ци­ру­е­мы­ми пла­те­жа­ми равен <img src=\"https://ege.sdamgia.ru/formula/svg/e9/e9987f8b2233a35294c1f8570c68aa5b.svg\" class=\"tex\" style=\"vertical-align:-8.5pt\" alt=\" дробь: чис­ли­тель: 9, зна­ме­на­тель: конец дроби n плюс 9 умно­жить на 0,2 \"> млн руб .  По усло­вию эта ве­ли­чи­на равна 3,6 млн руб., от­ку­да <img src=\"https://ege.sdamgia.ru/formula/svg/0e/0e7dd63d9178da701598808d7921959d.svg\" class=\"tex\" style=\"vertical-align:-1.8pt\" alt=\"n=5.\"> По фор­му­ле для вы­пла­ты В при опла­те  кре­ди­та <i>S</i>, взя­то­го под <i>r</i>% го­до­вых, имеем:</p><p class=\"left_margin\"></p><center><p><img src=\"https://ege.sdamgia.ru/formula/svg/8f/8ffc82c9c55bc5367a73a1552fd761ca.svg\" class=\"tex\" style=\"vertical-align:-8.5pt\" alt=\"В =S плюс дробь: чис­ли­тель: n плюс 1, зна­ме­на­тель: 200 конец дроби rS, \"></p><p class=\"left_margin\"></p></center><p class=\"left_margin\">По­это­му</p><p class=\"left_margin\"></p><center><p><img src=\"https://ege.sdamgia.ru/formula/svg/e2/e2ca18838d92a3e0b2550c3c9a2b881b.svg\" class=\"tex\" style=\"vertical-align:-8.4pt\" alt=\"В = 9 плюс дробь: чис­ли­тель: 5 плюс 1, зна­ме­на­тель: 200 конец дроби умно­жить на 20 умно­жить на 9 = 14,4 \"> млн руб.</p><p class=\"left_margin\"></p></center><p class=\"left_margin\">О ре­ше­нии таких за­да­ний см. Гущин Д. Д. <a href=\"http://reshuege.ru/doc/math/gushchin_dd-finmatematika.pdf\" target=\"_blank\"> «Встре­чи с фи­нан­со­вой ма­те­ма­ти­кой»</a>.</p><p>&nbsp;</p><p><b>При­ведём ав­тор­ское ре­ше­ние.</b></p><p class=\"left_margin\">Долг перед бан­ком (в млн руб­лей) по со­сто­я­нию на июль дол­жен умень­шать­ся до нуля рав­но­мер­но:</p><p class=\"left_margin\"></p><center><p><img src=\"https://ege.sdamgia.ru/formula/svg/fe/fe5f36a1dad4fd1a291c859e0a9ffc31.svg\" class=\"tex\" style=\"vertical-align:-8.5pt\" alt=\"9, дробь: чис­ли­тель: 9 левая круг­лая скоб­ка n минус 1 пра­вая круг­лая скоб­ка , зна­ме­на­тель: n конец дроби ,..., дробь: чис­ли­тель: 9 умно­жить на 2, зна­ме­на­тель: n конец дроби , дробь: чис­ли­тель: 9, зна­ме­на­тель: n конец дроби ,0.\"></p><p class=\"left_margin\"></p></center><p class=\"left_margin\">По усло­вию, каж­дый ян­варь долг воз­рас­та­ет на 20%, зна­чит, по­сле­до­ва­тель­ность раз­ме­ров долга (в млн руб­лей) в ян­ва­ре та­ко­ва:</p><p class=\"left_margin\"></p><center><p><img src=\"https://ege.sdamgia.ru/formula/svg/ab/ab83849581c40d05f31c409aa66be184.svg\" class=\"tex\" style=\"vertical-align:-8.5pt\" alt=\"10,8, дробь: чис­ли­тель: 10,8 левая круг­лая скоб­ка n минус 1 пра­вая круг­лая скоб­ка , зна­ме­на­тель: n конец дроби ,..., дробь: чис­ли­тель: 10,8 умно­жить на 2, зна­ме­на­тель: n конец дроби , дробь: чис­ли­тель: 10,8, зна­ме­на­тель: n конец дроби .\"></p><p class=\"left_margin\"></p></center><p class=\"left_margin\">Сле­до­ва­тель­но, вы­пла­ты (в млн руб­лей) долж­ны быть сле­ду­ю­щи­ми: </p><p class=\"left_margin\"></p><center><p><img src=\"https://ege.sdamgia.ru/formula/svg/54/540c395c638c81f25080e1ca16dddad9.svg\" class=\"tex\" style=\"vertical-align:-8.5pt\" alt=\"1,8 плюс дробь: чис­ли­тель: 9, зна­ме­на­тель: n конец дроби , дробь: чис­ли­тель: 1,8 левая круг­лая скоб­ка n минус 1 пра­вая круг­лая скоб­ка плюс 9, зна­ме­на­тель: n конец дроби ,..., дробь: чис­ли­тель: 1,8 умно­жить на 2 плюс 9, зна­ме­на­тель: n конец дроби , дробь: чис­ли­тель: 1,8 плюс 9, зна­ме­на­тель: n конец дроби .\"></p><p class=\"left_margin\"></p></center><p class=\"left_margin\">По­лу­ча­ем <img src=\"https://ege.sdamgia.ru/formula/svg/0f/0f8edb7afca84383c476705ea2995774.svg\" class=\"tex\" style=\"vertical-align:-8.5pt\" alt=\"1,8 плюс дробь: чис­ли­тель: 9, зна­ме­на­тель: n конец дроби =3,6,\"> от­ку­да <img src=\"https://ege.sdamgia.ru/formula/svg/0e/0e7dd63d9178da701598808d7921959d.svg\" class=\"tex\" style=\"vertical-align:-1.8pt\" alt=\"n=5.\"> Зна­чит, всего сле­ду­ет вы­пла­тить </p><p class=\"left_margin\"></p><center><p><img src=\"https://ege.sdamgia.ru/formula/svg/b5/b59d3406ffca07a9ca6af198c6f2a594.svg\" class=\"tex\" style=\"vertical-align:-11.1pt\" alt=\"9 плюс 1,8 левая круг­лая скоб­ка 1 плюс дробь: чис­ли­тель: 4, зна­ме­на­тель: 5 конец дроби плюс дробь: чис­ли­тель: 3, зна­ме­на­тель: 5 конец дроби плюс дробь: чис­ли­тель: 2, зна­ме­на­тель: 5 конец дроби плюс дробь: чис­ли­тель: 1, зна­ме­на­тель: 5 конец дроби пра­вая круг­лая скоб­ка =9 плюс 1,8 умно­жить на 3=14,4\"> (млн руб­лей).</p><p class=\"left_margin\"></p></center><p>&nbsp;</p><p><span style=\"letter-spacing: 2px;\">Ответ:</span> 14,4 млн руб­лей.</p></div>",
        "image_urls": [
            "https://ege.sdamgia.ru/formula/svg/e9/e9987f8b2233a35294c1f8570c68aa5b.svg",
            "https://ege.sdamgia.ru/formula/svg/0e/0e7dd63d9178da701598808d7921959d.svg",
            "https://ege.sdamgia.ru/formula/svg/8f/8ffc82c9c55bc5367a73a1552fd761ca.svg",
            "https://ege.sdamgia.ru/formula/svg/e2/e2ca18838d92a3e0b2550c3c9a2b881b.svg",
            "https://ege.sdamgia.ru/formula/svg/fe/fe5f36a1dad4fd1a291c859e0a9ffc31.svg",
            "https://ege.sdamgia.ru/formula/svg/ab/ab83849581c40d05f31c409aa66be184.svg",
            "https://ege.sdamgia.ru/formula/svg/54/540c395c638c81f25080e1ca16dddad9.svg",
            "https://ege.sdamgia.ru/formula/svg/0f/0f8edb7afca84383c476705ea2995774.svg",
            "https://ege.sdamgia.ru/formula/svg/0e/0e7dd63d9178da701598808d7921959d.svg",
            "https://ege.sdamgia.ru/formula/svg/b5/b59d3406ffca07a9ca6af198c6f2a594.svg"
        ]
    },
    "answer": "14,4 млн руб­лей.",
    "topic_id": 16,
    "analog_ids": [
        517480,
        513107,
        513108,
        513109,
        513107,
        513108,
        513109,
        517487
    ]
}