{
    "gia_type": "ege",
    "subject": "math",
    "id": 530386,
    "condition": {
        "text": "1 февраля 2018 года планируется взять кредит на сумму 1 млн рублей. Условия его возврата таковы:  — 1 марта каждого года сумма долга увеличивается на 2% по сравнению с началом года;  — с 1 мая по 1 августа необходимо выплатить часть долга;  — 1 февраля каждого года долг должен равняться сумме в соответствии с таблицей. Год201820192020...2018 + n2019 + n2020 + n...2018 + 2n2019 + 2nДолг(тыс. руб)1000985970...1000 − 15n1000 − 15n − x1000 − 15n − 2x...6000 Первые n лет долг уменьшался равномерно на 15 тысяч рублей, а  следующие n лет долг уменьшался равномерно на x тысяч рублей. В каком году планируется совершить последний платеж, если общая сумма выплат равна 1 346 000 рублей?",
        "html": "<div align=\"justify\" width=\"100%\" id=\"body424238\" class=\"pbody\"><p class=\"left_margin\">1 фев­ра­ля 2018 года пла­ни­ру­ет­ся взять кре­дит на сумму 1 млн руб­лей. Усло­вия его воз­вра­та та­ко­вы:</p><p>  — 1 марта каж­до­го года сумма долга уве­ли­чи­ва­ет­ся на 2% по срав­не­нию с на­ча­лом года;</p><p>  — с 1 мая по 1 ав­гу­ста не­об­хо­ди­мо вы­пла­тить часть долга;</p><p>  — 1 фев­ра­ля каж­до­го года долг дол­жен рав­нять­ся сумме в со­от­вет­ствии с таб­ли­цей.</p><p>&nbsp;</p><p></p><table style=\"margin:auto\"><tbody><tr><th style=\"text-align:center\">Год</th><th style=\"text-align:center\">2018</th><th style=\"text-align:center\">2019</th><th style=\"text-align:center\">2020</th><th style=\"text-align:center\">...</th><th style=\"text-align:center\">2018 + <i>n</i></th><th style=\"text-align:center\">2019 + <i>n</i></th><th style=\"text-align:center\">2020 + <i>n</i></th><th style=\"text-align:center\">...</th><th style=\"text-align:center\">2018 + 2<i>n</i></th><th style=\"text-align:center\">2019 + 2<i>n</i></th></tr><tr><td style=\"text-align:center\">Долг<br>(тыс. руб)</td><td style=\"text-align:center\">1000</td><td style=\"text-align:center\">985</td><td style=\"text-align:center\">970</td><td style=\"text-align:center\">...</td><td style=\"text-align:center\">1000 − 15<i>n</i></td><td style=\"text-align:center\">1000 − 15<i>n</i> − <i>x</i></td><td style=\"text-align:center\">1000 − 15<i>n</i> − 2<i>x</i></td><td style=\"text-align:center\">...</td><td style=\"text-align:center\">600</td><td style=\"text-align:center\">0</td></tr></tbody></table><p>&nbsp;</p><p class=\"left_margin\">Пер­вые <i>n</i> лет долг умень­шал­ся рав­но­мер­но на 15 тысяч руб­лей, а  сле­ду­ю­щие <i>n</i> лет долг умень­шал­ся рав­но­мер­но на <i>x</i> тысяч руб­лей. В каком году пла­ни­ру­ет­ся со­вер­шить по­след­ний пла­теж, если общая сумма вы­плат равна 1 346 000 руб­лей?</p></div>",
        "image_urls": []
    },
    "solution": {
        "text": "Решение. Пусть  руб. Выплата за первый год составит  тыс. рублей. За второй год:   тыс. рублей. За n-й год:  тыс. рублей. В итоге за первые n лет выплаты составят: тыс. рублей.За следующие n лет выплаты составят:Кроме того, из условия следует, чтоПоследняя выплата, которая будет произведена с 1 мая по 1 августа (2018 + 2n)-го года составит  тыс. рублей. В итоге, получаем:Раскрывая скобки, получаем:По смыслу задачи  значит,  Ответ: в 2038 году. Примечание Решу ЕГЭ.Мы исправили в авторской формулировке задачи несколько неточностей, которые делали условие задачи противоречивым. Ниже приводим оригинальную формулировку задачи.1 февраля 2018 года планируется взять кредит на сумму 1 млн рублей. Условия его возврата таковы:— 1 марта каждого года сумма долга увеличивается на 2% по сравнению с началом года;— с 1 мая по 1 августа необходимо выплатить часть долга;— 1 марта каждого года долг должен составлять часть кредита в соответствии с таблицей. Год201820192020...2018 + n2019 + n2020 + n...2018 + 2n2019 + 2nДолг(тыс. руб)1000985970...1000 − 15n1000 − 15n − x1000 − 15n − 2x...6000 Начиная с 2018 года долг уменьшался равномерно на 15 тысяч рублей, а начиная с (2018 + n)-го по (2018 + 2n)-й год, долг уменьшался равномерно на x тысяч рублей. В каком году планируется совершить последний платеж, если общая сумма выплат равна 1 346 000 рублей?",
        "html": "<div align=\"justify\" width=\"100%\" id=\"sol530386\" class=\"solution\" style=\"clear:both;\" class=\"pbody\"><p class=\"left_margin\"></p><b>Ре­ше­ние<!--rule_info-->. </b><p class=\"left_margin\">Пусть <img src=\"https://ege.sdamgia.ru/formula/svg/28/286bebe6f7bebe6998190cc8849b1afe.svg\" class=\"tex\" style=\"vertical-align:-1.8pt\" alt=\"S=1000000\"> руб. Вы­пла­та за пер­вый год со­ста­вит <img src=\"https://ege.sdamgia.ru/formula/svg/44/4481ec53761f84163b075d85cec7b02f.svg\" class=\"tex\" style=\"vertical-align:-3.6pt\" alt=\" левая круг­лая скоб­ка 0,02 умно­жить на S плюс 15 пра­вая круг­лая скоб­ка \"> тыс. руб­лей. За вто­рой год: <img src=\"https://ege.sdamgia.ru/formula/svg/37/37a68d99509e93bef45c02b3952fb17a.svg\" class=\"tex\" style=\"vertical-align:-3.6pt\" alt=\" левая круг­лая скоб­ка 0,02 умно­жить на левая круг­лая скоб­ка S минус 15 пра­вая круг­лая скоб­ка плюс 15 пра­вая круг­лая скоб­ка \">  тыс. руб­лей. За <i>n</i>-й год: <img src=\"https://ege.sdamgia.ru/formula/svg/d5/d52bfda94910fc22c3bcaaef148c756d.svg\" class=\"tex\" style=\"vertical-align:-3.6pt\" alt=\" левая круг­лая скоб­ка 0,02 умно­жить на левая круг­лая скоб­ка S минус 15 левая круг­лая скоб­ка n минус 1 пра­вая круг­лая скоб­ка пра­вая круг­лая скоб­ка плюс 15 пра­вая круг­лая скоб­ка \"> тыс. руб­лей. В итоге за пер­вые <i>n</i> лет вы­пла­ты со­ста­вят:</p><p class=\"left_margin\"></p><center><p><span data-width=\"640\" data-formulahash=\"26447d8ead58e01b046caa81d5779911\" class=\"tex-span\" style=\"\"><img src=\"https://ege.sdamgia.ru/formula/svg/26/26447d8ead58e01b046caa81d5779911.svg\" class=\"tex\" style=\"vertical-align:-8.4pt\" alt=\"n умно­жить на 15 плюс 0,02 умно­жить на левая круг­лая скоб­ка S плюс S минус 15 плюс ... плюс S минус 15 левая круг­лая скоб­ка n минус 1 пра­вая круг­лая скоб­ка пра­вая круг­лая скоб­ка =n умно­жить на 15 плюс 0,02 умно­жить на дробь: чис­ли­тель: 2S минус 15n плюс 15, зна­ме­на­тель: 2 конец дроби умно­жить на n= \"></span><span data-width=\"490\" data-formulahash=\"26447d8ead58e01b046caa81d5779911\" class=\"tex-span\" style=\"display:none\"><img src=\"https://ege.sdamgia.ru/formula/svg/9e/9e6d07059f33cc462eb9fbeeab364481.svg\" class=\"tex\" style=\"vertical-align:-3.6pt\" alt=\"n умно­жить на 15 плюс 0,02 умно­жить на левая круг­лая скоб­ка S плюс S минус 15 плюс ... плюс S минус 15 левая круг­лая скоб­ка n минус 1 пра­вая круг­лая скоб­ка пра­вая круг­лая скоб­ка =\"><br><img src=\"https://ege.sdamgia.ru/formula/svg/75/75fd236af4398d48803f199545c00a5d.svg\" class=\"tex\" style=\"vertical-align:-8.3pt\" alt=\"=n умно­жить на 15 плюс 0,02 умно­жить на дробь: чис­ли­тель: 2S минус 15n плюс 15, зна­ме­на­тель: 2 конец дроби умно­жить на n= \"></span></p><p><img src=\"https://ege.sdamgia.ru/formula/svg/3e/3edfa4ee0e2479028d1ed573e8e3d5c8.svg\" class=\"tex\" style=\"vertical-align:-3.6pt\" alt=\"=n умно­жить на левая круг­лая скоб­ка 15 плюс 20 минус 0,15n плюс 0,15 пра­вая круг­лая скоб­ка =n умно­жить на левая круг­лая скоб­ка 35,15 минус 0,15n пра­вая круг­лая скоб­ка \"> тыс. руб­лей.</p><p class=\"left_margin\"></p></center><p class=\"left_margin\">За сле­ду­ю­щие <i>n</i> лет вы­пла­ты со­ста­вят:</p><p class=\"left_margin\"></p><center><p><img src=\"https://ege.sdamgia.ru/formula/svg/ed/ed7e31eebe9d5c5d901da3f2d81e87b4.svg\" class=\"tex\" style=\"vertical-align:-3.6pt\" alt=\"n умно­жить на x плюс 0,02 левая круг­лая скоб­ка 1000 минус 15n плюс ... плюс 1000 минус 15n минус левая круг­лая скоб­ка n минус 1 пра­вая круг­лая скоб­ка x пра­вая круг­лая скоб­ка =\"></p><p><img src=\"https://ege.sdamgia.ru/formula/svg/7e/7e7170921f0bbf3f568cce8fb2d3854a.svg\" class=\"tex\" style=\"vertical-align:-8.3pt\" alt=\"=n умно­жить на x плюс 0,02 умно­жить на дробь: чис­ли­тель: 1000 минус 15n плюс 1000 минус 15n минус nx плюс x, зна­ме­на­тель: 2 конец дроби умно­жить на n= \"></p><p><span data-width=\"640\" data-formulahash=\"d6c0f1606bbb694f433b08412f498a78\" class=\"tex-span\" style=\"\"><img src=\"https://ege.sdamgia.ru/formula/svg/d6/d6c0f1606bbb694f433b08412f498a78.svg\" class=\"tex\" style=\"vertical-align:-3.6pt\" alt=\"=n левая круг­лая скоб­ка x плюс 20 минус 0,3n минус 0,01nx плюс 0,01x пра­вая круг­лая скоб­ка =n левая круг­лая скоб­ка x левая круг­лая скоб­ка 1,01 минус 0,01n пра­вая круг­лая скоб­ка плюс 20 минус 0,3n пра­вая круг­лая скоб­ка .\"></span><span data-width=\"440\" data-formulahash=\"d6c0f1606bbb694f433b08412f498a78\" class=\"tex-span\" style=\"display:none\"><img src=\"https://ege.sdamgia.ru/formula/svg/f1/f1fb75b46ad2fb6af620b1fe7536bf79.svg\" class=\"tex\" style=\"vertical-align:-3.6pt\" alt=\"=n левая круг­лая скоб­ка x плюс 20 минус 0,3n минус 0,01nx плюс 0,01x пра­вая круг­лая скоб­ка =\"><br><img src=\"https://ege.sdamgia.ru/formula/svg/6c/6c25cf0225108c984a65cc9b78c1d3de.svg\" class=\"tex\" style=\"vertical-align:-3.6pt\" alt=\"=n левая круг­лая скоб­ка x левая круг­лая скоб­ка 1,01 минус 0,01n пра­вая круг­лая скоб­ка плюс 20 минус 0,3n пра­вая круг­лая скоб­ка .\"></span></p><p class=\"left_margin\"></p></center><p class=\"left_margin\">Кроме того, из усло­вия сле­ду­ет, что</p><p class=\"left_margin\"></p><center><p><img src=\"https://ege.sdamgia.ru/formula/svg/3b/3ba7c29d8db436b6dcd60511b04e9aa1.svg\" class=\"tex\" style=\"vertical-align:-8.4pt\" alt=\"1000 минус 15n минус левая круг­лая скоб­ка nx пра­вая круг­лая скоб­ка =600 рав­но­силь­но n левая круг­лая скоб­ка x плюс 15 пра­вая круг­лая скоб­ка =400 рав­но­силь­но x= дробь: чис­ли­тель: 400, зна­ме­на­тель: n конец дроби минус 15. \"></p><p class=\"left_margin\"></p></center><p class=\"left_margin\">По­след­няя вы­пла­та, ко­то­рая будет про­из­ве­де­на с 1 мая по 1 ав­гу­ста (2018 + 2<i>n</i>)-го года со­ста­вит <img src=\"https://ege.sdamgia.ru/formula/svg/6c/6c44326daef20153c8b915378c1d1575.svg\" class=\"tex\" style=\"vertical-align:-3.0pt\" alt=\"600 плюс 0,02 умно­жить на 600=612\"> тыс. руб­лей. В итоге, по­лу­ча­ем:</p><p class=\"left_margin\"></p><center><p><span data-width=\"640\" data-formulahash=\"67f49769ad184508b5e93fff074a5023\" class=\"tex-span\" style=\"\"><img src=\"https://ege.sdamgia.ru/formula/svg/67/67f49769ad184508b5e93fff074a5023.svg\" class=\"tex\" style=\"vertical-align:-11.2pt\" alt=\"n левая круг­лая скоб­ка 35,15 минус 0,15n пра­вая круг­лая скоб­ка плюс n левая круг­лая скоб­ка левая круг­лая скоб­ка дробь: чис­ли­тель: 400, зна­ме­на­тель: n конец дроби минус 15 пра­вая круг­лая скоб­ка левая круг­лая скоб­ка 1,01 минус 0,01n пра­вая круг­лая скоб­ка плюс 20 минус 0,3n пра­вая круг­лая скоб­ка плюс 612=1346. \"></span><span data-width=\"490\" data-formulahash=\"67f49769ad184508b5e93fff074a5023\" class=\"tex-span\" style=\"display:none\"><img src=\"https://ege.sdamgia.ru/formula/svg/47/479c24c42f44644f30949b54d05d431f.svg\" class=\"tex\" style=\"vertical-align:-3.6pt\" alt=\"n левая круг­лая скоб­ка 35,15 минус 0,15n пра­вая круг­лая скоб­ка плюс \"><br><img src=\"https://ege.sdamgia.ru/formula/svg/81/8140609f7e13076781bd9d96b7fb43f5.svg\" class=\"tex\" style=\"vertical-align:-11.2pt\" alt=\" плюс n левая круг­лая скоб­ка левая круг­лая скоб­ка дробь: чис­ли­тель: 400, зна­ме­на­тель: n конец дроби минус 15 пра­вая круг­лая скоб­ка левая круг­лая скоб­ка 1,01 минус 0,01n пра­вая круг­лая скоб­ка плюс 20 минус 0,3n пра­вая круг­лая скоб­ка плюс 612=1346. \"></span><span data-width=\"365\" data-formulahash=\"67f49769ad184508b5e93fff074a5023\" class=\"tex-span\" style=\"display:none\"><img src=\"https://ege.sdamgia.ru/formula/svg/47/479c24c42f44644f30949b54d05d431f.svg\" class=\"tex\" style=\"vertical-align:-3.6pt\" alt=\"n левая круг­лая скоб­ка 35,15 минус 0,15n пра­вая круг­лая скоб­ка плюс \"><br><img src=\"https://ege.sdamgia.ru/formula/svg/c2/c289bfda3602a0d35e4a5a1dd080fc4c.svg\" class=\"tex\" style=\"vertical-align:-11.1pt\" alt=\" плюс n левая круг­лая скоб­ка левая круг­лая скоб­ка дробь: чис­ли­тель: 400, зна­ме­на­тель: n конец дроби минус 15 пра­вая круг­лая скоб­ка левая круг­лая скоб­ка 1,01 минус 0,01n пра­вая круг­лая скоб­ка плюс 20 минус 0,3n пра­вая круг­лая скоб­ка плюс \"><br><img src=\"https://ege.sdamgia.ru/formula/svg/34/3401a4ba077e4851be8bef663b618bfd.svg\" class=\"tex\" style=\"vertical-align:-1.8pt\" alt=\" плюс 612=1346.\"></span></p><p class=\"left_margin\"></p></center><p class=\"left_margin\">Рас­кры­вая скоб­ки, по­лу­ча­ем:</p><p class=\"left_margin\"></p><center><p><img src=\"https://ege.sdamgia.ru/formula/svg/7d/7dc5da34c11bc96b1926bce3d661d688.svg\" class=\"tex\" style=\"vertical-align:-14.4pt\" alt=\"36n минус 0,3n в квад­ра­те плюс 404=734 рав­но­силь­но n в квад­ра­те минус 120n плюс 1100=0 рав­но­силь­но со­во­куп­ность вы­ра­же­ний n=10,n=110. конец со­во­куп­но­сти . \"></p><p class=\"left_margin\"></p></center><p class=\"left_margin\">По смыс­лу за­да­чи <img src=\"https://ege.sdamgia.ru/formula/svg/c5/c546e75a54251fa4531ed1a8f4ecfc23.svg\" class=\"tex\" style=\"vertical-align:-3.0pt\" alt=\"1000 минус 15n боль­ше 0,\"> зна­чит, <img src=\"https://ege.sdamgia.ru/formula/svg/2f/2f4702a804c13f7b12b7d9e4f28fb69e.svg\" class=\"tex\" style=\"vertical-align:-1.8pt\" alt=\"n=10.\"></p><p>&nbsp;</p><p><span style=\"letter-spacing: 2px;\">Ответ:</span> в 2038 году.</p><p>&nbsp;</p><p><b>При­ме­ча­ние Решу ЕГЭ.</b></p><p class=\"left_margin\">Мы ис­пра­ви­ли в ав­тор­ской фор­му­ли­ров­ке за­да­чи не­сколь­ко не­точ­но­стей, ко­то­рые де­ла­ли усло­вие за­да­чи про­ти­во­ре­чи­вым. Ниже при­во­дим ори­ги­наль­ную фор­му­ли­ров­ку за­да­чи.</p><p class=\"left_margin\">1 фев­ра­ля 2018 года пла­ни­ру­ет­ся взять кре­дит на сумму 1 млн руб­лей. Усло­вия его воз­вра­та та­ко­вы:</p><p class=\"left_margin\">— 1 марта каж­до­го года сумма долга уве­ли­чи­ва­ет­ся на 2% по срав­не­нию с на­ча­лом года;</p><p class=\"left_margin\">— с 1 мая по 1 ав­гу­ста не­об­хо­ди­мо вы­пла­тить часть долга;</p><p class=\"left_margin\">— 1 <b>марта</b> каж­до­го года долг дол­жен со­став­лять часть кре­ди­та в со­от­вет­ствии с таб­ли­цей.</p><p>&nbsp;</p><p></p><table style=\"margin:auto\"><tbody><tr><th style=\"text-align:center\">Год</th><th style=\"text-align:center\">2018</th><th style=\"text-align:center\">2019</th><th style=\"text-align:center\">2020</th><th style=\"text-align:center\">...</th><th style=\"text-align:center\">2018 + <i>n</i></th><th style=\"text-align:center\">2019 + <i>n</i></th><th style=\"text-align:center\">2020 + <i>n</i></th><th style=\"text-align:center\">...</th><th style=\"text-align:center\">2018 + 2<i>n</i></th><th style=\"text-align:center\">2019 + 2<i>n</i></th></tr><tr><td style=\"text-align:center\">Долг<br>(тыс. руб)</td><td style=\"text-align:center\">1000</td><td style=\"text-align:center\">985</td><td style=\"text-align:center\">970</td><td style=\"text-align:center\">...</td><td style=\"text-align:center\">1000 − 15<i>n</i></td><td style=\"text-align:center\">1000 − 15<i>n</i> − <i>x</i></td><td style=\"text-align:center\">1000 − 15<i>n</i> − 2<i>x</i></td><td style=\"text-align:center\">...</td><td style=\"text-align:center\">600</td><td style=\"text-align:center\">0</td></tr></tbody></table><p>&nbsp;</p><p><b>На­чи­ная с 2018 года долг умень­шал­ся</b> рав­но­мер­но на 15 тысяч руб­лей, а <b>на­чи­ная с (2018 + <i>n</i>)-го по (2018 + 2<i>n</i>)-й год, долг умень­шал­ся</b> рав­но­мер­но на <i>x</i> тысяч руб­лей. В каком году пла­ни­ру­ет­ся со­вер­шить по­след­ний пла­теж, если общая сумма вы­плат равна 1 346 000 руб­лей?</p></div>",
        "image_urls": [
            "https://ege.sdamgia.ru/formula/svg/28/286bebe6f7bebe6998190cc8849b1afe.svg",
            "https://ege.sdamgia.ru/formula/svg/44/4481ec53761f84163b075d85cec7b02f.svg",
            "https://ege.sdamgia.ru/formula/svg/37/37a68d99509e93bef45c02b3952fb17a.svg",
            "https://ege.sdamgia.ru/formula/svg/d5/d52bfda94910fc22c3bcaaef148c756d.svg",
            "https://ege.sdamgia.ru/formula/svg/26/26447d8ead58e01b046caa81d5779911.svg",
            "https://ege.sdamgia.ru/formula/svg/9e/9e6d07059f33cc462eb9fbeeab364481.svg",
            "https://ege.sdamgia.ru/formula/svg/75/75fd236af4398d48803f199545c00a5d.svg",
            "https://ege.sdamgia.ru/formula/svg/3e/3edfa4ee0e2479028d1ed573e8e3d5c8.svg",
            "https://ege.sdamgia.ru/formula/svg/ed/ed7e31eebe9d5c5d901da3f2d81e87b4.svg",
            "https://ege.sdamgia.ru/formula/svg/7e/7e7170921f0bbf3f568cce8fb2d3854a.svg",
            "https://ege.sdamgia.ru/formula/svg/d6/d6c0f1606bbb694f433b08412f498a78.svg",
            "https://ege.sdamgia.ru/formula/svg/f1/f1fb75b46ad2fb6af620b1fe7536bf79.svg",
            "https://ege.sdamgia.ru/formula/svg/6c/6c25cf0225108c984a65cc9b78c1d3de.svg",
            "https://ege.sdamgia.ru/formula/svg/3b/3ba7c29d8db436b6dcd60511b04e9aa1.svg",
            "https://ege.sdamgia.ru/formula/svg/6c/6c44326daef20153c8b915378c1d1575.svg",
            "https://ege.sdamgia.ru/formula/svg/67/67f49769ad184508b5e93fff074a5023.svg",
            "https://ege.sdamgia.ru/formula/svg/47/479c24c42f44644f30949b54d05d431f.svg",
            "https://ege.sdamgia.ru/formula/svg/81/8140609f7e13076781bd9d96b7fb43f5.svg",
            "https://ege.sdamgia.ru/formula/svg/47/479c24c42f44644f30949b54d05d431f.svg",
            "https://ege.sdamgia.ru/formula/svg/c2/c289bfda3602a0d35e4a5a1dd080fc4c.svg",
            "https://ege.sdamgia.ru/formula/svg/34/3401a4ba077e4851be8bef663b618bfd.svg",
            "https://ege.sdamgia.ru/formula/svg/7d/7dc5da34c11bc96b1926bce3d661d688.svg",
            "https://ege.sdamgia.ru/formula/svg/c5/c546e75a54251fa4531ed1a8f4ecfc23.svg",
            "https://ege.sdamgia.ru/formula/svg/2f/2f4702a804c13f7b12b7d9e4f28fb69e.svg"
        ]
    },
    "answer": "в 2038 году.",
    "topic_id": 16,
    "analog_ids": []
}