{
    "gia_type": "ege",
    "subject": "math",
    "id": 559578,
    "condition": {
        "text": "В  июле  2021  года  планируется  взять  кредит  на  сумму  21  млн  рублей  на  7  лет (последняя выплата запланирована в 2028 году). Условия его возврата таковы:   — пока  долг  больше  половины,  каждый  январь  он  возрастает  на  p%  по  сравнению  с концом предыдущего года;   — если долг не превышает половины исходной суммы, то каждый январь долг возрастает на 6% по сравнению с концом предыдущего года;   — c февраля по июнь надо выплатить часть долга;   — в июле каждого года долг должен быть на одну и ту же сумму меньше долга на июль предыдущего года. Найдите p, если общая сумма выплат составит 24,72 млн рублей.",
        "html": "<div align=\"justify\" width=\"100%\" id=\"body452390\" class=\"pbody\"><p class=\"left_margin\">В  июле  2021  года  пла­ни­ру­ет­ся  взять  кре­дит  на  сумму  21  млн  руб­лей  на  7  лет (по­след­няя вы­пла­та за­пла­ни­ро­ва­на в 2028 году). Усло­вия его воз­вра­та та­ко­вы: </p><p>  — пока  долг  боль­ше  по­ло­ви­ны,  каж­дый  ян­варь  он  воз­рас­та­ет  на  <i>p</i>%  по  срав­не­нию  с кон­цом преды­ду­ще­го года; </p><p>  — если долг не пре­вы­ша­ет по­ло­ви­ны ис­ход­ной суммы, то каж­дый ян­варь долг воз­рас­та­ет на 6% по срав­не­нию с кон­цом преды­ду­ще­го года; </p><p>  — c фев­ра­ля по июнь надо вы­пла­тить часть долга; </p><p>  — в июле каж­до­го года долг дол­жен быть на одну и ту же сумму мень­ше долга на июль преды­ду­ще­го года. </p><p class=\"left_margin\">Най­ди­те <i>p</i>, если общая сумма вы­плат со­ста­вит 24,72 млн руб­лей.</p></div>",
        "image_urls": []
    },
    "solution": {
        "text": "Решение. Пусть первый повышающий коэффициент равен  а второй повышающий коэффициент равен  В июле каждого года долг должен быть на одну и ту же сумму меньше долга на июль предыдущего года, эта сумма равна  млн руб. Составим таблицу. ГодДолг в январе (после начисления процентов) млн руб.Выплата млн руб.Долг в июле(до начисления процентов) млн руб.202121202221a18202318a15202415a12202512a920269b620276b320283b3b0 Сумма выплат равна млн руб. Тогда Значит, Ответ: 4.",
        "html": "<div align=\"justify\" width=\"100%\" id=\"sol559578\" class=\"solution\" style=\"clear:both;\" class=\"pbody\"><p class=\"left_margin\"></p><b>Ре­ше­ние<!--rule_info-->. </b><p class=\"left_margin\">Пусть пер­вый по­вы­ша­ю­щий ко­эф­фи­ци­ент равен <img src=\"https://ege.sdamgia.ru/formula/svg/ee/eeb59463f9bb8950ee5786afbec0e801.svg\" class=\"tex\" style=\"vertical-align:-8.5pt\" alt=\"a=1 плюс дробь: чис­ли­тель: p, зна­ме­на­тель: 100 конец дроби , \"> а вто­рой по­вы­ша­ю­щий ко­эф­фи­ци­ент равен <img src=\"https://ege.sdamgia.ru/formula/svg/d9/d9afe7c964b8ca79699a831724e24473.svg\" class=\"tex\" style=\"vertical-align:-8.4pt\" alt=\"b=1 плюс дробь: чис­ли­тель: 6, зна­ме­на­тель: 100 конец дроби . \"> В июле каж­до­го года долг дол­жен быть на одну и ту же сумму мень­ше долга на июль преды­ду­ще­го года, эта сумма равна <img src=\"https://ege.sdamgia.ru/formula/svg/2a/2a79f29949bf2e0e5ab07117a31e5508.svg\" class=\"tex\" style=\"vertical-align:-8.5pt\" alt=\" дробь: чис­ли­тель: 21, зна­ме­на­тель: 7 конец дроби =3 \"> млн руб. Со­ста­вим таб­ли­цу.</p><p>&nbsp;</p><p></p><p></p><p></p><p></p><p></p><p></p><p></p><p></p><p></p><p></p><p></p><p></p><p></p><p></p><p></p><p></p><p></p><p></p><p></p><p></p><p></p><p></p><p></p><p></p><p></p><p></p><p></p><p></p><p></p><p></p><p></p><p></p><p></p><p></p><p></p><p></p><p></p><p></p><p></p><p></p><p></p><p></p><p></p><p></p><p></p><p></p><p></p><p></p><p></p><p></p><p></p><p></p><p></p><p></p><p></p><p></p><table style=\"margin:auto\"><tbody><tr><th style=\"text-align:center\">Год</th><th style=\"text-align:center\">Долг в ян­ва­ре <br>(после на­чис­ле­ния про­цен­тов)<br> млн руб.</th><th style=\"text-align:center\">Вы­пла­та<br> млн руб.</th><th style=\"text-align:center\">Долг в июле<br>(до на­чис­ле­ния про­цен­тов)<br> млн руб.</th></tr><tr><td style=\"text-align:center\">2021</td><td style=\"text-align:center\"></td><td style=\"text-align:center\"></td><td style=\"text-align:center\">21</td></tr><tr><td style=\"text-align:center\">2022</td><td style=\"text-align:center\">21<i>a</i></td><td style=\"text-align:center\"><img src=\"https://ege.sdamgia.ru/formula/svg/39/390d8b03bb7c44a3630ebaca80c0ff69.svg\" class=\"tex\" style=\"vertical-align:-1.8pt\" alt=\"21a минус 18\"></td><td style=\"text-align:center\">18</td></tr><tr><td style=\"text-align:center\">2023</td><td style=\"text-align:center\">18<i>a</i></td><td style=\"text-align:center\"><img src=\"https://ege.sdamgia.ru/formula/svg/2f/2ffd5dcf8abeede4dc3819a877b0cef3.svg\" class=\"tex\" style=\"vertical-align:-1.8pt\" alt=\"18a минус 15\"></td><td style=\"text-align:center\">15</td></tr><tr><td style=\"text-align:center\">2024</td><td style=\"text-align:center\">15<i>a</i></td><td style=\"text-align:center\"><img src=\"https://ege.sdamgia.ru/formula/svg/de/debf483d189426fbd610352c26aecd0a.svg\" class=\"tex\" style=\"vertical-align:-1.8pt\" alt=\"15a минус 12\"></td><td style=\"text-align:center\">12</td></tr><tr><td style=\"text-align:center\">2025</td><td style=\"text-align:center\">12<i>a</i></td><td style=\"text-align:center\"><img src=\"https://ege.sdamgia.ru/formula/svg/54/5430d9c7f8a5748377c931c5791600c0.svg\" class=\"tex\" style=\"vertical-align:-1.8pt\" alt=\"12a минус 9\"></td><td style=\"text-align:center\">9</td></tr><tr><td style=\"text-align:center\">2026</td><td style=\"text-align:center\">9<i>b</i></td><td style=\"text-align:center\"><img src=\"https://ege.sdamgia.ru/formula/svg/a8/a8000634d6e90ddd15a3e2bb04d6f8a4.svg\" class=\"tex\" style=\"vertical-align:-1.8pt\" alt=\"9b минус 6\"></td><td style=\"text-align:center\">6</td></tr><tr><td style=\"text-align:center\">2027</td><td style=\"text-align:center\">6<i>b</i></td><td style=\"text-align:center\"><img src=\"https://ege.sdamgia.ru/formula/svg/f5/f578345b86d17f6b563109e1c3126e31.svg\" class=\"tex\" style=\"vertical-align:-1.8pt\" alt=\"6b минус 3\"></td><td style=\"text-align:center\">3</td></tr><tr><td style=\"text-align:center\">2028</td><td style=\"text-align:center\">3<i>b</i></td><td style=\"text-align:center\">3<i>b</i></td><td style=\"text-align:center\">0</td></tr></tbody></table><p>&nbsp;</p><p class=\"left_margin\">Сумма вы­плат равна</p><p class=\"left_margin\"></p><center><p><span data-width=\"640\" data-formulahash=\"111b974bd80e0e9c41ddf38b1e949de1\" class=\"tex-span\" style=\"\"><img src=\"https://ege.sdamgia.ru/formula/svg/11/111b974bd80e0e9c41ddf38b1e949de1.svg\" class=\"tex\" style=\"vertical-align:-1.8pt\" alt=\"B = 21a минус 18 плюс 18a минус 15 плюс 15a минус 12 плюс 12a минус 9 плюс 9b минус 6 плюс 6b минус 3 плюс 3b=66a плюс 18b минус 63\"></span> млн руб.</p><p class=\"left_margin\"></p></center><p> Тогда</p><p class=\"left_margin\"></p><center><p><img src=\"https://ege.sdamgia.ru/formula/svg/98/986955c3f11e7f7b902dbbba8ed76f2f.svg\" class=\"tex\" style=\"vertical-align:-3.0pt\" alt=\"66a плюс 18 умно­жить на 1,06 минус 63=24,72 рав­но­силь­но 66a=68,64 рав­но­силь­но a=1,04.\"></p><p class=\"left_margin\"></p></center><p> Зна­чит, </p><p class=\"left_margin\"></p><center><p><img src=\"https://ege.sdamgia.ru/formula/svg/5b/5b8ac79c3d0409a80b1cd3ab812dc30e.svg\" class=\"tex\" style=\"vertical-align:-8.5pt\" alt=\"1 плюс дробь: чис­ли­тель: p, зна­ме­на­тель: 100 конец дроби =1,04 рав­но­силь­но p=4. \"></p><p class=\"left_margin\"></p></center><p><span style=\"letter-spacing: 2px;\">Ответ:</span> 4.</p></div>",
        "image_urls": [
            "https://ege.sdamgia.ru/formula/svg/ee/eeb59463f9bb8950ee5786afbec0e801.svg",
            "https://ege.sdamgia.ru/formula/svg/d9/d9afe7c964b8ca79699a831724e24473.svg",
            "https://ege.sdamgia.ru/formula/svg/2a/2a79f29949bf2e0e5ab07117a31e5508.svg",
            "https://ege.sdamgia.ru/formula/svg/39/390d8b03bb7c44a3630ebaca80c0ff69.svg",
            "https://ege.sdamgia.ru/formula/svg/2f/2ffd5dcf8abeede4dc3819a877b0cef3.svg",
            "https://ege.sdamgia.ru/formula/svg/de/debf483d189426fbd610352c26aecd0a.svg",
            "https://ege.sdamgia.ru/formula/svg/54/5430d9c7f8a5748377c931c5791600c0.svg",
            "https://ege.sdamgia.ru/formula/svg/a8/a8000634d6e90ddd15a3e2bb04d6f8a4.svg",
            "https://ege.sdamgia.ru/formula/svg/f5/f578345b86d17f6b563109e1c3126e31.svg",
            "https://ege.sdamgia.ru/formula/svg/11/111b974bd80e0e9c41ddf38b1e949de1.svg",
            "https://ege.sdamgia.ru/formula/svg/98/986955c3f11e7f7b902dbbba8ed76f2f.svg",
            "https://ege.sdamgia.ru/formula/svg/5b/5b8ac79c3d0409a80b1cd3ab812dc30e.svg"
        ]
    },
    "answer": "4.",
    "topic_id": 16,
    "analog_ids": []
}