{
    "gia_type": "ege",
    "subject": "math",
    "id": 560433,
    "condition": {
        "text": "В январе  2014  года  Семён Маркович взял в  банке кредит  на  сумму  6 млн руб.  на покупку  новой  квартиры.  Кредит  ему  выдали  на  6  лет  под  14%  годовых,  причём выплачивать  его  Семён  Маркович  должен  был  так,  чтобы  сумма  долга  каждый  год уменьшалась на одну и ту же величину. В январе 2020 года Семён Маркович сразу после выплаты кредита  продал квартиру по  цене,  превышающей  первоначальную  стоимость квартиры на 60%. Какую сумму в итоге заработал Семён Маркович?",
        "html": "<div align=\"justify\" width=\"100%\" id=\"body451533\" class=\"pbody\"><p class=\"left_margin\">В ян­ва­ре  2014  года  Семён Мар­ко­вич взял в  банке кре­дит  на  сумму  6 млн руб.  на по­куп­ку  новой  квар­ти­ры.  Кре­дит  ему  вы­да­ли  на  6  лет  под  14%  го­до­вых,  причём вы­пла­чи­вать  его  Семён  Мар­ко­вич  дол­жен  был  так,  чтобы  сумма  долга  каж­дый  год умень­ша­лась на одну и ту же ве­ли­чи­ну. В ян­ва­ре 2020 года Семён Мар­ко­вич сразу после вы­пла­ты кре­ди­та  про­дал квар­ти­ру по  цене,  пре­вы­ша­ю­щей  пер­во­на­чаль­ную  сто­и­мость квар­ти­ры на 60%. Какую сумму в итоге за­ра­бо­тал Семён Мар­ко­вич?</p></div>",
        "image_urls": []
    },
    "solution": {
        "text": "Решение. Кредит на сумму 6 млн руб. взят на 6 лет, а сумма  долга  каждый  год должна уменьшаться на одну и ту же величину. Значит, сумма долга ежегодно должна уменьшаться на 1 млн руб. Заполним таблицу: ГодДолгпосле начисления процентов,млн руб.Выплата,млн руб.Долгдо начисления процентов,млн руб. 20146201552016420173201822019120200 Найдём сумму выплат: млн руб.Будем считать, что первоначальная цена квартира была равна сумме, взятой в кредит. Тогда в январе 2020 года квартиру продали за сумму, превышающую  первоначальную  стоимость квартиры на 60%, т. е. за млн руб. Таким образом, Семёну Марковичу удалось заработать  млн руб. или 660 тыс. руб. Ответ: 660 тыс. рублей.",
        "html": "<div align=\"justify\" width=\"100%\" id=\"sol560433\" class=\"solution\" style=\"clear:both;\" class=\"pbody\"><p class=\"left_margin\"></p><b>Ре­ше­ние<!--rule_info-->. </b><p class=\"left_margin\">Кре­дит на сумму 6 млн руб. взят на 6 лет, а сумма  долга  каж­дый  год долж­на умень­шать­ся на одну и ту же ве­ли­чи­ну. Зна­чит, сумма долга еже­год­но долж­на умень­шать­ся на 1 млн руб. За­пол­ним таб­ли­цу:</p><p>&nbsp;</p><p></p><p></p><p></p><p></p><p></p><p></p><p></p><p></p><p></p><p></p><p></p><p></p><p></p><p></p><p></p><p></p><p></p><p></p><p></p><p></p><p></p><p></p><p></p><p></p><p></p><p></p><p></p><p></p><p></p><p></p><p></p><p></p><p></p><p></p><p></p><p></p><p></p><p></p><p></p><p></p><p></p><p></p><p></p><p></p><p></p><p></p><p></p><p></p><p></p><p></p><table style=\"margin:auto\"><tbody><tr><th style=\"text-align:center\">Год</th><th style=\"text-align:center\">Долг<br>после на­чис­ле­ния про­цен­тов,<br>млн руб.</th><th style=\"text-align:center\">Вы­пла­та,<br>млн руб.</th><th style=\"text-align:center\">Долг<br>до на­чис­ле­ния про­цен­тов,<br>млн руб. </th></tr><tr><td style=\"text-align:center\">2014</td><td style=\"text-align:center\"></td><td style=\"text-align:center\"></td><td style=\"text-align:center\">6</td></tr><tr><td style=\"text-align:center\">2015</td><td style=\"text-align:center\"><img src=\"https://ege.sdamgia.ru/formula/svg/89/89cc6bf507d9786ec5c11e4d7408b608.svg\" class=\"tex\" style=\"vertical-align:-3.0pt\" alt=\"6 умно­жить на 1,14\"></td><td style=\"text-align:center\"><img src=\"https://ege.sdamgia.ru/formula/svg/4d/4d5df2c3948964dcf3100cf6bec6523b.svg\" class=\"tex\" style=\"vertical-align:-3.0pt\" alt=\"6 умно­жить на 1,14 минус 5\"></td><td style=\"text-align:center\">5</td></tr><tr><td style=\"text-align:center\">2016</td><td style=\"text-align:center\"><img src=\"https://ege.sdamgia.ru/formula/svg/57/57c350ebc45db53930c3f315461d8c24.svg\" class=\"tex\" style=\"vertical-align:-3.0pt\" alt=\"5 умно­жить на 1,14\"></td><td style=\"text-align:center\"><img src=\"https://ege.sdamgia.ru/formula/svg/71/71ae2d058c965b6c240050d982e95ee1.svg\" class=\"tex\" style=\"vertical-align:-3.0pt\" alt=\"5 умно­жить на 1,14 минус 4\"></td><td style=\"text-align:center\">4</td></tr><tr><td style=\"text-align:center\">2017</td><td style=\"text-align:center\"><img src=\"https://ege.sdamgia.ru/formula/svg/78/785bbe46d3fb20ef3d995ad2d94dfe57.svg\" class=\"tex\" style=\"vertical-align:-3.0pt\" alt=\"4 умно­жить на 1,14\"></td><td style=\"text-align:center\"><img src=\"https://ege.sdamgia.ru/formula/svg/1f/1f21a1ca6a90ab9220b8a7b2484381ca.svg\" class=\"tex\" style=\"vertical-align:-3.0pt\" alt=\"4 умно­жить на 1,14 минус 3\"></td><td style=\"text-align:center\">3</td></tr><tr><td style=\"text-align:center\">2018</td><td style=\"text-align:center\"><img src=\"https://ege.sdamgia.ru/formula/svg/ce/cef0c18b693dd7e91565ae8d43067ef8.svg\" class=\"tex\" style=\"vertical-align:-3.0pt\" alt=\"3 умно­жить на 1,14\"></td><td style=\"text-align:center\"><img src=\"https://ege.sdamgia.ru/formula/svg/20/20b6abf4739cbfaa5b5041a7fd6cff9a.svg\" class=\"tex\" style=\"vertical-align:-3.0pt\" alt=\"3 умно­жить на 1,14 минус 2\"></td><td style=\"text-align:center\">2</td></tr><tr><td style=\"text-align:center\">2019</td><td style=\"text-align:center\"><img src=\"https://ege.sdamgia.ru/formula/svg/12/12f86265d2a723373f89fd5484c81e7c.svg\" class=\"tex\" style=\"vertical-align:-3.0pt\" alt=\"2 умно­жить на 1,14\"></td><td style=\"text-align:center\"><img src=\"https://ege.sdamgia.ru/formula/svg/cb/cbe9e144ce45fe26dc55cd82610c88f2.svg\" class=\"tex\" style=\"vertical-align:-3.0pt\" alt=\"2 умно­жить на 1,14 минус 1\"></td><td style=\"text-align:center\">1</td></tr><tr><td style=\"text-align:center\">2020</td><td style=\"text-align:center\"><img src=\"https://ege.sdamgia.ru/formula/svg/26/2610734bd6bf8d38dbea68ad8fc5d5a0.svg\" class=\"tex\" style=\"vertical-align:-3.0pt\" alt=\"1 умно­жить на 1,14\"></td><td style=\"text-align:center\"><img src=\"https://ege.sdamgia.ru/formula/svg/c4/c4ffba0598c0ab7cb285786e100242b0.svg\" class=\"tex\" style=\"vertical-align:-3.0pt\" alt=\"1 умно­жить на 1,14 минус 0\"></td><td style=\"text-align:center\">0</td></tr></tbody></table><p>&nbsp;</p><p class=\"left_margin\">Найдём сумму вы­плат:</p><p class=\"left_margin\"></p><center><p><span data-width=\"640\" data-formulahash=\"562e5887e752da3ea8d791c3fa8778fb\" class=\"tex-span\" style=\"\"><img src=\"https://ege.sdamgia.ru/formula/svg/56/562e5887e752da3ea8d791c3fa8778fb.svg\" class=\"tex\" style=\"vertical-align:-3.0pt\" alt=\"B= 6 умно­жить на 1,14 минус 5 плюс 5 умно­жить на 1,14 минус 4 плюс 4 умно­жить на 1,14 минус 3 плюс 3 умно­жить на 1,14 минус 2 плюс 2 умно­жить на 1,14 минус 1 плюс 1 умно­жить на 1,14=\"></span><span data-width=\"490\" data-formulahash=\"562e5887e752da3ea8d791c3fa8778fb\" class=\"tex-span\" style=\"display:none\"><img src=\"https://ege.sdamgia.ru/formula/svg/5f/5f528b991286e0249eebabe6ef1fc364.svg\" class=\"tex\" style=\"vertical-align:-1.8pt\" alt=\"B=\"><br><img src=\"https://ege.sdamgia.ru/formula/svg/1f/1f96eaf3d4bb8e539e5af1378ac4e063.svg\" class=\"tex\" style=\"vertical-align:-3.0pt\" alt=\"= 6 умно­жить на 1,14 минус 5 плюс 5 умно­жить на 1,14 минус 4 плюс 4 умно­жить на 1,14 минус 3 плюс 3 умно­жить на 1,14 минус 2 плюс 2 умно­жить на 1,14 минус 1 плюс 1 умно­жить на 1,14=\"></span></p><p><span data-width=\"640\" data-formulahash=\"153c4fbfc8ed9fde27be0b5df0279246\" class=\"tex-span\" style=\"\"><img src=\"https://ege.sdamgia.ru/formula/svg/15/153c4fbfc8ed9fde27be0b5df0279246.svg\" class=\"tex\" style=\"vertical-align:-3.6pt\" alt=\"=1,14 умно­жить на левая круг­лая скоб­ка 6 плюс 5 плюс 4 плюс 3 плюс 2 плюс 1 пра­вая круг­лая скоб­ка минус левая круг­лая скоб­ка 5 плюс 4 плюс 3 плюс 2 плюс 1 пра­вая круг­лая скоб­ка =1,14 умно­жить на 21 минус 15=8,94\"></span> млн руб.</p><p class=\"left_margin\"></p></center><p class=\"left_margin\">Будем счи­тать, что пер­во­на­чаль­ная цена квар­ти­ра была равна сумме, взя­той в кре­дит. Тогда в ян­ва­ре 2020 года квар­ти­ру про­да­ли за сумму, пре­вы­ша­ю­щую  пер­во­на­чаль­ную  сто­и­мость квар­ти­ры на 60%, т. е. за</p><p class=\"left_margin\"></p><center><p><img src=\"https://ege.sdamgia.ru/formula/svg/ca/ca8e6254d51c9017f1803316e611ac50.svg\" class=\"tex\" style=\"vertical-align:-3.0pt\" alt=\"S= 6 умно­жить на 1,6=9,6\"> млн руб.</p><p class=\"left_margin\"></p></center><p> Таким об­ра­зом, Семёну Мар­ко­ви­чу уда­лось за­ра­бо­тать <img src=\"https://ege.sdamgia.ru/formula/svg/d0/d0c00b7161274f3e5ce4befe17348464.svg\" class=\"tex\" style=\"vertical-align:-3.0pt\" alt=\"9,6 минус 8,94=0,66\"> млн руб. или 660 тыс. руб.</p><p>&nbsp;</p><p><span style=\"letter-spacing: 2px;\">Ответ:</span> 660 тыс. руб­лей.</p></div>",
        "image_urls": [
            "https://ege.sdamgia.ru/formula/svg/89/89cc6bf507d9786ec5c11e4d7408b608.svg",
            "https://ege.sdamgia.ru/formula/svg/4d/4d5df2c3948964dcf3100cf6bec6523b.svg",
            "https://ege.sdamgia.ru/formula/svg/57/57c350ebc45db53930c3f315461d8c24.svg",
            "https://ege.sdamgia.ru/formula/svg/71/71ae2d058c965b6c240050d982e95ee1.svg",
            "https://ege.sdamgia.ru/formula/svg/78/785bbe46d3fb20ef3d995ad2d94dfe57.svg",
            "https://ege.sdamgia.ru/formula/svg/1f/1f21a1ca6a90ab9220b8a7b2484381ca.svg",
            "https://ege.sdamgia.ru/formula/svg/ce/cef0c18b693dd7e91565ae8d43067ef8.svg",
            "https://ege.sdamgia.ru/formula/svg/20/20b6abf4739cbfaa5b5041a7fd6cff9a.svg",
            "https://ege.sdamgia.ru/formula/svg/12/12f86265d2a723373f89fd5484c81e7c.svg",
            "https://ege.sdamgia.ru/formula/svg/cb/cbe9e144ce45fe26dc55cd82610c88f2.svg",
            "https://ege.sdamgia.ru/formula/svg/26/2610734bd6bf8d38dbea68ad8fc5d5a0.svg",
            "https://ege.sdamgia.ru/formula/svg/c4/c4ffba0598c0ab7cb285786e100242b0.svg",
            "https://ege.sdamgia.ru/formula/svg/56/562e5887e752da3ea8d791c3fa8778fb.svg",
            "https://ege.sdamgia.ru/formula/svg/5f/5f528b991286e0249eebabe6ef1fc364.svg",
            "https://ege.sdamgia.ru/formula/svg/1f/1f96eaf3d4bb8e539e5af1378ac4e063.svg",
            "https://ege.sdamgia.ru/formula/svg/15/153c4fbfc8ed9fde27be0b5df0279246.svg",
            "https://ege.sdamgia.ru/formula/svg/ca/ca8e6254d51c9017f1803316e611ac50.svg",
            "https://ege.sdamgia.ru/formula/svg/d0/d0c00b7161274f3e5ce4befe17348464.svg"
        ]
    },
    "answer": "660 тыс. руб­лей.",
    "topic_id": 16,
    "analog_ids": []
}