{
    "gia_type": "ege",
    "subject": "math",
    "id": 561451,
    "condition": {
        "text": "Андрей как начинающий предприниматель  31 декабря взял в кредит некоторую сумму в беспроцентном банке «Aliquot Bank». Он планирует погасить кредит в течение года, ежемесячно возвращая долг по следующей схеме: в январе Андрей возвращает банку  половину  взятой  суммы,  в  феврале  он  возвращает  треть  остатка,  в  марте  он возвращает  четверть  остатка  и  так  далее  в  течение  года,  в  том  числе  и  в  ноябре.  В декабре  Андрей  возвращает  банку  100  тыс.  руб.  и  полностью  погашает  долг. Какую сумму денег (в тыс. руб.) Андрей взял в этом банке?",
        "html": "<div align=\"justify\" width=\"100%\" id=\"body458711\" class=\"pbody\"><p class=\"left_margin\">Ан­дрей как на­чи­на­ю­щий пред­при­ни­ма­тель  31 де­каб­ря взял в кре­дит не­ко­то­рую сумму в бес­про­цент­ном банке «Aliquot Bank». Он пла­ни­ру­ет по­га­сить кре­дит в те­че­ние года, еже­ме­сяч­но воз­вра­щая долг по сле­ду­ю­щей схеме: в ян­ва­ре Ан­дрей воз­вра­ща­ет банку  по­ло­ви­ну  взя­той  суммы,  в  фев­ра­ле  он  воз­вра­ща­ет  треть  остат­ка,  в  марте  он воз­вра­ща­ет  чет­верть  остат­ка  и  так  далее  в  те­че­ние  года,  в  том  числе  и  в  но­яб­ре.  В де­каб­ре  Ан­дрей  воз­вра­ща­ет  банку  100  тыс.  руб.  и  пол­но­стью  по­га­ша­ет  долг. Какую сумму денег (в тыс. руб.) Ан­дрей взял в этом банке?</p></div>",
        "image_urls": []
    },
    "solution": {
        "text": "Решение. Пусть сумма, взятая в кредит, равна S. В первый месяц (январь) Андрей возвращает сумму, равную  и остаётся должен Во второй месяц (февраль) Андрей возвращает сумму, равную  и остаётся должен В n-й месяц Андрей возвращает сумму, равную  и остаётся должен Значит, в одиннадцатом месяце (ноябре) после выплаты Андрей остаётся должен  Таким образом, в последний месяц (декабрь) Андрей выплачивает  или 100 тыс. руб. Откуда  тыс. руб. Ответ: 1200 тыс. рублей.",
        "html": "<div align=\"justify\" width=\"100%\" id=\"sol561451\" class=\"solution\" style=\"clear:both;\" class=\"pbody\"><p class=\"left_margin\"></p><b>Ре­ше­ние<!--rule_info-->. </b><p class=\"left_margin\">Пусть сумма, взя­тая в кре­дит, равна <i>S</i>. </p><p class=\"left_margin\">В пер­вый месяц (ян­варь) Ан­дрей воз­вра­ща­ет сумму, рав­ную <img src=\"https://ege.sdamgia.ru/formula/svg/4e/4ebc906c0abd31dbcd4bfbe0ca638b8c.svg\" class=\"tex\" style=\"vertical-align:-8.3pt\" alt=\" дробь: чис­ли­тель: S, зна­ме­на­тель: 2 конец дроби , \"> и остаётся дол­жен <img src=\"https://ege.sdamgia.ru/formula/svg/a6/a65514b6613573ca0e44aa6551ae556a.svg\" class=\"tex\" style=\"vertical-align:-8.3pt\" alt=\"S минус дробь: чис­ли­тель: S, зна­ме­на­тель: 2 конец дроби = дробь: чис­ли­тель: S, зна­ме­на­тель: 2 конец дроби . \"></p><p class=\"left_margin\">Во вто­рой месяц (фев­раль) Ан­дрей воз­вра­ща­ет сумму, рав­ную <img src=\"https://ege.sdamgia.ru/formula/svg/70/70755ab318f7eb057d5b528d465c971d.svg\" class=\"tex\" style=\"vertical-align:-8.4pt\" alt=\" дробь: чис­ли­тель: S, зна­ме­на­тель: 2 конец дроби умно­жить на дробь: чис­ли­тель: 1, зна­ме­на­тель: 3 конец дроби = дробь: чис­ли­тель: S, зна­ме­на­тель: 6 конец дроби , \"> и остаётся дол­жен <img src=\"https://ege.sdamgia.ru/formula/svg/c3/c3a6ce1d5d10788baa54e2d18d293b31.svg\" class=\"tex\" style=\"vertical-align:-8.4pt\" alt=\" дробь: чис­ли­тель: S, зна­ме­на­тель: 2 конец дроби минус дробь: чис­ли­тель: S, зна­ме­на­тель: 6 конец дроби = дробь: чис­ли­тель: S, зна­ме­на­тель: 3 конец дроби . \"></p><p class=\"left_margin\">В <i>n</i>-й месяц Ан­дрей воз­вра­ща­ет сумму, рав­ную <img src=\"https://ege.sdamgia.ru/formula/svg/c1/c13ae055d347c36dc6f1fe044820c9a2.svg\" class=\"tex\" style=\"vertical-align:-11.1pt\" alt=\" дробь: чис­ли­тель: S, зна­ме­на­тель: n конец дроби умно­жить на дробь: чис­ли­тель: 1, зна­ме­на­тель: конец дроби n плюс 1= дробь: чис­ли­тель: S, зна­ме­на­тель: n левая круг­лая скоб­ка n плюс 1 пра­вая круг­лая скоб­ка конец дроби , \"> и остаётся дол­жен <img src=\"https://ege.sdamgia.ru/formula/svg/a4/a425bd09591dba7161b3b485d671156d.svg\" class=\"tex\" style=\"vertical-align:-11.1pt\" alt=\" дробь: чис­ли­тель: S, зна­ме­на­тель: n конец дроби минус дробь: чис­ли­тель: S, зна­ме­на­тель: n левая круг­лая скоб­ка n плюс 1 пра­вая круг­лая скоб­ка конец дроби = дробь: чис­ли­тель: S, зна­ме­на­тель: n плюс 1 конец дроби . \"></p><p class=\"left_margin\">Зна­чит, в один­на­дца­том ме­ся­це (но­яб­ре) после вы­пла­ты Ан­дрей остаётся дол­жен <img src=\"https://ege.sdamgia.ru/formula/svg/d0/d0b9b7f31b275bb27a742a100d45fc4e.svg\" class=\"tex\" style=\"vertical-align:-9.2pt\" alt=\" дробь: чис­ли­тель: S, зна­ме­на­тель: 11 плюс 1 конец дроби = дробь: чис­ли­тель: S, зна­ме­на­тель: 12 конец дроби . \"> Таким об­ра­зом, в по­след­ний месяц (де­кабрь) Ан­дрей вы­пла­чи­ва­ет <img src=\"https://ege.sdamgia.ru/formula/svg/b2/b2cf2891705231c20e6a70a92bd6e6da.svg\" class=\"tex\" style=\"vertical-align:-8.3pt\" alt=\" дробь: чис­ли­тель: S, зна­ме­на­тель: 12 конец дроби \"> или 100 тыс. руб. От­ку­да <img src=\"https://ege.sdamgia.ru/formula/svg/f4/f460028ac14ba1f401bfa5d3a9f77d2b.svg\" class=\"tex\" style=\"vertical-align:-1.8pt\" alt=\"S=1200\"> тыс. руб.</p><p>&nbsp;</p><p><span style=\"letter-spacing: 2px;\">Ответ:</span> 1200 тыс. руб­лей.</p></div>",
        "image_urls": [
            "https://ege.sdamgia.ru/formula/svg/4e/4ebc906c0abd31dbcd4bfbe0ca638b8c.svg",
            "https://ege.sdamgia.ru/formula/svg/a6/a65514b6613573ca0e44aa6551ae556a.svg",
            "https://ege.sdamgia.ru/formula/svg/70/70755ab318f7eb057d5b528d465c971d.svg",
            "https://ege.sdamgia.ru/formula/svg/c3/c3a6ce1d5d10788baa54e2d18d293b31.svg",
            "https://ege.sdamgia.ru/formula/svg/c1/c13ae055d347c36dc6f1fe044820c9a2.svg",
            "https://ege.sdamgia.ru/formula/svg/a4/a425bd09591dba7161b3b485d671156d.svg",
            "https://ege.sdamgia.ru/formula/svg/d0/d0b9b7f31b275bb27a742a100d45fc4e.svg",
            "https://ege.sdamgia.ru/formula/svg/b2/b2cf2891705231c20e6a70a92bd6e6da.svg",
            "https://ege.sdamgia.ru/formula/svg/f4/f460028ac14ba1f401bfa5d3a9f77d2b.svg"
        ]
    },
    "answer": "1200 тыс. руб­лей.",
    "topic_id": 16,
    "analog_ids": []
}