{
    "gia_type": "ege",
    "subject": "math",
    "id": 563578,
    "condition": {
        "text": "В июле 2025 года планируется взять кредит в банке на сумму 700 тысяч рублей на 10 лет. Условия его возврата таковы:  — в январе 2026, 2027, 2028, 2029 и 2030 годов  долг возрастает на 19%  по сравнению с концом предыдущего года;  — в январе 2031, 2032, 2033, 2034 и 2035 годов  долг возрастает на 16%  по сравнению с концом предыдущего года;  — с февраля по июнь каждого года необходимо выплатить часть долга;  — в июле каждого года долг должен быть на одну и ту же величину меньше долга на июль предыдущего года;  — к июлю 2035 года кредит должен быть погашен полностью.Найдите общую сумму выплат после полного погашения кредита.",
        "html": "<div align=\"justify\" width=\"100%\" id=\"body456582\" class=\"pbody\"><p class=\"left_margin\">В июле 2025 года пла­ни­ру­ет­ся взять кре­дит в банке на сумму 700 тысяч руб­лей на 10 лет. Усло­вия его воз­вра­та та­ко­вы:</p><p>  — в ян­ва­ре 2026, 2027, 2028, 2029 и 2030 годов  долг воз­рас­та­ет на 19%  по срав­не­нию с кон­цом преды­ду­ще­го года;</p><p>  — в ян­ва­ре 2031, 2032, 2033, 2034 и 2035 годов  долг воз­рас­та­ет на 16%  по срав­не­нию с кон­цом преды­ду­ще­го года;</p><p>  — с фев­ра­ля по июнь каж­до­го года не­об­хо­ди­мо вы­пла­тить часть долга;</p><p>  — в июле каж­до­го года долг дол­жен быть на одну и ту же ве­ли­чи­ну мень­ше долга на июль преды­ду­ще­го года;</p><p>  — к июлю 2035 года кре­дит дол­жен быть по­га­шен пол­но­стью.</p><p class=\"left_margin\">Най­ди­те общую сумму вы­плат после пол­но­го по­га­ше­ния кре­ди­та.</p></div>",
        "image_urls": []
    },
    "solution": {
        "text": "Решение. Обозначим взятую в кредит сумму S (тыс. руб.) и составим таблицу по данным задачи. Начисляемый  процентПлатеж в банкОставшийся долг19%19%19%19%19%16%16%16%16%16%0 По составленной таблице найдем общую сумму выплат:   тыс. руб.Ответ: 1 млн 400 тыс. руб.  Приведем решение Р. Г. Гилемханова (Москва).Будем вести расчеты в тысячах рублей. Переплаты в первые 5 лет кредитования образуют арифметическую прогрессию (an), в которой   Сумма первых 5 членов этой прогрессии равнаПереплаты за последние 5 лет кредитования, также образуют арифметическую прогрессию (bn), с первым членом  и последним  — пятым  — членом, равным  Cумма этих переплат составляет Таким образом, общая сумма всех выплат заемщика окажется равной 700 + 532 + 168  =  1400 (тыс. руб.). Ответ: 1 млн 400 тыс. руб.",
        "html": "<div align=\"justify\" width=\"100%\" id=\"sol563578\" class=\"solution\" style=\"clear:both;\" class=\"pbody\"><p class=\"left_margin\"></p><b>Ре­ше­ние<!--rule_info-->. </b><p class=\"left_margin\">Обо­зна­чим взя­тую в кре­дит сумму <i>S</i> (тыс. руб.) и со­ста­вим таб­ли­цу по дан­ным за­да­чи.</p><p>&nbsp;</p><p></p><table style=\"margin:auto\"><tbody><tr><th style=\"text-align:center\">На­чис­ля­е­мый <br> про­цент<p></p></th><th style=\"text-align:center\">Пла­теж в банк<p></p></th><th style=\"text-align:center\">Остав­ший­ся долг</th></tr><tr><td style=\"text-align:center\">19%</td><td style=\"text-align:center\"><img src=\"https://ege.sdamgia.ru/formula/svg/93/936f7b35ca0a627eef4e55e1c1befb5b.svg\" class=\"tex\" style=\"vertical-align:-8.4pt\" alt=\" дробь: чис­ли­тель: S, зна­ме­на­тель: 10 конец дроби плюс 0,19S \"></td><td style=\"text-align:center\"><img src=\"https://ege.sdamgia.ru/formula/svg/85/85c988945b651376d071a6030a550be9.svg\" class=\"tex\" style=\"vertical-align:-8.5pt\" alt=\" дробь: чис­ли­тель: 9, зна­ме­на­тель: 10 конец дроби S \"></td></tr><tr><td style=\"text-align:center\">19%</td><td style=\"text-align:center\"><img src=\"https://ege.sdamgia.ru/formula/svg/87/8739396547550de12263a157a8784b8f.svg\" class=\"tex\" style=\"vertical-align:-8.4pt\" alt=\" дробь: чис­ли­тель: S, зна­ме­на­тель: 10 конец дроби плюс 0, целая часть: 19, дроб­ная часть: чис­ли­тель: 9, зна­ме­на­тель: 10 S \"></td><td style=\"text-align:center\"><img src=\"https://ege.sdamgia.ru/formula/svg/c5/c5503b6f3e0513f6d78791718866f773.svg\" class=\"tex\" style=\"vertical-align:-8.5pt\" alt=\" дробь: чис­ли­тель: 8, зна­ме­на­тель: 10 конец дроби S \"></td></tr><tr><td style=\"text-align:center\">19%</td><td style=\"text-align:center\"><img src=\"https://ege.sdamgia.ru/formula/svg/6d/6d8538e053bcba391fc910708d57ded6.svg\" class=\"tex\" style=\"vertical-align:-8.4pt\" alt=\" дробь: чис­ли­тель: S, зна­ме­на­тель: 10 конец дроби плюс 0, целая часть: 19, дроб­ная часть: чис­ли­тель: 8, зна­ме­на­тель: 10 S \"></td><td style=\"text-align:center\"><img src=\"https://ege.sdamgia.ru/formula/svg/a0/a024fe6666523041082a17ad09807107.svg\" class=\"tex\" style=\"vertical-align:-8.5pt\" alt=\" дробь: чис­ли­тель: 7, зна­ме­на­тель: 10 конец дроби S \"></td></tr><tr><td style=\"text-align:center\">19%</td><td style=\"text-align:center\"><img src=\"https://ege.sdamgia.ru/formula/svg/56/561d2cddbf1b490dbc46f3ae36c0b343.svg\" class=\"tex\" style=\"vertical-align:-8.4pt\" alt=\" дробь: чис­ли­тель: S, зна­ме­на­тель: 10 конец дроби плюс 0, целая часть: 19, дроб­ная часть: чис­ли­тель: 7, зна­ме­на­тель: 10 S \"></td><td style=\"text-align:center\"><img src=\"https://ege.sdamgia.ru/formula/svg/03/039ad2d49e04503a5197315fcc9f645e.svg\" class=\"tex\" style=\"vertical-align:-8.4pt\" alt=\" дробь: чис­ли­тель: 6, зна­ме­на­тель: 10 конец дроби S \"></td></tr><tr><td style=\"text-align:center\">19%</td><td style=\"text-align:center\"><img src=\"https://ege.sdamgia.ru/formula/svg/46/46e97f7fbdd57f6e6a7cc9bd0043f139.svg\" class=\"tex\" style=\"vertical-align:-8.4pt\" alt=\" дробь: чис­ли­тель: S, зна­ме­на­тель: 10 конец дроби плюс 0, целая часть: 19, дроб­ная часть: чис­ли­тель: 6, зна­ме­на­тель: 10 S \"></td><td style=\"text-align:center\"><img src=\"https://ege.sdamgia.ru/formula/svg/f6/f60c4acc36ee4a793406ced6a1d06e44.svg\" class=\"tex\" style=\"vertical-align:-8.4pt\" alt=\" дробь: чис­ли­тель: 5, зна­ме­на­тель: 10 конец дроби S \"></td></tr><tr><td style=\"text-align:center\">16%</td><td style=\"text-align:center\"><img src=\"https://ege.sdamgia.ru/formula/svg/a4/a4a55d609a89e09b0433f673ba0f30fd.svg\" class=\"tex\" style=\"vertical-align:-8.4pt\" alt=\" дробь: чис­ли­тель: S, зна­ме­на­тель: 10 конец дроби плюс 0, целая часть: 16, дроб­ная часть: чис­ли­тель: 5, зна­ме­на­тель: 10 S \"></td><td style=\"text-align:center\"><img src=\"https://ege.sdamgia.ru/formula/svg/2d/2de90c588c3c066783badb03271e7b9f.svg\" class=\"tex\" style=\"vertical-align:-8.5pt\" alt=\" дробь: чис­ли­тель: 4, зна­ме­на­тель: 10 конец дроби S \"></td></tr><tr><td style=\"text-align:center\">16%</td><td style=\"text-align:center\"><img src=\"https://ege.sdamgia.ru/formula/svg/49/49137c9c5592fc136e55693881dd41a9.svg\" class=\"tex\" style=\"vertical-align:-8.4pt\" alt=\" дробь: чис­ли­тель: S, зна­ме­на­тель: 10 конец дроби плюс 0, целая часть: 16, дроб­ная часть: чис­ли­тель: 4, зна­ме­на­тель: 10 S \"></td><td style=\"text-align:center\"><img src=\"https://ege.sdamgia.ru/formula/svg/21/21194349ee922dcac179112fc153fa23.svg\" class=\"tex\" style=\"vertical-align:-8.5pt\" alt=\" дробь: чис­ли­тель: 3, зна­ме­на­тель: 10 конец дроби S \"></td></tr><tr><td style=\"text-align:center\">16%</td><td style=\"text-align:center\"><img src=\"https://ege.sdamgia.ru/formula/svg/48/4819f591ccf89f8c352a083809d7aac2.svg\" class=\"tex\" style=\"vertical-align:-8.4pt\" alt=\" дробь: чис­ли­тель: S, зна­ме­на­тель: 10 конец дроби плюс 0, целая часть: 16, дроб­ная часть: чис­ли­тель: 3, зна­ме­на­тель: 10 S \"></td><td style=\"text-align:center\"><img src=\"https://ege.sdamgia.ru/formula/svg/2c/2c20709accd1eb39c70d97fa99bd86bc.svg\" class=\"tex\" style=\"vertical-align:-8.5pt\" alt=\" дробь: чис­ли­тель: 2, зна­ме­на­тель: 10 конец дроби S \"></td></tr><tr><td style=\"text-align:center\">16%</td><td style=\"text-align:center\"><img src=\"https://ege.sdamgia.ru/formula/svg/b2/b2989c3e99e8bb5c362422eaf98390f8.svg\" class=\"tex\" style=\"vertical-align:-8.4pt\" alt=\" дробь: чис­ли­тель: S, зна­ме­на­тель: 10 конец дроби плюс 0, целая часть: 16, дроб­ная часть: чис­ли­тель: 2, зна­ме­на­тель: 10 S \"></td><td style=\"text-align:center\"><img src=\"https://ege.sdamgia.ru/formula/svg/fb/fb60eb9d584ed38ace616e5902768d1f.svg\" class=\"tex\" style=\"vertical-align:-8.5pt\" alt=\" дробь: чис­ли­тель: 1, зна­ме­на­тель: 10 конец дроби S \"></td></tr><tr><td style=\"text-align:center\">16%</td><td style=\"text-align:center\"><img src=\"https://ege.sdamgia.ru/formula/svg/d6/d6dd0e30f82a83d80e3ba3f469d82d0d.svg\" class=\"tex\" style=\"vertical-align:-8.4pt\" alt=\" дробь: чис­ли­тель: S, зна­ме­на­тель: 10 конец дроби плюс 0, целая часть: 16, дроб­ная часть: чис­ли­тель: 1, зна­ме­на­тель: 10 S \"></td><td style=\"text-align:center\">0</td></tr></tbody></table><p>&nbsp;</p><p class=\"left_margin\">По со­став­лен­ной таб­ли­це най­дем общую сумму вы­плат: </p><p class=\"left_margin\"></p><center><p><span data-width=\"640\" data-formulahash=\"718eb9e8a6f9dcf0b086b0c48790f699\" class=\"tex-span\" style=\"\"><img src=\"https://ege.sdamgia.ru/formula/svg/71/718eb9e8a6f9dcf0b086b0c48790f699.svg\" class=\"tex\" style=\"vertical-align:-11.2pt\" alt=\"S_общ=S плюс 0,19 левая круг­лая скоб­ка S плюс дробь: чис­ли­тель: 9, зна­ме­на­тель: 10 конец дроби S плюс дробь: чис­ли­тель: 8, зна­ме­на­тель: 10 конец дроби S плюс дробь: чис­ли­тель: 7, зна­ме­на­тель: 10 конец дроби S плюс дробь: чис­ли­тель: 6, зна­ме­на­тель: 10 конец дроби S пра­вая круг­лая скоб­ка плюс 0,16 левая круг­лая скоб­ка дробь: чис­ли­тель: 5, зна­ме­на­тель: 10 конец дроби S плюс дробь: чис­ли­тель: 4, зна­ме­на­тель: 10 конец дроби S плюс дробь: чис­ли­тель: 3, зна­ме­на­тель: 10 конец дроби S плюс дробь: чис­ли­тель: 2, зна­ме­на­тель: 10 конец дроби S плюс дробь: чис­ли­тель: 1, зна­ме­на­тель: 10 конец дроби S пра­вая круг­лая скоб­ка  =\"></span><span data-width=\"565\" data-formulahash=\"718eb9e8a6f9dcf0b086b0c48790f699\" class=\"tex-span\" style=\"display:none\"><img src=\"https://ege.sdamgia.ru/formula/svg/d8/d80f44b18d007aff3bfed921431ac846.svg\" class=\"tex\" style=\"vertical-align:-3.9pt\" alt=\"S_общ=\"><br><img src=\"https://ege.sdamgia.ru/formula/svg/e8/e86877c7c8ae46dacadb194d494a603a.svg\" class=\"tex\" style=\"vertical-align:-11.2pt\" alt=\"=S плюс 0,19 левая круг­лая скоб­ка S плюс дробь: чис­ли­тель: 9, зна­ме­на­тель: 10 конец дроби S плюс дробь: чис­ли­тель: 8, зна­ме­на­тель: 10 конец дроби S плюс дробь: чис­ли­тель: 7, зна­ме­на­тель: 10 конец дроби S плюс дробь: чис­ли­тель: 6, зна­ме­на­тель: 10 конец дроби S пра­вая круг­лая скоб­ка плюс 0,16 левая круг­лая скоб­ка дробь: чис­ли­тель: 5, зна­ме­на­тель: 10 конец дроби S плюс дробь: чис­ли­тель: 4, зна­ме­на­тель: 10 конец дроби S плюс дробь: чис­ли­тель: 3, зна­ме­на­тель: 10 конец дроби S плюс дробь: чис­ли­тель: 2, зна­ме­на­тель: 10 конец дроби S плюс дробь: чис­ли­тель: 1, зна­ме­на­тель: 10 конец дроби S пра­вая круг­лая скоб­ка  =\"></span></p><p>&nbsp;</p><p><img src=\"https://ege.sdamgia.ru/formula/svg/1d/1d064a3399dc4776bbf4aef717451344.svg\" class=\"tex\" style=\"vertical-align:-3.0pt\" alt=\"=S плюс 0,19 умно­жить на 4S плюс 0,16 умно­жить на 1,5 S =2S = 1400\"> тыс. руб.</p><p class=\"left_margin\"></p></center><p><span style=\"letter-spacing: 2px;\">Ответ:</span> 1 млн 400 тыс. руб.</p><p>&nbsp;</p><p>&nbsp;</p><p><b>При­ве­дем ре­ше­ние Р. Г. Ги­лем­ха­но­ва (Москва).</b></p><p class=\"left_margin\">Будем вести рас­че­ты в ты­ся­чах руб­лей. Пе­ре­пла­ты в пер­вые 5 лет кре­ди­то­ва­ния об­ра­зу­ют ариф­ме­ти­че­скую про­грес­сию (<i>a<sub>n</sub></i>), в ко­то­рой <img src=\"https://ege.sdamgia.ru/formula/svg/33/33429c971c2ea0bd51af8d47daae43a4.svg\" class=\"tex\" style=\"vertical-align:-3.0pt\" alt=\"a_1=0,19 умно­жить на 700=133,\"> <img src=\"https://ege.sdamgia.ru/formula/svg/87/87eea44fc034c12bd499168ef967c0b9.svg\" class=\"tex\" style=\"vertical-align:-8.4pt\" alt=\"a_5= дробь: чис­ли­тель: 6, зна­ме­на­тель: 10 конец дроби a_1=79,8. \"> Сумма пер­вых 5 чле­нов этой про­грес­сии равна</p><p class=\"left_margin\"></p><center><p><img src=\"https://ege.sdamgia.ru/formula/svg/2a/2a9f976d5942a0ab893f6abc45d29dc3.svg\" class=\"tex\" style=\"vertical-align:-8.4pt\" alt=\"S_5= дробь: чис­ли­тель: a_1 плюс a_5, зна­ме­на­тель: 2 конец дроби умно­жить на 5= дробь: чис­ли­тель: 133 плюс 79,8, зна­ме­на­тель: 2 конец дроби умно­жить на 5=532. \"></p><p class=\"left_margin\"></p></center><p class=\"left_margin\">Пе­ре­пла­ты за по­след­ние 5 лет кре­ди­то­ва­ния, также об­ра­зу­ют ариф­ме­ти­че­скую про­грес­сию (<i>b<sub>n</sub></i>), с пер­вым чле­ном <img src=\"https://ege.sdamgia.ru/formula/svg/55/55e2e84c5e6fdc4e57c4cbaf5d74bd50.svg\" class=\"tex\" style=\"vertical-align:-8.4pt\" alt=\"b_1= 0,16 умно­жить на дробь: чис­ли­тель: 5, зна­ме­на­тель: конец дроби 10 умно­жить на 700=56\"> и по­след­ним  — пятым  — чле­ном, рав­ным <img src=\"https://ege.sdamgia.ru/formula/svg/d0/d0e03d8182e2f990d853aa2dc5f916de.svg\" class=\"tex\" style=\"vertical-align:-8.4pt\" alt=\" дробь: чис­ли­тель: 56, зна­ме­на­тель: 5 конец дроби =11,2. \"> Cумма этих пе­ре­плат со­став­ля­ет </p><p class=\"left_margin\"></p><center><p><img src=\"https://ege.sdamgia.ru/formula/svg/00/0071db5fb27e126cdd21306e53770f01.svg\" class=\"tex\" style=\"vertical-align:-8.4pt\" alt=\"S_5= дробь: чис­ли­тель: b_1 плюс b_5, зна­ме­на­тель: 2 конец дроби умно­жить на 5= дробь: чис­ли­тель: 56 плюс 11,2, зна­ме­на­тель: 2 конец дроби умно­жить на 5=168. \"></p><p class=\"left_margin\"></p></center><p class=\"left_margin\">Таким об­ра­зом, общая сумма всех вы­плат за­ем­щи­ка ока­жет­ся рав­ной 700 + 532 + 168  =  1400 (тыс. руб.).</p><p>&nbsp;</p><p><span style=\"letter-spacing: 2px;\">Ответ:</span> 1 млн 400 тыс. руб.</p></div>",
        "image_urls": [
            "https://ege.sdamgia.ru/formula/svg/93/936f7b35ca0a627eef4e55e1c1befb5b.svg",
            "https://ege.sdamgia.ru/formula/svg/85/85c988945b651376d071a6030a550be9.svg",
            "https://ege.sdamgia.ru/formula/svg/87/8739396547550de12263a157a8784b8f.svg",
            "https://ege.sdamgia.ru/formula/svg/c5/c5503b6f3e0513f6d78791718866f773.svg",
            "https://ege.sdamgia.ru/formula/svg/6d/6d8538e053bcba391fc910708d57ded6.svg",
            "https://ege.sdamgia.ru/formula/svg/a0/a024fe6666523041082a17ad09807107.svg",
            "https://ege.sdamgia.ru/formula/svg/56/561d2cddbf1b490dbc46f3ae36c0b343.svg",
            "https://ege.sdamgia.ru/formula/svg/03/039ad2d49e04503a5197315fcc9f645e.svg",
            "https://ege.sdamgia.ru/formula/svg/46/46e97f7fbdd57f6e6a7cc9bd0043f139.svg",
            "https://ege.sdamgia.ru/formula/svg/f6/f60c4acc36ee4a793406ced6a1d06e44.svg",
            "https://ege.sdamgia.ru/formula/svg/a4/a4a55d609a89e09b0433f673ba0f30fd.svg",
            "https://ege.sdamgia.ru/formula/svg/2d/2de90c588c3c066783badb03271e7b9f.svg",
            "https://ege.sdamgia.ru/formula/svg/49/49137c9c5592fc136e55693881dd41a9.svg",
            "https://ege.sdamgia.ru/formula/svg/21/21194349ee922dcac179112fc153fa23.svg",
            "https://ege.sdamgia.ru/formula/svg/48/4819f591ccf89f8c352a083809d7aac2.svg",
            "https://ege.sdamgia.ru/formula/svg/2c/2c20709accd1eb39c70d97fa99bd86bc.svg",
            "https://ege.sdamgia.ru/formula/svg/b2/b2989c3e99e8bb5c362422eaf98390f8.svg",
            "https://ege.sdamgia.ru/formula/svg/fb/fb60eb9d584ed38ace616e5902768d1f.svg",
            "https://ege.sdamgia.ru/formula/svg/d6/d6dd0e30f82a83d80e3ba3f469d82d0d.svg",
            "https://ege.sdamgia.ru/formula/svg/71/718eb9e8a6f9dcf0b086b0c48790f699.svg",
            "https://ege.sdamgia.ru/formula/svg/d8/d80f44b18d007aff3bfed921431ac846.svg",
            "https://ege.sdamgia.ru/formula/svg/e8/e86877c7c8ae46dacadb194d494a603a.svg",
            "https://ege.sdamgia.ru/formula/svg/1d/1d064a3399dc4776bbf4aef717451344.svg",
            "https://ege.sdamgia.ru/formula/svg/33/33429c971c2ea0bd51af8d47daae43a4.svg",
            "https://ege.sdamgia.ru/formula/svg/87/87eea44fc034c12bd499168ef967c0b9.svg",
            "https://ege.sdamgia.ru/formula/svg/2a/2a9f976d5942a0ab893f6abc45d29dc3.svg",
            "https://ege.sdamgia.ru/formula/svg/55/55e2e84c5e6fdc4e57c4cbaf5d74bd50.svg",
            "https://ege.sdamgia.ru/formula/svg/d0/d0e03d8182e2f990d853aa2dc5f916de.svg",
            "https://ege.sdamgia.ru/formula/svg/00/0071db5fb27e126cdd21306e53770f01.svg"
        ]
    },
    "answer": "1 млн 400 тыс. руб.  1 млн 400 тыс. руб.",
    "topic_id": 16,
    "analog_ids": [
        563578,
        563552,
        563662,
        563734,
        563552,
        563662,
        563734,
        642160,
        651033,
        651065
    ]
}