{
    "gia_type": "ege",
    "subject": "math",
    "id": 634245,
    "condition": {
        "text": "В июле Анна планирует взять кредит на 3 года на целое число миллионов рублей. Два банка предложили Анне оформить кредит на следующих условиях:  —  в январе каждого года действия кредита долг увеличивается на некоторое число процентов (ставка плавающая  — может быть разной для разных годов);  —  в период с февраля по июнь каждого года действия кредита выплачиваются равные суммы, причем последний платеж должен погасить долг по кредиту полностью.В первом банке процентная ставка по годам составляет 10, 20 и 15 процентов соответственно, а во втором  — 15, 10 и 20 процентов. Анна выбрала наиболее выгодное предложение. Найдите сумму кредита (в млн рублей), если эта выгода по общим выплатам по кредиту составила от 14 до 15 тысяч рублей.",
        "html": "<div align=\"justify\" width=\"100%\" id=\"body508793\" class=\"pbody\"><p class=\"left_margin\">В июле Анна пла­ни­ру­ет взять кре­дит на 3 года на целое число мил­ли­о­нов руб­лей. Два банка пред­ло­жи­ли Анне офор­мить кре­дит на сле­ду­ю­щих усло­ви­ях:</p><p>  —  в ян­ва­ре каж­до­го года дей­ствия кре­ди­та долг уве­ли­чи­ва­ет­ся на не­ко­то­рое число про­цен­тов (став­ка пла­ва­ю­щая  — может быть раз­ной для раз­ных годов);</p><p>  —  в пе­ри­од с фев­ра­ля по июнь каж­до­го года дей­ствия кре­ди­та вы­пла­чи­ва­ют­ся рав­ные суммы, при­чем по­след­ний пла­теж дол­жен по­га­сить долг по кре­ди­ту пол­но­стью.</p><p class=\"left_margin\">В пер­вом банке про­цент­ная став­ка по годам со­став­ля­ет 10, 20 и 15 про­цен­тов со­от­вет­ствен­но, а во вто­ром  — 15, 10 и 20 про­цен­тов. Анна вы­бра­ла наи­бо­лее вы­год­ное пред­ло­же­ние. Най­ди­те сумму кре­ди­та (в млн руб­лей), если эта вы­го­да по общим вы­пла­там по кре­ди­ту со­ста­ви­ла <nobr>от 14</nobr> до 15 тысяч руб­лей.</p></div>",
        "image_urls": []
    },
    "solution": {
        "text": "Решение. Пусть S  тыс.  руб.  — сумма кредита, x  тыс. руб.  — ежегодная выплата в первом банке, а y  тыс.  руб.  — во втором. Тогда: иИз равенства левых частей уравнений следует равенство правых частей, откуда находим: Значит, более выгодным является предложение первого банка. Тогда  или, поскольку   Учитывая, что  получаем: Заметим, что  тогдаПо условию, сумма кредита составляет целое число миллионов рублей, значит,   а сумма кредита равна 4 млн руб. Ответ: 4 млн руб.",
        "html": "<div align=\"justify\" width=\"100%\" id=\"sol634245\" class=\"solution\" style=\"clear:both;\" class=\"pbody\"><p class=\"left_margin\"></p><b>Ре­ше­ние<!--rule_info-->. </b><p class=\"left_margin\">Пусть <i>S</i>  тыс.  руб.  — сумма кре­ди­та, <i>x</i>  тыс. руб.  — еже­год­ная вы­пла­та в пер­вом банке, а <i>y</i>  тыс.  руб.  — во вто­ром. Тогда:</p><p class=\"left_margin\"></p><center><p><span data-width=\"640\" data-formulahash=\"9701456de7de4c18bc9f5e41c6d525d2\" class=\"tex-span\" style=\"\"><img src=\"https://ege.sdamgia.ru/formula/svg/97/9701456de7de4c18bc9f5e41c6d525d2.svg\" class=\"tex\" style=\"vertical-align:-3.6pt\" alt=\" левая круг­лая скоб­ка левая круг­лая скоб­ка 1,1S минус x пра­вая круг­лая скоб­ка умно­жить на 1,2 минус x пра­вая круг­лая скоб­ка умно­жить на 1,15 минус x=0 рав­но­силь­но 1,1 умно­жить на 1,15 умно­жить на 1,2S минус 3,53x=0 рав­но­силь­но 1,518S=3,53x\"></span><span data-width=\"540\" data-formulahash=\"9701456de7de4c18bc9f5e41c6d525d2\" class=\"tex-span\" style=\"display:none\"><img src=\"https://ege.sdamgia.ru/formula/svg/c2/c266af634fca400927df73dbf52eb612.svg\" class=\"tex\" style=\"vertical-align:-3.6pt\" alt=\" левая круг­лая скоб­ка левая круг­лая скоб­ка 1,1S минус x пра­вая круг­лая скоб­ка умно­жить на 1,2 минус x пра­вая круг­лая скоб­ка умно­жить на 1,15 минус x=0 рав­но­силь­но \"><br><img src=\"https://ege.sdamgia.ru/formula/svg/df/dfbcf2ad318ea962c44c5eda0456da9b.svg\" class=\"tex\" style=\"vertical-align:-3.0pt\" alt=\" рав­но­силь­но 1,1 умно­жить на 1,15 умно­жить на 1,2S минус 3,53x=0 рав­но­силь­но 1,518S=3,53x\"></span></p><p class=\"left_margin\"></p></center><p> и</p><p class=\"left_margin\"></p><center><p><span data-width=\"640\" data-formulahash=\"e556e6ec2105f207bf098043efe68fb8\" class=\"tex-span\" style=\"\"><img src=\"https://ege.sdamgia.ru/formula/svg/e5/e556e6ec2105f207bf098043efe68fb8.svg\" class=\"tex\" style=\"vertical-align:-3.6pt\" alt=\" левая круг­лая скоб­ка левая круг­лая скоб­ка 1,15S минус y пра­вая круг­лая скоб­ка умно­жить на 1,1 минус y пра­вая круг­лая скоб­ка умно­жить на 1,2 минус y=0 рав­но­силь­но 1,1 умно­жить на 1,15 умно­жить на 1,2S минус 3,52y=0 рав­но­силь­но 1,518S=3,52y.\"></span><span data-width=\"540\" data-formulahash=\"e556e6ec2105f207bf098043efe68fb8\" class=\"tex-span\" style=\"display:none\"><img src=\"https://ege.sdamgia.ru/formula/svg/b5/b579e134f436d7118e3d26f55a9e40bf.svg\" class=\"tex\" style=\"vertical-align:-3.6pt\" alt=\" левая круг­лая скоб­ка левая круг­лая скоб­ка 1,15S минус y пра­вая круг­лая скоб­ка умно­жить на 1,1 минус y пра­вая круг­лая скоб­ка умно­жить на 1,2 минус y=0 рав­но­силь­но \"><br><img src=\"https://ege.sdamgia.ru/formula/svg/51/51b9c7d019194d01bfd0cd6213f973a5.svg\" class=\"tex\" style=\"vertical-align:-3.0pt\" alt=\" рав­но­силь­но 1,1 умно­жить на 1,15 умно­жить на 1,2S минус 3,52y=0 рав­но­силь­но 1,518S=3,52y.\"></span></p><p class=\"left_margin\"></p></center><p class=\"left_margin\">Из ра­вен­ства левых ча­стей урав­не­ний сле­ду­ет ра­вен­ство пра­вых ча­стей, от­ку­да на­хо­дим:</p><p class=\"left_margin\"></p><center><p><img src=\"https://ege.sdamgia.ru/formula/svg/b6/b6fd70e7182c5beed31bbc747e9eb8ce.svg\" class=\"tex\" style=\"vertical-align:-3.0pt\" alt=\"3,53x=3,52y \\Rightarrow y боль­ше x . \"></p><p class=\"left_margin\"></p></center><p> Зна­чит, более вы­год­ным яв­ля­ет­ся пред­ло­же­ние пер­во­го банка. Тогда <img src=\"https://ege.sdamgia.ru/formula/svg/22/22436c83290470f0c57063300b9b6afc.svg\" class=\"tex\" style=\"vertical-align:-3.0pt\" alt=\"14 мень­ше или равно 3y минус 3x мень­ше или равно 15\"> или, по­сколь­ку <img src=\"https://ege.sdamgia.ru/formula/svg/f4/f431067b406053dced3d2a0c567b80e9.svg\" class=\"tex\" style=\"vertical-align:-10.5pt\" alt=\"y= дробь: чис­ли­тель: 3,53x, зна­ме­на­тель: 3,52 конец дроби : \"> </p><p class=\"left_margin\"></p><center><p><span data-width=\"640\" data-formulahash=\"0e9740034da2a869130a92dd6ae5fb55\" class=\"tex-span\" style=\"\"><img src=\"https://ege.sdamgia.ru/formula/svg/ed/ed385cb92c2d69dbd71ee68e629ab807.svg\" class=\"tex\" style=\"vertical-align:-10.5pt\" alt=\"14 мень­ше или равно 3 умно­жить на дробь: чис­ли­тель: 3,53x, зна­ме­на­тель: 3,52 конец дроби минус 3x мень­ше или равно 15 рав­но­силь­но дробь: чис­ли­тель: 14, зна­ме­на­тель: 3 конец дроби мень­ше или равно дробь: чис­ли­тель: 0,01x, зна­ме­на­тель: 3,52 конец дроби мень­ше или равно 5 рав­но­силь­но \"><br><img src=\"https://ege.sdamgia.ru/formula/svg/32/3210bd7a63a04bffb00e4bde0f7131d5.svg\" class=\"tex\" style=\"vertical-align:-8.5pt\" alt=\" рав­но­силь­но дробь: чис­ли­тель: 1400 умно­жить на 3,52, зна­ме­на­тель: 3 конец дроби мень­ше или равно x мень­ше или равно 500 умно­жить на 3,52 рав­но­силь­но дробь: чис­ли­тель: 1400 умно­жить на 3,52 умно­жить на 3,53, зна­ме­на­тель: 3 конец дроби мень­ше или равно 3,53x мень­ше или равно 500 умно­жить на 3,52 умно­жить на 3,53. \"></span><span data-width=\"490\" data-formulahash=\"0e9740034da2a869130a92dd6ae5fb55\" class=\"tex-span\" style=\"display:none\"><img src=\"https://ege.sdamgia.ru/formula/svg/ed/ed385cb92c2d69dbd71ee68e629ab807.svg\" class=\"tex\" style=\"vertical-align:-10.5pt\" alt=\"14 мень­ше или равно 3 умно­жить на дробь: чис­ли­тель: 3,53x, зна­ме­на­тель: 3,52 конец дроби минус 3x мень­ше или равно 15 рав­но­силь­но дробь: чис­ли­тель: 14, зна­ме­на­тель: 3 конец дроби мень­ше или равно дробь: чис­ли­тель: 0,01x, зна­ме­на­тель: 3,52 конец дроби мень­ше или равно 5 рав­но­силь­но \"><br><img src=\"https://ege.sdamgia.ru/formula/svg/62/62e0639f25496f416ae514676dabc120.svg\" class=\"tex\" style=\"vertical-align:-8.4pt\" alt=\" рав­но­силь­но дробь: чис­ли­тель: 1400 умно­жить на 3,52, зна­ме­на­тель: 3 конец дроби мень­ше или равно x мень­ше или равно 500 умно­жить на 3,52 рав­но­силь­но \"><br><img src=\"https://ege.sdamgia.ru/formula/svg/d7/d7af4384101510e5d1e61fc43cdb832f.svg\" class=\"tex\" style=\"vertical-align:-8.4pt\" alt=\" рав­но­силь­но дробь: чис­ли­тель: 1400 умно­жить на 3,52 умно­жить на 3,53, зна­ме­на­тель: 3 конец дроби мень­ше или равно 3,53x мень­ше или равно 500 умно­жить на 3,52 умно­жить на 3,53. \"></span></p><p class=\"left_margin\"></p></center><p> Учи­ты­вая, что <img src=\"https://ege.sdamgia.ru/formula/svg/0b/0b3fb12dcfbea5cd6abe1457b8921bc5.svg\" class=\"tex\" style=\"vertical-align:-3.0pt\" alt=\"1,518S=3,53x\"> по­лу­ча­ем:</p><p class=\"left_margin\"></p><center><p><span data-width=\"640\" data-formulahash=\"753549b4857b7fbc99c675b2d8bbd2af\" class=\"tex-span\" style=\"\"><img src=\"https://ege.sdamgia.ru/formula/svg/75/753549b4857b7fbc99c675b2d8bbd2af.svg\" class=\"tex\" style=\"vertical-align:-10.6pt\" alt=\" дробь: чис­ли­тель: 1400 умно­жить на 3,52 умно­жить на 3,53, зна­ме­на­тель: 3 конец дроби мень­ше или равно 1,518S мень­ше или равно 500 умно­жить на 3,52 умно­жить на 3,53 рав­но­силь­но дробь: чис­ли­тель: 1400 умно­жить на 3,52 умно­жить на 3,53, зна­ме­на­тель: 3 умно­жить на 1,518 конец дроби мень­ше или равно S мень­ше или равно дробь: чис­ли­тель: 500 умно­жить на 3,52 умно­жить на 3,53, зна­ме­на­тель: 1,518 конец дроби . \"></span><span data-width=\"540\" data-formulahash=\"753549b4857b7fbc99c675b2d8bbd2af\" class=\"tex-span\" style=\"display:none\"><img src=\"https://ege.sdamgia.ru/formula/svg/24/2406677bf33fca9d803d75b652bede64.svg\" class=\"tex\" style=\"vertical-align:-8.4pt\" alt=\" дробь: чис­ли­тель: 1400 умно­жить на 3,52 умно­жить на 3,53, зна­ме­на­тель: 3 конец дроби мень­ше или равно 1,518S мень­ше или равно 500 умно­жить на 3,52 умно­жить на 3,53 рав­но­силь­но \"><br><img src=\"https://ege.sdamgia.ru/formula/svg/68/6813d2dbaaed6ec8d8d49374175b534d.svg\" class=\"tex\" style=\"vertical-align:-10.5pt\" alt=\" рав­но­силь­но дробь: чис­ли­тель: 1400 умно­жить на 3,52 умно­жить на 3,53, зна­ме­на­тель: 3 умно­жить на 1,518 конец дроби мень­ше или равно S мень­ше или равно дробь: чис­ли­тель: 500 умно­жить на 3,52 умно­жить на 3,53, зна­ме­на­тель: 1,518 конец дроби . \"></span></p><p class=\"left_margin\"></p></center><p> За­ме­тим, что <img src=\"https://ege.sdamgia.ru/formula/svg/41/41e4de6dd80f57bb12c4f6eef1247a29.svg\" class=\"tex\" style=\"vertical-align:-10.5pt\" alt=\"8 мень­ше дробь: чис­ли­тель: 3,52 умно­жить на 3,53, зна­ме­на­тель: 1,518 конец дроби мень­ше 9, \"> тогда</p><p class=\"left_margin\"></p><center><p><span data-width=\"640\" data-formulahash=\"27932d20b03fd9f6de7e7ef21292cc4e\" class=\"tex-span\" style=\"\"><img src=\"https://ege.sdamgia.ru/formula/svg/11/11595be9b3996a9d3b9de5f9e8a23588.svg\" class=\"tex\" style=\"vertical-align:-10.6pt\" alt=\" дробь: чис­ли­тель: 1398 умно­жить на 8, зна­ме­на­тель: 3 конец дроби мень­ше дробь: чис­ли­тель: 1400 умно­жить на 3,52 умно­жить на 3,53, зна­ме­на­тель: 3 умно­жить на 1,518 конец дроби мень­ше или равно S мень­ше или равно дробь: чис­ли­тель: 500 умно­жить на 3,52 умно­жить на 3,53, зна­ме­на­тель: 1,518 конец дроби мень­ше 500 умно­жить на 9 рав­но­силь­но \"><br><img src=\"https://ege.sdamgia.ru/formula/svg/7e/7ef6e100d35b9ae6203b3a47ffd8214e.svg\" class=\"tex\" style=\"vertical-align:-8.5pt\" alt=\" рав­но­силь­но дробь: чис­ли­тель: 1398 умно­жить на 8, зна­ме­на­тель: 3 конец дроби мень­ше S мень­ше 500 умно­жить на 9 рав­но­силь­но 3728 мень­ше S мень­ше 4500. \"></span></p><p class=\"left_margin\"></p></center><p class=\"left_margin\">По усло­вию, сумма кре­ди­та со­став­ля­ет целое число мил­ли­о­нов руб­лей, зна­чит,  <img src=\"https://ege.sdamgia.ru/formula/svg/0a/0ab99641a920f689cd42b0b24e2177f7.svg\" class=\"tex\" style=\"vertical-align:-3.0pt\" alt=\"S=4000,\"> а сумма кре­ди­та равна 4 млн руб.</p><p>&nbsp;</p><p><span style=\"letter-spacing: 2px;\">Ответ:</span> 4 млн руб.</p></div>",
        "image_urls": [
            "https://ege.sdamgia.ru/formula/svg/97/9701456de7de4c18bc9f5e41c6d525d2.svg",
            "https://ege.sdamgia.ru/formula/svg/c2/c266af634fca400927df73dbf52eb612.svg",
            "https://ege.sdamgia.ru/formula/svg/df/dfbcf2ad318ea962c44c5eda0456da9b.svg",
            "https://ege.sdamgia.ru/formula/svg/e5/e556e6ec2105f207bf098043efe68fb8.svg",
            "https://ege.sdamgia.ru/formula/svg/b5/b579e134f436d7118e3d26f55a9e40bf.svg",
            "https://ege.sdamgia.ru/formula/svg/51/51b9c7d019194d01bfd0cd6213f973a5.svg",
            "https://ege.sdamgia.ru/formula/svg/b6/b6fd70e7182c5beed31bbc747e9eb8ce.svg",
            "https://ege.sdamgia.ru/formula/svg/22/22436c83290470f0c57063300b9b6afc.svg",
            "https://ege.sdamgia.ru/formula/svg/f4/f431067b406053dced3d2a0c567b80e9.svg",
            "https://ege.sdamgia.ru/formula/svg/ed/ed385cb92c2d69dbd71ee68e629ab807.svg",
            "https://ege.sdamgia.ru/formula/svg/32/3210bd7a63a04bffb00e4bde0f7131d5.svg",
            "https://ege.sdamgia.ru/formula/svg/ed/ed385cb92c2d69dbd71ee68e629ab807.svg",
            "https://ege.sdamgia.ru/formula/svg/62/62e0639f25496f416ae514676dabc120.svg",
            "https://ege.sdamgia.ru/formula/svg/d7/d7af4384101510e5d1e61fc43cdb832f.svg",
            "https://ege.sdamgia.ru/formula/svg/0b/0b3fb12dcfbea5cd6abe1457b8921bc5.svg",
            "https://ege.sdamgia.ru/formula/svg/75/753549b4857b7fbc99c675b2d8bbd2af.svg",
            "https://ege.sdamgia.ru/formula/svg/24/2406677bf33fca9d803d75b652bede64.svg",
            "https://ege.sdamgia.ru/formula/svg/68/6813d2dbaaed6ec8d8d49374175b534d.svg",
            "https://ege.sdamgia.ru/formula/svg/41/41e4de6dd80f57bb12c4f6eef1247a29.svg",
            "https://ege.sdamgia.ru/formula/svg/11/11595be9b3996a9d3b9de5f9e8a23588.svg",
            "https://ege.sdamgia.ru/formula/svg/7e/7ef6e100d35b9ae6203b3a47ffd8214e.svg",
            "https://ege.sdamgia.ru/formula/svg/0a/0ab99641a920f689cd42b0b24e2177f7.svg"
        ]
    },
    "answer": "4 млн руб.",
    "topic_id": 16,
    "analog_ids": []
}