{
    "gia_type": "ege",
    "subject": "math",
    "id": 635309,
    "condition": {
        "text": "В июне 2025 года Анна Михайловна планирует взять кредит в банке на 3 года. Условия его возврата таковы:  — в январе каждого года долг увеличивается на 10% от суммы долга на конец предыдущего года;  — в период с февраля по июнь каждого из 2026 и 2027 годов необходимо выплатить часть долга, причём платёж 2027 года в 1,5 раза больше платежа предыдущего года;  — в период с февраля по июнь 2028 года выплачивается оставшаяся сумма по кредиту, равная 2 679 600 рублей.Найдите сумму кредита, если сумма всех платежей составит 9 179 600 рублей.",
        "html": "<div align=\"justify\" width=\"100%\" id=\"body515921\" class=\"pbody\"><p class=\"left_margin\">В июне 2025 года Анна Ми­хай­лов­на пла­ни­ру­ет взять кре­дит в банке <nobr>на 3 года.</nobr> Усло­вия его воз­вра­та та­ко­вы:</p><p>  — в ян­ва­ре каж­до­го года долг уве­ли­чи­ва­ет­ся на 10% от суммы долга на конец преды­ду­ще­го года;</p><p>  — в пе­ри­од с фев­ра­ля по июнь каж­до­го из 2026 <nobr>и 2027</nobr> годов не­об­хо­ди­мо вы­пла­тить часть долга, причём платёж 2027 года <nobr>в 1,5 раза</nobr> боль­ше пла­те­жа преды­ду­ще­го года;</p><p>  — в пе­ри­од с фев­ра­ля <nobr>по июнь 2028 года</nobr> вы­пла­чи­ва­ет­ся остав­ша­я­ся сумма по кре­ди­ту, рав­ная 2 679 600 руб­лей.</p><p class=\"left_margin\">Най­ди­те сумму кре­ди­та, если сумма всех пла­те­жей со­ста­вит 9 179 600 руб­лей.</p></div>",
        "image_urls": []
    },
    "solution": {
        "text": "Решение. Пусть сумма кредита равна S руб., выплата в 2026 году равна 2x руб. Заполним таблицу: ГодДолг на январь,руб.Выплата (фев - июн),руб.Долг на декабрь,руб.2025S2026202720282 679 6000 По условию сумма всех платежей составит 9 179 600 рублей:Выразим величину кредита из уравнения:  Подставим значение x,  найденное ранее: руб.Ответ: 7 600 000 рублей.",
        "html": "<div align=\"justify\" width=\"100%\" id=\"sol635309\" class=\"solution\" style=\"clear:both;\" class=\"pbody\"><p class=\"left_margin\"></p><b>Ре­ше­ние<!--rule_info-->. </b><p class=\"left_margin\">Пусть сумма кре­ди­та равна <i>S</i> руб., вы­пла­та в 2026 году равна 2<i>x</i> руб. За­пол­ним таб­ли­цу:</p><p>&nbsp;</p><p></p><p></p><p></p><p></p><p></p><p></p><p></p><p></p><p></p><p></p><p></p><p></p><p></p><p></p><p></p><p></p><p></p><p></p><p></p><p></p><p></p><p></p><p></p><p></p><p></p><p></p><p></p><p></p><p></p><p></p><p></p><table style=\"margin:auto\"><tbody><tr><th style=\"text-align:center\">Год</th><th style=\"text-align:center\">Долг на ян­варь,<br>руб.</th><th style=\"text-align:center\">Вы­пла­та (фев - июн),<br>руб.</th><th style=\"text-align:center\">Долг на де­кабрь,<br>руб.</th></tr><tr><td style=\"text-align:center\">2025</td><td style=\"text-align:center\"></td><td style=\"text-align:center\"></td><td style=\"text-align:center\"><i>S</i></td></tr><tr><td style=\"text-align:center\">2026</td><td style=\"text-align:center\"><img src=\"https://ege.sdamgia.ru/formula/svg/34/34197e9ce01c1246c0edb5e18e92214f.svg\" class=\"tex\" style=\"vertical-align:-3.0pt\" alt=\"1,1S\"></td><td style=\"text-align:center\"><img src=\"https://ege.sdamgia.ru/formula/svg/22/2204c2b4d60ae2fd5279ec54cfaed2a4.svg\" class=\"tex\" style=\"vertical-align:-1.8pt\" alt=\"2x\"></td><td style=\"text-align:center\"><img src=\"https://ege.sdamgia.ru/formula/svg/79/79fabc95ddb61984df078055e7265b41.svg\" class=\"tex\" style=\"vertical-align:-3.0pt\" alt=\"1,1S минус 2x\"></td></tr><tr><td style=\"text-align:center\">2027</td><td style=\"text-align:center\"><img src=\"https://ege.sdamgia.ru/formula/svg/54/549e0c90146112dfb31b373745fc535f.svg\" class=\"tex\" style=\"vertical-align:-3.6pt\" alt=\"1,1 умно­жить на левая круг­лая скоб­ка 1,1S минус 2x пра­вая круг­лая скоб­ка \"></td><td style=\"text-align:center\"><img src=\"https://ege.sdamgia.ru/formula/svg/e7/e70ceb6c3ee2bd4dd0468e5995031f15.svg\" class=\"tex\" style=\"vertical-align:-3.0pt\" alt=\"2x умно­жить на 1,5=3x\"></td><td style=\"text-align:center\"><img src=\"https://ege.sdamgia.ru/formula/svg/11/1199fa79d482f77c15b428a8688369fb.svg\" class=\"tex\" style=\"vertical-align:-3.6pt\" alt=\"1,1 умно­жить на левая круг­лая скоб­ка 1,1S минус 2x пра­вая круг­лая скоб­ка минус 3x\"></td></tr><tr><td style=\"text-align:center\">2028</td><td style=\"text-align:center\"><img src=\"https://ege.sdamgia.ru/formula/svg/04/044e34d120af63b7637613138e099a21.svg\" class=\"tex\" style=\"vertical-align:-3.6pt\" alt=\"1,1 умно­жить на левая круг­лая скоб­ка 1,1 умно­жить на левая круг­лая скоб­ка 1,1S минус 2x пра­вая круг­лая скоб­ка минус 3x пра­вая круг­лая скоб­ка \"></td><td style=\"text-align:center\">2 679 600</td><td style=\"text-align:center\">0</td></tr></tbody></table><p>&nbsp;</p><p class=\"left_margin\">По усло­вию сумма всех пла­те­жей со­ста­вит 9 179 600 руб­лей:</p><p class=\"left_margin\"></p><center><p><img src=\"https://ege.sdamgia.ru/formula/svg/d9/d9c31f88d417b5ea6ad0be202b609216.svg\" class=\"tex\" style=\"vertical-align:-1.8pt\" alt=\"2x плюс 3x плюс 2679600=9179600 рав­но­силь­но x=1300000.\"></p><p class=\"left_margin\"></p></center><p class=\"left_margin\">Вы­ра­зим ве­ли­чи­ну кре­ди­та из урав­не­ния: </p><p class=\"left_margin\"></p><center><p><span data-width=\"640\" data-formulahash=\"00abe295d81a30e85a57a6b53f44bfc3\" class=\"tex-span\" style=\"\"><img src=\"https://ege.sdamgia.ru/formula/svg/fa/fae92fb26e347f1a4e7792f28a6299b3.svg\" class=\"tex\" style=\"vertical-align:-3.6pt\" alt=\"1,1 умно­жить на левая круг­лая скоб­ка 1,1 умно­жить на левая круг­лая скоб­ка 1,1S минус 2x пра­вая круг­лая скоб­ка минус 3x пра­вая круг­лая скоб­ка минус 2679600=0 рав­но­силь­но 1,331S минус 5,72x=2679600 рав­но­силь­но \"><br><img src=\"https://ege.sdamgia.ru/formula/svg/43/430ad1756f92b29fc51563b2ab144142.svg\" class=\"tex\" style=\"vertical-align:-10.5pt\" alt=\" рав­но­силь­но 1,331S=2679600 плюс 5,72x рав­но­силь­но S= дробь: чис­ли­тель: 2679600 плюс 5,72x, зна­ме­на­тель: 1,331 конец дроби . \"></span><span data-width=\"465\" data-formulahash=\"00abe295d81a30e85a57a6b53f44bfc3\" class=\"tex-span\" style=\"display:none\"><img src=\"https://ege.sdamgia.ru/formula/svg/68/68e4853968c491e1f4a536c1cfe63393.svg\" class=\"tex\" style=\"vertical-align:-3.6pt\" alt=\"1,1 умно­жить на левая круг­лая скоб­ка 1,1 умно­жить на левая круг­лая скоб­ка 1,1S минус 2x пра­вая круг­лая скоб­ка минус 3x пра­вая круг­лая скоб­ка минус 2679600=0 рав­но­силь­но \"><br><img src=\"https://ege.sdamgia.ru/formula/svg/67/67ceb420861e20cb37d3f95de20c62ac.svg\" class=\"tex\" style=\"vertical-align:-3.0pt\" alt=\" рав­но­силь­но 1,331S минус 5,72x=2679600 рав­но­силь­но \"><br><img src=\"https://ege.sdamgia.ru/formula/svg/43/430ad1756f92b29fc51563b2ab144142.svg\" class=\"tex\" style=\"vertical-align:-10.5pt\" alt=\" рав­но­силь­но 1,331S=2679600 плюс 5,72x рав­но­силь­но S= дробь: чис­ли­тель: 2679600 плюс 5,72x, зна­ме­на­тель: 1,331 конец дроби . \"></span><span data-width=\"340\" data-formulahash=\"00abe295d81a30e85a57a6b53f44bfc3\" class=\"tex-span\" style=\"display:none\"><img src=\"https://ege.sdamgia.ru/formula/svg/68/68e4853968c491e1f4a536c1cfe63393.svg\" class=\"tex\" style=\"vertical-align:-3.6pt\" alt=\"1,1 умно­жить на левая круг­лая скоб­ка 1,1 умно­жить на левая круг­лая скоб­ка 1,1S минус 2x пра­вая круг­лая скоб­ка минус 3x пра­вая круг­лая скоб­ка минус 2679600=0 рав­но­силь­но \"><br><img src=\"https://ege.sdamgia.ru/formula/svg/67/67ceb420861e20cb37d3f95de20c62ac.svg\" class=\"tex\" style=\"vertical-align:-3.0pt\" alt=\" рав­но­силь­но 1,331S минус 5,72x=2679600 рав­но­силь­но \"><br><img src=\"https://ege.sdamgia.ru/formula/svg/93/93935ead50a8f24aec6db5b4773648f5.svg\" class=\"tex\" style=\"vertical-align:-3.0pt\" alt=\" рав­но­силь­но 1,331S=2679600 плюс 5,72x рав­но­силь­но \"><br><img src=\"https://ege.sdamgia.ru/formula/svg/d6/d6292a1665ffc922bb1a3515941e6f63.svg\" class=\"tex\" style=\"vertical-align:-10.5pt\" alt=\" рав­но­силь­но S= дробь: чис­ли­тель: 2679600 плюс 5,72x, зна­ме­на­тель: 1,331 конец дроби . \"></span></p><p class=\"left_margin\"></p></center><p> Под­ста­вим зна­че­ние <i>x</i>,  най­ден­ное ранее:</p><p class=\"left_margin\"></p><center><p><img src=\"https://ege.sdamgia.ru/formula/svg/c4/c40a9164ba91f7c07cbc9e6dc4e948c3.svg\" class=\"tex\" style=\"vertical-align:-10.5pt\" alt=\"S= дробь: чис­ли­тель: 2679600 плюс 5,72 умно­жить на 1300000 , зна­ме­на­тель: 1,331 конец дроби =7600000 \"> руб.</p><p class=\"left_margin\"></p></center><p><span style=\"letter-spacing: 2px;\">Ответ:</span> 7 600 000 руб­лей.</p></div>",
        "image_urls": [
            "https://ege.sdamgia.ru/formula/svg/34/34197e9ce01c1246c0edb5e18e92214f.svg",
            "https://ege.sdamgia.ru/formula/svg/22/2204c2b4d60ae2fd5279ec54cfaed2a4.svg",
            "https://ege.sdamgia.ru/formula/svg/79/79fabc95ddb61984df078055e7265b41.svg",
            "https://ege.sdamgia.ru/formula/svg/54/549e0c90146112dfb31b373745fc535f.svg",
            "https://ege.sdamgia.ru/formula/svg/e7/e70ceb6c3ee2bd4dd0468e5995031f15.svg",
            "https://ege.sdamgia.ru/formula/svg/11/1199fa79d482f77c15b428a8688369fb.svg",
            "https://ege.sdamgia.ru/formula/svg/04/044e34d120af63b7637613138e099a21.svg",
            "https://ege.sdamgia.ru/formula/svg/d9/d9c31f88d417b5ea6ad0be202b609216.svg",
            "https://ege.sdamgia.ru/formula/svg/fa/fae92fb26e347f1a4e7792f28a6299b3.svg",
            "https://ege.sdamgia.ru/formula/svg/43/430ad1756f92b29fc51563b2ab144142.svg",
            "https://ege.sdamgia.ru/formula/svg/68/68e4853968c491e1f4a536c1cfe63393.svg",
            "https://ege.sdamgia.ru/formula/svg/67/67ceb420861e20cb37d3f95de20c62ac.svg",
            "https://ege.sdamgia.ru/formula/svg/43/430ad1756f92b29fc51563b2ab144142.svg",
            "https://ege.sdamgia.ru/formula/svg/68/68e4853968c491e1f4a536c1cfe63393.svg",
            "https://ege.sdamgia.ru/formula/svg/67/67ceb420861e20cb37d3f95de20c62ac.svg",
            "https://ege.sdamgia.ru/formula/svg/93/93935ead50a8f24aec6db5b4773648f5.svg",
            "https://ege.sdamgia.ru/formula/svg/d6/d6292a1665ffc922bb1a3515941e6f63.svg",
            "https://ege.sdamgia.ru/formula/svg/c4/c40a9164ba91f7c07cbc9e6dc4e948c3.svg"
        ]
    },
    "answer": "7 600 000 руб­лей.",
    "topic_id": 16,
    "analog_ids": []
}