{
    "gia_type": "ege",
    "subject": "math",
    "id": 636518,
    "condition": {
        "text": "15-го декабря планируется взять кредит в банке на сумму 700 тысяч рублей на (n + 1) месяц. Условия его возврата таковы:   — 1-го числа каждого месяца долг возрастает на 1% по сравнению с концом предыдущего месяца;   — со 2-го по 14-е число каждого месяца необходимо выплатить часть долга;   — 15-го числа каждого месяца с 1-го по n-й долг должен быть на одну и ту же сумму меньше долга на 15-е число предыдущего месяца;   — 15-го числа n-го месяца долг составит 300 тысяч рублей;   — к 15-му числу -го месяца кредит должен быть полностью погашен. Найдите n, если известно, что общая сумма выплат после полного погашения кредита составит 755 тысяч рублей.",
        "html": "<div align=\"justify\" width=\"100%\" id=\"body514202\" class=\"pbody\"><p class=\"left_margin\">15-го де­каб­ря пла­ни­ру­ет­ся взять кре­дит в банке на сумму 700 тысяч руб­лей на (<i>n</i> + 1) месяц. Усло­вия его воз­вра­та та­ко­вы: </p><p>  — 1-го числа каж­до­го ме­ся­ца долг воз­рас­та­ет на 1% по срав­не­нию с кон­цом преды­ду­ще­го ме­ся­ца; </p><p>  — со 2-го по 14-е число каж­до­го ме­ся­ца не­об­хо­ди­мо вы­пла­тить часть долга; </p><p>  — 15-го числа каж­до­го ме­ся­ца с 1-го по <i>n</i>-й долг дол­жен быть на одну и ту же сумму мень­ше долга на 15-е число преды­ду­ще­го ме­ся­ца; </p><p>  — 15-го числа <i>n</i>-го ме­ся­ца долг со­ста­вит 300 тысяч руб­лей; </p><p>  — к 15-му числу <img src=\"https://ege.sdamgia.ru/formula/svg/06/06fc1a78b9aaaee997b0adbfa5992f6c.svg\" class=\"tex\" style=\"vertical-align:-3.6pt\" alt=\" левая круг­лая скоб­ка n плюс 1 пра­вая круг­лая скоб­ка \">-го ме­ся­ца кре­дит дол­жен быть пол­но­стью по­га­шен. </p><p class=\"left_margin\">Най­ди­те <i>n</i>, если из­вест­но, что общая сумма вы­плат после пол­но­го по­га­ше­ния кре­ди­та со­ста­вит 755 тысяч руб­лей.</p></div>",
        "image_urls": [
            "https://ege.sdamgia.ru/formula/svg/06/06fc1a78b9aaaee997b0adbfa5992f6c.svg"
        ]
    },
    "solution": {
        "text": "Решение. За n месяцев долг должен равномерно уменьшиться с 700 тыс. руб. до 300 тыс. руб., т. е. на 400 тыс. руб. Значит, ежемесячно долг уменьшался на  тыс. руб. Заполним таблицу. Номер месяцаДолг на 1 число месяца,тыс. руб.Выплата,тыс. руб.Долг на 15 число месяца,тыс. руб.12............n0 Выплаты за первые n месяцев представляют собой арифметическую прогрессию. Найдём ее сумму: С другой стороны, эта сумма равна  тыс. руб. Учитывая, что  получаем:Ответ: 10.",
        "html": "<div align=\"justify\" width=\"100%\" id=\"sol636518\" class=\"solution\" style=\"clear:both;\" class=\"pbody\"><p class=\"left_margin\"></p><b>Ре­ше­ние<!--rule_info-->. </b><p class=\"left_margin\">За <i>n</i> ме­ся­цев долг дол­жен рав­но­мер­но умень­шить­ся с 700 тыс. руб. до 300 тыс. руб., т. е. на 400 тыс. руб. Зна­чит, еже­ме­сяч­но долг умень­шал­ся на <nobr><img src=\"https://ege.sdamgia.ru/formula/svg/a2/a27373f92d5c38c791cfe33b96b8c08a.svg\" class=\"tex\" style=\"vertical-align:-8.5pt\" alt=\"x= дробь: чис­ли­тель: 400, зна­ме­на­тель: n конец дроби \"> тыс. руб.</nobr> За­пол­ним таб­ли­цу.</p><p>&nbsp;</p><p></p><p></p><p></p><p></p><p></p><p></p><p></p><p></p><p></p><p></p><p></p><p></p><p></p><p></p><p></p><p></p><p></p><p></p><p></p><p></p><p></p><p></p><p></p><p></p><p></p><p></p><p></p><p></p><p></p><p></p><p></p><p></p><p></p><p></p><p></p><p></p><p></p><p></p><p></p><p></p><p></p><p></p><p></p><p></p><p></p><p></p><p></p><p></p><p></p><p></p><table style=\"margin:auto\"><tbody><tr><th style=\"text-align:center\">Номер ме­ся­ца</th><th style=\"text-align:center\">Долг на 1 число ме­ся­ца,<br>тыс. руб.</th><th style=\"text-align:center\">Вы­пла­та,<br>тыс. руб.</th><th style=\"text-align:center\">Долг на 15 число ме­ся­ца,<br>тыс. руб.</th></tr><tr><td style=\"text-align:center\"></td><td style=\"text-align:center\"></td><td style=\"text-align:center\"></td><td style=\"text-align:center\"><img src=\"https://ege.sdamgia.ru/formula/svg/e5/e5841df2166dd424a57127423d276bbe.svg\" class=\"tex\" style=\"vertical-align:-1.8pt\" alt=\"700\"></td></tr><tr><td style=\"text-align:center\">1</td><td style=\"text-align:center\"><img src=\"https://ege.sdamgia.ru/formula/svg/fe/fe72494b686def718897d30fa9206cf2.svg\" class=\"tex\" style=\"vertical-align:-3.0pt\" alt=\"700 умно­жить на 1,01\"></td><td style=\"text-align:center\"><img src=\"https://ege.sdamgia.ru/formula/svg/fc/fce9ab31844c3178faca2f9651086661.svg\" class=\"tex\" style=\"vertical-align:-3.6pt\" alt=\"700 умно­жить на 1,01 минус левая круг­лая скоб­ка 700 минус x пра­вая круг­лая скоб­ка \"></td><td style=\"text-align:center\"><img src=\"https://ege.sdamgia.ru/formula/svg/23/236a2c57524c1ee450d73b2bd4f23663.svg\" class=\"tex\" style=\"vertical-align:-1.8pt\" alt=\"700 минус x \"></td></tr><tr><td style=\"text-align:center\">2</td><td style=\"text-align:center\"><img src=\"https://ege.sdamgia.ru/formula/svg/f7/f73313da2ab840d9adf6b621765daae4.svg\" class=\"tex\" style=\"vertical-align:-3.6pt\" alt=\" левая круг­лая скоб­ка 700 минус x пра­вая круг­лая скоб­ка умно­жить на 1,01\"></td><td style=\"text-align:center\"><img src=\"https://ege.sdamgia.ru/formula/svg/53/5391e7dcdfd7f2b2ebf697cfcbf52868.svg\" class=\"tex\" style=\"vertical-align:-3.6pt\" alt=\" левая круг­лая скоб­ка 700 минус x пра­вая круг­лая скоб­ка умно­жить на 1,01 минус левая круг­лая скоб­ка 700 минус 2x пра­вая круг­лая скоб­ка \"></td><td style=\"text-align:center\"><img src=\"https://ege.sdamgia.ru/formula/svg/0b/0b3ab1524c323f561af592a21e8a978a.svg\" class=\"tex\" style=\"vertical-align:-1.8pt\" alt=\"700 минус 2x\"></td></tr><tr><td style=\"text-align:center\">...</td><td style=\"text-align:center\">...</td><td style=\"text-align:center\">...</td><td style=\"text-align:center\">...</td></tr><tr><td style=\"text-align:center\"><img src=\"https://ege.sdamgia.ru/formula/svg/a4/a438673491daae8148eae77373b6a467.svg\" class=\"tex\" style=\"vertical-align:-1.8pt\" alt=\"n минус 1\"></td><td style=\"text-align:center\"><img src=\"https://ege.sdamgia.ru/formula/svg/f0/f0beee325c92a6359242ee30c22357a0.svg\" class=\"tex\" style=\"vertical-align:-3.6pt\" alt=\" левая круг­лая скоб­ка 300 плюс 2x пра­вая круг­лая скоб­ка умно­жить на 1,01\"></td><td style=\"text-align:center\"><img src=\"https://ege.sdamgia.ru/formula/svg/d8/d8f9d5584f4d6f05b21183b428fe7632.svg\" class=\"tex\" style=\"vertical-align:-3.6pt\" alt=\" левая круг­лая скоб­ка 300 плюс 2x пра­вая круг­лая скоб­ка умно­жить на 1,01 минус левая круг­лая скоб­ка 300 плюс x пра­вая круг­лая скоб­ка \"></td><td style=\"text-align:center\"><img src=\"https://ege.sdamgia.ru/formula/svg/da/dac566902cf551a0db54334434511688.svg\" class=\"tex\" style=\"vertical-align:-1.8pt\" alt=\"300 плюс x\"></td></tr><tr><td style=\"text-align:center\"><i>n</i></td><td style=\"text-align:center\"><img src=\"https://ege.sdamgia.ru/formula/svg/77/7791725c58e29d65478111f0a820b4ab.svg\" class=\"tex\" style=\"vertical-align:-3.6pt\" alt=\" левая круг­лая скоб­ка 300 плюс x пра­вая круг­лая скоб­ка умно­жить на 1,01\"></td><td style=\"text-align:center\"><img src=\"https://ege.sdamgia.ru/formula/svg/43/438bc4f2196f1be21cfc013d3f987240.svg\" class=\"tex\" style=\"vertical-align:-3.6pt\" alt=\" левая круг­лая скоб­ка 300 плюс x пра­вая круг­лая скоб­ка умно­жить на 1,01 минус 300\"></td><td style=\"text-align:center\"><img src=\"https://ege.sdamgia.ru/formula/svg/94/94f6d7e04a4d452035300f18b984988c.svg\" class=\"tex\" style=\"vertical-align:-1.8pt\" alt=\"300\"></td></tr><tr><td style=\"text-align:center\"><img src=\"https://ege.sdamgia.ru/formula/svg/40/40b85027598d87611b1c8d5d11e46812.svg\" class=\"tex\" style=\"vertical-align:-1.8pt\" alt=\"n плюс 1\"></td><td style=\"text-align:center\"><img src=\"https://ege.sdamgia.ru/formula/svg/19/194e46053ab2d6a47d67441e4538af47.svg\" class=\"tex\" style=\"vertical-align:-3.0pt\" alt=\"300 умно­жить на 1,01\"></td><td style=\"text-align:center\"><img src=\"https://ege.sdamgia.ru/formula/svg/b7/b796a407a9ccaf91a8fe1e487e9ee162.svg\" class=\"tex\" style=\"vertical-align:-3.0pt\" alt=\"300 умно­жить на 1,01 минус 0\"></td><td style=\"text-align:center\">0</td></tr></tbody></table><p>&nbsp;</p><p class=\"left_margin\">Вы­пла­ты за пер­вые <i>n</i> ме­ся­цев пред­став­ля­ют собой ариф­ме­ти­че­скую про­грес­сию. Найдём ее сумму:</p><p class=\"left_margin\"></p><center><p><span data-width=\"640\" data-formulahash=\"b17666b11ce625cbe6e20c93b9117000\" class=\"tex-span\" style=\"\"><img src=\"https://ege.sdamgia.ru/formula/svg/b1/b17666b11ce625cbe6e20c93b9117000.svg\" class=\"tex\" style=\"vertical-align:-8.3pt\" alt=\"S_n= дробь: чис­ли­тель: 700 умно­жить на 1,01 минус левая круг­лая скоб­ка 700 минус x пра­вая круг­лая скоб­ка плюс левая круг­лая скоб­ка 300 плюс x пра­вая круг­лая скоб­ка умно­жить на 1,01 минус 300, зна­ме­на­тель: 2 конец дроби умно­жить на n= дробь: чис­ли­тель: 7 плюс x плюс 3 плюс 1,01x, зна­ме­на­тель: 2 конец дроби умно­жить на n= левая круг­лая скоб­ка 5 плюс 1,005x пра­вая круг­лая скоб­ка умно­жить на n. \"></span><span data-width=\"615\" data-formulahash=\"b17666b11ce625cbe6e20c93b9117000\" class=\"tex-span\" style=\"display:none\"><img src=\"https://ege.sdamgia.ru/formula/svg/e6/e60ff9074625d0c68ce4f8c29a8c981d.svg\" class=\"tex\" style=\"vertical-align:-8.4pt\" alt=\"S_n= дробь: чис­ли­тель: 700 умно­жить на 1,01 минус левая круг­лая скоб­ка 700 минус x пра­вая круг­лая скоб­ка плюс левая круг­лая скоб­ка 300 плюс x пра­вая круг­лая скоб­ка умно­жить на 1,01 минус 300, зна­ме­на­тель: 2 конец дроби умно­жить на n= \"><br><img src=\"https://ege.sdamgia.ru/formula/svg/b5/b57ddc463c299ad39a7cf3e363f6fa82.svg\" class=\"tex\" style=\"vertical-align:-8.4pt\" alt=\"= дробь: чис­ли­тель: 7 плюс x плюс 3 плюс 1,01x, зна­ме­на­тель: 2 конец дроби умно­жить на n= левая круг­лая скоб­ка 5 плюс 1,005x пра­вая круг­лая скоб­ка умно­жить на n. \"></span><span data-width=\"340\" data-formulahash=\"b17666b11ce625cbe6e20c93b9117000\" class=\"tex-span\" style=\"display:none\"><img src=\"https://ege.sdamgia.ru/formula/svg/85/8504d6619b84cc7b39e68ff124bef02f.svg\" class=\"tex\" style=\"vertical-align:-2.5pt\" alt=\"S_n=\"><br><img src=\"https://ege.sdamgia.ru/formula/svg/5a/5a2a52f1a01e358f1c3e63353b2a1bfe.svg\" class=\"tex\" style=\"vertical-align:-8.4pt\" alt=\"= дробь: чис­ли­тель: 700 умно­жить на 1,01 минус левая круг­лая скоб­ка 700 минус x пра­вая круг­лая скоб­ка плюс левая круг­лая скоб­ка 300 плюс x пра­вая круг­лая скоб­ка умно­жить на 1,01 минус 300, зна­ме­на­тель: 2 конец дроби умно­жить на n= \"><br><img src=\"https://ege.sdamgia.ru/formula/svg/b5/b57ddc463c299ad39a7cf3e363f6fa82.svg\" class=\"tex\" style=\"vertical-align:-8.4pt\" alt=\"= дробь: чис­ли­тель: 7 плюс x плюс 3 плюс 1,01x, зна­ме­на­тель: 2 конец дроби умно­жить на n= левая круг­лая скоб­ка 5 плюс 1,005x пра­вая круг­лая скоб­ка умно­жить на n. \"></span></p><p class=\"left_margin\"></p></center><p> С дру­гой сто­ро­ны, эта сумма равна <nobr><img src=\"https://ege.sdamgia.ru/formula/svg/23/239b1f6627ab7ec0ba4905e2ca6fb426.svg\" class=\"tex\" style=\"vertical-align:-3.0pt\" alt=\"755 минус 300 умно­жить на 1,01=452\"> тыс. руб.</nobr> Учи­ты­вая, что <img src=\"https://ege.sdamgia.ru/formula/svg/b5/b50f3f6ebd68f7b243bd6e9dc68fc053.svg\" class=\"tex\" style=\"vertical-align:-8.5pt\" alt=\"x= дробь: чис­ли­тель: 400, зна­ме­на­тель: n конец дроби , \"> по­лу­ча­ем:</p><p class=\"left_margin\"></p><center><p><img src=\"https://ege.sdamgia.ru/formula/svg/55/55e9cefb7a0f55741206da2a076496d0.svg\" class=\"tex\" style=\"vertical-align:-11.1pt\" alt=\" левая круг­лая скоб­ка 5 плюс 1,005 умно­жить на дробь: чис­ли­тель: 400, зна­ме­на­тель: n конец дроби пра­вая круг­лая скоб­ка умно­жить на n =452 рав­но­силь­но 5n плюс 402=452 рав­но­силь­но n=10. \"></p><p class=\"left_margin\"></p></center><p><span style=\"letter-spacing: 2px;\">Ответ:</span> 10.</p></div>",
        "image_urls": [
            "https://ege.sdamgia.ru/formula/svg/a2/a27373f92d5c38c791cfe33b96b8c08a.svg",
            "https://ege.sdamgia.ru/formula/svg/e5/e5841df2166dd424a57127423d276bbe.svg",
            "https://ege.sdamgia.ru/formula/svg/fe/fe72494b686def718897d30fa9206cf2.svg",
            "https://ege.sdamgia.ru/formula/svg/fc/fce9ab31844c3178faca2f9651086661.svg",
            "https://ege.sdamgia.ru/formula/svg/23/236a2c57524c1ee450d73b2bd4f23663.svg",
            "https://ege.sdamgia.ru/formula/svg/f7/f73313da2ab840d9adf6b621765daae4.svg",
            "https://ege.sdamgia.ru/formula/svg/53/5391e7dcdfd7f2b2ebf697cfcbf52868.svg",
            "https://ege.sdamgia.ru/formula/svg/0b/0b3ab1524c323f561af592a21e8a978a.svg",
            "https://ege.sdamgia.ru/formula/svg/a4/a438673491daae8148eae77373b6a467.svg",
            "https://ege.sdamgia.ru/formula/svg/f0/f0beee325c92a6359242ee30c22357a0.svg",
            "https://ege.sdamgia.ru/formula/svg/d8/d8f9d5584f4d6f05b21183b428fe7632.svg",
            "https://ege.sdamgia.ru/formula/svg/da/dac566902cf551a0db54334434511688.svg",
            "https://ege.sdamgia.ru/formula/svg/77/7791725c58e29d65478111f0a820b4ab.svg",
            "https://ege.sdamgia.ru/formula/svg/43/438bc4f2196f1be21cfc013d3f987240.svg",
            "https://ege.sdamgia.ru/formula/svg/94/94f6d7e04a4d452035300f18b984988c.svg",
            "https://ege.sdamgia.ru/formula/svg/40/40b85027598d87611b1c8d5d11e46812.svg",
            "https://ege.sdamgia.ru/formula/svg/19/194e46053ab2d6a47d67441e4538af47.svg",
            "https://ege.sdamgia.ru/formula/svg/b7/b796a407a9ccaf91a8fe1e487e9ee162.svg",
            "https://ege.sdamgia.ru/formula/svg/b1/b17666b11ce625cbe6e20c93b9117000.svg",
            "https://ege.sdamgia.ru/formula/svg/e6/e60ff9074625d0c68ce4f8c29a8c981d.svg",
            "https://ege.sdamgia.ru/formula/svg/b5/b57ddc463c299ad39a7cf3e363f6fa82.svg",
            "https://ege.sdamgia.ru/formula/svg/85/8504d6619b84cc7b39e68ff124bef02f.svg",
            "https://ege.sdamgia.ru/formula/svg/5a/5a2a52f1a01e358f1c3e63353b2a1bfe.svg",
            "https://ege.sdamgia.ru/formula/svg/b5/b57ddc463c299ad39a7cf3e363f6fa82.svg",
            "https://ege.sdamgia.ru/formula/svg/23/239b1f6627ab7ec0ba4905e2ca6fb426.svg",
            "https://ege.sdamgia.ru/formula/svg/b5/b50f3f6ebd68f7b243bd6e9dc68fc053.svg",
            "https://ege.sdamgia.ru/formula/svg/55/55e9cefb7a0f55741206da2a076496d0.svg"
        ]
    },
    "answer": "10.",
    "topic_id": 16,
    "analog_ids": []
}