{
    "gia_type": "ege",
    "subject": "math",
    "id": 642751,
    "condition": {
        "text": "В июле 2025 года планируется взять кредит в банке на сумму 1400 тысяч рублей на 10 лет. Условия его возврата таковы:  —  каждый январь долг возрастает на 10% по сравнению с концом предыдущего года;  —  с февраля по июнь необходимо выплатить часть долга;  —  в июле 2026, 2027, 2028, 2029, 2030 годов долг должен быть на одну и ту же сумму меньше долга на июль предыдущего года;  —  в июле 2031, 2032, 2033, 2034, 2035 годов долг должен быть на другую одну и ту же сумму меньше долга на июль предыдущего года;  —  к июлю 2035 года долг должен быть полностью погашен.Найдите платёж в 2026 году, если общая сумма выплат по кредиту составила 2120 тыс. рублей.",
        "html": "<div align=\"justify\" width=\"100%\" id=\"body499779\" class=\"pbody\"><p class=\"left_margin\">В июле 2025 года пла­ни­ру­ет­ся взять кре­дит в банке на сумму 1400 тысяч руб­лей на 10 лет. Усло­вия его воз­вра­та та­ко­вы:</p><p>  —  каж­дый ян­варь долг воз­рас­та­ет на 10% по срав­не­нию с кон­цом преды­ду­ще­го года;</p><p>  —  с фев­ра­ля по июнь не­об­хо­ди­мо вы­пла­тить часть долга;</p><p>  —  в июле 2026, 2027, 2028, 2029, 2030 годов долг дол­жен быть на одну и ту же сумму мень­ше долга на июль преды­ду­ще­го года;</p><p>  —  в июле 2031, 2032, 2033, 2034, 2035 годов долг дол­жен быть на дру­гую одну и ту же сумму мень­ше долга на июль преды­ду­ще­го года;</p><p>  —  к июлю 2035 года долг дол­жен быть пол­но­стью по­га­шен.</p><p class=\"left_margin\">Най­ди­те платёж в 2026 году, если общая сумма вы­плат по кре­ди­ту со­ста­ви­ла 2120 тыс. руб­лей.</p></div>",
        "image_urls": []
    },
    "solution": {
        "text": "Решение. Обозначим для удобства изначальную сумму кредита за S  =  1400 тыс. руб. Пусть x тыс. руб.  — постоянная сумма на которую уменьшается долг каждый июль с 2026 по 2030 год, а y тыс. руб.  — с 2031 по 2035 года. Тогда суммы долга в июле по годам с 2025 по 2035 составят:            Из последнего равенства следует, что x + y  =  280, откуда y  =  280 – x.Пусть  k  =  0,1, тогда проценты начисленные с 2026 по 2035 год составят:  kS,          а выплаты  в соответствующие годы будут:          Тогда сумма выплат является суммой двух различных арифметических прогрессий по пять членов в каждой и составит:Тогда выплата за 2026 год составит: kS + x  =  300 тыс. руб. Ответ: 300 тыс. руб.",
        "html": "<div align=\"justify\" width=\"100%\" id=\"sol642751\" class=\"solution\" style=\"clear:both;\" class=\"pbody\"><p class=\"left_margin\"></p><b>Ре­ше­ние<!--rule_info-->. </b><p class=\"left_margin\">Обо­зна­чим для удоб­ства из­на­чаль­ную сумму кре­ди­та за <i>S</i>  =  1400 тыс. руб. Пусть <i>x</i> тыс. руб.  — по­сто­ян­ная сумма на ко­то­рую умень­ша­ет­ся долг каж­дый июль с 2026 по 2030 год, а <i>y</i> тыс. руб.  — с 2031 по 2035 года. Тогда суммы долга в июле по годам с 2025 по 2035 со­ста­вят:</p><p></p><div class=\"flex-math\"> <p><img src=\"https://ege.sdamgia.ru/formula/svg/a9/a9d91cbc792083bcdc7cbfc9b867d08e.svg\" class=\"tex\" style=\"vertical-align:-3.0pt\" alt=\" S ,\"> <img src=\"https://ege.sdamgia.ru/formula/svg/5b/5bef6101b685a01c26588479fc89daf2.svg\" class=\"tex\" style=\"vertical-align:-3.0pt\" alt=\" S минус x,\"> <img src=\"https://ege.sdamgia.ru/formula/svg/12/12fed2ffde0c67af0d75b5ea042caaad.svg\" class=\"tex\" style=\"vertical-align:-3.0pt\" alt=\" S минус 2x,\"> <img src=\"https://ege.sdamgia.ru/formula/svg/9c/9c1a87963cf81f317f12603bdc250af0.svg\" class=\"tex\" style=\"vertical-align:-3.0pt\" alt=\" S минус 3x,\"> <img src=\"https://ege.sdamgia.ru/formula/svg/bd/bd0cb52095c525ed3803a659e774eb22.svg\" class=\"tex\" style=\"vertical-align:-3.0pt\" alt=\" S минус 4x,\"> <img src=\"https://ege.sdamgia.ru/formula/svg/fc/fce22090cb3662a2060595265b284ec3.svg\" class=\"tex\" style=\"vertical-align:-3.0pt\" alt=\" S минус 5x,\"> <img src=\"https://ege.sdamgia.ru/formula/svg/10/10e47aa73299589a69d2e617a0f4952b.svg\" class=\"tex\" style=\"vertical-align:-3.0pt\" alt=\" S минус 5x минус y,\"> <img src=\"https://ege.sdamgia.ru/formula/svg/28/287854530c74ea1e6edfd941a860b599.svg\" class=\"tex\" style=\"vertical-align:-3.0pt\" alt=\" S минус 5x минус 2y,\"> <img src=\"https://ege.sdamgia.ru/formula/svg/e5/e508b39629457512047564ec786fa081.svg\" class=\"tex\" style=\"vertical-align:-3.0pt\" alt=\" S минус 5x минус 3y,\"> <img src=\"https://ege.sdamgia.ru/formula/svg/e9/e92af0aadb46ece9e9ea00495e237ff9.svg\" class=\"tex\" style=\"vertical-align:-3.0pt\" alt=\" S минус 5x минус 4y,\"> <img src=\"https://ege.sdamgia.ru/formula/svg/bf/bf7b303c012763d7c9e6bba614a18130.svg\" class=\"tex\" style=\"vertical-align:-3.0pt\" alt=\" S минус 5x минус 5y=0.\"></p><p></p></div><p> Из по­след­не­го ра­вен­ства сле­ду­ет, что <i>x</i> + <i>y</i>  =  280, от­ку­да <i>y</i>  =  280 – <i>x</i>.</p><p class=\"left_margin\">Пусть  <i>k</i>  =  0,1, тогда про­цен­ты на­чис­лен­ные с 2026 по 2035 год со­ста­вят: </p><p></p><div class=\"flex-math\"> <p><i>kS</i>, <img src=\"https://ege.sdamgia.ru/formula/svg/e2/e25c01f83261c21b8db508a4603614fa.svg\" class=\"tex\" style=\"vertical-align:-3.6pt\" alt=\" k левая круг­лая скоб­ка S минус x пра­вая круг­лая скоб­ка ,\"> <img src=\"https://ege.sdamgia.ru/formula/svg/f6/f6c1e7b3ea48fecfa13c537784fa1b9f.svg\" class=\"tex\" style=\"vertical-align:-3.6pt\" alt=\" k левая круг­лая скоб­ка S минус 2x пра­вая круг­лая скоб­ка ,\"> <img src=\"https://ege.sdamgia.ru/formula/svg/a1/a128191bb947bcfbeb4574d45f2a7059.svg\" class=\"tex\" style=\"vertical-align:-3.6pt\" alt=\" k левая круг­лая скоб­ка S минус 3x пра­вая круг­лая скоб­ка ,\"> <img src=\"https://ege.sdamgia.ru/formula/svg/4f/4fa8c2888472128b9021170f18fe8dbd.svg\" class=\"tex\" style=\"vertical-align:-3.6pt\" alt=\" k левая круг­лая скоб­ка S минус 4x пра­вая круг­лая скоб­ка ,\"> <img src=\"https://ege.sdamgia.ru/formula/svg/cf/cfcaed1a19bab4d7856b43bb92d67aaf.svg\" class=\"tex\" style=\"vertical-align:-3.6pt\" alt=\"k левая круг­лая скоб­ка S минус 5x пра­вая круг­лая скоб­ка ,\"> <img src=\"https://ege.sdamgia.ru/formula/svg/30/309109064b264b27dbeaef8faff393c0.svg\" class=\"tex\" style=\"vertical-align:-3.6pt\" alt=\" k левая круг­лая скоб­ка S минус 5x минус y пра­вая круг­лая скоб­ка ,\"> <img src=\"https://ege.sdamgia.ru/formula/svg/38/38008d8f124293935028f5cba0dfac09.svg\" class=\"tex\" style=\"vertical-align:-3.6pt\" alt=\" k левая круг­лая скоб­ка S минус 5x минус 2y пра­вая круг­лая скоб­ка ,\"> <img src=\"https://ege.sdamgia.ru/formula/svg/20/2052e572faddce17584db01aa1bfc1c6.svg\" class=\"tex\" style=\"vertical-align:-3.6pt\" alt=\" k левая круг­лая скоб­ка S минус 5x минус 3y пра­вая круг­лая скоб­ка ,\"> <img src=\"https://ege.sdamgia.ru/formula/svg/8d/8db2762b15502a35f19a715cdb3a0eaf.svg\" class=\"tex\" style=\"vertical-align:-3.6pt\" alt=\" k левая круг­лая скоб­ка S минус 5x минус 4y пра­вая круг­лая скоб­ка ,\"></p><p></p></div><p> а вы­пла­ты  в со­от­вет­ству­ю­щие годы будут:</p><p></p><div class=\"flex-math\"> <p><img src=\"https://ege.sdamgia.ru/formula/svg/69/69f25258e2dc423ed5568ff1132cf8e7.svg\" class=\"tex\" style=\"vertical-align:-3.0pt\" alt=\"kS плюс x,\"> <img src=\"https://ege.sdamgia.ru/formula/svg/95/950e7a85b92a7dbd12592758888a37e4.svg\" class=\"tex\" style=\"vertical-align:-3.6pt\" alt=\" k левая круг­лая скоб­ка S минус x пра­вая круг­лая скоб­ка плюс x,\"> <img src=\"https://ege.sdamgia.ru/formula/svg/3f/3f2da07a86b6dfabc417caa91b7e8982.svg\" class=\"tex\" style=\"vertical-align:-3.6pt\" alt=\"k левая круг­лая скоб­ка S минус 2x пра­вая круг­лая скоб­ка плюс x,\"> <img src=\"https://ege.sdamgia.ru/formula/svg/4e/4ecc4260e544d8e2f84929d9b0a788ad.svg\" class=\"tex\" style=\"vertical-align:-3.6pt\" alt=\" k левая круг­лая скоб­ка S минус 3x пра­вая круг­лая скоб­ка плюс x,\"> <img src=\"https://ege.sdamgia.ru/formula/svg/6d/6d094cf7ab614fb265ef7b736bb6e57f.svg\" class=\"tex\" style=\"vertical-align:-3.6pt\" alt=\" k левая круг­лая скоб­ка S минус 4x пра­вая круг­лая скоб­ка плюс x,\"> <img src=\"https://ege.sdamgia.ru/formula/svg/fb/fb7dd59e2b5e969fe8db4b6fbd37da33.svg\" class=\"tex\" style=\"vertical-align:-3.6pt\" alt=\" k левая круг­лая скоб­ка S минус 5x пра­вая круг­лая скоб­ка плюс y,\"> <img src=\"https://ege.sdamgia.ru/formula/svg/bb/bb5b6480867cd8ad78dbb74a6e6df925.svg\" class=\"tex\" style=\"vertical-align:-3.6pt\" alt=\" k левая круг­лая скоб­ка S минус 5x минус y пра­вая круг­лая скоб­ка плюс y,\"> <img src=\"https://ege.sdamgia.ru/formula/svg/77/773de7b632af12a73b83b1a83be194ed.svg\" class=\"tex\" style=\"vertical-align:-3.6pt\" alt=\" k левая круг­лая скоб­ка S минус 5x минус 2y пра­вая круг­лая скоб­ка плюс y,\"> <img src=\"https://ege.sdamgia.ru/formula/svg/66/66606ae61799d8494b0e842456dee601.svg\" class=\"tex\" style=\"vertical-align:-3.6pt\" alt=\" k левая круг­лая скоб­ка S минус 5x минус 3y пра­вая круг­лая скоб­ка плюс y,\"> <img src=\"https://ege.sdamgia.ru/formula/svg/7c/7cc20e66ab9cfe5fc8b309d775619f0f.svg\" class=\"tex\" style=\"vertical-align:-3.6pt\" alt=\" k левая круг­лая скоб­ка S минус 5x минус 4y пра­вая круг­лая скоб­ка плюс y. \"></p><p></p></div><p class=\"left_margin\">Тогда сумма вы­плат яв­ля­ет­ся сум­мой двух раз­лич­ных ариф­ме­ти­че­ских про­грес­сий по пять чле­нов в каж­дой и со­ста­вит:</p><p class=\"left_margin\"></p><center><p><span data-width=\"640\" data-formulahash=\"8a057f8ad8ad6e4b6993a8927104f113\" class=\"tex-span\" style=\"\"><img src=\"https://ege.sdamgia.ru/formula/svg/29/296574a390cbb8c0dbcba79aafb27946.svg\" class=\"tex\" style=\"vertical-align:-8.3pt\" alt=\" дробь: чис­ли­тель: kS плюс x плюс k левая круг­лая скоб­ка S минус 4x пра­вая круг­лая скоб­ка плюс x, зна­ме­на­тель: 2 конец дроби умно­жить на 5 плюс дробь: чис­ли­тель: k левая круг­лая скоб­ка S минус 5x пра­вая круг­лая скоб­ка плюс y плюс k левая круг­лая скоб­ка S минус 5x минус 4y пра­вая круг­лая скоб­ка плюс y, зна­ме­на­тель: 2 конец дроби умно­жить на 5=2120 рав­но­силь­но \"><br><img src=\"https://ege.sdamgia.ru/formula/svg/a0/a0f086dfd57cfbc8b68531b24180fcf2.svg\" class=\"tex\" style=\"vertical-align:-3.0pt\" alt=\" рав­но­силь­но 10kS плюс 5x минус 35kx плюс 5y минус 10yk=2120 рав­но­силь­но 1400 плюс 5x минус 3,5x плюс 5y минус y=2120 рав­но­силь­но \"><br><img src=\"https://ege.sdamgia.ru/formula/svg/b0/b01d31bcef8472fc26684e221562b121.svg\" class=\"tex\" style=\"vertical-align:-3.6pt\" alt=\" рав­но­силь­но 1,5x плюс 4y=720 рав­но­силь­но 1,5x плюс 4 левая круг­лая скоб­ка 280 минус x пра­вая круг­лая скоб­ка = 720 рав­но­силь­но x= 160.\"></span><span data-width=\"490\" data-formulahash=\"8a057f8ad8ad6e4b6993a8927104f113\" class=\"tex-span\" style=\"display:none\"><img src=\"https://ege.sdamgia.ru/formula/svg/29/296574a390cbb8c0dbcba79aafb27946.svg\" class=\"tex\" style=\"vertical-align:-8.3pt\" alt=\" дробь: чис­ли­тель: kS плюс x плюс k левая круг­лая скоб­ка S минус 4x пра­вая круг­лая скоб­ка плюс x, зна­ме­на­тель: 2 конец дроби умно­жить на 5 плюс дробь: чис­ли­тель: k левая круг­лая скоб­ка S минус 5x пра­вая круг­лая скоб­ка плюс y плюс k левая круг­лая скоб­ка S минус 5x минус 4y пра­вая круг­лая скоб­ка плюс y, зна­ме­на­тель: 2 конец дроби умно­жить на 5=2120 рав­но­силь­но \"><br><img src=\"https://ege.sdamgia.ru/formula/svg/41/4121ec63fa220d62485863269d94b0e3.svg\" class=\"tex\" style=\"vertical-align:-3.0pt\" alt=\" рав­но­силь­но 10kS плюс 5x минус 35kx плюс 5y минус 10yk=2120 рав­но­силь­но \"><br><img src=\"https://ege.sdamgia.ru/formula/svg/90/900d821d1faa15aeb983c2b955cb8caa.svg\" class=\"tex\" style=\"vertical-align:-3.0pt\" alt=\" рав­но­силь­но 1400 плюс 5x минус 3,5x плюс 5y минус y=2120 рав­но­силь­но \"><br><img src=\"https://ege.sdamgia.ru/formula/svg/b0/b01d31bcef8472fc26684e221562b121.svg\" class=\"tex\" style=\"vertical-align:-3.6pt\" alt=\" рав­но­силь­но 1,5x плюс 4y=720 рав­но­силь­но 1,5x плюс 4 левая круг­лая скоб­ка 280 минус x пра­вая круг­лая скоб­ка = 720 рав­но­силь­но x= 160.\"></span><span data-width=\"390\" data-formulahash=\"8a057f8ad8ad6e4b6993a8927104f113\" class=\"tex-span\" style=\"display:none\"><img src=\"https://ege.sdamgia.ru/formula/svg/29/296574a390cbb8c0dbcba79aafb27946.svg\" class=\"tex\" style=\"vertical-align:-8.3pt\" alt=\" дробь: чис­ли­тель: kS плюс x плюс k левая круг­лая скоб­ка S минус 4x пра­вая круг­лая скоб­ка плюс x, зна­ме­на­тель: 2 конец дроби умно­жить на 5 плюс дробь: чис­ли­тель: k левая круг­лая скоб­ка S минус 5x пра­вая круг­лая скоб­ка плюс y плюс k левая круг­лая скоб­ка S минус 5x минус 4y пра­вая круг­лая скоб­ка плюс y, зна­ме­на­тель: 2 конец дроби умно­жить на 5=2120 рав­но­силь­но \"><br><img src=\"https://ege.sdamgia.ru/formula/svg/41/4121ec63fa220d62485863269d94b0e3.svg\" class=\"tex\" style=\"vertical-align:-3.0pt\" alt=\" рав­но­силь­но 10kS плюс 5x минус 35kx плюс 5y минус 10yk=2120 рав­но­силь­но \"><br><img src=\"https://ege.sdamgia.ru/formula/svg/d7/d71228abecb3958a869402463b5f7a4d.svg\" class=\"tex\" style=\"vertical-align:-3.0pt\" alt=\" рав­но­силь­но 1400 плюс 5x минус 3,5x плюс 5y минус y=2120 рав­но­силь­но 1,5x плюс 4y=720 рав­но­силь­но \"><br><img src=\"https://ege.sdamgia.ru/formula/svg/c6/c6b70d00f20f65d7afd210c685608fee.svg\" class=\"tex\" style=\"vertical-align:-3.6pt\" alt=\" рав­но­силь­но 1,5x плюс 4 левая круг­лая скоб­ка 280 минус x пра­вая круг­лая скоб­ка = 720 рав­но­силь­но x= 160.\"></span><span data-width=\"365\" data-formulahash=\"8a057f8ad8ad6e4b6993a8927104f113\" class=\"tex-span\" style=\"display:none\"><img src=\"https://ege.sdamgia.ru/formula/svg/29/296574a390cbb8c0dbcba79aafb27946.svg\" class=\"tex\" style=\"vertical-align:-8.3pt\" alt=\" дробь: чис­ли­тель: kS плюс x плюс k левая круг­лая скоб­ка S минус 4x пра­вая круг­лая скоб­ка плюс x, зна­ме­на­тель: 2 конец дроби умно­жить на 5 плюс дробь: чис­ли­тель: k левая круг­лая скоб­ка S минус 5x пра­вая круг­лая скоб­ка плюс y плюс k левая круг­лая скоб­ка S минус 5x минус 4y пра­вая круг­лая скоб­ка плюс y, зна­ме­на­тель: 2 конец дроби умно­жить на 5=2120 рав­но­силь­но \"><br><img src=\"https://ege.sdamgia.ru/formula/svg/41/4121ec63fa220d62485863269d94b0e3.svg\" class=\"tex\" style=\"vertical-align:-3.0pt\" alt=\" рав­но­силь­но 10kS плюс 5x минус 35kx плюс 5y минус 10yk=2120 рав­но­силь­но \"><br><img src=\"https://ege.sdamgia.ru/formula/svg/90/900d821d1faa15aeb983c2b955cb8caa.svg\" class=\"tex\" style=\"vertical-align:-3.0pt\" alt=\" рав­но­силь­но 1400 плюс 5x минус 3,5x плюс 5y минус y=2120 рав­но­силь­но \"><br><img src=\"https://ege.sdamgia.ru/formula/svg/39/397ccdf7ba5fa1c8d1e05772d6c016a6.svg\" class=\"tex\" style=\"vertical-align:-3.0pt\" alt=\" рав­но­силь­но 1,5x плюс 4y=720 рав­но­силь­но \"><br><img src=\"https://ege.sdamgia.ru/formula/svg/c6/c6b70d00f20f65d7afd210c685608fee.svg\" class=\"tex\" style=\"vertical-align:-3.6pt\" alt=\" рав­но­силь­но 1,5x плюс 4 левая круг­лая скоб­ка 280 минус x пра­вая круг­лая скоб­ка = 720 рав­но­силь­но x= 160.\"></span></p><p class=\"left_margin\"></p></center><p class=\"left_margin\">Тогда вы­пла­та за 2026 год со­ста­вит: <i>k</i><i>S</i> + <i>x</i>  =  300 тыс. руб.</p><p>&nbsp;</p><p><span style=\"letter-spacing: 2px;\">Ответ:</span> 300 тыс. руб.</p></div>",
        "image_urls": [
            "https://ege.sdamgia.ru/formula/svg/a9/a9d91cbc792083bcdc7cbfc9b867d08e.svg",
            "https://ege.sdamgia.ru/formula/svg/5b/5bef6101b685a01c26588479fc89daf2.svg",
            "https://ege.sdamgia.ru/formula/svg/12/12fed2ffde0c67af0d75b5ea042caaad.svg",
            "https://ege.sdamgia.ru/formula/svg/9c/9c1a87963cf81f317f12603bdc250af0.svg",
            "https://ege.sdamgia.ru/formula/svg/bd/bd0cb52095c525ed3803a659e774eb22.svg",
            "https://ege.sdamgia.ru/formula/svg/fc/fce22090cb3662a2060595265b284ec3.svg",
            "https://ege.sdamgia.ru/formula/svg/10/10e47aa73299589a69d2e617a0f4952b.svg",
            "https://ege.sdamgia.ru/formula/svg/28/287854530c74ea1e6edfd941a860b599.svg",
            "https://ege.sdamgia.ru/formula/svg/e5/e508b39629457512047564ec786fa081.svg",
            "https://ege.sdamgia.ru/formula/svg/e9/e92af0aadb46ece9e9ea00495e237ff9.svg",
            "https://ege.sdamgia.ru/formula/svg/bf/bf7b303c012763d7c9e6bba614a18130.svg",
            "https://ege.sdamgia.ru/formula/svg/e2/e25c01f83261c21b8db508a4603614fa.svg",
            "https://ege.sdamgia.ru/formula/svg/f6/f6c1e7b3ea48fecfa13c537784fa1b9f.svg",
            "https://ege.sdamgia.ru/formula/svg/a1/a128191bb947bcfbeb4574d45f2a7059.svg",
            "https://ege.sdamgia.ru/formula/svg/4f/4fa8c2888472128b9021170f18fe8dbd.svg",
            "https://ege.sdamgia.ru/formula/svg/cf/cfcaed1a19bab4d7856b43bb92d67aaf.svg",
            "https://ege.sdamgia.ru/formula/svg/30/309109064b264b27dbeaef8faff393c0.svg",
            "https://ege.sdamgia.ru/formula/svg/38/38008d8f124293935028f5cba0dfac09.svg",
            "https://ege.sdamgia.ru/formula/svg/20/2052e572faddce17584db01aa1bfc1c6.svg",
            "https://ege.sdamgia.ru/formula/svg/8d/8db2762b15502a35f19a715cdb3a0eaf.svg",
            "https://ege.sdamgia.ru/formula/svg/69/69f25258e2dc423ed5568ff1132cf8e7.svg",
            "https://ege.sdamgia.ru/formula/svg/95/950e7a85b92a7dbd12592758888a37e4.svg",
            "https://ege.sdamgia.ru/formula/svg/3f/3f2da07a86b6dfabc417caa91b7e8982.svg",
            "https://ege.sdamgia.ru/formula/svg/4e/4ecc4260e544d8e2f84929d9b0a788ad.svg",
            "https://ege.sdamgia.ru/formula/svg/6d/6d094cf7ab614fb265ef7b736bb6e57f.svg",
            "https://ege.sdamgia.ru/formula/svg/fb/fb7dd59e2b5e969fe8db4b6fbd37da33.svg",
            "https://ege.sdamgia.ru/formula/svg/bb/bb5b6480867cd8ad78dbb74a6e6df925.svg",
            "https://ege.sdamgia.ru/formula/svg/77/773de7b632af12a73b83b1a83be194ed.svg",
            "https://ege.sdamgia.ru/formula/svg/66/66606ae61799d8494b0e842456dee601.svg",
            "https://ege.sdamgia.ru/formula/svg/7c/7cc20e66ab9cfe5fc8b309d775619f0f.svg",
            "https://ege.sdamgia.ru/formula/svg/29/296574a390cbb8c0dbcba79aafb27946.svg",
            "https://ege.sdamgia.ru/formula/svg/a0/a0f086dfd57cfbc8b68531b24180fcf2.svg",
            "https://ege.sdamgia.ru/formula/svg/b0/b01d31bcef8472fc26684e221562b121.svg",
            "https://ege.sdamgia.ru/formula/svg/29/296574a390cbb8c0dbcba79aafb27946.svg",
            "https://ege.sdamgia.ru/formula/svg/41/4121ec63fa220d62485863269d94b0e3.svg",
            "https://ege.sdamgia.ru/formula/svg/90/900d821d1faa15aeb983c2b955cb8caa.svg",
            "https://ege.sdamgia.ru/formula/svg/b0/b01d31bcef8472fc26684e221562b121.svg",
            "https://ege.sdamgia.ru/formula/svg/29/296574a390cbb8c0dbcba79aafb27946.svg",
            "https://ege.sdamgia.ru/formula/svg/41/4121ec63fa220d62485863269d94b0e3.svg",
            "https://ege.sdamgia.ru/formula/svg/d7/d71228abecb3958a869402463b5f7a4d.svg",
            "https://ege.sdamgia.ru/formula/svg/c6/c6b70d00f20f65d7afd210c685608fee.svg",
            "https://ege.sdamgia.ru/formula/svg/29/296574a390cbb8c0dbcba79aafb27946.svg",
            "https://ege.sdamgia.ru/formula/svg/41/4121ec63fa220d62485863269d94b0e3.svg",
            "https://ege.sdamgia.ru/formula/svg/90/900d821d1faa15aeb983c2b955cb8caa.svg",
            "https://ege.sdamgia.ru/formula/svg/39/397ccdf7ba5fa1c8d1e05772d6c016a6.svg",
            "https://ege.sdamgia.ru/formula/svg/c6/c6b70d00f20f65d7afd210c685608fee.svg"
        ]
    },
    "answer": "300 тыс. руб.",
    "topic_id": 16,
    "analog_ids": [
        642751,
        642735,
        667319
    ]
}