{
    "gia_type": "ege",
    "subject": "math",
    "id": 655323,
    "condition": {
        "text": "В декабре планируется взять кредит в банке на целое число миллионов рублей на срок 6 лет. Условия его возврата таковы:   —  каждый июнь долг возрастает на 10% по сравнению с началом данного года;   —  с июля по декабрь 1-⁠го, 2-⁠го, 3-⁠го и 4-⁠го годов заемщик выплачивает только проценты по кредиту, оставляя долг равным первоначальному;   —  с июля по декабрь 5-⁠го и 6-⁠го годов необходимо выплатить одинаковые суммы так, чтобы весь долг был погашен полностью. Найдите наименьший размер кредита, при котором общая сумма выплат заемщика будет не менее 14 млн руб.",
        "html": "<div align=\"justify\" width=\"100%\" id=\"body495911\" class=\"pbody\"><p class=\"left_margin\">В де­каб­ре пла­ни­ру­ет­ся взять кре­дит в банке на целое число мил­ли­о­нов руб­лей на срок 6 лет. Усло­вия его воз­вра­та та­ко­вы: </p><p>  —  каж­дый июнь долг воз­рас­та­ет на 10% по срав­не­нию с на­ча­лом дан­но­го года; </p><p>  —  с июля по де­кабрь 1-⁠го, 2-⁠го, 3-⁠го и 4-⁠го годов за­ем­щик вы­пла­чи­ва­ет толь­ко про­цен­ты по кре­ди­ту, остав­ляя долг рав­ным пер­во­на­чаль­но­му; </p><p>  —  с июля по де­кабрь 5-⁠го и 6-⁠го годов не­об­хо­ди­мо вы­пла­тить оди­на­ко­вые суммы так, чтобы весь долг был по­га­шен пол­но­стью. </p><p class=\"left_margin\">Най­ди­те наи­мень­ший раз­мер кре­ди­та, при ко­то­ром общая сумма вы­плат за­ем­щи­ка будет не менее 14 млн руб.</p></div>",
        "image_urls": []
    },
    "solution": {
        "text": "Решение. Пусть сумма кредита составляет S млн руб., а выплаты в последние два года  —   по x млн руб. Составим таблицу. ГодДолг в январемлн руб.Долг в июнемлн руб.Выплатамлн руб.1S1,1S0,1S2S1,1S0,1S3S1,1S0,1S4S1,1S0,1S5S1,1Sx6x  К концу шестого года долг должен быть выплачен полностью, то есть:Общая сумма выплат будет не менее 14 млн руб., если Значит, наименьшее целое значение S равно 10. Ответ: 10 млн рублей.",
        "html": "<div align=\"justify\" width=\"100%\" id=\"sol655323\" class=\"solution\" style=\"clear:both;\" class=\"pbody\"><p class=\"left_margin\"></p><b>Ре­ше­ние<!--rule_info-->. </b><p class=\"left_margin\">Пусть сумма кре­ди­та со­став­ля­ет <i>S</i> млн руб., а вы­пла­ты в по­след­ние два года  —   по <i>x</i> млн руб. Со­ста­вим таб­ли­цу.</p><p>&nbsp;</p><p></p><p></p><p></p><p></p><p></p><p></p><p></p><p></p><p></p><p></p><p></p><p></p><p></p><p></p><p></p><p></p><p></p><p></p><p></p><p></p><p></p><p></p><p></p><p></p><p></p><p></p><p></p><p></p><p></p><p></p><p></p><p></p><p></p><p></p><p></p><p></p><p></p><p></p><p></p><p></p><p></p><p></p><p></p><p></p><table style=\"margin:auto\"><tbody><tr><th style=\"text-align:center\">Год</th><th style=\"text-align:center\">Долг в ян­ва­ре<br>млн руб.</th><th style=\"text-align:center\">Долг в июне<br>млн руб.</th><th style=\"text-align:center\">Вы­пла­та<br>млн руб.</th></tr><tr><td style=\"text-align:center\">1</td><td style=\"text-align:center\"><i>S</i></td><td style=\"text-align:center\">1,1<i>S</i></td><td style=\"text-align:center\">0,1<i>S</i></td></tr><tr><td style=\"text-align:center\">2</td><td style=\"text-align:center\"><i>S</i></td><td style=\"text-align:center\">1,1<i>S</i></td><td style=\"text-align:center\">0,1<i>S</i></td></tr><tr><td style=\"text-align:center\">3</td><td style=\"text-align:center\"><i>S</i></td><td style=\"text-align:center\">1,1<i>S</i></td><td style=\"text-align:center\">0,1<i>S</i></td></tr><tr><td style=\"text-align:center\">4</td><td style=\"text-align:center\"><i>S</i></td><td style=\"text-align:center\">1,1<i>S</i></td><td style=\"text-align:center\">0,1<i>S</i></td></tr><tr><td style=\"text-align:center\">5</td><td style=\"text-align:center\"><i>S</i></td><td style=\"text-align:center\">1,1<i>S</i></td><td style=\"text-align:center\"><i>x</i></td></tr><tr><td style=\"text-align:center\">6</td><td style=\"text-align:center\"><img src=\"https://ege.sdamgia.ru/formula/svg/bc/bc007ec4723b724f235061b6dc1a9270.svg\" class=\"tex\" style=\"vertical-align:-3.0pt\" alt=\"1,1S минус x\"></td><td style=\"text-align:center\"><img src=\"https://ege.sdamgia.ru/formula/svg/44/443a310b932289e32f0b72006df0c933.svg\" class=\"tex\" style=\"vertical-align:-3.6pt\" alt=\" левая круг­лая скоб­ка 1,1S минус x пра­вая круг­лая скоб­ка умно­жить на 1,1\"></td><td style=\"text-align:center\"><i>x</i></td></tr></tbody></table><p>&nbsp;</p><p> К концу ше­сто­го года долг дол­жен быть вы­пла­чен пол­но­стью, то есть:</p><p class=\"left_margin\"></p><center><p><img src=\"https://ege.sdamgia.ru/formula/svg/9e/9ea41577e27634326795b9bc8811e68b.svg\" class=\"tex\" style=\"vertical-align:-10.5pt\" alt=\" левая круг­лая скоб­ка 1,1S минус x пра­вая круг­лая скоб­ка умно­жить на 1,1 минус x=0 рав­но­силь­но 1,21S минус 2,1x=0 рав­но­силь­но x= дробь: чис­ли­тель: 1,21S, зна­ме­на­тель: 2,1 конец дроби . \"></p><p class=\"left_margin\"></p></center><p class=\"left_margin\">Общая сумма вы­плат будет не менее 14 млн руб., если</p><p class=\"left_margin\"></p><center><p><span data-width=\"640\" data-formulahash=\"a13d12cd8771351dec0271bf41c72131\" class=\"tex-span\" style=\"\"><img src=\"https://ege.sdamgia.ru/formula/svg/a1/a13d12cd8771351dec0271bf41c72131.svg\" class=\"tex\" style=\"vertical-align:-10.6pt\" alt=\"4 умно­жить на 0,1S плюс 2 умно­жить на дробь: чис­ли­тель: 1,21S, зна­ме­на­тель: 2,1 конец дроби боль­ше или равно 14 рав­но­силь­но 0,84S плюс 2,42S боль­ше или равно 29,4 рав­но­силь­но 3,26S боль­ше или равно 29,4 рав­но­силь­но S боль­ше или равно дробь: чис­ли­тель: 2940, зна­ме­на­тель: 326 конец дроби рав­но­силь­но S боль­ше или равно целая часть: 9, дроб­ная часть: чис­ли­тель: 6, зна­ме­на­тель: 326 . \"></span><span data-width=\"615\" data-formulahash=\"a13d12cd8771351dec0271bf41c72131\" class=\"tex-span\" style=\"display:none\"><img src=\"https://ege.sdamgia.ru/formula/svg/3d/3d6890e49e31536458f0b51538314cc8.svg\" class=\"tex\" style=\"vertical-align:-10.5pt\" alt=\"4 умно­жить на 0,1S плюс 2 умно­жить на дробь: чис­ли­тель: 1,21S, зна­ме­на­тель: 2,1 конец дроби боль­ше или равно 14 рав­но­силь­но 0,84S плюс 2,42S боль­ше или равно 29,4 рав­но­силь­но \"><br><img src=\"https://ege.sdamgia.ru/formula/svg/d9/d97c0a03f5225838ee7ad488b1ab4296.svg\" class=\"tex\" style=\"vertical-align:-8.4pt\" alt=\" рав­но­силь­но 3,26S боль­ше или равно 29,4 рав­но­силь­но S боль­ше или равно дробь: чис­ли­тель: 2940, зна­ме­на­тель: 326 конец дроби рав­но­силь­но S боль­ше или равно целая часть: 9, дроб­ная часть: чис­ли­тель: 6, зна­ме­на­тель: 326 . \"></span></p><p class=\"left_margin\"></p></center><p> Зна­чит, наи­мень­шее целое зна­че­ние <i>S</i> равно 10.</p><p>&nbsp;</p><p><span style=\"letter-spacing: 2px;\">Ответ:</span> 10 млн руб­лей.</p></div>",
        "image_urls": [
            "https://ege.sdamgia.ru/formula/svg/bc/bc007ec4723b724f235061b6dc1a9270.svg",
            "https://ege.sdamgia.ru/formula/svg/44/443a310b932289e32f0b72006df0c933.svg",
            "https://ege.sdamgia.ru/formula/svg/9e/9ea41577e27634326795b9bc8811e68b.svg",
            "https://ege.sdamgia.ru/formula/svg/a1/a13d12cd8771351dec0271bf41c72131.svg",
            "https://ege.sdamgia.ru/formula/svg/3d/3d6890e49e31536458f0b51538314cc8.svg",
            "https://ege.sdamgia.ru/formula/svg/d9/d97c0a03f5225838ee7ad488b1ab4296.svg"
        ]
    },
    "answer": "10 млн руб­лей.",
    "topic_id": 16,
    "analog_ids": []
}