{
    "gia_type": "ege",
    "subject": "math",
    "id": 501887,
    "condition": {
        "text": "Две окружности касаются внешним образом в точке K. Прямая AB касается первой окружности в точке A, а второй  — в точке B. Прямая BK пересекает первую окружность в точке D, прямая  AK пересекает вторую окружность в точке C.а)  Докажите, что прямые AD и BC параллельны. б)  Найдите  площадь  треугольника  AKB,  если  известно,  что  радиусы окружностей равны 1 и 4.",
        "html": "<div align=\"justify\" width=\"100%\" id=\"body640643\" class=\"pbody\"><p class=\"left_margin\">Две окруж­но­сти ка­са­ют­ся внеш­ним об­ра­зом в точке <i>K</i>. Пря­мая <i>AB</i> ка­са­ет­ся пер­вой окруж­но­сти в точке <i>A</i>, а вто­рой  — в точке <i>B</i>. Пря­мая <i>BK</i> пе­ре­се­ка­ет первую окруж­ность в точке <i>D</i>, пря­мая  <i>AK</i> пе­ре­се­ка­ет вто­рую окруж­ность в точке <i>C</i>.</p><p class=\"left_margin\">а)  До­ка­жи­те, что пря­мые <i>AD</i> и <i>BC</i> па­рал­лель­ны. </p><p class=\"left_margin\">б)  Най­ди­те  пло­щадь  тре­уголь­ни­ка  <i>AKB</i>,  если  из­вест­но,  что  ра­ди­у­сы окруж­но­стей равны 1 и 4.</p></div>",
        "image_urls": []
    },
    "solution": {
        "text": "Решение. а)  Обозначим  центры  окружностей O1 и O2 соответственно.  Пусть  общая касательная, проведённая к окружностям в точке  K, пересекает  AB в точке M. По свойству  касательных,  проведённых  из одной  точки,  AM  =  KM и KM  =  BM. Треугольник  AKB, у которого  медиана равна  половине  стороны,  к  которой  она проведена,  — прямоугольный. Вписанный  угол  AKD  прямой,  поэтому  он  опирается  на  диаметр  AD.  Значит, AD ⊥ AB. Аналогично получаем, что BC ⊥ AB. Следовательно, прямые AD и BC параллельны.  б)  Пусть,  для  определенности, радиус окружности с центром в точке O1 равен 4, а радиус окружности с центром в точке O2 равен 1. Треугольники  BKC и AKD подобны,  Пусть  тогда  У  треугольников AKD и AKB общая  высота,  следовательно,   то есть  SAKB  =  4S. Аналогично,  SCKD  =  4S. Площадь трапеции ABCD равна 25S.Вычислим площадь трапеции ABCD. Заметим, что  Проведём к  AD перпендикуляр O2H,  равный  высоте  трапеции,  и  найдём  его  из  прямоугольного треугольника O2HO1. Получвем: Следовательно, 25S  =  20, откуда  S  =  0,8 и SAKB  =  4S  =  3,2. Ответ: б) 3,2. Приведем решение пункта б) Рамиля Багавиева.Вычислим площадь трапеции ABCD. Заметим, что  Проведём к  AD перпендикуляр O2H,  равный  высоте  трапеции,  и  найдём  его  из  прямоугольного треугольника O2HO1:  Из подобия треугольников AKD и AKB следует  таким образом, AK = 2BK. Применим теорему Пифагора к треугольнику AKB, находим: Тогда   откуда получаем:",
        "html": "<div align=\"justify\" width=\"100%\" id=\"sol501887\" class=\"solution\" style=\"clear:both;\" class=\"pbody\"><p class=\"left_margin\"></p><b>Ре­ше­ние<!--rule_info-->. </b><p class=\"left_margin\"><img src=\"/get_file?id=114387\" style=\"float:right;margin:10px;max-width:100%\"></p><p class=\"left_margin\">а)  Обо­зна­чим  цен­тры  окруж­но­стей <i>O</i><sub>1</sub> и <i>O</i><sub>2</sub> со­от­вет­ствен­но.  Пусть  общая ка­са­тель­ная, про­ведённая к окруж­но­стям в точке  <i>K</i>, пе­ре­се­ка­ет  <i>AB</i> в точке <i>M.</i> По свой­ству  ка­са­тель­ных,  про­ведённых  из одной  точки,  <i>AM</i>  =  <i>KM</i> и <i>KM</i>  =  <i>BM</i>. Тре­уголь­ник  <i>AKB</i>, у ко­то­ро­го  ме­ди­а­на равна  по­ло­ви­не  сто­ро­ны,  к  ко­то­рой  она про­ве­де­на,  — пря­мо­уголь­ный. Впи­сан­ный  угол  <i>AKD </i> пря­мой,  по­это­му  он  опи­ра­ет­ся  на  диа­метр  <i>AD.</i>  Зна­чит, <i>AD</i> ⊥ <i>AB</i>. Ана­ло­гич­но по­лу­ча­ем, что <i>BC</i> ⊥ <i>AB</i>. Сле­до­ва­тель­но, пря­мые <i>AD</i> и <i>BC</i> па­рал­лель­ны. </p><p>&nbsp;</p><p class=\"left_margin\">б)  Пусть,  для  опре­де­лен­но­сти, ра­ди­ус окруж­но­сти с цен­тром в точке <i>O</i><sub>1</sub> равен 4, а ра­ди­ус окруж­но­сти с цен­тром в точке <i>O</i><sub>2</sub> равен 1. Тре­уголь­ни­ки  <i>BKC</i> и <i>AKD</i> по­доб­ны, <img src=\"https://ege.sdamgia.ru/formula/svg/5c/5c70d3b2916cef81c28e7eea5825657b.svg\" class=\"tex\" style=\"vertical-align:-8.4pt\" alt=\" дробь: чис­ли­тель: AD, зна­ме­на­тель: BC конец дроби = дробь: чис­ли­тель: DK, зна­ме­на­тель: KB конец дроби =4. \"> Пусть <img src=\"https://ege.sdamgia.ru/formula/svg/f9/f967d5fb6c1979488c781e2a0d1ec06d.svg\" class=\"tex\" style=\"vertical-align:-3.0pt\" alt=\"S_BKC=S,\"> тогда <img src=\"https://ege.sdamgia.ru/formula/svg/b3/b3f97c38375a5925b9729cac8db2c85c.svg\" class=\"tex\" style=\"vertical-align:-2.5pt\" alt=\"S_AKD=16S.\"> У  тре­уголь­ни­ков <i>AKD</i> и <i>AKB</i> общая  вы­со­та,  сле­до­ва­тель­но,  </p><p class=\"left_margin\"></p><center><p><img src=\"https://ege.sdamgia.ru/formula/svg/2c/2c18868d7abb4394c546fa4305fefd08.svg\" class=\"tex\" style=\"vertical-align:-10.0pt\" alt=\" дробь: чис­ли­тель: S_AKD, зна­ме­на­тель: S_AKB конец дроби = дробь: чис­ли­тель: DK, зна­ме­на­тель: KB конец дроби = дробь: чис­ли­тель: AD, зна­ме­на­тель: BC конец дроби , \"></p><p class=\"left_margin\"></p></center><p> то есть  <i>S</i><sub><i>AKB</i></sub>  =  4<i>S</i>. Ана­ло­гич­но,  <i>S<sub>CKD</sub></i>  =  4<i>S</i>. Пло­щадь тра­пе­ции <i>ABCD</i> равна 25<i>S</i>.</p><p class=\"left_margin\">Вы­чис­лим пло­щадь тра­пе­ции <i>ABCD.</i> За­ме­тим, что <img src=\"https://ege.sdamgia.ru/formula/svg/3d/3d8932387e846001cb84e499e279c981.svg\" class=\"tex\" style=\"vertical-align:-2.5pt\" alt=\"O_1H = O_1A минус AH = O_1A минус O_2B.\"> Про­ведём к  <i>AD</i> пер­пен­ди­ку­ляр <i>O</i><sub>2</sub><i>H</i>,  рав­ный  вы­со­те  тра­пе­ции,  и  найдём  его  из  пря­мо­уголь­но­го тре­уголь­ни­ка <i>O</i><sub>2</sub><i>HO</i><sub>1</sub>. По­луч­вем:</p><p></p><div class=\"flex-math\"><p><img src=\"https://ege.sdamgia.ru/formula/svg/84/848d1aa22333d308edbd80ba158f1ffc.svg\" class=\"tex\" style=\"vertical-align:-6.8pt\" alt=\"O_2H= ко­рень из: на­ча­ло ар­гу­мен­та: O_1O_2 в квад­ра­те минус O_1H в квад­ра­те конец ар­гу­мен­та =4,\"></p><p><img src=\"https://ege.sdamgia.ru/formula/svg/54/54f24c68dd1f9abf58aaea0de9ec7cec.svg\" class=\"tex\" style=\"vertical-align:-8.3pt\" alt=\"S_ABCD= дробь: чис­ли­тель: AD плюс BC, зна­ме­на­тель: 2 конец дроби умно­жить на AB=20. \"></p><p></p></div><p> Сле­до­ва­тель­но, 25<i>S</i>  =  20, от­ку­да  <i>S</i>  =  0,8 и <i>S</i><sub><i>AKB</i></sub>  =  4<i>S</i>  =  3,2.</p><p>&nbsp;</p><p><span style=\"letter-spacing: 2px;\">Ответ:</span> б) 3,2.</p><p>&nbsp;</p><p><b>При­ве­дем ре­ше­ние пунк­та б) Ра­ми­ля Ба­га­ви­е­ва.</b></p><p class=\"left_margin\">Вы­чис­лим пло­щадь тра­пе­ции <i>ABCD.</i> За­ме­тим, что <img src=\"https://ege.sdamgia.ru/formula/svg/3d/3d8932387e846001cb84e499e279c981.svg\" class=\"tex\" style=\"vertical-align:-2.5pt\" alt=\"O_1H = O_1A минус AH = O_1A минус O_2B.\"> Про­ведём к  <i>AD</i> пер­пен­ди­ку­ляр <i>O</i><sub>2</sub><i>H</i>,  рав­ный  вы­со­те  тра­пе­ции,  и  найдём  его  из  пря­мо­уголь­но­го тре­уголь­ни­ка <i>O</i><sub>2</sub><i>HO</i><sub>1</sub>:  </p><p class=\"left_margin\"></p><center><p><img src=\"https://ege.sdamgia.ru/formula/svg/15/15cae60842aa46c2fd948b9e227be27f.svg\" class=\"tex\" style=\"vertical-align:-6.8pt\" alt=\"O_2H= ко­рень из: на­ча­ло ар­гу­мен­та: O_1O_2 в квад­ра­те минус O_1H в квад­ра­те конец ар­гу­мен­та =4.\"></p><p class=\"left_margin\"></p></center><p class=\"left_margin\">Из по­до­бия тре­уголь­ни­ков <i>AKD</i> и <i>AKB</i> сле­ду­ет <img src=\"https://ege.sdamgia.ru/formula/svg/6e/6e6a91b554cb78a7a18a166a7942298d.svg\" class=\"tex\" style=\"vertical-align:-8.3pt\" alt=\" дробь: чис­ли­тель: AK, зна­ме­на­тель: BK конец дроби = дробь: чис­ли­тель: AD, зна­ме­на­тель: BA конец дроби = 2, \"> таким об­ра­зом, <i>AK = 2BK</i>. При­ме­ним тео­ре­му Пи­фа­го­ра к тре­уголь­ни­ку <i>AKB</i>, на­хо­дим:</p><p class=\"left_margin\"></p><center><p><img src=\"https://ege.sdamgia.ru/formula/svg/30/306412769c584ac6963d6f4153ae9ef7.svg\" class=\"tex\" style=\"vertical-align:-1.8pt\" alt=\"16 = AB в квад­ра­те = AK в квад­ра­те плюс BK в квад­ра­те = 4BK в квад­ра­те плюс BK в квад­ра­те = 5BK в квад­ра­те .\"></p><p class=\"left_margin\"></p></center><p> Тогда <img src=\"https://ege.sdamgia.ru/formula/svg/af/af0b63d525a8908c3a7112cac29085fc.svg\" class=\"tex\" style=\"vertical-align:-11.0pt\" alt=\"BK = дробь: чис­ли­тель: 4, зна­ме­на­тель: ко­рень из: на­ча­ло ар­гу­мен­та: 5 конец ар­гу­мен­та конец дроби , \"> <img src=\"https://ege.sdamgia.ru/formula/svg/2b/2b5bb682f42f724e7c96bd3242a5aba2.svg\" class=\"tex\" style=\"vertical-align:-11.0pt\" alt=\"AK = дробь: чис­ли­тель: 8, зна­ме­на­тель: ко­рень из: на­ча­ло ар­гу­мен­та: 5 конец ар­гу­мен­та конец дроби , \"> от­ку­да по­лу­ча­ем:</p><p class=\"left_margin\"></p><center><p><img src=\"https://ege.sdamgia.ru/formula/svg/b2/b25163dad5778d198a8010a7777c71af.svg\" class=\"tex\" style=\"vertical-align:-11.0pt\" alt=\"S_AKB= дробь: чис­ли­тель: 1, зна­ме­на­тель: 2 конец дроби AK умно­жить на BK= дробь: чис­ли­тель: 1, зна­ме­на­тель: 2 конец дроби умно­жить на дробь: чис­ли­тель: 8, зна­ме­на­тель: ко­рень из: на­ча­ло ар­гу­мен­та: 5 конец ар­гу­мен­та конец дроби умно­жить на дробь: чис­ли­тель: 4, зна­ме­на­тель: ко­рень из: на­ча­ло ар­гу­мен­та: 5 конец ар­гу­мен­та конец дроби =3,2. \"></p><p class=\"left_margin\"></p></center></div>",
        "image_urls": [
            "https://ege.sdamgia.ru/formula/svg/5c/5c70d3b2916cef81c28e7eea5825657b.svg",
            "https://ege.sdamgia.ru/formula/svg/f9/f967d5fb6c1979488c781e2a0d1ec06d.svg",
            "https://ege.sdamgia.ru/formula/svg/b3/b3f97c38375a5925b9729cac8db2c85c.svg",
            "https://ege.sdamgia.ru/formula/svg/2c/2c18868d7abb4394c546fa4305fefd08.svg",
            "https://ege.sdamgia.ru/formula/svg/3d/3d8932387e846001cb84e499e279c981.svg",
            "https://ege.sdamgia.ru/formula/svg/84/848d1aa22333d308edbd80ba158f1ffc.svg",
            "https://ege.sdamgia.ru/formula/svg/54/54f24c68dd1f9abf58aaea0de9ec7cec.svg",
            "https://ege.sdamgia.ru/formula/svg/3d/3d8932387e846001cb84e499e279c981.svg",
            "https://ege.sdamgia.ru/formula/svg/15/15cae60842aa46c2fd948b9e227be27f.svg",
            "https://ege.sdamgia.ru/formula/svg/6e/6e6a91b554cb78a7a18a166a7942298d.svg",
            "https://ege.sdamgia.ru/formula/svg/30/306412769c584ac6963d6f4153ae9ef7.svg",
            "https://ege.sdamgia.ru/formula/svg/af/af0b63d525a8908c3a7112cac29085fc.svg",
            "https://ege.sdamgia.ru/formula/svg/2b/2b5bb682f42f724e7c96bd3242a5aba2.svg",
            "https://ege.sdamgia.ru/formula/svg/b2/b25163dad5778d198a8010a7777c71af.svg",
            "/get_file?id=114387"
        ]
    },
    "answer": "б) 3,2.",
    "topic_id": 17,
    "analog_ids": []
}