{
    "gia_type": "ege",
    "subject": "math",
    "id": 505673,
    "condition": {
        "text": "На основании BC трапеции ABCD взята точка E, лежащая на одной окружности с точками A, C и D. Другая окружность, проходящая через точки A, B и C, касается прямой CD, AB = 12, BE : EC = 4 : 5.а)  Докажите, что треугольник ACD подобен треугольнику ABE.б)  Найдите BC.",
        "html": "<div align=\"justify\" width=\"100%\" id=\"body645557\" class=\"pbody\"><p class=\"left_margin\">На ос­но­ва­нии <i>BC</i> тра­пе­ции <i>ABCD</i> взята точка <i>E</i>, ле­жа­щая на одной окруж­но­сти с точ­ка­ми <i>A</i>, <i>C</i> и <i>D</i>. Дру­гая окруж­ность, про­хо­дя­щая через точки <i>A</i>, <i>B</i> и <i>C</i>, ка­са­ет­ся пря­мой <i>CD</i>, <i>AB</i> = 12, <i>BE</i> : <i>EC</i> = 4 : 5.</p><p class=\"left_margin\">а)  До­ка­жи­те, что тре­уголь­ник <i>ACD</i> по­до­бен тре­уголь­ни­ку <i>ABE</i>.</p><p class=\"left_margin\">б)  Най­ди­те <i>BC</i>.</p></div>",
        "image_urls": []
    },
    "solution": {
        "text": "Решение. а)  По свойству угла между касательной и хордой  поэтому четырехугольник AECD  — вписанная трапеция, следовательно, углы ADC и EAD равны, также  из параллельности. Таким образом,  и  следовательно, треугольники ACD и ABE подобны по двум углам. Что требовалось доказать.б)  Из подобия треугольников ABE и ACD (п. а) следует, что  а значит, BA  — касательная к окружности AECD. Тогда  откуда находим  Ответ: б) 18.",
        "html": "<div align=\"justify\" width=\"100%\" id=\"sol505673\" class=\"solution\" style=\"clear:both;\" class=\"pbody\"><p class=\"left_margin\"></p><b>Ре­ше­ние<!--rule_info-->. </b><p class=\"left_margin\"><img src=\"/get_file?id=120403\" style=\"float:right;margin:10px;max-width:100%\">а)  По свой­ству угла между ка­са­тель­ной и хор­дой <img src=\"https://ege.sdamgia.ru/formula/svg/35/35c0840426d81d8b2e3831bc82d73f41.svg\" class=\"tex\" style=\"vertical-align:-1.8pt\" alt=\"\\angle ACD=\\angle ABC\"> по­это­му че­ты­рех­уголь­ник <i>AECD</i>  — впи­сан­ная тра­пе­ция, сле­до­ва­тель­но, углы <i>ADC</i> и <i>EAD</i> равны, также <img src=\"https://ege.sdamgia.ru/formula/svg/bc/bc3e908fe7efa07dd5faba64d13c8219.svg\" class=\"tex\" style=\"vertical-align:-1.8pt\" alt=\"\\angle AEB=\\angle EAD\"> из па­рал­лель­но­сти. Таким об­ра­зом, <img src=\"https://ege.sdamgia.ru/formula/svg/9e/9e348a3157626bf87affbaf71d27da2a.svg\" class=\"tex\" style=\"vertical-align:-1.8pt\" alt=\"\\angle ABE=\\angle ACD\"> и <img src=\"https://ege.sdamgia.ru/formula/svg/77/77221869c529e9ae9d25fecc932e37cc.svg\" class=\"tex\" style=\"vertical-align:-3.0pt\" alt=\"\\angle AEB=\\angle ADC,\"> сле­до­ва­тель­но, тре­уголь­ни­ки <i>ACD</i> и <i>ABE</i> по­доб­ны по двум углам. Что тре­бо­ва­лось до­ка­зать.</p><p class=\"left_margin\">б)  Из по­до­бия тре­уголь­ни­ков <i>ABE</i> и <i>ACD</i> (п. а) сле­ду­ет, что <img src=\"https://ege.sdamgia.ru/formula/svg/92/92ca7867444213b0c740c0799d16926c.svg\" class=\"tex\" style=\"vertical-align:-3.0pt\" alt=\"\\angle BAE=\\angle CAD=\\angle ECA,\"> а зна­чит, <i>BA</i>  — ка­са­тель­ная к окруж­но­сти <i>AECD</i>. Тогда </p><p class=\"left_margin\"></p><center><p><img src=\"https://ege.sdamgia.ru/formula/svg/81/817c29410dd53b2a9c078b0f3077508c.svg\" class=\"tex\" style=\"vertical-align:-3.0pt\" alt=\"BA в квад­ра­те =BE умно­жить на BC \\Rightarrow 36 x в квад­ра­те =12 в квад­ра­те \\Rightarrow BE=8,\"></p><p class=\"left_margin\"></p></center><p> от­ку­да на­хо­дим <img src=\"https://ege.sdamgia.ru/formula/svg/cd/cd6d77912eee54ec31ed4fc227597dc6.svg\" class=\"tex\" style=\"vertical-align:-1.8pt\" alt=\"BC=18.\"></p><p>&nbsp;</p><p><span style=\"letter-spacing: 2px;\">Ответ:</span> б) 18.</p></div>",
        "image_urls": [
            "https://ege.sdamgia.ru/formula/svg/35/35c0840426d81d8b2e3831bc82d73f41.svg",
            "https://ege.sdamgia.ru/formula/svg/bc/bc3e908fe7efa07dd5faba64d13c8219.svg",
            "https://ege.sdamgia.ru/formula/svg/9e/9e348a3157626bf87affbaf71d27da2a.svg",
            "https://ege.sdamgia.ru/formula/svg/77/77221869c529e9ae9d25fecc932e37cc.svg",
            "https://ege.sdamgia.ru/formula/svg/92/92ca7867444213b0c740c0799d16926c.svg",
            "https://ege.sdamgia.ru/formula/svg/81/817c29410dd53b2a9c078b0f3077508c.svg",
            "https://ege.sdamgia.ru/formula/svg/cd/cd6d77912eee54ec31ed4fc227597dc6.svg",
            "/get_file?id=120403"
        ]
    },
    "answer": "б) 18.",
    "topic_id": 17,
    "analog_ids": []
}