{
    "gia_type": "ege",
    "subject": "math",
    "id": 511162,
    "condition": {
        "text": "На диаметре АВ окружности ω выбрана точка С. На отрезках АС и ВС как на диаметрах построены окружности ω1 и ω2 соответственно. Прямая l пересекает окружность ω в точках А и D, окружность ω1  — в точках А и Е, а окружность ω2  — в точках М и N.а)  Докажите, что MD = NE.б)  Найдите радиус круга, касающегося окружностей ω, ω1 и ω2, если известно, что АС = 10, ВС = 6.",
        "html": "<div align=\"justify\" width=\"100%\" id=\"body631366\" class=\"pbody\"><p class=\"left_margin\">На диа­мет­ре <i>АВ</i>&nbsp;окруж­но­сти ω вы­бра­на точка <i>С</i>. На&nbsp;от­рез­ках <i>АС</i> и&nbsp;<i>ВС</i> как на диа­мет­рах по­стро­е­ны окруж­но­сти&nbsp;ω<sub>1</sub> и ω<sub>2</sub> со­от­вет­ствен­но. Пря­мая <i>l</i> пе­ре­се­ка­ет&nbsp;окруж­ность&nbsp;ω в точ­ках&nbsp;<i>А</i>&nbsp;и <i>D</i>, окруж­ность&nbsp;ω<sub>1</sub>  — в&nbsp;точ­ках&nbsp;<i>А</i>&nbsp;и&nbsp;<i>Е</i>, а&nbsp;окруж­ность&nbsp;ω<sub>2</sub>  — в точ­ках&nbsp;<i>М</i>&nbsp;и&nbsp;<i>N</i>.</p><p class=\"left_margin\">а)  До­ка­жи­те,&nbsp;что&nbsp;<i>MD</i> = <i>NE</i>.</p><p class=\"left_margin\">б)  Най­ди­те ра­ди­ус круга, ка­са­ю­ще­го­ся окруж­но­стей ω, ω<sub>1</sub> и ω<sub>2</sub>, если из­вест­но, что&nbsp;<i>АС</i> = 10,&nbsp;<i>ВС</i> = 6.</p></div>",
        "image_urls": []
    },
    "solution": {
        "text": "Решение. а)  Заметим, что  (опираются на диаметры), следовательно, четырехугольник CEDB  — прямоугольная трапеция (см. левый рис.). Пусть точка O2  — центр ω2, точка P  — середина MN, тогда отрезок O2P является высотой равнобедренного треугольника MO2N. Отрезки O2P и MN взаимно перпендикулярны и отрезки O2P и CE параллельны, значит, точка P  — середина отрезка ED. Следовательно,  что требовалось доказать. б)  Пусть искомая окружность касается ω в точке O3 и имеет радиус r (см. правый рис). Используя теорему косинусов для треугольников O1O2O3 и OO2O3, найдем в каждом из них косинус их общего угла O2 и приравняем полученные выражения:Ответ:  Примечание.В пункте б) можно было иначе применить теорему косинусов: косинус смежных углов O1OO3 и O2OO3 противоположны, поэтомутогда ",
        "html": "<div align=\"justify\" width=\"100%\" id=\"sol511162\" class=\"solution\" style=\"clear:both;\" class=\"pbody\"><p class=\"left_margin\"></p><b>Ре­ше­ние<!--rule_info-->. </b><p class=\"left_margin\">а)  За­ме­тим, что <img src=\"https://ege.sdamgia.ru/formula/svg/9c/9c8e8d7f973221c1a889703ab0ad07df.svg\" class=\"tex\" style=\"vertical-align:-1.8pt\" alt=\"\\angle AEC=\\angle ADB=90 гра­ду­сов \"> (опи­ра­ют­ся на диа­мет­ры), сле­до­ва­тель­но, че­ты­рех­уголь­ник <i>CEDB</i>  — пря­мо­уголь­ная тра­пе­ция <nobr>(см. левый рис.).</nobr> Пусть точка <i>O</i><sub>2</sub>  — центр ω<sub>2</sub>, точка <i>P</i>  — се­ре­ди­на <i>MN</i>, тогда от­ре­зок <i>O</i><sub>2</sub><i>P</i> яв­ля­ет­ся вы­со­той рав­но­бед­рен­но­го тре­уголь­ни­ка <i>MO</i><sub>2</sub><i>N</i>. От­рез­ки <i>O</i><sub>2</sub><i>P</i> и <i>MN</i> вза­им­но пер­пен­ди­ку­ляр­ны и от­рез­ки <i>O</i><sub>2</sub><i>P</i> и <i>CE</i> па­рал­лель­ны, зна­чит, точка <i>P</i>  — се­ре­ди­на от­рез­ка <i>ED</i>. Сле­до­ва­тель­но, <img src=\"https://ege.sdamgia.ru/formula/svg/9c/9c641b5fbc46d1bc7a5fdd87e26c1616.svg\" class=\"tex\" style=\"vertical-align:-3.0pt\" alt=\"EM=ND,\"> что тре­бо­ва­лось до­ка­зать.</p><p></p><div class=\"flex-img\"><p></p><div><img src=\"/get_file?id=115318\" style=\"margin:10px auto;display:block;max-width:none\"><p><nobr> </nobr></p><p></p></div><p></p><div><img src=\"/get_file?id=115505\" style=\"margin:10px auto;display:block;max-width:none\"><p><nobr></nobr></p><p></p></div></div><p class=\"left_margin\">б)  Пусть ис­ко­мая окруж­ность ка­са­ет­ся ω в точке <i>O</i><sub>3</sub> и имеет ра­ди­ус <i>r</i> <nobr>(см. пра­вый рис).</nobr> Ис­поль­зуя тео­ре­му ко­си­ну­сов для тре­уголь­ни­ков <i>O</i><sub>1</sub><i>O</i><sub>2</sub><i>O</i><sub>3</sub> и <i>OO</i><sub>2</sub><i>O</i><sub>3</sub>, най­дем в каж­дом из них ко­си­нус их об­ще­го угла <i>O</i><sub>2</sub> и при­рав­ня­ем по­лу­чен­ные вы­ра­же­ния:</p><p class=\"left_margin\"></p><center><p><span data-width=\"640\" data-formulahash=\"75b4c3bf9cb275b503e1ddc168d561bd\" class=\"tex-span\" style=\"\"><img src=\"https://ege.sdamgia.ru/formula/svg/c5/c51797281df5fa109d242d45ab72018e.svg\" class=\"tex\" style=\"vertical-align:-11.1pt\" alt=\" дробь: чис­ли­тель: 8 в квад­ра­те плюс левая круг­лая скоб­ка r плюс 3 пра­вая круг­лая скоб­ка в квад­ра­те минус левая круг­лая скоб­ка r плюс 5 пра­вая круг­лая скоб­ка в квад­ра­те , зна­ме­на­тель: 2 умно­жить на 8 умно­жить на левая круг­лая скоб­ка r плюс 3 пра­вая круг­лая скоб­ка конец дроби = дробь: чис­ли­тель: 5 в квад­ра­те плюс левая круг­лая скоб­ка r плюс 3 пра­вая круг­лая скоб­ка в квад­ра­те минус левая круг­лая скоб­ка 8 минус r пра­вая круг­лая скоб­ка в квад­ра­те , зна­ме­на­тель: 2 умно­жить на 5 умно­жить на левая круг­лая скоб­ка r плюс 3 пра­вая круг­лая скоб­ка конец дроби рав­но­силь­но \"><br><img src=\"https://ege.sdamgia.ru/formula/svg/3e/3e56efaac1da0dcaf0f111517826b415.svg\" class=\"tex\" style=\"vertical-align:-8.4pt\" alt=\" рав­но­силь­но 5 левая круг­лая скоб­ка 8 в квад­ра­те плюс левая круг­лая скоб­ка r плюс 3 пра­вая круг­лая скоб­ка в квад­ра­те минус левая круг­лая скоб­ка r плюс 5 пра­вая круг­лая скоб­ка в квад­ра­те пра­вая круг­лая скоб­ка = 8 левая круг­лая скоб­ка 5 в квад­ра­те плюс левая круг­лая скоб­ка r плюс 3 пра­вая круг­лая скоб­ка в квад­ра­те минус левая круг­лая скоб­ка 8 минус r пра­вая круг­лая скоб­ка в квад­ра­те пра­вая круг­лая скоб­ка рав­но­силь­но 240 минус 20 r = 176 r минус 240 рав­но­силь­но r = дробь: чис­ли­тель: 120, зна­ме­на­тель: 49 конец дроби . \"></span><span data-width=\"615\" data-formulahash=\"75b4c3bf9cb275b503e1ddc168d561bd\" class=\"tex-span\" style=\"display:none\"><img src=\"https://ege.sdamgia.ru/formula/svg/c5/c51797281df5fa109d242d45ab72018e.svg\" class=\"tex\" style=\"vertical-align:-11.1pt\" alt=\" дробь: чис­ли­тель: 8 в квад­ра­те плюс левая круг­лая скоб­ка r плюс 3 пра­вая круг­лая скоб­ка в квад­ра­те минус левая круг­лая скоб­ка r плюс 5 пра­вая круг­лая скоб­ка в квад­ра­те , зна­ме­на­тель: 2 умно­жить на 8 умно­жить на левая круг­лая скоб­ка r плюс 3 пра­вая круг­лая скоб­ка конец дроби = дробь: чис­ли­тель: 5 в квад­ра­те плюс левая круг­лая скоб­ка r плюс 3 пра­вая круг­лая скоб­ка в квад­ра­те минус левая круг­лая скоб­ка 8 минус r пра­вая круг­лая скоб­ка в квад­ра­те , зна­ме­на­тель: 2 умно­жить на 5 умно­жить на левая круг­лая скоб­ка r плюс 3 пра­вая круг­лая скоб­ка конец дроби рав­но­силь­но \"><br><img src=\"https://ege.sdamgia.ru/formula/svg/82/8284daf9d6a1e4909eb3dc22d17965d4.svg\" class=\"tex\" style=\"vertical-align:-3.6pt\" alt=\" рав­но­силь­но 5 левая круг­лая скоб­ка 8 в квад­ра­те плюс левая круг­лая скоб­ка r плюс 3 пра­вая круг­лая скоб­ка в квад­ра­те минус левая круг­лая скоб­ка r плюс 5 пра­вая круг­лая скоб­ка в квад­ра­те пра­вая круг­лая скоб­ка = 8 левая круг­лая скоб­ка 5 в квад­ра­те плюс левая круг­лая скоб­ка r плюс 3 пра­вая круг­лая скоб­ка в квад­ра­те минус левая круг­лая скоб­ка 8 минус r пра­вая круг­лая скоб­ка в квад­ра­те пра­вая круг­лая скоб­ка рав­но­силь­но \"><br><img src=\"https://ege.sdamgia.ru/formula/svg/19/19467737181731a27f73f26d21ea3096.svg\" class=\"tex\" style=\"vertical-align:-8.5pt\" alt=\" рав­но­силь­но 240 минус 20 r = 176 r минус 240 рав­но­силь­но r = дробь: чис­ли­тель: 120, зна­ме­на­тель: 49 конец дроби . \"></span></p><p class=\"left_margin\"></p></center><p><span style=\"letter-spacing: 2px;\">Ответ:</span> <img src=\"https://ege.sdamgia.ru/formula/svg/3e/3e225d61b667e80263f4c93d66492073.svg\" class=\"tex\" style=\"vertical-align:-8.5pt\" alt=\" дробь: чис­ли­тель: 120, зна­ме­на­тель: 49 конец дроби . \"></p><p>&nbsp;</p><p><b>При­ме­ча­ние.</b></p><p class=\"left_margin\">В пунк­те б) можно было иначе при­ме­нить тео­ре­му ко­си­ну­сов: ко­си­нус смеж­ных углов <i>O</i><sub>1</sub><i>OO</i><sub>3</sub> и <i>O</i><sub>2</sub><i>OO</i><sub>3</sub> про­ти­во­по­лож­ны, по­это­му</p><p class=\"left_margin\"></p><center><p><span data-width=\"640\" data-formulahash=\"44ce170854549c1a754afd5d6b15d7b6\" class=\"tex-span\" style=\"\"><img src=\"https://ege.sdamgia.ru/formula/svg/44/44ce170854549c1a754afd5d6b15d7b6.svg\" class=\"tex\" style=\"vertical-align:-11.0pt\" alt=\" ко­си­нус \\angle O_1OO_3= дробь: чис­ли­тель: 3 в квад­ра­те плюс левая круг­лая скоб­ка 8 минус r пра­вая круг­лая скоб­ка в квад­ра­те минус левая круг­лая скоб­ка 5 плюс r пра­вая круг­лая скоб­ка в квад­ра­те , зна­ме­на­тель: 2 умно­жить на 3 умно­жить на 8 конец дроби = минус ко­си­нус \\angle O_3OO_2= минус дробь: чис­ли­тель: левая круг­лая скоб­ка 8 минус r пра­вая круг­лая скоб­ка в квад­ра­те плюс 5 в квад­ра­те минус левая круг­лая скоб­ка 3 плюс r пра­вая круг­лая скоб­ка в квад­ра­те , зна­ме­на­тель: 2 умно­жить на левая круг­лая скоб­ка 8 минус r пра­вая круг­лая скоб­ка умно­жить на 5 конец дроби , \"></span><span data-width=\"540\" data-formulahash=\"44ce170854549c1a754afd5d6b15d7b6\" class=\"tex-span\" style=\"display:none\"><img src=\"https://ege.sdamgia.ru/formula/svg/38/386e05775e9bccad71ac72bdd841fb2b.svg\" class=\"tex\" style=\"vertical-align:-8.5pt\" alt=\" ко­си­нус \\angle O_1OO_3= дробь: чис­ли­тель: 3 в квад­ра­те плюс левая круг­лая скоб­ка 8 минус r пра­вая круг­лая скоб­ка в квад­ра­те минус левая круг­лая скоб­ка 5 плюс r пра­вая круг­лая скоб­ка в квад­ра­те , зна­ме­на­тель: 2 умно­жить на 3 умно­жить на 8 конец дроби = \"><br><img src=\"https://ege.sdamgia.ru/formula/svg/69/6932e4d91a1322eb11dca9f7206dee5b.svg\" class=\"tex\" style=\"vertical-align:-11.1pt\" alt=\"= минус ко­си­нус \\angle O_3OO_2= минус дробь: чис­ли­тель: левая круг­лая скоб­ка 8 минус r пра­вая круг­лая скоб­ка в квад­ра­те плюс 5 в квад­ра­те минус левая круг­лая скоб­ка 3 плюс r пра­вая круг­лая скоб­ка в квад­ра­те , зна­ме­на­тель: 2 умно­жить на левая круг­лая скоб­ка 8 минус r пра­вая круг­лая скоб­ка умно­жить на 5 конец дроби , \"></span></p><p class=\"left_margin\"></p></center><p>тогда </p><p class=\"left_margin\"></p><center><p><span data-width=\"640\" data-formulahash=\"c0033935876de452ad59cdb48c35a98b\" class=\"tex-span\" style=\"\"><img src=\"https://ege.sdamgia.ru/formula/svg/ad/ad3c572cc71308c5e115ef76410b5f60.svg\" class=\"tex\" style=\"vertical-align:-3.6pt\" alt=\"5 левая круг­лая скоб­ка 3 в квад­ра­те плюс левая круг­лая скоб­ка 8 минус r пра­вая круг­лая скоб­ка в квад­ра­те минус левая круг­лая скоб­ка 5 плюс r пра­вая круг­лая скоб­ка в квад­ра­те пра­вая круг­лая скоб­ка = минус 3 левая круг­лая скоб­ка левая круг­лая скоб­ка 8 минус r пра­вая круг­лая скоб­ка в квад­ра­те плюс 5 в квад­ра­те минус левая круг­лая скоб­ка 3 плюс x пра­вая круг­лая скоб­ка в квад­ра­те пра­вая круг­лая скоб­ка =0 рав­но­силь­но \"><br><img src=\"https://ege.sdamgia.ru/formula/svg/a4/a45aa0293c04529a78b85e9cf905d9c6.svg\" class=\"tex\" style=\"vertical-align:-8.4pt\" alt=\" рав­но­силь­но 5 левая круг­лая скоб­ка 48 минус 26r пра­вая круг­лая скоб­ка = минус 3 левая круг­лая скоб­ка 80 минус 22r пра­вая круг­лая скоб­ка рав­но­силь­но 5 левая круг­лая скоб­ка 24 минус 13r пра­вая круг­лая скоб­ка = 3 левая круг­лая скоб­ка 11r минус 40 пра­вая круг­лая скоб­ка рав­но­силь­но r = дробь: чис­ли­тель: 120, зна­ме­на­тель: 49 конец дроби . \"></span><span data-width=\"465\" data-formulahash=\"c0033935876de452ad59cdb48c35a98b\" class=\"tex-span\" style=\"display:none\"><img src=\"https://ege.sdamgia.ru/formula/svg/ad/ad3c572cc71308c5e115ef76410b5f60.svg\" class=\"tex\" style=\"vertical-align:-3.6pt\" alt=\"5 левая круг­лая скоб­ка 3 в квад­ра­те плюс левая круг­лая скоб­ка 8 минус r пра­вая круг­лая скоб­ка в квад­ра­те минус левая круг­лая скоб­ка 5 плюс r пра­вая круг­лая скоб­ка в квад­ра­те пра­вая круг­лая скоб­ка = минус 3 левая круг­лая скоб­ка левая круг­лая скоб­ка 8 минус r пра­вая круг­лая скоб­ка в квад­ра­те плюс 5 в квад­ра­те минус левая круг­лая скоб­ка 3 плюс x пра­вая круг­лая скоб­ка в квад­ра­те пра­вая круг­лая скоб­ка =0 рав­но­силь­но \"><br><img src=\"https://ege.sdamgia.ru/formula/svg/0c/0cef0a292d5eba13f443ea67f0deb8da.svg\" class=\"tex\" style=\"vertical-align:-3.6pt\" alt=\" рав­но­силь­но 5 левая круг­лая скоб­ка 48 минус 26r пра­вая круг­лая скоб­ка = минус 3 левая круг­лая скоб­ка 80 минус 22r пра­вая круг­лая скоб­ка рав­но­силь­но \"><br><img src=\"https://ege.sdamgia.ru/formula/svg/9e/9ed501b74eb7351d34741708eb3cc123.svg\" class=\"tex\" style=\"vertical-align:-8.5pt\" alt=\" рав­но­силь­но 5 левая круг­лая скоб­ка 24 минус 13r пра­вая круг­лая скоб­ка = 3 левая круг­лая скоб­ка 11r минус 40 пра­вая круг­лая скоб­ка рав­но­силь­но r = дробь: чис­ли­тель: 120, зна­ме­на­тель: 49 конец дроби . \"></span></p><p class=\"left_margin\"></p></center></div>",
        "image_urls": [
            "https://ege.sdamgia.ru/formula/svg/9c/9c8e8d7f973221c1a889703ab0ad07df.svg",
            "https://ege.sdamgia.ru/formula/svg/9c/9c641b5fbc46d1bc7a5fdd87e26c1616.svg",
            "https://ege.sdamgia.ru/formula/svg/c5/c51797281df5fa109d242d45ab72018e.svg",
            "https://ege.sdamgia.ru/formula/svg/3e/3e56efaac1da0dcaf0f111517826b415.svg",
            "https://ege.sdamgia.ru/formula/svg/c5/c51797281df5fa109d242d45ab72018e.svg",
            "https://ege.sdamgia.ru/formula/svg/82/8284daf9d6a1e4909eb3dc22d17965d4.svg",
            "https://ege.sdamgia.ru/formula/svg/19/19467737181731a27f73f26d21ea3096.svg",
            "https://ege.sdamgia.ru/formula/svg/3e/3e225d61b667e80263f4c93d66492073.svg",
            "https://ege.sdamgia.ru/formula/svg/44/44ce170854549c1a754afd5d6b15d7b6.svg",
            "https://ege.sdamgia.ru/formula/svg/38/386e05775e9bccad71ac72bdd841fb2b.svg",
            "https://ege.sdamgia.ru/formula/svg/69/6932e4d91a1322eb11dca9f7206dee5b.svg",
            "https://ege.sdamgia.ru/formula/svg/ad/ad3c572cc71308c5e115ef76410b5f60.svg",
            "https://ege.sdamgia.ru/formula/svg/a4/a45aa0293c04529a78b85e9cf905d9c6.svg",
            "https://ege.sdamgia.ru/formula/svg/ad/ad3c572cc71308c5e115ef76410b5f60.svg",
            "https://ege.sdamgia.ru/formula/svg/0c/0cef0a292d5eba13f443ea67f0deb8da.svg",
            "https://ege.sdamgia.ru/formula/svg/9e/9ed501b74eb7351d34741708eb3cc123.svg",
            "/get_file?id=115318",
            "/get_file?id=115505"
        ]
    },
    "answer": "",
    "topic_id": 17,
    "analog_ids": []
}