{
    "gia_type": "ege",
    "subject": "math",
    "id": 513228,
    "condition": {
        "text": "Дана окружность с диаметром AB. Вторая окружность с центром в точке А пересекает первую окружность в точках С и D, а диаметр AB в точке E. На дуге СЕ, не содержащей точки D, взята точка M, отличная от точек С и E. Луч BM пересекает первую окружность в точке N, а вторую в точке M1.  а)  Докажите, что точка N  — середина отрезка MM1.б)  Найдите длину отрезка MN, если известно, что CN  =  6, DN  =  13,5.",
        "html": "<div align=\"justify\" width=\"100%\" id=\"body637488\" class=\"pbody\"><p class=\"left_margin\">Дана окруж­ность с диа­мет­ром <i>AB</i>. Вто­рая окруж­ность с цен­тром в точке <i>А</i> пе­ре­се­ка­ет первую окруж­ность в точ­ках <i>С</i> и <i>D</i>, а диа­метр <i>AB</i> в точке <i>E</i>. На дуге <i>СЕ</i>, не со­дер­жа­щей точки <i>D</i>, взята точка <i>M</i>, от­лич­ная от точек <i>С</i> и <i>E</i>. Луч <i>BM</i> пе­ре­се­ка­ет первую окруж­ность в точке <i>N</i>, а вто­рую в точке <i>M</i><sub>1</sub>.  </p><p class=\"left_margin\">а)  До­ка­жи­те, что точка <i>N</i>  — се­ре­ди­на от­рез­ка <i>MM</i><sub>1</sub>.</p><p class=\"left_margin\">б)  Най­ди­те длину от­рез­ка <i>MN</i>, если из­вест­но, что <i>CN</i>  =  6, <i>DN</i>  =  13,5.</p></div>",
        "image_urls": []
    },
    "solution": {
        "text": "Решение. а)  Заметим, что угол ANB прямой, так как опирается на диаметр AB первой окружности.  Следовательно, отрезок AN  — высота треугольника AMM1. При этом  треугольник равнобедренный, следовательно, отрезок AN является также медианой этого треугольника, а значит,  Что требовалось доказать.  б)  Заметим, что дуги CB и BD равны, значит,  Пусть DN пересекает вторую окружность в точке C1. Из симметрии заключаем, что  следовательно,  (последнее равенство вытекает из свойств вписанных углов). Тогда треугольники CMN и MDN подобны, значит,  то есть  откуда MN  =  9. Ответ: б) 9.",
        "html": "<div align=\"justify\" width=\"100%\" id=\"sol513228\" class=\"solution\" style=\"clear:both;\" class=\"pbody\"><p class=\"left_margin\"></p><b>Ре­ше­ние<!--rule_info-->. </b><p class=\"left_margin\"><img src=\"/get_file?id=197224\" style=\"float:right;margin:10px;max-width:100%\">а)  За­ме­тим, что угол <i>ANB</i> пря­мой, так как опи­ра­ет­ся на диа­метр <i>AB</i> пер­вой окруж­но­сти.  Сле­до­ва­тель­но, от­ре­зок <i>AN</i>  — вы­со­та тре­уголь­ни­ка <i>AMM</i><sub>1</sub>. При этом <img src=\"https://ege.sdamgia.ru/formula/svg/a7/a758bbf5d4fa7bc88ddabe998a63195b.svg\" class=\"tex\" style=\"vertical-align:-3.0pt\" alt=\"AM=AM_1,\"> тре­уголь­ник рав­но­бед­рен­ный, сле­до­ва­тель­но, от­ре­зок <i>AN</i> яв­ля­ет­ся также ме­ди­а­ной этого тре­уголь­ни­ка, а зна­чит, <img src=\"https://ege.sdamgia.ru/formula/svg/49/49a860c887603fd20d1a06fb2658fa60.svg\" class=\"tex\" style=\"vertical-align:-2.5pt\" alt=\"MN=NM_1.\"> Что тре­бо­ва­лось до­ка­зать. </p><p>&nbsp;</p><p class=\"left_margin\">б)  За­ме­тим, что дуги <i>CB</i> и <i>BD</i> равны, зна­чит, <img src=\"https://ege.sdamgia.ru/formula/svg/cd/cd257e7e88581885b88ec6a4f2c3ec87.svg\" class=\"tex\" style=\"vertical-align:-1.8pt\" alt=\"\\angle BNC=\\angle BND.\"> Пусть <i>DN</i> пе­ре­се­ка­ет вто­рую окруж­ность в точке <i>C</i><sub>1</sub>. Из сим­мет­рии за­клю­ча­ем, что <img src=\"https://ege.sdamgia.ru/formula/svg/38/38ba4a114d65312270331b588232a335.svg\" class=\"tex\" style=\"vertical-align:-3.0pt\" alt=\"\\Delta MNC=\\Delta M_1NC_1,\"> сле­до­ва­тель­но, <img src=\"https://ege.sdamgia.ru/formula/svg/58/58d78500bdcf912ed49871bdcc82c008.svg\" class=\"tex\" style=\"vertical-align:-2.5pt\" alt=\"\\angle CMN=\\angle C_1M_1N=\\angle C_1DM\"> (по­след­нее ра­вен­ство вы­те­ка­ет из свойств впи­сан­ных углов). Тогда тре­уголь­ни­ки <i>CMN</i> и <i>MDN</i> по­доб­ны, зна­чит, <img src=\"https://ege.sdamgia.ru/formula/svg/fc/fc620376d8b7b53aecbc0c0b40df85aa.svg\" class=\"tex\" style=\"vertical-align:-8.4pt\" alt=\" дробь: чис­ли­тель: CN, зна­ме­на­тель: MN конец дроби = дробь: чис­ли­тель: MN, зна­ме­на­тель: DN конец дроби , \"> то есть <img src=\"https://ege.sdamgia.ru/formula/svg/63/63f1bc8203cecbfcddd4d05575f811bc.svg\" class=\"tex\" style=\"vertical-align:-3.0pt\" alt=\"MN в квад­ра­те =CN умно­жить на DN = 81,\"> от­ку­да <i>MN</i>  =  9.</p><p>&nbsp;</p><p><span style=\"letter-spacing: 2px;\">Ответ:</span> б) 9.</p></div>",
        "image_urls": [
            "https://ege.sdamgia.ru/formula/svg/a7/a758bbf5d4fa7bc88ddabe998a63195b.svg",
            "https://ege.sdamgia.ru/formula/svg/49/49a860c887603fd20d1a06fb2658fa60.svg",
            "https://ege.sdamgia.ru/formula/svg/cd/cd257e7e88581885b88ec6a4f2c3ec87.svg",
            "https://ege.sdamgia.ru/formula/svg/38/38ba4a114d65312270331b588232a335.svg",
            "https://ege.sdamgia.ru/formula/svg/58/58d78500bdcf912ed49871bdcc82c008.svg",
            "https://ege.sdamgia.ru/formula/svg/fc/fc620376d8b7b53aecbc0c0b40df85aa.svg",
            "https://ege.sdamgia.ru/formula/svg/63/63f1bc8203cecbfcddd4d05575f811bc.svg",
            "/get_file?id=197224"
        ]
    },
    "answer": "б) 9.",
    "topic_id": 17,
    "analog_ids": [
        513228,
        623661
    ]
}