{
    "gia_type": "ege",
    "subject": "math",
    "id": 513787,
    "condition": {
        "text": "Две окружности имеют общий центр О. На окружности большего радиуса выбрана точка F.а)  Докажите, что сумма квадратов расстояний от точки F до концов диаметра меньшей окружности не зависит ни от выбора точки F, ни от выбора диаметра. б)  Известно, что радиусы окружностей равны 10 и 24. Найдите площадь треугольника, вершинами которого являются концы диаметра меньшей окружности и точка F, тангенс угла F этого треугольника равен ",
        "html": "<div align=\"justify\" width=\"100%\" id=\"body636935\" class=\"pbody\"><p class=\"left_margin\">Две окруж­но­сти имеют общий центр <i>О</i>. На окруж­но­сти боль­ше­го ра­ди­у­са вы­бра­на точка&nbsp;<i>F</i>.</p><p class=\"left_margin\">а)  До­ка­жи­те, что сумма квад­ра­тов рас­сто­я­ний от точки <i>F</i> до кон­цов диа­мет­ра мень­шей окруж­но­сти не за­ви­сит ни от вы­бо­ра точки <i>F</i>, ни от вы­бо­ра диа­мет­ра.&nbsp;</p><p class=\"left_margin\">б)  Из­вест­но, что ра­ди­у­сы окруж­но­стей равны 10 и 24. Най­ди­те пло­щадь тре­уголь­ни­ка, вер­ши­на­ми ко­то­ро­го яв­ля­ют­ся концы диа­мет­ра мень­шей окруж­но­сти и точка <i>F</i>, тан­генс угла <i>F</i> этого тре­уголь­ни­ка равен <img src=\"https://ege.sdamgia.ru/formula/svg/25/25c4c73ee32dffc81cfadd4e18448dd6.svg\" class=\"tex\" style=\"vertical-align:-8.4pt\" alt=\" дробь: чис­ли­тель: 1, зна­ме­на­тель: 4 конец дроби .\"></p></div>",
        "image_urls": [
            "https://ege.sdamgia.ru/formula/svg/25/25c4c73ee32dffc81cfadd4e18448dd6.svg"
        ]
    },
    "solution": {
        "text": "Решение. а)  Пусть R и r  — радиусы окружностей  Прямая AB  — диаметр окружности меньшего радиуса. По теореме косинусов  откуда  Что требовалось доказать.б)  Заметим, что  откудаПо теореме косинусов для треугольника AFB получаем: Из пункта а) следует, что  Подставим в предыдущее равенство: тогда  следовательно, Ответ: б) 59,5.",
        "html": "<div align=\"justify\" width=\"100%\" id=\"sol513787\" class=\"solution\" style=\"clear:both;\" class=\"pbody\"><p class=\"left_margin\"></p><b>Ре­ше­ние<!--rule_info-->. </b><p class=\"left_margin\"><img src=\"/get_file?id=115217\" style=\"float:right;margin:10px;max-width:100%\">а)  Пусть <i>R</i> и <i>r</i>  — ра­ди­у­сы окруж­но­стей <img src=\"https://ege.sdamgia.ru/formula/svg/9d/9db88433e339ed77da08533233342117.svg\" class=\"tex\" style=\"vertical-align:-3.6pt\" alt=\" левая круг­лая скоб­ка R боль­ше r пра­вая круг­лая скоб­ка .\"> Пря­мая <i>AB</i>  — диа­метр окруж­но­сти мень­ше­го ра­ди­у­са. По тео­ре­ме ко­си­ну­сов</p><p></p><div class=\"flex-math\"><p><img src=\"https://ege.sdamgia.ru/formula/svg/9b/9b751e8b0f6798c301af484191d3ab12.svg\" class=\"tex\" style=\"vertical-align:-3.0pt\" alt=\"AF в квад­ра­те =AO в квад­ра­те плюс OF в квад­ра­те минус 2AO умно­жить на OF умно­жить на ко­си­нус AOF,\"> <img src=\"https://ege.sdamgia.ru/formula/svg/c5/c5a75531c3b99b5994f1b4867e257b2b.svg\" class=\"tex\" style=\"vertical-align:-3.0pt\" alt=\"FB в квад­ра­те =OF в квад­ра­те плюс OB в квад­ра­те минус 2OF умно­жить на OB умно­жить на ко­си­нус FOB ,\"></p></div><p> от­ку­да </p><p class=\"left_margin\"></p><center><p><span data-width=\"640\" data-formulahash=\"240cef47f611935ac97d773fb6875f4f\" class=\"tex-span\" style=\"\"><img src=\"https://ege.sdamgia.ru/formula/svg/24/240cef47f611935ac97d773fb6875f4f.svg\" class=\"tex\" style=\"vertical-align:-3.6pt\" alt=\"AF в квад­ра­те плюс FB в квад­ра­те =r в квад­ра­те плюс R в квад­ра­те минус 2Rr умно­жить на ко­си­нус AOF плюс R в квад­ра­те плюс r в квад­ра­те минус 2R умно­жить на r умно­жить на ко­си­нус левая круг­лая скоб­ка 180 гра­ду­сов минус AOF пра­вая круг­лая скоб­ка =2R в квад­ра­те плюс 2r в квад­ра­те .\"></span><span data-width=\"540\" data-formulahash=\"240cef47f611935ac97d773fb6875f4f\" class=\"tex-span\" style=\"display:none\"><img src=\"https://ege.sdamgia.ru/formula/svg/3e/3e7569c4beaa4d5c0abfd93074dbd52d.svg\" class=\"tex\" style=\"vertical-align:-1.8pt\" alt=\"AF в квад­ра­те плюс FB в квад­ра­те =\"><br><img src=\"https://ege.sdamgia.ru/formula/svg/42/42ff60ef80b4e8a4a46eec369a53e799.svg\" class=\"tex\" style=\"vertical-align:-3.6pt\" alt=\"=r в квад­ра­те плюс R в квад­ра­те минус 2Rr умно­жить на ко­си­нус AOF плюс R в квад­ра­те плюс r в квад­ра­те минус 2R умно­жить на r умно­жить на ко­си­нус левая круг­лая скоб­ка 180 гра­ду­сов минус AOF пра­вая круг­лая скоб­ка =2R в квад­ра­те плюс 2r в квад­ра­те .\"></span><span data-width=\"440\" data-formulahash=\"240cef47f611935ac97d773fb6875f4f\" class=\"tex-span\" style=\"display:none\"><img src=\"https://ege.sdamgia.ru/formula/svg/3e/3e7569c4beaa4d5c0abfd93074dbd52d.svg\" class=\"tex\" style=\"vertical-align:-1.8pt\" alt=\"AF в квад­ра­те плюс FB в квад­ра­те =\"><br><img src=\"https://ege.sdamgia.ru/formula/svg/80/80df5d8e9664244afcec13b878504175.svg\" class=\"tex\" style=\"vertical-align:-3.6pt\" alt=\"=r в квад­ра­те плюс R в квад­ра­те минус 2Rr умно­жить на ко­си­нус AOF плюс R в квад­ра­те плюс r в квад­ра­те минус 2R умно­жить на r умно­жить на ко­си­нус левая круг­лая скоб­ка 180 гра­ду­сов минус AOF пра­вая круг­лая скоб­ка =\"><br><img src=\"https://ege.sdamgia.ru/formula/svg/20/208206c7378a9742c66c6295ac60d0a2.svg\" class=\"tex\" style=\"vertical-align:-1.8pt\" alt=\"=2R в квад­ра­те плюс 2r в квад­ра­те .\"></span></p><p class=\"left_margin\"></p></center><p> Что тре­бо­ва­лось до­ка­зать.</p><p class=\"left_margin\">б)  За­ме­тим, что <img src=\"https://ege.sdamgia.ru/formula/svg/3e/3e8d52c10581934a8098762653ad71ec.svg\" class=\"tex\" style=\"vertical-align:-8.4pt\" alt=\" тан­генс AFB= дробь: чис­ли­тель: 1, зна­ме­на­тель: 4 конец дроби ,\"> от­ку­да</p><p class=\"left_margin\"></p><center><p><img src=\"https://ege.sdamgia.ru/formula/svg/39/39296b0dcec887b89a5b6eea99e8c985.svg\" class=\"tex\" style=\"vertical-align:-16.1pt\" alt=\" ко­си­нус AFB= ко­рень из: на­ча­ло ар­гу­мен­та: дробь: чис­ли­тель: 1, зна­ме­на­тель: 1 в квад­ра­те плюс левая круг­лая скоб­ка дробь: чис­ли­тель: 1, зна­ме­на­тель: 4 конец дроби пра­вая круг­лая скоб­ка в квад­ра­те конец дроби конец ар­гу­мен­та = дробь: чис­ли­тель: 4, зна­ме­на­тель: ко­рень из: на­ча­ло ар­гу­мен­та: 17 конец ар­гу­мен­та конец дроби . \"></p><p class=\"left_margin\"></p></center><p class=\"left_margin\">По тео­ре­ме ко­си­ну­сов для тре­уголь­ни­ка <i>AFB</i> по­лу­ча­ем:</p><p class=\"left_margin\"></p><center><p><img src=\"https://ege.sdamgia.ru/formula/svg/62/626575f2a555ec018588f9797dabb1ab.svg\" class=\"tex\" style=\"vertical-align:-11.0pt\" alt=\" дробь: чис­ли­тель: 4, зна­ме­на­тель: ко­рень из: на­ча­ло ар­гу­мен­та: 17 конец ар­гу­мен­та конец дроби = дробь: чис­ли­тель: AF в квад­ра­те плюс FB в квад­ра­те минус 20 в квад­ра­те , зна­ме­на­тель: 2AF умно­жить на FB конец дроби . \"></p><p class=\"left_margin\"></p></center><p> Из пунк­та а) сле­ду­ет, что </p><p class=\"left_margin\"></p><center><p><img src=\"https://ege.sdamgia.ru/formula/svg/9a/9a4485bb070c63d8df0d3fd43634a349.svg\" class=\"tex\" style=\"vertical-align:-1.8pt\" alt=\"AF в квад­ра­те плюс BF в квад­ра­те минус 2 умно­жить на 24 в квад­ра­те плюс 2 умно­жить на 10 в квад­ра­те =2 умно­жить на 676=1352.\"></p><p class=\"left_margin\"></p></center><p> Под­ста­вим в преды­ду­щее ра­вен­ство:</p><p class=\"left_margin\"></p><center><p><img src=\"https://ege.sdamgia.ru/formula/svg/0a/0afe5afabc366da6f963a3dd0138208c.svg\" class=\"tex\" style=\"vertical-align:-10.9pt\" alt=\" дробь: чис­ли­тель: 4, зна­ме­на­тель: ко­рень из: на­ча­ло ар­гу­мен­та: 17 конец ар­гу­мен­та конец дроби = дробь: чис­ли­тель: 952, зна­ме­на­тель: 2AF умно­жить на FB конец дроби \\Rightarrow AF умно­жить на FB=119 ко­рень из: на­ча­ло ар­гу­мен­та: 17 конец ар­гу­мен­та , \"></p><p class=\"left_margin\"></p></center><p> тогда </p><p class=\"left_margin\"></p><center><p><img src=\"https://ege.sdamgia.ru/formula/svg/41/41da5ed18d534de59b2d0a2c0f031a19.svg\" class=\"tex\" style=\"vertical-align:-11.0pt\" alt=\" синус AFB= ко­рень из: на­ча­ло ар­гу­мен­та: 1 минус дробь: чис­ли­тель: 16, зна­ме­на­тель: 17 конец дроби конец ар­гу­мен­та = дробь: чис­ли­тель: 1, зна­ме­на­тель: ко­рень из: на­ча­ло ар­гу­мен­та: 17 конец ар­гу­мен­та конец дроби , \"></p><p class=\"left_margin\"></p></center><p> сле­до­ва­тель­но, </p><p class=\"left_margin\"></p><center><p><img src=\"https://ege.sdamgia.ru/formula/svg/9f/9fbb0229f05dcd1b4dcb9f4fbf34aa58.svg\" class=\"tex\" style=\"vertical-align:-11.0pt\" alt=\"S_AFB= дробь: чис­ли­тель: 1, зна­ме­на­тель: 2 конец дроби умно­жить на 119 ко­рень из: на­ча­ло ар­гу­мен­та: 17 конец ар­гу­мен­та умно­жить на дробь: чис­ли­тель: 1, зна­ме­на­тель: ко­рень из: на­ча­ло ар­гу­мен­та: 17 конец ар­гу­мен­та конец дроби =59,5. \"></p><p class=\"left_margin\"></p></center><p><span style=\"letter-spacing: 2px;\">Ответ:</span> б) 59,5.</p></div>",
        "image_urls": [
            "https://ege.sdamgia.ru/formula/svg/9d/9db88433e339ed77da08533233342117.svg",
            "https://ege.sdamgia.ru/formula/svg/9b/9b751e8b0f6798c301af484191d3ab12.svg",
            "https://ege.sdamgia.ru/formula/svg/c5/c5a75531c3b99b5994f1b4867e257b2b.svg",
            "https://ege.sdamgia.ru/formula/svg/24/240cef47f611935ac97d773fb6875f4f.svg",
            "https://ege.sdamgia.ru/formula/svg/3e/3e7569c4beaa4d5c0abfd93074dbd52d.svg",
            "https://ege.sdamgia.ru/formula/svg/42/42ff60ef80b4e8a4a46eec369a53e799.svg",
            "https://ege.sdamgia.ru/formula/svg/3e/3e7569c4beaa4d5c0abfd93074dbd52d.svg",
            "https://ege.sdamgia.ru/formula/svg/80/80df5d8e9664244afcec13b878504175.svg",
            "https://ege.sdamgia.ru/formula/svg/20/208206c7378a9742c66c6295ac60d0a2.svg",
            "https://ege.sdamgia.ru/formula/svg/3e/3e8d52c10581934a8098762653ad71ec.svg",
            "https://ege.sdamgia.ru/formula/svg/39/39296b0dcec887b89a5b6eea99e8c985.svg",
            "https://ege.sdamgia.ru/formula/svg/62/626575f2a555ec018588f9797dabb1ab.svg",
            "https://ege.sdamgia.ru/formula/svg/9a/9a4485bb070c63d8df0d3fd43634a349.svg",
            "https://ege.sdamgia.ru/formula/svg/0a/0afe5afabc366da6f963a3dd0138208c.svg",
            "https://ege.sdamgia.ru/formula/svg/41/41da5ed18d534de59b2d0a2c0f031a19.svg",
            "https://ege.sdamgia.ru/formula/svg/9f/9fbb0229f05dcd1b4dcb9f4fbf34aa58.svg",
            "/get_file?id=115217"
        ]
    },
    "answer": "б) 59,5.",
    "topic_id": 17,
    "analog_ids": []
}