{
    "gia_type": "ege",
    "subject": "math",
    "id": 514098,
    "condition": {
        "text": "К двум непересекающимся окружностям равных радиусов проведены две параллельные общие касательные. Окружности касаются одной из этих прямых в точках A и B Через точку C, лежащую на отрезке AB, проведены касательные к этим окружностям, пересекающие вторую прямую в точках D и E, причём отрезки CA и CD касаются одной окружности, а отрезки CB и CE  — другой.а)  Докажите, что периметр треугольника CDE вдвое больше расстояния между центрами окружностей.б)  Найдите DE, если радиусы окружностей равны 5, расстояние между их центрами равно 18, а AC  =  8.",
        "html": "<div align=\"justify\" width=\"100%\" id=\"body636622\" class=\"pbody\"><p class=\"left_margin\">К двум не­пе­ре­се­ка­ю­щим­ся окруж­но­стям рав­ных ра­ди­у­сов про­ве­де­ны две па­рал­лель­ные общие ка­са­тель­ные. Окруж­но­сти ка­са­ют­ся одной из этих пря­мых в точ­ках <i>A</i> и <i>B</i> Через точку <i>C</i>, ле­жа­щую на от­рез­ке <i>AB</i>, про­ве­де­ны ка­са­тель­ные к этим окруж­но­стям, пе­ре­се­ка­ю­щие вто­рую пря­мую в точ­ках <i>D</i> и <i>E</i>, причём от­рез­ки <i>CA</i> и <i>CD</i> ка­са­ют­ся одной окруж­но­сти, а от­рез­ки <i>CB</i> и <i>CE</i>  — дру­гой.</p><p class=\"left_margin\">а)  До­ка­жи­те, что пе­ри­метр тре­уголь­ни­ка <i>CDE</i> вдвое боль­ше рас­сто­я­ния между цен­тра­ми окруж­но­стей.</p><p class=\"left_margin\">б)  Най­ди­те <i>DE</i>, если ра­ди­у­сы окруж­но­стей равны 5, рас­сто­я­ние между их цен­тра­ми равно 18, а <i>AC</i>  =  8.</p></div>",
        "image_urls": []
    },
    "solution": {
        "text": "Решение. а)  Пусть O1  — центр окружности, которая касается отрезка CD, O2  — центр окружности, которая касается отрезка CE, R  — радиус окружностей. Окружность с центром O1 касается отрезка CD в точке K, а прямой DE в точке M; окружность с центром O2 касается отрезка CE в точке L, а прямой DE в точке N (рис. 1).Получаем, что AO1O2B и MO1O2N  — прямоугольники, следовательно, AB  =  O1O2 и MN  =  O1O2.По свойству касательных CA  =  CK, DM  =  DK, CB  =  CL, EL  =  EN.Тогда периметр треугольника CDE б)  Точка O1 лежит на биссектрисах углов MDC и ACD (рис. 2), следовательно,В прямоугольном треугольнике CO1D имеем:Аналогично,  Получаем, что Ответ: 12,375.",
        "html": "<div align=\"justify\" width=\"100%\" id=\"sol514098\" class=\"solution\" style=\"clear:both;\" class=\"pbody\"><p class=\"left_margin\"></p><b>Ре­ше­ние<!--rule_info-->. </b><p class=\"left_margin\"><img src=\"/get_file?id=147961\" style=\"float:right;margin:10px;max-width:100%\">а)  Пусть <i>O</i><sub>1</sub>  — центр окруж­но­сти, ко­то­рая ка­са­ет­ся от­рез­ка <i>CD</i>, <i>O</i><sub>2</sub>  — центр окруж­но­сти, ко­то­рая ка­са­ет­ся от­рез­ка <i>CE</i>, <i>R</i>  — ра­ди­ус окруж­но­стей. Окруж­ность с цен­тром <i>O</i><sub>1</sub> ка­са­ет­ся от­рез­ка <i>CD</i> в точке <i>K</i>, а пря­мой <i>DE</i> в точке <i>M</i>; окруж­ность с цен­тром <i>O</i><sub>2</sub> ка­са­ет­ся от­рез­ка <i>CE</i> в точке <i>L</i>, а пря­мой <i>DE</i> в точке <i>N</i> (рис. 1).</p><p class=\"left_margin\">По­лу­ча­ем, что <i>AO</i><sub>1</sub><i>O</i><sub>2</sub><i>B</i> и <i>MO</i><sub>1</sub><i>O</i><sub>2</sub><i>N</i>  — пря­мо­уголь­ни­ки, сле­до­ва­тель­но, <i>AB</i>  =  <i>O</i><sub>1</sub><i>O</i><sub>2</sub> и <i>MN</i>  =  <i>O</i><sub>1</sub><i>O</i><sub>2</sub>.</p><p class=\"left_margin\">По свой­ству ка­са­тель­ных <i>CA</i>  =  <i>CK</i>, <i>DM</i>  =  <i>DK</i>, <i>CB</i>  =  <i>CL</i>, <i>EL</i>  =  <i>EN</i>.</p><p class=\"left_margin\">Тогда пе­ри­метр тре­уголь­ни­ка <i>CDE</i></p><p class=\"left_margin\"></p><center><p><img src=\"https://ege.sdamgia.ru/formula/svg/df/dfed384bd243cdfa5d32f6be241f930f.svg\" class=\"tex\" style=\"vertical-align:-2.5pt\" alt=\"P_CDE=CD плюс DE плюс CE=DK плюс CK плюс CL плюс EL плюс DE=\"></p><p>&nbsp;</p><p><img src=\"https://ege.sdamgia.ru/formula/svg/f8/f831f0728f51f0bb163b8e76f5100aca.svg\" class=\"tex\" style=\"vertical-align:-2.5pt\" alt=\"=MD плюс AC плюс CB плюс EN плюс DE=AB плюс MN=2O_1O_2.\"></p><p class=\"left_margin\"></p></center><p><img src=\"/get_file?id=147960\" style=\"float:right;margin:10px;max-width:100%\"></p><p class=\"left_margin\">б)  Точка <i>O</i><sub>1</sub> лежит на бис­сек­три­сах углов <i>MDC</i> и <i>ACD</i> (рис. 2), сле­до­ва­тель­но,</p><p class=\"left_margin\"></p><center><p><img src=\"https://ege.sdamgia.ru/formula/svg/cb/cbf019978742922266342b10a7f1135b.svg\" class=\"tex\" style=\"vertical-align:-8.4pt\" alt=\"\\algle O_1DC плюс \\angle O_1CD= дробь: чис­ли­тель: 1, зна­ме­на­тель: 2 конец дроби \\angle MDC плюс дробь: чис­ли­тель: 1, зна­ме­на­тель: 2 конец дроби \\angle ACD=\"></p><p><img src=\"https://ege.sdamgia.ru/formula/svg/ab/ab3ee83c372cbc48501aab339c6bc2de.svg\" class=\"tex\" style=\"vertical-align:-8.4pt\" alt=\"= дробь: чис­ли­тель: 1, зна­ме­на­тель: 2 конец дроби левая круг­лая скоб­ка \\angle MDC плюс \\angle ACD пра­вая круг­лая скоб­ка =90 гра­ду­сов.\"></p><p class=\"left_margin\"></p></center><p class=\"left_margin\">В пря­мо­уголь­ном тре­уголь­ни­ке <i>CO</i><sub>1</sub><i>D</i> имеем:</p><p class=\"left_margin\"></p><center><p><img src=\"https://ege.sdamgia.ru/formula/svg/75/759024fd291f8a66492e23e7bbe7c79c.svg\" class=\"tex\" style=\"vertical-align:-8.5pt\" alt=\"DK= дробь: чис­ли­тель: KO_1 в квад­ра­те , зна­ме­на­тель: CK конец дроби = дробь: чис­ли­тель: R в квад­ра­те , зна­ме­на­тель: AC конец дроби = дробь: чис­ли­тель: 25, зна­ме­на­тель: 8 конец дроби . \"></p><p class=\"left_margin\"></p></center><p class=\"left_margin\">Ана­ло­гич­но, <img src=\"https://ege.sdamgia.ru/formula/svg/a7/a7ddaeda4cfc859c9c0c1aa92d613131.svg\" class=\"tex\" style=\"vertical-align:-8.4pt\" alt=\"EL= дробь: чис­ли­тель: 25, зна­ме­на­тель: 10 конец дроби = дробь: чис­ли­тель: 5, зна­ме­на­тель: 2 конец дроби . \"> По­лу­ча­ем, что</p><p class=\"left_margin\"></p><center><p><img src=\"https://ege.sdamgia.ru/formula/svg/3c/3c2caf84c1b544ba383e12b92f784c99.svg\" class=\"tex\" style=\"vertical-align:-8.5pt\" alt=\"DE=MN минус DM минус EN=O_1O_2 минус DK минус EL=18 минус дробь: чис­ли­тель: 25, зна­ме­на­тель: 8 конец дроби минус дробь: чис­ли­тель: 5, зна­ме­на­тель: 2 конец дроби =12,375. \"></p><p class=\"left_margin\"></p></center><p>&nbsp;</p><p><span style=\"letter-spacing: 2px;\">Ответ:</span> 12,375.</p></div>",
        "image_urls": [
            "https://ege.sdamgia.ru/formula/svg/df/dfed384bd243cdfa5d32f6be241f930f.svg",
            "https://ege.sdamgia.ru/formula/svg/f8/f831f0728f51f0bb163b8e76f5100aca.svg",
            "https://ege.sdamgia.ru/formula/svg/cb/cbf019978742922266342b10a7f1135b.svg",
            "https://ege.sdamgia.ru/formula/svg/ab/ab3ee83c372cbc48501aab339c6bc2de.svg",
            "https://ege.sdamgia.ru/formula/svg/75/759024fd291f8a66492e23e7bbe7c79c.svg",
            "https://ege.sdamgia.ru/formula/svg/a7/a7ddaeda4cfc859c9c0c1aa92d613131.svg",
            "https://ege.sdamgia.ru/formula/svg/3c/3c2caf84c1b544ba383e12b92f784c99.svg",
            "/get_file?id=147961",
            "/get_file?id=147960"
        ]
    },
    "answer": "12,375.",
    "topic_id": 17,
    "analog_ids": []
}