{
    "gia_type": "ege",
    "subject": "math",
    "id": 517462,
    "condition": {
        "text": "Две окружности с центрами O1 и O2 пересекаются в точках A и B, причём точки O1 и O2 лежат по разные стороны от прямой AB. Продолжения диаметра CA первой окружности и хорды CB этой окружности пересекают вторую окружность в точках D и E соответственно.а)  Докажите, что треугольники CBD и O1AO2 подобны.б)  Найдите AD, если  радиус второй окружности втрое больше радиуса первой и AB = 3.",
        "html": "<div align=\"justify\" width=\"100%\" id=\"body625578\" class=\"pbody\"><p class=\"left_margin\">Две окруж­но­сти с цен­тра­ми <i>O</i><sub>1</sub> и <i>O</i><sub>2</sub> пе­ре­се­ка­ют­ся в точ­ках <i>A</i> и <i>B</i>, причём точки <i>O</i><sub>1</sub> и <i>O</i><sub>2</sub> лежат по раз­ные сто­ро­ны от пря­мой <i>AB</i>. Про­дол­же­ния диа­мет­ра <i>CA</i> пер­вой окруж­но­сти и хорды <i>CB</i> этой окруж­но­сти пе­ре­се­ка­ют вто­рую окруж­ность в точ­ках <i>D</i> и <i>E</i> со­от­вет­ствен­но.</p><p class=\"left_margin\">а)  До­ка­жи­те, что тре­уголь­ни­ки <i>CBD</i> и <i>O</i><sub>1</sub><i>AO</i><sub>2</sub> по­доб­ны.</p><p class=\"left_margin\">б)  Най­ди­те <i>AD</i>, если <img src=\"https://ege.sdamgia.ru/formula/svg/11/1117f1f9632553fb19d169ba7f1e3df3.svg\" class=\"tex\" style=\"vertical-align:-3.0pt\" alt=\"\\angle DAE=\\angle BAC,\"> ра­ди­ус вто­рой окруж­но­сти втрое боль­ше ра­ди­у­са пер­вой и <i>AB</i> = 3.</p></div>",
        "image_urls": [
            "https://ege.sdamgia.ru/formula/svg/11/1117f1f9632553fb19d169ba7f1e3df3.svg"
        ]
    },
    "solution": {
        "text": "Решение. а)  Заметим, что  так как линия центров  содержит биссектрисы равнобедренных треугольников  и  Тогда  и   Значит, треугольники CBD и  подобны по двум углам.б)  Из равенства углов  следует параллельность прямых:  Учитывая, что  получаем:  Значит,  а AE  — диаметр окружности. По условию  тогда а потому равнобедренные треугольники  и  подобны. Значит,  откуда  Ответ: 9. Приведем другое решение пункта б).Пусть r  — радиус первой окружности, тогда 3r  — радиус второй. Треугольник ABC  — прямоугольный, в нем сторона AB  =  3 по условию, сторона AC  =  2r как диаметр окружности,  В треугольнике DAO2 известны стороны:  По теореме косинусов находим:По условию  значит, равны и косинусы этих углов, а потому  откуда ",
        "html": "<div align=\"justify\" width=\"100%\" id=\"sol517462\" class=\"solution\" style=\"clear:both;\" class=\"pbody\"><p class=\"left_margin\"></p><b>Ре­ше­ние<!--rule_info-->. </b><p class=\"left_margin\"><img src=\"/get_file?id=195645\" style=\"float:right;margin:10px;max-width:100%\"></p><p class=\"left_margin\">а)  За­ме­тим, что <img src=\"https://ege.sdamgia.ru/formula/svg/30/30460ff88e512cfc99bfec9cf1c3fd07.svg\" class=\"tex\" style=\"vertical-align:-3.0pt\" alt=\"AB\\bot O_1O_2,\"> так как линия цен­тров <img src=\"https://ege.sdamgia.ru/formula/svg/07/0759809cd350d7027228d92242334f96.svg\" class=\"tex\" style=\"vertical-align:-2.5pt\" alt=\"O_1O_2\"> со­дер­жит бис­сек­три­сы рав­но­бед­рен­ных тре­уголь­ни­ков <img src=\"https://ege.sdamgia.ru/formula/svg/5c/5cd438aa77f9fa9515cf417d9cb68539.svg\" class=\"tex\" style=\"vertical-align:-2.5pt\" alt=\"AO_1B\"> и <img src=\"https://ege.sdamgia.ru/formula/svg/59/59ac29a9211fb1a540b0afc27ce08c95.svg\" class=\"tex\" style=\"vertical-align:-2.5pt\" alt=\"AO_2B.\"> Тогда </p><p></p><div class=\"flex-math\"><p><img src=\"https://ege.sdamgia.ru/formula/svg/6f/6fc005ad37880990bd0121cee504f852.svg\" class=\"tex\" style=\"vertical-align:-8.3pt\" alt=\"\\angle AO_1O_2= дробь: чис­ли­тель: \\angle AO_1B, зна­ме­на­тель: 2 конец дроби =\\angle ACB \"> </p><p>и </p><p><img src=\"https://ege.sdamgia.ru/formula/svg/a4/a47ea0d708160d96d0c6622ff482e4e0.svg\" class=\"tex\" style=\"vertical-align:-8.3pt\" alt=\"\\angle AO_2O_1= дробь: чис­ли­тель: \\angle AO_2B, зна­ме­на­тель: 2 конец дроби =\\angle ADB. \"> </p></div><p> Зна­чит, тре­уголь­ни­ки <i>CBD</i> и <img src=\"https://ege.sdamgia.ru/formula/svg/99/997017df17d09d9a3aa6679ec028cf18.svg\" class=\"tex\" style=\"vertical-align:-2.5pt\" alt=\"O_1AO_2\"> по­доб­ны по двум углам.</p><p class=\"left_margin\">б)  Из ра­вен­ства углов <img src=\"https://ege.sdamgia.ru/formula/svg/f1/f1ed0cbc49b666b833b510fbc55fb0b1.svg\" class=\"tex\" style=\"vertical-align:-3.0pt\" alt=\"\\angle AO_1O_2=\\angle ACB,\"> сле­ду­ет па­рал­лель­ность пря­мых: <img src=\"https://ege.sdamgia.ru/formula/svg/21/2157e298b7eeb952b637171f6d2f7e17.svg\" class=\"tex\" style=\"vertical-align:-3.6pt\" alt=\"CE || O_1O_2.\"> Учи­ты­вая, что <img src=\"https://ege.sdamgia.ru/formula/svg/30/30460ff88e512cfc99bfec9cf1c3fd07.svg\" class=\"tex\" style=\"vertical-align:-3.0pt\" alt=\"AB\\bot O_1O_2,\"> по­лу­ча­ем: <img src=\"https://ege.sdamgia.ru/formula/svg/e0/e045064a288a790eb363c5c0ca75f0f6.svg\" class=\"tex\" style=\"vertical-align:-1.8pt\" alt=\"AB\\bot CE.\"> Зна­чит, <img src=\"https://ege.sdamgia.ru/formula/svg/03/039c1e177d22b54a1f8f92076be95852.svg\" class=\"tex\" style=\"vertical-align:-3.0pt\" alt=\"\\angle ABE=90 гра­ду­сов,\"> а <i>AE</i>  — диа­метр окруж­но­сти. По усло­вию <img src=\"https://ege.sdamgia.ru/formula/svg/11/1117f1f9632553fb19d169ba7f1e3df3.svg\" class=\"tex\" style=\"vertical-align:-3.0pt\" alt=\"\\angle DAE=\\angle BAC,\"> тогда </p><p class=\"left_margin\"></p><center><p><img src=\"https://ege.sdamgia.ru/formula/svg/58/58e37e7daef86ad2440de3b4fe992ea9.svg\" class=\"tex\" style=\"vertical-align:-3.0pt\" alt=\"\\angle O_1BA=\\angle O_1AB=\\angle BAC=\\angle DAE=\\angle O_2AD=\\angle O_2DA,\"></p><p class=\"left_margin\"></p></center><p>а по­то­му рав­но­бед­рен­ные тре­уголь­ни­ки <img src=\"https://ege.sdamgia.ru/formula/svg/5c/5cd438aa77f9fa9515cf417d9cb68539.svg\" class=\"tex\" style=\"vertical-align:-2.5pt\" alt=\"AO_1B\"> и <img src=\"https://ege.sdamgia.ru/formula/svg/57/57010245dd32dbb9c811c22c34b216c3.svg\" class=\"tex\" style=\"vertical-align:-2.5pt\" alt=\"AO_2D\"> по­доб­ны. Зна­чит, <img src=\"https://ege.sdamgia.ru/formula/svg/db/dbe09f4ff27b418168e507432a4da7ce.svg\" class=\"tex\" style=\"vertical-align:-10.0pt\" alt=\" дробь: чис­ли­тель: AD, зна­ме­на­тель: AB конец дроби = дробь: чис­ли­тель: AO_2, зна­ме­на­тель: AO_1 конец дроби , \"> от­ку­да <img src=\"https://ege.sdamgia.ru/formula/svg/a1/a12249e22fd90226244a53fe47fb0bc4.svg\" class=\"tex\" style=\"vertical-align:-10.0pt\" alt=\"AD= дробь: чис­ли­тель: AO_2, зна­ме­на­тель: AO_1 конец дроби умно­жить на AB=9. \"></p><p>&nbsp;</p><p><span style=\"letter-spacing: 2px;\">Ответ:</span> 9.</p><p>&nbsp;</p><p><b>При­ве­дем дру­гое ре­ше­ние пунк­та б).</b></p><p class=\"left_margin\">Пусть <i>r</i>  — ра­ди­ус пер­вой окруж­но­сти, тогда 3<i>r</i>  — ра­ди­ус вто­рой. Тре­уголь­ник <i>ABC</i>  — пря­мо­уголь­ный, в нем сто­ро­на <i>AB</i>  =  3 по усло­вию, сто­ро­на <i>AC</i>  =  2<i>r</i> как диа­метр окруж­но­сти, <img src=\"https://ege.sdamgia.ru/formula/svg/99/9978d3561913b6ffc3fdb428f609cee0.svg\" class=\"tex\" style=\"vertical-align:-8.4pt\" alt=\" ко­си­нус BAC = дробь: чис­ли­тель: AB, зна­ме­на­тель: AC конец дроби = дробь: чис­ли­тель: 3, зна­ме­на­тель: 2r конец дроби . \"> В тре­уголь­ни­ке <i>DAO</i><sub>2</sub> из­вест­ны сто­ро­ны: <img src=\"https://ege.sdamgia.ru/formula/svg/33/33dfa5ed41867cafdf549d97a0b08f43.svg\" class=\"tex\" style=\"vertical-align:-2.5pt\" alt=\"AO_2 = DO_2 = 3R.\"> По тео­ре­ме ко­си­ну­сов на­хо­дим:</p><p class=\"left_margin\"></p><center><p><img src=\"https://ege.sdamgia.ru/formula/svg/72/7284f3450515e007cd7f829a9658b10c.svg\" class=\"tex\" style=\"vertical-align:-10.0pt\" alt=\" ко­си­нус \\widehatDAO = дробь: чис­ли­тель: AD в квад­ра­те плюс AO_2 в квад­ра­те минус DO_2 в квад­ра­те , зна­ме­на­тель: 2 умно­жить на AD умно­жить на AO_2 конец дроби = дробь: чис­ли­тель: AD в квад­ра­те , зна­ме­на­тель: 2 умно­жить на AD умно­жить на 3r конец дроби = дробь: чис­ли­тель: AD, зна­ме­на­тель: 6r конец дроби . \"></p><p class=\"left_margin\"></p></center><p class=\"left_margin\">По усло­вию <img src=\"https://ege.sdamgia.ru/formula/svg/11/1117f1f9632553fb19d169ba7f1e3df3.svg\" class=\"tex\" style=\"vertical-align:-3.0pt\" alt=\"\\angle DAE=\\angle BAC,\"> зна­чит, равны и ко­си­ну­сы этих углов, а по­то­му <img src=\"https://ege.sdamgia.ru/formula/svg/4d/4d89b89ea84bce8e18e7024ab0934f7f.svg\" class=\"tex\" style=\"vertical-align:-8.4pt\" alt=\" дробь: чис­ли­тель: 3, зна­ме­на­тель: 2r конец дроби = дробь: чис­ли­тель: AD, зна­ме­на­тель: 6r конец дроби , \"> от­ку­да <img src=\"https://ege.sdamgia.ru/formula/svg/b5/b53d9f14191595d86b910836bab4d3d8.svg\" class=\"tex\" style=\"vertical-align:-1.8pt\" alt=\"AD = 9.\"></p></div>",
        "image_urls": [
            "https://ege.sdamgia.ru/formula/svg/30/30460ff88e512cfc99bfec9cf1c3fd07.svg",
            "https://ege.sdamgia.ru/formula/svg/07/0759809cd350d7027228d92242334f96.svg",
            "https://ege.sdamgia.ru/formula/svg/5c/5cd438aa77f9fa9515cf417d9cb68539.svg",
            "https://ege.sdamgia.ru/formula/svg/59/59ac29a9211fb1a540b0afc27ce08c95.svg",
            "https://ege.sdamgia.ru/formula/svg/6f/6fc005ad37880990bd0121cee504f852.svg",
            "https://ege.sdamgia.ru/formula/svg/a4/a47ea0d708160d96d0c6622ff482e4e0.svg",
            "https://ege.sdamgia.ru/formula/svg/99/997017df17d09d9a3aa6679ec028cf18.svg",
            "https://ege.sdamgia.ru/formula/svg/f1/f1ed0cbc49b666b833b510fbc55fb0b1.svg",
            "https://ege.sdamgia.ru/formula/svg/21/2157e298b7eeb952b637171f6d2f7e17.svg",
            "https://ege.sdamgia.ru/formula/svg/30/30460ff88e512cfc99bfec9cf1c3fd07.svg",
            "https://ege.sdamgia.ru/formula/svg/e0/e045064a288a790eb363c5c0ca75f0f6.svg",
            "https://ege.sdamgia.ru/formula/svg/03/039c1e177d22b54a1f8f92076be95852.svg",
            "https://ege.sdamgia.ru/formula/svg/11/1117f1f9632553fb19d169ba7f1e3df3.svg",
            "https://ege.sdamgia.ru/formula/svg/58/58e37e7daef86ad2440de3b4fe992ea9.svg",
            "https://ege.sdamgia.ru/formula/svg/5c/5cd438aa77f9fa9515cf417d9cb68539.svg",
            "https://ege.sdamgia.ru/formula/svg/57/57010245dd32dbb9c811c22c34b216c3.svg",
            "https://ege.sdamgia.ru/formula/svg/db/dbe09f4ff27b418168e507432a4da7ce.svg",
            "https://ege.sdamgia.ru/formula/svg/a1/a12249e22fd90226244a53fe47fb0bc4.svg",
            "https://ege.sdamgia.ru/formula/svg/99/9978d3561913b6ffc3fdb428f609cee0.svg",
            "https://ege.sdamgia.ru/formula/svg/33/33dfa5ed41867cafdf549d97a0b08f43.svg",
            "https://ege.sdamgia.ru/formula/svg/72/7284f3450515e007cd7f829a9658b10c.svg",
            "https://ege.sdamgia.ru/formula/svg/11/1117f1f9632553fb19d169ba7f1e3df3.svg",
            "https://ege.sdamgia.ru/formula/svg/4d/4d89b89ea84bce8e18e7024ab0934f7f.svg",
            "https://ege.sdamgia.ru/formula/svg/b5/b53d9f14191595d86b910836bab4d3d8.svg",
            "/get_file?id=195645"
        ]
    },
    "answer": "9.",
    "topic_id": 17,
    "analog_ids": [
        517462,
        517469,
        517531,
        517667
    ]
}