{
    "gia_type": "ege",
    "subject": "math",
    "id": 517532,
    "condition": {
        "text": "Две окружности с центрами O1 и O2 и радиусами 3 и 4 пересекаются в точках A и B. Через точку A проведена прямая MK, пересекающая обе окружности в точках M и K, причем точка A находится между ними.а)  Докажите, что треугольники BMK и O1AO2 подобны.б)  Найдите расстояние от точки B до прямой MK, если O1O2 = 5, MK = 7.",
        "html": "<div align=\"justify\" width=\"100%\" id=\"body625504\" class=\"pbody\"><p class=\"left_margin\">Две окруж­но­сти с цен­тра­ми <i>O</i><sub>1</sub> и <i>O</i><sub>2</sub> и ра­ди­у­са­ми 3 и 4 пе­ре­се­ка­ют­ся в точ­ках <i>A</i> и <i>B</i>. Через точку <i>A</i> про­ве­де­на пря­мая <i>MK</i>, пе­ре­се­ка­ю­щая обе окруж­но­сти в точ­ках <i>M</i> и <i>K</i>, при­чем точка <i>A</i> на­хо­дит­ся между ними.</p><p class=\"left_margin\">а)  До­ка­жи­те, что тре­уголь­ни­ки <i>BMK</i> и <i>O</i><sub>1</sub><i>A</i><i>O</i><sub>2</sub> по­доб­ны.</p><p class=\"left_margin\">б)  Най­ди­те рас­сто­я­ние от точки <i>B</i> до пря­мой <i>MK</i>, если <i>O</i><sub>1</sub><i>O</i><sub>2</sub> = 5, <i>MK</i> = 7.</p></div>",
        "image_urls": []
    },
    "solution": {
        "text": "Решение. а)  Заметим, что   — центральный, а   — его биссектриса, тогда   — вписанный угол. Аналогично  Поскольку  и  то по двум равным углам треугольники  и  подобны, что и требовалось доказать.б)  Заметим, что  верно, поскольку  тогда по теореме, обратной теореме Пифагора   — прямоугольный,  Найдем высоту  проведенную из  Поскольку  коэффицент подобия равен  Расстояние от точки B до прямой MK, равное высоте  проведенной из вершины  равно произведению коэффицента подобия и высоты, проведенной из  Ответ: б) ",
        "html": "<div align=\"justify\" width=\"100%\" id=\"sol517532\" class=\"solution\" style=\"clear:both;\" class=\"pbody\"><p class=\"left_margin\"></p><b>Ре­ше­ние<!--rule_info-->. </b><p class=\"left_margin\"><img src=\"/get_file?id=148063\" style=\"float:right;margin:10px;max-width:100%\"></p><p class=\"left_margin\">а)  За­ме­тим, что <img src=\"https://ege.sdamgia.ru/formula/svg/1c/1ca8d2b997a6bb14a103aea60bd886a5.svg\" class=\"tex\" style=\"vertical-align:-2.5pt\" alt=\"\\angle AO_2B\">  — цен­траль­ный, а <img src=\"https://ege.sdamgia.ru/formula/svg/07/0759809cd350d7027228d92242334f96.svg\" class=\"tex\" style=\"vertical-align:-2.5pt\" alt=\"O_1O_2\">  — его бис­сек­три­са, тогда <img src=\"https://ege.sdamgia.ru/formula/svg/3f/3f52ca0a06f98c4992b93e0481aeb55e.svg\" class=\"tex\" style=\"vertical-align:-8.4pt\" alt=\"\\angle AKB = дробь: чис­ли­тель: 1, зна­ме­на­тель: 2 конец дроби \\angle AO_2B=\\angle AO_2O_1 \">  — впи­сан­ный угол. Ана­ло­гич­но <img src=\"https://ege.sdamgia.ru/formula/svg/31/318b8fc440c45f353cbbaf2a6580d499.svg\" class=\"tex\" style=\"vertical-align:-2.5pt\" alt=\"\\angle BMK=\\angle AO_1O_2.\"> По­сколь­ку <img src=\"https://ege.sdamgia.ru/formula/svg/c6/c6bad6dce8354489c040c14359b45adf.svg\" class=\"tex\" style=\"vertical-align:-2.5pt\" alt=\"\\angle BMK=\\angle AO_1O_2\"> и <img src=\"https://ege.sdamgia.ru/formula/svg/84/84bd8844fbab924733f7ceebc01f4521.svg\" class=\"tex\" style=\"vertical-align:-3.0pt\" alt=\"\\angle MKB=\\angle AO_2O_1,\"> то по двум рав­ным углам тре­уголь­ни­ки <img src=\"https://ege.sdamgia.ru/formula/svg/47/47c27ac8aa686b5deffc0d171a8d0580.svg\" class=\"tex\" style=\"vertical-align:-2.5pt\" alt=\"\\vartriangle AO_1O_2 \"> и <img src=\"https://ege.sdamgia.ru/formula/svg/19/1971d2e12dea31f53822a3173a8d126b.svg\" class=\"tex\" style=\"vertical-align:-1.8pt\" alt=\"\\vartriangle BMK \"> по­доб­ны, что и тре­бо­ва­лось до­ка­зать.</p><p class=\"left_margin\">б)  За­ме­тим, что <img src=\"https://ege.sdamgia.ru/formula/svg/d4/d461b6dbbd79e2db82b5970f1c8e280b.svg\" class=\"tex\" style=\"vertical-align:-3.6pt\" alt=\"AO_1 в квад­ра­те плюс AO_2 в квад­ра­те =O_1O_2 в квад­ра­те \"> верно, по­сколь­ку <img src=\"https://ege.sdamgia.ru/formula/svg/9d/9d11a814d277e91115df10d7f94fcf46.svg\" class=\"tex\" style=\"vertical-align:-3.0pt\" alt=\"9 плюс 16=25,\"> тогда по тео­ре­ме, об­рат­ной тео­ре­ме Пи­фа­го­ра <img src=\"https://ege.sdamgia.ru/formula/svg/e9/e96652492201ef92d9cb4faa22288688.svg\" class=\"tex\" style=\"vertical-align:-2.5pt\" alt=\"\\vartriangle AO_1O_2\">  — пря­мо­уголь­ный, <img src=\"https://ege.sdamgia.ru/formula/svg/22/223e05fff21c36f1d01534b2e094532b.svg\" class=\"tex\" style=\"vertical-align:-1.8pt\" alt=\"\\angle A = 90 гра­ду­сов.\"> Най­дем вы­со­ту <img src=\"https://ege.sdamgia.ru/formula/svg/c3/c3d47c3dd199e932f2d1fba771c006b1.svg\" class=\"tex\" style=\"vertical-align:-3.0pt\" alt=\"\\vartriangle AO_1O_2,\"> про­ве­ден­ную из <img src=\"https://ege.sdamgia.ru/formula/svg/11/116715fe76d6c8b9c214ba6e3b30a1d1.svg\" class=\"tex\" style=\"vertical-align:-10.0pt\" alt=\"\\angle A: h= дробь: чис­ли­тель: AO_1 умно­жить на AO_2, зна­ме­на­тель: O_1O_2 конец дроби = дробь: чис­ли­тель: 12, зна­ме­на­тель: 5 конец дроби . \"> По­сколь­ку <img src=\"https://ege.sdamgia.ru/formula/svg/a2/a2224b88037029ddbea83b55a65e99de.svg\" class=\"tex\" style=\"vertical-align:-3.0pt\" alt=\"\\vartriangle AO_1O_2\\sim \\vartriangle BMK,\"> ко­эф­фи­цент по­до­бия равен <img src=\"https://ege.sdamgia.ru/formula/svg/dd/dd05e6dd1c08697d3e54c0b19ced92fe.svg\" class=\"tex\" style=\"vertical-align:-10.1pt\" alt=\" дробь: чис­ли­тель: MK, зна­ме­на­тель: O_1O_2 конец дроби = дробь: чис­ли­тель: 7, зна­ме­на­тель: 5 конец дроби . \"> Рас­сто­я­ние от точки <i>B</i> до пря­мой <i>MK</i>, рав­ное вы­со­те <img src=\"https://ege.sdamgia.ru/formula/svg/13/13458d6b274321b40919265fee129a8d.svg\" class=\"tex\" style=\"vertical-align:-3.0pt\" alt=\"\\vartriangle BMK,\"> про­ве­ден­ной из вер­ши­ны <img src=\"https://ege.sdamgia.ru/formula/svg/a8/a852dc2fe941698a92cb552db8a90f0f.svg\" class=\"tex\" style=\"vertical-align:-3.0pt\" alt=\"\\angle B,\"> равно про­из­ве­де­нию ко­эф­фи­цен­та по­до­бия и вы­со­ты, про­ве­ден­ной из <img src=\"https://ege.sdamgia.ru/formula/svg/03/03d18ff1f9ddd53ac03dd2544ed32a1a.svg\" class=\"tex\" style=\"vertical-align:-8.5pt\" alt=\"\\angle A= дробь: чис­ли­тель: 7, зна­ме­на­тель: 5 конец дроби умно­жить на дробь: чис­ли­тель: 12, зна­ме­на­тель: 5 конец дроби = дробь: чис­ли­тель: 84, зна­ме­на­тель: 25 конец дроби . \"></p><p>&nbsp;</p><p><span style=\"letter-spacing: 2px;\">Ответ:</span> б) <img src=\"https://ege.sdamgia.ru/formula/svg/e5/e5d94c9123cbd84b2ad60100aa25719b.svg\" class=\"tex\" style=\"vertical-align:-8.5pt\" alt=\" дробь: чис­ли­тель: 84, зна­ме­на­тель: 25 конец дроби . \"></p></div>",
        "image_urls": [
            "https://ege.sdamgia.ru/formula/svg/1c/1ca8d2b997a6bb14a103aea60bd886a5.svg",
            "https://ege.sdamgia.ru/formula/svg/07/0759809cd350d7027228d92242334f96.svg",
            "https://ege.sdamgia.ru/formula/svg/3f/3f52ca0a06f98c4992b93e0481aeb55e.svg",
            "https://ege.sdamgia.ru/formula/svg/31/318b8fc440c45f353cbbaf2a6580d499.svg",
            "https://ege.sdamgia.ru/formula/svg/c6/c6bad6dce8354489c040c14359b45adf.svg",
            "https://ege.sdamgia.ru/formula/svg/84/84bd8844fbab924733f7ceebc01f4521.svg",
            "https://ege.sdamgia.ru/formula/svg/47/47c27ac8aa686b5deffc0d171a8d0580.svg",
            "https://ege.sdamgia.ru/formula/svg/19/1971d2e12dea31f53822a3173a8d126b.svg",
            "https://ege.sdamgia.ru/formula/svg/d4/d461b6dbbd79e2db82b5970f1c8e280b.svg",
            "https://ege.sdamgia.ru/formula/svg/9d/9d11a814d277e91115df10d7f94fcf46.svg",
            "https://ege.sdamgia.ru/formula/svg/e9/e96652492201ef92d9cb4faa22288688.svg",
            "https://ege.sdamgia.ru/formula/svg/22/223e05fff21c36f1d01534b2e094532b.svg",
            "https://ege.sdamgia.ru/formula/svg/c3/c3d47c3dd199e932f2d1fba771c006b1.svg",
            "https://ege.sdamgia.ru/formula/svg/11/116715fe76d6c8b9c214ba6e3b30a1d1.svg",
            "https://ege.sdamgia.ru/formula/svg/a2/a2224b88037029ddbea83b55a65e99de.svg",
            "https://ege.sdamgia.ru/formula/svg/dd/dd05e6dd1c08697d3e54c0b19ced92fe.svg",
            "https://ege.sdamgia.ru/formula/svg/13/13458d6b274321b40919265fee129a8d.svg",
            "https://ege.sdamgia.ru/formula/svg/a8/a852dc2fe941698a92cb552db8a90f0f.svg",
            "https://ege.sdamgia.ru/formula/svg/03/03d18ff1f9ddd53ac03dd2544ed32a1a.svg",
            "https://ege.sdamgia.ru/formula/svg/e5/e5d94c9123cbd84b2ad60100aa25719b.svg",
            "/get_file?id=148063"
        ]
    },
    "answer": "б)",
    "topic_id": 17,
    "analog_ids": []
}