{
    "gia_type": "ege",
    "subject": "math",
    "id": 517516,
    "condition": {
        "text": "Две окружности касаются внутренним образом в точке A, причём меньшая окружность проходит через центр O большей. Диаметр BC большей окружности вторично пересекает меньшую окружность в точке M, отличной от A. Лучи AO и AM вторично пересекают большую окружность в точках P и Q соответственно. Точка C лежит на дуге AQ большей окружности, не содержащей точку P.а)  Докажите, что прямые PQ и BC параллельны.б)  Известно, что  Прямые PC и AQ пересекаются в точке K. Найдите отношение ",
        "html": "<div align=\"justify\" width=\"100%\" id=\"body625520\" class=\"pbody\"><p class=\"left_margin\">Две окруж­но­сти ка­са­ют­ся внут­рен­ним об­ра­зом в точке <i>A</i>, причём мень­шая окруж­ность про­хо­дит через центр <i>O</i> боль­шей. Диа­метр <i>BC</i> боль­шей окруж­но­сти вто­рич­но пе­ре­се­ка­ет мень­шую окруж­ность в точке <i>M</i>, от­лич­ной от <i>A</i>. Лучи <i>AO</i> и <i>AM</i> вто­рич­но пе­ре­се­ка­ют боль­шую окруж­ность в точ­ках <i>P</i> и <i>Q</i> со­от­вет­ствен­но. Точка <i>C</i> лежит на дуге <i>AQ</i> боль­шей окруж­но­сти, не со­дер­жа­щей точку <i>P</i>.</p><p class=\"left_margin\">а)  До­ка­жи­те, что пря­мые <i>PQ</i> и <i>BC</i> па­рал­лель­ны.</p><p class=\"left_margin\">б)  Из­вест­но, что <img src=\"https://ege.sdamgia.ru/formula/svg/e2/e23fbcf72d0905672615fc5fb56a8c4d.svg\" class=\"tex\" style=\"vertical-align:-8.5pt\" alt=\" синус \\angle AOC= дробь: чис­ли­тель: ко­рень из: на­ча­ло ар­гу­мен­та: 15, зна­ме­на­тель: конец ар­гу­мен­та конец дроби 4.\"> Пря­мые <i>PC</i> и <i>AQ</i> пе­ре­се­ка­ют­ся в точке <i>K</i>. Най­ди­те от­но­ше­ние <img src=\"https://ege.sdamgia.ru/formula/svg/16/166450eb38de9cf239e6442a34eacabc.svg\" class=\"tex\" style=\"vertical-align:-3.0pt\" alt=\"QK:KA.\"></p></div>",
        "image_urls": [
            "https://ege.sdamgia.ru/formula/svg/e2/e23fbcf72d0905672615fc5fb56a8c4d.svg",
            "https://ege.sdamgia.ru/formula/svg/16/166450eb38de9cf239e6442a34eacabc.svg"
        ]
    },
    "solution": {
        "text": "Решение. а)  Угол AQP опирается на диаметр AP большей окружности, поэтому он прямой. Угол AMO опирается на диаметр AO меньшей окружности, поэтому он прямой. Таким образом, прямые PQ и BC перпендикулярны прямой AQ, значит, они параллельны.б)  Углы AOC и APQ равны, поскольку прямые PQ и BC параллельны. Диаметр BC большей окружности перпендикулярен хорде AQ. Значит, точка C  — середина дуги AQ. Следовательно, луч PC является биссектрисой угла APQ прямоугольного треугольника APQ, поэтому  Ответ: б) ",
        "html": "<div align=\"justify\" width=\"100%\" id=\"sol517516\" class=\"solution\" style=\"clear:both;\" class=\"pbody\"><p class=\"left_margin\"></p><b>Ре­ше­ние<!--rule_info-->. </b><p class=\"left_margin\"><img src=\"/get_file?id=148058\" style=\"float:right;margin:10px;max-width:100%\"></p><p class=\"left_margin\">а)  Угол <i>AQP</i> опи­ра­ет­ся на диа­метр <i>AP</i> боль­шей окруж­но­сти, по­это­му он пря­мой. Угол <i>AMO</i> опи­ра­ет­ся на диа­метр <i>AO</i> мень­шей окруж­но­сти, по­это­му он пря­мой. Таким об­ра­зом, пря­мые <i>PQ</i> и <i>BC</i> пер­пен­ди­ку­ляр­ны пря­мой <i>AQ</i>, зна­чит, они па­рал­лель­ны.</p><p class=\"left_margin\">б)  Углы <i>AOC</i> и <i>APQ</i> равны, по­сколь­ку пря­мые <i>PQ</i> и <i>BC</i> па­рал­лель­ны. Диа­метр <i>BC</i> боль­шей окруж­но­сти пер­пен­ди­ку­ля­рен хорде <i>AQ</i>. Зна­чит, точка <i>C</i>  — се­ре­ди­на дуги <i>AQ</i>. Сле­до­ва­тель­но, луч <i>PC</i> яв­ля­ет­ся бис­сек­три­сой угла <i>APQ</i> пря­мо­уголь­но­го тре­уголь­ни­ка <i>APQ</i>, по­это­му </p><p class=\"left_margin\"></p><center><p><img src=\"https://ege.sdamgia.ru/formula/svg/49/4973c505a8309fcd1f65f2801baa842d.svg\" class=\"tex\" style=\"vertical-align:-8.4pt\" alt=\" дробь: чис­ли­тель: QK, зна­ме­на­тель: KA конец дроби = дробь: чис­ли­тель: QP, зна­ме­на­тель: PA конец дроби = ко­си­нус \\angle APQ= ко­си­нус \\angle AOC= ко­рень из: на­ча­ло ар­гу­мен­та: 1 минус синус в квад­ра­те \\angle AOC конец ар­гу­мен­та = дробь: чис­ли­тель: 1, зна­ме­на­тель: 4 конец дроби . \"></p><p class=\"left_margin\"></p></center><p>&nbsp;</p><p><span style=\"letter-spacing: 2px;\">Ответ:</span> б) <img src=\"https://ege.sdamgia.ru/formula/svg/ff/ffffa8caa7feffff3d7ccd650607320a.svg\" class=\"tex\" style=\"vertical-align:-1.8pt\" alt=\"1:4.\"></p></div>",
        "image_urls": [
            "https://ege.sdamgia.ru/formula/svg/49/4973c505a8309fcd1f65f2801baa842d.svg",
            "https://ege.sdamgia.ru/formula/svg/ff/ffffa8caa7feffff3d7ccd650607320a.svg",
            "/get_file?id=148058"
        ]
    },
    "answer": "б)",
    "topic_id": 17,
    "analog_ids": [
        517516,
        517533
    ]
}