{
    "gia_type": "ege",
    "subject": "math",
    "id": 521997,
    "condition": {
        "text": "Две окружности касаются внешним образом в точке C. Прямая касается меньшей окружности в точке A, а большей  — в точке B, отличной от A. Прямая AC вторично пересекает большую окружность в точке D, прямая BC вторично пересекает меньшую окружность в точке E.а)  Докажите, что прямая AE параллельна прямой BD.б)  Пусть L  — отличная от D точка пересечения отрезка DE с большей окружностью. Найдите EL, если радиусы окружностей равны 2 и 5.",
        "html": "<div align=\"justify\" width=\"100%\" id=\"body629233\" class=\"pbody\"><p class=\"left_margin\">Две окруж­но­сти ка­са­ют­ся внеш­ним об­ра­зом в точке <i>C.</i> Пря­мая ка­са­ет­ся мень­шей окруж­но­сти в точке <i>A,</i> а боль­шей  — в точке <i>B,</i> от­лич­ной от <i>A.</i> Пря­мая <i>AC</i> вто­рич­но пе­ре­се­ка­ет боль­шую окруж­ность в точке <i>D,</i> пря­мая <i>BC</i> вто­рич­но пе­ре­се­ка­ет мень­шую окруж­ность в точке <i>E.</i></p><p class=\"left_margin\">а)  До­ка­жи­те, что пря­мая <i>AE</i> па­рал­лель­на пря­мой <i>BD.</i></p><p class=\"left_margin\">б)  Пусть <i>L</i>  — от­лич­ная от <i>D</i> точка пе­ре­се­че­ния от­рез­ка <i>DE</i> с боль­шей окруж­но­стью. Най­ди­те <i>EL,</i> если ра­ди­у­сы окруж­но­стей равны 2 и 5.</p></div>",
        "image_urls": []
    },
    "solution": {
        "text": "Решение. а)  Пусть общая касательная к данным окружностям, проведённая через точку C, пересекает общую касательную AB в точке M. Тогда  то есть медиана CM треугольника ABC равна половине стороны AB. Значит,  Тогда  поэтому AE  — диаметр меньшей окружности. Следовательно, прямая AE перпендикулярна прямой AB. Аналогично докажем, что прямая BD перпендикулярна прямой AB. Прямые AE и BD перпендикулярны одной и той же прямой AB, значит, они параллельны.б)  Пусть радиусы окружностей равны r и R, где r < R. Заметим (доказательство ниже), что  Проведем равный AB перпендикуляр EF из точки E на BD. Тогда:Отрезок AC  — высота прямоугольного треугольника ABE, проведённая из вершины прямого угла, а EB и ED  — секущие к большей окружности, проведённые из одной точки, поэтомуСледовательно,Ответ:  Примечание.Докажем, что заключенный между точками касания отрезок общей внешней касательной к двум касающимся окружностям равен Пусть точка O1  — центр окружности радиусом r, точка O2  — центр окружности радиусом R, и пусть A и B  — точки касания окружностей с касательной. Не ограничивая общности, будем считать, что  Покажем, что Из точки O1 проведём к O2B перпендикуляр O1H. Paдиус, проведённый в точку касания, перпендикулярен касательной, потому отрезки O1A1 и O2A2, перпендикулярные общей касательной, параллельны между собой. Отрезки AB и O1H, перпендикулярные радиусу O2B, также параллельны между собой. Следовательно, четырёхугольник O1ABH  — параллелограмм, являющийся прямоугольником. Противоположные стороны прямоугольника равны, поэтому Треугольник O1HO2  — прямоугольный, в нём   По теореме Пифагора находим:  Следовательно, ",
        "html": "<div align=\"justify\" width=\"100%\" id=\"sol521997\" class=\"solution\" style=\"clear:both;\" class=\"pbody\"><p class=\"left_margin\"></p><b>Ре­ше­ние<!--rule_info-->. </b><p class=\"left_margin\"><img src=\"/get_file?id=195507\" style=\"float:right;margin:10px;width:38%;max-width:100%\"></p><p class=\"left_margin\">а)  Пусть общая ка­са­тель­ная к дан­ным окруж­но­стям, про­ведённая через точку <i>C</i>, пе­ре­се­ка­ет общую ка­са­тель­ную <i>AB</i> в точке <i>M</i>. Тогда <img src=\"https://ege.sdamgia.ru/formula/svg/3f/3f1f3791f1a7b1c5236b93774db03d7e.svg\" class=\"tex\" style=\"vertical-align:-3.0pt\" alt=\"MA=MC=MB,\"> то есть ме­ди­а­на <i>CM</i> тре­уголь­ни­ка <i>ABC</i> равна по­ло­ви­не сто­ро­ны <i>AB</i>. Зна­чит, <img src=\"https://ege.sdamgia.ru/formula/svg/0d/0d0b8ab0f00dc72d5ad3e75362c2f083.svg\" class=\"tex\" style=\"vertical-align:-1.8pt\" alt=\"\\angle ACB=90 гра­ду­сов.\"> Тогда <img src=\"https://ege.sdamgia.ru/formula/svg/7d/7d107e497f41ff765c33f7c3abe65ec0.svg\" class=\"tex\" style=\"vertical-align:-3.0pt\" alt=\"\\angle ACE=90 гра­ду­сов,\"> по­это­му <i>AE</i>  — диа­метр мень­шей окруж­но­сти. Сле­до­ва­тель­но, пря­мая <i>AE</i> пер­пен­ди­ку­ляр­на пря­мой <i>AB</i>. Ана­ло­гич­но до­ка­жем, что пря­мая <i>BD</i> пер­пен­ди­ку­ляр­на пря­мой <i>AB</i>. Пря­мые <i>AE</i> и <i>BD</i> пер­пен­ди­ку­ляр­ны одной и той же пря­мой <i>AB</i>, зна­чит, они па­рал­лель­ны.</p><p class=\"left_margin\">б)  Пусть ра­ди­у­сы окруж­но­стей равны <i>r</i> и <i>R</i>, где <i>r</i> &lt; <i>R</i>. За­ме­тим (до­ка­за­тель­ство ниже), что <img src=\"https://ege.sdamgia.ru/formula/svg/aa/aa29e45ce6c57c9892bfca512259f3b8.svg\" class=\"tex\" style=\"vertical-align:-1.8pt\" alt=\"AB = 2 ко­рень из: на­ча­ло ар­гу­мен­та: rR конец ар­гу­мен­та .\"> Про­ве­дем рав­ный <i>AB</i> пер­пен­ди­ку­ляр <i>EF</i> из точки <i>E</i> на <i>BD</i>. Тогда:</p><p class=\"left_margin\"></p><center><p><span data-width=\"640\" data-formulahash=\"225704b9d24b8d2e9873782a83cb2005\" class=\"tex-span\" style=\"\"><img src=\"https://ege.sdamgia.ru/formula/svg/6c/6c193c79650e1bd68285bcce0b2a10b7.svg\" class=\"tex\" style=\"vertical-align:-6.8pt\" alt=\"DE= ко­рень из: на­ча­ло ар­гу­мен­та: EF в квад­ра­те плюс DF в квад­ра­те конец ар­гу­мен­та = ко­рень из: на­ча­ло ар­гу­мен­та: AB в квад­ра­те плюс левая круг­лая скоб­ка BD минус BF пра­вая круг­лая скоб­ка в квад­ра­те конец ар­гу­мен­та =\"><br><img src=\"https://ege.sdamgia.ru/formula/svg/d0/d021101fefe0b015438644dda5f41162.svg\" class=\"tex\" style=\"vertical-align:-6.8pt\" alt=\"= ко­рень из: на­ча­ло ар­гу­мен­та: 4rR плюс левая круг­лая скоб­ка 2R минус 2r пра­вая круг­лая скоб­ка в квад­ра­те конец ар­гу­мен­та =2 ко­рень из: на­ча­ло ар­гу­мен­та: R в квад­ра­те плюс r в квад­ра­те минус Rr конец ар­гу­мен­та =2 ко­рень из: на­ча­ло ар­гу­мен­та: 25 плюс 4 минус 10 конец ар­гу­мен­та =2 ко­рень из: на­ча­ло ар­гу­мен­та: 19 конец ар­гу­мен­та .\"></span><span data-width=\"440\" data-formulahash=\"225704b9d24b8d2e9873782a83cb2005\" class=\"tex-span\" style=\"display:none\"><img src=\"https://ege.sdamgia.ru/formula/svg/15/150d378dcf2de32fd2eb9b6adcc1531a.svg\" class=\"tex\" style=\"vertical-align:-2.5pt\" alt=\"DE= ко­рень из: на­ча­ло ар­гу­мен­та: EF в квад­ра­те плюс DF в квад­ра­те конец ар­гу­мен­та =\"><br><img src=\"https://ege.sdamgia.ru/formula/svg/66/6662740bc9fad1addf5388266c8eccb5.svg\" class=\"tex\" style=\"vertical-align:-6.8pt\" alt=\"= ко­рень из: на­ча­ло ар­гу­мен­та: AB в квад­ра­те плюс левая круг­лая скоб­ка BD минус BF пра­вая круг­лая скоб­ка в квад­ра­те конец ар­гу­мен­та = ко­рень из: на­ча­ло ар­гу­мен­та: 4rR плюс левая круг­лая скоб­ка 2R минус 2r пра­вая круг­лая скоб­ка в квад­ра­те конец ар­гу­мен­та =\"><br><img src=\"https://ege.sdamgia.ru/formula/svg/31/31796dd4a067791b2bba5010280d5fd7.svg\" class=\"tex\" style=\"vertical-align:-2.5pt\" alt=\"=2 ко­рень из: на­ча­ло ар­гу­мен­та: R в квад­ра­те плюс r в квад­ра­те минус Rr конец ар­гу­мен­та =2 ко­рень из: на­ча­ло ар­гу­мен­та: 25 плюс 4 минус 10 конец ар­гу­мен­та =2 ко­рень из: на­ча­ло ар­гу­мен­та: 19 конец ар­гу­мен­та .\"></span></p><p class=\"left_margin\"></p></center><p class=\"left_margin\">От­ре­зок <i>AC</i>  — вы­со­та пря­мо­уголь­но­го тре­уголь­ни­ка <i>ABE</i>, про­ведённая из вер­ши­ны пря­мо­го угла, а <i>EB</i> и <i>ED</i>  — се­ку­щие к боль­шей окруж­но­сти, про­ведённые из одной точки, по­это­му</p><p class=\"left_margin\"></p><center><p><img src=\"https://ege.sdamgia.ru/formula/svg/7d/7db76291018af0170065002f0a6a6dcc.svg\" class=\"tex\" style=\"vertical-align:-1.8pt\" alt=\"EL умно­жить на DE=EC умно­жить на EB=AE в квад­ра­те .\"></p><p class=\"left_margin\"></p></center><p class=\"left_margin\">Сле­до­ва­тель­но,</p><p class=\"left_margin\"></p><center><p><img src=\"https://ege.sdamgia.ru/formula/svg/63/63cf9e42722ae2ee7cba030e439c00f0.svg\" class=\"tex\" style=\"vertical-align:-11.0pt\" alt=\"EL= дробь: чис­ли­тель: EC умно­жить на EB, зна­ме­на­тель: ED конец дроби = дробь: чис­ли­тель: AE в квад­ра­те , зна­ме­на­тель: ED конец дроби = дробь: чис­ли­тель: 16, зна­ме­на­тель: 2 ко­рень из: на­ча­ло ар­гу­мен­та: 19 конец ар­гу­мен­та конец дроби = дробь: чис­ли­тель: 8 ко­рень из: на­ча­ло ар­гу­мен­та: 19 конец ар­гу­мен­та , зна­ме­на­тель: 19 конец дроби . \"></p><p class=\"left_margin\"></p></center><p><span style=\"letter-spacing: 2px;\">Ответ:</span> <img src=\"https://ege.sdamgia.ru/formula/svg/ab/ab9cdb443b1fece896d484f072d1244a.svg\" class=\"tex\" style=\"vertical-align:-8.5pt\" alt=\" дробь: чис­ли­тель: 8 ко­рень из: на­ча­ло ар­гу­мен­та: 19 конец ар­гу­мен­та , зна­ме­на­тель: 19 конец дроби . \"></p><p>&nbsp;</p><p><b>При­ме­ча­ние.</b></p><p class=\"left_margin\">До­ка­жем, что за­клю­чен­ный между точ­ка­ми ка­са­ния от­ре­зок общей внеш­ней ка­са­тель­ной к двум ка­са­ю­щим­ся окруж­но­стям равен <img src=\"https://ege.sdamgia.ru/formula/svg/52/52a4167898c0a9d015e0df94cb11c054.svg\" class=\"tex\" style=\"vertical-align:-1.8pt\" alt=\"2 ко­рень из: на­ча­ло ар­гу­мен­та: Rr конец ар­гу­мен­та .\"></p><p></p><div class=\"expand\" data-open=\"До­ка­за­тель­ство\" data-close=\"Свер­нуть\"><p><img src=\"https://urok.sdamgia.ru/get_file?id=20016\" style=\"float:right;margin:10px;width:34%;max-width:100%\"></p><p class=\"left_margin\">Пусть точка <i>O</i><sub>1</sub>  — центр окруж­но­сти ра­ди­у­сом <i>r</i>, точка <i>O</i><sub>2</sub>  — центр окруж­но­сти ра­ди­у­сом <i>R</i>, и пусть <i>A</i> и <i>B</i>  — точки ка­са­ния окруж­но­стей с ка­са­тель­ной. Не огра­ни­чи­вая общ­но­сти, будем счи­тать, что <img src=\"https://ege.sdamgia.ru/formula/svg/2b/2b936ed5a3d6c56c0db784c6229d7434.svg\" class=\"tex\" style=\"vertical-align:-1.8pt\" alt=\"R боль­ше r.\"> По­ка­жем, что <img src=\"https://ege.sdamgia.ru/formula/svg/28/283af248526ec2d6d42140172a99ec9c.svg\" class=\"tex\" style=\"vertical-align:-1.8pt\" alt=\"A B=2 ко­рень из: на­ча­ло ар­гу­мен­та: R r конец ар­гу­мен­та .\"></p><p class=\"left_margin\">Из точки <i>O</i><sub>1</sub> про­ведём к <i>O</i><sub>2</sub><i>B</i> пер­пен­ди­ку­ляр <i>O</i><sub>1</sub><i>H</i>. Paдиус, про­ведённый в точку ка­са­ния, пер­пен­ди­ку­ля­рен ка­са­тель­ной, по­то­му от­рез­ки <i>O</i><sub>1</sub><i>A</i><sub>1</sub> и <i>O</i><sub>2</sub><i>A</i><sub>2</sub>, пер­пен­ди­ку­ляр­ные общей ка­са­тель­ной, па­рал­лель­ны между собой. От­рез­ки <i>AB</i> и <i>O</i><sub>1</sub><i>H</i>, пер­пен­ди­ку­ляр­ные ра­ди­у­су <i>O</i><sub>2</sub><i>B</i>, также па­рал­лель­ны между собой. Сле­до­ва­тель­но, четырёхуголь­ник <i>O</i><sub>1</sub><i>ABH</i>  — па­рал­ле­ло­грамм, яв­ля­ю­щий­ся пря­мо­уголь­ни­ком. Про­ти­во­по­лож­ные сто­ро­ны пря­мо­уголь­ни­ка равны, по­это­му <img src=\"https://ege.sdamgia.ru/formula/svg/1d/1d977b3091246e481584b7400b61d1a9.svg\" class=\"tex\" style=\"vertical-align:-2.5pt\" alt=\" H B=O_1 A=r.\"></p><p class=\"left_margin\">Тре­уголь­ник <i>O</i><sub>1</sub><i>HO</i><sub>2</sub>  — пря­мо­уголь­ный, в нём <img src=\"https://ege.sdamgia.ru/formula/svg/65/651d82f9d9e4cd2ec4e309783c858fc9.svg\" class=\"tex\" style=\"vertical-align:-3.0pt\" alt=\" O_1 O_2=R плюс r,\"> <img src=\"https://ege.sdamgia.ru/formula/svg/a8/a8e75af36d29ef54643d0312ba28097b.svg\" class=\"tex\" style=\"vertical-align:-2.5pt\" alt=\"O_2 H=R минус r.\"> По тео­ре­ме Пи­фа­го­ра на­хо­дим: </p><p class=\"left_margin\"></p><center><p><img src=\"https://ege.sdamgia.ru/formula/svg/23/2302bc7d5fe705babf157d49ad8a6a2a.svg\" class=\"tex\" style=\"vertical-align:-3.6pt\" alt=\"O_1 H в квад­ра­те =O_1 O_2 в квад­ра­те минус O_1H в квад­ра­те = левая круг­лая скоб­ка R плюс r пра­вая круг­лая скоб­ка в квад­ра­те минус левая круг­лая скоб­ка R минус r пра­вая круг­лая скоб­ка в квад­ра­те =4 R r . \"></p><p class=\"left_margin\"></p></center><p> Сле­до­ва­тель­но, <img src=\"https://ege.sdamgia.ru/formula/svg/f6/f60c057ee58068e3f5bbf162ab6942bb.svg\" class=\"tex\" style=\"vertical-align:-2.6pt\" alt=\" A B=O_1 H=2 ко­рень из: на­ча­ло ар­гу­мен­та: R r конец ар­гу­мен­та .\"></p></div></div>",
        "image_urls": [
            "https://ege.sdamgia.ru/formula/svg/3f/3f1f3791f1a7b1c5236b93774db03d7e.svg",
            "https://ege.sdamgia.ru/formula/svg/0d/0d0b8ab0f00dc72d5ad3e75362c2f083.svg",
            "https://ege.sdamgia.ru/formula/svg/7d/7d107e497f41ff765c33f7c3abe65ec0.svg",
            "https://ege.sdamgia.ru/formula/svg/aa/aa29e45ce6c57c9892bfca512259f3b8.svg",
            "https://ege.sdamgia.ru/formula/svg/6c/6c193c79650e1bd68285bcce0b2a10b7.svg",
            "https://ege.sdamgia.ru/formula/svg/d0/d021101fefe0b015438644dda5f41162.svg",
            "https://ege.sdamgia.ru/formula/svg/15/150d378dcf2de32fd2eb9b6adcc1531a.svg",
            "https://ege.sdamgia.ru/formula/svg/66/6662740bc9fad1addf5388266c8eccb5.svg",
            "https://ege.sdamgia.ru/formula/svg/31/31796dd4a067791b2bba5010280d5fd7.svg",
            "https://ege.sdamgia.ru/formula/svg/7d/7db76291018af0170065002f0a6a6dcc.svg",
            "https://ege.sdamgia.ru/formula/svg/63/63cf9e42722ae2ee7cba030e439c00f0.svg",
            "https://ege.sdamgia.ru/formula/svg/ab/ab9cdb443b1fece896d484f072d1244a.svg",
            "https://ege.sdamgia.ru/formula/svg/52/52a4167898c0a9d015e0df94cb11c054.svg",
            "https://ege.sdamgia.ru/formula/svg/2b/2b936ed5a3d6c56c0db784c6229d7434.svg",
            "https://ege.sdamgia.ru/formula/svg/28/283af248526ec2d6d42140172a99ec9c.svg",
            "https://ege.sdamgia.ru/formula/svg/1d/1d977b3091246e481584b7400b61d1a9.svg",
            "https://ege.sdamgia.ru/formula/svg/65/651d82f9d9e4cd2ec4e309783c858fc9.svg",
            "https://ege.sdamgia.ru/formula/svg/a8/a8e75af36d29ef54643d0312ba28097b.svg",
            "https://ege.sdamgia.ru/formula/svg/23/2302bc7d5fe705babf157d49ad8a6a2a.svg",
            "https://ege.sdamgia.ru/formula/svg/f6/f60c057ee58068e3f5bbf162ab6942bb.svg",
            "/get_file?id=195507",
            "https://urok.sdamgia.ru/get_file?id=20016"
        ]
    },
    "answer": "",
    "topic_id": 17,
    "analog_ids": [
        521997,
        522097,
        522125,
        522151
    ]
}