{
    "gia_type": "ege",
    "subject": "math",
    "id": 525380,
    "condition": {
        "text": "Две окружности касаются внешним образом в точке K. Прямая AB касается первой окружности в точке A, а второй   — в точке B. Прямая BK пересекает первую окружность в точке D, прямая  AK пересекает вторую окружность в точке C.а)  Докажите, что прямые AD и BC параллельны. б)  Найдите  радиус окружности, описанной около треугольника BCD, если известно, что радиус первой окружности равен 4, а радиус второй окружности равен 1.",
        "html": "<div align=\"justify\" width=\"100%\" id=\"body420536\" class=\"pbody\"><p class=\"left_margin\">Две окруж­но­сти ка­са­ют­ся внеш­ним об­ра­зом в точке <i>K</i>. Пря­мая <i>AB</i> ка­са­ет­ся пер­вой окруж­но­сти в точке <i>A</i>, а вто­рой&nbsp;  — в точке <i>B</i>. Пря­мая <i>BK</i> пе­ре­се­ка­ет первую окруж­ность в точке <i>D</i>, пря­мая  <i>AK</i> пе­ре­се­ка­ет вто­рую окруж­ность в точке <i>C</i>.</p><p class=\"left_margin\">а)  До­ка­жи­те, что пря­мые <i>AD</i> и <i>BC</i> па­рал­лель­ны. </p><p class=\"left_margin\">б)  Най­ди­те  ра­ди­ус окруж­но­сти, опи­сан­ной около тре­уголь­ни­ка <i>BCD</i>, если из­вест­но, что ра­ди­ус пер­вой окруж­но­сти равен 4, а ра­ди­ус вто­рой окруж­но­сти равен 1.</p></div>",
        "image_urls": []
    },
    "solution": {
        "text": "Решение. а)  Обозначим  центры  окружностей O1 и O2 соответственно.  Пусть  общая касательная, проведённая к окружностям в точке  K, пересекает  AB в точке M. По свойству  касательных,  проведённых  из одной  точки,  AM  =  KM и KM  =  BM. Таким образом, в треугольнике  AKB медиана равна  половине  стороны,  к  которой  она проведена, значит, он прямоугольный.  Вписанный  угол  AKD  прямой,  поэтому  он  опирается  на  диаметр  AD.  Значит, AD ⊥ AB. Аналогично получаем, что BC ⊥ AB. Следовательно, прямые AD и BC параллельны. б)  В прямоугольной трапеции ABO2O1 построим высоту O2H и найдём ее из прямоугольного треугольника O2HO1:   Тогда  Из прямоугольного треугольника BAD получаем: Треугольники  BKC и AKD подобны,  поэтому  а  Из прямоугольного треугольника СКВ  находим  тогда Из прямоугольного треугольника СКD  находим По теореме синусов для треугольника BСD  находим искомый радиус описанной окружности: Ответ: ",
        "html": "<div align=\"justify\" width=\"100%\" id=\"sol525380\" class=\"solution\" style=\"clear:both;\" class=\"pbody\"><p class=\"left_margin\"></p><b>Ре­ше­ние<!--rule_info-->. </b><p class=\"left_margin\"><img src=\"/get_file?id=148088\" style=\"float:right;margin:10px;max-width:100%\">а)  Обо­зна­чим  цен­тры  окруж­но­стей <i>O</i><sub>1</sub> и <i>O</i><sub>2</sub> со­от­вет­ствен­но.  Пусть  общая ка­са­тель­ная, про­ведённая к окруж­но­стям в точке  <i>K</i>, пе­ре­се­ка­ет  <i>AB</i> в точке <i>M.</i> По свой­ству  ка­са­тель­ных,  про­ведённых  из одной  точки,  <i>AM</i>  =  <i>KM</i> и <i>KM</i>  =  <i>BM</i>. Таким об­ра­зом, </p><p>в тре­уголь­ни­ке  <i>AKB</i> ме­ди­а­на равна  по­ло­ви­не  сто­ро­ны,  к  ко­то­рой  она про­ве­де­на, зна­чит, он пря­мо­уголь­ный.  </p><p class=\"left_margin\">Впи­сан­ный  угол  <i>AKD </i> пря­мой,  по­это­му  он  опи­ра­ет­ся  на  диа­метр  <i>AD.</i>  Зна­чит, <i>AD</i> ⊥ <i>AB</i>. Ана­ло­гич­но по­лу­ча­ем, что <i>BC</i> ⊥ <i>AB</i>. Сле­до­ва­тель­но, пря­мые <i>AD</i> и <i>BC</i> па­рал­лель­ны. </p><p class=\"left_margin\">б)  В пря­мо­уголь­ной тра­пе­ции <i>ABO</i><sub>2</sub><i>O</i><sub>1</sub> по­стро­им вы­со­ту <i>O</i><sub>2</sub><i>H</i> и найдём ее из пря­мо­уголь­но­го тре­уголь­ни­ка <i>O</i><sub>2</sub><i>HO</i><sub>1</sub>:  </p><p class=\"left_margin\"></p><center><p><img src=\"https://ege.sdamgia.ru/formula/svg/15/15cae60842aa46c2fd948b9e227be27f.svg\" class=\"tex\" style=\"vertical-align:-6.8pt\" alt=\"O_2H= ко­рень из: на­ча­ло ар­гу­мен­та: O_1O_2 в квад­ра­те минус O_1H в квад­ра­те конец ар­гу­мен­та =4.\"></p><p class=\"left_margin\"></p></center><p> Тогда <img src=\"https://ege.sdamgia.ru/formula/svg/b5/b53f350ffc3ec0e0ae7dbb3de2e654f2.svg\" class=\"tex\" style=\"vertical-align:-2.5pt\" alt=\"AB=O_2H=4.\"> Из пря­мо­уголь­но­го тре­уголь­ни­ка <i>BAD</i> по­лу­ча­ем: <img src=\"https://ege.sdamgia.ru/formula/svg/23/23d92eb73dec2a0ef7b80d74d91283c4.svg\" class=\"tex\" style=\"vertical-align:-2.5pt\" alt=\" BD = ко­рень из: на­ча­ло ар­гу­мен­та: 8 в квад­ра­те плюс 4 в квад­ра­те конец ар­гу­мен­та = 4 ко­рень из: на­ча­ло ар­гу­мен­та: 5 конец ар­гу­мен­та .\"></p><p class=\"left_margin\">Тре­уголь­ни­ки  <i>BKC</i> и <i>AKD</i> по­доб­ны, <img src=\"https://ege.sdamgia.ru/formula/svg/be/be06c5f3063c05c233b2406af94500cb.svg\" class=\"tex\" style=\"vertical-align:-8.4pt\" alt=\" дробь: чис­ли­тель: DK, зна­ме­на­тель: KB конец дроби = дробь: чис­ли­тель: AD, зна­ме­на­тель: BC конец дроби =4, \"> по­это­му <img src=\"https://ege.sdamgia.ru/formula/svg/da/da43ff7c77ed49bdbcf4fe1968d4f554.svg\" class=\"tex\" style=\"vertical-align:-11.0pt\" alt=\"KB = дробь: чис­ли­тель: 1, зна­ме­на­тель: 5 конец дроби BD = дробь: чис­ли­тель: 4, зна­ме­на­тель: ко­рень из: на­ча­ло ар­гу­мен­та: 5 конец ар­гу­мен­та конец дроби , \"> а <img src=\"https://ege.sdamgia.ru/formula/svg/6e/6e85814c2ca3ea01cfc6da7f8602c757.svg\" class=\"tex\" style=\"vertical-align:-10.9pt\" alt=\"DK= 4KB = дробь: чис­ли­тель: 16, зна­ме­на­тель: ко­рень из: на­ча­ло ар­гу­мен­та: 5 конец ар­гу­мен­та конец дроби . \"> </p><p class=\"left_margin\">Из пря­мо­уголь­но­го тре­уголь­ни­ка <i>СКВ</i>  на­хо­дим <img src=\"https://ege.sdamgia.ru/formula/svg/73/73d3d77cf05005d0c281cd6b551632c9.svg\" class=\"tex\" style=\"vertical-align:-11.0pt\" alt=\"KC = ко­рень из: на­ча­ло ар­гу­мен­та: CB в квад­ра­те минус KB в квад­ра­те конец ар­гу­мен­та = дробь: чис­ли­тель: 2, зна­ме­на­тель: конец дроби ко­рень из: на­ча­ло ар­гу­мен­та: 5 конец ар­гу­мен­та ,\"> тогда <img src=\"https://ege.sdamgia.ru/formula/svg/8f/8f02ae081327f4254ffa0fd92a816c83.svg\" class=\"tex\" style=\"vertical-align:-10.9pt\" alt=\" синус \\angle CBK = дробь: чис­ли­тель: KC, зна­ме­на­тель: CB конец дроби = дробь: чис­ли­тель: 1, зна­ме­на­тель: ко­рень из: на­ча­ло ар­гу­мен­та: 5 конец ар­гу­мен­та конец дроби . \"></p><p class=\"left_margin\">Из пря­мо­уголь­но­го тре­уголь­ни­ка <i>СКD</i>  на­хо­дим <img src=\"https://ege.sdamgia.ru/formula/svg/09/093ee0f8b7c9469d3de1275a3d81b907.svg\" class=\"tex\" style=\"vertical-align:-2.5pt\" alt=\"CD = ко­рень из: на­ча­ло ар­гу­мен­та: DK в квад­ра­те плюс KC в квад­ра­те конец ар­гу­мен­та = 2 ко­рень из: на­ча­ло ар­гу­мен­та: 13 конец ар­гу­мен­та .\"></p><p class=\"left_margin\">По тео­ре­ме си­ну­сов для тре­уголь­ни­ка <i>BСD</i>  на­хо­дим ис­ко­мый ра­ди­ус опи­сан­ной окруж­но­сти: </p><p class=\"left_margin\"></p><center><p><img src=\"https://ege.sdamgia.ru/formula/svg/54/54b1167bc83477b40dea1cf7bba63a20.svg\" class=\"tex\" style=\"vertical-align:-15.6pt\" alt=\"R = дробь: чис­ли­тель: CD, зна­ме­на­тель: 2 синус \\angle CBK конец дроби = дробь: чис­ли­тель: 2 ко­рень из: на­ча­ло ар­гу­мен­та: 13 конец ар­гу­мен­та , зна­ме­на­тель: 2 умно­жить на дробь: чис­ли­тель: 1, зна­ме­на­тель: ко­рень из: на­ча­ло ар­гу­мен­та: 5 конец ар­гу­мен­та конец дроби конец дроби = ко­рень из: на­ча­ло ар­гу­мен­та: 65 конец ар­гу­мен­та . \"></p><p class=\"left_margin\"></p></center><p><span style=\"letter-spacing: 2px;\">Ответ:</span> <img src=\"https://ege.sdamgia.ru/formula/svg/d0/d0d0c29ded8723ea699e826163f87ad8.svg\" class=\"tex\" style=\"vertical-align:-1.8pt\" alt=\" ко­рень из: на­ча­ло ар­гу­мен­та: 65 конец ар­гу­мен­та .\"></p></div>",
        "image_urls": [
            "https://ege.sdamgia.ru/formula/svg/15/15cae60842aa46c2fd948b9e227be27f.svg",
            "https://ege.sdamgia.ru/formula/svg/b5/b53f350ffc3ec0e0ae7dbb3de2e654f2.svg",
            "https://ege.sdamgia.ru/formula/svg/23/23d92eb73dec2a0ef7b80d74d91283c4.svg",
            "https://ege.sdamgia.ru/formula/svg/be/be06c5f3063c05c233b2406af94500cb.svg",
            "https://ege.sdamgia.ru/formula/svg/da/da43ff7c77ed49bdbcf4fe1968d4f554.svg",
            "https://ege.sdamgia.ru/formula/svg/6e/6e85814c2ca3ea01cfc6da7f8602c757.svg",
            "https://ege.sdamgia.ru/formula/svg/73/73d3d77cf05005d0c281cd6b551632c9.svg",
            "https://ege.sdamgia.ru/formula/svg/8f/8f02ae081327f4254ffa0fd92a816c83.svg",
            "https://ege.sdamgia.ru/formula/svg/09/093ee0f8b7c9469d3de1275a3d81b907.svg",
            "https://ege.sdamgia.ru/formula/svg/54/54b1167bc83477b40dea1cf7bba63a20.svg",
            "https://ege.sdamgia.ru/formula/svg/d0/d0d0c29ded8723ea699e826163f87ad8.svg",
            "/get_file?id=148088"
        ]
    },
    "answer": "",
    "topic_id": 17,
    "analog_ids": []
}