{
    "gia_type": "ege",
    "subject": "math",
    "id": 549116,
    "condition": {
        "text": "К окружности с диаметром AB  =  6 проведена касательная BC так, что  Прямая AC вторично пересекает окружность в точке D. Точка E диаметрально противоположна точке D. Прямые ED и BC пересекаются в точке F.а)  Докажите, что б)  Найдите площадь треугольника FBE.",
        "html": "<div align=\"justify\" width=\"100%\" id=\"body396800\" class=\"pbody\"><p class=\"left_margin\">К окруж­но­сти с диа­мет­ром <i>AB</i>  =  6 про­ве­де­на ка­са­тель­ная <i>BC</i> так, что <img src=\"https://ege.sdamgia.ru/formula/svg/be/be8b14db6e400ecafad9ff1dfa6dcdde.svg\" class=\"tex\" style=\"vertical-align:-1.8pt\" alt=\"BC=3 ко­рень из: на­ча­ло ар­гу­мен­та: 2 конец ар­гу­мен­та .\"> Пря­мая <i>AC </i>вто­рич­но пе­ре­се­ка­ет окруж­ность в точке <i>D</i>. Точка <i>E</i> диа­мет­раль­но про­ти­во­по­лож­на точке <i>D</i>. Пря­мые <i>ED</i> и<i> BC</i> пе­ре­се­ка­ют­ся в точке <i>F</i>.</p><p class=\"left_margin\">а)  До­ка­жи­те, что <img src=\"https://ege.sdamgia.ru/formula/svg/5a/5a93f23824c4ea1ab623fcbb0b7011d4.svg\" class=\"tex\" style=\"vertical-align:-1.8pt\" alt=\"BD в квад­ра­те =CD умно­жить на BE.\"></p><p class=\"left_margin\">б)  Най­ди­те пло­щадь тре­уголь­ни­ка <i>FBE</i>.</p></div>",
        "image_urls": [
            "https://ege.sdamgia.ru/formula/svg/be/be8b14db6e400ecafad9ff1dfa6dcdde.svg",
            "https://ege.sdamgia.ru/formula/svg/5a/5a93f23824c4ea1ab623fcbb0b7011d4.svg"
        ]
    },
    "solution": {
        "text": "Решение. а)  Заметим, что  поскольку этот угол опирается на диаметр AB. Тогда  BD   — высота прямоугольного треугольника ABC. По свойству высоты получаем, что  тогда  Треугольники EOB и  DOA равны по двум сторонам и углу между ними, значит, EB  =  AD, откуда б)  Выразим площадь треугольника FBE:Вычислим длины отрезков:Применим теорему Менелая для треугольника ABC и прямой ODF: откуда  Таким образом, C  — середина BF и  Следовательно,Ответ: б)  Приведем решение пункта б) Данилы Карпова.Вычислим длины отрезков:Как доказано в пункте а), Треугольники EOB и  DOA равны, тогда ∠BAD  =  ∠ ABE. Эти углы накрестлежащие, тогда AD || BE. Следовательно, треугольник FCD подобен FBE. ТогдаСледовательно, BD  — медиана треугольника FBE, она делит его на два треугольника равной площади, тогда",
        "html": "<div align=\"justify\" width=\"100%\" id=\"sol549116\" class=\"solution\" style=\"clear:both;\" class=\"pbody\"><p class=\"left_margin\"></p><b>Ре­ше­ние<!--rule_info-->. </b><p class=\"left_margin\"><img src=\"/get_file?id=148347\" style=\"float:right;margin:10px;max-width:100%\"></p><p class=\"left_margin\">а)  За­ме­тим, что <img src=\"https://ege.sdamgia.ru/formula/svg/4e/4e73d71c886ad677b5f15bb2c016d41b.svg\" class=\"tex\" style=\"vertical-align:-3.0pt\" alt=\"\\angle BDA=90 в сте­пе­ни левая круг­лая скоб­ка \\circ пра­вая круг­лая скоб­ка ,\"> по­сколь­ку этот угол опи­ра­ет­ся на диа­метр <i>AB</i>. Тогда <i> BD </i>  — вы­со­та пря­мо­уголь­но­го тре­уголь­ни­ка <i>ABC</i>. По свой­ству вы­со­ты по­лу­ча­ем, что <img src=\"https://ege.sdamgia.ru/formula/svg/bf/bf3eaafa436d807bb9989a293f8b94a6.svg\" class=\"tex\" style=\"vertical-align:-3.0pt\" alt=\"BD= ко­рень из: на­ча­ло ар­гу­мен­та: CD умно­жить на AD конец ар­гу­мен­та , \"> тогда <img src=\"https://ege.sdamgia.ru/formula/svg/7b/7b57fbf52ed0dfab084c825fc55d23b5.svg\" class=\"tex\" style=\"vertical-align:-1.8pt\" alt=\"BD в квад­ра­те =CD умно­жить на AD.\"> Тре­уголь­ни­ки <i>EOB</i> и <i> DOA</i> равны по двум сто­ро­нам и углу между ними, зна­чит, <i>EB  =  AD</i>, от­ку­да <img src=\"https://ege.sdamgia.ru/formula/svg/46/464c762d130f24515e7202aaf151fd3b.svg\" class=\"tex\" style=\"vertical-align:-1.8pt\" alt=\"BD в квад­ра­те =CD умно­жить на AD=CD умно­жить на BE.\"></p><p class=\"left_margin\">б)  Вы­ра­зим пло­щадь тре­уголь­ни­ка <i>FBE</i>:</p><p class=\"left_margin\"></p><center><p><span data-width=\"640\" data-formulahash=\"8200b893e642bfb5e6f4556930d6b97a\" class=\"tex-span\" style=\"\"><img src=\"https://ege.sdamgia.ru/formula/svg/82/8200b893e642bfb5e6f4556930d6b97a.svg\" class=\"tex\" style=\"vertical-align:-8.3pt\" alt=\"S_FBE=S_OBF плюс S_OBE= дробь: чис­ли­тель: 1, зна­ме­на­тель: 2 конец дроби OB умно­жить на BF плюс S_AOD= дробь: чис­ли­тель: 1, зна­ме­на­тель: 2 конец дроби OB умно­жить на BF плюс дробь: чис­ли­тель: 1, зна­ме­на­тель: 2 конец дроби S_ABD= дробь: чис­ли­тель: 1, зна­ме­на­тель: 2 конец дроби OB умно­жить на BF плюс дробь: чис­ли­тель: 1, зна­ме­на­тель: 4 конец дроби AD умно­жить на BD.\"></span><span data-width=\"565\" data-formulahash=\"8200b893e642bfb5e6f4556930d6b97a\" class=\"tex-span\" style=\"display:none\"><img src=\"https://ege.sdamgia.ru/formula/svg/88/88416d2dbd5057a8718b0c10d64e6ca4.svg\" class=\"tex\" style=\"vertical-align:-8.4pt\" alt=\"S_FBE=S_OBF плюс S_OBE= дробь: чис­ли­тель: 1, зна­ме­на­тель: 2 конец дроби OB умно­жить на BF плюс S_AOD=\"><br><img src=\"https://ege.sdamgia.ru/formula/svg/6d/6d2d4091601503d2846370678b457004.svg\" class=\"tex\" style=\"vertical-align:-8.4pt\" alt=\"= дробь: чис­ли­тель: 1, зна­ме­на­тель: 2 конец дроби OB умно­жить на BF плюс дробь: чис­ли­тель: 1, зна­ме­на­тель: 2 конец дроби S_ABD= дробь: чис­ли­тель: 1, зна­ме­на­тель: 2 конец дроби OB умно­жить на BF плюс дробь: чис­ли­тель: 1, зна­ме­на­тель: 4 конец дроби AD умно­жить на BD.\"></span></p><p class=\"left_margin\"></p></center><p class=\"left_margin\">Вы­чис­лим длины от­рез­ков:</p><p class=\"left_margin\"></p><center><p><img src=\"https://ege.sdamgia.ru/formula/svg/80/8074bb649ecfcedd665f5e921f3a81c2.svg\" class=\"tex\" style=\"vertical-align:-11.1pt\" alt=\"BD= дробь: чис­ли­тель: 2S_ABC, зна­ме­на­тель: AC конец дроби = дробь: чис­ли­тель: 6 умно­жить на 3 ко­рень из: на­ча­ло ар­гу­мен­та: 2 конец ар­гу­мен­та , зна­ме­на­тель: ко­рень из: на­ча­ло ар­гу­мен­та: 36 плюс 18 конец ар­гу­мен­та конец дроби =2 ко­рень из: на­ча­ло ар­гу­мен­та: 3 конец ар­гу­мен­та , \"></p><p><img src=\"https://ege.sdamgia.ru/formula/svg/b3/b302cd1e617621fea47cc8069cd98a76.svg\" class=\"tex\" style=\"vertical-align:-3.0pt\" alt=\"AD= ко­рень из: на­ча­ло ар­гу­мен­та: AB в квад­ра­те минус BD в квад­ра­те конец ар­гу­мен­та = ко­рень из: на­ча­ло ар­гу­мен­та: 36 минус 12 конец ар­гу­мен­та =2 ко­рень из: на­ча­ло ар­гу­мен­та: 6 конец ар­гу­мен­та , \"></p><p><img src=\"https://ege.sdamgia.ru/formula/svg/97/979259767fa5848dde3b092721f06f53.svg\" class=\"tex\" style=\"vertical-align:-2.5pt\" alt=\"CD=AC минус AD= ко­рень из: на­ча­ло ар­гу­мен­та: AB в квад­ра­те плюс BC в квад­ра­те конец ар­гу­мен­та минус 2 ко­рень из: на­ча­ло ар­гу­мен­та: 6 конец ар­гу­мен­та = ко­рень из: на­ча­ло ар­гу­мен­та: 54 конец ар­гу­мен­та минус 2 ко­рень из: на­ча­ло ар­гу­мен­та: 6 конец ар­гу­мен­та = ко­рень из: на­ча­ло ар­гу­мен­та: 6 конец ар­гу­мен­та . \"></p><p class=\"left_margin\"></p></center><p class=\"left_margin\">При­ме­ним тео­ре­му Ме­не­лая для тре­уголь­ни­ка <i>ABC</i> и пря­мой <i>ODF</i>:</p><p class=\"left_margin\"></p><center><p><img src=\"https://ege.sdamgia.ru/formula/svg/50/506eceb967ecf77d74eab093aef498e6.svg\" class=\"tex\" style=\"vertical-align:-8.4pt\" alt=\" дробь: чис­ли­тель: BO, зна­ме­на­тель: OA конец дроби умно­жить на дробь: чис­ли­тель: AD, зна­ме­на­тель: DC конец дроби умно­жить на дробь: чис­ли­тель: CF, зна­ме­на­тель: FB конец дроби =1, \"></p><p class=\"left_margin\"></p></center><p> от­ку­да <img src=\"https://ege.sdamgia.ru/formula/svg/42/42c2b5a4ca7760c0f45aa440ab7ae8b1.svg\" class=\"tex\" style=\"vertical-align:-1.8pt\" alt=\"BF=2CF.\"> Таким об­ра­зом, <i>C</i>  — се­ре­ди­на <i>BF</i> и <img src=\"https://ege.sdamgia.ru/formula/svg/c9/c96f56d58688150911fafc8e3666817c.svg\" class=\"tex\" style=\"vertical-align:-1.8pt\" alt=\"BF=6 ко­рень из: на­ча­ло ар­гу­мен­та: 2 конец ар­гу­мен­та .\"> Сле­до­ва­тель­но,</p><p class=\"left_margin\"></p><center><p><img src=\"https://ege.sdamgia.ru/formula/svg/7e/7ebbe4494fa8c3e2b38934657025e083.svg\" class=\"tex\" style=\"vertical-align:-8.3pt\" alt=\"S_FBE= дробь: чис­ли­тель: 1, зна­ме­на­тель: 2 конец дроби OB умно­жить на BF плюс дробь: чис­ли­тель: 1, зна­ме­на­тель: 4 конец дроби AD умно­жить на BD= дробь: чис­ли­тель: 1, зна­ме­на­тель: 2 конец дроби умно­жить на 3 умно­жить на 6 ко­рень из: на­ча­ло ар­гу­мен­та: 2 конец ар­гу­мен­та плюс дробь: чис­ли­тель: 1, зна­ме­на­тель: 4 конец дроби умно­жить на 2 ко­рень из: на­ча­ло ар­гу­мен­та: 6 конец ар­гу­мен­та умно­жить на 2 ко­рень из: на­ча­ло ар­гу­мен­та: 3 конец ар­гу­мен­та =12 ко­рень из: на­ча­ло ар­гу­мен­та: 2 конец ар­гу­мен­та .\"></p><p class=\"left_margin\"></p></center><p><span style=\"letter-spacing: 2px;\">Ответ:</span> б) <img src=\"https://ege.sdamgia.ru/formula/svg/76/76f28d4d07c65c93a7c334d86500f06a.svg\" class=\"tex\" style=\"vertical-align:-1.8pt\" alt=\"12 ко­рень из: на­ча­ло ар­гу­мен­та: 2 конец ар­гу­мен­та .\"></p><p>&nbsp;</p><p><b>При­ве­дем ре­ше­ние пунк­та б) Да­ни­лы Кар­по­ва.</b></p><p class=\"left_margin\">Вы­чис­лим длины от­рез­ков:</p><p class=\"left_margin\"></p><center><p><img src=\"https://ege.sdamgia.ru/formula/svg/80/8074bb649ecfcedd665f5e921f3a81c2.svg\" class=\"tex\" style=\"vertical-align:-11.1pt\" alt=\"BD= дробь: чис­ли­тель: 2S_ABC, зна­ме­на­тель: AC конец дроби = дробь: чис­ли­тель: 6 умно­жить на 3 ко­рень из: на­ча­ло ар­гу­мен­та: 2 конец ар­гу­мен­та , зна­ме­на­тель: ко­рень из: на­ча­ло ар­гу­мен­та: 36 плюс 18 конец ар­гу­мен­та конец дроби =2 ко­рень из: на­ча­ло ар­гу­мен­та: 3 конец ар­гу­мен­та , \"></p><p><img src=\"https://ege.sdamgia.ru/formula/svg/c4/c477398326904358475485d8dbc0e8d8.svg\" class=\"tex\" style=\"vertical-align:-3.0pt\" alt=\"AD= ко­рень из: на­ча­ло ар­гу­мен­та: AB в квад­ра­те минус BD в квад­ра­те конец ар­гу­мен­та = ко­рень из: на­ча­ло ар­гу­мен­та: 36 минус 12 конец ар­гу­мен­та =2 ко­рень из: на­ча­ло ар­гу­мен­та: 6 конец ар­гу­мен­та , \"></p><p><img src=\"https://ege.sdamgia.ru/formula/svg/af/af07eccf5dd6aaca433f7bcea6bed6b1.svg\" class=\"tex\" style=\"vertical-align:-2.5pt\" alt=\"CD=AC минус AD= ко­рень из: на­ча­ло ар­гу­мен­та: AB в квад­ра­те плюс BC в квад­ра­те конец ар­гу­мен­та минус 2 ко­рень из: на­ча­ло ар­гу­мен­та: 6 конец ар­гу­мен­та = ко­рень из: на­ча­ло ар­гу­мен­та: 54 конец ар­гу­мен­та минус 2 ко­рень из: на­ча­ло ар­гу­мен­та: 6 конец ар­гу­мен­та = ко­рень из: на­ча­ло ар­гу­мен­та: 6 конец ар­гу­мен­та .\"></p><p class=\"left_margin\"></p></center><p class=\"left_margin\">Как до­ка­за­но в пунк­те а), Тре­уголь­ни­ки <i>EOB</i> и <i> DOA</i> равны, тогда <i>∠BAD</i>  =  <i>∠ ABE</i>. Эти углы на­крес­тле­жа­щие, тогда <i>AD</i> || <i>BE</i>. Сле­до­ва­тель­но, тре­уголь­ник <i>FCD</i> по­до­бен <i>FBE</i>. Тогда</p><p class=\"left_margin\"></p><center><p><img src=\"https://ege.sdamgia.ru/formula/svg/dc/dc4c6e7b863e5c973f608cbd9b98ddc0.svg\" class=\"tex\" style=\"vertical-align:-11.1pt\" alt=\" дробь: чис­ли­тель: EF, зна­ме­на­тель: DF конец дроби = дробь: чис­ли­тель: BE, зна­ме­на­тель: CD конец дроби = дробь: чис­ли­тель: ко­рень из: на­ча­ло ар­гу­мен­та: 6 конец ар­гу­мен­та , зна­ме­на­тель: 2 ко­рень из: на­ча­ло ар­гу­мен­та: 6 конец ар­гу­мен­та конец дроби =2. \"></p><p class=\"left_margin\"></p></center><p class=\"left_margin\">Сле­до­ва­тель­но, <i>BD</i>  — ме­ди­а­на тре­уголь­ни­ка <i>FBE</i>, она делит его на два тре­уголь­ни­ка рав­ной пло­ща­ди, тогда</p><p class=\"left_margin\"></p><center><p><img src=\"https://ege.sdamgia.ru/formula/svg/8e/8eaf3585a9a1849365ea2cb4a7c06db1.svg\" class=\"tex\" style=\"vertical-align:-8.4pt\" alt=\"S_FBE=2 умно­жить на S_DBE= 2 умно­жить на дробь: чис­ли­тель: 1, зна­ме­на­тель: 2 конец дроби умно­жить на BE умно­жить на BD = 2 ко­рень из: на­ча­ло ар­гу­мен­та: 6 конец ар­гу­мен­та умно­жить на 2 ко­рень из: на­ча­ло ар­гу­мен­та: 3 конец ар­гу­мен­та = 12 ко­рень из: на­ча­ло ар­гу­мен­та: 2 конец ар­гу­мен­та . \"></p><p class=\"left_margin\"></p></center></div>",
        "image_urls": [
            "https://ege.sdamgia.ru/formula/svg/4e/4e73d71c886ad677b5f15bb2c016d41b.svg",
            "https://ege.sdamgia.ru/formula/svg/bf/bf3eaafa436d807bb9989a293f8b94a6.svg",
            "https://ege.sdamgia.ru/formula/svg/7b/7b57fbf52ed0dfab084c825fc55d23b5.svg",
            "https://ege.sdamgia.ru/formula/svg/46/464c762d130f24515e7202aaf151fd3b.svg",
            "https://ege.sdamgia.ru/formula/svg/82/8200b893e642bfb5e6f4556930d6b97a.svg",
            "https://ege.sdamgia.ru/formula/svg/88/88416d2dbd5057a8718b0c10d64e6ca4.svg",
            "https://ege.sdamgia.ru/formula/svg/6d/6d2d4091601503d2846370678b457004.svg",
            "https://ege.sdamgia.ru/formula/svg/80/8074bb649ecfcedd665f5e921f3a81c2.svg",
            "https://ege.sdamgia.ru/formula/svg/b3/b302cd1e617621fea47cc8069cd98a76.svg",
            "https://ege.sdamgia.ru/formula/svg/97/979259767fa5848dde3b092721f06f53.svg",
            "https://ege.sdamgia.ru/formula/svg/50/506eceb967ecf77d74eab093aef498e6.svg",
            "https://ege.sdamgia.ru/formula/svg/42/42c2b5a4ca7760c0f45aa440ab7ae8b1.svg",
            "https://ege.sdamgia.ru/formula/svg/c9/c96f56d58688150911fafc8e3666817c.svg",
            "https://ege.sdamgia.ru/formula/svg/7e/7ebbe4494fa8c3e2b38934657025e083.svg",
            "https://ege.sdamgia.ru/formula/svg/76/76f28d4d07c65c93a7c334d86500f06a.svg",
            "https://ege.sdamgia.ru/formula/svg/80/8074bb649ecfcedd665f5e921f3a81c2.svg",
            "https://ege.sdamgia.ru/formula/svg/c4/c477398326904358475485d8dbc0e8d8.svg",
            "https://ege.sdamgia.ru/formula/svg/af/af07eccf5dd6aaca433f7bcea6bed6b1.svg",
            "https://ege.sdamgia.ru/formula/svg/dc/dc4c6e7b863e5c973f608cbd9b98ddc0.svg",
            "https://ege.sdamgia.ru/formula/svg/8e/8eaf3585a9a1849365ea2cb4a7c06db1.svg",
            "/get_file?id=148347"
        ]
    },
    "answer": "б)",
    "topic_id": 17,
    "analog_ids": [
        549116,
        548817
    ]
}