{
    "gia_type": "ege",
    "subject": "math",
    "id": 558013,
    "condition": {
        "text": "Две окружности пересекаются в точках А и K так, что их центры расположены по разные  стороны  от  прямой,  содержащей  отрезок  АK.  Точки  В  и  С  лежат  на  разных окружностях. Прямая, содержащая отрезок АВ, касается одной окружности в точке А. Прямая, содержащая отрезок АС, касается другой окружности также в точке А. а)  Докажите, что углы AKC и AKB равны.б)  Найдите площадь  треугольника АВС, если BK  =  1, CK  =  4, а  тангенс угла САВ равен ",
        "html": "<div align=\"justify\" width=\"100%\" id=\"body453953\" class=\"pbody\"><p class=\"left_margin\">Две окруж­но­сти пе­ре­се­ка­ют­ся в точ­ках <i>А</i> и <i>K</i> так, что их цен­тры рас­по­ло­же­ны по раз­ные  сто­ро­ны  от  пря­мой,  со­дер­жа­щей  от­ре­зок  <i>АK</i>.  Точки  <i>В</i>  и  <i>С</i>  лежат  на  раз­ных окруж­но­стях. Пря­мая, со­дер­жа­щая от­ре­зок <i>АВ</i>, ка­са­ет­ся одной окруж­но­сти в точке <i>А</i>. Пря­мая, со­дер­жа­щая от­ре­зок <i>АС</i>, ка­са­ет­ся дру­гой окруж­но­сти также в точке <i>А</i>. </p><p class=\"left_margin\">а)  До­ка­жи­те, что углы <i>AKC</i> и <i>AKB</i> равны.</p><p class=\"left_margin\">б)  Най­ди­те пло­щадь  тре­уголь­ни­ка <i>АВС</i>, если <i>BK</i>  =  1, <i>CK</i>  =  4, а  тан­генс угла <i>САВ</i> равен <img src=\"https://ege.sdamgia.ru/formula/svg/b8/b82cbcb9260ebd4c4ae5fcad802004ea.svg\" class=\"tex\" style=\"vertical-align:-11.0pt\" alt=\" дробь: чис­ли­тель: 1, зна­ме­на­тель: ко­рень из: на­ча­ло ар­гу­мен­та: 15 конец ар­гу­мен­та конец дроби . \"></p></div>",
        "image_urls": [
            "https://ege.sdamgia.ru/formula/svg/b8/b82cbcb9260ebd4c4ae5fcad802004ea.svg"
        ]
    },
    "solution": {
        "text": "Решение. а)  По теореме об угле между касательной и хордой находим, что  Аналогично  Таким образом,  Что и требовалось доказать.б)  По условию  значит,  тогда  Из подобия треугольников AKC и AKB получаем, что  Отсюда  и коэффициент подобия равен 2. Заметим теперь, что  Значит,  Запишем теорему косинусов для треугольника AKC:   Далее,   тогда  откуда находим площадь треугольника ABC: Ответ: ",
        "html": "<div align=\"justify\" width=\"100%\" id=\"sol558013\" class=\"solution\" style=\"clear:both;\" class=\"pbody\"><p class=\"left_margin\"></p><b>Ре­ше­ние<!--rule_info-->. </b><p class=\"left_margin\"><img src=\"/get_file?id=148348\" style=\"float:right;margin:10px;max-width:100%\"></p><p class=\"left_margin\">а)  По тео­ре­ме об угле между ка­са­тель­ной и хор­дой на­хо­дим, что <img src=\"https://ege.sdamgia.ru/formula/svg/2a/2a0ab95417925af74bcfe632c3be9db1.svg\" class=\"tex\" style=\"vertical-align:-1.8pt\" alt=\"\\angle CAK=\\angle ABK.\"> Ана­ло­гич­но <img src=\"https://ege.sdamgia.ru/formula/svg/cf/cf4e8c845ffd3bb9c2661d281cc7a9d9.svg\" class=\"tex\" style=\"vertical-align:-1.8pt\" alt=\"\\angle BAK=\\angle ACK.\"> Таким об­ра­зом, </p><p class=\"left_margin\"></p><center><p><img src=\"https://ege.sdamgia.ru/formula/svg/da/da506217d4f0940cd642ccb805d769f6.svg\" class=\"tex\" style=\"vertical-align:-1.7pt\" alt=\"\\angle AKC=180 в сте­пе­ни левая круг­лая скоб­ка \\circ пра­вая круг­лая скоб­ка минус \\angle CAK минус \\angle ACK=180 в сте­пе­ни левая круг­лая скоб­ка \\circ пра­вая круг­лая скоб­ка минус \\angle ABK минус \\angle BAK=\\angle AKB.\"></p><p class=\"left_margin\"></p></center><p> Что и тре­бо­ва­лось до­ка­зать.</p><p class=\"left_margin\">б)  По усло­вию <img src=\"https://ege.sdamgia.ru/formula/svg/06/063d366072e4b314a4c8d4f2a5891d88.svg\" class=\"tex\" style=\"vertical-align:-11.0pt\" alt=\"tg \\angle CAB= дробь: чис­ли­тель: 1, зна­ме­на­тель: ко­рень из: на­ча­ло ар­гу­мен­та: 15 конец ар­гу­мен­та конец дроби , \"> зна­чит, </p><p class=\"left_margin\"></p><center><p><img src=\"https://ege.sdamgia.ru/formula/svg/5e/5e2712977d240cb3718f6e8381318a8a.svg\" class=\"tex\" style=\"vertical-align:-15.0pt\" alt=\" ко­си­нус \\angle CAB= ко­рень из: на­ча­ло ар­гу­мен­та: дробь: чис­ли­тель: 1, зна­ме­на­тель: 1 плюс \\tfrac1 конец ар­гу­мен­та 15 конец дроби = дробь: чис­ли­тель: ко­рень из: на­ча­ло ар­гу­мен­та: 15 конец ар­гу­мен­та , зна­ме­на­тель: 4 конец дроби , \"></p><p class=\"left_margin\"></p></center><p> тогда <img src=\"https://ege.sdamgia.ru/formula/svg/57/579e00b8fcb43bcbf280ec3f281222b4.svg\" class=\"tex\" style=\"vertical-align:-8.4pt\" alt=\" синус \\angle CAB= дробь: чис­ли­тель: 1, зна­ме­на­тель: 4 конец дроби .\"> Из по­до­бия тре­уголь­ни­ков <i>AKC</i> и <i>AKB</i> по­лу­ча­ем, что <img src=\"https://ege.sdamgia.ru/formula/svg/41/411fd92c978bfa9d12f92d21aa8e38de.svg\" class=\"tex\" style=\"vertical-align:-1.8pt\" alt=\"AK:KC=BK:AK.\"> От­сю­да <img src=\"https://ege.sdamgia.ru/formula/svg/92/928baeba1d3b0fb3d5f5339ae5ff58ab.svg\" class=\"tex\" style=\"vertical-align:-3.0pt\" alt=\"AK=2,\"> и ко­эф­фи­ци­ент по­до­бия равен 2. </p><p class=\"left_margin\">За­ме­тим те­перь, что <img src=\"https://ege.sdamgia.ru/formula/svg/fe/fea64b3c7b2cb99152c9835ef0ef94b7.svg\" class=\"tex\" style=\"vertical-align:-1.8pt\" alt=\"\\angle AKC=180 в сте­пе­ни левая круг­лая скоб­ка \\circ пра­вая круг­лая скоб­ка минус \\angle BAC.\"> Зна­чит, <img src=\"https://ege.sdamgia.ru/formula/svg/1c/1c19da4fce3ef60c7d4d9bd9d09af76c.svg\" class=\"tex\" style=\"vertical-align:-8.5pt\" alt=\" ко­си­нус AKC= минус дробь: чис­ли­тель: ко­рень из: на­ча­ло ар­гу­мен­та: 15 конец ар­гу­мен­та , зна­ме­на­тель: 4 конец дроби . \"> За­пи­шем тео­ре­му ко­си­ну­сов для тре­уголь­ни­ка <i>AKC</i>: </p><p class=\"left_margin\"></p><center><p><img src=\"https://ege.sdamgia.ru/formula/svg/e5/e5860cab13bf91bb562b2389f50036e6.svg\" class=\"tex\" style=\"vertical-align:-8.4pt\" alt=\"AC в квад­ра­те =4 плюс 16 плюс 2 умно­жить на 4 умно­жить на 2 умно­жить на дробь: чис­ли­тель: ко­рень из: на­ча­ло ар­гу­мен­та: 15 конец ар­гу­мен­та , зна­ме­на­тель: 4 конец дроби =20 плюс 4 ко­рень из: на­ча­ло ар­гу­мен­та: 15 конец ар­гу­мен­та рав­но­силь­но AC=2 ко­рень из: на­ча­ло ар­гу­мен­та: 5 плюс ко­рень из: на­ча­ло ар­гу­мен­та: 15 конец ар­гу­мен­та конец ар­гу­мен­та . \"> </p><p class=\"left_margin\"></p></center><p> Далее, <img src=\"https://ege.sdamgia.ru/formula/svg/55/5565563b858f16b6173282c71e204196.svg\" class=\"tex\" style=\"vertical-align:-3.0pt\" alt=\"AB:AC=1:2,\">  тогда <img src=\"https://ege.sdamgia.ru/formula/svg/54/54a8b2a8722e500e0f71e7e302587869.svg\" class=\"tex\" style=\"vertical-align:-4.9pt\" alt=\"AB= ко­рень из: на­ча­ло ар­гу­мен­та: 5 плюс ко­рень из: на­ча­ло ар­гу­мен­та: 15 конец ар­гу­мен­та конец ар­гу­мен­та ,\"> от­ку­да на­хо­дим пло­щадь тре­уголь­ни­ка <i>ABC</i>: </p><p class=\"left_margin\"></p><center><p><img src=\"https://ege.sdamgia.ru/formula/svg/0a/0a1d696acd917346a5fd97d02b5d26f7.svg\" class=\"tex\" style=\"vertical-align:-8.5pt\" alt=\"S= дробь: чис­ли­тель: 1, зна­ме­на­тель: 2 конец дроби AB умно­жить на AC умно­жить на дробь: чис­ли­тель: 1, зна­ме­на­тель: 4 конец дроби = дробь: чис­ли­тель: 5 плюс ко­рень из: на­ча­ло ар­гу­мен­та: 15 конец ар­гу­мен­та , зна­ме­на­тель: 4 конец дроби . \"></p><p class=\"left_margin\"></p></center><p><span style=\"letter-spacing: 2px;\">Ответ:</span> <img src=\"https://ege.sdamgia.ru/formula/svg/a7/a71288373283af75b0abacb0d4385bd1.svg\" class=\"tex\" style=\"vertical-align:-8.5pt\" alt=\" дробь: чис­ли­тель: 5 плюс ко­рень из: на­ча­ло ар­гу­мен­та: 15 конец ар­гу­мен­та , зна­ме­на­тель: 4 конец дроби . \"></p></div>",
        "image_urls": [
            "https://ege.sdamgia.ru/formula/svg/2a/2a0ab95417925af74bcfe632c3be9db1.svg",
            "https://ege.sdamgia.ru/formula/svg/cf/cf4e8c845ffd3bb9c2661d281cc7a9d9.svg",
            "https://ege.sdamgia.ru/formula/svg/da/da506217d4f0940cd642ccb805d769f6.svg",
            "https://ege.sdamgia.ru/formula/svg/06/063d366072e4b314a4c8d4f2a5891d88.svg",
            "https://ege.sdamgia.ru/formula/svg/5e/5e2712977d240cb3718f6e8381318a8a.svg",
            "https://ege.sdamgia.ru/formula/svg/57/579e00b8fcb43bcbf280ec3f281222b4.svg",
            "https://ege.sdamgia.ru/formula/svg/41/411fd92c978bfa9d12f92d21aa8e38de.svg",
            "https://ege.sdamgia.ru/formula/svg/92/928baeba1d3b0fb3d5f5339ae5ff58ab.svg",
            "https://ege.sdamgia.ru/formula/svg/fe/fea64b3c7b2cb99152c9835ef0ef94b7.svg",
            "https://ege.sdamgia.ru/formula/svg/1c/1c19da4fce3ef60c7d4d9bd9d09af76c.svg",
            "https://ege.sdamgia.ru/formula/svg/e5/e5860cab13bf91bb562b2389f50036e6.svg",
            "https://ege.sdamgia.ru/formula/svg/55/5565563b858f16b6173282c71e204196.svg",
            "https://ege.sdamgia.ru/formula/svg/54/54a8b2a8722e500e0f71e7e302587869.svg",
            "https://ege.sdamgia.ru/formula/svg/0a/0a1d696acd917346a5fd97d02b5d26f7.svg",
            "https://ege.sdamgia.ru/formula/svg/a7/a71288373283af75b0abacb0d4385bd1.svg",
            "/get_file?id=148348"
        ]
    },
    "answer": "",
    "topic_id": 17,
    "analog_ids": []
}