{
    "gia_type": "ege",
    "subject": "math",
    "id": 561743,
    "condition": {
        "text": "В полуокружности с диаметром MN расположены две окружности с центрами O1 и O2, касающиеся друг друга, полуокружности и прямой MN (при этом точки касания c полуокружностью  — это соответственно A и B).а)  Докажите, что прямые O1A, O2B и MN пересекаются в одной точке.б)  Радиусы окружностей равны 2 и 5. Найдите радиус полуокружности.",
        "html": "<div align=\"justify\" width=\"100%\" id=\"body457907\" class=\"pbody\"><p class=\"left_margin\">В по­лу­окруж­но­сти с диа­мет­ром <i>MN</i> рас­по­ло­же­ны две окруж­но­сти с цен­тра­ми <i>O</i><sub>1</sub> и <i>O</i><sub>2</sub>, ка­са­ю­щи­е­ся друг друга, по­лу­окруж­но­сти и пря­мой <i>MN</i> (при этом точки ка­са­ния c по­лу­окруж­но­стью  — это со­от­вет­ствен­но <i>A</i> и <i>B</i>).</p><p class=\"left_margin\">а)  До­ка­жи­те, что пря­мые <i>O</i><sub>1</sub><i>A</i>, <i>O</i><sub>2</sub><i>B</i> и <i>MN</i> пе­ре­се­ка­ют­ся в одной точке.</p><p class=\"left_margin\">б)  Ра­ди­у­сы окруж­но­стей равны 2 и 5. Най­ди­те ра­ди­ус по­лу­окруж­но­сти.</p></div>",
        "image_urls": []
    },
    "solution": {
        "text": "Решение. а)  Заметим, что точка касания двух окружностей лежит на их линии центров. Пусть O  — середина диаметра MN, тогда A лежит на прямой OO1, точка B лежит на OO2. Значит, прямые AO1, BO2 и MN пересекаются в одной точке (точке O). Что и требовалось доказать.б)  Пусть С и D  — точки касания соответственно первой и второй окружностей с прямой MN. Тогда из прямоугольной трапеции СO1O2D получаем:  Обозначим искомый радиус R, тогда из треугольника O1CO получаем  Аналогично, Точки касания могут лежать по одну сторону от центра большей окружности или по разные стороны. В каждом из этих случаев  то есть  откуда:Ответ: б) ",
        "html": "<div align=\"justify\" width=\"100%\" id=\"sol561743\" class=\"solution\" style=\"clear:both;\" class=\"pbody\"><p class=\"left_margin\"></p><b>Ре­ше­ние<!--rule_info-->. </b><p class=\"left_margin\"><img src=\"/get_file?id=148350\" style=\"float:right;margin:10px;max-width:100%\"></p><p class=\"left_margin\">а)  За­ме­тим, что точка ка­са­ния двух окруж­но­стей лежит на их линии цен­тров. Пусть <i>O</i>  — се­ре­ди­на диа­мет­ра <i>MN</i>, тогда <i>A</i> лежит на пря­мой <i>OO</i><sub>1</sub>, точка <i>B</i> лежит на <i>OO</i><sub>2</sub>. Зна­чит, пря­мые <i>AO</i><sub>1</sub>, <i>BO</i><sub>2</sub> и <i>MN</i> пе­ре­се­ка­ют­ся в одной точке (точке <i>O</i>). Что и тре­бо­ва­лось до­ка­зать.</p><p class=\"left_margin\">б)  Пусть <i>С</i> и <i>D</i>  — точки ка­са­ния со­от­вет­ствен­но пер­вой и вто­рой окруж­но­стей с пря­мой <i>MN</i>. Тогда из пря­мо­уголь­ной тра­пе­ции <i>СO</i><sub>1</sub><i>O</i><sub>2</sub><i>D</i> по­лу­ча­ем: </p><p class=\"left_margin\"></p><center><p><img src=\"https://ege.sdamgia.ru/formula/svg/0a/0a0f611176c694f99e99527fc9b57be8.svg\" class=\"tex\" style=\"vertical-align:-3.6pt\" alt=\"CD в квад­ра­те = левая круг­лая скоб­ка 2 плюс 5 пра­вая круг­лая скоб­ка в квад­ра­те минус левая круг­лая скоб­ка 5 минус 2 пра­вая круг­лая скоб­ка в квад­ра­те =40.\"></p><p class=\"left_margin\"></p></center><p> Обо­зна­чим ис­ко­мый ра­ди­ус <i>R</i>, тогда из тре­уголь­ни­ка <i>O</i><sub>1</sub><i>CO</i> по­лу­ча­ем </p><p class=\"left_margin\"></p><center><p><img src=\"https://ege.sdamgia.ru/formula/svg/97/9737977d862f7342a84cbc20073f35e0.svg\" class=\"tex\" style=\"vertical-align:-3.6pt\" alt=\"CO в квад­ра­те = левая круг­лая скоб­ка R минус 2 пра­вая круг­лая скоб­ка в квад­ра­те минус 2 в квад­ра­те =R в квад­ра­те минус 4R.\"></p><p class=\"left_margin\"></p></center><p> Ана­ло­гич­но, </p><p class=\"left_margin\"></p><center><p><img src=\"https://ege.sdamgia.ru/formula/svg/50/500360e3c5a5a377fde87db6321b4f4b.svg\" class=\"tex\" style=\"vertical-align:-3.6pt\" alt=\"DO в квад­ра­те = левая круг­лая скоб­ка R минус 5 пра­вая круг­лая скоб­ка в квад­ра­те минус 5 в квад­ра­те =R в квад­ра­те минус 10R.\"></p><p class=\"left_margin\"></p></center><p class=\"left_margin\">Точки ка­са­ния могут ле­жать по одну сто­ро­ну от цен­тра боль­шей окруж­но­сти или по раз­ные сто­ро­ны. В каж­дом из этих слу­ча­ев <img src=\"https://ege.sdamgia.ru/formula/svg/28/288627ae320a514e79d6ad3042686b6d.svg\" class=\"tex\" style=\"vertical-align:-3.6pt\" alt=\"DO=|CO минус CD|,\"> то есть <img src=\"https://ege.sdamgia.ru/formula/svg/87/87c4495201b1c5418d7dbaf5af484329.svg\" class=\"tex\" style=\"vertical-align:-3.6pt\" alt=\"DO в квад­ра­те = левая круг­лая скоб­ка CO минус CD пра­вая круг­лая скоб­ка в квад­ра­те ,\"> от­ку­да:</p><p class=\"left_margin\"></p><center><p><img src=\"https://ege.sdamgia.ru/formula/svg/1c/1cdc009d8b99a1d5437e8801d8b278c2.svg\" class=\"tex\" style=\"vertical-align:-6.8pt\" alt=\"R в квад­ра­те минус 10R=R в квад­ра­те минус 4R минус 2 ко­рень из: на­ча­ло ар­гу­мен­та: 40 умно­жить на левая круг­лая скоб­ка R в квад­ра­те минус 4R пра­вая круг­лая скоб­ка конец ар­гу­мен­та плюс 40 рав­но­силь­но \"></p><p><img src=\"https://ege.sdamgia.ru/formula/svg/d7/d7150452c7d8ae2164944791dec4d822.svg\" class=\"tex\" style=\"vertical-align:-6.8pt\" alt=\" рав­но­силь­но ко­рень из: на­ча­ло ар­гу­мен­та: 40 умно­жить на левая круг­лая скоб­ка R в квад­ра­те минус 4R пра­вая круг­лая скоб­ка конец ар­гу­мен­та =3R плюс 20 рав­но­силь­но \"></p><p><img src=\"https://ege.sdamgia.ru/formula/svg/20/20f132d4f15267eccbbfadaee39119d3.svg\" class=\"tex\" style=\"vertical-align:-8.5pt\" alt=\" рав­но­силь­но 40R в квад­ра­те минус 160R=9R в квад­ра­те плюс 120R плюс 400 рав­но­силь­но R= дробь: чис­ли­тель: 140 плюс 80 ко­рень из: на­ча­ло ар­гу­мен­та: 5 конец ар­гу­мен­та , зна­ме­на­тель: 31 конец дроби . \"></p><p class=\"left_margin\"></p></center><p><span style=\"letter-spacing: 2px;\">Ответ:</span> б) <img src=\"https://ege.sdamgia.ru/formula/svg/cd/cde9ffb024ac994bfe68e281f9386e70.svg\" class=\"tex\" style=\"vertical-align:-8.5pt\" alt=\" дробь: чис­ли­тель: 140 плюс 80 ко­рень из: на­ча­ло ар­гу­мен­та: 5 конец ар­гу­мен­та , зна­ме­на­тель: 31 конец дроби . \"></p></div>",
        "image_urls": [
            "https://ege.sdamgia.ru/formula/svg/0a/0a0f611176c694f99e99527fc9b57be8.svg",
            "https://ege.sdamgia.ru/formula/svg/97/9737977d862f7342a84cbc20073f35e0.svg",
            "https://ege.sdamgia.ru/formula/svg/50/500360e3c5a5a377fde87db6321b4f4b.svg",
            "https://ege.sdamgia.ru/formula/svg/28/288627ae320a514e79d6ad3042686b6d.svg",
            "https://ege.sdamgia.ru/formula/svg/87/87c4495201b1c5418d7dbaf5af484329.svg",
            "https://ege.sdamgia.ru/formula/svg/1c/1cdc009d8b99a1d5437e8801d8b278c2.svg",
            "https://ege.sdamgia.ru/formula/svg/d7/d7150452c7d8ae2164944791dec4d822.svg",
            "https://ege.sdamgia.ru/formula/svg/20/20f132d4f15267eccbbfadaee39119d3.svg",
            "https://ege.sdamgia.ru/formula/svg/cd/cde9ffb024ac994bfe68e281f9386e70.svg",
            "/get_file?id=148350"
        ]
    },
    "answer": "б)",
    "topic_id": 17,
    "analog_ids": []
}