{
    "gia_type": "ege",
    "subject": "math",
    "id": 622674,
    "condition": {
        "text": "Четырехугольник  ABCD  вписан  в  окружность.  Диаметр  СС1  перпендикулярен стороне AD и пересекает ее в точке K, а диаметр DD1 перпендикулярен стороне АВ и пересекает ее в точке L. а)  Пусть АА1 тоже диаметр окружности. Докажите, что углы DLK и A1D1D равны.б)  Найдите углы четырехугольника ABCD, если  ",
        "html": "<div align=\"justify\" width=\"100%\" id=\"body519854\" class=\"pbody\"><p class=\"left_margin\">Че­ты­рех­уголь­ник  <i>ABCD</i>  впи­сан  в  окруж­ность.  Диа­метр  <i>СС</i><sub>1</sub>  пер­пен­ди­ку­ля­рен сто­ро­не <i>AD</i> и пе­ре­се­ка­ет ее в точке <i>K</i>, а диа­метр <i>DD</i><sub>1</sub> пер­пен­ди­ку­ля­рен сто­ро­не <i>АВ</i> и пе­ре­се­ка­ет ее в точке <i>L</i>. </p><p class=\"left_margin\">а)  Пусть <i>АА</i><sub>1</sub> тоже диа­метр окруж­но­сти. До­ка­жи­те, что углы <i>DLK</i> и <i>A</i><sub>1</sub><i>D</i><sub>1</sub><i>D</i> равны.</p><p class=\"left_margin\">б)  Най­ди­те углы че­ты­рех­уголь­ни­ка <i>ABCD</i>, если  <img src=\"https://ege.sdamgia.ru/formula/svg/05/05028eee6109f9427a05659c1efb401e.svg\" class=\"tex\" style=\"vertical-align:-1.8pt\" alt=\"\\angle ADB = 3 \\angle BDC.\"></p></div>",
        "image_urls": [
            "https://ege.sdamgia.ru/formula/svg/05/05028eee6109f9427a05659c1efb401e.svg"
        ]
    },
    "solution": {
        "text": "Решение. а)  Углы A1D1D и A1AD равны, так как они опираются на общую дугу A1D. Четырёхугольник ALOK  — вписанный, так как  значит,  что и требовалось доказать.б)  По условию,  следовательно, дуга  в три раза больше дуги  Пусть дуга  тогда  Далее, из симметрии относительно CC1 следует, что  Тогда для равных дуг получаем: откуда находим, что дуга  равна  Имеем:  тогдаОтвет: б) ",
        "html": "<div align=\"justify\" width=\"100%\" id=\"sol622674\" class=\"solution\" style=\"clear:both;\" class=\"pbody\"><p class=\"left_margin\"></p><b>Ре­ше­ние<!--rule_info-->. </b><p class=\"left_margin\"><img src=\"/get_file?id=148354\" style=\"float:right;margin:10px;max-width:100%\"></p><p class=\"left_margin\">а)  Углы <i>A</i><sub>1</sub><i>D</i><sub>1</sub><i>D</i> и <i>A</i><sub>1</sub><i>AD</i> равны, так как они опи­ра­ют­ся на общую дугу <i>A</i><sub>1</sub><i>D</i>. Четырёхуголь­ник <i>ALOK</i>  — впи­сан­ный, так как <img src=\"https://ege.sdamgia.ru/formula/svg/37/37d40caabdb84c5a85565b5d57d36c4c.svg\" class=\"tex\" style=\"vertical-align:-3.0pt\" alt=\"\\angle ALO плюс \\angle OKA=180 гра­ду­сов ,\"> зна­чит, </p><p class=\"left_margin\"></p><center><p><img src=\"https://ege.sdamgia.ru/formula/svg/d4/d4c1f26bbca66981cbba231892a19e19.svg\" class=\"tex\" style=\"vertical-align:-3.0pt\" alt=\"\\angle DLK=\\angle OLK=\\angle OAK=\\angle A_1AD=\\angle A_1D_1D,\"></p><p class=\"left_margin\"></p></center><p> что и тре­бо­ва­лось до­ка­зать.</p><p class=\"left_margin\">б)  По усло­вию, <img src=\"https://ege.sdamgia.ru/formula/svg/82/82c8bb87e1f1115b6eccf6a2cd823056.svg\" class=\"tex\" style=\"vertical-align:-3.0pt\" alt=\"\\angle ADB = 3 \\angle BDC,\"> сле­до­ва­тель­но, дуга <img src=\"https://ege.sdamgia.ru/formula/svg/f8/f82daceb48d23e1f7e4983a30bbf853b.svg\" class=\"tex\" style=\"vertical-align:-2.5pt\" alt=\"AD_1B\"> в три раза боль­ше дуги <img src=\"https://ege.sdamgia.ru/formula/svg/57/572c68da6e6ec57b718002ced4e3e312.svg\" class=\"tex\" style=\"vertical-align:-1.8pt\" alt=\"BC.\"> Пусть дуга <img src=\"https://ege.sdamgia.ru/formula/svg/f0/f0b4fea6548baf87dd7dc0588e2211f9.svg\" class=\"tex\" style=\"vertical-align:-3.0pt\" alt=\"\\overset\\smileBC=2 альфа ,\"> тогда <img src=\"https://ege.sdamgia.ru/formula/svg/e3/e3c4ffae337376e0a4c47fb45920fc7a.svg\" class=\"tex\" style=\"vertical-align:-2.5pt\" alt=\"\\overset\\smileAD_1=\\overset\\smileD_1B=3 альфа .\"> Далее, из сим­мет­рии от­но­си­тель­но <i>CC</i><sub>1</sub> сле­ду­ет, что <img src=\"https://ege.sdamgia.ru/formula/svg/e1/e10184e267e9758336539578df93b333.svg\" class=\"tex\" style=\"vertical-align:-1.8pt\" alt=\"\\overset\\smileAC=\\overset\\smileCD=8 альфа .\"> Тогда для рав­ных дуг по­лу­ча­ем:</p><p class=\"left_margin\"></p><center><p><img src=\"https://ege.sdamgia.ru/formula/svg/33/333276a0e3c4d099c491e6a0600a9a41.svg\" class=\"tex\" style=\"vertical-align:-3.0pt\" alt=\"D_1AD=D_1BD=3 альфа плюс 2 альфа плюс 8 альфа =13 альфа ,\"></p><p class=\"left_margin\"></p></center><p> от­ку­да на­хо­дим, что дуга <img src=\"https://ege.sdamgia.ru/formula/svg/5b/5b34d32c0b2afc6949c9c26b4297f808.svg\" class=\"tex\" style=\"vertical-align:-2.5pt\" alt=\"AC_1D\"> равна <img src=\"https://ege.sdamgia.ru/formula/svg/d0/d0520838ee3fac339bbb99704467d1a9.svg\" class=\"tex\" style=\"vertical-align:-1.8pt\" alt=\"10 альфа .\"> Имеем: <img src=\"https://ege.sdamgia.ru/formula/svg/c5/c53c66cd440fffa9c766750966bf1621.svg\" class=\"tex\" style=\"vertical-align:-8.4pt\" alt=\"26 альфа =360 гра­ду­сов рав­но­силь­но альфа = дробь: чис­ли­тель: 180 гра­ду­сов , зна­ме­на­тель: 13 конец дроби , \"> тогда</p><p class=\"left_margin\"></p><center><p><span data-width=\"640\" data-formulahash=\"428c9cd847174e4597b50f834dbea9a6\" class=\"tex-span\" style=\"\"><img src=\"https://ege.sdamgia.ru/formula/svg/42/428c9cd847174e4597b50f834dbea9a6.svg\" class=\"tex\" style=\"vertical-align:-8.5pt\" alt=\"\\angle A= дробь: чис­ли­тель: 1, зна­ме­на­тель: 2 конец дроби BCD= дробь: чис­ли­тель: 900 гра­ду­сов , зна­ме­на­тель: 13 конец дроби ,\\quad\\quad\\angle B= дробь: чис­ли­тель: 1, зна­ме­на­тель: 2 конец дроби ADC= дробь: чис­ли­тель: 1620 гра­ду­сов , зна­ме­на­тель: 13 конец дроби ,\\quad\\quad\\angle C= дробь: чис­ли­тель: 1, зна­ме­на­тель: 2 конец дроби BAD= дробь: чис­ли­тель: 1440 гра­ду­сов , зна­ме­на­тель: 13 конец дроби ,\\quad\\quad\\angle D= дробь: чис­ли­тель: 1, зна­ме­на­тель: 2 конец дроби ABC= дробь: чис­ли­тель: 720 гра­ду­сов , зна­ме­на­тель: 13 конец дроби . \"></span><span data-width=\"565\" data-formulahash=\"428c9cd847174e4597b50f834dbea9a6\" class=\"tex-span\" style=\"display:none\"><img src=\"https://ege.sdamgia.ru/formula/svg/52/5258b7c992ce7e560a1d88aba4cf1298.svg\" class=\"tex\" style=\"vertical-align:-8.4pt\" alt=\"\\angle A= дробь: чис­ли­тель: 1, зна­ме­на­тель: 2 конец дроби BCD= дробь: чис­ли­тель: 900 гра­ду­сов , зна­ме­на­тель: 13 конец дроби ,\\quad\\quad\\angle B= дробь: чис­ли­тель: 1, зна­ме­на­тель: 2 конец дроби ADC= дробь: чис­ли­тель: 1620 гра­ду­сов , зна­ме­на­тель: 13 конец дроби ,\\quad\\quad \"><br><img src=\"https://ege.sdamgia.ru/formula/svg/c7/c71ffce3e58eec928899169c0f4fe6e2.svg\" class=\"tex\" style=\"vertical-align:-8.4pt\" alt=\"\\quad\\angle C= дробь: чис­ли­тель: 1, зна­ме­на­тель: 2 конец дроби BAD= дробь: чис­ли­тель: 1440 гра­ду­сов , зна­ме­на­тель: 13 конец дроби ,\\quad\\quad\\angle D= дробь: чис­ли­тель: 1, зна­ме­на­тель: 2 конец дроби ABC= дробь: чис­ли­тель: 720 гра­ду­сов , зна­ме­на­тель: 13 конец дроби . \"></span></p><p class=\"left_margin\"></p></center><p><span style=\"letter-spacing: 2px;\">Ответ:</span> б) <img src=\"https://ege.sdamgia.ru/formula/svg/c1/c1f0243b04a177ddba3641436a635ddd.svg\" class=\"tex\" style=\"vertical-align:-8.4pt\" alt=\" дробь: чис­ли­тель: 900 гра­ду­сов , зна­ме­на­тель: 13 конец дроби , дробь: чис­ли­тель: 1620 гра­ду­сов , зна­ме­на­тель: 13 конец дроби , дробь: чис­ли­тель: 1440 гра­ду­сов , зна­ме­на­тель: 13 конец дроби , дробь: чис­ли­тель: 720 гра­ду­сов , зна­ме­на­тель: 13 конец дроби . \"></p></div>",
        "image_urls": [
            "https://ege.sdamgia.ru/formula/svg/37/37d40caabdb84c5a85565b5d57d36c4c.svg",
            "https://ege.sdamgia.ru/formula/svg/d4/d4c1f26bbca66981cbba231892a19e19.svg",
            "https://ege.sdamgia.ru/formula/svg/82/82c8bb87e1f1115b6eccf6a2cd823056.svg",
            "https://ege.sdamgia.ru/formula/svg/f8/f82daceb48d23e1f7e4983a30bbf853b.svg",
            "https://ege.sdamgia.ru/formula/svg/57/572c68da6e6ec57b718002ced4e3e312.svg",
            "https://ege.sdamgia.ru/formula/svg/f0/f0b4fea6548baf87dd7dc0588e2211f9.svg",
            "https://ege.sdamgia.ru/formula/svg/e3/e3c4ffae337376e0a4c47fb45920fc7a.svg",
            "https://ege.sdamgia.ru/formula/svg/e1/e10184e267e9758336539578df93b333.svg",
            "https://ege.sdamgia.ru/formula/svg/33/333276a0e3c4d099c491e6a0600a9a41.svg",
            "https://ege.sdamgia.ru/formula/svg/5b/5b34d32c0b2afc6949c9c26b4297f808.svg",
            "https://ege.sdamgia.ru/formula/svg/d0/d0520838ee3fac339bbb99704467d1a9.svg",
            "https://ege.sdamgia.ru/formula/svg/c5/c53c66cd440fffa9c766750966bf1621.svg",
            "https://ege.sdamgia.ru/formula/svg/42/428c9cd847174e4597b50f834dbea9a6.svg",
            "https://ege.sdamgia.ru/formula/svg/52/5258b7c992ce7e560a1d88aba4cf1298.svg",
            "https://ege.sdamgia.ru/formula/svg/c7/c71ffce3e58eec928899169c0f4fe6e2.svg",
            "https://ege.sdamgia.ru/formula/svg/c1/c1f0243b04a177ddba3641436a635ddd.svg",
            "/get_file?id=148354"
        ]
    },
    "answer": "б)",
    "topic_id": 17,
    "analog_ids": []
}