{
    "gia_type": "ege",
    "subject": "math",
    "id": 626820,
    "condition": {
        "text": "Окружность ω1  касается  стороны  AC  и  продолжений  сторон  AB  и  BC треугольника  ABC  за  точки  A  и  C  соответственно, M  — точка ее  касания  с  прямой  BC. Окружность ω2  касается  стороны  AB  и  продолжений  сторон  AC  и  BC  за  точки  A  и B соответственно, N  — точка ее касания с прямой BC. а)  Докажите, что СМ  =  BN.б)   Найдите  расстояние  между  центрами  окружностей ω1 и ω2, если   BC  =  5.",
        "html": "<div align=\"justify\" width=\"100%\" id=\"body523896\" class=\"pbody\"><p class=\"left_margin\">Окруж­ность <i>ω</i><sub>1</sub>  ка­са­ет­ся  сто­ро­ны  <i>AC</i>  и  про­дол­же­ний  сто­рон  <i>AB</i>  и  <i>BC</i> тре­уголь­ни­ка  <i>ABC</i>  за  точки  <i>A</i>  и  <i>C</i>  со­от­вет­ствен­но, <i>M</i>  — точка ее  ка­са­ния  с  пря­мой  <i>BC</i>. Окруж­ность <i>ω</i><sub>2</sub>  ка­са­ет­ся  сто­ро­ны  <i>AB</i>  и  про­дол­же­ний  сто­рон  <i>AC</i>  и  <i>BC</i>  за  точки  <i>A</i>  и <i>B</i> со­от­вет­ствен­но, <i>N</i>  — точка ее ка­са­ния с пря­мой <i>BC</i>. </p><p class=\"left_margin\">а)  До­ка­жи­те, что <i>СМ</i>  =  <i>BN</i>.</p><p class=\"left_margin\">б)   Най­ди­те  рас­сто­я­ние  между  цен­тра­ми  окруж­но­стей <i>ω</i><sub>1</sub> и <i>ω</i><sub>2</sub>, если <img src=\"https://ege.sdamgia.ru/formula/svg/4f/4f02e65f71544ab92473b0413da37f87.svg\" class=\"tex\" style=\"vertical-align:-3.0pt\" alt=\"AC= ко­рень из: на­ча­ло ар­гу­мен­та: 11 конец ар­гу­мен­та ,\"> <img src=\"https://ege.sdamgia.ru/formula/svg/44/444974eec64ecb28e3e4361ed59020ad.svg\" class=\"tex\" style=\"vertical-align:-3.0pt\" alt=\"AB= ко­рень из: на­ча­ло ар­гу­мен­та: 14 конец ар­гу­мен­та ,\"> <i>BC</i>  =  5.</p></div>",
        "image_urls": [
            "https://ege.sdamgia.ru/formula/svg/4f/4f02e65f71544ab92473b0413da37f87.svg",
            "https://ege.sdamgia.ru/formula/svg/44/444974eec64ecb28e3e4361ed59020ad.svg"
        ]
    },
    "solution": {
        "text": "Решение. а)  Введем обозначения, как показано на рисунке; O1 и O2  — центры окружностей. Заметим, что по свойству отрезков касательных, проведенных к окружности из одной точки, верны равенства: BN  =  BI, JA  =  IA, CN  =  CJ. Из этих трех равенств получаем, что отрезок CN равен полупериметру треугольника ABC. Аналогично из равенства отрезков AK и AF, CF и CN, BK и BM, получаем, что отрезок BM равен полупериметру треугольника ABC. Тогда  Что и требовалось доказать.б)  Из условия следует, что  поэтому угол BAC прямой. Тогда треугольники O2IA и O1KA равнобедренные прямоугольные. Отсюда Ответ: ",
        "html": "<div align=\"justify\" width=\"100%\" id=\"sol626820\" class=\"solution\" style=\"clear:both;\" class=\"pbody\"><p class=\"left_margin\"></p><b>Ре­ше­ние<!--rule_info-->. </b><p class=\"left_margin\"><img src=\"/get_file?id=148355\" style=\"float:right;margin:10px;max-width:100%\"></p><p class=\"left_margin\">а)  Вве­дем обо­зна­че­ния, как по­ка­за­но на ри­сун­ке; <i>O</i><sub>1</sub> и <i>O</i><sub>2</sub>  — цен­тры окруж­но­стей. За­ме­тим, что по свой­ству от­рез­ков ка­са­тель­ных, про­ве­ден­ных к окруж­но­сти из одной точки, верны ра­вен­ства: <i>BN</i>  =  <i>BI</i>, <i>JA</i>  =  <i>IA</i>, <i>CN</i>  =  <i>CJ</i>. Из этих трех ра­венств по­лу­ча­ем, что от­ре­зок <i>CN</i> равен по­лу­пе­ри­мет­ру тре­уголь­ни­ка <i>ABC</i>. </p><p class=\"left_margin\">Ана­ло­гич­но из ра­вен­ства от­рез­ков <i>AK</i> и <i>AF</i>, <i>CF</i> и <i>CN</i>, <i>BK</i> и <i>BM</i>, по­лу­ча­ем, что от­ре­зок <i>BM</i> равен по­лу­пе­ри­мет­ру тре­уголь­ни­ка <i>ABC</i>. </p><p class=\"left_margin\">Тогда <img src=\"https://ege.sdamgia.ru/formula/svg/bf/bfc28ad4820fbf9ea7adb415e7192d8f.svg\" class=\"tex\" style=\"vertical-align:-1.8pt\" alt=\"BN=CN минус BC=BM минус BC=CM.\"> Что и тре­бо­ва­лось до­ка­зать.</p><p class=\"left_margin\">б)  Из усло­вия сле­ду­ет, что <img src=\"https://ege.sdamgia.ru/formula/svg/03/037ca0dc73d47454f549acf0ddff2069.svg\" class=\"tex\" style=\"vertical-align:-3.0pt\" alt=\"AB в квад­ра­те плюс AC в квад­ра­те =BC в квад­ра­те ,\"> по­это­му угол <i>BAC</i> пря­мой. Тогда тре­уголь­ни­ки <i>O</i><sub>2</sub><i>IA</i> и <i>O</i><sub>1</sub><i>KA</i> рав­но­бед­рен­ные пря­мо­уголь­ные. От­сю­да </p><p class=\"left_margin\"></p><center><p><span data-width=\"640\" data-formulahash=\"6d19a8cc91f20e33fb9877d82956d711\" class=\"tex-span\" style=\"\"><img src=\"https://ege.sdamgia.ru/formula/svg/6d/6d19a8cc91f20e33fb9877d82956d711.svg\" class=\"tex\" style=\"vertical-align:-3.5pt\" alt=\"O_1O_2= ко­рень из: на­ча­ло ар­гу­мен­та: 2 конец ар­гу­мен­та IK= ко­рень из: на­ча­ло ар­гу­мен­та: 2 конец ар­гу­мен­та левая круг­лая скоб­ка BK минус BI пра­вая круг­лая скоб­ка = ко­рень из: на­ча­ло ар­гу­мен­та: 2 конец ар­гу­мен­та левая круг­лая скоб­ка BM минус BN пра­вая круг­лая скоб­ка = ко­рень из: на­ча­ло ар­гу­мен­та: 2 конец ар­гу­мен­та левая круг­лая скоб­ка BM минус CM пра­вая круг­лая скоб­ка = ко­рень из: на­ча­ло ар­гу­мен­та: 2 конец ар­гу­мен­та BC.\"></span><span data-width=\"515\" data-formulahash=\"6d19a8cc91f20e33fb9877d82956d711\" class=\"tex-span\" style=\"display:none\"><img src=\"https://ege.sdamgia.ru/formula/svg/f2/f2c76cf0ed7bd72cdd2c1f1726d1e481.svg\" class=\"tex\" style=\"vertical-align:-3.6pt\" alt=\"O_1O_2= ко­рень из: на­ча­ло ар­гу­мен­та: 2 конец ар­гу­мен­та IK= ко­рень из: на­ча­ло ар­гу­мен­та: 2 конец ар­гу­мен­та левая круг­лая скоб­ка BK минус BI пра­вая круг­лая скоб­ка =\"><br><img src=\"https://ege.sdamgia.ru/formula/svg/07/07371f3a783ca4c376a460f84e4c938a.svg\" class=\"tex\" style=\"vertical-align:-3.6pt\" alt=\"= ко­рень из: на­ча­ло ар­гу­мен­та: 2 конец ар­гу­мен­та левая круг­лая скоб­ка BM минус BN пра­вая круг­лая скоб­ка = ко­рень из: на­ча­ло ар­гу­мен­та: 2 конец ар­гу­мен­та левая круг­лая скоб­ка BM минус CM пра­вая круг­лая скоб­ка = ко­рень из: на­ча­ло ар­гу­мен­та: 2 конец ар­гу­мен­та BC.\"></span></p><p class=\"left_margin\"></p></center><p><span style=\"letter-spacing: 2px;\">Ответ:</span> <img src=\"https://ege.sdamgia.ru/formula/svg/b7/b79f74a3e2ff1d37aecfd732fe04b15d.svg\" class=\"tex\" style=\"vertical-align:-1.8pt\" alt=\"5 ко­рень из: на­ча­ло ар­гу­мен­та: 2 конец ар­гу­мен­та .\"></p></div>",
        "image_urls": [
            "https://ege.sdamgia.ru/formula/svg/bf/bfc28ad4820fbf9ea7adb415e7192d8f.svg",
            "https://ege.sdamgia.ru/formula/svg/03/037ca0dc73d47454f549acf0ddff2069.svg",
            "https://ege.sdamgia.ru/formula/svg/6d/6d19a8cc91f20e33fb9877d82956d711.svg",
            "https://ege.sdamgia.ru/formula/svg/f2/f2c76cf0ed7bd72cdd2c1f1726d1e481.svg",
            "https://ege.sdamgia.ru/formula/svg/07/07371f3a783ca4c376a460f84e4c938a.svg",
            "https://ege.sdamgia.ru/formula/svg/b7/b79f74a3e2ff1d37aecfd732fe04b15d.svg",
            "/get_file?id=148355"
        ]
    },
    "answer": "",
    "topic_id": 17,
    "analog_ids": []
}