{
    "gia_type": "ege",
    "subject": "math",
    "id": 627641,
    "condition": {
        "text": "В  треугольнике  ABC  точка  D  лежит  на  стороне  BC.  В  треугольники  ABD  и  ACD вписаны окружности, и к ним проведена общая внешняя касательная (отличная от BC), пересекающая AD в точке K. а)  Докажите, что длина отрезка AK не зависит от положения точки D на BC.б)  Найдите  длину  отрезка  AK,  если  периметр  треугольника  ABC  равен  30,  а  длина стороны BC равна 10.",
        "html": "<div align=\"justify\" width=\"100%\" id=\"body523589\" class=\"pbody\"><p class=\"left_margin\">В  тре­уголь­ни­ке  <i>ABC</i>  точка  <i>D</i>  лежит  на  сто­ро­не  <i>BC</i>.  В  тре­уголь­ни­ки  <i>ABD</i>  и  <i>ACD</i> впи­са­ны окруж­но­сти, и к ним про­ве­де­на общая внеш­няя ка­са­тель­ная (от­лич­ная от <i>BC</i>), пе­ре­се­ка­ю­щая <i>AD</i> в точке <i>K</i>. </p><p class=\"left_margin\">а)  До­ка­жи­те, что длина от­рез­ка <i>AK</i> не за­ви­сит от по­ло­же­ния точки <i>D</i> на <i>BC</i>.</p><p class=\"left_margin\">б)  Най­ди­те  длину  от­рез­ка  <i>AK</i>,  если  пе­ри­метр  тре­уголь­ни­ка  <i>ABC</i>  равен  30,  а  длина сто­ро­ны <i>BC</i> равна 10.</p></div>",
        "image_urls": []
    },
    "solution": {
        "text": "Решение. а)  Обозначим точки касания окружностей с прямыми, как показано на рисунке. Имеем: отсюда следовательно, KX  =  YD, KD  =  PQ. Тогда: где p  — полупериметр. Что и требовалось доказать.б)  Из п. а) получаем:Ответ: б) 5.",
        "html": "<div align=\"justify\" width=\"100%\" id=\"sol627641\" class=\"solution\" style=\"clear:both;\" class=\"pbody\"><p class=\"left_margin\"></p><b>Ре­ше­ние<!--rule_info-->. </b><p class=\"left_margin\"><img src=\"/get_file?id=148356\" style=\"float:right;margin:10px;max-width:100%\"></p><p class=\"left_margin\">а)  Обо­зна­чим точки ка­са­ния окруж­но­стей с пря­мы­ми, как по­ка­за­но на ри­сун­ке. Имеем:</p><p class=\"left_margin\"></p><center><p><img src=\"https://ege.sdamgia.ru/formula/svg/b0/b0f63863d8a790bd9569e7066cd08b15.svg\" class=\"tex\" style=\"vertical-align:-3.0pt\" alt=\"KR=KX,\\quad\\quad KY=KS,\\quad\\quad XD=DP,\\quad\\quad DY=DQ,\\quad\\quad RS=PQ,\"></p><p class=\"left_margin\"></p></center><p> от­сю­да</p><p class=\"left_margin\"></p><center><p><img src=\"https://ege.sdamgia.ru/formula/svg/7e/7e9af0de8769386385ab3e224694741b.svg\" class=\"tex\" style=\"vertical-align:-3.0pt\" alt=\"PQ=XY плюс YD плюс DQ=XY плюс XK плюс KR=RS,\"></p><p class=\"left_margin\"></p></center><p> сле­до­ва­тель­но, <i>KX</i>  =  <i>YD</i>, <i>KD</i>  =  <i>PQ</i>. Тогда:</p><p class=\"left_margin\"></p><center><p><img src=\"https://ege.sdamgia.ru/formula/svg/eb/ebf606a64ce82413c8d8b3be8ae56760.svg\" class=\"tex\" style=\"vertical-align:-3.6pt\" alt=\"AK=AD минус KD=AD минус PQ=AD минус левая круг­лая скоб­ка p_ABD минус AB пра­вая круг­лая скоб­ка минус левая круг­лая скоб­ка p_ADC минус AC пра­вая круг­лая скоб­ка =\"></p><p><span data-width=\"640\" data-formulahash=\"19d09d53b8ab54403841dbfe03acb696\" class=\"tex-span\" style=\"\"><img src=\"https://ege.sdamgia.ru/formula/svg/19/19d09d53b8ab54403841dbfe03acb696.svg\" class=\"tex\" style=\"vertical-align:-8.4pt\" alt=\"=AD плюс AB плюс AC минус дробь: чис­ли­тель: AB плюс AD плюс BD плюс AD плюс DC плюс AC, зна­ме­на­тель: 2 конец дроби = дробь: чис­ли­тель: AB плюс AC минус BC, зна­ме­на­тель: 2 конец дроби =p_ABC минус BC, \"></span><span data-width=\"515\" data-formulahash=\"19d09d53b8ab54403841dbfe03acb696\" class=\"tex-span\" style=\"display:none\"><img src=\"https://ege.sdamgia.ru/formula/svg/d6/d6e613e67ae70b350dbc2c25b6685731.svg\" class=\"tex\" style=\"vertical-align:-8.3pt\" alt=\"=AD плюс AB плюс AC минус дробь: чис­ли­тель: AB плюс AD плюс BD плюс AD плюс DC плюс AC, зна­ме­на­тель: 2 конец дроби = \"><br><img src=\"https://ege.sdamgia.ru/formula/svg/77/77544008f9d37fb4373bd3815cc13ce3.svg\" class=\"tex\" style=\"vertical-align:-8.3pt\" alt=\"= дробь: чис­ли­тель: AB плюс AC минус BC, зна­ме­на­тель: 2 конец дроби =p_ABC минус BC, \"></span></p><p class=\"left_margin\"></p></center><p> где <i>p</i>  — по­лу­пе­ри­метр. Что и тре­бо­ва­лось до­ка­зать.</p><p class=\"left_margin\">б)  Из п. а) по­лу­ча­ем:</p><p class=\"left_margin\"></p><center><p><img src=\"https://ege.sdamgia.ru/formula/svg/0e/0e8fb37bc30a64e1bb80497cd7780507.svg\" class=\"tex\" style=\"vertical-align:-3.0pt\" alt=\"AK=p_ABC минус BC=15 минус 10=5.\"></p><p class=\"left_margin\"></p></center><p><span style=\"letter-spacing: 2px;\">Ответ:</span> б) 5.</p></div>",
        "image_urls": [
            "https://ege.sdamgia.ru/formula/svg/b0/b0f63863d8a790bd9569e7066cd08b15.svg",
            "https://ege.sdamgia.ru/formula/svg/7e/7e9af0de8769386385ab3e224694741b.svg",
            "https://ege.sdamgia.ru/formula/svg/eb/ebf606a64ce82413c8d8b3be8ae56760.svg",
            "https://ege.sdamgia.ru/formula/svg/19/19d09d53b8ab54403841dbfe03acb696.svg",
            "https://ege.sdamgia.ru/formula/svg/d6/d6e613e67ae70b350dbc2c25b6685731.svg",
            "https://ege.sdamgia.ru/formula/svg/77/77544008f9d37fb4373bd3815cc13ce3.svg",
            "https://ege.sdamgia.ru/formula/svg/0e/0e8fb37bc30a64e1bb80497cd7780507.svg",
            "/get_file?id=148356"
        ]
    },
    "answer": "б) 5.",
    "topic_id": 17,
    "analog_ids": []
}