{
    "gia_type": "ege",
    "subject": "math",
    "id": 628393,
    "condition": {
        "text": "В прямоугольнике ABCD, в котором  a AB  =  6, расположены две окружности. Окружность с центром в точке K, радиус которой равен 2, касается сторон AB и АD. Окружность с центром в точке L, радиус которой равен 1, касается стороны CD и первой окружности. а)  Докажите, что точки A, K и L лежат на одной прямой.б)  Найдите  площадь  треугольника  CLM,  если  M  — основание  перпендикуляра, опущенного из вершины B на прямую, проходящую через точки K и L.",
        "html": "<div align=\"justify\" width=\"100%\" id=\"body522325\" class=\"pbody\"><p class=\"left_margin\">В пря­мо­уголь­ни­ке <i>ABCD</i>, в ко­то­ром <img src=\"https://ege.sdamgia.ru/formula/svg/50/503b6e5f979c03bec5d6318b5f3cdcfd.svg\" class=\"tex\" style=\"vertical-align:-8.5pt\" alt=\"AD=3 плюс дробь: чис­ли­тель: 3 ко­рень из: на­ча­ло ар­гу­мен­та: 2 конец ар­гу­мен­та , зна­ме­на­тель: 2 конец дроби , \"> a <i>AB</i>  =  6, рас­по­ло­же­ны две окруж­но­сти. Окруж­ность с цен­тром в точке <i>K</i>, ра­ди­ус ко­то­рой равен 2, ка­са­ет­ся сто­рон <i>AB</i> и <i>АD</i>. Окруж­ность с цен­тром в точке <i>L</i>, ра­ди­ус ко­то­рой равен 1, ка­са­ет­ся сто­ро­ны <i>CD</i> и пер­вой окруж­но­сти. </p><p class=\"left_margin\">а)  До­ка­жи­те, что точки <i>A</i>, <i>K</i> и <i>L</i> лежат на одной пря­мой.</p><p class=\"left_margin\">б)  Най­ди­те  пло­щадь  тре­уголь­ни­ка  <i>CLM</i>,  если  <i>M</i>  — ос­но­ва­ние  пер­пен­ди­ку­ля­ра, опу­щен­но­го из вер­ши­ны <i>B</i> на пря­мую, про­хо­дя­щую через точки <i>K</i> и <i>L</i>.</p></div>",
        "image_urls": [
            "https://ege.sdamgia.ru/formula/svg/50/503b6e5f979c03bec5d6318b5f3cdcfd.svg"
        ]
    },
    "solution": {
        "text": "Решение. а)  Пусть P и N  — проекции точек K и L на сторону CD. Тогда  KL  =  3, LN  =  1. По теореме Пифагора из прямоугольной трапеции PKLN получим:  поэтому прямая KL составляет с прямой CD угол 45°. Прямая AK является биссектрисой угла DAB, поэтому тоже составляет с прямой CD угол 45°. Отсюда следует, что точки A, K, L лежат на одной прямой. Что и требовалось доказать.б)  Заметим, что  поэтому BAM равнобедренный прямоугольный треугольник,  Так как  то  Пусть T  — проекция точки C на прямую BM. Тогда высота треугольника CLM, проведенная к ML равна TM. Заметим, что  Тогда площадь треугольника CLM равна Ответ: б) ",
        "html": "<div align=\"justify\" width=\"100%\" id=\"sol628393\" class=\"solution\" style=\"clear:both;\" class=\"pbody\"><p class=\"left_margin\"></p><b>Ре­ше­ние<!--rule_info-->. </b><p class=\"left_margin\"><img src=\"/get_file?id=148357\" style=\"float:right;margin:10px;max-width:100%\"></p><p class=\"left_margin\">а)  Пусть <i>P</i> и <i>N</i>  — про­ек­ции точек <i>K</i> и <i>L</i> на сто­ро­ну <i>CD</i>. Тогда <img src=\"https://ege.sdamgia.ru/formula/svg/96/96507690fe4da4605ca2425979718f11.svg\" class=\"tex\" style=\"vertical-align:-8.5pt\" alt=\"PK=3 дробь: чис­ли­тель: ко­рень из: на­ча­ло ар­гу­мен­та: 2 конец ар­гу­мен­та , зна­ме­на­тель: 2 конец дроби плюс 1, \"> <i>KL</i>  =  3, <i>LN</i>  =  1. По тео­ре­ме Пи­фа­го­ра из пря­мо­уголь­ной тра­пе­ции <i>PKLN</i> по­лу­чим: </p><p class=\"left_margin\"></p><center><p><img src=\"https://ege.sdamgia.ru/formula/svg/6a/6aedd79be86ec8a31960957c93ae9335.svg\" class=\"tex\" style=\"vertical-align:-14.4pt\" alt=\"PN в квад­ра­те =3 в квад­ра­те минус левая круг­лая скоб­ка 3 дробь: чис­ли­тель: ко­рень из: на­ча­ло ар­гу­мен­та: 2 конец ар­гу­мен­та , зна­ме­на­тель: 2 конец дроби пра­вая круг­лая скоб­ка в квад­ра­те = левая круг­лая скоб­ка 3 дробь: чис­ли­тель: ко­рень из: на­ча­ло ар­гу­мен­та: 2 конец ар­гу­мен­та , зна­ме­на­тель: 2 конец дроби пра­вая круг­лая скоб­ка в квад­ра­те , \"></p><p class=\"left_margin\"></p></center><p> по­это­му пря­мая <i>KL</i> со­став­ля­ет с пря­мой <i>CD</i> угол 45°. Пря­мая <i>AK</i> яв­ля­ет­ся бис­сек­три­сой угла <i>DAB</i>, по­это­му тоже со­став­ля­ет с пря­мой <i>CD</i> угол 45°. От­сю­да сле­ду­ет, что точки <i>A</i>, <i>K</i>, <i>L</i> лежат на одной пря­мой. Что и тре­бо­ва­лось до­ка­зать.</p><p class=\"left_margin\">б)  За­ме­тим, что <img src=\"https://ege.sdamgia.ru/formula/svg/4e/4e1247e36319ac3deb6b096d2fc4cd09.svg\" class=\"tex\" style=\"vertical-align:-3.0pt\" alt=\"\\angle BAM=45 в сте­пе­ни левая круг­лая скоб­ка \\circ пра­вая круг­лая скоб­ка ,\"> по­это­му <i>BAM</i> рав­но­бед­рен­ный пря­мо­уголь­ный тре­уголь­ник, <img src=\"https://ege.sdamgia.ru/formula/svg/e6/e6f27f09deb560e59ec3e97abfe9d73e.svg\" class=\"tex\" style=\"vertical-align:-10.9pt\" alt=\"AM=MB= дробь: чис­ли­тель: AB, зна­ме­на­тель: ко­рень из: на­ча­ло ар­гу­мен­та: 2 конец ар­гу­мен­та конец дроби =3 ко­рень из: на­ча­ло ар­гу­мен­та: 2 конец ар­гу­мен­та . \"> Так как <img src=\"https://ege.sdamgia.ru/formula/svg/12/12d03162dcdb98f414171aea6c35162f.svg\" class=\"tex\" style=\"vertical-align:-3.0pt\" alt=\"AK=2 ко­рень из: на­ча­ло ар­гу­мен­та: 2 конец ар­гу­мен­та ,\"> то <img src=\"https://ege.sdamgia.ru/formula/svg/88/88b6681eac6eaabe8a67712e56b480e6.svg\" class=\"tex\" style=\"vertical-align:-1.8pt\" alt=\"ML=KL минус KM=3 минус ко­рень из: на­ча­ло ар­гу­мен­та: 2 конец ар­гу­мен­та .\"> Пусть <i>T</i>  — про­ек­ция точки <i>C</i> на пря­мую <i>BM</i>. Тогда вы­со­та тре­уголь­ни­ка <i>CLM</i>, про­ве­ден­ная к <i>ML</i> равна <i>TM</i>. За­ме­тим, что </p><p class=\"left_margin\"></p><center><p><img src=\"https://ege.sdamgia.ru/formula/svg/fa/fa86e73a90cd01a016f16642417110a4.svg\" class=\"tex\" style=\"vertical-align:-14.4pt\" alt=\"TM=BM минус BT=3 ко­рень из: на­ча­ло ар­гу­мен­та: 2 конец ар­гу­мен­та минус левая круг­лая скоб­ка 3 плюс дробь: чис­ли­тель: 3 ко­рень из: на­ча­ло ар­гу­мен­та: 2 конец ар­гу­мен­та , зна­ме­на­тель: 2 конец дроби пра­вая круг­лая скоб­ка умно­жить на дробь: чис­ли­тель: ко­рень из: на­ча­ло ар­гу­мен­та: 2 конец ар­гу­мен­та , зна­ме­на­тель: 2 конец дроби = дробь: чис­ли­тель: 3 ко­рень из: на­ча­ло ар­гу­мен­та: 2 конец ар­гу­мен­та минус 3, зна­ме­на­тель: 2 конец дроби . \"></p><p class=\"left_margin\"></p></center><p> Тогда пло­щадь тре­уголь­ни­ка <i>CLM</i> равна </p><p class=\"left_margin\"></p><center><p><img src=\"https://ege.sdamgia.ru/formula/svg/df/df603d508b409518b94244d626b6f8bb.svg\" class=\"tex\" style=\"vertical-align:-8.5pt\" alt=\" дробь: чис­ли­тель: 1, зна­ме­на­тель: 2 конец дроби умно­жить на TM умно­жить на ML= дробь: чис­ли­тель: 1, зна­ме­на­тель: 2 конец дроби умно­жить на дробь: чис­ли­тель: 3 ко­рень из: на­ча­ло ар­гу­мен­та: 2 конец ар­гу­мен­та минус 3, зна­ме­на­тель: 2 конец дроби умно­жить на левая круг­лая скоб­ка 3 минус ко­рень из: на­ча­ло ар­гу­мен­та: 2 конец ар­гу­мен­та пра­вая круг­лая скоб­ка = дробь: чис­ли­тель: 12 ко­рень из: на­ча­ло ар­гу­мен­та: 2 конец ар­гу­мен­та минус 15, зна­ме­на­тель: 4 конец дроби . \"></p><p class=\"left_margin\"></p></center><p><span style=\"letter-spacing: 2px;\">Ответ:</span> б) <img src=\"https://ege.sdamgia.ru/formula/svg/23/23e54013a3bedf53126ffb777858d282.svg\" class=\"tex\" style=\"vertical-align:-8.5pt\" alt=\" дробь: чис­ли­тель: 12 ко­рень из: на­ча­ло ар­гу­мен­та: 2 конец ар­гу­мен­та минус 15, зна­ме­на­тель: 4 конец дроби . \"></p></div>",
        "image_urls": [
            "https://ege.sdamgia.ru/formula/svg/96/96507690fe4da4605ca2425979718f11.svg",
            "https://ege.sdamgia.ru/formula/svg/6a/6aedd79be86ec8a31960957c93ae9335.svg",
            "https://ege.sdamgia.ru/formula/svg/4e/4e1247e36319ac3deb6b096d2fc4cd09.svg",
            "https://ege.sdamgia.ru/formula/svg/e6/e6f27f09deb560e59ec3e97abfe9d73e.svg",
            "https://ege.sdamgia.ru/formula/svg/12/12d03162dcdb98f414171aea6c35162f.svg",
            "https://ege.sdamgia.ru/formula/svg/88/88b6681eac6eaabe8a67712e56b480e6.svg",
            "https://ege.sdamgia.ru/formula/svg/fa/fa86e73a90cd01a016f16642417110a4.svg",
            "https://ege.sdamgia.ru/formula/svg/df/df603d508b409518b94244d626b6f8bb.svg",
            "https://ege.sdamgia.ru/formula/svg/23/23e54013a3bedf53126ffb777858d282.svg",
            "/get_file?id=148357"
        ]
    },
    "answer": "б)",
    "topic_id": 17,
    "analog_ids": []
}