{
    "gia_type": "ege",
    "subject": "math",
    "id": 628753,
    "condition": {
        "text": "Из вершины тупого угла C треугольника ABC проведена высота CH. Окружность с центром H и радиусом HC второй раз пересекает стороны AC и BC в точках M и N соответственно, а прямая CH  — эту окружность в точке D.а)  Докажите, что угол MDN равен сумме углов A и B треугольника ABC.б)  Найдите отношение MN к AB, если известно, что  и ",
        "html": "<div align=\"justify\" width=\"100%\" id=\"body521965\" class=\"pbody\"><p class=\"left_margin\">Из вер­ши­ны ту­по­го угла <i>C</i> тре­уголь­ни­ка <i>ABC</i> про­ве­де­на вы­со­та <i>CH</i>. Окруж­ность с цен­тром <i>H</i> и ра­ди­у­сом <i>HC</i> вто­рой раз пе­ре­се­ка­ет сто­ро­ны <i>AC</i> и <i>BC</i> в точ­ках <i>M</i> и <i>N</i> со­от­вет­ствен­но, а пря­мая <i>CH</i>  — эту окруж­ность в точке <i>D</i>.</p><p class=\"left_margin\">а)  До­ка­жи­те, что угол <i>MDN</i> равен сумме углов <i>A</i> и <i>B</i> тре­уголь­ни­ка <i>ABC</i>.</p><p class=\"left_margin\">б)  Най­ди­те от­но­ше­ние <i>MN</i> к <i>AB</i>, если из­вест­но, что <img src=\"https://ege.sdamgia.ru/formula/svg/db/db9bcbcfdb330a1fd463b0b0a2956c0a.svg\" class=\"tex\" style=\"vertical-align:-1.8pt\" alt=\"CM:MA=2:25\"> и <img src=\"https://ege.sdamgia.ru/formula/svg/84/84171f67a43968603b709c290f343387.svg\" class=\"tex\" style=\"vertical-align:-1.8pt\" alt=\"CN:NB=2:1.\"></p></div>",
        "image_urls": [
            "https://ege.sdamgia.ru/formula/svg/db/db9bcbcfdb330a1fd463b0b0a2956c0a.svg",
            "https://ege.sdamgia.ru/formula/svg/84/84171f67a43968603b709c290f343387.svg"
        ]
    },
    "solution": {
        "text": "Решение. а)  Четырёхугольник CMDN вписан в окружность, поэтомуб)  Вписанные углы CMN и CDN опираются на одну и ту же дугу, поэтому  У прямоугольных треугольников CND и CHB общий острый угол при вершине C, поэтому  Треугольник ABC подобен треугольнику NMC по двум углам, значит,  Положим CN  =  2a, NB  =  a, MA  =  25b, CM  =  2b. Тогда  следовательно,  Значит, коэффициент подобия треугольников ABC и NMC равен   Следовательно,  Ответ: б) 2 : 9.",
        "html": "<div align=\"justify\" width=\"100%\" id=\"sol628753\" class=\"solution\" style=\"clear:both;\" class=\"pbody\"><p class=\"left_margin\"></p><b>Ре­ше­ние<!--rule_info-->. </b><p class=\"left_margin\"><img src=\"/get_file?id=108131\" style=\"float:right;margin:10px;max-width:100%\"></p><p class=\"left_margin\">а)  Четырёхуголь­ник <i>CMDN</i> впи­сан в окруж­ность, по­это­му</p><p class=\"left_margin\"></p><center><p><img src=\"https://ege.sdamgia.ru/formula/svg/7a/7a80130c58d0b03a90157095588336f4.svg\" class=\"tex\" style=\"vertical-align:-1.8pt\" alt=\"\\angle MDN=180 гра­ду­сов минус \\angle MCN=180 гра­ду­сов минус \\angle ACB=\\angle CAB плюс \\angle CBA.\"></p><p class=\"left_margin\"></p></center><p class=\"left_margin\">б)  Впи­сан­ные углы <i>CMN</i> и <i>CDN</i> опи­ра­ют­ся на одну и ту же дугу, по­это­му <img src=\"https://ege.sdamgia.ru/formula/svg/72/7220538c358a75f3b80fad3873a0d1ad.svg\" class=\"tex\" style=\"vertical-align:-1.8pt\" alt=\"\\angle CMN=\\angle CDN.\"> У пря­мо­уголь­ных тре­уголь­ни­ков <i>CND</i> и <i>CHB</i> общий ост­рый угол при вер­ши­не <i>C</i>, по­это­му <img src=\"https://ege.sdamgia.ru/formula/svg/ae/ae07a677c693da8584bec0a51d975be9.svg\" class=\"tex\" style=\"vertical-align:-1.8pt\" alt=\"\\angle CBH=\\angle CDN=\\angle CMN.\"> Тре­уголь­ник <i>ABC</i> по­до­бен тре­уголь­ни­ку <i>NMC</i> по двум углам, зна­чит, <img src=\"https://ege.sdamgia.ru/formula/svg/42/42827a75d261f02488d96ccf643eb1de.svg\" class=\"tex\" style=\"vertical-align:-8.4pt\" alt=\" дробь: чис­ли­тель: CN, зна­ме­на­тель: AC конец дроби = дробь: чис­ли­тель: CM, зна­ме­на­тель: BC конец дроби . \"> </p><p class=\"left_margin\">По­ло­жим <i>CN</i>  =  2<i>a</i>, <i>NB</i>  =  <i>a</i>, <i>MA</i>  =  25<i>b</i>, <i>CM</i>  =  2<i>b</i>. Тогда <img src=\"https://ege.sdamgia.ru/formula/svg/46/46eaad26fceb676279ff725b4977a079.svg\" class=\"tex\" style=\"vertical-align:-8.5pt\" alt=\" дробь: чис­ли­тель: 2a, зна­ме­на­тель: 27b конец дроби = дробь: чис­ли­тель: 2b, зна­ме­на­тель: 3a конец дроби , \"> сле­до­ва­тель­но, <img src=\"https://ege.sdamgia.ru/formula/svg/c0/c0000237213253af8d0e8a92aab29f02.svg\" class=\"tex\" style=\"vertical-align:-8.5pt\" alt=\" дробь: чис­ли­тель: a, зна­ме­на­тель: b конец дроби =3. \"> Зна­чит, ко­эф­фи­ци­ент по­до­бия тре­уголь­ни­ков <i>ABC</i> и <i>NMC</i> равен <img src=\"https://ege.sdamgia.ru/formula/svg/13/13fedcb981d311850cd7161c0ff4c8b0.svg\" class=\"tex\" style=\"vertical-align:-8.4pt\" alt=\" дробь: чис­ли­тель: CN, зна­ме­на­тель: AC конец дроби = дробь: чис­ли­тель: 2a, зна­ме­на­тель: 27b конец дроби = дробь: чис­ли­тель: 2, зна­ме­на­тель: 9 конец дроби . \"> </p><p> Сле­до­ва­тель­но, <img src=\"https://ege.sdamgia.ru/formula/svg/1d/1d38820813d472d2c99891b71c4079e3.svg\" class=\"tex\" style=\"vertical-align:-8.4pt\" alt=\" дробь: чис­ли­тель: MN, зна­ме­на­тель: AB конец дроби = дробь: чис­ли­тель: CN, зна­ме­на­тель: AC конец дроби = дробь: чис­ли­тель: 2, зна­ме­на­тель: 9 конец дроби . \"></p><p>&nbsp;</p><p><span style=\"letter-spacing: 2px;\">Ответ:</span> б) 2 : 9.</p></div>",
        "image_urls": [
            "https://ege.sdamgia.ru/formula/svg/7a/7a80130c58d0b03a90157095588336f4.svg",
            "https://ege.sdamgia.ru/formula/svg/72/7220538c358a75f3b80fad3873a0d1ad.svg",
            "https://ege.sdamgia.ru/formula/svg/ae/ae07a677c693da8584bec0a51d975be9.svg",
            "https://ege.sdamgia.ru/formula/svg/42/42827a75d261f02488d96ccf643eb1de.svg",
            "https://ege.sdamgia.ru/formula/svg/46/46eaad26fceb676279ff725b4977a079.svg",
            "https://ege.sdamgia.ru/formula/svg/c0/c0000237213253af8d0e8a92aab29f02.svg",
            "https://ege.sdamgia.ru/formula/svg/13/13fedcb981d311850cd7161c0ff4c8b0.svg",
            "https://ege.sdamgia.ru/formula/svg/1d/1d38820813d472d2c99891b71c4079e3.svg",
            "/get_file?id=108131"
        ]
    },
    "answer": "б) 2 : 9.",
    "topic_id": 17,
    "analog_ids": [
        628753,
        628779,
        658847,
        658888
    ]
}