{
    "gia_type": "ege",
    "subject": "math",
    "id": 629118,
    "condition": {
        "text": "Пятиугольник  ABCDE  вписан  в  окружность.  Известно,  что  AB  =  AE.  Отрезок  BE пересекает AC в точке M, а отрезок AD в точке N.а)  Докажите, что точки C, D, M, N лежат на одной окружности.б)  Точка O  — центр описанной вокруг треугольника CMD окружности. Найдите радиус этой окружности, если AO  =  12, AB  =  4.",
        "html": "<div align=\"justify\" width=\"100%\" id=\"body522114\" class=\"pbody\"><p class=\"left_margin\">Пя­ти­уголь­ник  <i>ABCDE</i>  впи­сан  в  окруж­ность.  Из­вест­но,  что  <i>AB</i>  =  <i>AE</i>.  От­ре­зок  <i>BE</i> пе­ре­се­ка­ет <i>AC</i> в точке <i>M</i>, а от­ре­зок <i>AD</i> в точке <i>N</i>.</p><p class=\"left_margin\">а)  До­ка­жи­те, что точки <i>C</i>, <i>D</i>, <i>M</i>, <i>N</i> лежат на одной окруж­но­сти.</p><p class=\"left_margin\">б)  Точка <i>O</i>  — центр опи­сан­ной во­круг тре­уголь­ни­ка <i>CMD</i> окруж­но­сти. Най­ди­те ра­ди­ус этой окруж­но­сти, если <i>AO</i>  =  12, <i>AB</i>  =  4.</p></div>",
        "image_urls": []
    },
    "solution": {
        "text": "Решение. а) Пусть  и  Тогда по теореме о внешнем угле  и  значит,  следовательно, четырехугольник CDNM вписан в окружность.б)  Из подобия треугольников AMB и ABC получаем, что  Запишем степень точки A относительно окружности, описанной около CMD:  то есть Ответ: б) ",
        "html": "<div align=\"justify\" width=\"100%\" id=\"sol629118\" class=\"solution\" style=\"clear:both;\" class=\"pbody\"><p class=\"left_margin\"></p><b>Ре­ше­ние<!--rule_info-->. </b><p class=\"left_margin\"><img src=\"/get_file?id=115410\" style=\"float:right;margin:10px;max-width:100%\">а) Пусть <img src=\"https://ege.sdamgia.ru/formula/svg/6c/6c8a258f36c7072f4a63f3bc931425e1.svg\" class=\"tex\" style=\"vertical-align:-1.8pt\" alt=\"\\angle BAC=\\lambda\"> и <img src=\"https://ege.sdamgia.ru/formula/svg/e4/e4ee658468df24f99bc4a194e7541ffa.svg\" class=\"tex\" style=\"vertical-align:-3.3pt\" alt=\"\\angle ABE=\\angle AEB=\\angle ACB= бета .\"> Тогда по тео­ре­ме о внеш­нем угле <img src=\"https://ege.sdamgia.ru/formula/svg/55/5516adee18c5eded9bd846c76fd785cb.svg\" class=\"tex\" style=\"vertical-align:-3.3pt\" alt=\"\\angle BMC=\\lambda плюс бета \"> и <img src=\"https://ege.sdamgia.ru/formula/svg/e9/e9366acf4770e4cecd9c34aab8ff91ff.svg\" class=\"tex\" style=\"vertical-align:-8.4pt\" alt=\"\\angle CDN= дробь: чис­ли­тель: 1, зна­ме­на­тель: 2 конец дроби \\stackrel\\smileAC=\\lambda плюс бета ,\"> зна­чит, <img src=\"https://ege.sdamgia.ru/formula/svg/18/18ae4cefd9703e04214d40557d5b3faa.svg\" class=\"tex\" style=\"vertical-align:-3.0pt\" alt=\"\\angle CMN плюс \\angle CDN=180 гра­ду­сов ,\"> сле­до­ва­тель­но, че­ты­рех­уголь­ник <i>CDNM</i> впи­сан в окруж­ность.</p><p class=\"left_margin\">б)  Из по­до­бия тре­уголь­ни­ков <i>AMB</i> и <i>ABC</i> по­лу­ча­ем, что <img src=\"https://ege.sdamgia.ru/formula/svg/e5/e5829a6c86d13d55d2b86a1ef57700a4.svg\" class=\"tex\" style=\"vertical-align:-1.8pt\" alt=\"AB в квад­ра­те =16=AM умно­жить на AC.\"> За­пи­шем сте­пень точки <i>A</i> от­но­си­тель­но окруж­но­сти, опи­сан­ной около <i>CMD</i>: <img src=\"https://ege.sdamgia.ru/formula/svg/33/336d8abe3341150808bc4fcd75102151.svg\" class=\"tex\" style=\"vertical-align:-3.0pt\" alt=\"AO в квад­ра­те минус R в квад­ра­те =AM умно­жить на AC,\"> то есть </p><p class=\"left_margin\"></p><center><p><img src=\"https://ege.sdamgia.ru/formula/svg/a7/a7f2aeb5946d77eeed8b86bd5d82d942.svg\" class=\"tex\" style=\"vertical-align:-8.4pt\" alt=\"12 в квад­ра­те минус R в квад­ра­те =16 рав­но­силь­но R в квад­ра­те =128 \\underset R боль­ше 0 \\mathop рав­но­силь­но R=8 ко­рень из 2 . \"></p><p class=\"left_margin\"></p></center><p><span style=\"letter-spacing: 2px;\">Ответ:</span> б) <img src=\"https://ege.sdamgia.ru/formula/svg/10/100b83cd1586847758776d727f898867.svg\" class=\"tex\" style=\"vertical-align:-1.8pt\" alt=\"8 ко­рень из: на­ча­ло ар­гу­мен­та: 2 конец ар­гу­мен­та .\"></p></div>",
        "image_urls": [
            "https://ege.sdamgia.ru/formula/svg/6c/6c8a258f36c7072f4a63f3bc931425e1.svg",
            "https://ege.sdamgia.ru/formula/svg/e4/e4ee658468df24f99bc4a194e7541ffa.svg",
            "https://ege.sdamgia.ru/formula/svg/55/5516adee18c5eded9bd846c76fd785cb.svg",
            "https://ege.sdamgia.ru/formula/svg/e9/e9366acf4770e4cecd9c34aab8ff91ff.svg",
            "https://ege.sdamgia.ru/formula/svg/18/18ae4cefd9703e04214d40557d5b3faa.svg",
            "https://ege.sdamgia.ru/formula/svg/e5/e5829a6c86d13d55d2b86a1ef57700a4.svg",
            "https://ege.sdamgia.ru/formula/svg/33/336d8abe3341150808bc4fcd75102151.svg",
            "https://ege.sdamgia.ru/formula/svg/a7/a7f2aeb5946d77eeed8b86bd5d82d942.svg",
            "https://ege.sdamgia.ru/formula/svg/10/100b83cd1586847758776d727f898867.svg",
            "/get_file?id=115410"
        ]
    },
    "answer": "б)",
    "topic_id": 17,
    "analog_ids": []
}