{
    "gia_type": "ege",
    "subject": "math",
    "id": 629309,
    "condition": {
        "text": "Точки  A1,  B1,  C1  — середины  сторон  соответственно  BC,  AC  и  AB  остроугольного треугольника ABC.а)  Докажите,  что  окружности,  описанные  около  треугольников  A1CB1,  A1BC1,  и  B1AC1, пересекаются в одной точке.б)  Известно,  что  АВ  =  AC  =  13  и  BC  =  10.  Найдите  радиус  окружности,  вписанной  в треугольник,  вершины  которого  — центры  окружностей,  описанных  около треугольников A1CB1, A1BC1, и В1AC1.",
        "html": "<div align=\"justify\" width=\"100%\" id=\"body521409\" class=\"pbody\"><p class=\"left_margin\"><i></i>Точки  <i>A</i><sub>1</sub>,  <i>B</i><sub>1</sub>,  <i>C</i><sub>1</sub>  — се­ре­ди­ны  сто­рон  со­от­вет­ствен­но  <i>BC</i>,  <i>AC</i>  и  <i>AB</i>  ост­ро­уголь­но­го тре­уголь­ни­ка <i>ABC</i>.</p><p class=\"left_margin\">а)  До­ка­жи­те,  что  окруж­но­сти,  опи­сан­ные  около  тре­уголь­ни­ков  <i>A</i><sub>1</sub><i>CB</i><sub>1</sub>,  <i>A</i><sub>1</sub><i>BC</i><sub>1</sub>,  и  <i>B</i><sub>1</sub><i>AC</i><sub>1</sub>, пе­ре­се­ка­ют­ся в одной точке.</p><p class=\"left_margin\">б)  Из­вест­но,  что  <i>АВ</i>  =  <i>AC</i>  =  13  и  <i>BC</i>  =  10.  Най­ди­те  ра­ди­ус  окруж­но­сти,  впи­сан­ной  в тре­уголь­ник,  вер­ши­ны  ко­то­ро­го  — цен­тры  окруж­но­стей,  опи­сан­ных  около тре­уголь­ни­ков <i>A</i><sub>1</sub><i>CB</i><sub>1</sub>, <i>A</i><sub>1</sub><i>BC</i><sub>1</sub>, и <i>В</i><sub>1</sub><i>AC</i><sub>1</sub>.</p></div>",
        "image_urls": []
    },
    "solution": {
        "text": "Решение. a)  Пусть окружности, описанные около треугольников A1BC1 и A1B1C пересекаются в точке E. Тогда   Отсюда  Значит, четырехугольник  вписанный. Что и требовалось доказать.б)  Пусть D, G, F  — центры трех окружностей из условия задачи. Заметим, что все эти окружности равны, так как они описаны около равных треугольников. Кроме того, из равнобедренности треугольника ABC следует, что A1E  — серединный перпендикуляр к BC, откуда получается, что С1E и B1E  — серединные перпендикуляры к сторонам AB и AC. Тогда точка E  — центр окружности описанной около треугольника ABC и одновременно центр окружности, описанной около DFG. Таким образом, треугольник DFG подобен треугольнику ABC c коэффициентом  Найдем радиус окружности, вписанной в треугольник ABC, по формуле S  =  pr. Имеем:  p  =  18, отсюда  Значит, радиус окружности, вписанной в DFG равен  Ответ: б) ",
        "html": "<div align=\"justify\" width=\"100%\" id=\"sol629309\" class=\"solution\" style=\"clear:both;\" class=\"pbody\"><p class=\"left_margin\"></p><b>Ре­ше­ние<!--rule_info-->. </b><p class=\"left_margin\"><img src=\"/get_file?id=148358\" style=\"float:right;margin:10px;max-width:100%\"></p><p>a)  Пусть окруж­но­сти, опи­сан­ные около тре­уголь­ни­ков <i>A</i><sub>1</sub><i>BC</i><sub>1</sub> и <i>A</i><sub>1</sub><i>B</i><sub>1</sub><i>C</i> пе­ре­се­ка­ют­ся в точке <i>E</i>. Тогда <img src=\"https://ege.sdamgia.ru/formula/svg/a1/a1b6f1268ac3b779775e9238fd75f456.svg\" class=\"tex\" style=\"vertical-align:-3.0pt\" alt=\"\\angle C_1EA_1=180 в сте­пе­ни левая круг­лая скоб­ка \\circ пра­вая круг­лая скоб­ка минус \\angle B,\"> <img src=\"https://ege.sdamgia.ru/formula/svg/42/42579e21b97cdea65a98871d1cd3176c.svg\" class=\"tex\" style=\"vertical-align:-2.6pt\" alt=\"\\angle B_1EA_1=180 в сте­пе­ни левая круг­лая скоб­ка \\circ пра­вая круг­лая скоб­ка минус \\angle C.\"> От­сю­да </p><p class=\"left_margin\"></p><center><p><img src=\"https://ege.sdamgia.ru/formula/svg/8c/8c31cabcf9427fe0fbe031b46562f528.svg\" class=\"tex\" style=\"vertical-align:-3.6pt\" alt=\"\\angle B_1EC_1=360 в сте­пе­ни левая круг­лая скоб­ка \\circ пра­вая круг­лая скоб­ка минус левая круг­лая скоб­ка 180 в сте­пе­ни левая круг­лая скоб­ка \\circ пра­вая круг­лая скоб­ка минус \\angle B плюс 180 в сте­пе­ни левая круг­лая скоб­ка \\circ пра­вая круг­лая скоб­ка минус \\angle C пра­вая круг­лая скоб­ка =\\angle B плюс \\angle C=180 в сте­пе­ни левая круг­лая скоб­ка \\circ пра­вая круг­лая скоб­ка минус \\angle A.\"></p><p class=\"left_margin\"></p></center><p> Зна­чит, че­ты­рех­уголь­ник <img src=\"https://ege.sdamgia.ru/formula/svg/44/44715c139b1207f90d6263319e98f8c2.svg\" class=\"tex\" style=\"vertical-align:-2.5pt\" alt=\"AB_1EC_1\"> впи­сан­ный. Что и тре­бо­ва­лось до­ка­зать.</p><p class=\"left_margin\">б)  Пусть <i>D</i>, <i>G</i>, <i>F</i>  — цен­тры трех окруж­но­стей из усло­вия за­да­чи. За­ме­тим, что все эти окруж­но­сти равны, так как они опи­са­ны около рав­ных тре­уголь­ни­ков. Кроме того, из рав­но­бед­рен­но­сти тре­уголь­ни­ка <i>ABC</i> сле­ду­ет, что <i>A</i><sub>1</sub><i>E</i>  — се­ре­дин­ный пер­пен­ди­ку­ляр к <i>BC</i>, от­ку­да по­лу­ча­ет­ся, что <i>С</i><sub>1</sub><i>E</i> и <i>B</i><sub>1</sub><i>E</i>  — се­ре­дин­ные пер­пен­ди­ку­ля­ры к сто­ро­нам <i>AB</i> и <i>AC</i>. Тогда точка <i>E</i>  — центр окруж­но­сти опи­сан­ной около тре­уголь­ни­ка <i>ABC</i> и од­но­вре­мен­но центр окруж­но­сти, опи­сан­ной около <i>DFG</i>. Таким об­ра­зом, тре­уголь­ник <i>DFG</i> по­до­бен тре­уголь­ни­ку <i>ABC</i> c ко­эф­фи­ци­ен­том <img src=\"https://ege.sdamgia.ru/formula/svg/3c/3c4fd42463d5c28497d53ff6b05de5cc.svg\" class=\"tex\" style=\"vertical-align:-8.4pt\" alt=\" дробь: чис­ли­тель: 1, зна­ме­на­тель: 2 конец дроби .\"> Най­дем ра­ди­ус окруж­но­сти, впи­сан­ной в тре­уголь­ник <i>ABC</i>, по фор­му­ле <i>S</i>  =  <i>pr</i>. Имеем: <img src=\"https://ege.sdamgia.ru/formula/svg/34/34619d5d2acfcb8d0b802467029da663.svg\" class=\"tex\" style=\"vertical-align:-3.0pt\" alt=\"S= ко­рень из: на­ча­ло ар­гу­мен­та: 18 умно­жить на 5 умно­жить на 5 умно­жить на 8 конец ар­гу­мен­та =60,\"> <i>p</i>  =  18, от­сю­да <img src=\"https://ege.sdamgia.ru/formula/svg/d2/d2d853dd407b863a235c278878c2bd64.svg\" class=\"tex\" style=\"vertical-align:-8.5pt\" alt=\"r= дробь: чис­ли­тель: 10, зна­ме­на­тель: 3 конец дроби . \"> Зна­чит, ра­ди­ус окруж­но­сти, впи­сан­ной в <i>DFG</i> равен <img src=\"https://ege.sdamgia.ru/formula/svg/a8/a8640787f1a8b4f171e28f340f7e2b23.svg\" class=\"tex\" style=\"vertical-align:-8.4pt\" alt=\" дробь: чис­ли­тель: 5, зна­ме­на­тель: 3 конец дроби .\"></p><p>&nbsp;</p><p><span style=\"letter-spacing: 2px;\">Ответ:</span> б) <img src=\"https://ege.sdamgia.ru/formula/svg/a8/a8640787f1a8b4f171e28f340f7e2b23.svg\" class=\"tex\" style=\"vertical-align:-8.4pt\" alt=\" дробь: чис­ли­тель: 5, зна­ме­на­тель: 3 конец дроби .\"></p></div>",
        "image_urls": [
            "https://ege.sdamgia.ru/formula/svg/a1/a1b6f1268ac3b779775e9238fd75f456.svg",
            "https://ege.sdamgia.ru/formula/svg/42/42579e21b97cdea65a98871d1cd3176c.svg",
            "https://ege.sdamgia.ru/formula/svg/8c/8c31cabcf9427fe0fbe031b46562f528.svg",
            "https://ege.sdamgia.ru/formula/svg/44/44715c139b1207f90d6263319e98f8c2.svg",
            "https://ege.sdamgia.ru/formula/svg/3c/3c4fd42463d5c28497d53ff6b05de5cc.svg",
            "https://ege.sdamgia.ru/formula/svg/34/34619d5d2acfcb8d0b802467029da663.svg",
            "https://ege.sdamgia.ru/formula/svg/d2/d2d853dd407b863a235c278878c2bd64.svg",
            "https://ege.sdamgia.ru/formula/svg/a8/a8640787f1a8b4f171e28f340f7e2b23.svg",
            "https://ege.sdamgia.ru/formula/svg/a8/a8640787f1a8b4f171e28f340f7e2b23.svg",
            "/get_file?id=148358"
        ]
    },
    "answer": "б)",
    "topic_id": 17,
    "analog_ids": []
}