{
    "gia_type": "ege",
    "subject": "math",
    "id": 632653,
    "condition": {
        "text": "Две  окружности  пересекаются  в  точках  P  и Q.  Через  точку  P  проведена  прямая, пересекающая вторично первую из окружностей в точке A, а вторую  — в точке B. Через точку Q также проведена прямая, пересекающая вторично первую окружность в точке C, а вторую  — в точке D. а)  Докажите, что прямые AC и BD параллельны. б)  Найдите  наибольшее  возможное  значение  суммы  длин  отрезков  AB  и  CD,  если расстояние между центрами данных окружностей равно 1.",
        "html": "<div align=\"justify\" width=\"100%\" id=\"body510385\" class=\"pbody\"><p class=\"left_margin\">Две  окруж­но­сти  пе­ре­се­ка­ют­ся  в  точ­ках  <i>P</i>  и <i>Q</i>.  Через  точку  <i>P</i>  про­ве­де­на  пря­мая, пе­ре­се­ка­ю­щая вто­рич­но первую из окруж­но­стей в точке <i>A</i>, а вто­рую  — в точке <i>B</i>. Через точку <i>Q</i> также про­ве­де­на пря­мая, пе­ре­се­ка­ю­щая вто­рич­но первую окруж­ность в точке <i>C</i>, а вто­рую  — в точке <i>D</i>. </p><p class=\"left_margin\">а)  До­ка­жи­те, что пря­мые <i>AC</i> и <i>BD</i> па­рал­лель­ны. </p><p class=\"left_margin\">б)  Най­ди­те  наи­боль­шее  воз­мож­ное  зна­че­ние  суммы  длин  от­рез­ков  <i>AB</i>  и  <i>CD</i>,  если рас­сто­я­ние между цен­тра­ми дан­ных окруж­но­стей равно 1.</p></div>",
        "image_urls": []
    },
    "solution": {
        "text": "Решение. а)  Проведём прямую PQ. Четырёхугольник APQC вписан в окружность (см. левый рис), следовательно,  Четырёхугольник BPQC вписан в окружность, значит, Следовательно, прямые AC и BD параллельны по признаку параллельности прямых.Рассмотрим второй случай, когда отрезки AB и CD пересекаются (см. правый рис.). Тогда  Значит, прямые AC и BD параллельны по признаку параллельных прямых. б)  Пусть точки O1 и O2  — центры окружностей, а прямые O1M и O2N  — перпендикуляры, проведённые из O1 и O2 к прямой AB. Точка M  — середина отрезка AP, точка N  — середина отрезка PB, значит,  Заметим, что отрезок  MN  — проекция отрезка O1O2 на прямую AB, следовательно,  откуда  Аналогично,  Значит,  Равенство достигается в случае, когда прямые AB и PQ взаимно перпендикулярны и прямые CD и PQ взаимно перпендикулярны. Ответ: б) 4.",
        "html": "<div align=\"justify\" width=\"100%\" id=\"sol632653\" class=\"solution\" style=\"clear:both;\" class=\"pbody\"><p class=\"left_margin\"></p><b>Ре­ше­ние<!--rule_info-->. </b><p class=\"left_margin\">а)  Про­ведём пря­мую <i>PQ</i>. Четырёхуголь­ник <i>APQC</i> впи­сан в окруж­ность <nobr>(см. левый рис),</nobr> сле­до­ва­тель­но, </p><p class=\"left_margin\"></p><center><p><img src=\"https://ege.sdamgia.ru/formula/svg/a5/a59bca2a56281cd035754b24de283f6d.svg\" class=\"tex\" style=\"vertical-align:-3.0pt\" alt=\"\\angle ACQ=180 гра­ду­сов минус \\angle APQ=\\angle BPQ.\"></p><p class=\"left_margin\"></p></center><p> Четырёхуголь­ник <i>BPQC</i> впи­сан в окруж­ность, зна­чит,</p><p class=\"left_margin\"></p><center><p><img src=\"https://ege.sdamgia.ru/formula/svg/75/751322a8b44944eb8e512225ed3007ae.svg\" class=\"tex\" style=\"vertical-align:-3.0pt\" alt=\"\\angle BDQ=180 гра­ду­сов минус \\angle BPQ=180 гра­ду­сов минус \\angle ACQ.\"></p><p class=\"left_margin\"></p></center><p> Сле­до­ва­тель­но, пря­мые <i>AC</i> и <i>BD</i> па­рал­лель­ны по при­зна­ку па­рал­лель­но­сти пря­мых.</p><p class=\"left_margin\">Рас­смот­рим вто­рой слу­чай, когда от­рез­ки <i>AB</i> и <i>CD</i> пе­ре­се­ка­ют­ся <nobr>(см. пра­вый рис.).</nobr> Тогда </p><p class=\"left_margin\"></p><center><p><img src=\"https://ege.sdamgia.ru/formula/svg/9e/9ef7bdc73a217b946a17d3685771ca29.svg\" class=\"tex\" style=\"vertical-align:-3.6pt\" alt=\"\\angle CAP=\\angle CQP=180 гра­ду­сов минус \\angle PQD=180 в сте­пе­ни левая круг­лая скоб­ка \\circ пра­вая круг­лая скоб­ка минус левая круг­лая скоб­ка 180 в сте­пе­ни левая круг­лая скоб­ка \\circ пра­вая круг­лая скоб­ка минус \\angle PBD пра­вая круг­лая скоб­ка =\\angle PBD.\"></p><p class=\"left_margin\"></p></center><p> Зна­чит, пря­мые <i>AC</i> и <i>BD</i> па­рал­лель­ны по при­зна­ку па­рал­лель­ных пря­мых.</p><p></p><div class=\"flex-img\"><p></p><div><img src=\"/get_file?id=116277\" style=\"margin:10px auto;display:block;max-width:none\"><p><nobr></nobr></p><p></p></div><p></p><div><img src=\"/get_file?id=116280\" style=\"margin:10px auto;display:block;max-width:none\"><p><nobr> </nobr></p><p></p></div></div><p class=\"left_margin\">б)  Пусть точки <i>O</i><sub>1</sub> и <i>O</i><sub>2</sub>  — цен­тры окруж­но­стей, а пря­мые <i>O</i><sub>1</sub><i>M</i> и <i>O</i><sub>2</sub><i>N</i>  — пер­пен­ди­ку­ля­ры, про­ведённые из <i>O</i><sub>1</sub> и <i>O</i><sub>2</sub> к пря­мой <i>AB</i>. Точка <i>M</i>  — се­ре­ди­на от­рез­ка <i>AP</i>, точка <i>N</i>  — се­ре­ди­на от­рез­ка <i>PB</i>, зна­чит, <img src=\"https://ege.sdamgia.ru/formula/svg/59/598501f505acdf9bb706661576932c7c.svg\" class=\"tex\" style=\"vertical-align:-8.3pt\" alt=\"MN= дробь: чис­ли­тель: AB, зна­ме­на­тель: 2 конец дроби . \"> За­ме­тим, что от­ре­зок  <i>MN</i>  — про­ек­ция от­рез­ка <i>O</i><sub>1</sub><i>O</i><sub>2</sub> на пря­мую <i>AB</i>, сле­до­ва­тель­но, <img src=\"https://ege.sdamgia.ru/formula/svg/70/7084fc039b763d9ce0480a92ef395a66.svg\" class=\"tex\" style=\"vertical-align:-3.0pt\" alt=\"MN мень­ше или равно O_1O_2,\"> от­ку­да <img src=\"https://ege.sdamgia.ru/formula/svg/d2/d21d8e1e66e055917b04a7c3befa5d3e.svg\" class=\"tex\" style=\"vertical-align:-2.4pt\" alt=\"AB мень­ше или равно 2.\"> Ана­ло­гич­но, <img src=\"https://ege.sdamgia.ru/formula/svg/56/56cf4125003ad492aaaba57f115f7ecc.svg\" class=\"tex\" style=\"vertical-align:-2.4pt\" alt=\"CD мень­ше или равно 2.\"> Зна­чит, <img src=\"https://ege.sdamgia.ru/formula/svg/26/262579a2973765579f87753dcb2edbf2.svg\" class=\"tex\" style=\"vertical-align:-2.4pt\" alt=\"AB плюс CD\\leqslant4.\"> Ра­вен­ство до­сти­га­ет­ся в слу­чае, когда пря­мые <i>AB</i> и <i>PQ</i> вза­им­но пер­пен­ди­ку­ляр­ны и пря­мые <i>CD</i> и <i>PQ</i> вза­им­но пер­пен­ди­ку­ляр­ны.</p><p>&nbsp;</p><p><span style=\"letter-spacing: 2px;\">Ответ:</span> б) 4.</p></div>",
        "image_urls": [
            "https://ege.sdamgia.ru/formula/svg/a5/a59bca2a56281cd035754b24de283f6d.svg",
            "https://ege.sdamgia.ru/formula/svg/75/751322a8b44944eb8e512225ed3007ae.svg",
            "https://ege.sdamgia.ru/formula/svg/9e/9ef7bdc73a217b946a17d3685771ca29.svg",
            "https://ege.sdamgia.ru/formula/svg/59/598501f505acdf9bb706661576932c7c.svg",
            "https://ege.sdamgia.ru/formula/svg/70/7084fc039b763d9ce0480a92ef395a66.svg",
            "https://ege.sdamgia.ru/formula/svg/d2/d21d8e1e66e055917b04a7c3befa5d3e.svg",
            "https://ege.sdamgia.ru/formula/svg/56/56cf4125003ad492aaaba57f115f7ecc.svg",
            "https://ege.sdamgia.ru/formula/svg/26/262579a2973765579f87753dcb2edbf2.svg",
            "/get_file?id=116277",
            "/get_file?id=116280"
        ]
    },
    "answer": "б) 4.",
    "topic_id": 17,
    "analog_ids": []
}