{
    "gia_type": "ege",
    "subject": "math",
    "id": 635569,
    "condition": {
        "text": "В угол вписано несколько окружностей, радиусы которых возрастают. Каждая следующая окружность касается предыдущей окружности. Длина радиуса первой окружности равна 1, а площадь круга, ограниченного четвертой окружностью, равна 64π.а)  Докажите, что длины радиусов окружностей образуют геометрическую прогрессию.б)  Найдите сумму длин второй и третьей окружностей.",
        "html": "<div align=\"justify\" width=\"100%\" id=\"body515149\" class=\"pbody\"><p class=\"left_margin\">В угол впи­са­но не­сколь­ко окруж­но­стей, ра­ди­у­сы ко­то­рых воз­рас­та­ют. Каж­дая сле­ду­ю­щая окруж­ность ка­са­ет­ся преды­ду­щей окруж­но­сти. Длина ра­ди­у­са пер­вой окруж­но­сти равна 1, а пло­щадь круга, огра­ни­чен­но­го чет­вер­той окруж­но­стью, равна 64π.</p><p class=\"left_margin\">а)  До­ка­жи­те, что длины ра­ди­у­сов окруж­но­стей об­ра­зу­ют гео­мет­ри­че­скую про­грес­сию.</p><p class=\"left_margin\">б)  Най­ди­те сумму длин вто­рой и тре­тьей окруж­но­стей.</p></div>",
        "image_urls": []
    },
    "solution": {
        "text": "Решение. а)  Площадь большего круга равна  значит, его радиус равен 8. Пусть радиус второй окружности равен x, а третьей  — y. Введем обозначения, как показано на рисунке.Пусть половина угла A равна α. Тогда   откуда  Далее,  Отсюда  то есть Значит, числа 1, x и y составляют геометрическую прогрессию. Аналогично, радиусы второй, третьей и четвертой окружностей образуют геометрическую прогрессию (они получаются из радиусов первой, второй и третьей окружности умножением на число  Тогда все четыре радиуса образуют геометрическую прогрессию. Что и требовалось доказать.б)  Если положительные числа 1, x, y и 8 образуют геометрическую прогрессию, то  и  откуда получаем, что x  =  2 и y  =  4, то есть   следовательно, сумма длин второй и третьей окружностей составит  Ответ: б) ",
        "html": "<div align=\"justify\" width=\"100%\" id=\"sol635569\" class=\"solution\" style=\"clear:both;\" class=\"pbody\"><p class=\"left_margin\"></p><b>Ре­ше­ние<!--rule_info-->. </b><p class=\"left_margin\">а)  Пло­щадь боль­ше­го круга равна <img src=\"https://ege.sdamgia.ru/formula/svg/a0/a02d2b8abf8560ec5f8527336924a1e1.svg\" class=\"tex\" style=\"vertical-align:-3.0pt\" alt=\"64 Пи ,\"> зна­чит, его ра­ди­ус равен 8. Пусть ра­ди­ус вто­рой окруж­но­сти равен <i>x</i>, а тре­тьей  — <i>y</i>. Вве­дем обо­зна­че­ния, как по­ка­за­но на ри­сун­ке.</p><p><img src=\"/get_file?id=119751\" style=\"margin:10px auto;display:block;max-width:100%\"></p><p class=\"left_margin\">Пусть по­ло­ви­на угла <i>A</i> равна α. Тогда </p><p></p><div class=\"flex-math\"><p><img src=\"https://ege.sdamgia.ru/formula/svg/04/04e9b3c1adf7f0697c5ad5ec72a3a5d1.svg\" class=\"tex\" style=\"vertical-align:-8.5pt\" alt=\"AO_1= дробь: чис­ли­тель: 1, зна­ме­на­тель: синус альфа конец дроби , \"> <img src=\"https://ege.sdamgia.ru/formula/svg/da/dace812830175d6f2c7014c8d628e98a.svg\" class=\"tex\" style=\"vertical-align:-8.5pt\" alt=\"AO_2= дробь: чис­ли­тель: x, зна­ме­на­тель: синус альфа конец дроби = дробь: чис­ли­тель: 1 , зна­ме­на­тель: синус альфа конец дроби плюс 1 плюс x, \"></p><p></p></div><p> от­ку­да <img src=\"https://ege.sdamgia.ru/formula/svg/f9/f970ff3c6b4ff48364be2e0990c04f2d.svg\" class=\"tex\" style=\"vertical-align:-9.2pt\" alt=\"x= дробь: чис­ли­тель: 1 плюс синус альфа , зна­ме­на­тель: 1 минус синус альфа конец дроби . \"> Далее, </p><p class=\"left_margin\"></p><center><p><img src=\"https://ege.sdamgia.ru/formula/svg/b8/b872d2c20cd75721c47c9c318ebcf90b.svg\" class=\"tex\" style=\"vertical-align:-8.5pt\" alt=\"AO_3= дробь: чис­ли­тель: 1, зна­ме­на­тель: синус альфа конец дроби плюс 1 плюс x плюс x плюс y= дробь: чис­ли­тель: y, зна­ме­на­тель: синус альфа конец дроби . \"></p><p class=\"left_margin\"></p></center><p> От­сю­да <img src=\"https://ege.sdamgia.ru/formula/svg/6b/6baa623a1f549b0a929be7b2f0160bc5.svg\" class=\"tex\" style=\"vertical-align:-3.6pt\" alt=\"y левая круг­лая скоб­ка 1 минус синус альфа пра­вая круг­лая скоб­ка =1 плюс синус альфа плюс 2x синус альфа ,\"> то есть</p><p class=\"left_margin\"></p><center><p><img src=\"https://ege.sdamgia.ru/formula/svg/30/3090607f1b2c2979066c28bac7d9707e.svg\" class=\"tex\" style=\"vertical-align:-11.1pt\" alt=\"y=x плюс дробь: чис­ли­тель: 2x синус альфа , зна­ме­на­тель: 1 минус синус альфа конец дроби =x левая круг­лая скоб­ка 1 плюс дробь: чис­ли­тель: 2 синус альфа , зна­ме­на­тель: 1 минус синус альфа конец дроби пра­вая круг­лая скоб­ка =x в квад­ра­те . \"></p><p class=\"left_margin\"></p></center><p> Зна­чит, числа 1, <i>x</i> и <i>y</i> со­став­ля­ют гео­мет­ри­че­скую про­грес­сию. Ана­ло­гич­но, ра­ди­у­сы вто­рой, тре­тьей и чет­вер­той окруж­но­стей об­ра­зу­ют гео­мет­ри­че­скую про­грес­сию (они по­лу­ча­ют­ся из ра­ди­у­сов пер­вой, вто­рой и тре­тьей окруж­но­сти умно­же­ни­ем на <nobr>число <img src=\"https://ege.sdamgia.ru/formula/svg/20/20f090d03d2069ba97917bd1cc3185b9.svg\" class=\"tex\" style=\"vertical-align:-9.2pt\" alt=\" дробь: чис­ли­тель: 1 плюс синус альфа , зна­ме­на­тель: 1 минус синус альфа конец дроби пра­вая круг­лая скоб­ка . \"></nobr> Тогда все че­ты­ре ра­ди­у­са об­ра­зу­ют гео­мет­ри­че­скую про­грес­сию. Что и тре­бо­ва­лось до­ка­зать.</p><p class=\"left_margin\">б)  Если по­ло­жи­тель­ные числа 1, <i>x</i>, <i>y</i> и 8 об­ра­зу­ют гео­мет­ри­че­скую про­грес­сию, то <img src=\"https://ege.sdamgia.ru/formula/svg/fc/fc344bd5445d32012d7e9ea0ed0d7ad9.svg\" class=\"tex\" style=\"vertical-align:-1.8pt\" alt=\"x в кубе =8\"> и <img src=\"https://ege.sdamgia.ru/formula/svg/91/91701b3426c14191088a0bab6d1247fc.svg\" class=\"tex\" style=\"vertical-align:-3.0pt\" alt=\" x в квад­ра­те =y,\"> от­ку­да по­лу­ча­ем, что <i>x</i>  =  2 и <i>y</i>  =  4, то есть <img src=\"https://ege.sdamgia.ru/formula/svg/c2/c2dbb1ffc22344c8e59d2402dbba7cec.svg\" class=\"tex\" style=\"vertical-align:-3.0pt\" alt=\"x плюс y=6,\">  сле­до­ва­тель­но, сумма длин вто­рой и тре­тьей окруж­но­стей со­ста­вит <img src=\"https://ege.sdamgia.ru/formula/svg/47/47109a102cecd6253acd4d1ddf087f4f.svg\" class=\"tex\" style=\"vertical-align:-1.8pt\" alt=\"2 Пи умно­жить на 6 = 12 Пи .\"></p><p>&nbsp;</p><p><span style=\"letter-spacing: 2px;\">Ответ:</span> б) <img src=\"https://ege.sdamgia.ru/formula/svg/78/78bb2c76207cb73a742ba9d71ce0c32d.svg\" class=\"tex\" style=\"vertical-align:-1.8pt\" alt=\"12 Пи .\"></p></div>",
        "image_urls": [
            "https://ege.sdamgia.ru/formula/svg/a0/a02d2b8abf8560ec5f8527336924a1e1.svg",
            "https://ege.sdamgia.ru/formula/svg/04/04e9b3c1adf7f0697c5ad5ec72a3a5d1.svg",
            "https://ege.sdamgia.ru/formula/svg/da/dace812830175d6f2c7014c8d628e98a.svg",
            "https://ege.sdamgia.ru/formula/svg/f9/f970ff3c6b4ff48364be2e0990c04f2d.svg",
            "https://ege.sdamgia.ru/formula/svg/b8/b872d2c20cd75721c47c9c318ebcf90b.svg",
            "https://ege.sdamgia.ru/formula/svg/6b/6baa623a1f549b0a929be7b2f0160bc5.svg",
            "https://ege.sdamgia.ru/formula/svg/30/3090607f1b2c2979066c28bac7d9707e.svg",
            "https://ege.sdamgia.ru/formula/svg/20/20f090d03d2069ba97917bd1cc3185b9.svg",
            "https://ege.sdamgia.ru/formula/svg/fc/fc344bd5445d32012d7e9ea0ed0d7ad9.svg",
            "https://ege.sdamgia.ru/formula/svg/91/91701b3426c14191088a0bab6d1247fc.svg",
            "https://ege.sdamgia.ru/formula/svg/c2/c2dbb1ffc22344c8e59d2402dbba7cec.svg",
            "https://ege.sdamgia.ru/formula/svg/47/47109a102cecd6253acd4d1ddf087f4f.svg",
            "https://ege.sdamgia.ru/formula/svg/78/78bb2c76207cb73a742ba9d71ce0c32d.svg",
            "/get_file?id=119751"
        ]
    },
    "answer": "б)",
    "topic_id": 17,
    "analog_ids": []
}