{
    "gia_type": "ege",
    "subject": "math",
    "id": 636519,
    "condition": {
        "text": "Вписанная в треугольник ABC окружность с центром в точке О касается стороны BC в точке К. Окружность с центром в точке O1 касается стороны BC в точке L, а также касается продолжения сторон AC и AB.а)  Докажите, что б)  Найдите расстояние  если известно, что AC  =  7, BC  =  24  и AB  =  25.",
        "html": "<div align=\"justify\" width=\"100%\" id=\"body514203\" class=\"pbody\"><p class=\"left_margin\">Впи­сан­ная в тре­уголь­ник <i>ABC</i> окруж­ность с цен­тром в точке <i>О</i> ка­са­ет­ся сто­ро­ны <i>BC</i> в точке <i>К</i>. Окруж­ность с цен­тром в точке <i>O</i><sub>1</sub> ка­са­ет­ся сто­ро­ны <i>BC</i> в точке <i>L</i>, а также ка­са­ет­ся про­дол­же­ния сто­рон <i>AC</i> и <i>AB.</i></p><p class=\"left_margin\">а)  До­ка­жи­те, что <img src=\"https://ege.sdamgia.ru/formula/svg/0a/0aad50cd9571d285879c565d0822af9b.svg\" class=\"tex\" style=\"vertical-align:-1.8pt\" alt=\" BL = CK \"></p><p class=\"left_margin\">б)  Най­ди­те рас­сто­я­ние <img src=\"https://ege.sdamgia.ru/formula/svg/bd/bd5e47ade3ccc0c464d57caeec4452c9.svg\" class=\"tex\" style=\"vertical-align:-3.0pt\" alt=\" OO_1,\"> если из­вест­но, что <i>AC</i>  =  7, <i>BC</i>  =  24  и <i>AB</i>  =  25.</p></div>",
        "image_urls": [
            "https://ege.sdamgia.ru/formula/svg/0a/0aad50cd9571d285879c565d0822af9b.svg",
            "https://ege.sdamgia.ru/formula/svg/bd/bd5e47ade3ccc0c464d57caeec4452c9.svg"
        ]
    },
    "solution": {
        "text": "Решение. а)  Пусть окружность с центром в точке O касается прямой AB в точке Q, а прямой AC  — в точке P. Окружность с центром в точке O1 касается прямой AB в точке N, а прямой AC  — в точке M. Заметим, что BL  =  BN и CL  =  CM, следовательно, AN + AM есть периметр треугольника ABC. Тогда  где p  — полупериметр треугольника ABC. Далее, CK  =  CP, AP  =  AQ и  BK  =  BQ, следовательно,  или  Но тогда  что и требовалось доказать.б)  Заметим, что  тогда угол ACB равен 90°, из чего следует, что четырехугольник CLO1M  — квадрат. Таким образом,  Значит, четырехугольник POKC  — тоже квадрат, откуда  и  Тогда по тереме Пифагораоткуда OO1  =  30. Ответ: б) 30.",
        "html": "<div align=\"justify\" width=\"100%\" id=\"sol636519\" class=\"solution\" style=\"clear:both;\" class=\"pbody\"><p class=\"left_margin\"></p><b>Ре­ше­ние<!--rule_info-->. </b><p class=\"left_margin\"><img src=\"/get_file?id=120754\" style=\"float:right;margin:10px;max-width:100%\">а)  Пусть окруж­ность с цен­тром в точке <i>O</i> ка­са­ет­ся пря­мой <i>AB</i> в точке <i>Q</i>, а пря­мой <i>AC</i>  — в точке <i>P</i>. Окруж­ность с цен­тром в точке <i>O</i><sub>1</sub> ка­са­ет­ся пря­мой <i>AB</i> в точке <i>N</i>, а пря­мой <i>AC</i>  — в точке <i>M</i>. За­ме­тим, что <i>BL</i>  =  <i>BN</i> и <i>CL</i>  =  <i>CM</i>, сле­до­ва­тель­но, <i>AN</i> + <i>AM</i> есть пе­ри­метр тре­уголь­ни­ка <i>ABC</i>. Тогда <img src=\"https://ege.sdamgia.ru/formula/svg/fc/fccd7d09cad9bf45e9c8b4814c5b1bbb.svg\" class=\"tex\" style=\"vertical-align:-3.0pt\" alt=\"BL=p минус AB,\"> где <i>p</i>  — по­лу­пе­ри­метр тре­уголь­ни­ка <i>ABC</i>. </p><p class=\"left_margin\">Далее, <i>CK</i>  =  <i>CP</i>, <i>AP</i>  =  <i>AQ</i> и  <i>BK</i>  =  <i>BQ</i>, сле­до­ва­тель­но, <img src=\"https://ege.sdamgia.ru/formula/svg/27/27045275dcf47003b23b3ac07d9c89a0.svg\" class=\"tex\" style=\"vertical-align:-3.0pt\" alt=\"2CK=2p минус 2AB\"> или <img src=\"https://ege.sdamgia.ru/formula/svg/c3/c3d99e1791abf1d810ec0ab6732e47e1.svg\" class=\"tex\" style=\"vertical-align:-3.0pt\" alt=\"CK=p минус AB.\"> Но тогда <img src=\"https://ege.sdamgia.ru/formula/svg/43/432c6d1124418235a54accdf7855c3de.svg\" class=\"tex\" style=\"vertical-align:-3.0pt\" alt=\"CK=BL,\"> что и тре­бо­ва­лось до­ка­зать.</p><p class=\"left_margin\">б)  За­ме­тим, что <img src=\"https://ege.sdamgia.ru/formula/svg/a0/a006ec161fb94624226b0ac43fdd489d.svg\" class=\"tex\" style=\"vertical-align:-3.0pt\" alt=\"7 в квад­ра­те плюс 24 в квад­ра­те =25 в квад­ра­те ,\"> тогда угол <i>ACB</i> равен 90°, из чего сле­ду­ет, что че­ты­рех­уголь­ник <i>CLO</i><sub>1</sub><i>M</i>  — квад­рат. Таким об­ра­зом, </p><p class=\"left_margin\"></p><center><p><img src=\"https://ege.sdamgia.ru/formula/svg/5e/5e1d2ee3ea30c95ef8a0121e3ab9e2fd.svg\" class=\"tex\" style=\"vertical-align:-8.3pt\" alt=\"MO_1=CM=p минус AC= дробь: чис­ли­тель: 7 плюс 24 плюс 25, зна­ме­на­тель: 2 конец дроби минус 7=21. \"></p><p class=\"left_margin\"></p></center><p> Зна­чит, че­ты­рех­уголь­ник <i>POKC</i>  — тоже квад­рат, от­ку­да </p><p class=\"left_margin\"></p><center><p><img src=\"https://ege.sdamgia.ru/formula/svg/5c/5cba29e99ad90364c6b4e20d9417529b.svg\" class=\"tex\" style=\"vertical-align:-8.3pt\" alt=\"PO=CK= дробь: чис­ли­тель: 7 плюс 24 плюс 25, зна­ме­на­тель: 2 конец дроби минус 25=3 \"></p><p class=\"left_margin\"></p></center><p> и <img src=\"https://ege.sdamgia.ru/formula/svg/8e/8ee34c791770de119654ecab4577aeb2.svg\" class=\"tex\" style=\"vertical-align:-1.8pt\" alt=\"PM=CP плюс CM=24.\"> Тогда по те­ре­ме Пи­фа­го­ра</p><p class=\"left_margin\"></p><center><p><img src=\"https://ege.sdamgia.ru/formula/svg/a0/a0354f4870155d46fab5140499903204.svg\" class=\"tex\" style=\"vertical-align:-3.6pt\" alt=\"OO_1 в квад­ра­те =24 в квад­ра­те плюс левая круг­лая скоб­ка 21 минус 3 пра­вая круг­лая скоб­ка в квад­ра­те =30 в квад­ра­те ,\"></p><p class=\"left_margin\"></p></center><p>от­ку­да <i>OO</i><sub>1</sub>  =  30.</p><p>&nbsp;</p><p><span style=\"letter-spacing: 2px;\">Ответ:</span> б) 30.</p></div>",
        "image_urls": [
            "https://ege.sdamgia.ru/formula/svg/fc/fccd7d09cad9bf45e9c8b4814c5b1bbb.svg",
            "https://ege.sdamgia.ru/formula/svg/27/27045275dcf47003b23b3ac07d9c89a0.svg",
            "https://ege.sdamgia.ru/formula/svg/c3/c3d99e1791abf1d810ec0ab6732e47e1.svg",
            "https://ege.sdamgia.ru/formula/svg/43/432c6d1124418235a54accdf7855c3de.svg",
            "https://ege.sdamgia.ru/formula/svg/a0/a006ec161fb94624226b0ac43fdd489d.svg",
            "https://ege.sdamgia.ru/formula/svg/5e/5e1d2ee3ea30c95ef8a0121e3ab9e2fd.svg",
            "https://ege.sdamgia.ru/formula/svg/5c/5cba29e99ad90364c6b4e20d9417529b.svg",
            "https://ege.sdamgia.ru/formula/svg/8e/8ee34c791770de119654ecab4577aeb2.svg",
            "https://ege.sdamgia.ru/formula/svg/a0/a0354f4870155d46fab5140499903204.svg",
            "/get_file?id=120754"
        ]
    },
    "answer": "б) 30.",
    "topic_id": 17,
    "analog_ids": []
}