{
    "gia_type": "ege",
    "subject": "math",
    "id": 636746,
    "condition": {
        "text": "Диагонали выпуклого четырехугольника ABCD пересекаются в точке M. B треугольники AMB, BMC, CMD и AMD вписаны окружности с центрами O1, O2, O3 и O4 соответственно.а)  Докажите, что площадь четырёхугольника O1O2O3O4 равна б)  Пусть прямая O2O4 пересекает стороны BC и AD в точках P и Q соответственно. Найдите отношение AQ : QD, если известно, что около четырехугольника ABCD можно описать окружность, а отношение площадей треугольников СМР и ВМР равно 3 : 2.",
        "html": "<div align=\"justify\" width=\"100%\" id=\"body514486\" class=\"pbody\"><p class=\"left_margin\">Диа­го­на­ли вы­пук­ло­го че­ты­рех­уголь­ни­ка <i>ABCD</i> пе­ре­се­ка­ют­ся в точке <i>M</i>. B тре­уголь­ни­ки <i>AMB</i>, <i>BMC</i>, <i>CMD</i> и <i>AMD</i> впи­са­ны окруж­но­сти с цен­тра­ми <i>O</i><sub>1</sub>, <i>O</i><sub>2</sub>, <i>O</i><sub>3</sub> и <i>O</i><sub>4</sub> со­от­вет­ствен­но.</p><p class=\"left_margin\">а)  До­ка­жи­те, что пло­щадь четырёхуголь­ни­ка <i>O</i><sub>1</sub><i>O</i><sub>2</sub><i>O</i><sub>3</sub><i>O</i><sub>4</sub> равна <img src=\"https://ege.sdamgia.ru/formula/svg/21/21208ce9b72e725c9dac7ae1d65add3e.svg\" class=\"tex\" style=\"vertical-align:-8.3pt\" alt=\" дробь: чис­ли­тель: O_1 O_3 умно­жить на O_2 O_4, зна­ме­на­тель: 2 конец дроби . \"></p><p class=\"left_margin\">б)  Пусть пря­мая <i>O</i><sub>2</sub><i>O</i><sub>4</sub> пе­ре­се­ка­ет сто­ро­ны <i>BC</i> и <i>AD</i> в точ­ках <i>P</i> и <i>Q</i> со­от­вет­ствен­но. Най­ди­те от­но­ше­ние <i>AQ</i> : <i>QD</i>, если из­вест­но, что около че­ты­рех­уголь­ни­ка <i>ABCD</i> можно опи­сать окруж­ность, а от­но­ше­ние пло­ща­дей тре­уголь­ни­ков <i>СМР</i> и <i>ВМР</i> равно 3 : 2.</p></div>",
        "image_urls": [
            "https://ege.sdamgia.ru/formula/svg/21/21208ce9b72e725c9dac7ae1d65add3e.svg"
        ]
    },
    "solution": {
        "text": "Решение. а)  Центр окружности, вписанной в угол, лежит на биссектрисе этого угла. Отсюда следует, что диагонали четырёхугольника O1O2O3O4 пересекаются в точке M и  Тогда Что и требовалось доказать.б)  По свойству биссектрисы, получаем, что   откуда  Четырехугольник ABCD вписан в окружность, следовательно, по свойству пересекающихся хорд получаем, что  Значит,  Далее, вновь используя свойство биссектрисы, получаем, что Ответ: б) 2 : 3.",
        "html": "<div align=\"justify\" width=\"100%\" id=\"sol636746\" class=\"solution\" style=\"clear:both;\" class=\"pbody\"><p class=\"left_margin\"></p><b>Ре­ше­ние<!--rule_info-->. </b><p class=\"left_margin\"><img src=\"/get_file?id=121073\" style=\"float:right;margin:10px;max-width:100%\">а)  Центр окруж­но­сти, впи­сан­ной в угол, лежит на бис­сек­три­се этого угла. От­сю­да сле­ду­ет, что диа­го­на­ли четырёхуголь­ни­ка <i>O</i><sub>1</sub><i>O</i><sub>2</sub><i>O</i><sub>3</sub><i>O</i><sub>4</sub> пе­ре­се­ка­ют­ся в точке <i>M</i> и </p><p class=\"left_margin\"></p><center><p><img src=\"https://ege.sdamgia.ru/formula/svg/e6/e6cd64b4b493877486b5cca5c8596628.svg\" class=\"tex\" style=\"vertical-align:-8.4pt\" alt=\"\\angle O_1MO_2= дробь: чис­ли­тель: 1, зна­ме­на­тель: 2 конец дроби \\angle AMB плюс дробь: чис­ли­тель: 1, зна­ме­на­тель: 2 конец дроби \\angle BMC= дробь: чис­ли­тель: 1, зна­ме­на­тель: 2 конец дроби умно­жить на 180 гра­ду­сов =90 гра­ду­сов.\"></p><p class=\"left_margin\"></p></center><p> Тогда</p><p class=\"left_margin\"></p><center><p><img src=\"https://ege.sdamgia.ru/formula/svg/70/70d95a5ecff9097e9071e0c708ccbe97.svg\" class=\"tex\" style=\"vertical-align:-8.4pt\" alt=\"S_O_1O_2O_3O_4= дробь: чис­ли­тель: 1, зна­ме­на­тель: 2 конец дроби умно­жить на O_1O_3 умно­жить на O_2O_4.\"></p><p class=\"left_margin\"></p></center><p> Что и тре­бо­ва­лось до­ка­зать.</p><p class=\"left_margin\">б)  По свой­ству бис­сек­три­сы, по­лу­ча­ем, что  </p><p class=\"left_margin\"></p><center><p><img src=\"https://ege.sdamgia.ru/formula/svg/e4/e4a4cb38acf94b732ee8ac1c3e50cd07.svg\" class=\"tex\" style=\"vertical-align:-3.0pt\" alt=\"S_BMP:S_MPC=BP : PC=BM : MC,\"></p><p class=\"left_margin\"></p></center><p> от­ку­да <img src=\"https://ege.sdamgia.ru/formula/svg/44/44a698d7690875f937260687a116b381.svg\" class=\"tex\" style=\"vertical-align:-1.8pt\" alt=\"BM:MC=2:3.\"> </p><p class=\"left_margin\">Че­ты­рех­уголь­ник <i>ABCD</i> впи­сан в окруж­ность, сле­до­ва­тель­но, по свой­ству пе­ре­се­ка­ю­щих­ся хорд по­лу­ча­ем, что <img src=\"https://ege.sdamgia.ru/formula/svg/56/563d1677844c8634b3b6e7ce517b2810.svg\" class=\"tex\" style=\"vertical-align:-1.8pt\" alt=\"AM умно­жить на MC=BM умно­жить на MD.\"> Зна­чит, <img src=\"https://ege.sdamgia.ru/formula/svg/ce/ce3e5c502be10cca9b6e45717d1276f1.svg\" class=\"tex\" style=\"vertical-align:-1.8pt\" alt=\"AM:MD=BM:MC.\"> Далее, вновь ис­поль­зуя свой­ство бис­сек­три­сы, по­лу­ча­ем, что </p><p class=\"left_margin\"></p><center><p><img src=\"https://ege.sdamgia.ru/formula/svg/eb/eb6e00166b45bfcac3a273e58a5eabee.svg\" class=\"tex\" style=\"vertical-align:-3.0pt\" alt=\"AQ:QD=AM:MD=2:3.\"></p><p class=\"left_margin\"></p></center><p><span style=\"letter-spacing: 2px;\">Ответ:</span> б) 2 : 3.</p></div>",
        "image_urls": [
            "https://ege.sdamgia.ru/formula/svg/e6/e6cd64b4b493877486b5cca5c8596628.svg",
            "https://ege.sdamgia.ru/formula/svg/70/70d95a5ecff9097e9071e0c708ccbe97.svg",
            "https://ege.sdamgia.ru/formula/svg/e4/e4a4cb38acf94b732ee8ac1c3e50cd07.svg",
            "https://ege.sdamgia.ru/formula/svg/44/44a698d7690875f937260687a116b381.svg",
            "https://ege.sdamgia.ru/formula/svg/56/563d1677844c8634b3b6e7ce517b2810.svg",
            "https://ege.sdamgia.ru/formula/svg/ce/ce3e5c502be10cca9b6e45717d1276f1.svg",
            "https://ege.sdamgia.ru/formula/svg/eb/eb6e00166b45bfcac3a273e58a5eabee.svg",
            "/get_file?id=121073"
        ]
    },
    "answer": "б) 2 : 3.",
    "topic_id": 17,
    "analog_ids": []
}