{
    "gia_type": "ege",
    "subject": "math",
    "id": 640914,
    "condition": {
        "text": "Окружность касается одной из сторон прямого угла с вершиной D в точке E и пересекает вторую сторону в точках A и B (точка A лежит между B и D). В окружности проведён диаметр AC.а)  Докажите, что отрезок BC вдвое больше отрезка DE.б)  Найдите расстояние от точки E до прямой AC, если AD  =  4 и AB  =  5.",
        "html": "<div align=\"justify\" width=\"100%\" id=\"body502126\" class=\"pbody\"><p class=\"left_margin\">Окруж­ность ка­са­ет­ся одной из сто­рон пря­мо­го угла с вер­ши­ной <i>D</i> в точке <i>E</i> и пе­ре­се­ка­ет вто­рую сто­ро­ну в точ­ках <i>A</i> и <i>B</i> (точка <i>A</i> лежит между <i>B</i> и <i>D</i>). В окруж­но­сти про­ведён диа­метр <i>AC</i>.</p><p class=\"left_margin\">а)  До­ка­жи­те, что от­ре­зок <i>BC</i> вдвое боль­ше от­рез­ка <i>DE</i>.</p><p class=\"left_margin\">б)  Най­ди­те рас­сто­я­ние от точки <i>E</i> до пря­мой <i>AC</i>, если <i>AD</i>  =  4 и <i>AB</i>  =  5.</p></div>",
        "image_urls": []
    },
    "solution": {
        "text": "Решение. a)  Пусть O  — центр окружности, а прямая EO пересекает BC в точке Q. Радиус OE перпендикулярен касательной DE, следовательно, прямые EO и AB параллельны. Вписанный угол ABC прямой. Значит, прямые CB и ED параллельны. Четырёхугольник BQED прямоугольник. Отрезок OQ  — перпендикуляр к хорде BC. Значит, Q  — середина BC. Тогда б)  По теореме о касательной и секущей:  откуда DE  =  6. Тогда  По теореме Пифагора:  откуда  Так как AC  — диаметр окружности, углы ABC и AEC прямые. Поэтому:   откуда AC  =  13, значит, Перпендикуляр EH, опущенный из точки E на прямую AC,  — высота прямоугольного треугольника AEC, проведённая из вершины прямого угла, следовательно, Ответ: б)  6. Приведем решение пункта б) Андрея Субаева. Отрезки OE и OC равны как радиусы окружности. Углы EOH и COQ равны как вертикальные. Угол CQO  прямой по доказанному в пункте а). Тогда прямоугольные треугольники OEH и OCQ равны по гипотенузе и острому углу, следовательно, EH  =  CQ.По теореме о касательной и секущей:  откуда DE  =  6. Тогда  По доказанному в пункте а) точка Q  — середина BC, тогда EH  =  QC  =  6. Приведем решение пункта б) Вадима Степанюка.По теореме о касательной и секущей  откуда DE  =  6. Тогда  В треугольнике ABC по теореме Пифагора  откуда AC  =  13, а тогда  AO  =  EO  =  6,5.Выразим площадь треугольника AEO двумя способами:   тогда",
        "html": "<div align=\"justify\" width=\"100%\" id=\"sol640914\" class=\"solution\" style=\"clear:both;\" class=\"pbody\"><p class=\"left_margin\"></p><b>Ре­ше­ние<!--rule_info-->. </b><p class=\"left_margin\"><img src=\"/get_file?id=131640\" style=\"float:right;margin:10px;max-width:100%\">a)  Пусть <i>O</i>  — центр окруж­но­сти, а пря­мая <i>EO</i> пе­ре­се­ка­ет <i>BC</i> в точке <i>Q</i>. Ра­ди­ус <i>OE</i> пер­пен­ди­ку­ля­рен ка­са­тель­ной <i>DE</i>, сле­до­ва­тель­но, пря­мые <i>EO</i> и <i>AB</i> па­рал­лель­ны. Впи­сан­ный угол <i>ABC</i> пря­мой. Зна­чит, пря­мые <i>CB</i> и <i>ED</i> па­рал­лель­ны. Четырёхуголь­ник <i>BQED</i> пря­мо­уголь­ник. От­ре­зок <i>OQ</i>  — пер­пен­ди­ку­ляр к хорде <i>BC</i>. Зна­чит, <i>Q</i>  — се­ре­ди­на <i>BC</i>. Тогда <img src=\"https://ege.sdamgia.ru/formula/svg/0f/0ff66821fe37f110c94410f59b5d6867.svg\" class=\"tex\" style=\"vertical-align:-3.0pt\" alt=\"B C = 2 B Q = 2 D E.\"></p><p class=\"left_margin\">б)  По тео­ре­ме о ка­са­тель­ной и се­ку­щей: </p><p class=\"left_margin\"></p><center><p><img src=\"https://ege.sdamgia.ru/formula/svg/93/9360306ec8c2f8f1bc8079b9271ac34b.svg\" class=\"tex\" style=\"vertical-align:-3.6pt\" alt=\" D E в квад­ра­те = A D умно­жить на левая круг­лая скоб­ка A D плюс A B пра­вая круг­лая скоб­ка = 4 левая круг­лая скоб­ка 4 плюс 5 пра­вая круг­лая скоб­ка =36,\"></p><p class=\"left_margin\"></p></center><p> от­ку­да <i>DE</i>  =  6. Тогда <img src=\"https://ege.sdamgia.ru/formula/svg/7f/7f0f2ba85422cfbeb6afd7f9d5ecf2b1.svg\" class=\"tex\" style=\"vertical-align:-1.8pt\" alt=\"B C=2 D E=12.\"> По тео­ре­ме Пи­фа­го­ра: </p><p class=\"left_margin\"></p><center><p><img src=\"https://ege.sdamgia.ru/formula/svg/c0/c0c7e4d365fcac17584d31efcf92e29e.svg\" class=\"tex\" style=\"vertical-align:-3.0pt\" alt=\" A E в квад­ра­те = A D в квад­ра­те плюс D E в квад­ра­те = 16 плюс 36 = 52,\"></p><p class=\"left_margin\"></p></center><p> от­ку­да <img src=\"https://ege.sdamgia.ru/formula/svg/20/204fdda8ae9295ab24d64f523b11dcf9.svg\" class=\"tex\" style=\"vertical-align:-1.8pt\" alt=\"A E=2 ко­рень из: на­ча­ло ар­гу­мен­та: 13 конец ар­гу­мен­та . \"> </p><p class=\"left_margin\">Так как <i>AC</i>  — диа­метр окруж­но­сти, углы <i>ABC</i> и <i>AEC</i> пря­мые. По­это­му: </p><p class=\"left_margin\"></p><center><p><img src=\"https://ege.sdamgia.ru/formula/svg/33/339b8179e1d4d64d612671858d9a98b1.svg\" class=\"tex\" style=\"vertical-align:-3.0pt\" alt=\"A C в квад­ра­те = A B в квад­ра­те плюс B C в квад­ра­те = 25 плюс 144 = 169, \"> </p><p class=\"left_margin\"></p></center><p> от­ку­да <i>AC</i>  =  13, зна­чит, </p><p class=\"left_margin\"></p><center><p><img src=\"https://ege.sdamgia.ru/formula/svg/c3/c3aeca1f43ea1a2960834abb7763f343.svg\" class=\"tex\" style=\"vertical-align:-2.5pt\" alt=\"C E = ко­рень из: на­ча­ло ар­гу­мен­та: A C в квад­ра­те минус A E в квад­ра­те конец ар­гу­мен­та = ко­рень из: на­ча­ло ар­гу­мен­та: 169 минус 52 конец ар­гу­мен­та = 3 ко­рень из: на­ча­ло ар­гу­мен­та: 13 конец ар­гу­мен­та .\"></p><p class=\"left_margin\"></p></center><p class=\"left_margin\">Пер­пен­ди­ку­ляр <i>EH</i>, опу­щен­ный из точки <i>E</i> на пря­мую <i>AC</i>,  — вы­со­та пря­мо­уголь­но­го тре­уголь­ни­ка <i>AEC</i>, про­ведённая из вер­ши­ны пря­мо­го угла, сле­до­ва­тель­но, </p><p class=\"left_margin\"></p><center><p><img src=\"https://ege.sdamgia.ru/formula/svg/54/54abd7f68a07891973b3b70c477b8a7b.svg\" class=\"tex\" style=\"vertical-align:-8.6pt\" alt=\" E H = дробь: чис­ли­тель: C E умно­жить на A E, зна­ме­на­тель: A C конец дроби = дробь: чис­ли­тель: 3 ко­рень из: на­ча­ло ар­гу­мен­та: 13 конец ар­гу­мен­та умно­жить на 2 ко­рень из: на­ча­ло ар­гу­мен­та: 13 конец ар­гу­мен­та , зна­ме­на­тель: 13 конец дроби = 6. \"></p><p class=\"left_margin\"></p></center><p><span style=\"letter-spacing: 2px;\">Ответ:</span> б)  6.</p><p>&nbsp;</p><p><b>При­ве­дем ре­ше­ние пунк­та б) Ан­дрея Суб­ае­ва. </b></p><p class=\"left_margin\">От­рез­ки <i>OE</i> и <i>OC</i> равны как ра­ди­у­сы окруж­но­сти. Углы <i>EOH</i> и <i>COQ</i> равны как вер­ти­каль­ные. Угол <i>CQO</i>  пря­мой по до­ка­зан­но­му в пунк­те а). Тогда пря­мо­уголь­ные тре­уголь­ни­ки <i>OEH</i> и <i>OCQ</i> равны по ги­по­те­ну­зе и остро­му углу, сле­до­ва­тель­но, <i>EH</i>  =  <i>CQ</i>.</p><p class=\"left_margin\">По тео­ре­ме о ка­са­тель­ной и се­ку­щей: </p><p class=\"left_margin\"></p><center><p><img src=\"https://ege.sdamgia.ru/formula/svg/93/9360306ec8c2f8f1bc8079b9271ac34b.svg\" class=\"tex\" style=\"vertical-align:-3.6pt\" alt=\" D E в квад­ра­те = A D умно­жить на левая круг­лая скоб­ка A D плюс A B пра­вая круг­лая скоб­ка = 4 левая круг­лая скоб­ка 4 плюс 5 пра­вая круг­лая скоб­ка =36,\"></p><p class=\"left_margin\"></p></center><p> от­ку­да <i>DE</i>  =  6. Тогда <img src=\"https://ege.sdamgia.ru/formula/svg/7f/7f0f2ba85422cfbeb6afd7f9d5ecf2b1.svg\" class=\"tex\" style=\"vertical-align:-1.8pt\" alt=\"B C=2 D E=12.\"> По до­ка­зан­но­му в пунк­те а) точка <i>Q</i>  — се­ре­ди­на <i>BC</i>, тогда <i>EH</i>  =  <i>QC</i>  =  6.</p><p>&nbsp;</p><p><b>При­ве­дем ре­ше­ние пунк­та б) Ва­ди­ма Сте­па­ню­ка.</b></p><p class=\"left_margin\">По тео­ре­ме о ка­са­тель­ной и се­ку­щей <img src=\"https://ege.sdamgia.ru/formula/svg/93/9360306ec8c2f8f1bc8079b9271ac34b.svg\" class=\"tex\" style=\"vertical-align:-3.6pt\" alt=\" D E в квад­ра­те = A D умно­жить на левая круг­лая скоб­ка A D плюс A B пра­вая круг­лая скоб­ка = 4 левая круг­лая скоб­ка 4 плюс 5 пра­вая круг­лая скоб­ка =36,\"> от­ку­да <i>DE</i>  =  6. Тогда <img src=\"https://ege.sdamgia.ru/formula/svg/7f/7f0f2ba85422cfbeb6afd7f9d5ecf2b1.svg\" class=\"tex\" style=\"vertical-align:-1.8pt\" alt=\"B C=2 D E=12.\"> В тре­уголь­ни­ке <i>ABC</i> по тео­ре­ме Пи­фа­го­ра <img src=\"https://ege.sdamgia.ru/formula/svg/a5/a5b69b8275c0b111ab899fc7acd464c4.svg\" class=\"tex\" style=\"vertical-align:-3.0pt\" alt=\" AC в квад­ра­те = A B в квад­ра­те плюс BC в квад­ра­те = 169,\"> от­ку­да <i>AC</i>  =  13, а тогда  <i>AO</i>  =  <i>EO</i>  =  6,5.</p><p class=\"left_margin\">Вы­ра­зим пло­щадь тре­уголь­ни­ка <i>AEO</i> двумя спо­со­ба­ми: <img src=\"https://ege.sdamgia.ru/formula/svg/63/63ab7f757d660ca065291d6ce3828e1b.svg\" class=\"tex\" style=\"vertical-align:-8.4pt\" alt=\"S_AEO= дробь: чис­ли­тель: 1, зна­ме­на­тель: 2 конец дроби EO умно­жить на DE,\"> <img src=\"https://ege.sdamgia.ru/formula/svg/7c/7c2e1b9eb801fb3b5e7d9b2aadb55e7c.svg\" class=\"tex\" style=\"vertical-align:-8.4pt\" alt=\"S_AEO= дробь: чис­ли­тель: 1, зна­ме­на­тель: 2 конец дроби AO умно­жить на EH,\"> тогда</p><p class=\"left_margin\"></p><center><p><img src=\"https://ege.sdamgia.ru/formula/svg/09/09952b091cfef585513f03b807509e45.svg\" class=\"tex\" style=\"vertical-align:-8.4pt\" alt=\" EH= дробь: чис­ли­тель: EO умно­жить на DE, зна­ме­на­тель: AO конец дроби =DE=6. \"></p><p class=\"left_margin\"></p></center></div>",
        "image_urls": [
            "https://ege.sdamgia.ru/formula/svg/0f/0ff66821fe37f110c94410f59b5d6867.svg",
            "https://ege.sdamgia.ru/formula/svg/93/9360306ec8c2f8f1bc8079b9271ac34b.svg",
            "https://ege.sdamgia.ru/formula/svg/7f/7f0f2ba85422cfbeb6afd7f9d5ecf2b1.svg",
            "https://ege.sdamgia.ru/formula/svg/c0/c0c7e4d365fcac17584d31efcf92e29e.svg",
            "https://ege.sdamgia.ru/formula/svg/20/204fdda8ae9295ab24d64f523b11dcf9.svg",
            "https://ege.sdamgia.ru/formula/svg/33/339b8179e1d4d64d612671858d9a98b1.svg",
            "https://ege.sdamgia.ru/formula/svg/c3/c3aeca1f43ea1a2960834abb7763f343.svg",
            "https://ege.sdamgia.ru/formula/svg/54/54abd7f68a07891973b3b70c477b8a7b.svg",
            "https://ege.sdamgia.ru/formula/svg/93/9360306ec8c2f8f1bc8079b9271ac34b.svg",
            "https://ege.sdamgia.ru/formula/svg/7f/7f0f2ba85422cfbeb6afd7f9d5ecf2b1.svg",
            "https://ege.sdamgia.ru/formula/svg/93/9360306ec8c2f8f1bc8079b9271ac34b.svg",
            "https://ege.sdamgia.ru/formula/svg/7f/7f0f2ba85422cfbeb6afd7f9d5ecf2b1.svg",
            "https://ege.sdamgia.ru/formula/svg/a5/a5b69b8275c0b111ab899fc7acd464c4.svg",
            "https://ege.sdamgia.ru/formula/svg/63/63ab7f757d660ca065291d6ce3828e1b.svg",
            "https://ege.sdamgia.ru/formula/svg/7c/7c2e1b9eb801fb3b5e7d9b2aadb55e7c.svg",
            "https://ege.sdamgia.ru/formula/svg/09/09952b091cfef585513f03b807509e45.svg",
            "/get_file?id=131640"
        ]
    },
    "answer": "б)  6.",
    "topic_id": 17,
    "analog_ids": []
}