{
    "gia_type": "ege",
    "subject": "math",
    "id": 646298,
    "condition": {
        "text": "Окружности ω1 и ω2 радиусов 4 и 1 соответственно касаются внешним образом в точке А. Через точку В, лежащую на окружности ω1, проведена прямая, касающаяся окружности ω2 в точке М.а)  Докажите, что отношение отрезков прямой АВ, отсекаемых окружностями, равно отношению их радиусов.б)  Найдите ВМ, если известно, что AB  =  2.",
        "html": "<div align=\"justify\" width=\"100%\" id=\"body504422\" class=\"pbody\"><p class=\"left_margin\">Окруж­но­сти ω<sub>1</sub> и ω<sub>2</sub> ра­ди­у­сов 4 и 1 со­от­вет­ствен­но ка­са­ют­ся внеш­ним об­ра­зом в точке <i>А</i>. Через точку <i>В</i>, ле­жа­щую на окруж­но­сти ω<sub>1</sub>, про­ве­де­на пря­мая, ка­са­ю­ща­я­ся окруж­но­сти ω<sub>2</sub> в точке <i>М</i>.</p><p class=\"left_margin\">а)  До­ка­жи­те, что от­но­ше­ние от­рез­ков пря­мой <i>АВ</i>, от­се­ка­е­мых окруж­но­стя­ми, равно от­но­ше­нию их ра­ди­у­сов.</p><p class=\"left_margin\">б)  Най­ди­те <i>ВМ</i>, если из­вест­но, что <i>AB</i>  =  2.</p></div>",
        "image_urls": []
    },
    "solution": {
        "text": "Решение. а)  Пусть  C  — вторая точка пересечения прямой AB и окружности ω2, и пусть точки O1 и O2  — центры окружностей. Тогда треугольники O1AB и O2AC подобны, так как  как вертикальные и  Значит,  Что и требовалось доказать.б)  По теореме о квадрате касательной  Из пункта а) следует, что  Тогда  откуда  Следовательно,  Ответ: б)  Примечание к пункту б).Из точки В можно провести две касательные к окружности ω2. Приведенные рассуждения не зависят от положения точки М на окружности, а потому сохраняют свою силу для любой из касательных.",
        "html": "<div align=\"justify\" width=\"100%\" id=\"sol646298\" class=\"solution\" style=\"clear:both;\" class=\"pbody\"><p class=\"left_margin\"></p><b>Ре­ше­ние<!--rule_info-->. </b><p class=\"left_margin\"><img src=\"/get_file?id=145417\" style=\"float:right;margin:10px;max-width:100%\">а)  Пусть  <i>C</i>  — вто­рая точка пе­ре­се­че­ния пря­мой <i>AB</i> и окруж­но­сти ω<sub>2</sub>, и пусть точки <i>O</i><sub>1</sub> и <i>O</i><sub>2</sub>  — цен­тры окруж­но­стей. Тогда тре­уголь­ни­ки <i>O</i><sub>1</sub><i>AB</i> и <i>O</i><sub>2</sub><i>AC</i> по­доб­ны, так как <img src=\"https://ege.sdamgia.ru/formula/svg/51/5135d3e4859442163487d20d5cc06954.svg\" class=\"tex\" style=\"vertical-align:-2.5pt\" alt=\"\\angle O_1AB = \\angle O_2AC\"> как вер­ти­каль­ные и </p><p class=\"left_margin\"></p><center><p><img src=\"https://ege.sdamgia.ru/formula/svg/10/10ebe8f5f008edbd2f0d42781143eac7.svg\" class=\"tex\" style=\"vertical-align:-2.5pt\" alt=\"\\angle O_1BA = \\angle O_1AB = \\angle O_2AC = \\angle O_2 CA.\"></p><p class=\"left_margin\"></p></center><p> Зна­чит, <img src=\"https://ege.sdamgia.ru/formula/svg/13/13b1039dc9cf6142d910289f0f5b2245.svg\" class=\"tex\" style=\"vertical-align:-2.5pt\" alt=\"AB : AC = O_1A : O_2 A.\"> Что и тре­бо­ва­лось до­ка­зать.</p><p class=\"left_margin\">б)  По тео­ре­ме о квад­ра­те ка­са­тель­ной <img src=\"https://ege.sdamgia.ru/formula/svg/d6/d6ea027b9b108c29236d722bbb6123b0.svg\" class=\"tex\" style=\"vertical-align:-1.8pt\" alt=\"BM в квад­ра­те = BA умно­жить на BC.\"> Из пунк­та а) сле­ду­ет, что </p><p class=\"left_margin\"></p><center><p><img src=\"https://ege.sdamgia.ru/formula/svg/bc/bc2f448640b81e408a50842f4cddbf70.svg\" class=\"tex\" style=\"vertical-align:-10.0pt\" alt=\"AC = дробь: чис­ли­тель: O_2A, зна­ме­на­тель: O_1A конец дроби умно­жить на AB = дробь: чис­ли­тель: 1, зна­ме­на­тель: 4 конец дроби умно­жить на 2 = дробь: чис­ли­тель: 1, зна­ме­на­тель: 2 конец дроби . \"></p><p class=\"left_margin\"></p></center><p> Тогда <img src=\"https://ege.sdamgia.ru/formula/svg/60/60837ce43b3cd4c86d269d0f06a76374.svg\" class=\"tex\" style=\"vertical-align:-8.3pt\" alt=\"BC = дробь: чис­ли­тель: 5, зна­ме­на­тель: 2 конец дроби ,\"> от­ку­да <img src=\"https://ege.sdamgia.ru/formula/svg/09/0961500fef8f963c9d4f06a055b5b0d1.svg\" class=\"tex\" style=\"vertical-align:-8.3pt\" alt=\"BM в квад­ра­те = 2 умно­жить на дробь: чис­ли­тель: 5, зна­ме­на­тель: 2 конец дроби .\"> Сле­до­ва­тель­но, <img src=\"https://ege.sdamgia.ru/formula/svg/eb/eb94eaae110db4cd806a8784d5cfece9.svg\" class=\"tex\" style=\"vertical-align:-1.8pt\" alt=\"BM = ко­рень из: на­ча­ло ар­гу­мен­та: 5 конец ар­гу­мен­та .\"></p><p>&nbsp;</p><p><span style=\"letter-spacing: 2px;\">Ответ:</span> б) <img src=\"https://ege.sdamgia.ru/formula/svg/cb/cb24a19df8c059d149043016488a3d76.svg\" class=\"tex\" style=\"vertical-align:-1.8pt\" alt=\" ко­рень из: на­ча­ло ар­гу­мен­та: 5 конец ар­гу­мен­та .\"></p><p>&nbsp;</p><p><b>При­ме­ча­ние к пунк­ту б).</b></p><p class=\"left_margin\">Из точки <i>В</i> можно про­ве­сти две ка­са­тель­ные к окруж­но­сти ω<sub>2</sub>. При­ве­ден­ные рас­суж­де­ния не за­ви­сят от по­ло­же­ния точки <i>М</i> на окруж­но­сти, а по­то­му со­хра­ня­ют свою силу для любой из ка­са­тель­ных.</p></div>",
        "image_urls": [
            "https://ege.sdamgia.ru/formula/svg/51/5135d3e4859442163487d20d5cc06954.svg",
            "https://ege.sdamgia.ru/formula/svg/10/10ebe8f5f008edbd2f0d42781143eac7.svg",
            "https://ege.sdamgia.ru/formula/svg/13/13b1039dc9cf6142d910289f0f5b2245.svg",
            "https://ege.sdamgia.ru/formula/svg/d6/d6ea027b9b108c29236d722bbb6123b0.svg",
            "https://ege.sdamgia.ru/formula/svg/bc/bc2f448640b81e408a50842f4cddbf70.svg",
            "https://ege.sdamgia.ru/formula/svg/60/60837ce43b3cd4c86d269d0f06a76374.svg",
            "https://ege.sdamgia.ru/formula/svg/09/0961500fef8f963c9d4f06a055b5b0d1.svg",
            "https://ege.sdamgia.ru/formula/svg/eb/eb94eaae110db4cd806a8784d5cfece9.svg",
            "https://ege.sdamgia.ru/formula/svg/cb/cb24a19df8c059d149043016488a3d76.svg",
            "/get_file?id=145417"
        ]
    },
    "answer": "б)",
    "topic_id": 17,
    "analog_ids": []
}