{
    "gia_type": "ege",
    "subject": "math",
    "id": 652641,
    "condition": {
        "text": "Окружности с центрами O1 и O2 разных радиусов пересекаются в точках А и В. Хорда АС большей окружности пересекает меньшую окружность в точке М и делится этой точкой пополам.а)  Докажите, что проекция отрезка O1O2 на прямую AC в четыре раза меньше AC.б)  Найдите O1O2, если известно, что радиусы окружностей равны 10 и 15, а АС  =  24.",
        "html": "<div align=\"justify\" width=\"100%\" id=\"body498589\" class=\"pbody\"><p class=\"left_margin\">Окруж­но­сти с цен­тра­ми <i>O</i><sub>1</sub> и <i>O</i><sub>2</sub> раз­ных ра­ди­у­сов пе­ре­се­ка­ют­ся в точ­ках <i>А</i> и <i>В</i>. Хорда <i>АС</i> боль­шей окруж­но­сти пе­ре­се­ка­ет мень­шую окруж­ность в точке <i>М</i> и де­лит­ся этой точ­кой по­по­лам.</p><p class=\"left_margin\">а)  До­ка­жи­те, что про­ек­ция от­рез­ка <i>O</i><sub>1</sub><i>O</i><sub>2</sub> на пря­мую <i>AC</i> в че­ты­ре раза мень­ше <i>AC</i>.</p><p class=\"left_margin\">б)  Най­ди­те <i>O</i><sub>1</sub><i>O</i><sub>2</sub>, если из­вест­но, что ра­ди­у­сы окруж­но­стей <nobr>равны 10</nobr> <nobr>и 15,</nobr> а <i>АС</i>  =  24.</p></div>",
        "image_urls": []
    },
    "solution": {
        "text": "Решение. а)  Пусть O1H1  — перпендикуляр, проведенный к прямой AC из центра большей окружности, а O2H2  — перпендикуляр, проведенный к AC из центра меньшей окружности. Радиус, перпендикулярный хорде, делит эту хорду пополам. Поэтому точка H2  — cередина AM, а точка M совпадает с точкой H1. Тогда: Что и требовалось доказать.б)  Проведем через O2 прямую, параллельную AC. Пусть эта прямая пересекает прямую O1H1 в точке F. Тогда четырехугольник H2O2FH1  — прямоугольник со стороной  Находим: Отсюда   Ответ: б) ",
        "html": "<div align=\"justify\" width=\"100%\" id=\"sol652641\" class=\"solution\" style=\"clear:both;\" class=\"pbody\"><p class=\"left_margin\"></p><b>Ре­ше­ние<!--rule_info-->. </b><p class=\"left_margin\"><img src=\"/get_file?id=162787\" style=\"float:right;margin:10px;max-width:100%\"></p><p class=\"left_margin\">а)  Пусть <i>O</i><sub>1</sub><i>H</i><sub>1</sub>  — пер­пен­ди­ку­ляр, про­ве­ден­ный к пря­мой <i>AC</i> из цен­тра боль­шей окруж­но­сти, а <i>O</i><sub>2</sub><i>H</i><sub>2</sub>  — пер­пен­ди­ку­ляр, про­ве­ден­ный к <i>AC</i> из цен­тра мень­шей окруж­но­сти. Ра­ди­ус, пер­пен­ди­ку­ляр­ный хорде, делит эту хорду по­по­лам. По­это­му точка <i>H</i><sub>2</sub>  — cере­ди­на <i>AM</i>, а точка <i>M</i> сов­па­да­ет с точ­кой <i>H</i><sub>1</sub>. Тогда:</p><p class=\"left_margin\"></p><center><p><img src=\"https://ege.sdamgia.ru/formula/svg/51/51344ea7a32f7acab6ddbda01407b958.svg\" class=\"tex\" style=\"vertical-align:-8.4pt\" alt=\"H_1 H_2 = дробь: чис­ли­тель: 1, зна­ме­на­тель: 2 конец дроби AC минус дробь: чис­ли­тель: 1, зна­ме­на­тель: 2 конец дроби AM = дробь: чис­ли­тель: 1, зна­ме­на­тель: 4 конец дроби AC.\"></p><p class=\"left_margin\"></p></center><p> Что и тре­бо­ва­лось до­ка­зать.</p><p class=\"left_margin\">б)  Про­ве­дем через <i>O</i><sub>2</sub> пря­мую, па­рал­лель­ную <i>AC</i>. Пусть эта пря­мая пе­ре­се­ка­ет пря­мую <i>O</i><sub>1</sub><i>H</i><sub>1</sub> в точке <i>F</i>. Тогда че­ты­рех­уголь­ник <i>H</i><sub>2</sub><i>O</i><sub>2</sub><i>FH</i><sub>1</sub>  — пря­мо­уголь­ник со сто­ро­ной <img src=\"https://ege.sdamgia.ru/formula/svg/d9/d9997e67d3d9bfaff68abbc21bdfa108.svg\" class=\"tex\" style=\"vertical-align:-8.4pt\" alt=\"H_1 H_2 = дробь: чис­ли­тель: 24, зна­ме­на­тель: 4 конец дроби = 6. \"> На­хо­дим:</p><p class=\"left_margin\"></p><center><p><span data-width=\"640\" data-formulahash=\"8dbc74530b7ac3bdf59daff038a3b5be\" class=\"tex-span\" style=\"\"><img src=\"https://ege.sdamgia.ru/formula/svg/e0/e061c0eb33c4b2db3d6f00cf5b94fbfd.svg\" class=\"tex\" style=\"vertical-align:-3.6pt\" alt=\"O_1 O_2 в квад­ра­те = O_1 F в квад­ра­те плюс FO_2 в квад­ра­те = левая круг­лая скоб­ка O_1 H_1 плюс O_2 H_2 пра­вая круг­лая скоб­ка в квад­ра­те плюс левая круг­лая скоб­ка H_1 H_2 пра­вая круг­лая скоб­ка в квад­ра­те =\"><br><img src=\"https://ege.sdamgia.ru/formula/svg/b2/b24645ef712627e1e03e2edba2b1af5f.svg\" class=\"tex\" style=\"vertical-align:-3.6pt\" alt=\"= левая круг­лая скоб­ка ко­рень из: на­ча­ло ар­гу­мен­та: 15 в квад­ра­те минус 12 в квад­ра­те конец ар­гу­мен­та плюс ко­рень из: на­ча­ло ар­гу­мен­та: 10 в квад­ра­те минус 6 в квад­ра­те конец ар­гу­мен­та пра­вая круг­лая скоб­ка в квад­ра­те плюс 6 в квад­ра­те = 289 плюс 36 = 325.\"></span><span data-width=\"340\" data-formulahash=\"8dbc74530b7ac3bdf59daff038a3b5be\" class=\"tex-span\" style=\"display:none\"><img src=\"https://ege.sdamgia.ru/formula/svg/28/281561e9f95f3cd84be24f52edd34aa0.svg\" class=\"tex\" style=\"vertical-align:-3.6pt\" alt=\"O_1 O_2 в квад­ра­те = O_1 F в квад­ра­те плюс FO_2 в квад­ра­те =\"><br><img src=\"https://ege.sdamgia.ru/formula/svg/7c/7c08df84d73a361f9f76a7f82d596984.svg\" class=\"tex\" style=\"vertical-align:-3.6pt\" alt=\"= левая круг­лая скоб­ка O_1 H_1 плюс O_2 H_2 пра­вая круг­лая скоб­ка в квад­ра­те плюс левая круг­лая скоб­ка H_1 H_2 пра­вая круг­лая скоб­ка в квад­ра­те =\"><br><img src=\"https://ege.sdamgia.ru/formula/svg/ae/ae05411e7d7d4c2c87fdbf571982e2d1.svg\" class=\"tex\" style=\"vertical-align:-3.6pt\" alt=\"= левая круг­лая скоб­ка ко­рень из: на­ча­ло ар­гу­мен­та: 15 в квад­ра­те минус 12 в квад­ра­те конец ар­гу­мен­та плюс ко­рень из: на­ча­ло ар­гу­мен­та: 10 в квад­ра­те минус 6 в квад­ра­те конец ар­гу­мен­та пра­вая круг­лая скоб­ка в квад­ра­те плюс 6 в квад­ра­те =\"><br><img src=\"https://ege.sdamgia.ru/formula/svg/e0/e07bf230eb0d8e4202cee01afc3bb46f.svg\" class=\"tex\" style=\"vertical-align:-1.8pt\" alt=\"= 289 плюс 36 = 325.\"></span></p><p class=\"left_margin\"></p></center><p> От­сю­да <img src=\"https://ege.sdamgia.ru/formula/svg/ea/ea642705aa7bf866b66b5341553ebc30.svg\" class=\"tex\" style=\"vertical-align:-2.6pt\" alt=\"O_1 O_2 = 5 ко­рень из: на­ча­ло ар­гу­мен­та: 13 конец ар­гу­мен­та .\"> </p><p>&nbsp;</p><p><span style=\"letter-spacing: 2px;\">Ответ:</span> б) <img src=\"https://ege.sdamgia.ru/formula/svg/ca/ca033a311e7bca03056b6687c5c4f85f.svg\" class=\"tex\" style=\"vertical-align:-1.8pt\" alt=\"5 ко­рень из: на­ча­ло ар­гу­мен­та: 13 конец ар­гу­мен­та .\"></p></div>",
        "image_urls": [
            "https://ege.sdamgia.ru/formula/svg/51/51344ea7a32f7acab6ddbda01407b958.svg",
            "https://ege.sdamgia.ru/formula/svg/d9/d9997e67d3d9bfaff68abbc21bdfa108.svg",
            "https://ege.sdamgia.ru/formula/svg/e0/e061c0eb33c4b2db3d6f00cf5b94fbfd.svg",
            "https://ege.sdamgia.ru/formula/svg/b2/b24645ef712627e1e03e2edba2b1af5f.svg",
            "https://ege.sdamgia.ru/formula/svg/28/281561e9f95f3cd84be24f52edd34aa0.svg",
            "https://ege.sdamgia.ru/formula/svg/7c/7c08df84d73a361f9f76a7f82d596984.svg",
            "https://ege.sdamgia.ru/formula/svg/ae/ae05411e7d7d4c2c87fdbf571982e2d1.svg",
            "https://ege.sdamgia.ru/formula/svg/e0/e07bf230eb0d8e4202cee01afc3bb46f.svg",
            "https://ege.sdamgia.ru/formula/svg/ea/ea642705aa7bf866b66b5341553ebc30.svg",
            "https://ege.sdamgia.ru/formula/svg/ca/ca033a311e7bca03056b6687c5c4f85f.svg",
            "/get_file?id=162787"
        ]
    },
    "answer": "б)",
    "topic_id": 17,
    "analog_ids": []
}