{
    "gia_type": "ege",
    "subject": "math",
    "id": 654109,
    "condition": {
        "text": "Радиусы двух окружностей с центрами O1 и O2, касающихся внешним образом в точке A, равны 6 и 3 соответственно. Их общая секущая, проведенная через точку A, пересекает первую окружность в точке В, вторую  — в точке С.а)  Докажите, что б)  Найдите длину отрезка касательной, проведенной из точки В ко второй окружности, если AB  =  4.",
        "html": "<div align=\"justify\" width=\"100%\" id=\"body497121\" class=\"pbody\"><p class=\"left_margin\">Ра­ди­у­сы двух окруж­но­стей с цен­тра­ми <i>O</i><sub>1</sub> и <i>O</i><sub>2</sub>, ка­са­ю­щих­ся внеш­ним об­ра­зом в точке <i>A</i>, равны 6 и 3 со­от­вет­ствен­но. Их общая се­ку­щая, про­ве­ден­ная через точку<i> A</i>, пе­ре­се­ка­ет первую окруж­ность в точке <i>В</i>, вто­рую  — в точке <i>С</i>.</p><p class=\"left_margin\">а)  До­ка­жи­те, что <img src=\"https://ege.sdamgia.ru/formula/svg/25/253ec81353ac684036e2ed945ea16010.svg\" class=\"tex\" style=\"vertical-align:-2.5pt\" alt=\"A B : B C = A O_1 : O_1 O_2.\"></p><p class=\"left_margin\">б)  Най­ди­те длину от­рез­ка ка­са­тель­ной, про­ве­ден­ной из точки <i>В</i> ко вто­рой окруж­но­сти, если <i>AB</i>  =  4.</p></div>",
        "image_urls": [
            "https://ege.sdamgia.ru/formula/svg/25/253ec81353ac684036e2ed945ea16010.svg"
        ]
    },
    "solution": {
        "text": "Решение. а)  Треугольники CO2A и AO1B равнобедренные, так как   углы  и  равны как вертикальные. Тогда треугольники AO2C и AO1B подобны, следовательно,  Значит,  б)  Пусть отрезок BF  — искомая касательная. По теореме синусов для треугольника AO1B: Тогда по теореме косинусов для треугольника O2O1B получим, что: По теореме Пифагора: откуда  Ответ: б)  Приведём другое решение пункта б):Из подобия треугольников AO2C и AO1B  находим, что  По свойству секущей и касательной к окружности, проведённых из одной точки имеем откуда ",
        "html": "<div align=\"justify\" width=\"100%\" id=\"sol654109\" class=\"solution\" style=\"clear:both;\" class=\"pbody\"><p class=\"left_margin\"></p><b>Ре­ше­ние<!--rule_info-->. </b><p class=\"left_margin\"><img src=\"/get_file?id=164028\" style=\"float:right;margin:10px;max-width:100%\">а)  Тре­уголь­ни­ки <i>CO</i><sub>2</sub><i>A</i> и <i>AO</i><sub>1</sub><i>B</i> рав­но­бед­рен­ные, так как <img src=\"https://ege.sdamgia.ru/formula/svg/33/33e086d01bdd63b1b4095487f82c647a.svg\" class=\"tex\" style=\"vertical-align:-3.0pt\" alt=\"O_2 A = O_2C,\"> <img src=\"https://ege.sdamgia.ru/formula/svg/26/267208caeab37aba7d486dc31d5d226c.svg\" class=\"tex\" style=\"vertical-align:-3.0pt\" alt=\"O_1A = O_1 B,\"> углы <img src=\"https://ege.sdamgia.ru/formula/svg/9c/9c86118c9344e6d9704dea554bda103f.svg\" class=\"tex\" style=\"vertical-align:-2.5pt\" alt=\"\\angle O_2 AC\"> и <img src=\"https://ege.sdamgia.ru/formula/svg/d0/d02679d4af9519443c266b165ed75a9b.svg\" class=\"tex\" style=\"vertical-align:-2.5pt\" alt=\"\\angle O_1 AB\"> равны как вер­ти­каль­ные. Тогда тре­уголь­ни­ки <i>AO</i><sub>2</sub><i>C</i> и <i>AO</i><sub>1</sub><i>B</i> по­доб­ны, сле­до­ва­тель­но, </p><p class=\"left_margin\"></p><center><p><img src=\"https://ege.sdamgia.ru/formula/svg/bf/bf737fbd7eedcbe93f03898872ab1821.svg\" class=\"tex\" style=\"vertical-align:-10.0pt\" alt=\" дробь: чис­ли­тель: AB, зна­ме­на­тель: AC конец дроби = дробь: чис­ли­тель: O_1 A , зна­ме­на­тель: O_2 A конец дроби = 2. \"></p><p class=\"left_margin\"></p></center><p> Зна­чит, </p><p class=\"left_margin\"></p><center><p><img src=\"https://ege.sdamgia.ru/formula/svg/f5/f5fdd8a2ddd6dee7a061e288dbbb34dc.svg\" class=\"tex\" style=\"vertical-align:-13.1pt\" alt=\" дробь: чис­ли­тель: AB, зна­ме­на­тель: BC конец дроби = дробь: чис­ли­тель: AB, зна­ме­на­тель: AB плюс AC конец дроби = дробь: чис­ли­тель: 1, зна­ме­на­тель: 1 плюс дробь: чис­ли­тель: AC, зна­ме­на­тель: AB конец дроби конец дроби = дробь: чис­ли­тель: 1, зна­ме­на­тель: дробь: чис­ли­тель: 3, зна­ме­на­тель: 2 конец дроби конец дроби = дробь: чис­ли­тель: 2, зна­ме­на­тель: 3 конец дроби = дробь: чис­ли­тель: 6, зна­ме­на­тель: 9 конец дроби = дробь: чис­ли­тель: AO_1, зна­ме­на­тель: O_1O_2 конец дроби . \"></p><p class=\"left_margin\"></p></center><p>&nbsp;</p><p class=\"left_margin\">б)  Пусть от­ре­зок <i>BF</i>  — ис­ко­мая ка­са­тель­ная. По тео­ре­ме си­ну­сов для тре­уголь­ни­ка <i>AO</i><sub>1</sub><i>B</i>:</p><p class=\"left_margin\"></p><center><p><img src=\"https://ege.sdamgia.ru/formula/svg/81/815bbd09ece5ab1280822bedeee70db8.svg\" class=\"tex\" style=\"vertical-align:-8.5pt\" alt=\" ко­си­нус \\angle O_1 = дробь: чис­ли­тель: 6 в квад­ра­те плюс 6 в квад­ра­те минус 4 в квад­ра­те , зна­ме­на­тель: 2 умно­жить на 6 умно­жить на 6 конец дроби = дробь: чис­ли­тель: 72 минус 16, зна­ме­на­тель: 72 конец дроби = дробь: чис­ли­тель: 7, зна­ме­на­тель: 9 конец дроби . \"></p><p class=\"left_margin\"></p></center><p> Тогда по тео­ре­ме ко­си­ну­сов для тре­уголь­ни­ка <i>O</i><sub>2</sub><i>O</i><sub>1</sub><i>B</i> по­лу­чим, что:</p><p class=\"left_margin\"></p><center><p><span data-width=\"640\" data-formulahash=\"bd050a15ed01be62b9c96834d8fe5eaf\" class=\"tex-span\" style=\"\"><img src=\"https://ege.sdamgia.ru/formula/svg/bd/bd050a15ed01be62b9c96834d8fe5eaf.svg\" class=\"tex\" style=\"vertical-align:-8.4pt\" alt=\"O_2 B в квад­ра­те = O_1 O_2 в квад­ра­те плюс O_1B в квад­ра­те минус 2 O_1O_2 умно­жить на O_1 B умно­жить на ко­си­нус \\angle O_1 = 81 плюс 36 минус 2 умно­жить на 9 умно­жить на 6 умно­жить на дробь: чис­ли­тель: 7, зна­ме­на­тель: 9 конец дроби = 33.\"></span><span data-width=\"490\" data-formulahash=\"bd050a15ed01be62b9c96834d8fe5eaf\" class=\"tex-span\" style=\"display:none\"><img src=\"https://ege.sdamgia.ru/formula/svg/eb/eb08807adb1a2128c0fe8cef036e6663.svg\" class=\"tex\" style=\"vertical-align:-3.6pt\" alt=\"O_2 B в квад­ра­те = O_1 O_2 в квад­ра­те плюс O_1B в квад­ра­те минус 2 O_1O_2 умно­жить на O_1 B умно­жить на ко­си­нус \\angle O_1 =\"><br><img src=\"https://ege.sdamgia.ru/formula/svg/47/478cf4fa6b917cb4edd1b46a54ec9fca.svg\" class=\"tex\" style=\"vertical-align:-8.5pt\" alt=\"= 81 плюс 36 минус 2 умно­жить на 9 умно­жить на 6 умно­жить на дробь: чис­ли­тель: 7, зна­ме­на­тель: 9 конец дроби = 33.\"></span></p><p class=\"left_margin\"></p></center><p> По тео­ре­ме Пи­фа­го­ра: </p><p class=\"left_margin\"></p><center><p><img src=\"https://ege.sdamgia.ru/formula/svg/ac/ac15bd0bb1956d5793510d3751eba849.svg\" class=\"tex\" style=\"vertical-align:-3.6pt\" alt=\"BF в квад­ра­те = BO_2 в квад­ра­те минус O_2 F в квад­ра­те = 33 минус 9 = 24,\"></p><p class=\"left_margin\"></p></center><p>от­ку­да <img src=\"https://ege.sdamgia.ru/formula/svg/6a/6aed61cf28fed14045149d3c8016d3ec.svg\" class=\"tex\" style=\"vertical-align:-1.8pt\" alt=\"BF = 2 ко­рень из: на­ча­ло ар­гу­мен­та: 6 конец ар­гу­мен­та .\"></p><p>&nbsp;</p><p><span style=\"letter-spacing: 2px;\">Ответ:</span> б) <img src=\"https://ege.sdamgia.ru/formula/svg/a2/a21a0fb817e3f695c0b79b4834b85166.svg\" class=\"tex\" style=\"vertical-align:-1.8pt\" alt=\"2 ко­рень из: на­ча­ло ар­гу­мен­та: 6 конец ар­гу­мен­та .\"></p><p>&nbsp;</p><p><b>При­ведём дру­гое ре­ше­ние пунк­та б):</b></p><p class=\"left_margin\">Из по­до­бия тре­уголь­ни­ков <i>AO</i><sub>2</sub><i>C</i> и <i>AO</i><sub>1</sub><i>B</i>  на­хо­дим, что <img src=\"https://ege.sdamgia.ru/formula/svg/4f/4febcb1a488d7f3e8f0788e3bfa47311.svg\" class=\"tex\" style=\"vertical-align:-8.3pt\" alt=\"AC= дробь: чис­ли­тель: AB, зна­ме­на­тель: 2 конец дроби =2. \"> По свой­ству се­ку­щей и ка­са­тель­ной к окруж­но­сти, про­ведённых из одной точки имеем</p><p class=\"left_margin\"></p><center><p><img src=\"https://ege.sdamgia.ru/formula/svg/d4/d433eadadc1ebf46263dfd42bc17a86b.svg\" class=\"tex\" style=\"vertical-align:-3.6pt\" alt=\"BF в квад­ра­те =BA умно­жить на BC=BA умно­жить на левая круг­лая скоб­ка BA плюс AC пра­вая круг­лая скоб­ка =4 умно­жить на 6=24,\"></p><p class=\"left_margin\"></p></center><p> от­ку­да <img src=\"https://ege.sdamgia.ru/formula/svg/6a/6aed61cf28fed14045149d3c8016d3ec.svg\" class=\"tex\" style=\"vertical-align:-1.8pt\" alt=\"BF = 2 ко­рень из: на­ча­ло ар­гу­мен­та: 6 конец ар­гу­мен­та .\"></p></div>",
        "image_urls": [
            "https://ege.sdamgia.ru/formula/svg/33/33e086d01bdd63b1b4095487f82c647a.svg",
            "https://ege.sdamgia.ru/formula/svg/26/267208caeab37aba7d486dc31d5d226c.svg",
            "https://ege.sdamgia.ru/formula/svg/9c/9c86118c9344e6d9704dea554bda103f.svg",
            "https://ege.sdamgia.ru/formula/svg/d0/d02679d4af9519443c266b165ed75a9b.svg",
            "https://ege.sdamgia.ru/formula/svg/bf/bf737fbd7eedcbe93f03898872ab1821.svg",
            "https://ege.sdamgia.ru/formula/svg/f5/f5fdd8a2ddd6dee7a061e288dbbb34dc.svg",
            "https://ege.sdamgia.ru/formula/svg/81/815bbd09ece5ab1280822bedeee70db8.svg",
            "https://ege.sdamgia.ru/formula/svg/bd/bd050a15ed01be62b9c96834d8fe5eaf.svg",
            "https://ege.sdamgia.ru/formula/svg/eb/eb08807adb1a2128c0fe8cef036e6663.svg",
            "https://ege.sdamgia.ru/formula/svg/47/478cf4fa6b917cb4edd1b46a54ec9fca.svg",
            "https://ege.sdamgia.ru/formula/svg/ac/ac15bd0bb1956d5793510d3751eba849.svg",
            "https://ege.sdamgia.ru/formula/svg/6a/6aed61cf28fed14045149d3c8016d3ec.svg",
            "https://ege.sdamgia.ru/formula/svg/a2/a21a0fb817e3f695c0b79b4834b85166.svg",
            "https://ege.sdamgia.ru/formula/svg/4f/4febcb1a488d7f3e8f0788e3bfa47311.svg",
            "https://ege.sdamgia.ru/formula/svg/d4/d433eadadc1ebf46263dfd42bc17a86b.svg",
            "https://ege.sdamgia.ru/formula/svg/6a/6aed61cf28fed14045149d3c8016d3ec.svg",
            "/get_file?id=164028"
        ]
    },
    "answer": "б)",
    "topic_id": 17,
    "analog_ids": []
}