{
    "gia_type": "ege",
    "subject": "math",
    "id": 656088,
    "condition": {
        "text": "Две окружности разных радиусов касаются внешним образом в точке C. Вершины A и B равнобедренного прямоугольного треугольника ABC с прямым углом C лежат на меньшей и большей окружностях  соответственно. Прямая AC вторично пересекает бóльшую окружность в точке E, а прямая BC вторично пересекает меньшую окружность в точке D.а)  Докажите, что прямые AD и BE параллельны.б)  Найдите BC, если радиусы окружностей равны  и 3.",
        "html": "<div align=\"justify\" width=\"100%\" id=\"body289828\" class=\"pbody\"><p class=\"left_margin\">Две окруж­но­сти раз­ных ра­ди­у­сов ка­са­ют­ся внеш­ним об­ра­зом в точке <i>C</i>. Вер­ши­ны <i>A</i> и <i>B</i> рав­но­бед­рен­но­го пря­мо­уголь­но­го тре­уголь­ни­ка <i>ABC</i> с пря­мым углом <i>C</i> лежат на мень­шей и боль­шей окруж­но­стях  со­от­вет­ствен­но. Пря­мая <i>AC</i> вто­рич­но пе­ре­се­ка­ет бóльшую окруж­ность в точке <i>E</i>, а пря­мая <i>BC</i> вто­рич­но пе­ре­се­ка­ет мень­шую окруж­ность в точке <i>D</i>.</p><p class=\"left_margin\">а)  До­ка­жи­те, что пря­мые <i>AD</i> и <i>BE</i> па­рал­лель­ны.</p><p class=\"left_margin\">б)  Най­ди­те <i>BC</i>, если ра­ди­у­сы окруж­но­стей равны <img src=\"https://ege.sdamgia.ru/formula/svg/18/1801cfc88edd59ca7296ac197514e703.svg\" class=\"tex\" style=\"vertical-align:-1.8pt\" alt=\" ко­рень из: на­ча­ло ар­гу­мен­та: 7 конец ар­гу­мен­та \"> и 3.</p></div>",
        "image_urls": [
            "https://ege.sdamgia.ru/formula/svg/18/1801cfc88edd59ca7296ac197514e703.svg"
        ]
    },
    "solution": {
        "text": "Решение. a)  Пусть LM  — общая касательная двух окружностей, причём точки L и B лежат по разные стороны от прямой AC, а точки L и M лежат по разные стороны от точки C. Тогда по теореме об угле между касательной и хордой  Значит, прямые AD и BE параллельны, поскольку накрест лежащие углы CAD и CEB при пересечении этих прямых прямой AE равны.б)  Поскольку угол ACB прямой, AD и BE  — диаметры меньшей и большей окружностей соответственно. Поскольку  прямоугольные треугольники ACD и ECB подобны по острому углу с коэффициентом подобия  Пусть  тогда  В прямоугольном треугольнике ACD:  откуда  Ответ: ",
        "html": "<div align=\"justify\" width=\"100%\" id=\"sol656088\" class=\"solution\" style=\"clear:both;\" class=\"pbody\"><p class=\"left_margin\"></p><b>Ре­ше­ние<!--rule_info-->. </b><p class=\"left_margin\"><img src=\"/get_file?id=169773\" style=\"float:right;margin:10px;max-width:100%\">a)  Пусть <i>LM</i>  — общая ка­са­тель­ная двух окруж­но­стей, причём точки <i>L</i> и <i>B</i> лежат по раз­ные сто­ро­ны от пря­мой <i>AC</i>, а точки <i>L</i> и <i>M</i> лежат по раз­ные сто­ро­ны от точки <i>C</i>. Тогда по тео­ре­ме об угле между ка­са­тель­ной и хор­дой </p><p class=\"left_margin\"></p><center><p><img src=\"https://ege.sdamgia.ru/formula/svg/32/32c0f80057ea35c28000a29cee88a1ab.svg\" class=\"tex\" style=\"vertical-align:-1.8pt\" alt=\" \\angle C A D=\\angle D C L=\\angle M C B=\\angle C E B . \"></p><p class=\"left_margin\"></p></center> Зна­чит, пря­мые <i>AD</i> и <i>BE</i> па­рал­лель­ны, по­сколь­ку на­крест ле­жа­щие углы <i>CAD</i> и <i>CEB</i> при пе­ре­се­че­нии этих пря­мых пря­мой <i>AE</i> равны.<p class=\"left_margin\">б)  По­сколь­ку угол <i>ACB</i> пря­мой, <i>AD</i> и <i>BE</i>  — диа­мет­ры мень­шей и боль­шей окруж­но­стей со­от­вет­ствен­но. По­сколь­ку <img src=\"https://ege.sdamgia.ru/formula/svg/36/36e861cf99224f1f221fc52ddc0cea62.svg\" class=\"tex\" style=\"vertical-align:-3.0pt\" alt=\"\\angle C A D=\\angle C E B,\"> пря­мо­уголь­ные тре­уголь­ни­ки <i>ACD</i> и <i>ECB</i> по­доб­ны по остро­му углу с ко­эф­фи­ци­ен­том по­до­бия <img src=\"https://ege.sdamgia.ru/formula/svg/d8/d8317372a9304ad029bf021f40be0150.svg\" class=\"tex\" style=\"vertical-align:-8.5pt\" alt=\" дробь: чис­ли­тель: A D, зна­ме­на­тель: B E конец дроби = дробь: чис­ли­тель: ко­рень из: на­ча­ло ар­гу­мен­та: 7 конец ар­гу­мен­та , зна­ме­на­тель: 3 конец дроби . \"> </p><p class=\"left_margin\">Пусть <img src=\"https://ege.sdamgia.ru/formula/svg/5c/5cb915b851ddeb6015eeb1ccaa9bc0c2.svg\" class=\"tex\" style=\"vertical-align:-3.0pt\" alt=\"B C=A C=x,\"> тогда </p><p class=\"left_margin\"></p><center><p><img src=\"https://ege.sdamgia.ru/formula/svg/77/776129a86879b43d1055c3c1dcf26923.svg\" class=\"tex\" style=\"vertical-align:-8.5pt\" alt=\"C D= дробь: чис­ли­тель: ко­рень из: на­ча­ло ар­гу­мен­та: 7 конец ар­гу­мен­та , зна­ме­на­тель: 3 конец дроби умно­жить на B C= дробь: чис­ли­тель: x ко­рень из: на­ча­ло ар­гу­мен­та: 7 конец ар­гу­мен­та , зна­ме­на­тель: 3 конец дроби . \"></p><p class=\"left_margin\"></p></center> В пря­мо­уголь­ном тре­уголь­ни­ке <i>ACD</i>: <p class=\"left_margin\"></p><center><p><img src=\"https://ege.sdamgia.ru/formula/svg/9f/9f86875530dc6c67317d254c858f96a2.svg\" class=\"tex\" style=\"vertical-align:-8.5pt\" alt=\" A D в квад­ра­те =A C в квад­ра­те плюс C D в квад­ра­те рав­но­силь­но 28=x в квад­ра­те плюс дробь: чис­ли­тель: 7 x в квад­ра­те , зна­ме­на­тель: 9 конец дроби , \"></p><p class=\"left_margin\"></p></center> от­ку­да <img src=\"https://ege.sdamgia.ru/formula/svg/93/93ffc2fa7722236de391217561b1099f.svg\" class=\"tex\" style=\"vertical-align:-8.4pt\" alt=\"x= дробь: чис­ли­тель: 3 ко­рень из: на­ча­ло ар­гу­мен­та: 7 конец ар­гу­мен­та , зна­ме­на­тель: 2 конец дроби . \"><p>&nbsp;</p><p><span style=\"letter-spacing: 2px;\">Ответ:</span> <img src=\"https://ege.sdamgia.ru/formula/svg/af/af772320ea8cf38c6f26e2933b3d726c.svg\" class=\"tex\" style=\"vertical-align:-8.4pt\" alt=\" дробь: чис­ли­тель: 3 ко­рень из: на­ча­ло ар­гу­мен­та: 7 конец ар­гу­мен­та , зна­ме­на­тель: 2 конец дроби . \"></p></div>",
        "image_urls": [
            "https://ege.sdamgia.ru/formula/svg/32/32c0f80057ea35c28000a29cee88a1ab.svg",
            "https://ege.sdamgia.ru/formula/svg/36/36e861cf99224f1f221fc52ddc0cea62.svg",
            "https://ege.sdamgia.ru/formula/svg/d8/d8317372a9304ad029bf021f40be0150.svg",
            "https://ege.sdamgia.ru/formula/svg/5c/5cb915b851ddeb6015eeb1ccaa9bc0c2.svg",
            "https://ege.sdamgia.ru/formula/svg/77/776129a86879b43d1055c3c1dcf26923.svg",
            "https://ege.sdamgia.ru/formula/svg/9f/9f86875530dc6c67317d254c858f96a2.svg",
            "https://ege.sdamgia.ru/formula/svg/93/93ffc2fa7722236de391217561b1099f.svg",
            "https://ege.sdamgia.ru/formula/svg/af/af772320ea8cf38c6f26e2933b3d726c.svg",
            "/get_file?id=169773"
        ]
    },
    "answer": "",
    "topic_id": 17,
    "analog_ids": [
        656088,
        656258
    ]
}