{
    "gia_type": "ege",
    "subject": "math",
    "id": 660094,
    "condition": {
        "text": "Две окружности пересекаются в точках P и Q. Через точку P проведена касательная к первой из этих окружностей, пересекающая вторую окружность в точке L, а через точку Q проведена касательная ко второй окружности, пересекающая первую окружность в точке M.а)  Докажите, что прямые PM и QL параллельны.б)  Найдите наименьшее возможное значение суммы длин отрезков PM и QL, если PQ  =  ⁠1.",
        "html": "<div align=\"justify\" width=\"100%\" id=\"body294018\" class=\"pbody\"><p class=\"left_margin\">Две окруж­но­сти пе­ре­се­ка­ют­ся в точ­ках <i>P</i> и <i>Q</i>. Через точку <i>P</i> про­ве­де­на ка­са­тель­ная к пер­вой из этих окруж­но­стей, пе­ре­се­ка­ю­щая вто­рую окруж­ность в точке <i>L</i>, а через точку <i>Q</i> про­ве­де­на ка­са­тель­ная ко вто­рой окруж­но­сти, пе­ре­се­ка­ю­щая первую окруж­ность в точке <i>M</i>.</p><p class=\"left_margin\">а)  До­ка­жи­те, что пря­мые <i>PM</i> и <i>QL</i> па­рал­лель­ны.</p><p class=\"left_margin\">б)  Най­ди­те наи­мень­шее воз­мож­ное зна­че­ние суммы длин от­рез­ков <i>PM</i> и <i>QL</i>, если <i>PQ</i>  =  ⁠1.</p></div>",
        "image_urls": []
    },
    "solution": {
        "text": "Решение. а)  Проведем отрезок PQ (см. рис.). По теореме об угле между касательной и хордой получаем, что  а  Тогда:  По признаку параллельности прямых прямые MP и QL параллельны.б)  Пусть  из подобия треугольников MPQ и PQL получаем, что  откуда  Из неравенства о среднем арифметическом и среднем геометрическом получаем: Равенство достигается при  Таким образом,  Ответ: б) 2.",
        "html": "<div align=\"justify\" width=\"100%\" id=\"sol660094\" class=\"solution\" style=\"clear:both;\" class=\"pbody\"><p class=\"left_margin\"></p><b>Ре­ше­ние<!--rule_info-->. </b><p class=\"left_margin\"><img src=\"/get_file?id=181319\" style=\"float:right;margin:10px;max-width:100%\">а)  Про­ве­дем от­ре­зок <i>PQ</i> (см. рис.). По тео­ре­ме об угле между ка­са­тель­ной и хор­дой по­лу­ча­ем, что <img src=\"https://ege.sdamgia.ru/formula/svg/9e/9e0ac119e5278cd43951cd43ef6257eb.svg\" class=\"tex\" style=\"vertical-align:-3.0pt\" alt=\"\\angle MQP = \\angle PLQ,\"> а <img src=\"https://ege.sdamgia.ru/formula/svg/01/013323b4ef815e136d8e21d97480ba22.svg\" class=\"tex\" style=\"vertical-align:-2.9pt\" alt=\"\\angle QPL = \\angle QMP.\"> Тогда: </p><p class=\"left_margin\"></p><center><p><span data-width=\"640\" data-formulahash=\"001eadf32ca851193df13a5b3820f0d0\" class=\"tex-span\" style=\"\"><img src=\"https://ege.sdamgia.ru/formula/svg/00/001eadf32ca851193df13a5b3820f0d0.svg\" class=\"tex\" style=\"vertical-align:-2.9pt\" alt=\"\\angle PMQ плюс \\angle MQL = \\angle QMP плюс \\angle MQP плюс \\angle PQL = \\angle QPL плюс \\angle PLQ плюс \\angle PQL = 180 гра­ду­сов .\"></span><span data-width=\"515\" data-formulahash=\"001eadf32ca851193df13a5b3820f0d0\" class=\"tex-span\" style=\"display:none\"><img src=\"https://ege.sdamgia.ru/formula/svg/b5/b5e76dba6e659d9ab652cc26542c9c91.svg\" class=\"tex\" style=\"vertical-align:-2.9pt\" alt=\"\\angle PMQ плюс \\angle MQL = \\angle QMP плюс \\angle MQP плюс \\angle PQL =\"><br><img src=\"https://ege.sdamgia.ru/formula/svg/e1/e151860b400538fb9f1b55a5c77c5449.svg\" class=\"tex\" style=\"vertical-align:-3.0pt\" alt=\"= \\angle QPL плюс \\angle PLQ плюс \\angle PQL = 180 гра­ду­сов .\"></span></p><p class=\"left_margin\"></p></center><p> По при­зна­ку па­рал­лель­но­сти пря­мых пря­мые <i>MP</i> и <i>QL</i> па­рал­лель­ны.</p><p class=\"left_margin\">б)  Пусть <img src=\"https://ege.sdamgia.ru/formula/svg/2f/2f61c3e26a8f7b2cc8cc89d2cca980e8.svg\" class=\"tex\" style=\"vertical-align:-3.0pt\" alt=\"MP = x,\"> из по­до­бия тре­уголь­ни­ков <i>MPQ</i> и <i>PQL</i> по­лу­ча­ем, что <img src=\"https://ege.sdamgia.ru/formula/svg/24/24be816e222e90fc5c06ddae471ef9d2.svg\" class=\"tex\" style=\"vertical-align:-10.4pt\" alt=\" дробь: чис­ли­тель: MP, зна­ме­на­тель: PQ конец дроби = дробь: чис­ли­тель: PQ, зна­ме­на­тель: QL конец дроби , \"> от­ку­да <img src=\"https://ege.sdamgia.ru/formula/svg/ad/ad87aa5bd44722ab918f63c02e111628.svg\" class=\"tex\" style=\"vertical-align:-8.5pt\" alt=\"QL = дробь: чис­ли­тель: PQ в квад­ра­те , зна­ме­на­тель: MP конец дроби = дробь: чис­ли­тель: 1, зна­ме­на­тель: x конец дроби . \"> Из не­ра­вен­ства о сред­нем ариф­ме­ти­че­ском и сред­нем гео­мет­ри­че­ском по­лу­ча­ем:</p><p class=\"left_margin\"></p><center><p><img src=\"https://ege.sdamgia.ru/formula/svg/a6/a616ee3ab4c4d31b1b58d59626c7882c.svg\" class=\"tex\" style=\"vertical-align:-9.4pt\" alt=\"PM плюс QL = x плюс дробь: чис­ли­тель: 1, зна­ме­на­тель: x конец дроби боль­ше или равно 2 ко­рень из: на­ча­ло ар­гу­мен­та: x умно­жить на дробь: чис­ли­тель: 1, зна­ме­на­тель: x конец дроби конец ар­гу­мен­та = 2.\"></p><p class=\"left_margin\"></p></center><p> Ра­вен­ство до­сти­га­ет­ся при <img src=\"https://ege.sdamgia.ru/formula/svg/d0/d07156307446300cc20a7806327ed446.svg\" class=\"tex\" style=\"vertical-align:-3.0pt\" alt=\"MP = PQ = QL.\"> Таким об­ра­зом, <img src=\"https://ege.sdamgia.ru/formula/svg/51/5145db8ed6922c79d46c4989d24a0a99.svg\" class=\"tex\" style=\"vertical-align:-3.6pt\" alt=\" \\min левая круг­лая скоб­ка PM плюс QL пра­вая круг­лая скоб­ка = 2. \"></p><p>&nbsp;</p><p><span style=\"letter-spacing: 2px;\">Ответ:</span> б) 2.</p></div>",
        "image_urls": [
            "https://ege.sdamgia.ru/formula/svg/9e/9e0ac119e5278cd43951cd43ef6257eb.svg",
            "https://ege.sdamgia.ru/formula/svg/01/013323b4ef815e136d8e21d97480ba22.svg",
            "https://ege.sdamgia.ru/formula/svg/00/001eadf32ca851193df13a5b3820f0d0.svg",
            "https://ege.sdamgia.ru/formula/svg/b5/b5e76dba6e659d9ab652cc26542c9c91.svg",
            "https://ege.sdamgia.ru/formula/svg/e1/e151860b400538fb9f1b55a5c77c5449.svg",
            "https://ege.sdamgia.ru/formula/svg/2f/2f61c3e26a8f7b2cc8cc89d2cca980e8.svg",
            "https://ege.sdamgia.ru/formula/svg/24/24be816e222e90fc5c06ddae471ef9d2.svg",
            "https://ege.sdamgia.ru/formula/svg/ad/ad87aa5bd44722ab918f63c02e111628.svg",
            "https://ege.sdamgia.ru/formula/svg/a6/a616ee3ab4c4d31b1b58d59626c7882c.svg",
            "https://ege.sdamgia.ru/formula/svg/d0/d07156307446300cc20a7806327ed446.svg",
            "https://ege.sdamgia.ru/formula/svg/51/5145db8ed6922c79d46c4989d24a0a99.svg",
            "/get_file?id=181319"
        ]
    },
    "answer": "б) 2.",
    "topic_id": 17,
    "analog_ids": []
}