{
    "gia_type": "ege",
    "subject": "math",
    "id": 660740,
    "condition": {
        "text": "Пятиугольник ABCDE вписан в окружность. Известно, что  и  а)  Докажите, что б)  Найдите длину диагонали BE, если ",
        "html": "<div align=\"justify\" width=\"100%\" id=\"body293880\" class=\"pbody\"><p class=\"left_margin\">Пя­ти­уголь­ник <i>ABCDE</i> впи­сан в окруж­ность. Из­вест­но, что <img src=\"https://ege.sdamgia.ru/formula/svg/6f/6f6d664b5712d0e94d835da8078ecd2c.svg\" class=\"tex\" style=\"vertical-align:-1.8pt\" alt=\"A B=C D=3\"> и <img src=\"https://ege.sdamgia.ru/formula/svg/1f/1f2fd475eba854ebef6fb39141ac38a0.svg\" class=\"tex\" style=\"vertical-align:-1.8pt\" alt=\" B C=D E=4.\"> </p><p class=\"left_margin\">а)  До­ка­жи­те, что <img src=\"https://ege.sdamgia.ru/formula/svg/06/0623dda6bc5c64704aaf1a8d3ccff90b.svg\" class=\"tex\" style=\"vertical-align:-1.8pt\" alt=\"AC = CE.\"></p><p class=\"left_margin\">б)  Най­ди­те длину диа­го­на­ли <i>BE</i>, если <img src=\"https://ege.sdamgia.ru/formula/svg/40/40e9e9507d92a3dad0a7e43f3b171544.svg\" class=\"tex\" style=\"vertical-align:-1.8pt\" alt=\"AD = 6.\"></p></div>",
        "image_urls": [
            "https://ege.sdamgia.ru/formula/svg/6f/6f6d664b5712d0e94d835da8078ecd2c.svg",
            "https://ege.sdamgia.ru/formula/svg/1f/1f2fd475eba854ebef6fb39141ac38a0.svg",
            "https://ege.sdamgia.ru/formula/svg/06/0623dda6bc5c64704aaf1a8d3ccff90b.svg",
            "https://ege.sdamgia.ru/formula/svg/40/40e9e9507d92a3dad0a7e43f3b171544.svg"
        ]
    },
    "solution": {
        "text": "Решение. а)  Дуги, стягиваемые равными хордами, равны, поэтому равны углы BAC и DCE и BCA и DEC (см. рис. 1). В треугольнике сумма углов 180°, а, значит, углы ABC и CDE также равны. Тогда треугольники ABC и CDE равны по первому признаку равенства треугольников. Следовательно, Рис. 1Рис. 2б)  Пусть AD пересекается с BE в точке M (см. рис. 2). Дуги, стягиваемые равными хордами, равны, поэтому углы DCE и BEC равны. Следовательно, прямая CD параллельна прямой BE. Аналогично прямая BC параллельна прямой AD. Значит, BCDM  — параллелограмм, а потому  и  По свойству пересекающихся хорд получаем:откуда  Таким образом,  следовательно,  Ответ: б)  ",
        "html": "<div align=\"justify\" width=\"100%\" id=\"sol660740\" class=\"solution\" style=\"clear:both;\" class=\"pbody\"><p class=\"left_margin\"></p><b>Ре­ше­ние<!--rule_info-->. </b><p class=\"left_margin\">а)  Дуги, стя­ги­ва­е­мые рав­ны­ми хор­да­ми, равны, по­это­му равны углы <i>BAC</i> и <i>DCE</i> и <i>BCA</i> и <i>DEC</i> (см. рис. 1). В тре­уголь­ни­ке сумма углов 180°, а, зна­чит, углы <i>ABC</i> и <i>CDE</i> также равны. Тогда тре­уголь­ни­ки <i>ABC</i> и <i>CDE</i> равны по пер­во­му при­зна­ку ра­вен­ства тре­уголь­ни­ков. Сле­до­ва­тель­но, <img src=\"https://ege.sdamgia.ru/formula/svg/17/17c4db2b9e4a06522b8daf2c84d2dd30.svg\" class=\"tex\" style=\"vertical-align:-1.8pt\" alt=\"AC=CE.\"></p><p></p><div class=\"flex-img\"><p></p><div><p><img src=\"/get_file?id=179609\" style=\"margin:10px auto;display:block;max-width:none\"></p><p><nobr>Рис. 1</nobr></p><p></p></div><p></p><div><p><img src=\"/get_file?id=181118\" style=\"margin:10px auto;display:block;max-width:none\"></p><p><nobr>Рис. 2</nobr></p><p></p></div><p></p></div><p class=\"left_margin\">б)  Пусть <i>AD</i> пе­ре­се­ка­ет­ся с <i>BE</i> в точке <i>M</i> (см. рис. 2). Дуги, стя­ги­ва­е­мые рав­ны­ми хор­да­ми, равны, по­это­му углы <i>DCE</i> и <i>BEC</i> равны. Сле­до­ва­тель­но, пря­мая <i>CD</i> па­рал­лель­на пря­мой <i>BE</i>. Ана­ло­гич­но пря­мая <i>BC</i> па­рал­лель­на пря­мой <i>AD</i>. Зна­чит, <i>BCDM</i>  — па­рал­ле­ло­грамм, а по­то­му <img src=\"https://ege.sdamgia.ru/formula/svg/0d/0df78b5a9f4b6169325194d53bdf4b32.svg\" class=\"tex\" style=\"vertical-align:-1.8pt\" alt=\"BC=DM=4\"> и <img src=\"https://ege.sdamgia.ru/formula/svg/fc/fc76dc053878e5409a6270493fe9beaf.svg\" class=\"tex\" style=\"vertical-align:-1.8pt\" alt=\"CD=BM=3.\"> По свой­ству пе­ре­се­ка­ю­щих­ся хорд по­лу­ча­ем:</p><p class=\"left_margin\"></p><center><p><img src=\"https://ege.sdamgia.ru/formula/svg/a7/a795531ecbaca28df3fbf66297925b70.svg\" class=\"tex\" style=\"vertical-align:-3.6pt\" alt=\" BM умно­жить на ME = DM умно­жить на MA рав­но­силь­но BM умно­жить на ME = DM левая круг­лая скоб­ка AD минус DM пра­вая круг­лая скоб­ка , \"></p><p class=\"left_margin\"></p></center><p>от­ку­да <img src=\"https://ege.sdamgia.ru/formula/svg/6f/6fee6864ace8851fdda7011a76112d5a.svg\" class=\"tex\" style=\"vertical-align:-8.5pt\" alt=\"ME = дробь: чис­ли­тель: 8, зна­ме­на­тель: 3 конец дроби .\"> Таким об­ра­зом, <img src=\"https://ege.sdamgia.ru/formula/svg/f9/f91c8cadc6e341a4d59b2e0b30058190.svg\" class=\"tex\" style=\"vertical-align:-3.0pt\" alt=\" BE = BM плюс ME, \"> сле­до­ва­тель­но, <img src=\"https://ege.sdamgia.ru/formula/svg/71/71151eec7ced832689b9c35aa61897dd.svg\" class=\"tex\" style=\"vertical-align:-8.5pt\" alt=\"BE = дробь: чис­ли­тель: 17, зна­ме­на­тель: 3 конец дроби . \"></p><p>&nbsp;</p><p><span style=\"letter-spacing: 2px;\">Ответ:</span> б)  <img src=\"https://ege.sdamgia.ru/formula/svg/e6/e6f11eb2b56fbb610c1f1d9bed387e51.svg\" class=\"tex\" style=\"vertical-align:-8.5pt\" alt=\" дробь: чис­ли­тель: 17, зна­ме­на­тель: 3 конец дроби . \"></p></div>",
        "image_urls": [
            "https://ege.sdamgia.ru/formula/svg/17/17c4db2b9e4a06522b8daf2c84d2dd30.svg",
            "https://ege.sdamgia.ru/formula/svg/0d/0df78b5a9f4b6169325194d53bdf4b32.svg",
            "https://ege.sdamgia.ru/formula/svg/fc/fc76dc053878e5409a6270493fe9beaf.svg",
            "https://ege.sdamgia.ru/formula/svg/a7/a795531ecbaca28df3fbf66297925b70.svg",
            "https://ege.sdamgia.ru/formula/svg/6f/6fee6864ace8851fdda7011a76112d5a.svg",
            "https://ege.sdamgia.ru/formula/svg/f9/f91c8cadc6e341a4d59b2e0b30058190.svg",
            "https://ege.sdamgia.ru/formula/svg/71/71151eec7ced832689b9c35aa61897dd.svg",
            "https://ege.sdamgia.ru/formula/svg/e6/e6f11eb2b56fbb610c1f1d9bed387e51.svg",
            "/get_file?id=179609",
            "/get_file?id=181118"
        ]
    },
    "answer": "б)",
    "topic_id": 17,
    "analog_ids": [
        660740,
        660761
    ]
}