{
    "gia_type": "ege",
    "subject": "math",
    "id": 669116,
    "condition": {
        "text": "Две окружности с центрами O1 и O2 равных радиусов касаются внешним образом и вписаны в острые углы прямоугольного треугольника ABC с прямым углом C. Известно, что одна из окружностей касается гипотенузы AB в середине.а)  Докажите, что один из углов треугольника ABC равен 30°.б)  Окружность с центром O1 касается катета AC в точке M, окружность с центром O2 касается катета BC в точке N. Найдите площадь многоугольника MCNO2O1, если радиус окружностей равен 1.",
        "html": "<div align=\"justify\" width=\"100%\" id=\"body285504\" class=\"pbody\"><p class=\"left_margin\">Две окруж­но­сти с цен­тра­ми <i>O</i><sub>1</sub> и <i>O</i><sub>2</sub> рав­ных ра­ди­у­сов ка­са­ют­ся внеш­ним об­ра­зом и впи­са­ны в ост­рые углы пря­мо­уголь­но­го тре­уголь­ни­ка <i>ABC</i> с пря­мым углом <i>C</i>. Из­вест­но, что одна из окруж­но­стей ка­са­ет­ся ги­по­те­ну­зы <i>AB</i> в се­ре­ди­не.</p><p class=\"left_margin\">а)  До­ка­жи­те, что один из углов тре­уголь­ни­ка <i>ABC</i> равен 30°.</p><p class=\"left_margin\">б)  Окруж­ность с цен­тром <i>O</i><sub>1</sub> ка­са­ет­ся ка­те­та <i>AC</i> в точке <i>M</i>, окруж­ность с цен­тром <i>O</i><sub>2</sub> ка­са­ет­ся ка­те­та <i>BC</i> в точке <i>N</i>. Най­ди­те пло­щадь мно­го­уголь­ни­ка <i>MCNO</i><sub>2</sub><i>O</i><sub>1</sub>, если ра­ди­ус окруж­но­стей равен 1.</p></div>",
        "image_urls": []
    },
    "solution": {
        "text": "Решение. а)  Пусть радиусы окружностей равны r. Обозначим P  — середина AB, Q  — точка касания другой окружности с AB (см. рис.). Пусть AQ  =  a, тогда  и  Заметим, что  По формуле тангенса суммы получим: следовательно,   и  б)  Из пункта а) имеем: Тогда: Итак, Ответ: б)  ",
        "html": "<div align=\"justify\" width=\"100%\" id=\"sol669116\" class=\"solution\" style=\"clear:both;\" class=\"pbody\"><p class=\"left_margin\"></p><b>Ре­ше­ние<!--rule_info-->. </b><p class=\"left_margin\">а)  Пусть ра­ди­у­сы окруж­но­стей равны <i>r</i>. Обо­зна­чим <i>P</i>  — се­ре­ди­на <i>AB</i>, <i>Q</i>  — точка ка­са­ния дру­гой окруж­но­сти с <i>AB</i> (см. рис.). </p><p><img src=\"/get_file?id=189766\" style=\"margin:10px auto;display:block;max-width:100%\"></p><p class=\"left_margin\">Пусть <i>AQ</i>  =  <i>a</i>, тогда <img src=\"https://ege.sdamgia.ru/formula/svg/62/620033bf9be7dd89ec058c4497d3a8b6.svg\" class=\"tex\" style=\"vertical-align:-8.5pt\" alt=\" тан­генс \\angle O_1AQ = дробь: чис­ли­тель: r, зна­ме­на­тель: a конец дроби \"> и <img src=\"https://ege.sdamgia.ru/formula/svg/83/838bc1433aa50b9847484dd032cd6213.svg\" class=\"tex\" style=\"vertical-align:-9.3pt\" alt=\" тан­генс \\angle O_2BP = дробь: чис­ли­тель: r, зна­ме­на­тель: 2r плюс a конец дроби . \"> За­ме­тим, что <img src=\"https://ege.sdamgia.ru/formula/svg/3e/3e89f97843e085dafca36037e858f703.svg\" class=\"tex\" style=\"vertical-align:-3.0pt\" alt=\" \\angle O_1AQ плюс \\angle O_2BP = 45 гра­ду­сов.\"> По фор­му­ле тан­ген­са суммы по­лу­чим:</p><p class=\"left_margin\"></p><center><p><span data-width=\"640\" data-formulahash=\"a239365c8bad48ebbdcef52576b797d4\" class=\"tex-span\" style=\"\"><img src=\"https://ege.sdamgia.ru/formula/svg/a2/a239365c8bad48ebbdcef52576b797d4.svg\" class=\"tex\" style=\"vertical-align:-16.2pt\" alt=\" дробь: чис­ли­тель: дробь: чис­ли­тель: r, зна­ме­на­тель: a конец дроби плюс дробь: чис­ли­тель: r, зна­ме­на­тель: 2r плюс a конец дроби , зна­ме­на­тель: 1 минус дробь: чис­ли­тель: r в квад­ра­те , зна­ме­на­тель: a умно­жить на левая круг­лая скоб­ка 2r плюс a пра­вая круг­лая скоб­ка конец дроби конец дроби = тан­генс 45 гра­ду­сов рав­но­силь­но r умно­жить на левая круг­лая скоб­ка 2r плюс a плюс a пра­вая круг­лая скоб­ка = a умно­жить на левая круг­лая скоб­ка 2r плюс a пра­вая круг­лая скоб­ка минус r в квад­ра­те рав­но­силь­но a в квад­ра­те = 3r в квад­ра­те рав­но­силь­но дробь: чис­ли­тель: r, зна­ме­на­тель: a конец дроби = дробь: чис­ли­тель: 1, зна­ме­на­тель: ко­рень из: на­ча­ло ар­гу­мен­та: 3 конец ар­гу­мен­та конец дроби , \"></span><span data-width=\"515\" data-formulahash=\"a239365c8bad48ebbdcef52576b797d4\" class=\"tex-span\" style=\"display:none\"><img src=\"https://ege.sdamgia.ru/formula/svg/e7/e762cf754f525a8f62bd02df5a95e92d.svg\" class=\"tex\" style=\"vertical-align:-16.2pt\" alt=\" дробь: чис­ли­тель: дробь: чис­ли­тель: r, зна­ме­на­тель: a конец дроби плюс дробь: чис­ли­тель: r, зна­ме­на­тель: 2r плюс a конец дроби , зна­ме­на­тель: 1 минус дробь: чис­ли­тель: r в квад­ра­те , зна­ме­на­тель: a умно­жить на левая круг­лая скоб­ка 2r плюс a пра­вая круг­лая скоб­ка конец дроби конец дроби = тан­генс 45 гра­ду­сов рав­но­силь­но r умно­жить на левая круг­лая скоб­ка 2r плюс a плюс a пра­вая круг­лая скоб­ка = a умно­жить на левая круг­лая скоб­ка 2r плюс a пра­вая круг­лая скоб­ка минус r в квад­ра­те рав­но­силь­но \"><br><img src=\"https://ege.sdamgia.ru/formula/svg/91/91687b4b0613bf9c5518d1c04745aa92.svg\" class=\"tex\" style=\"vertical-align:-11.0pt\" alt=\" рав­но­силь­но a в квад­ра­те = 3r в квад­ра­те рав­но­силь­но дробь: чис­ли­тель: r, зна­ме­на­тель: a конец дроби = дробь: чис­ли­тель: 1, зна­ме­на­тель: ко­рень из: на­ча­ло ар­гу­мен­та: 3 конец ар­гу­мен­та конец дроби , \"></span><span data-width=\"365\" data-formulahash=\"a239365c8bad48ebbdcef52576b797d4\" class=\"tex-span\" style=\"display:none\"><img src=\"https://ege.sdamgia.ru/formula/svg/1a/1a546a284ae2d66ad9a7ff2e17ab7c97.svg\" class=\"tex\" style=\"vertical-align:-16.2pt\" alt=\" дробь: чис­ли­тель: дробь: чис­ли­тель: r, зна­ме­на­тель: a конец дроби плюс дробь: чис­ли­тель: r, зна­ме­на­тель: 2r плюс a конец дроби , зна­ме­на­тель: 1 минус дробь: чис­ли­тель: r в квад­ра­те , зна­ме­на­тель: a умно­жить на левая круг­лая скоб­ка 2r плюс a пра­вая круг­лая скоб­ка конец дроби конец дроби = тан­генс 45 гра­ду­сов рав­но­силь­но \"><br><img src=\"https://ege.sdamgia.ru/formula/svg/05/05d2161eec34e57216c91ac187b541b1.svg\" class=\"tex\" style=\"vertical-align:-3.6pt\" alt=\" рав­но­силь­но r умно­жить на левая круг­лая скоб­ка 2r плюс a плюс a пра­вая круг­лая скоб­ка = a умно­жить на левая круг­лая скоб­ка 2r плюс a пра­вая круг­лая скоб­ка минус r в квад­ра­те рав­но­силь­но \"><br><img src=\"https://ege.sdamgia.ru/formula/svg/91/91687b4b0613bf9c5518d1c04745aa92.svg\" class=\"tex\" style=\"vertical-align:-11.0pt\" alt=\" рав­но­силь­но a в квад­ра­те = 3r в квад­ра­те рав­но­силь­но дробь: чис­ли­тель: r, зна­ме­на­тель: a конец дроби = дробь: чис­ли­тель: 1, зна­ме­на­тель: ко­рень из: на­ча­ло ар­гу­мен­та: 3 конец ар­гу­мен­та конец дроби , \"></span></p><p class=\"left_margin\"></p></center><p> сле­до­ва­тель­но, <img src=\"https://ege.sdamgia.ru/formula/svg/2f/2f0cee5e69fe30cc797e89354fc958df.svg\" class=\"tex\" style=\"vertical-align:-3.0pt\" alt=\" \\angle O_1AQ = 30 гра­ду­сов,\"> <img src=\"https://ege.sdamgia.ru/formula/svg/4e/4e9cb78f451c1883ddb07cd1c4543d85.svg\" class=\"tex\" style=\"vertical-align:-1.8pt\" alt=\" \\angle CAB = 60 гра­ду­сов\"> и <img src=\"https://ege.sdamgia.ru/formula/svg/79/79a08ce3eaff8956263bde99978cd5a8.svg\" class=\"tex\" style=\"vertical-align:-1.8pt\" alt=\" \\angle ABC = 30 гра­ду­сов.\"></p><p>&nbsp;</p><p class=\"left_margin\">б)  Из пунк­та а) имеем:</p><p></p><div class=\"flex-math\"><p><img src=\"https://ege.sdamgia.ru/formula/svg/bb/bb71f39561b4f8f0c9ab0c600c28b5f6.svg\" class=\"tex\" style=\"vertical-align:-3.7pt\" alt=\" AQ = ко­рень из: на­ча­ло ар­гу­мен­та: 3 конец ар­гу­мен­та рав­но­силь­но AB = 2 умно­жить на левая круг­лая скоб­ка 2 плюс ко­рень из: на­ча­ло ар­гу­мен­та: 3 конец ар­гу­мен­та пра­вая круг­лая скоб­ка ,\"></p><p><img src=\"https://ege.sdamgia.ru/formula/svg/33/3391e5f95d82d0ca0bc369711b0f7310.svg\" class=\"tex\" style=\"vertical-align:-8.4pt\" alt=\" AC = AB умно­жить на дробь: чис­ли­тель: 1, зна­ме­на­тель: 2 конец дроби = 2 плюс ко­рень из: на­ча­ло ар­гу­мен­та: 3 конец ар­гу­мен­та ,\"></p><p><img src=\"https://ege.sdamgia.ru/formula/svg/61/61f2200648102aee3c0f2cd6fb2b092b.svg\" class=\"tex\" style=\"vertical-align:-8.5pt\" alt=\" BC = AB умно­жить на дробь: чис­ли­тель: ко­рень из: на­ча­ло ар­гу­мен­та: 3 конец ар­гу­мен­та , зна­ме­на­тель: 2 конец дроби = 2 ко­рень из: на­ча­ло ар­гу­мен­та: 3 конец ар­гу­мен­та плюс 3. \"></p><p></p></div><p> Тогда:</p><p class=\"left_margin\"></p><center><p><img src=\"https://ege.sdamgia.ru/formula/svg/a6/a664709765af90a624fd38963d453806.svg\" class=\"tex\" style=\"vertical-align:-8.4pt\" alt=\" S_ABC = дробь: чис­ли­тель: 1, зна­ме­на­тель: 2 конец дроби умно­жить на левая круг­лая скоб­ка 2 плюс ко­рень из: на­ча­ло ар­гу­мен­та: 3 конец ар­гу­мен­та пра­вая круг­лая скоб­ка левая круг­лая скоб­ка 2 ко­рень из: на­ча­ло ар­гу­мен­та: 3 конец ар­гу­мен­та плюс 3 пра­вая круг­лая скоб­ка = дробь: чис­ли­тель: 1, зна­ме­на­тель: 2 конец дроби умно­жить на левая круг­лая скоб­ка 12 плюс 7 ко­рень из: на­ча­ло ар­гу­мен­та: 3 конец ар­гу­мен­та пра­вая круг­лая скоб­ка .\"></p><p class=\"left_margin\"></p></center><p></p><div class=\"flex-math\"><p><img src=\"https://ege.sdamgia.ru/formula/svg/6a/6a6729cefa567374aa0f47003d51ec77.svg\" class=\"tex\" style=\"vertical-align:-4.1pt\" alt=\" S_AMO_1Q = 1 умно­жить на ко­рень из: на­ча­ло ар­гу­мен­та: 3 конец ар­гу­мен­та = ко­рень из: на­ча­ло ар­гу­мен­та: 3 конец ар­гу­мен­та ,\"></p><p><img src=\"https://ege.sdamgia.ru/formula/svg/7e/7ea2e54fd30370d1cc87dad83601153c.svg\" class=\"tex\" style=\"vertical-align:-3.8pt\" alt=\" S_BNO_2P = 1 умно­жить на левая круг­лая скоб­ка 2 плюс ко­рень из: на­ча­ло ар­гу­мен­та: 3 конец ар­гу­мен­та пра­вая круг­лая скоб­ка = 2 плюс ко­рень из: на­ча­ло ар­гу­мен­та: 3 конец ар­гу­мен­та ,\"></p><p><img src=\"https://ege.sdamgia.ru/formula/svg/4f/4f51259fdf8853a2a3f41f9c122461da.svg\" class=\"tex\" style=\"vertical-align:-4.0pt\" alt=\" S_O_1O_2QP = 1 умно­жить на 2 = 2.\"></p></div><p> Итак, </p><p class=\"left_margin\"></p><center><p><img src=\"https://ege.sdamgia.ru/formula/svg/45/4551cfe3e4715ade718c2b1b51a50366.svg\" class=\"tex\" style=\"vertical-align:-8.5pt\" alt=\" S_MCNO_2O_1 = дробь: чис­ли­тель: 1, зна­ме­на­тель: 2 конец дроби умно­жить на левая круг­лая скоб­ка 12 плюс 7 ко­рень из: на­ча­ло ар­гу­мен­та: 3 конец ар­гу­мен­та пра­вая круг­лая скоб­ка минус ко­рень из: на­ча­ло ар­гу­мен­та: 3 конец ар­гу­мен­та минус левая круг­лая скоб­ка 2 плюс ко­рень из: на­ча­ло ар­гу­мен­та: 3 конец ар­гу­мен­та пра­вая круг­лая скоб­ка минус 2 = дробь: чис­ли­тель: 4 плюс 3 ко­рень из: на­ча­ло ар­гу­мен­та: 3 конец ар­гу­мен­та , зна­ме­на­тель: 2 конец дроби . \"></p><p class=\"left_margin\"></p></center><p><span style=\"letter-spacing: 2px;\">Ответ:</span> <nobr>б)  <img src=\"https://ege.sdamgia.ru/formula/svg/06/068e47e492e34c80e5b70cdc6524afff.svg\" class=\"tex\" style=\"vertical-align:-8.5pt\" alt=\" дробь: чис­ли­тель: 4 плюс 3 ко­рень из: на­ча­ло ар­гу­мен­та: 3 конец ар­гу­мен­та , зна­ме­на­тель: 2 конец дроби . \"></nobr></p></div>",
        "image_urls": [
            "https://ege.sdamgia.ru/formula/svg/62/620033bf9be7dd89ec058c4497d3a8b6.svg",
            "https://ege.sdamgia.ru/formula/svg/83/838bc1433aa50b9847484dd032cd6213.svg",
            "https://ege.sdamgia.ru/formula/svg/3e/3e89f97843e085dafca36037e858f703.svg",
            "https://ege.sdamgia.ru/formula/svg/a2/a239365c8bad48ebbdcef52576b797d4.svg",
            "https://ege.sdamgia.ru/formula/svg/e7/e762cf754f525a8f62bd02df5a95e92d.svg",
            "https://ege.sdamgia.ru/formula/svg/91/91687b4b0613bf9c5518d1c04745aa92.svg",
            "https://ege.sdamgia.ru/formula/svg/1a/1a546a284ae2d66ad9a7ff2e17ab7c97.svg",
            "https://ege.sdamgia.ru/formula/svg/05/05d2161eec34e57216c91ac187b541b1.svg",
            "https://ege.sdamgia.ru/formula/svg/91/91687b4b0613bf9c5518d1c04745aa92.svg",
            "https://ege.sdamgia.ru/formula/svg/2f/2f0cee5e69fe30cc797e89354fc958df.svg",
            "https://ege.sdamgia.ru/formula/svg/4e/4e9cb78f451c1883ddb07cd1c4543d85.svg",
            "https://ege.sdamgia.ru/formula/svg/79/79a08ce3eaff8956263bde99978cd5a8.svg",
            "https://ege.sdamgia.ru/formula/svg/bb/bb71f39561b4f8f0c9ab0c600c28b5f6.svg",
            "https://ege.sdamgia.ru/formula/svg/33/3391e5f95d82d0ca0bc369711b0f7310.svg",
            "https://ege.sdamgia.ru/formula/svg/61/61f2200648102aee3c0f2cd6fb2b092b.svg",
            "https://ege.sdamgia.ru/formula/svg/a6/a664709765af90a624fd38963d453806.svg",
            "https://ege.sdamgia.ru/formula/svg/6a/6a6729cefa567374aa0f47003d51ec77.svg",
            "https://ege.sdamgia.ru/formula/svg/7e/7ea2e54fd30370d1cc87dad83601153c.svg",
            "https://ege.sdamgia.ru/formula/svg/4f/4f51259fdf8853a2a3f41f9c122461da.svg",
            "https://ege.sdamgia.ru/formula/svg/45/4551cfe3e4715ade718c2b1b51a50366.svg",
            "https://ege.sdamgia.ru/formula/svg/06/068e47e492e34c80e5b70cdc6524afff.svg",
            "/get_file?id=189766"
        ]
    },
    "answer": "б)",
    "topic_id": 17,
    "analog_ids": []
}