{
    "gia_type": "ege",
    "subject": "math",
    "id": 27664,
    "condition": {
        "text": "Найдите квадрат длины вектора ",
        "html": "<div align=\"justify\" width=\"100%\" id=\"body918252\" class=\"pbody\"><p class=\"left_margin\"><img src=\"/get_file?id=164993\" style=\"float:right;margin:10px;max-width:100%\">Най­ди­те квад­рат длины век­то­ра <img src=\"https://ege.sdamgia.ru/formula/svg/1b/1ba45e2a75306b79d945622732021806.svg\" class=\"tex\" style=\"vertical-align:-1.8pt\" alt=\"\\overset\\to \\mathopAB.\"></p></div>",
        "image_urls": [
            "https://ege.sdamgia.ru/formula/svg/1b/1ba45e2a75306b79d945622732021806.svg",
            "/get_file?id=164993"
        ]
    },
    "solution": {
        "text": "Решение. Найдем квадрат длины вектора  тогда квадрат длины вектора  равен  Ответ: 40.",
        "html": "<div align=\"justify\" width=\"100%\" id=\"sol27664\" class=\"solution\" style=\"clear:both;\" class=\"pbody\"><p class=\"left_margin\"></p><b>Ре­ше­ние<!--rule_info-->. </b><p class=\"left_margin\">Най­дем квад­рат длины век­то­ра <img src=\"https://ege.sdamgia.ru/formula/svg/a4/a4f3baa551adec34c2a31492ac52f84d.svg\" class=\"tex\" style=\"vertical-align:-1.8pt\" alt=\" \\overrightarrowAB:\"> </p><p class=\"left_margin\"></p><center><p><img src=\"https://ege.sdamgia.ru/formula/svg/ca/ca2a6cd555724574d2a520ea69677059.svg\" class=\"tex\" style=\"vertical-align:-5.9pt\" alt=\" ко­рень из: на­ча­ло ар­гу­мен­та: левая круг­лая скоб­ка 8 минус 2 пра­вая круг­лая скоб­ка конец ар­гу­мен­та в квад­ра­те плюс левая круг­лая скоб­ка 6 минус 4 пра­вая круг­лая скоб­ка в квад­ра­те = ко­рень из: на­ча­ло ар­гу­мен­та: 40 конец ар­гу­мен­та ,\"></p><p class=\"left_margin\"></p></center><p>тогда квад­рат длины век­то­ра <img src=\"https://ege.sdamgia.ru/formula/svg/d0/d035affacfa4598f5e399737a7a546ea.svg\" class=\"tex\" style=\"vertical-align:-1.8pt\" alt=\" \\overrightarrowAB\"> равен <img src=\"https://ege.sdamgia.ru/formula/svg/1a/1adff62ee8d5d408d7a17bae208c6492.svg\" class=\"tex\" style=\"vertical-align:-8.0pt\" alt=\" левая круг­лая скоб­ка ко­рень из: на­ча­ло ар­гу­мен­та: 40 конец ар­гу­мен­та пра­вая круг­лая скоб­ка в квад­ра­те =40.\"></p><p>&nbsp;</p><p><span style=\"letter-spacing: 2px;\">Ответ:</span> 40.</p></div>",
        "image_urls": [
            "https://ege.sdamgia.ru/formula/svg/a4/a4f3baa551adec34c2a31492ac52f84d.svg",
            "https://ege.sdamgia.ru/formula/svg/ca/ca2a6cd555724574d2a520ea69677059.svg",
            "https://ege.sdamgia.ru/formula/svg/d0/d035affacfa4598f5e399737a7a546ea.svg",
            "https://ege.sdamgia.ru/formula/svg/1a/1adff62ee8d5d408d7a17bae208c6492.svg"
        ]
    },
    "answer": "40",
    "topic_id": 2,
    "analog_ids": [
        27664,
        26395,
        654466,
        672859,
        26395,
        654466,
        672859,
        672888
    ]
}