{
    "gia_type": "ege",
    "subject": "math",
    "id": 27663,
    "condition": {
        "text": "Найдите длину вектора (6; 8).",
        "html": "<div align=\"justify\" width=\"100%\" id=\"body918259\" class=\"pbody\"><p class=\"left_margin\">Най­ди­те длину век­то­ра <img src=\"https://ege.sdamgia.ru/formula/svg/fe/fe7e0faea946f511487897bc3439c0a0.svg\" class=\"tex\" style=\"vertical-align:-1.8pt\" alt=\"\\overset\\to \\mathopa\">(6; 8).</p></div>",
        "image_urls": [
            "https://ege.sdamgia.ru/formula/svg/fe/fe7e0faea946f511487897bc3439c0a0.svg"
        ]
    },
    "solution": {
        "text": "Решение. Длина вектора определяется следующим выражением:  Ответ: 10.",
        "html": "<div align=\"justify\" width=\"100%\" id=\"sol27663\" class=\"solution\" style=\"clear:both;\" class=\"pbody\"><p class=\"left_margin\"></p><b>Ре­ше­ние<!--rule_info-->. </b><p class=\"left_margin\">Длина век­то­ра опре­де­ля­ет­ся сле­ду­ю­щим вы­ра­же­ни­ем: </p><p class=\"left_margin\"></p><center><p><img src=\"https://ege.sdamgia.ru/formula/svg/5c/5cfedd5b230f19e78b764fa92f3f9de7.svg\" class=\"tex\" style=\"vertical-align:-2.5pt\" alt=\" ко­рень из: на­ча­ло ар­гу­мен­та: 6 конец ар­гу­мен­та в квад­ра­те плюс 8 в квад­ра­те =10.\"></p><p class=\"left_margin\"></p></center><p>&nbsp;</p><p><span style=\"letter-spacing: 2px;\">Ответ:</span> 10.</p></div>",
        "image_urls": [
            "https://ege.sdamgia.ru/formula/svg/5c/5cfedd5b230f19e78b764fa92f3f9de7.svg"
        ]
    },
    "answer": "10",
    "topic_id": 2,
    "analog_ids": [
        27663,
        58455,
        58457,
        58459,
        58455,
        58457,
        58459,
        58497,
        649848,
        649850,
        649851,
        649852,
        649853,
        649854,
        649855,
        649856,
        649858,
        649859,
        649860,
        649861,
        649863,
        649864,
        649867,
        649869,
        649871,
        649873,
        649874,
        649883,
        649885,
        649886,
        649887,
        649888,
        649889,
        649890,
        58461,
        58463,
        58465,
        58467,
        58469,
        58471,
        58473,
        58475,
        58477,
        58479,
        58481,
        58483,
        58485,
        58487,
        58489,
        58491,
        58493,
        58495,
        58499,
        58501,
        58503
    ]
}