{
    "gia_type": "ege",
    "subject": "math",
    "id": 27709,
    "condition": {
        "text": "Две стороны прямоугольника ABCD равны 6 и 8. Найдите длину разности векторов  и ",
        "html": "<div align=\"justify\" width=\"100%\" id=\"body918209\" class=\"pbody\"><p class=\"left_margin\"><img src=\"/get_file?id=143410\" style=\"float:right;margin:10px;max-width:100%\">Две сто­ро­ны пря­мо­уголь­ни­ка <i>ABCD</i> равны 6 и 8. Най­ди­те длину раз­но­сти век­то­ров <img src=\"https://ege.sdamgia.ru/formula/svg/2d/2d1cceb556de3394ddc474f38c98e049.svg\" class=\"tex\" style=\"vertical-align:-1.8pt\" alt=\"\\overrightarrowAB\"> и <img src=\"https://ege.sdamgia.ru/formula/svg/c7/c78ec31e2a229e0b1204757b7cd74d36.svg\" class=\"tex\" style=\"vertical-align:-1.8pt\" alt=\"\\overrightarrowAD.\"></p></div>",
        "image_urls": [
            "https://ege.sdamgia.ru/formula/svg/2d/2d1cceb556de3394ddc474f38c98e049.svg",
            "https://ege.sdamgia.ru/formula/svg/c7/c78ec31e2a229e0b1204757b7cd74d36.svg",
            "/get_file?id=143410"
        ]
    },
    "solution": {
        "text": "Решение. Разность векторов  и  равна вектору  Вектор  образует в прямоугольнике два прямоугольных треугольника. Поэтому по теореме Пифагора  Ответ: 10.",
        "html": "<div align=\"justify\" width=\"100%\" id=\"sol27709\" class=\"solution\" style=\"clear:both;\" class=\"pbody\"><p class=\"left_margin\"></p><b>Ре­ше­ние<!--rule_info-->. </b><p class=\"left_margin\">Раз­ность век­то­ров <img src=\"https://ege.sdamgia.ru/formula/svg/2d/2d1cceb556de3394ddc474f38c98e049.svg\" class=\"tex\" style=\"vertical-align:-1.8pt\" alt=\"\\overrightarrowAB\"> и <img src=\"https://ege.sdamgia.ru/formula/svg/a3/a39da478750333de819f18fad9409f8a.svg\" class=\"tex\" style=\"vertical-align:-1.8pt\" alt=\"\\overrightarrowAD\"> равна век­то­ру <img src=\"https://ege.sdamgia.ru/formula/svg/8c/8cba96c22647fce57502d5adc9125ada.svg\" class=\"tex\" style=\"vertical-align:-1.8pt\" alt=\"\\overrightarrowDB.\"> Век­тор <img src=\"https://ege.sdamgia.ru/formula/svg/51/51aae1f163b2194bb7a1d958e1706d68.svg\" class=\"tex\" style=\"vertical-align:-1.8pt\" alt=\"\\overrightarrowDB\"> об­ра­зу­ет в пря­мо­уголь­ни­ке два пря­мо­уголь­ных тре­уголь­ни­ка. По­это­му по тео­ре­ме Пи­фа­го­ра <img src=\"https://ege.sdamgia.ru/formula/svg/0f/0f6bde80f8b0d03b8ecc7b30742c9e78.svg\" class=\"tex\" style=\"vertical-align:-2.5pt\" alt=\"\\overset\\mathopDB= ко­рень из: на­ча­ло ар­гу­мен­та: 6 конец ар­гу­мен­та в квад­ра­те плюс 8 в квад­ра­те =10.\"></p><p>&nbsp;</p><p><span style=\"letter-spacing: 2px;\">Ответ:</span> 10.</p></div>",
        "image_urls": [
            "https://ege.sdamgia.ru/formula/svg/2d/2d1cceb556de3394ddc474f38c98e049.svg",
            "https://ege.sdamgia.ru/formula/svg/a3/a39da478750333de819f18fad9409f8a.svg",
            "https://ege.sdamgia.ru/formula/svg/8c/8cba96c22647fce57502d5adc9125ada.svg",
            "https://ege.sdamgia.ru/formula/svg/51/51aae1f163b2194bb7a1d958e1706d68.svg",
            "https://ege.sdamgia.ru/formula/svg/0f/0f6bde80f8b0d03b8ecc7b30742c9e78.svg"
        ]
    },
    "answer": "10",
    "topic_id": 2,
    "analog_ids": [
        27709,
        60255,
        60257,
        60259,
        60255,
        60257,
        60259,
        60261,
        60263,
        60265,
        60267,
        60269,
        60271,
        60273,
        60275,
        60277,
        60279,
        60281,
        60283,
        60285,
        60287,
        60289,
        60291,
        60293,
        60295,
        60297,
        60299,
        60301,
        60303
    ]
}