{
    "gia_type": "ege",
    "subject": "math",
    "id": 27718,
    "condition": {
        "text": "Диагонали ромба ABCD пересекаются в точке O и равны 12 и 16. Найдите длину вектора ",
        "html": "<div align=\"justify\" width=\"100%\" id=\"body918202\" class=\"pbody\"><p class=\"left_margin\"><img src=\"/get_file?id=143415\" style=\"float:right;margin:10px;max-width:100%\">Диа­го­на­ли ромба <i>ABCD</i> пе­ре­се­ка­ют­ся в точке <i>O</i> и равны 12 и 16. Най­ди­те длину век­то­ра <img src=\"https://ege.sdamgia.ru/formula/svg/ec/ec1b267f127b52a8a60339a8561d3758.svg\" class=\"tex\" style=\"vertical-align:-1.8pt\" alt=\"\\overrightarrowAO минус \\overrightarrowBO.\"></p></div>",
        "image_urls": [
            "https://ege.sdamgia.ru/formula/svg/ec/ec1b267f127b52a8a60339a8561d3758.svg",
            "/get_file?id=143415"
        ]
    },
    "solution": {
        "text": "Решение. Разность векторов  и  равна вектору  Диагонали ромба пересекаются под прямым углом и точкой пересечения делятся пополам. Тогда вектор  является гипотенузой в прямоугольном треугольнике. По теореме Пифагора получаем, что  Ответ: 10.",
        "html": "<div align=\"justify\" width=\"100%\" id=\"sol27718\" class=\"solution\" style=\"clear:both;\" class=\"pbody\"><p class=\"left_margin\"></p><b>Ре­ше­ние<!--rule_info-->. </b><p class=\"left_margin\">Раз­ность век­то­ров <img src=\"https://ege.sdamgia.ru/formula/svg/06/06cb2d9663c22e7a65cd6314efe95958.svg\" class=\"tex\" style=\"vertical-align:-1.8pt\" alt=\"\\overrightarrowAO\"> и <img src=\"https://ege.sdamgia.ru/formula/svg/01/01ca83b7c1a78adfd5e6e27466e410b0.svg\" class=\"tex\" style=\"vertical-align:-1.8pt\" alt=\"\\overrightarrowBO\"> равна век­то­ру <img src=\"https://ege.sdamgia.ru/formula/svg/44/440eadd40d8d4b70038a2e0b462b5786.svg\" class=\"tex\" style=\"vertical-align:-1.8pt\" alt=\"\\overrightarrowAB.\"> Диа­го­на­ли ромба пе­ре­се­ка­ют­ся под пря­мым углом и точ­кой пе­ре­се­че­ния де­лят­ся по­по­лам. Тогда век­тор <img src=\"https://ege.sdamgia.ru/formula/svg/2d/2d1cceb556de3394ddc474f38c98e049.svg\" class=\"tex\" style=\"vertical-align:-1.8pt\" alt=\"\\overrightarrowAB\"> яв­ля­ет­ся ги­по­те­ну­зой в пря­мо­уголь­ном тре­уголь­ни­ке. По тео­ре­ме Пи­фа­го­ра по­лу­ча­ем, что <img src=\"https://ege.sdamgia.ru/formula/svg/b0/b0e1d713688bd2c0503136120783dfc1.svg\" class=\"tex\" style=\"vertical-align:-2.5pt\" alt=\"\\overset\\mathopAB= ко­рень из: на­ча­ло ар­гу­мен­та: 8 конец ар­гу­мен­та в квад­ра­те плюс 6 в квад­ра­те =10.\"></p><p>&nbsp;</p><p><span style=\"letter-spacing: 2px;\">Ответ:</span> 10.</p></div>",
        "image_urls": [
            "https://ege.sdamgia.ru/formula/svg/06/06cb2d9663c22e7a65cd6314efe95958.svg",
            "https://ege.sdamgia.ru/formula/svg/01/01ca83b7c1a78adfd5e6e27466e410b0.svg",
            "https://ege.sdamgia.ru/formula/svg/44/440eadd40d8d4b70038a2e0b462b5786.svg",
            "https://ege.sdamgia.ru/formula/svg/2d/2d1cceb556de3394ddc474f38c98e049.svg",
            "https://ege.sdamgia.ru/formula/svg/b0/b0e1d713688bd2c0503136120783dfc1.svg"
        ]
    },
    "answer": "10",
    "topic_id": 2,
    "analog_ids": [
        27718,
        26451,
        60707,
        60705,
        26451,
        60707,
        60705,
        60709,
        60711,
        60713,
        60715,
        60717,
        60719,
        60721,
        60723,
        60725,
        60727,
        60729,
        60731,
        60733,
        60735,
        60737,
        60739,
        60741,
        60743,
        60745,
        60747,
        60749,
        60751,
        60753
    ]
}