{
    "gia_type": "ege",
    "subject": "math",
    "id": 27717,
    "condition": {
        "text": "Диагонали ромба ABCD пересекаются в точке O и равны 12 и 16. Найдите длину вектора ",
        "html": "<div align=\"justify\" width=\"100%\" id=\"body918201\" class=\"pbody\"><p class=\"left_margin\"><img src=\"/get_file?id=143415\" style=\"float:right;margin:10px;max-width:100%\">Диа­го­на­ли ромба <i>ABCD</i> пе­ре­се­ка­ют­ся в точке <i>O</i> и равны 12 и 16. Най­ди­те длину век­то­ра <img src=\"https://ege.sdamgia.ru/formula/svg/45/459534da7de677b300f7d2004c2fa034.svg\" class=\"tex\" style=\"vertical-align:-1.8pt\" alt=\"\\overrightarrowAO плюс \\overrightarrowBO.\"></p></div>",
        "image_urls": [
            "https://ege.sdamgia.ru/formula/svg/45/459534da7de677b300f7d2004c2fa034.svg",
            "/get_file?id=143415"
        ]
    },
    "solution": {
        "text": "Решение. Сумма векторов +  равна вектору  Поскольку ABCD  — ромб, его диагонали пересекаются под прямым углом, значит,  Ответ: 10.",
        "html": "<div align=\"justify\" width=\"100%\" id=\"sol27717\" class=\"solution\" style=\"clear:both;\" class=\"pbody\"><p class=\"left_margin\"></p><b>Ре­ше­ние<!--rule_info-->. </b><p class=\"left_margin\">Сумма век­то­ров<img src=\"https://ege.sdamgia.ru/formula/svg/06/06cb2d9663c22e7a65cd6314efe95958.svg\" class=\"tex\" style=\"vertical-align:-1.8pt\" alt=\"\\overrightarrowAO\"> + <img src=\"https://ege.sdamgia.ru/formula/svg/01/01ca83b7c1a78adfd5e6e27466e410b0.svg\" class=\"tex\" style=\"vertical-align:-1.8pt\" alt=\"\\overrightarrowBO\"> равна век­то­ру <img src=\"https://ege.sdamgia.ru/formula/svg/c7/c78ec31e2a229e0b1204757b7cd74d36.svg\" class=\"tex\" style=\"vertical-align:-1.8pt\" alt=\"\\overrightarrowAD.\"> По­сколь­ку <i>ABCD</i>  — ромб, его диа­го­на­ли пе­ре­се­ка­ют­ся под пря­мым углом, зна­чит, </p><p class=\"left_margin\"></p><center><p><img src=\"https://ege.sdamgia.ru/formula/svg/b6/b69d0ea30b1c6ec373d528796b752e0e.svg\" class=\"tex\" style=\"vertical-align:-8.4pt\" alt=\"AD= ко­рень из: на­ча­ло ар­гу­мен­та: AO в сте­пе­ни левая круг­лая скоб­ка 2 конец ар­гу­мен­та плюс OD в квад­ра­те пра­вая круг­лая скоб­ка = дробь: чис­ли­тель: 1, зна­ме­на­тель: 2 конец дроби ко­рень из: на­ча­ло ар­гу­мен­та: AC в сте­пе­ни левая круг­лая скоб­ка 2 конец ар­гу­мен­та плюс BD в квад­ра­те пра­вая круг­лая скоб­ка = дробь: чис­ли­тель: 1, зна­ме­на­тель: 2 конец дроби ко­рень из: на­ча­ло ар­гу­мен­та: 256 плюс 144 конец ар­гу­мен­та =10. \"></p><p class=\"left_margin\"></p></center><p>&nbsp;</p><p><span style=\"letter-spacing: 2px;\">Ответ:</span> 10.</p></div>",
        "image_urls": [
            "https://ege.sdamgia.ru/formula/svg/06/06cb2d9663c22e7a65cd6314efe95958.svg",
            "https://ege.sdamgia.ru/formula/svg/01/01ca83b7c1a78adfd5e6e27466e410b0.svg",
            "https://ege.sdamgia.ru/formula/svg/c7/c78ec31e2a229e0b1204757b7cd74d36.svg",
            "https://ege.sdamgia.ru/formula/svg/b6/b69d0ea30b1c6ec373d528796b752e0e.svg"
        ]
    },
    "answer": "10",
    "topic_id": 2,
    "analog_ids": [
        27717,
        60655,
        60657,
        60659,
        60655,
        60657,
        60659,
        60661,
        60663,
        60665,
        60667,
        60669,
        60671,
        60673,
        60675,
        60677,
        60679,
        60681,
        60683,
        60685,
        60687,
        60689,
        60691,
        60693,
        60695,
        60697,
        60699,
        60701,
        60703
    ]
}