{
    "gia_type": "ege",
    "subject": "math",
    "id": 27713,
    "condition": {
        "text": "Диагонали ромба ABCD равны 12 и 16. Найдите длину вектора ",
            "html": "<div align=\"justify\" width=\"100%\" id=\"body918205\" class=\"pbody\"><p class=\"left_margin\"><img src=\"/get_file?id=143412\" style=\"float:right;margin:10px;max-width:100%\">Диа­го­на­ли ромба <i>ABCD</i> равны 12 и 16. Най­ди­те длину век­то­ра <img src=\"https://ege.sdamgia.ru/formula/svg/44/440eadd40d8d4b70038a2e0b462b5786.svg\" class=\"tex\" style=\"vertical-align:-1.8pt\" alt=\"\\overrightarrowAB.\"></p></div>",
        "image_urls": [
            "https://ege.sdamgia.ru/formula/svg/44/440eadd40d8d4b70038a2e0b462b5786.svg",
            "/get_file?id=143412"
        ]
    },
    "solution": {
        "text": "Решение. Диагонали ромба пересекаются под прямым углом и точкой пересечения делятся пополам. Тогда вектор  является гипотенузой в прямоугольном треугольнике. По теореме Пифагора получаем, что  Ответ: 10.",
        "html": "<div align=\"justify\" width=\"100%\" id=\"sol27713\" class=\"solution\" style=\"clear:both;\" class=\"pbody\"><p class=\"left_margin\"></p><b>Ре­ше­ние<!--rule_info-->. </b><p class=\"left_margin\">Диа­го­на­ли ромба пе­ре­се­ка­ют­ся под пря­мым углом и точ­кой пе­ре­се­че­ния де­лят­ся по­по­лам. Тогда век­тор <img src=\"https://ege.sdamgia.ru/formula/svg/2d/2d1cceb556de3394ddc474f38c98e049.svg\" class=\"tex\" style=\"vertical-align:-1.8pt\" alt=\"\\overrightarrowAB\"> яв­ля­ет­ся ги­по­те­ну­зой в пря­мо­уголь­ном тре­уголь­ни­ке. По тео­ре­ме Пи­фа­го­ра по­лу­ча­ем, что <img src=\"https://ege.sdamgia.ru/formula/svg/b0/b0e1d713688bd2c0503136120783dfc1.svg\" class=\"tex\" style=\"vertical-align:-2.5pt\" alt=\"\\overset\\mathopAB= ко­рень из: на­ча­ло ар­гу­мен­та: 8 конец ар­гу­мен­та в квад­ра­те плюс 6 в квад­ра­те =10.\"></p><p>&nbsp;</p><p><span style=\"letter-spacing: 2px;\">Ответ:</span> 10.</p></div>",
        "image_urls": [
            "https://ege.sdamgia.ru/formula/svg/2d/2d1cceb556de3394ddc474f38c98e049.svg",
            "https://ege.sdamgia.ru/formula/svg/b0/b0e1d713688bd2c0503136120783dfc1.svg"
        ]
    },
    "answer": "10",
    "topic_id": 2,
    "analog_ids": [
        27713,
        60455,
        60457,
        60459,
        60455,
        60457,
        60459,
        60461,
        60463,
        60465,
        60467,
        60469,
        60471,
        60473,
        60475,
        60477,
        60479,
        60481,
        60483,
        60485,
        60487,
        60489,
        60491,
        60493,
        60495,
        60497,
        60499,
        60501,
        60503
    ]
}