{
    "gia_type": "ege",
    "subject": "math",
    "id": 27719,
    "condition": {
        "text": "Диагонали ромба ABCD пересекаются в точке O и равны 12 и 16. Найдите скалярное произведение векторов  и ",
        "html": "<div align=\"justify\" width=\"100%\" id=\"body918203\" class=\"pbody\"><p class=\"left_margin\"><img src=\"/get_file?id=143415\" style=\"float:right;margin:10px;max-width:100%\">Диа­го­на­ли ромба <i>ABCD</i> пе­ре­се­ка­ют­ся в точке <i>O</i> и равны 12 и 16. Най­ди­те ска­ляр­ное про­из­ве­де­ние век­то­ров <img src=\"https://ege.sdamgia.ru/formula/svg/06/06cb2d9663c22e7a65cd6314efe95958.svg\" class=\"tex\" style=\"vertical-align:-1.8pt\" alt=\"\\overrightarrowAO\"> и <img src=\"https://ege.sdamgia.ru/formula/svg/f4/f46bb0825efd8ae543398ad6642e2b87.svg\" class=\"tex\" style=\"vertical-align:-1.8pt\" alt=\"\\overrightarrowBO.\"></p></div>",
        "image_urls": [
            "https://ege.sdamgia.ru/formula/svg/06/06cb2d9663c22e7a65cd6314efe95958.svg",
            "https://ege.sdamgia.ru/formula/svg/f4/f46bb0825efd8ae543398ad6642e2b87.svg",
            "/get_file?id=143415"
        ]
    },
    "solution": {
        "text": "Решение. Скалярное произведение двух векторов равно произведению их длин на косинус угла между ними. Диагонали в ромбе перпендикулярны. Так как косинус прямого угла равен нулю, то и скалярное произведение тоже равно нулю. Ответ: 0.",
        "html": "<div align=\"justify\" width=\"100%\" id=\"sol27719\" class=\"solution\" style=\"clear:both;\" class=\"pbody\"><p class=\"left_margin\"></p><b>Ре­ше­ние<!--rule_info-->. </b><p class=\"left_margin\">Ска­ляр­ное про­из­ве­де­ние двух век­то­ров равно про­из­ве­де­нию их длин на ко­си­нус угла между ними. Диа­го­на­ли в ромбе пер­пен­ди­ку­ляр­ны. Так как ко­си­нус пря­мо­го угла равен нулю, то и ска­ляр­ное про­из­ве­де­ние тоже равно нулю.</p><p>&nbsp;</p><p><span style=\"letter-spacing: 2px;\">Ответ:</span> 0.</p></div>",
        "image_urls": []
    },
    "answer": "0",
    "topic_id": 2,
    "analog_ids": [
        27719,
        60755,
        60757,
        60759,
        60755,
        60757,
        60759,
        60761,
        60763,
        60765,
        60767,
        60769,
        60771,
        60773,
        60775,
        60777,
        60779,
        60781,
        60783,
        60785,
        60787,
        60789,
        60791,
        60793,
        60795,
        60797,
        60799,
        60801,
        60803
    ]
}