{
    "gia_type": "ege",
    "subject": "math",
    "id": 27710,
    "condition": {
        "text": "Две стороны прямоугольника ABCD равны 6 и 8. Найдите скалярное произведение векторов  и ",
        "html": "<div align=\"justify\" width=\"100%\" id=\"body918210\" class=\"pbody\"><p class=\"left_margin\"><img src=\"/get_file?id=143410\" style=\"float:right;margin:10px;max-width:100%\">Две сто­ро­ны пря­мо­уголь­ни­ка <i>ABCD</i> равны 6 и 8. Най­ди­те ска­ляр­ное про­из­ве­де­ние век­то­ров <img src=\"https://ege.sdamgia.ru/formula/svg/2d/2d1cceb556de3394ddc474f38c98e049.svg\" class=\"tex\" style=\"vertical-align:-1.8pt\" alt=\"\\overrightarrowAB\"> и <img src=\"https://ege.sdamgia.ru/formula/svg/c7/c78ec31e2a229e0b1204757b7cd74d36.svg\" class=\"tex\" style=\"vertical-align:-1.8pt\" alt=\"\\overrightarrowAD.\"></p></div>",
        "image_urls": [
            "https://ege.sdamgia.ru/formula/svg/2d/2d1cceb556de3394ddc474f38c98e049.svg",
            "https://ege.sdamgia.ru/formula/svg/c7/c78ec31e2a229e0b1204757b7cd74d36.svg",
            "/get_file?id=143410"
        ]
    },
    "solution": {
        "text": "Решение. Скалярное произведение двух векторов равно произведению их длин на косинус угла между ними. Так как косинус прямого угла равен нулю, то и скалярное произведение тоже равно нулю. Ответ: 0.",
        "html": "<div align=\"justify\" width=\"100%\" id=\"sol27710\" class=\"solution\" style=\"clear:both;\" class=\"pbody\"><p class=\"left_margin\"></p><b>Ре­ше­ние<!--rule_info-->. </b><p class=\"left_margin\">Ска­ляр­ное про­из­ве­де­ние двух век­то­ров равно про­из­ве­де­нию их длин на ко­си­нус угла между ними. Так как ко­си­нус пря­мо­го угла равен нулю, то и ска­ляр­ное про­из­ве­де­ние тоже равно нулю.</p><p>&nbsp;</p><p><span style=\"letter-spacing: 2px;\">Ответ:</span> 0.</p></div>",
        "image_urls": []
    },
    "answer": "0",
    "topic_id": 2,
    "analog_ids": [
        27710,
        26443,
        60305,
        60307,
        26443,
        60305,
        60307,
        60309,
        60311,
        60313,
        60315,
        60317,
        60319,
        60321,
        60323,
        60325,
        60327,
        60329,
        60331,
        60333,
        60335,
        60337,
        60339,
        60341,
        60343,
        60345,
        60347,
        60349,
        60351,
        60353
    ]
}