{
    "gia_type": "ege",
    "subject": "math",
    "id": 27715,
    "condition": {
        "text": "Диагонали изображенного на рисунке ромба ABCD равны 12 и 16. Найдите длину вектора ",
        "html": "<div align=\"justify\" width=\"100%\" id=\"body918207\" class=\"pbody\"><p class=\"left_margin\"><img src=\"/get_file?id=143413\" style=\"float:right;margin:10px;max-width:100%\">Диа­го­на­ли изоб­ра­жен­но­го на ри­сун­ке ромба <i>ABCD</i> равны 12 и 16. Най­ди­те длину век­то­ра <img src=\"https://ege.sdamgia.ru/formula/svg/6e/6e79bf216b16537a3704be9482922f0f.svg\" class=\"tex\" style=\"vertical-align:-1.8pt\" alt=\"\\overrightarrowAB минус \\overrightarrowAD.\"></p></div>",
        "image_urls": [
            "https://ege.sdamgia.ru/formula/svg/6e/6e79bf216b16537a3704be9482922f0f.svg",
            "/get_file?id=143413"
        ]
    },
    "solution": {
        "text": "Решение. Разность векторов  и  равна вектору  Длина вектора  равна  Ответ: 12.",
        "html": "<div align=\"justify\" width=\"100%\" id=\"sol27715\" class=\"solution\" style=\"clear:both;\" class=\"pbody\"><p class=\"left_margin\"></p><b>Ре­ше­ние<!--rule_info-->. </b><p class=\"left_margin\">Раз­ность век­то­ров <img src=\"https://ege.sdamgia.ru/formula/svg/2d/2d1cceb556de3394ddc474f38c98e049.svg\" class=\"tex\" style=\"vertical-align:-1.8pt\" alt=\"\\overrightarrowAB\"> и <img src=\"https://ege.sdamgia.ru/formula/svg/a3/a39da478750333de819f18fad9409f8a.svg\" class=\"tex\" style=\"vertical-align:-1.8pt\" alt=\"\\overrightarrowAD\"> равна век­то­ру <img src=\"https://ege.sdamgia.ru/formula/svg/8c/8cba96c22647fce57502d5adc9125ada.svg\" class=\"tex\" style=\"vertical-align:-1.8pt\" alt=\"\\overrightarrowDB.\"> Длина век­то­ра <img src=\"https://ege.sdamgia.ru/formula/svg/51/51aae1f163b2194bb7a1d958e1706d68.svg\" class=\"tex\" style=\"vertical-align:-1.8pt\" alt=\"\\overrightarrowDB\"> равна <img src=\"https://ege.sdamgia.ru/formula/svg/76/76fde070b319d3b1f25909d6ed937b89.svg\" class=\"tex\" style=\"vertical-align:-1.8pt\" alt=\"12.\"></p><p>&nbsp;</p><p><span style=\"letter-spacing: 2px;\">Ответ:</span> 12.</p></div>",
        "image_urls": [
            "https://ege.sdamgia.ru/formula/svg/2d/2d1cceb556de3394ddc474f38c98e049.svg",
            "https://ege.sdamgia.ru/formula/svg/a3/a39da478750333de819f18fad9409f8a.svg",
            "https://ege.sdamgia.ru/formula/svg/8c/8cba96c22647fce57502d5adc9125ada.svg",
            "https://ege.sdamgia.ru/formula/svg/51/51aae1f163b2194bb7a1d958e1706d68.svg",
            "https://ege.sdamgia.ru/formula/svg/76/76fde070b319d3b1f25909d6ed937b89.svg"
        ]
    },
    "answer": "12",
    "topic_id": 2,
    "analog_ids": [
        27715,
        60555,
        60557,
        60559,
        60555,
        60557,
        60559,
        60561,
        60563,
        60565,
        60567,
        60569,
        60571,
        60573,
        60575,
        60577,
        60579,
        60581,
        60583,
        60585,
        60587,
        60589,
        60591,
        60593,
        60595,
        60597,
        60599,
        60601,
        60603
    ]
}