{
    "gia_type": "ege",
    "subject": "math",
    "id": 27727,
    "condition": {
        "text": "Вектор  с концом в точке B(5; 3) имеет координаты (3; 1). Найдите абсциссу точки ",
        "html": "<div align=\"justify\" width=\"100%\" id=\"body918195\" class=\"pbody\"><p class=\"left_margin\"><img src=\"/get_file?id=143482\" style=\"float:right;margin:10px;max-width:100%\">Век­тор <img src=\"https://ege.sdamgia.ru/formula/svg/2d/2d1cceb556de3394ddc474f38c98e049.svg\" class=\"tex\" style=\"vertical-align:-1.8pt\" alt=\"\\overrightarrowAB\"> с кон­цом в точке <i>B</i>(5; 3) имеет ко­ор­ди­на­ты (3; 1). Най­ди­те абс­цис­су точки <img src=\"https://ege.sdamgia.ru/formula/svg/e1/e1354cc842cc323c307b3424ed3dfa81.svg\" class=\"tex\" style=\"vertical-align:-1.8pt\" alt=\"A.\"></p></div>",
        "image_urls": [
            "https://ege.sdamgia.ru/formula/svg/2d/2d1cceb556de3394ddc474f38c98e049.svg",
            "https://ege.sdamgia.ru/formula/svg/e1/e1354cc842cc323c307b3424ed3dfa81.svg",
            "/get_file?id=143482"
        ]
    },
    "solution": {
        "text": "Решение. Координаты вектора равны разности координат конца вектора и его начала. Координаты точки A вычисляются следующим образом: 5 − x  =  3, 3 − y  =  1. Откуда x  =  2, y  =  2. Ответ: 2.",
        "html": "<div align=\"justify\" width=\"100%\" id=\"sol27727\" class=\"solution\" style=\"clear:both;\" class=\"pbody\"><p class=\"left_margin\"></p><b>Ре­ше­ние<!--rule_info-->. </b><p class=\"left_margin\">Ко­ор­ди­на­ты век­то­ра равны раз­но­сти ко­ор­ди­нат конца век­то­ра и его на­ча­ла. Ко­ор­ди­на­ты точки <i>A</i> вы­чис­ля­ют­ся сле­ду­ю­щим об­ра­зом: 5 − <i>x</i>  =  3, 3 − <i>y</i>  =  1. От­ку­да <i>x</i>  =  2, <i>y</i>  =  2.</p><p>&nbsp;</p><p><span style=\"letter-spacing: 2px;\">Ответ:</span> 2.</p></div>",
        "image_urls": []
    },
    "answer": "2",
    "topic_id": 2,
    "analog_ids": [
        27727,
        26461,
        61105,
        61107,
        26461,
        61105,
        61107,
        61109,
        61111,
        61113,
        61115,
        61117,
        61119,
        61121,
        61123,
        61125,
        61127,
        61129,
        61131,
        61133,
        61135,
        61137,
        61139,
        61141,
        61143,
        61145,
        61147,
        61149,
        61151,
        61153
    ]
}