{
    "gia_type": "ege",
    "subject": "math",
    "id": 27725,
    "condition": {
        "text": "Вектор  с началом в точке A(2; 4) имеет координаты (6; 2). Найдите ординату точки ",
        "html": "<div align=\"justify\" width=\"100%\" id=\"body918193\" class=\"pbody\"><p class=\"left_margin\"><img src=\"/get_file?id=143479\" style=\"float:right;margin:10px;max-width:100%\">Век­тор <img src=\"https://ege.sdamgia.ru/formula/svg/2d/2d1cceb556de3394ddc474f38c98e049.svg\" class=\"tex\" style=\"vertical-align:-1.8pt\" alt=\"\\overrightarrowAB\"> с на­ча­лом в точке <i>A</i>(2; 4) имеет ко­ор­ди­на­ты (6; 2). Най­ди­те ор­ди­на­ту точки <img src=\"https://ege.sdamgia.ru/formula/svg/b0/b06c26aed02d969d0f2315ba11b5432b.svg\" class=\"tex\" style=\"vertical-align:-1.8pt\" alt=\"B.\"></p></div>",
        "image_urls": [
            "https://ege.sdamgia.ru/formula/svg/2d/2d1cceb556de3394ddc474f38c98e049.svg",
            "https://ege.sdamgia.ru/formula/svg/b0/b06c26aed02d969d0f2315ba11b5432b.svg",
            "/get_file?id=143479"
        ]
    },
    "solution": {
        "text": "Решение. Координаты вектора равны разности координат конца вектора и его начала. Так как вектор  имеет координаты  то легко вычислить координаты точки  Следовательно, точка B имеет координаты   Поэтому  Ответ: 6.",
        "html": "<div align=\"justify\" width=\"100%\" id=\"sol27725\" class=\"solution\" style=\"clear:both;\" class=\"pbody\"><p class=\"left_margin\"></p><b>Ре­ше­ние<!--rule_info-->. </b><p class=\"left_margin\">Ко­ор­ди­на­ты век­то­ра равны раз­но­сти ко­ор­ди­нат конца век­то­ра и его на­ча­ла. Так как век­тор <img src=\"https://ege.sdamgia.ru/formula/svg/2d/2d1cceb556de3394ddc474f38c98e049.svg\" class=\"tex\" style=\"vertical-align:-1.8pt\" alt=\"\\overrightarrowAB\"> имеет ко­ор­ди­на­ты <img src=\"https://ege.sdamgia.ru/formula/svg/a1/a15b5137ab35ada217efa85dc0a875ca.svg\" class=\"tex\" style=\"vertical-align:-3.6pt\" alt=\" левая круг­лая скоб­ка 6;2 пра­вая круг­лая скоб­ка ,\"> то легко вы­чис­лить ко­ор­ди­на­ты точки <img src=\"https://ege.sdamgia.ru/formula/svg/b0/b06c26aed02d969d0f2315ba11b5432b.svg\" class=\"tex\" style=\"vertical-align:-1.8pt\" alt=\"B.\"> Сле­до­ва­тель­но, точка <i>B</i> имеет ко­ор­ди­на­ты <img src=\"https://ege.sdamgia.ru/formula/svg/67/67a7d2c247c1db9bf088fcbe562df15c.svg\" class=\"tex\" style=\"vertical-align:-3.0pt\" alt=\"x минус 2=6,\"> <img src=\"https://ege.sdamgia.ru/formula/svg/2f/2fcc1c1203081a679ace0a3ddf8f8aa6.svg\" class=\"tex\" style=\"vertical-align:-3.0pt\" alt=\"y минус 4=2.\"> По­это­му <img src=\"https://ege.sdamgia.ru/formula/svg/53/5346b8ab6bd6bc8e50d009dc8e4cc20e.svg\" class=\"tex\" style=\"vertical-align:-3.0pt\" alt=\"x=8,y=6.\"></p><p>&nbsp;</p><p><span style=\"letter-spacing: 2px;\">Ответ:</span> 6.</p></div>",
        "image_urls": [
            "https://ege.sdamgia.ru/formula/svg/2d/2d1cceb556de3394ddc474f38c98e049.svg",
            "https://ege.sdamgia.ru/formula/svg/a1/a15b5137ab35ada217efa85dc0a875ca.svg",
            "https://ege.sdamgia.ru/formula/svg/b0/b06c26aed02d969d0f2315ba11b5432b.svg",
            "https://ege.sdamgia.ru/formula/svg/67/67a7d2c247c1db9bf088fcbe562df15c.svg",
            "https://ege.sdamgia.ru/formula/svg/2f/2fcc1c1203081a679ace0a3ddf8f8aa6.svg",
            "https://ege.sdamgia.ru/formula/svg/53/5346b8ab6bd6bc8e50d009dc8e4cc20e.svg"
        ]
    },
    "answer": "6",
    "topic_id": 2,
    "analog_ids": [
        27725,
        26459,
        61005,
        61007,
        26459,
        61005,
        61007,
        61009,
        61011,
        61013,
        61015,
        61017,
        61019,
        61021,
        61023,
        61025,
        61027,
        61029,
        61031,
        61033,
        61035,
        61037,
        61039,
        61041,
        61043,
        61045,
        61047,
        61049,
        61051,
        61053
    ]
}