{
    "gia_type": "ege",
    "subject": "math",
    "id": 27729,
    "condition": {
        "text": "Вектор  с концом в точке B(5; 4) имеет координаты (3; 1). Найдите сумму координат точки ",
        "html": "<div align=\"justify\" width=\"100%\" id=\"body918189\" class=\"pbody\"><p class=\"left_margin\"><img src=\"/get_file?id=143483\" style=\"float:right;margin:10px;max-width:100%\">Век­тор <img src=\"https://ege.sdamgia.ru/formula/svg/2d/2d1cceb556de3394ddc474f38c98e049.svg\" class=\"tex\" style=\"vertical-align:-1.8pt\" alt=\"\\overrightarrowAB\"> с кон­цом в точке <i>B</i>(5; 4) имеет ко­ор­ди­на­ты (3; 1). Най­ди­те сумму ко­ор­ди­нат точки <img src=\"https://ege.sdamgia.ru/formula/svg/e1/e1354cc842cc323c307b3424ed3dfa81.svg\" class=\"tex\" style=\"vertical-align:-1.8pt\" alt=\"A.\"></p></div>",
        "image_urls": [
            "https://ege.sdamgia.ru/formula/svg/2d/2d1cceb556de3394ddc474f38c98e049.svg",
            "https://ege.sdamgia.ru/formula/svg/e1/e1354cc842cc323c307b3424ed3dfa81.svg",
            "/get_file?id=143483"
        ]
    },
    "solution": {
        "text": "Решение. Координаты вектора равны разности координат конца вектора и его начала. Координаты точки A вычисляются следующим образом: 5 − x  =  3, 4 − y  =  1. Откуда x  =  2, y  =  3. Поэтому сумма координат точки A равна 5. Ответ: 5.",
        "html": "<div align=\"justify\" width=\"100%\" id=\"sol27729\" class=\"solution\" style=\"clear:both;\" class=\"pbody\"><p class=\"left_margin\"></p><b>Ре­ше­ние<!--rule_info-->. </b><p class=\"left_margin\">Ко­ор­ди­на­ты век­то­ра равны раз­но­сти ко­ор­ди­нат конца век­то­ра и его на­ча­ла. Ко­ор­ди­на­ты точки <i>A</i> вы­чис­ля­ют­ся сле­ду­ю­щим об­ра­зом: 5 − <i>x</i>  =  3, 4 − <i>y</i>  =  1. От­ку­да <i>x</i>  =  2, <i>y</i>  =  3. По­это­му сумма ко­ор­ди­нат точки <i>A</i> равна 5.</p><p>&nbsp;</p><p><span style=\"letter-spacing: 2px;\">Ответ:</span> 5.</p></div>",
        "image_urls": []
    },
    "answer": "5",
    "topic_id": 2,
    "analog_ids": [
        27729,
        26463,
        61205,
        61207,
        26463,
        61205,
        61207,
        61209,
        61211,
        61213,
        61215,
        61217,
        61219,
        61221,
        61223,
        61225,
        61227,
        61229,
        61231,
        61233,
        61235,
        61237,
        61239,
        61241,
        61243,
        61245,
        61247,
        61249,
        61251,
        61253
    ]
}