{
    "gia_type": "ege",
    "subject": "math",
    "id": 27723,
    "condition": {
        "text": "Найдите сумму координат вектора ",
        "html": "<div align=\"justify\" width=\"100%\" id=\"body918199\" class=\"pbody\"><p class=\"left_margin\"><img src=\"/get_file?id=143478\" style=\"float:right;margin:10px;max-width:100%\">Най­ди­те сумму ко­ор­ди­нат век­то­ра <img src=\"https://ege.sdamgia.ru/formula/svg/44/440eadd40d8d4b70038a2e0b462b5786.svg\" class=\"tex\" style=\"vertical-align:-1.8pt\" alt=\"\\overrightarrowAB.\"></p></div>",
        "image_urls": [
            "https://ege.sdamgia.ru/formula/svg/44/440eadd40d8d4b70038a2e0b462b5786.svg",
            "/get_file?id=143478"
        ]
    },
    "solution": {
        "text": "Решение. Координаты вектора равны разности координат конца вектора и его начала. Вектор  имеет координаты  Поэтому сумма координат вектора  равна 8. Ответ: 8.",
        "html": "<div align=\"justify\" width=\"100%\" id=\"sol27723\" class=\"solution\" style=\"clear:both;\" class=\"pbody\"><p class=\"left_margin\"></p><b>Ре­ше­ние<!--rule_info-->. </b><p class=\"left_margin\">Ко­ор­ди­на­ты век­то­ра равны раз­но­сти ко­ор­ди­нат конца век­то­ра и его на­ча­ла. Век­тор <img src=\"https://ege.sdamgia.ru/formula/svg/2d/2d1cceb556de3394ddc474f38c98e049.svg\" class=\"tex\" style=\"vertical-align:-1.8pt\" alt=\"\\overrightarrowAB\"> имеет ко­ор­ди­на­ты <img src=\"https://ege.sdamgia.ru/formula/svg/55/55b17c6b4f7f81a6c9f04e7de73b7d02.svg\" class=\"tex\" style=\"vertical-align:-3.6pt\" alt=\" левая круг­лая скоб­ка 8 минус 2;6 минус 4 пра­вая круг­лая скоб­ка = левая круг­лая скоб­ка 6;2 пра­вая круг­лая скоб­ка .\"> По­это­му сумма ко­ор­ди­нат век­то­ра <img src=\"https://ege.sdamgia.ru/formula/svg/2d/2d1cceb556de3394ddc474f38c98e049.svg\" class=\"tex\" style=\"vertical-align:-1.8pt\" alt=\"\\overrightarrowAB\"> равна 8.</p><p>&nbsp;</p><p><span style=\"letter-spacing: 2px;\">Ответ:</span> 8.</p></div>",
        "image_urls": [
            "https://ege.sdamgia.ru/formula/svg/2d/2d1cceb556de3394ddc474f38c98e049.svg",
            "https://ege.sdamgia.ru/formula/svg/55/55b17c6b4f7f81a6c9f04e7de73b7d02.svg",
            "https://ege.sdamgia.ru/formula/svg/2d/2d1cceb556de3394ddc474f38c98e049.svg"
        ]
    },
    "answer": "8",
    "topic_id": 2,
    "analog_ids": [
        27723,
        26457
    ]
}