{
    "gia_type": "ege",
    "subject": "math",
    "id": 27724,
    "condition": {
        "text": "Вектор  с началом в точке A(2; 4) имеет координаты (6; 2). Найдите абсциссу точки B.",
        "html": "<div align=\"justify\" width=\"100%\" id=\"body918192\" class=\"pbody\"><p class=\"left_margin\"><img src=\"/get_file?id=143479\" style=\"float:right;margin:10px;max-width:100%\">Век­тор <img src=\"https://ege.sdamgia.ru/formula/svg/2d/2d1cceb556de3394ddc474f38c98e049.svg\" class=\"tex\" style=\"vertical-align:-1.8pt\" alt=\"\\overrightarrowAB\"> с на­ча­лом в точке <i>A</i>(2; 4) имеет ко­ор­ди­на­ты (6; 2). Най­ди­те абс­цис­су точки <i>B</i>.</p></div>",
        "image_urls": [
            "https://ege.sdamgia.ru/formula/svg/2d/2d1cceb556de3394ddc474f38c98e049.svg",
            "/get_file?id=143479"
        ]
    },
    "solution": {
        "text": "Решение. Координаты вектора равны разности координат конца вектора и его начала. Пусть точка B имеет координаты (x; y). Тогда x − 2  =  6. Откуда абсцисса точки B равна 8. Ответ: 8.",
        "html": "<div align=\"justify\" width=\"100%\" id=\"sol27724\" class=\"solution\" style=\"clear:both;\" class=\"pbody\"><p class=\"left_margin\"></p><b>Ре­ше­ние<!--rule_info-->. </b><p class=\"left_margin\">Ко­ор­ди­на­ты век­то­ра равны раз­но­сти ко­ор­ди­нат конца век­то­ра и его на­ча­ла. Пусть точка <i>B</i> имеет ко­ор­ди­на­ты (<i>x</i>; <i>y</i>). Тогда <i>x</i> − 2  =  6. От­ку­да абс­цис­са точки <i>B</i> равна 8.</p><p>&nbsp;</p><p><span style=\"letter-spacing:2px \">Ответ</span>: 8.</p></div>",
        "image_urls": []
    },
    "answer": "8",
    "topic_id": 2,
    "analog_ids": [
        27724,
        60955,
        60957,
        60999,
        60955,
        60957,
        60999,
        60959,
        60961,
        60963,
        60965,
        60967,
        60969,
        60971,
        60973,
        60975,
        60977,
        60979,
        60981,
        60983,
        60985,
        60987,
        60989,
        60991,
        60993,
        60995,
        60997,
        61001,
        61003
    ]
}