{
    "gia_type": "ege",
    "subject": "math",
    "id": 27738,
    "condition": {
        "text": "Найдите сумму координат вектора ",
        "html": "<div align=\"justify\" width=\"100%\" id=\"body918182\" class=\"pbody\"><p class=\"left_margin\"><img src=\"/get_file?id=143485\" style=\"float:right;margin:10px;max-width:100%\">Най­ди­те сумму ко­ор­ди­нат век­то­ра <img src=\"https://ege.sdamgia.ru/formula/svg/bd/bd44a72d78dad7a0ceb18ab247dceef2.svg\" class=\"tex\" style=\"vertical-align:-1.8pt\" alt=\"\\overrightarrowa минус \\overrightarrowb.\"></p></div>",
        "image_urls": [
            "https://ege.sdamgia.ru/formula/svg/bd/bd44a72d78dad7a0ceb18ab247dceef2.svg",
            "/get_file?id=143485"
        ]
    },
    "solution": {
        "text": "Решение. Координаты вектора равны разности координат конца вектора и его начала. Поэтому вектор  имеет координаты  вектор  имеет координаты  Координаты разности векторов равны разности соответствующих координат. Тогда вектор  имеет координаты  их сумма равна  Ответ: −4.",
        "html": "<div align=\"justify\" width=\"100%\" id=\"sol27738\" class=\"solution\" style=\"clear:both;\" class=\"pbody\"><p class=\"left_margin\"></p><b>Ре­ше­ние<!--rule_info-->. </b><p class=\"left_margin\">Ко­ор­ди­на­ты век­то­ра равны раз­но­сти ко­ор­ди­нат конца век­то­ра и его на­ча­ла. По­это­му век­тор <img src=\"https://ege.sdamgia.ru/formula/svg/e7/e71e9033038a9139280e3b90f671cd00.svg\" class=\"tex\" style=\"vertical-align:-1.8pt\" alt=\"\\overrightarrowa~\"> имеет ко­ор­ди­на­ты <img src=\"https://ege.sdamgia.ru/formula/svg/ef/eff94f4e09037e39c4272d341a22db1e.svg\" class=\"tex\" style=\"vertical-align:-3.6pt\" alt=\" левая круг­лая скоб­ка 2;6 пра­вая круг­лая скоб­ка ,\"> век­тор <img src=\"https://ege.sdamgia.ru/formula/svg/1c/1c0880b7bd3fe5d834c9f7d18b8d89e9.svg\" class=\"tex\" style=\"vertical-align:-1.8pt\" alt=\"\\overrightarrowb~\"> имеет ко­ор­ди­на­ты <img src=\"https://ege.sdamgia.ru/formula/svg/4b/4b07e238c6e8f14f681cc937efaf2352.svg\" class=\"tex\" style=\"vertical-align:-3.6pt\" alt=\" левая круг­лая скоб­ка 8;4 пра­вая круг­лая скоб­ка .\"> Ко­ор­ди­на­ты раз­но­сти век­то­ров равны раз­но­сти со­от­вет­ству­ю­щих ко­ор­ди­нат. Тогда век­тор <img src=\"https://ege.sdamgia.ru/formula/svg/44/440c6f27ce87eeac939de8dc7d9a140e.svg\" class=\"tex\" style=\"vertical-align:-1.8pt\" alt=\"\\overrightarrowa минус \\overrightarrowb\"> имеет ко­ор­ди­на­ты <img src=\"https://ege.sdamgia.ru/formula/svg/79/79911e9c702651e940912a7f938e9b8b.svg\" class=\"tex\" style=\"vertical-align:-3.6pt\" alt=\" левая круг­лая скоб­ка минус 6;2 пра­вая круг­лая скоб­ка ,\"> их сумма равна <img src=\"https://ege.sdamgia.ru/formula/svg/f1/f10b7a98dc8e4e75d7fcdbcd09c3ec86.svg\" class=\"tex\" style=\"vertical-align:-1.8pt\" alt=\" минус 4.\"></p><p>&nbsp;</p><p><span style=\"letter-spacing: 2px;\">Ответ:</span> −4.</p></div>",
        "image_urls": [
            "https://ege.sdamgia.ru/formula/svg/e7/e71e9033038a9139280e3b90f671cd00.svg",
            "https://ege.sdamgia.ru/formula/svg/ef/eff94f4e09037e39c4272d341a22db1e.svg",
            "https://ege.sdamgia.ru/formula/svg/1c/1c0880b7bd3fe5d834c9f7d18b8d89e9.svg",
            "https://ege.sdamgia.ru/formula/svg/4b/4b07e238c6e8f14f681cc937efaf2352.svg",
            "https://ege.sdamgia.ru/formula/svg/44/440c6f27ce87eeac939de8dc7d9a140e.svg",
            "https://ege.sdamgia.ru/formula/svg/79/79911e9c702651e940912a7f938e9b8b.svg",
            "https://ege.sdamgia.ru/formula/svg/f1/f10b7a98dc8e4e75d7fcdbcd09c3ec86.svg"
        ]
    },
    "answer": "-4",
    "topic_id": 2,
    "analog_ids": []
}