{
    "gia_type": "ege",
    "subject": "math",
    "id": 27736,
    "condition": {
        "text": "Найдите сумму координат вектора  + ",
        "html": "<div align=\"justify\" width=\"100%\" id=\"body918180\" class=\"pbody\"><p class=\"left_margin\"><img src=\"/get_file?id=143485\" style=\"float:right;margin:10px;max-width:100%\">Най­ди­те сумму ко­ор­ди­нат век­то­ра <img src=\"https://ege.sdamgia.ru/formula/svg/24/2443510e25925dc900c862964b3b7e39.svg\" class=\"tex\" style=\"vertical-align:-1.8pt\" alt=\"\\overrightarrowa\"> + <img src=\"https://ege.sdamgia.ru/formula/svg/52/524a5d02f643d21a127367a96bee1123.svg\" class=\"tex\" style=\"vertical-align:-1.8pt\" alt=\"\\overrightarrowb.\"></p></div>",
        "image_urls": [
            "https://ege.sdamgia.ru/formula/svg/24/2443510e25925dc900c862964b3b7e39.svg",
            "https://ege.sdamgia.ru/formula/svg/52/524a5d02f643d21a127367a96bee1123.svg",
            "/get_file?id=143485"
        ]
    },
    "solution": {
        "text": "Решение. Координаты вектора равны разности координат конца вектора и его начала. Поэтому вектор    имеет координаты  вектор   имеет координаты  Координаты суммы векторов равны сумме соответствующих координат. Поэтому вектор   имеет координаты  Cумма его координат равна 20. Ответ: 20.",
        "html": "<div align=\"justify\" width=\"100%\" id=\"sol27736\" class=\"solution\" style=\"clear:both;\" class=\"pbody\"><p class=\"left_margin\"></p><b>Ре­ше­ние<!--rule_info-->. </b><p class=\"left_margin\">Ко­ор­ди­на­ты век­то­ра равны раз­но­сти ко­ор­ди­нат конца век­то­ра и его на­ча­ла. По­это­му век­тор  <img src=\"https://ege.sdamgia.ru/formula/svg/8f/8fd082536a0a420385519d1473c9d27e.svg\" class=\"tex\" style=\"vertical-align:-1.8pt\" alt=\"\\veca\">  имеет ко­ор­ди­на­ты <img src=\"https://ege.sdamgia.ru/formula/svg/ef/eff94f4e09037e39c4272d341a22db1e.svg\" class=\"tex\" style=\"vertical-align:-3.6pt\" alt=\" левая круг­лая скоб­ка 2;6 пра­вая круг­лая скоб­ка ,\"> век­тор <img src=\"https://ege.sdamgia.ru/formula/svg/0f/0f4c4ce0863d100a12c90c114fd9abeb.svg\" class=\"tex\" style=\"vertical-align:-1.8pt\" alt=\"\\vecb\">  имеет ко­ор­ди­на­ты <img src=\"https://ege.sdamgia.ru/formula/svg/4b/4b07e238c6e8f14f681cc937efaf2352.svg\" class=\"tex\" style=\"vertical-align:-3.6pt\" alt=\" левая круг­лая скоб­ка 8;4 пра­вая круг­лая скоб­ка .\"> Ко­ор­ди­на­ты суммы век­то­ров равны сумме со­от­вет­ству­ю­щих ко­ор­ди­нат. По­это­му век­тор <img src=\"https://ege.sdamgia.ru/formula/svg/67/67462745063d7c9bf0f4b43632f0058d.svg\" class=\"tex\" style=\"vertical-align:-1.8pt\" alt=\"\\veca плюс \\vecb\">  имеет ко­ор­ди­на­ты <img src=\"https://ege.sdamgia.ru/formula/svg/37/37906df8406bc7ac5ef9aeacd99981ce.svg\" class=\"tex\" style=\"vertical-align:-3.6pt\" alt=\" левая круг­лая скоб­ка 10;10 пра­вая круг­лая скоб­ка .\"> Cумма его ко­ор­ди­нат равна 20.</p><p>&nbsp;</p><p><span style=\"letter-spacing:2px \">Ответ</span>: 20.</p></div>",
        "image_urls": [
            "https://ege.sdamgia.ru/formula/svg/8f/8fd082536a0a420385519d1473c9d27e.svg",
            "https://ege.sdamgia.ru/formula/svg/ef/eff94f4e09037e39c4272d341a22db1e.svg",
            "https://ege.sdamgia.ru/formula/svg/0f/0f4c4ce0863d100a12c90c114fd9abeb.svg",
            "https://ege.sdamgia.ru/formula/svg/4b/4b07e238c6e8f14f681cc937efaf2352.svg",
            "https://ege.sdamgia.ru/formula/svg/67/67462745063d7c9bf0f4b43632f0058d.svg",
            "https://ege.sdamgia.ru/formula/svg/37/37906df8406bc7ac5ef9aeacd99981ce.svg"
        ]
    },
    "answer": "20",
    "topic_id": 2,
    "analog_ids": []
}