{
    "gia_type": "ege",
    "subject": "math",
    "id": 27737,
    "condition": {
        "text": "Найдите квадрат длины вектора  + ",
        "html": "<div align=\"justify\" width=\"100%\" id=\"body918181\" class=\"pbody\"><p class=\"left_margin\"><img src=\"/get_file?id=143485\" style=\"float:right;margin:10px;max-width:100%\">Най­ди­те квад­рат длины век­то­ра <img src=\"https://ege.sdamgia.ru/formula/svg/24/2443510e25925dc900c862964b3b7e39.svg\" class=\"tex\" style=\"vertical-align:-1.8pt\" alt=\"\\overrightarrowa\"> + <img src=\"https://ege.sdamgia.ru/formula/svg/52/524a5d02f643d21a127367a96bee1123.svg\" class=\"tex\" style=\"vertical-align:-1.8pt\" alt=\"\\overrightarrowb.\"></p></div>",
        "image_urls": [
            "https://ege.sdamgia.ru/formula/svg/24/2443510e25925dc900c862964b3b7e39.svg",
            "https://ege.sdamgia.ru/formula/svg/52/524a5d02f643d21a127367a96bee1123.svg",
            "/get_file?id=143485"
        ]
    },
    "solution": {
        "text": "Решение. Координаты вектора равны разности координат конца вектора и его начала. Поэтому вектор  имеет координаты  вектор имеет координаты  Координаты суммы векторов равны сумме соответствующих координат. Тогда вектор  имеет координаты  Длина вектора  Поэтому квадрат длины вектора равен  Ответ: 200.",
        "html": "<div align=\"justify\" width=\"100%\" id=\"sol27737\" class=\"solution\" style=\"clear:both;\" class=\"pbody\"><p class=\"left_margin\"></p><b>Ре­ше­ние<!--rule_info-->. </b><p class=\"left_margin\">Ко­ор­ди­на­ты век­то­ра равны раз­но­сти ко­ор­ди­нат конца век­то­ра и его на­ча­ла. По­это­му век­тор <img src=\"https://ege.sdamgia.ru/formula/svg/e7/e71e9033038a9139280e3b90f671cd00.svg\" class=\"tex\" style=\"vertical-align:-1.8pt\" alt=\"\\overrightarrowa~\"> имеет ко­ор­ди­на­ты <img src=\"https://ege.sdamgia.ru/formula/svg/ef/eff94f4e09037e39c4272d341a22db1e.svg\" class=\"tex\" style=\"vertical-align:-3.6pt\" alt=\" левая круг­лая скоб­ка 2;6 пра­вая круг­лая скоб­ка ,\"> век­тор <img src=\"https://ege.sdamgia.ru/formula/svg/1c/1c0880b7bd3fe5d834c9f7d18b8d89e9.svg\" class=\"tex\" style=\"vertical-align:-1.8pt\" alt=\"\\overrightarrowb~\">имеет ко­ор­ди­на­ты <img src=\"https://ege.sdamgia.ru/formula/svg/4b/4b07e238c6e8f14f681cc937efaf2352.svg\" class=\"tex\" style=\"vertical-align:-3.6pt\" alt=\" левая круг­лая скоб­ка 8;4 пра­вая круг­лая скоб­ка .\"> Ко­ор­ди­на­ты суммы век­то­ров равны сумме со­от­вет­ству­ю­щих ко­ор­ди­нат. Тогда век­тор <img src=\"https://ege.sdamgia.ru/formula/svg/83/8394284e0b9827fc72f88ba8e21d9871.svg\" class=\"tex\" style=\"vertical-align:-1.8pt\" alt=\"\\overrightarrowa плюс \\overrightarrowb\"> имеет ко­ор­ди­на­ты <img src=\"https://ege.sdamgia.ru/formula/svg/37/37906df8406bc7ac5ef9aeacd99981ce.svg\" class=\"tex\" style=\"vertical-align:-3.6pt\" alt=\" левая круг­лая скоб­ка 10;10 пра­вая круг­лая скоб­ка .\"> Длина век­то­ра <img src=\"https://ege.sdamgia.ru/formula/svg/29/2997dcbedabb266d40243f991defb623.svg\" class=\"tex\" style=\"vertical-align:-2.0pt\" alt=\"\\overrightarrowa~ плюс \\overrightarrowb= ко­рень из: на­ча­ло ар­гу­мен­та: 10 конец ар­гу­мен­та в квад­ра­те плюс 10 в квад­ра­те = ко­рень из: на­ча­ло ар­гу­мен­та: 200 конец ар­гу­мен­та .\"> По­это­му квад­рат длины век­то­ра равен <img src=\"https://ege.sdamgia.ru/formula/svg/ec/ecc0ba86633d1c355162decb2f734b94.svg\" class=\"tex\" style=\"vertical-align:-1.8pt\" alt=\"200.\"></p><p>&nbsp;</p><p><span style=\"letter-spacing: 2px;\">Ответ:</span> 200.</p></div>",
        "image_urls": [
            "https://ege.sdamgia.ru/formula/svg/e7/e71e9033038a9139280e3b90f671cd00.svg",
            "https://ege.sdamgia.ru/formula/svg/ef/eff94f4e09037e39c4272d341a22db1e.svg",
            "https://ege.sdamgia.ru/formula/svg/1c/1c0880b7bd3fe5d834c9f7d18b8d89e9.svg",
            "https://ege.sdamgia.ru/formula/svg/4b/4b07e238c6e8f14f681cc937efaf2352.svg",
            "https://ege.sdamgia.ru/formula/svg/83/8394284e0b9827fc72f88ba8e21d9871.svg",
            "https://ege.sdamgia.ru/formula/svg/37/37906df8406bc7ac5ef9aeacd99981ce.svg",
            "https://ege.sdamgia.ru/formula/svg/29/2997dcbedabb266d40243f991defb623.svg",
            "https://ege.sdamgia.ru/formula/svg/ec/ecc0ba86633d1c355162decb2f734b94.svg"
        ]
    },
    "answer": "200",
    "topic_id": 2,
    "analog_ids": [
        27737,
        654472
    ]
}