{
    "gia_type": "ege",
    "subject": "math",
    "id": 27734,
    "condition": {
        "text": "Найдите скалярное произведение векторов  и ",
        "html": "<div align=\"justify\" width=\"100%\" id=\"body918186\" class=\"pbody\"><p class=\"left_margin\"><img src=\"/get_file?id=143484\" style=\"float:right;margin:10px;max-width:100%\">Най­ди­те ска­ляр­ное про­из­ве­де­ние век­то­ров <img src=\"https://ege.sdamgia.ru/formula/svg/24/2443510e25925dc900c862964b3b7e39.svg\" class=\"tex\" style=\"vertical-align:-1.8pt\" alt=\"\\overrightarrowa\"> и <img src=\"https://ege.sdamgia.ru/formula/svg/52/524a5d02f643d21a127367a96bee1123.svg\" class=\"tex\" style=\"vertical-align:-1.8pt\" alt=\"\\overrightarrowb.\"></p></div>",
        "image_urls": [
            "https://ege.sdamgia.ru/formula/svg/24/2443510e25925dc900c862964b3b7e39.svg",
            "https://ege.sdamgia.ru/formula/svg/52/524a5d02f643d21a127367a96bee1123.svg",
            "/get_file?id=143484"
        ]
    },
    "solution": {
        "text": "Решение. Выпишем координаты векторов:  Скалярное произведение векторов равно  Ответ: 40.",
        "html": "<div align=\"justify\" width=\"100%\" id=\"sol27734\" class=\"solution\" style=\"clear:both;\" class=\"pbody\"><p class=\"left_margin\"></p><b>Ре­ше­ние<!--rule_info-->. </b><p class=\"left_margin\">Вы­пи­шем ко­ор­ди­на­ты век­то­ров: <img src=\"https://ege.sdamgia.ru/formula/svg/d7/d724225cbcbe4c7c28d2a5cefba3b69e.svg\" class=\"tex\" style=\"vertical-align:-3.6pt\" alt=\"\\overrightarrowa= левая круг­лая скоб­ка 2; 6 пра­вая круг­лая скоб­ка , \\overrightarrowb= левая круг­лая скоб­ка 8; 4 пра­вая круг­лая скоб­ка .\"> Ска­ляр­ное про­из­ве­де­ние век­то­ров равно </p><p class=\"left_margin\"></p><center><p><img src=\"https://ege.sdamgia.ru/formula/svg/7c/7cace12329e8e4d55a16388f41fa2ba6.svg\" class=\"tex\" style=\"vertical-align:-2.9pt\" alt=\" \\overrightarrowa умно­жить на \\overrightarrowb пра­вая круг­лая скоб­ка =x_a умно­жить на x_b плюс y_a умно­жить на y_b=2 умно­жить на 8 плюс 6 умно­жить на 4=40.\"></p><p class=\"left_margin\"></p></center><p>&nbsp;</p><p><span style=\"letter-spacing: 2px;\">Ответ:</span> 40.</p></div>",
        "image_urls": [
            "https://ege.sdamgia.ru/formula/svg/d7/d724225cbcbe4c7c28d2a5cefba3b69e.svg",
            "https://ege.sdamgia.ru/formula/svg/7c/7cace12329e8e4d55a16388f41fa2ba6.svg"
        ]
    },
    "answer": "40",
    "topic_id": 2,
    "analog_ids": [
        27734,
        654471
    ]
}