{
    "gia_type": "ege",
    "subject": "math",
    "id": 27732,
    "condition": {
        "text": "Найдите сумму координат вектора ",
        "html": "<div align=\"justify\" width=\"100%\" id=\"body918184\" class=\"pbody\"><p class=\"left_margin\"><img src=\"/get_file?id=143484\" style=\"float:right;margin:10px;max-width:100%\">Най­ди­те сумму ко­ор­ди­нат век­то­ра <img src=\"https://ege.sdamgia.ru/formula/svg/bd/bd44a72d78dad7a0ceb18ab247dceef2.svg\" class=\"tex\" style=\"vertical-align:-1.8pt\" alt=\"\\overrightarrowa минус \\overrightarrowb.\"></p></div>",
        "image_urls": [
            "https://ege.sdamgia.ru/formula/svg/bd/bd44a72d78dad7a0ceb18ab247dceef2.svg",
            "/get_file?id=143484"
        ]
    },
    "solution": {
        "text": "Решение. Имеем:   поэтому  Сумма координат найденного вектора равна  Ответ: −4.",
        "html": "<div align=\"justify\" width=\"100%\" id=\"sol27732\" class=\"solution\" style=\"clear:both;\" class=\"pbody\"><p class=\"left_margin\"></p><b>Ре­ше­ние<!--rule_info-->. </b><p class=\"left_margin\">Имеем: <img src=\"https://ege.sdamgia.ru/formula/svg/db/dbace5a8ea974c6b52a1b5916677ff6e.svg\" class=\"tex\" style=\"vertical-align:-3.6pt\" alt=\"\\overrightarrowa= левая круг­лая скоб­ка 2;6 пра­вая круг­лая скоб­ка ,\"> <img src=\"https://ege.sdamgia.ru/formula/svg/4a/4a8ecb2aaa9933e5d1c98e61a5b1ad33.svg\" class=\"tex\" style=\"vertical-align:-3.6pt\" alt=\"\\overrightarrowb= левая круг­лая скоб­ка 8;4 пра­вая круг­лая скоб­ка ,\"> по­это­му <img src=\"https://ege.sdamgia.ru/formula/svg/65/65baa70e9379ab2e7eaadb08c30be6fc.svg\" class=\"tex\" style=\"vertical-align:-3.6pt\" alt=\"\\overrightarrowa минус \\overrightarrowb= левая круг­лая скоб­ка минус 6;2 пра­вая круг­лая скоб­ка .\"> Сумма ко­ор­ди­нат най­ден­но­го век­то­ра равна <img src=\"https://ege.sdamgia.ru/formula/svg/12/1231e05343a2c7b0e6eec41f9260f5d2.svg\" class=\"tex\" style=\"vertical-align:-1.8pt\" alt=\" минус 6 плюс 2= минус 4.\"></p><p>&nbsp;</p><p><span style=\"letter-spacing: 2px;\">Ответ:</span> −4.</p></div>",
        "image_urls": [
            "https://ege.sdamgia.ru/formula/svg/db/dbace5a8ea974c6b52a1b5916677ff6e.svg",
            "https://ege.sdamgia.ru/formula/svg/4a/4a8ecb2aaa9933e5d1c98e61a5b1ad33.svg",
            "https://ege.sdamgia.ru/formula/svg/65/65baa70e9379ab2e7eaadb08c30be6fc.svg",
            "https://ege.sdamgia.ru/formula/svg/12/1231e05343a2c7b0e6eec41f9260f5d2.svg"
        ]
    },
    "answer": "-4",
    "topic_id": 2,
    "analog_ids": []
}