{
    "gia_type": "ege",
    "subject": "math",
    "id": 27730,
    "condition": {
        "text": "Найдите сумму координат вектора  + ",
        "html": "<div align=\"justify\" width=\"100%\" id=\"body918190\" class=\"pbody\"><p class=\"left_margin\"><img src=\"/get_file?id=143484\" style=\"float:right;margin:10px;max-width:100%\">Най­ди­те сумму ко­ор­ди­нат век­то­ра <img src=\"https://ege.sdamgia.ru/formula/svg/24/2443510e25925dc900c862964b3b7e39.svg\" class=\"tex\" style=\"vertical-align:-1.8pt\" alt=\"\\overrightarrowa\"> + <img src=\"https://ege.sdamgia.ru/formula/svg/52/524a5d02f643d21a127367a96bee1123.svg\" class=\"tex\" style=\"vertical-align:-1.8pt\" alt=\"\\overrightarrowb.\"></p></div>",
        "image_urls": [
            "https://ege.sdamgia.ru/formula/svg/24/2443510e25925dc900c862964b3b7e39.svg",
            "https://ege.sdamgia.ru/formula/svg/52/524a5d02f643d21a127367a96bee1123.svg",
            "/get_file?id=143484"
        ]
    },
    "solution": {
        "text": "Решение. Координаты вектора равны разности координат конца вектора и его начала. Находим:  Координаты суммы векторов равны сумме соответствующих координат, поэтому  Сумма координат вектора равна 20. Ответ: 20.",
        "html": "<div align=\"justify\" width=\"100%\" id=\"sol27730\" class=\"solution\" style=\"clear:both;\" class=\"pbody\"><p class=\"left_margin\"></p><b>Ре­ше­ние<!--rule_info-->. </b><p class=\"left_margin\">Ко­ор­ди­на­ты век­то­ра равны раз­но­сти ко­ор­ди­нат конца век­то­ра и его на­ча­ла. На­хо­дим: <img src=\"https://ege.sdamgia.ru/formula/svg/60/6058a8fe8055c4e2c7812dc89f52ed64.svg\" class=\"tex\" style=\"vertical-align:-3.6pt\" alt=\"\\overrightarrowa= левая круг­лая скоб­ка 2; 6 пра­вая круг­лая скоб­ка , \\overrightarrowb= левая круг­лая скоб­ка 8; 4 пра­вая круг­лая скоб­ка . \"> Ко­ор­ди­на­ты суммы век­то­ров равны сумме со­от­вет­ству­ю­щих ко­ор­ди­нат, по­это­му <img src=\"https://ege.sdamgia.ru/formula/svg/3d/3da4229b368bd0a73a92c373292d00e0.svg\" class=\"tex\" style=\"vertical-align:-3.6pt\" alt=\"\\overrightarrowa плюс \\overrightarrowb = левая круг­лая скоб­ка 2 плюс 8; 6 плюс 4 пра­вая круг­лая скоб­ка = левая круг­лая скоб­ка 10; 10 пра­вая круг­лая скоб­ка .\"> Сумма ко­ор­ди­нат век­то­ра равна 20.</p><p>&nbsp;</p><p><span style=\"letter-spacing: 2px;\">Ответ:</span> 20.</p></div>",
        "image_urls": [
            "https://ege.sdamgia.ru/formula/svg/60/6058a8fe8055c4e2c7812dc89f52ed64.svg",
            "https://ege.sdamgia.ru/formula/svg/3d/3da4229b368bd0a73a92c373292d00e0.svg"
        ]
    },
    "answer": "20",
    "topic_id": 2,
    "analog_ids": []
}