{
    "gia_type": "ege",
    "subject": "math",
    "id": 27741,
    "condition": {
        "text": "Найдите угол между векторами  и  Ответ дайте в градусах.",
        "html": "<div align=\"justify\" width=\"100%\" id=\"body918177\" class=\"pbody\"><p class=\"left_margin\"><img src=\"/get_file?id=143485\" style=\"float:right;margin:10px;max-width:100%\">Най­ди­те угол между век­то­ра­ми <img src=\"https://ege.sdamgia.ru/formula/svg/24/2443510e25925dc900c862964b3b7e39.svg\" class=\"tex\" style=\"vertical-align:-1.8pt\" alt=\"\\overrightarrowa\"> и <img src=\"https://ege.sdamgia.ru/formula/svg/52/524a5d02f643d21a127367a96bee1123.svg\" class=\"tex\" style=\"vertical-align:-1.8pt\" alt=\"\\overrightarrowb.\"> Ответ дайте в гра­ду­сах.</p></div>",
        "image_urls": [
            "https://ege.sdamgia.ru/formula/svg/24/2443510e25925dc900c862964b3b7e39.svg",
            "https://ege.sdamgia.ru/formula/svg/52/524a5d02f643d21a127367a96bee1123.svg",
            "/get_file?id=143485"
        ]
    },
    "solution": {
        "text": "Решение. Координаты вектора равны разности координат конца вектора и его начала. Поэтому вектор  имеет координаты  вектор  имеет координаты  По определению скалярное произведение двух векторов равно произведению их длин на косинус угла между ними:  откуда Запишем скалярное произведение векторов в координатах: Найдем длины векторов:  Тогда:Поскольку  уравнение  имеет единственное решение:  Ответ: 45.",
        "html": "<div align=\"justify\" width=\"100%\" id=\"sol27741\" class=\"solution\" style=\"clear:both;\" class=\"pbody\"><p class=\"left_margin\"></p><b>Ре­ше­ние<!--rule_info-->. </b><p class=\"left_margin\">Ко­ор­ди­на­ты век­то­ра равны раз­но­сти ко­ор­ди­нат конца век­то­ра и его на­ча­ла. По­это­му век­тор <img src=\"https://ege.sdamgia.ru/formula/svg/e7/e71e9033038a9139280e3b90f671cd00.svg\" class=\"tex\" style=\"vertical-align:-1.8pt\" alt=\"\\overrightarrowa~\"> имеет ко­ор­ди­на­ты <img src=\"https://ege.sdamgia.ru/formula/svg/ef/eff94f4e09037e39c4272d341a22db1e.svg\" class=\"tex\" style=\"vertical-align:-3.6pt\" alt=\" левая круг­лая скоб­ка 2;6 пра­вая круг­лая скоб­ка ,\"> век­тор <img src=\"https://ege.sdamgia.ru/formula/svg/1c/1c0880b7bd3fe5d834c9f7d18b8d89e9.svg\" class=\"tex\" style=\"vertical-align:-1.8pt\" alt=\"\\overrightarrowb~\"> имеет ко­ор­ди­на­ты <img src=\"https://ege.sdamgia.ru/formula/svg/4b/4b07e238c6e8f14f681cc937efaf2352.svg\" class=\"tex\" style=\"vertical-align:-3.6pt\" alt=\" левая круг­лая скоб­ка 8;4 пра­вая круг­лая скоб­ка .\"> По опре­де­ле­нию ска­ляр­ное про­из­ве­де­ние двух век­то­ров равно про­из­ве­де­нию их длин на ко­си­нус угла между ними: <img src=\"https://ege.sdamgia.ru/formula/svg/f0/f01545ad15d99b785a9a96b2a4d3cafd.svg\" class=\"tex\" style=\"vertical-align:-3.6pt\" alt=\" \\overrightarrowa умно­жить на \\overrightarrowb = |\\overrightarrowa||\\overrightarrowb| ко­си­нус альфа ,\"> от­ку­да </p><p class=\"left_margin\"></p><center><p><img src=\"https://ege.sdamgia.ru/formula/svg/b2/b25c7365f0034d3af8818c80d94f20ca.svg\" class=\"tex\" style=\"vertical-align:-14.0pt\" alt=\" ко­си­нус альфа = дробь: чис­ли­тель: \\overrightarrowa умно­жить на \\overrightarrowb, зна­ме­на­тель: |\\overrightarrowa||\\overrightarrowb| конец дроби . \"></p><p class=\"left_margin\"></p></center><p class=\"left_margin\">За­пи­шем ска­ляр­ное про­из­ве­де­ние век­то­ров в ко­ор­ди­на­тах:</p><p class=\"left_margin\"></p><center><p><img src=\"https://ege.sdamgia.ru/formula/svg/61/61c766e55ccb95b7e2ca05ed6d71861a.svg\" class=\"tex\" style=\"vertical-align:-2.9pt\" alt=\" \\overrightarrowa умно­жить на \\overrightarrowb = x_1 умно­жить на x_2 плюс y_1 умно­жить на y_2=2 умно­жить на 8 плюс 6 умно­жить на 4=40.\"></p><p class=\"left_margin\"></p></center><p> Най­дем длины век­то­ров:</p><p></p><div class=\"flex-math\"><p><img src=\"https://ege.sdamgia.ru/formula/svg/93/93a4a58e7819fcb8ac72673f658a312c.svg\" class=\"tex\" style=\"vertical-align:-3.6pt\" alt=\"|\\overrightarrowa| = ко­рень из: на­ча­ло ар­гу­мен­та: 2 конец ар­гу­мен­та в квад­ра­те плюс 6 в квад­ра­те = ко­рень из: на­ча­ло ар­гу­мен­та: 40 конец ар­гу­мен­та ,\"> </p><p><img src=\"https://ege.sdamgia.ru/formula/svg/96/96fe010e4b7fc38cdc35ea2b7ec9b7c8.svg\" class=\"tex\" style=\"vertical-align:-3.6pt\" alt=\"|\\overrightarrowb| = ко­рень из: на­ча­ло ар­гу­мен­та: 8 конец ар­гу­мен­та в квад­ра­те плюс 4 в квад­ра­те = ко­рень из: на­ча­ло ар­гу­мен­та: 80 конец ар­гу­мен­та .\"></p><p></p></div><p> Тогда:</p><p class=\"left_margin\"></p><center><p><img src=\"https://ege.sdamgia.ru/formula/svg/88/88ee52efa16b6fcb16abf8a0b703be9c.svg\" class=\"tex\" style=\"vertical-align:-11.1pt\" alt=\" ко­си­нус альфа = дробь: чис­ли­тель: 40, зна­ме­на­тель: ко­рень из: на­ча­ло ар­гу­мен­та: 40 конец ар­гу­мен­та умно­жить на ко­рень из: на­ча­ло ар­гу­мен­та: 80 конец ар­гу­мен­та конец дроби = дробь: чис­ли­тель: 40, зна­ме­на­тель: ко­рень из: на­ча­ло ар­гу­мен­та: 40 конец ар­гу­мен­та умно­жить на ко­рень из: на­ча­ло ар­гу­мен­та: 40 конец ар­гу­мен­та умно­жить на ко­рень из: на­ча­ло ар­гу­мен­та: 2 конец ар­гу­мен­та конец дроби = дробь: чис­ли­тель: 1, зна­ме­на­тель: конец дроби ко­рень из: на­ча­ло ар­гу­мен­та: 2 конец ар­гу­мен­та . \"></p><p class=\"left_margin\"></p></center><p class=\"left_margin\">По­сколь­ку <img src=\"https://ege.sdamgia.ru/formula/svg/26/269bd3bac7b84c444b61abdf44fed6e8.svg\" class=\"tex\" style=\"vertical-align:-2.4pt\" alt=\"0 гра­ду­сов мень­ше или равно альфа мень­ше или равно 180 гра­ду­сов \"> урав­не­ние <img src=\"https://ege.sdamgia.ru/formula/svg/6f/6f43513b236746d09929190d1ee89426.svg\" class=\"tex\" style=\"vertical-align:-11.0pt\" alt=\" ко­си­нус альфа = дробь: чис­ли­тель: 1, зна­ме­на­тель: конец дроби ко­рень из: на­ча­ло ар­гу­мен­та: 2 конец ар­гу­мен­та \"> имеет един­ствен­ное ре­ше­ние: <img src=\"https://ege.sdamgia.ru/formula/svg/d2/d2485a4f7588de750c438fd815950e60.svg\" class=\"tex\" style=\"vertical-align:-1.8pt\" alt=\" альфа =45 гра­ду­сов.\"></p><p>&nbsp;</p><p><span style=\"letter-spacing: 2px;\">Ответ:</span> 45.</p></div>",
        "image_urls": [
            "https://ege.sdamgia.ru/formula/svg/e7/e71e9033038a9139280e3b90f671cd00.svg",
            "https://ege.sdamgia.ru/formula/svg/ef/eff94f4e09037e39c4272d341a22db1e.svg",
            "https://ege.sdamgia.ru/formula/svg/1c/1c0880b7bd3fe5d834c9f7d18b8d89e9.svg",
            "https://ege.sdamgia.ru/formula/svg/4b/4b07e238c6e8f14f681cc937efaf2352.svg",
            "https://ege.sdamgia.ru/formula/svg/f0/f01545ad15d99b785a9a96b2a4d3cafd.svg",
            "https://ege.sdamgia.ru/formula/svg/b2/b25c7365f0034d3af8818c80d94f20ca.svg",
            "https://ege.sdamgia.ru/formula/svg/61/61c766e55ccb95b7e2ca05ed6d71861a.svg",
            "https://ege.sdamgia.ru/formula/svg/93/93a4a58e7819fcb8ac72673f658a312c.svg",
            "https://ege.sdamgia.ru/formula/svg/96/96fe010e4b7fc38cdc35ea2b7ec9b7c8.svg",
            "https://ege.sdamgia.ru/formula/svg/88/88ee52efa16b6fcb16abf8a0b703be9c.svg",
            "https://ege.sdamgia.ru/formula/svg/26/269bd3bac7b84c444b61abdf44fed6e8.svg",
            "https://ege.sdamgia.ru/formula/svg/6f/6f43513b236746d09929190d1ee89426.svg",
            "https://ege.sdamgia.ru/formula/svg/d2/d2485a4f7588de750c438fd815950e60.svg"
        ]
    },
    "answer": "45",
    "topic_id": 2,
    "analog_ids": []
}