{
    "gia_type": "ege",
    "subject": "math",
    "id": 644850,
    "condition": {
        "text": "Даны векторы   и  Найдите длину вектора ",
        "html": "<div align=\"justify\" width=\"100%\" id=\"body505870\" class=\"pbody\"><p class=\"left_margin\">Даны век­то­ры <img src=\"https://ege.sdamgia.ru/formula/svg/1c/1c544c33f9b07c1d0b29aae5015284a8.svg\" class=\"tex\" style=\"vertical-align:-3.6pt\" alt=\"\\veca = левая круг­лая скоб­ка 1; 2 пра­вая круг­лая скоб­ка ,\"> <img src=\"https://ege.sdamgia.ru/formula/svg/aa/aa5d183a7496caf732d682c39864ca92.svg\" class=\"tex\" style=\"vertical-align:-3.6pt\" alt=\"\\vecb = левая круг­лая скоб­ка минус 3; 6 пра­вая круг­лая скоб­ка \"> и <img src=\"https://ege.sdamgia.ru/formula/svg/ba/bad27dc8f51b75dc1facb21cab30229f.svg\" class=\"tex\" style=\"vertical-align:-3.6pt\" alt=\"\\vecc = левая круг­лая скоб­ка 4; минус 2 пра­вая круг­лая скоб­ка .\"> Най­ди­те длину век­то­ра <img src=\"https://ege.sdamgia.ru/formula/svg/8b/8b8bd13fd55abdb8d6cc6edd75688b12.svg\" class=\"tex\" style=\"vertical-align:-1.8pt\" alt=\"\\veca минус \\vecb плюс \\vecc.\"></p></div>",
        "image_urls": [
            "https://ege.sdamgia.ru/formula/svg/1c/1c544c33f9b07c1d0b29aae5015284a8.svg",
            "https://ege.sdamgia.ru/formula/svg/aa/aa5d183a7496caf732d682c39864ca92.svg",
            "https://ege.sdamgia.ru/formula/svg/ba/bad27dc8f51b75dc1facb21cab30229f.svg",
            "https://ege.sdamgia.ru/formula/svg/8b/8b8bd13fd55abdb8d6cc6edd75688b12.svg"
        ]
    },
    "solution": {
        "text": "Решение. Найдем координаты вектора  Длина вектора равна:Ответ: 10.",
        "html": "<div align=\"justify\" width=\"100%\" id=\"sol644850\" class=\"solution\" style=\"clear:both;\" class=\"pbody\"><p class=\"left_margin\"></p><b>Ре­ше­ние<!--rule_info-->. </b><p class=\"left_margin\">Най­дем ко­ор­ди­на­ты век­то­ра <img src=\"https://ege.sdamgia.ru/formula/svg/ca/ca9f64b7cdca9a62cccaf2aa2797633b.svg\" class=\"tex\" style=\"vertical-align:-1.8pt\" alt=\"\\veca минус \\vecb плюс \\vecc:\"></p><p class=\"left_margin\"></p><center><p><img src=\"https://ege.sdamgia.ru/formula/svg/00/00eee16913961af0bf918c47e76de964.svg\" class=\"tex\" style=\"vertical-align:-3.6pt\" alt=\"\\veca минус \\vecb плюс \\vecc = левая круг­лая скоб­ка 1 минус левая круг­лая скоб­ка минус 3 пра­вая круг­лая скоб­ка плюс 4; 2 минус 6 минус 2 пра­вая круг­лая скоб­ка = левая круг­лая скоб­ка 8; минус 6 пра­вая круг­лая скоб­ка .\"></p><p class=\"left_margin\"></p></center><p> Длина век­то­ра равна:</p><p class=\"left_margin\"></p><center><p><img src=\"https://ege.sdamgia.ru/formula/svg/0a/0a5280285c06cb4391f63a74691fd7c8.svg\" class=\"tex\" style=\"vertical-align:-6.8pt\" alt=\"|\\veca минус \\vecb плюс \\vecc| = ко­рень из: на­ча­ло ар­гу­мен­та: 8 в квад­ра­те плюс левая круг­лая скоб­ка минус 6 пра­вая круг­лая скоб­ка в квад­ра­те конец ар­гу­мен­та = ко­рень из: на­ча­ло ар­гу­мен­та: 64 плюс 36 конец ар­гу­мен­та = 10.\"></p><p class=\"left_margin\"></p></center><p><span style=\"letter-spacing: 2px;\">Ответ:</span> 10.</p></div>",
        "image_urls": [
            "https://ege.sdamgia.ru/formula/svg/ca/ca9f64b7cdca9a62cccaf2aa2797633b.svg",
            "https://ege.sdamgia.ru/formula/svg/00/00eee16913961af0bf918c47e76de964.svg",
            "https://ege.sdamgia.ru/formula/svg/0a/0a5280285c06cb4391f63a74691fd7c8.svg"
        ]
    },
    "answer": "10",
    "topic_id": 2,
    "analog_ids": [
        644850,
        649897,
        649904,
        661814
    ]
}