{
    "gia_type": "ege",
    "subject": "math",
    "id": 644807,
    "condition": {
        "text": "На координатной плоскости изображены векторы   и  Найдите скалярное произведение  ",
        "html": "<div align=\"justify\" width=\"100%\" id=\"body505915\" class=\"pbody\"><p class=\"left_margin\"><img src=\"/get_file?id=141978\" style=\"float:right;margin:10px;max-width:100%\">На ко­ор­ди­нат­ной плос­ко­сти изоб­ра­же­ны век­то­ры  <img src=\"https://ege.sdamgia.ru/formula/svg/8f/8fd082536a0a420385519d1473c9d27e.svg\" class=\"tex\" style=\"vertical-align:-1.8pt\" alt=\"\\veca\"> и <img src=\"https://ege.sdamgia.ru/formula/svg/1b/1bfbd6e01521bff8a524009ead906444.svg\" class=\"tex\" style=\"vertical-align:-1.8pt\" alt=\" \\vecb.\"> Най­ди­те ска­ляр­ное про­из­ве­де­ние<nobr> <img src=\"https://ege.sdamgia.ru/formula/svg/3a/3ae27046cf86916c43b84a8927522449.svg\" class=\"tex\" style=\"vertical-align:-1.8pt\" alt=\" \\veca умно­жить на \\vecb. \"> </nobr></p></div>",
        "image_urls": [
            "https://ege.sdamgia.ru/formula/svg/8f/8fd082536a0a420385519d1473c9d27e.svg",
            "https://ege.sdamgia.ru/formula/svg/1b/1bfbd6e01521bff8a524009ead906444.svg",
            "https://ege.sdamgia.ru/formula/svg/3a/3ae27046cf86916c43b84a8927522449.svg",
            "/get_file?id=141978"
        ]
    },
    "solution": {
        "text": "Решение. По рисунку определим координаты векторов:    Скалярное произведение векторов равно:Ответ: −3.",
        "html": "<div align=\"justify\" width=\"100%\" id=\"sol644807\" class=\"solution\" style=\"clear:both;\" class=\"pbody\"><p class=\"left_margin\"></p><b>Ре­ше­ние<!--rule_info-->. </b><p class=\"left_margin\">По ри­сун­ку опре­де­лим ко­ор­ди­на­ты век­то­ров:</p><p></p><div class=\"flex-math\"> <p><img src=\"https://ege.sdamgia.ru/formula/svg/ca/cab95be3cdffa3c2966f7b3af4803a87.svg\" class=\"tex\" style=\"vertical-align:-3.6pt\" alt=\" \\veca = левая круг­лая скоб­ка 1; минус 3 пра­вая круг­лая скоб­ка ,\"> </p><p><img src=\"https://ege.sdamgia.ru/formula/svg/14/146ad0e82534da3a9e5f1339f9c7cf0c.svg\" class=\"tex\" style=\"vertical-align:-3.6pt\" alt=\" \\vecb = левая круг­лая скоб­ка 3; 2 пра­вая круг­лая скоб­ка .\"> </p></div> Ска­ляр­ное про­из­ве­де­ние век­то­ров равно:<p class=\"left_margin\"></p><center><p><img src=\"https://ege.sdamgia.ru/formula/svg/65/659773ebd69e42cc9d2967fedee24aab.svg\" class=\"tex\" style=\"vertical-align:-3.6pt\" alt=\" \\veca умно­жить на \\vecb=x_a умно­жить на x_b плюс y_a умно­жить на y_b=1 умно­жить на 3 плюс левая круг­лая скоб­ка минус 3 пра­вая круг­лая скоб­ка умно­жить на 2= минус 3. \"></p><p class=\"left_margin\"></p></center><p><span style=\"letter-spacing: 2px;\">Ответ:</span> −3.</p></div>",
        "image_urls": [
            "https://ege.sdamgia.ru/formula/svg/ca/cab95be3cdffa3c2966f7b3af4803a87.svg",
            "https://ege.sdamgia.ru/formula/svg/14/146ad0e82534da3a9e5f1339f9c7cf0c.svg",
            "https://ege.sdamgia.ru/formula/svg/65/659773ebd69e42cc9d2967fedee24aab.svg"
        ]
    },
    "answer": "-3",
    "topic_id": 2,
    "analog_ids": [
        644807,
        658762,
        658859,
        658904
    ]
}