{
    "gia_type": "ege",
    "subject": "math",
    "id": 647124,
    "condition": {
        "text": "Даны векторы   и  Найдите значение выражения ",
        "html": "<div align=\"justify\" width=\"100%\" id=\"body504104\" class=\"pbody\"><p class=\"left_margin\">Даны век­то­ры <img src=\"https://ege.sdamgia.ru/formula/svg/1c/1c544c33f9b07c1d0b29aae5015284a8.svg\" class=\"tex\" style=\"vertical-align:-3.6pt\" alt=\"\\veca = левая круг­лая скоб­ка 1; 2 пра­вая круг­лая скоб­ка ,\"> <img src=\"https://ege.sdamgia.ru/formula/svg/c3/c3aa01f1a6006422d4c29c1d0cf44689.svg\" class=\"tex\" style=\"vertical-align:-3.6pt\" alt=\"\\vecb = левая круг­лая скоб­ка 3; минус 6 пра­вая круг­лая скоб­ка \"> и <img src=\"https://ege.sdamgia.ru/formula/svg/e4/e4714ae7c8a645772d6cfc3aa77f55a1.svg\" class=\"tex\" style=\"vertical-align:-3.6pt\" alt=\"\\vecc = левая круг­лая скоб­ка 4; минус 3 пра­вая круг­лая скоб­ка .\"> Най­ди­те зна­че­ние вы­ра­же­ния <img src=\"https://ege.sdamgia.ru/formula/svg/5e/5ed74ca859fe094bf4601b9bdcc84989.svg\" class=\"tex\" style=\"vertical-align:-7.9pt\" alt=\" левая круг­лая скоб­ка \\veca плюс \\vecb пра­вая круг­лая скоб­ка умно­жить на \\vecc.\"></p></div>",
        "image_urls": [
            "https://ege.sdamgia.ru/formula/svg/1c/1c544c33f9b07c1d0b29aae5015284a8.svg",
            "https://ege.sdamgia.ru/formula/svg/c3/c3aa01f1a6006422d4c29c1d0cf44689.svg",
            "https://ege.sdamgia.ru/formula/svg/e4/e4714ae7c8a645772d6cfc3aa77f55a1.svg",
            "https://ege.sdamgia.ru/formula/svg/5e/5ed74ca859fe094bf4601b9bdcc84989.svg"
        ]
    },
    "solution": {
        "text": "Решение. Найдем координаты вектора  Скалярное произведение равно:Ответ: 28.",
        "html": "<div align=\"justify\" width=\"100%\" id=\"sol647124\" class=\"solution\" style=\"clear:both;\" class=\"pbody\"><p class=\"left_margin\"></p><b>Ре­ше­ние<!--rule_info-->. </b><p class=\"left_margin\">Най­дем ко­ор­ди­на­ты век­то­ра <img src=\"https://ege.sdamgia.ru/formula/svg/7a/7ac3293712ee4b9e8f07ee07624aa356.svg\" class=\"tex\" style=\"vertical-align:-1.8pt\" alt=\"\\veca плюс \\vecb:\"></p><p class=\"left_margin\"></p><center><p><img src=\"https://ege.sdamgia.ru/formula/svg/99/99e122c158b8bbe4472fcd89c954ec37.svg\" class=\"tex\" style=\"vertical-align:-3.6pt\" alt=\"\\veca плюс \\vecb = левая круг­лая скоб­ка 1 плюс 3; 2 минус 6 пра­вая круг­лая скоб­ка = левая круг­лая скоб­ка 4; минус 4 пра­вая круг­лая скоб­ка .\"></p><p class=\"left_margin\"></p></center><p> Ска­ляр­ное про­из­ве­де­ние равно:</p><p class=\"left_margin\"></p><center><p><img src=\"https://ege.sdamgia.ru/formula/svg/c1/c14bd0c3aad96d0c318f0181c4ea0fae.svg\" class=\"tex\" style=\"vertical-align:-7.9pt\" alt=\" левая круг­лая скоб­ка \\veca плюс \\vecb пра­вая круг­лая скоб­ка умно­жить на \\vecc = 4 умно­жить на 4 минус 4 умно­жить на левая круг­лая скоб­ка минус 3 пра­вая круг­лая скоб­ка =28.\"></p><p class=\"left_margin\"></p></center><p><span style=\"letter-spacing: 2px;\">Ответ:</span> 28.</p></div>",
        "image_urls": [
            "https://ege.sdamgia.ru/formula/svg/7a/7ac3293712ee4b9e8f07ee07624aa356.svg",
            "https://ege.sdamgia.ru/formula/svg/99/99e122c158b8bbe4472fcd89c954ec37.svg",
            "https://ege.sdamgia.ru/formula/svg/c1/c14bd0c3aad96d0c318f0181c4ea0fae.svg"
        ]
    },
    "answer": "28",
    "topic_id": 2,
    "analog_ids": [
        647124,
        647144
    ]
}