{
    "gia_type": "ege",
    "subject": "math",
    "id": 649593,
    "condition": {
        "text": " На координатной плоскости изображены векторы   и  Найдите длину вектора ",
        "html": "<div align=\"justify\" width=\"100%\" id=\"body493445\" class=\"pbody\"><p class=\"left_margin\"><img src=\"/get_file?id=160451\" style=\"float:right;margin:10px;max-width:100%\"> На ко­ор­ди­нат­ной плос­ко­сти изоб­ра­же­ны век­то­ры <img src=\"https://ege.sdamgia.ru/formula/svg/1b/1b4412a344122e822c0c695e23b022a5.svg\" class=\"tex\" style=\"vertical-align:-3.0pt\" alt=\"\\veca,\"> <img src=\"https://ege.sdamgia.ru/formula/svg/0f/0f4c4ce0863d100a12c90c114fd9abeb.svg\" class=\"tex\" style=\"vertical-align:-1.8pt\" alt=\"\\vecb\"> и <img src=\"https://ege.sdamgia.ru/formula/svg/8d/8d6932dbdbf4318e11acb14acf1e5e46.svg\" class=\"tex\" style=\"vertical-align:-1.8pt\" alt=\"\\vecc.\"> Най­ди­те длину век­то­ра <img src=\"https://ege.sdamgia.ru/formula/svg/6d/6d297fc61aa8cde8a5b8632a339c2bac.svg\" class=\"tex\" style=\"vertical-align:-1.8pt\" alt=\"\\veca плюс \\vecb плюс \\vecc.\"></p></div>",
        "image_urls": [
            "https://ege.sdamgia.ru/formula/svg/1b/1b4412a344122e822c0c695e23b022a5.svg",
            "https://ege.sdamgia.ru/formula/svg/0f/0f4c4ce0863d100a12c90c114fd9abeb.svg",
            "https://ege.sdamgia.ru/formula/svg/8d/8d6932dbdbf4318e11acb14acf1e5e46.svg",
            "https://ege.sdamgia.ru/formula/svg/6d/6d297fc61aa8cde8a5b8632a339c2bac.svg",
            "/get_file?id=160451"
        ]
    },
    "solution": {
        "text": "Решение. Координаты вектора равны разности координат конца вектора и его начала. Поэтому вектор  имеет координаты (4; 6), вектор  имеет координаты (6; −2), вектор  имеет координаты (1; −4). Координаты суммы векторов равны сумме соответствующих координат. Поэтому вектор  имеет координаты (11; 0). Длина вектора  равна  Ответ: 11.",
        "html": "<div align=\"justify\" width=\"100%\" id=\"sol649593\" class=\"solution\" style=\"clear:both;\" class=\"pbody\"><p class=\"left_margin\"></p><b>Ре­ше­ние<!--rule_info-->. </b><p class=\"left_margin\">Ко­ор­ди­на­ты век­то­ра равны раз­но­сти ко­ор­ди­нат конца век­то­ра и его на­ча­ла. По­это­му век­тор <img src=\"https://ege.sdamgia.ru/formula/svg/03/032e291fd1e5592fcd3b7abe2ea18bef.svg\" class=\"tex\" style=\"vertical-align:-1.8pt\" alt=\"\\vec a\"> имеет ко­ор­ди­на­ты (4; 6), век­тор <img src=\"https://ege.sdamgia.ru/formula/svg/fc/fcdd61484b31af8082ca2030cea8f4f6.svg\" class=\"tex\" style=\"vertical-align:-1.8pt\" alt=\"\\vec b\"> имеет ко­ор­ди­на­ты (6; −2), век­тор <img src=\"https://ege.sdamgia.ru/formula/svg/54/54a24c7978f04562d18bf8762179eef1.svg\" class=\"tex\" style=\"vertical-align:-1.8pt\" alt=\"\\vec c\"> имеет ко­ор­ди­на­ты (1; −4). Ко­ор­ди­на­ты суммы век­то­ров равны сумме со­от­вет­ству­ю­щих ко­ор­ди­нат. По­это­му век­тор <img src=\"https://ege.sdamgia.ru/formula/svg/1f/1f85d224a0526a491ac3b4a29abee255.svg\" class=\"tex\" style=\"vertical-align:-1.8pt\" alt=\"\\vec a плюс \\vec b плюс \\vec c\"> имеет ко­ор­ди­на­ты (11; 0). Длина век­то­ра <img src=\"https://ege.sdamgia.ru/formula/svg/1f/1f85d224a0526a491ac3b4a29abee255.svg\" class=\"tex\" style=\"vertical-align:-1.8pt\" alt=\"\\vec a плюс \\vec b плюс \\vec c\"> равна <img src=\"https://ege.sdamgia.ru/formula/svg/e5/e539fcd46abc6f21dc6ef24e9b118902.svg\" class=\"tex\" style=\"vertical-align:-2.5pt\" alt=\" ко­рень из: на­ча­ло ар­гу­мен­та: 11 в квад­ра­те плюс 0 в квад­ра­те конец ар­гу­мен­та = 11.\"></p><p>&nbsp;</p><p><span style=\"letter-spacing: 2px;\">Ответ:</span> 11.</p></div>",
        "image_urls": [
            "https://ege.sdamgia.ru/formula/svg/03/032e291fd1e5592fcd3b7abe2ea18bef.svg",
            "https://ege.sdamgia.ru/formula/svg/fc/fcdd61484b31af8082ca2030cea8f4f6.svg",
            "https://ege.sdamgia.ru/formula/svg/54/54a24c7978f04562d18bf8762179eef1.svg",
            "https://ege.sdamgia.ru/formula/svg/1f/1f85d224a0526a491ac3b4a29abee255.svg",
            "https://ege.sdamgia.ru/formula/svg/1f/1f85d224a0526a491ac3b4a29abee255.svg",
            "https://ege.sdamgia.ru/formula/svg/e5/e539fcd46abc6f21dc6ef24e9b118902.svg"
        ]
    },
    "answer": "11",
    "topic_id": 2,
    "analog_ids": [
        649593,
        649594
    ]
}