{
    "gia_type": "ege",
    "subject": "math",
    "id": 649891,
    "condition": {
        "text": "Даны векторы  и  Найдите скалярное произведение ",
        "html": "<div align=\"justify\" width=\"100%\" id=\"body492639\" class=\"pbody\"><p class=\"left_margin\">Даны век­то­ры <img src=\"https://ege.sdamgia.ru/formula/svg/65/65138fb717255769173a12394a95167d.svg\" class=\"tex\" style=\"vertical-align:-3.6pt\" alt=\"\\veca левая круг­лая скоб­ка 3; минус 2 пра­вая круг­лая скоб­ка \"> и <img src=\"https://ege.sdamgia.ru/formula/svg/df/df40c92877a07674cd29f4e32423da76.svg\" class=\"tex\" style=\"vertical-align:-3.6pt\" alt=\"\\vecb левая круг­лая скоб­ка 0; 1 пра­вая круг­лая скоб­ка .\"> Най­ди­те ска­ляр­ное про­из­ве­де­ние <img src=\"https://ege.sdamgia.ru/formula/svg/4f/4f6af99a43259021756064f629453e8c.svg\" class=\"tex\" style=\"vertical-align:-1.8pt\" alt=\"\\vec a умно­жить на \\vec b.\"></p></div>",
        "image_urls": [
            "https://ege.sdamgia.ru/formula/svg/65/65138fb717255769173a12394a95167d.svg",
            "https://ege.sdamgia.ru/formula/svg/df/df40c92877a07674cd29f4e32423da76.svg",
            "https://ege.sdamgia.ru/formula/svg/4f/4f6af99a43259021756064f629453e8c.svg"
        ]
    },
    "solution": {
        "text": "Решение. Скалярное произведение равно:Ответ: −2.",
        "html": "<div align=\"justify\" width=\"100%\" id=\"sol649891\" class=\"solution\" style=\"clear:both;\" class=\"pbody\"><p class=\"left_margin\"></p><b>Ре­ше­ние<!--rule_info-->. </b><p class=\"left_margin\">Ска­ляр­ное про­из­ве­де­ние равно:</p><p class=\"left_margin\"></p><center><p><img src=\"https://ege.sdamgia.ru/formula/svg/17/17f726ae7d702687086430cf4be94fa2.svg\" class=\"tex\" style=\"vertical-align:-3.6pt\" alt=\"\\vec a умно­жить на \\vec b = 3 умно­жить на 0 плюс левая круг­лая скоб­ка минус 2 пра­вая круг­лая скоб­ка умно­жить на 1 = минус 2.\"></p><p class=\"left_margin\"></p></center><p><span style=\"letter-spacing: 2px;\">Ответ:</span> −2.</p></div>",
        "image_urls": [
            "https://ege.sdamgia.ru/formula/svg/17/17f726ae7d702687086430cf4be94fa2.svg"
        ]
    },
    "answer": "-2",
    "topic_id": 2,
    "analog_ids": [
        649891,
        649895,
        656073,
        656243,
        649895,
        656073,
        656243,
        656601,
        658681
    ]
}