{
    "gia_type": "ege",
    "subject": "math",
    "id": 649917,
    "condition": {
        "text": "На координатной плоскости изображены векторы  и  Найдите косинус угла между ними.",
        "html": "<div align=\"justify\" width=\"100%\" id=\"body492609\" class=\"pbody\"><p class=\"left_margin\"><img src=\"/get_file?id=160457\" style=\"float:right;margin:10px;max-width:100%\">На ко­ор­ди­нат­ной плос­ко­сти изоб­ра­же­ны век­то­ры <img src=\"https://ege.sdamgia.ru/formula/svg/03/032e291fd1e5592fcd3b7abe2ea18bef.svg\" class=\"tex\" style=\"vertical-align:-1.8pt\" alt=\"\\vec a\"> и <img src=\"https://ege.sdamgia.ru/formula/svg/91/9123a02603bf84810303449dc2b862bf.svg\" class=\"tex\" style=\"vertical-align:-1.8pt\" alt=\"\\vec b.\"> Най­ди­те ко­си­нус угла между ними.</p></div>",
        "image_urls": [
            "https://ege.sdamgia.ru/formula/svg/03/032e291fd1e5592fcd3b7abe2ea18bef.svg",
            "https://ege.sdamgia.ru/formula/svg/91/9123a02603bf84810303449dc2b862bf.svg",
            "/get_file?id=160457"
        ]
    },
    "solution": {
        "text": "Решение. Выпишем координаты векторов:   Косинус угла между векторами равенОтвет: 0,96.",
        "html": "<div align=\"justify\" width=\"100%\" id=\"sol649917\" class=\"solution\" style=\"clear:both;\" class=\"pbody\"><p class=\"left_margin\"></p><b>Ре­ше­ние<!--rule_info-->. </b><p class=\"left_margin\">Вы­пи­шем ко­ор­ди­на­ты век­то­ров: <img src=\"https://ege.sdamgia.ru/formula/svg/e7/e7bf33d3e559381fc388b21b0e1b550d.svg\" class=\"tex\" style=\"vertical-align:-3.6pt\" alt=\"\\vec a левая круг­лая скоб­ка 3; минус 4 пра­вая круг­лая скоб­ка ,\"> <img src=\"https://ege.sdamgia.ru/formula/svg/77/7751457d934b756a1cbd8a5d67f2c664.svg\" class=\"tex\" style=\"vertical-align:-3.6pt\" alt=\"\\vec b левая круг­лая скоб­ка 4; минус 3 пра­вая круг­лая скоб­ка .\"> Ко­си­нус угла между век­то­ра­ми равен</p><p class=\"left_margin\"></p><center><p><img src=\"https://ege.sdamgia.ru/formula/svg/81/811f02dc5b4f4ac3cbf850ffe0403810.svg\" class=\"tex\" style=\"vertical-align:-13.1pt\" alt=\" ко­си­нус \\widehat\\vec a, \\vec b = дробь: чис­ли­тель: \\vec a умно­жить на \\vec b, зна­ме­на­тель: |\\vec a| умно­жить на |\\vec b| конец дроби = дробь: чис­ли­тель: 3 умно­жить на 4 плюс левая круг­лая скоб­ка минус 4 пра­вая круг­лая скоб­ка умно­жить на левая круг­лая скоб­ка минус 3 пра­вая круг­лая скоб­ка , зна­ме­на­тель: ко­рень из: на­ча­ло ар­гу­мен­та: 3 в квад­ра­те плюс левая круг­лая скоб­ка минус 4 пра­вая круг­лая скоб­ка в квад­ра­те конец ар­гу­мен­та умно­жить на ко­рень из: на­ча­ло ар­гу­мен­та: 4 в квад­ра­те плюс левая круг­лая скоб­ка минус 3 пра­вая круг­лая скоб­ка в квад­ра­те конец ар­гу­мен­та конец дроби = дробь: чис­ли­тель: 24, зна­ме­на­тель: 25 конец дроби = 0,96. \"></p><p class=\"left_margin\"></p></center><p><span style=\"letter-spacing: 2px;\">Ответ:</span> 0,96.</p></div>",
        "image_urls": [
            "https://ege.sdamgia.ru/formula/svg/e7/e7bf33d3e559381fc388b21b0e1b550d.svg",
            "https://ege.sdamgia.ru/formula/svg/77/7751457d934b756a1cbd8a5d67f2c664.svg",
            "https://ege.sdamgia.ru/formula/svg/81/811f02dc5b4f4ac3cbf850ffe0403810.svg"
        ]
    },
    "answer": "0,96",
    "topic_id": 2,
    "analog_ids": [
        649917,
        654478
    ]
}