{
    "gia_type": "ege",
    "subject": "math",
    "id": 649909,
    "condition": {
        "text": "Длины векторов  и  равны  и 5, а угол между ними равен 150°. Найдите скалярное произведение ",
        "html": "<div align=\"justify\" width=\"100%\" id=\"body492617\" class=\"pbody\"><p class=\"left_margin\">Длины век­то­ров <img src=\"https://ege.sdamgia.ru/formula/svg/03/032e291fd1e5592fcd3b7abe2ea18bef.svg\" class=\"tex\" style=\"vertical-align:-1.8pt\" alt=\"\\vec a\"> и <img src=\"https://ege.sdamgia.ru/formula/svg/fc/fcdd61484b31af8082ca2030cea8f4f6.svg\" class=\"tex\" style=\"vertical-align:-1.8pt\" alt=\"\\vec b\"> равны <img src=\"https://ege.sdamgia.ru/formula/svg/dc/dc112349d8f283a3239f8ab39d8d87c2.svg\" class=\"tex\" style=\"vertical-align:-1.8pt\" alt=\"2 ко­рень из 3 \"> и 5, а угол между ними равен 150°. Най­ди­те ска­ляр­ное про­из­ве­де­ние <img src=\"https://ege.sdamgia.ru/formula/svg/4f/4f6af99a43259021756064f629453e8c.svg\" class=\"tex\" style=\"vertical-align:-1.8pt\" alt=\"\\vec a умно­жить на \\vec b.\"></p></div>",
        "image_urls": [
            "https://ege.sdamgia.ru/formula/svg/03/032e291fd1e5592fcd3b7abe2ea18bef.svg",
            "https://ege.sdamgia.ru/formula/svg/fc/fcdd61484b31af8082ca2030cea8f4f6.svg",
            "https://ege.sdamgia.ru/formula/svg/dc/dc112349d8f283a3239f8ab39d8d87c2.svg",
            "https://ege.sdamgia.ru/formula/svg/4f/4f6af99a43259021756064f629453e8c.svg"
        ]
    },
    "solution": {
        "text": "Решение. Скалярное произведение равно Ответ: −15.",
        "html": "<div align=\"justify\" width=\"100%\" id=\"sol649909\" class=\"solution\" style=\"clear:both;\" class=\"pbody\"><p class=\"left_margin\"></p><b>Ре­ше­ние<!--rule_info-->. </b><p class=\"left_margin\">Ска­ляр­ное про­из­ве­де­ние равно </p><p class=\"left_margin\"></p><center><p><img src=\"https://ege.sdamgia.ru/formula/svg/3f/3fb0f0a5a36c7cf7a723ce45f5a15eb1.svg\" class=\"tex\" style=\"vertical-align:-8.5pt\" alt=\"\\vec a умно­жить на \\vec b = ко­си­нус 150 гра­ду­сов умно­жить на |\\vec a| умно­жить на |\\vec b| = минус дробь: чис­ли­тель: ко­рень из 3 , зна­ме­на­тель: 2 конец дроби умно­жить на 2 ко­рень из 3 умно­жить на 5 = минус 15. \"></p><p class=\"left_margin\"></p></center><p><span style=\"letter-spacing: 2px;\">Ответ:</span> −15.</p></div>",
        "image_urls": [
            "https://ege.sdamgia.ru/formula/svg/3f/3fb0f0a5a36c7cf7a723ce45f5a15eb1.svg"
        ]
    },
    "answer": "-15",
    "topic_id": 2,
    "analog_ids": [
        649909,
        650946,
        651049
    ]
}