{
    "gia_type": "ege",
    "subject": "math",
    "id": 649918,
    "condition": {
        "text": "Длина вектора  равна  угол между векторами  и  равен 45°, а скалярное произведение  равно 12. Найдите длину вектора ",
        "html": "<div align=\"justify\" width=\"100%\" id=\"body492610\" class=\"pbody\"><p class=\"left_margin\">Длина век­то­ра <img src=\"https://ege.sdamgia.ru/formula/svg/03/032e291fd1e5592fcd3b7abe2ea18bef.svg\" class=\"tex\" style=\"vertical-align:-1.8pt\" alt=\"\\vec a\"> равна <img src=\"https://ege.sdamgia.ru/formula/svg/a9/a98484838447cc6764db648399b7ddae.svg\" class=\"tex\" style=\"vertical-align:-3.0pt\" alt=\"2 ко­рень из 2 ,\"> угол между век­то­ра­ми <img src=\"https://ege.sdamgia.ru/formula/svg/03/032e291fd1e5592fcd3b7abe2ea18bef.svg\" class=\"tex\" style=\"vertical-align:-1.8pt\" alt=\"\\vec a\"> и <img src=\"https://ege.sdamgia.ru/formula/svg/fc/fcdd61484b31af8082ca2030cea8f4f6.svg\" class=\"tex\" style=\"vertical-align:-1.8pt\" alt=\"\\vec b\"> равен 45°, а ска­ляр­ное про­из­ве­де­ние <img src=\"https://ege.sdamgia.ru/formula/svg/53/531e3c28441ff92391511cbdf01cb912.svg\" class=\"tex\" style=\"vertical-align:-1.8pt\" alt=\"\\vec a умно­жить на \\vec b\"> равно 12. Най­ди­те длину век­то­ра <img src=\"https://ege.sdamgia.ru/formula/svg/91/9123a02603bf84810303449dc2b862bf.svg\" class=\"tex\" style=\"vertical-align:-1.8pt\" alt=\"\\vec b.\"></p></div>",
        "image_urls": [
            "https://ege.sdamgia.ru/formula/svg/03/032e291fd1e5592fcd3b7abe2ea18bef.svg",
            "https://ege.sdamgia.ru/formula/svg/a9/a98484838447cc6764db648399b7ddae.svg",
            "https://ege.sdamgia.ru/formula/svg/03/032e291fd1e5592fcd3b7abe2ea18bef.svg",
            "https://ege.sdamgia.ru/formula/svg/fc/fcdd61484b31af8082ca2030cea8f4f6.svg",
            "https://ege.sdamgia.ru/formula/svg/53/531e3c28441ff92391511cbdf01cb912.svg",
            "https://ege.sdamgia.ru/formula/svg/91/9123a02603bf84810303449dc2b862bf.svg"
        ]
    },
    "solution": {
        "text": "Решение. Длина вектора  равна Ответ: 6.",
        "html": "<div align=\"justify\" width=\"100%\" id=\"sol649918\" class=\"solution\" style=\"clear:both;\" class=\"pbody\"><p class=\"left_margin\"></p><b>Ре­ше­ние<!--rule_info-->. </b><p class=\"left_margin\">Длина век­то­ра <img src=\"https://ege.sdamgia.ru/formula/svg/fc/fcdd61484b31af8082ca2030cea8f4f6.svg\" class=\"tex\" style=\"vertical-align:-1.8pt\" alt=\"\\vec b\"> равна </p><p class=\"left_margin\"></p><center><p><img src=\"https://ege.sdamgia.ru/formula/svg/de/ded6cc58846658ef222ce0701f643c09.svg\" class=\"tex\" style=\"vertical-align:-16.4pt\" alt=\"|\\vec b| = дробь: чис­ли­тель: \\vec a умно­жить на \\vec b, зна­ме­на­тель: ко­си­нус \\widehat\\vec a, \\vec b умно­жить на |\\vec a| конец дроби = дробь: чис­ли­тель: 12, зна­ме­на­тель: дробь: чис­ли­тель: ко­рень из 2 , зна­ме­на­тель: 2 конец дроби умно­жить на 2 ко­рень из 2 конец дроби = 6. \"></p><p class=\"left_margin\"></p></center><p><span style=\"letter-spacing: 2px;\">Ответ:</span> 6.</p></div>",
        "image_urls": [
            "https://ege.sdamgia.ru/formula/svg/fc/fcdd61484b31af8082ca2030cea8f4f6.svg",
            "https://ege.sdamgia.ru/formula/svg/de/ded6cc58846658ef222ce0701f643c09.svg"
        ]
    },
    "answer": "6",
    "topic_id": 2,
    "analog_ids": [
        649918,
        654484,
        654824,
        654911
    ]
}