{
    "gia_type": "ege",
    "subject": "math",
    "id": 649915,
    "condition": {
        "text": "Даны векторы  и  Найдите косинус угла между ними.",
        "html": "<div align=\"justify\" width=\"100%\" id=\"body492615\" class=\"pbody\"><p class=\"left_margin\">Даны век­то­ры <img src=\"https://ege.sdamgia.ru/formula/svg/10/103bf6d2c4b492f23e3c4762db401a44.svg\" class=\"tex\" style=\"vertical-align:-3.6pt\" alt=\"\\vec a левая круг­лая скоб­ка 3; 4 пра­вая круг­лая скоб­ка \"> и <img src=\"https://ege.sdamgia.ru/formula/svg/e0/e00fab8eb009ecc738250441ea9771d3.svg\" class=\"tex\" style=\"vertical-align:-3.6pt\" alt=\"\\vec b левая круг­лая скоб­ка минус 4; минус 3 пра­вая круг­лая скоб­ка .\"> Най­ди­те ко­си­нус угла между ними.</p></div>",
        "image_urls": [
            "https://ege.sdamgia.ru/formula/svg/10/103bf6d2c4b492f23e3c4762db401a44.svg",
            "https://ege.sdamgia.ru/formula/svg/e0/e00fab8eb009ecc738250441ea9771d3.svg"
        ]
    },
    "solution": {
        "text": "Решение. Косинус угла между векторами равен Ответ: −0,96.",
        "html": "<div align=\"justify\" width=\"100%\" id=\"sol649915\" class=\"solution\" style=\"clear:both;\" class=\"pbody\"><p class=\"left_margin\"></p><b>Ре­ше­ние<!--rule_info-->. </b><p class=\"left_margin\">Ко­си­нус угла между век­то­ра­ми равен </p><p class=\"left_margin\"></p><center><p><img src=\"https://ege.sdamgia.ru/formula/svg/6c/6cd021561207d46f6ead13fed6155249.svg\" class=\"tex\" style=\"vertical-align:-13.1pt\" alt=\" ко­си­нус \\widehat\\vec a, \\vec b = дробь: чис­ли­тель: \\vec a умно­жить на \\vec b, зна­ме­на­тель: |\\vec a| умно­жить на |\\vec b| конец дроби = дробь: чис­ли­тель: 3 умно­жить на левая круг­лая скоб­ка минус 4 пра­вая круг­лая скоб­ка плюс 4 умно­жить на левая круг­лая скоб­ка минус 3 пра­вая круг­лая скоб­ка , зна­ме­на­тель: ко­рень из: на­ча­ло ар­гу­мен­та: 3 в квад­ра­те плюс 4 в квад­ра­те конец ар­гу­мен­та умно­жить на ко­рень из: на­ча­ло ар­гу­мен­та: левая круг­лая скоб­ка минус 4 пра­вая круг­лая скоб­ка в квад­ра­те плюс левая круг­лая скоб­ка минус 3 пра­вая круг­лая скоб­ка в квад­ра­те конец ар­гу­мен­та конец дроби = минус дробь: чис­ли­тель: 24, зна­ме­на­тель: 25 конец дроби = минус 0,96. \"></p><p class=\"left_margin\"></p></center><p><span style=\"letter-spacing: 2px;\">Ответ:</span> −0,96.</p></div>",
        "image_urls": [
            "https://ege.sdamgia.ru/formula/svg/6c/6cd021561207d46f6ead13fed6155249.svg"
        ]
    },
    "answer": "-0,96",
    "topic_id": 2,
    "analog_ids": [
        649915,
        654477
    ]
}