{
    "gia_type": "ege",
    "subject": "math",
    "id": 661774,
    "condition": {
        "text": "Даны векторы   и  Найдите сумму координат вектора ",
        "html": "<div align=\"justify\" width=\"100%\" id=\"body292850\" class=\"pbody\"><p class=\"left_margin\">Даны век­то­ры <img src=\"https://ege.sdamgia.ru/formula/svg/5f/5f6a1eccfca52df62cf00058fb569701.svg\" class=\"tex\" style=\"vertical-align:-3.6pt\" alt=\"\\veca = левая круг­лая скоб­ка 3; 3 пра­вая круг­лая скоб­ка ,\"> <img src=\"https://ege.sdamgia.ru/formula/svg/b2/b2132db6b75fa19dd34a2c3ad73b41ef.svg\" class=\"tex\" style=\"vertical-align:-3.6pt\" alt=\"\\vecb = левая круг­лая скоб­ка 7; 8 пра­вая круг­лая скоб­ка \"> и <img src=\"https://ege.sdamgia.ru/formula/svg/35/3543fe42924108c8a55f0c4d93475c6a.svg\" class=\"tex\" style=\"vertical-align:-3.6pt\" alt=\"\\vecc = левая круг­лая скоб­ка 13; 29 пра­вая круг­лая скоб­ка .\"> Най­ди­те сумму ко­ор­ди­нат век­то­ра <img src=\"https://ege.sdamgia.ru/formula/svg/79/79d5fa497f1654d000f287994dc754f7.svg\" class=\"tex\" style=\"vertical-align:-1.8pt\" alt=\"\\veca плюс \\vecb минус \\vecc.\"></p></div>",
        "image_urls": [
            "https://ege.sdamgia.ru/formula/svg/5f/5f6a1eccfca52df62cf00058fb569701.svg",
            "https://ege.sdamgia.ru/formula/svg/b2/b2132db6b75fa19dd34a2c3ad73b41ef.svg",
            "https://ege.sdamgia.ru/formula/svg/35/3543fe42924108c8a55f0c4d93475c6a.svg",
            "https://ege.sdamgia.ru/formula/svg/79/79d5fa497f1654d000f287994dc754f7.svg"
        ]
    },
    "solution": {
        "text": "Решение. Найдем координаты вектора  Сумма координат вектора  равна  Ответ: −21.",
        "html": "<div align=\"justify\" width=\"100%\" id=\"sol661774\" class=\"solution\" style=\"clear:both;\" class=\"pbody\"><p class=\"left_margin\"></p><b>Ре­ше­ние<!--rule_info-->. </b><p class=\"left_margin\">Най­дем ко­ор­ди­на­ты век­то­ра <img src=\"https://ege.sdamgia.ru/formula/svg/00/00a66d3fa423cb0775b1e8310fd90686.svg\" class=\"tex\" style=\"vertical-align:-1.8pt\" alt=\"\\veca плюс \\vecb минус \\vecc:\"></p><p class=\"left_margin\"></p><center><p><img src=\"https://ege.sdamgia.ru/formula/svg/db/db505b0a8ccc38db17ce40de3326a8bb.svg\" class=\"tex\" style=\"vertical-align:-3.6pt\" alt=\"\\veca плюс \\vecb минус \\vecc = левая круг­лая скоб­ка 3 плюс 7 минус 13; 3 плюс 8 минус 29 пра­вая круг­лая скоб­ка = левая круг­лая скоб­ка минус 3; минус 18 пра­вая круг­лая скоб­ка .\"></p><p class=\"left_margin\"></p></center><p> Сумма ко­ор­ди­нат век­то­ра <img src=\"https://ege.sdamgia.ru/formula/svg/86/8615ea0a949db1e5f1ef23bd1b5a8456.svg\" class=\"tex\" style=\"vertical-align:-1.8pt\" alt=\"\\veca плюс \\vecb минус \\vecc\"> равна <img src=\"https://ege.sdamgia.ru/formula/svg/56/565e9ec81cf81ef703f4af6160abf49c.svg\" class=\"tex\" style=\"vertical-align:-3.6pt\" alt=\" минус 3 плюс левая круг­лая скоб­ка минус 18 пра­вая круг­лая скоб­ка = минус 21.\"></p><p>&nbsp;</p><p><span style=\"letter-spacing: 2px;\">Ответ:</span> −21.</p></div>",
        "image_urls": [
            "https://ege.sdamgia.ru/formula/svg/00/00a66d3fa423cb0775b1e8310fd90686.svg",
            "https://ege.sdamgia.ru/formula/svg/db/db505b0a8ccc38db17ce40de3326a8bb.svg",
            "https://ege.sdamgia.ru/formula/svg/86/8615ea0a949db1e5f1ef23bd1b5a8456.svg",
            "https://ege.sdamgia.ru/formula/svg/56/565e9ec81cf81ef703f4af6160abf49c.svg"
        ]
    },
    "answer": "-21",
    "topic_id": 2,
    "analog_ids": []
}