{
    "gia_type": "ege",
    "subject": "math",
    "id": 672734,
    "condition": {
        "text": "Найдите длину вектора  если ",
        "html": "<div align=\"justify\" width=\"100%\" id=\"body273698\" class=\"pbody\"><p class=\"left_margin\">Най­ди­те длину век­то­ра <img src=\"https://ege.sdamgia.ru/formula/svg/1e/1e13ee025be7ab661b53c61f76399d56.svg\" class=\"tex\" style=\"vertical-align:-3.0pt\" alt=\"3\\vec a,\"> если <img src=\"https://ege.sdamgia.ru/formula/svg/e7/e7912cf9b504d19c254438258fb1ea75.svg\" class=\"tex\" style=\"vertical-align:-3.6pt\" alt=\"\\vec a левая круг­лая скоб­ка минус 8; 6 пра­вая круг­лая скоб­ка .\"></p></div>",
        "image_urls": [
            "https://ege.sdamgia.ru/formula/svg/1e/1e13ee025be7ab661b53c61f76399d56.svg",
            "https://ege.sdamgia.ru/formula/svg/e7/e7912cf9b504d19c254438258fb1ea75.svg"
        ]
    },
    "solution": {
        "text": "Решение. Найдем координаты вектора  Длина вектора  равнаОтвет: 30.",
        "html": "<div align=\"justify\" width=\"100%\" id=\"sol672734\" class=\"solution\" style=\"clear:both;\" class=\"pbody\"><p class=\"left_margin\"></p><b>Ре­ше­ние<!--rule_info-->. </b><p class=\"left_margin\">Най­дем ко­ор­ди­на­ты век­то­ра <img src=\"https://ege.sdamgia.ru/formula/svg/d1/d129ccd025b118248c2a4fb491a3d596.svg\" class=\"tex\" style=\"vertical-align:-1.8pt\" alt=\"3\\vec a:\"></p><p class=\"left_margin\"></p><center><p><img src=\"https://ege.sdamgia.ru/formula/svg/96/96903befb0e4f47b1e9f1b9eada73230.svg\" class=\"tex\" style=\"vertical-align:-3.6pt\" alt=\"3\\vec a = левая круг­лая скоб­ка минус 8 умно­жить на 3; 6 умно­жить на 3 пра­вая круг­лая скоб­ка = левая круг­лая скоб­ка минус 24; 18 пра­вая круг­лая скоб­ка .\"></p><p class=\"left_margin\"></p></center><p> Длина век­то­ра <img src=\"https://ege.sdamgia.ru/formula/svg/bd/bd00af30e15eb391c7832a36c40d5906.svg\" class=\"tex\" style=\"vertical-align:-1.8pt\" alt=\"3\\vec a\"> равна</p><p class=\"left_margin\"></p><center><p><img src=\"https://ege.sdamgia.ru/formula/svg/eb/eb26c89571cd4113e87bb5a7b2a1d422.svg\" class=\"tex\" style=\"vertical-align:-6.8pt\" alt=\"|3\\vec a| = ко­рень из: на­ча­ло ар­гу­мен­та: левая круг­лая скоб­ка минус 24 пра­вая круг­лая скоб­ка в квад­ра­те плюс 18 в квад­ра­те конец ар­гу­мен­та = ко­рень из: на­ча­ло ар­гу­мен­та: 576 плюс 324 конец ар­гу­мен­та = ко­рень из: на­ча­ло ар­гу­мен­та: 900 конец ар­гу­мен­та = 30.\"></p><p class=\"left_margin\"></p></center><p><span style=\"letter-spacing: 2px;\">Ответ:</span> 30.</p></div>",
        "image_urls": [
            "https://ege.sdamgia.ru/formula/svg/d1/d129ccd025b118248c2a4fb491a3d596.svg",
            "https://ege.sdamgia.ru/formula/svg/96/96903befb0e4f47b1e9f1b9eada73230.svg",
            "https://ege.sdamgia.ru/formula/svg/bd/bd00af30e15eb391c7832a36c40d5906.svg",
            "https://ege.sdamgia.ru/formula/svg/eb/eb26c89571cd4113e87bb5a7b2a1d422.svg"
        ]
    },
    "answer": "30",
    "topic_id": 2,
    "analog_ids": [
        672734,
        672810
    ]
}