{
    "gia_type": "ege",
    "subject": "math",
    "id": 505568,
    "condition": {
        "text": "Прямые, содержащие катеты AC и CB прямоугольного треугольника АСВ, являются общими внутренними касательными к окружностям радиусов 2 и 4. Прямая, содержащая гипотенузу АВ, является их общей внешней касательной. а)  Докажите, что длина отрезка внутренней касательной, проведенной из вершины острого угла треугольника до одной из окружностей, равна половине периметра треугольника АСВ.б)  Найдите площадь треугольника АСВ.",
        "html": "<div align=\"justify\" width=\"100%\" id=\"body645148\" class=\"pbody\"><p class=\"left_margin\">Пря­мые, со­дер­жа­щие ка­те­ты <i>AC</i> и <i>CB</i> пря­мо­уголь­но­го тре­уголь­ни­ка <i>АСВ</i>, яв­ля­ют­ся об­щи­ми внут­рен­ни­ми ка­са­тель­ны­ми к окруж­но­стям ра­ди­у­сов 2 и 4. Пря­мая, со­дер­жа­щая ги­по­те­ну­зу<i> АВ</i>, яв­ля­ет­ся их общей внеш­ней ка­са­тель­ной. </p><p class=\"left_margin\">а)  До­ка­жи­те, что длина от­рез­ка внут­рен­ней ка­са­тель­ной, про­ве­ден­ной из вер­ши­ны остро­го угла тре­уголь­ни­ка до одной из окруж­но­стей, равна по­ло­ви­не пе­ри­мет­ра тре­уголь­ни­ка <i>АСВ</i>.</p><p class=\"left_margin\">б)  Най­ди­те пло­щадь тре­уголь­ни­ка <i>АСВ</i>.</p></div>",
        "image_urls": []
    },
    "solution": {
        "text": "Решение. а)  Введём обозначения, как показано на рисунке, пусть M, H, N  — точки касания. Касательные, проведённые к окружности из одной точки равны: AM  =  AN, CM  =  CH, HB  =  BN. Поэтому: откуда p  =  AM, где Р  — периметр, p  — полупериметр треугольника.б)  Для определения площади треугольника используем формулу, связывающую её с полупериметром, стороной и радиусом вневписанной окружности, касающейся этой стороны и продолжений двух других сторон треугольника: Ответ:  Примечание. Примененная в пункте  б) формула может быть получена из следующих соображений:  где O1  — центр окружности с радиусом  r1. При этом  тогда  А потому",
        "html": "<div align=\"justify\" width=\"100%\" id=\"sol505568\" class=\"solution\" style=\"clear:both;\" class=\"pbody\"><p class=\"left_margin\"></p><b>Ре­ше­ние<!--rule_info-->. </b><p class=\"left_margin\"><img src=\"/get_file?id=113451\" style=\"float:right;margin:10px;max-width:100%\">а)  Введём обо­зна­че­ния, как по­ка­за­но на ри­сун­ке, пусть <i>M</i>, <i>H</i>, <i>N</i>  — точки ка­са­ния. Ка­са­тель­ные, про­ведённые к окруж­но­сти из одной точки равны: <i>AM</i>  =  <i>AN</i>, <i>CM</i>  =  <i>CH</i>, <i>HB</i>  =  <i>BN</i>. По­это­му: </p><p class=\"left_margin\"></p><center><p><span data-width=\"640\" data-formulahash=\"a742de7b203eaf1baffc0c3cb138eee2\" class=\"tex-span\" style=\"\"><img src=\"https://ege.sdamgia.ru/formula/svg/a7/a742de7b203eaf1baffc0c3cb138eee2.svg\" class=\"tex\" style=\"vertical-align:-3.0pt\" alt=\"P=AC плюс CH плюс HB плюс AB=AC плюс CM плюс BN плюс AB=AM плюс AN=2AM,\"></span><span data-width=\"490\" data-formulahash=\"a742de7b203eaf1baffc0c3cb138eee2\" class=\"tex-span\" style=\"display:none\"><img src=\"https://ege.sdamgia.ru/formula/svg/4c/4c4dfebeb41039f64191401037c65615.svg\" class=\"tex\" style=\"vertical-align:-1.8pt\" alt=\"P=AC плюс CH плюс HB плюс AB=\"><br><img src=\"https://ege.sdamgia.ru/formula/svg/b4/b44d1b69ec5f45c858c81229d63da7f5.svg\" class=\"tex\" style=\"vertical-align:-3.0pt\" alt=\"=AC плюс CM плюс BN плюс AB=AM плюс AN=2AM,\"></span></p><p class=\"left_margin\"></p></center><p>от­ку­да <i>p</i>  =  <i>AM</i>, где <i>Р</i>  — пе­ри­метр, <i>p</i>  — по­лу­пе­ри­метр тре­уголь­ни­ка.</p><p class=\"left_margin\">б)  Для опре­де­ле­ния пло­ща­ди тре­уголь­ни­ка ис­поль­зу­ем фор­му­лу, свя­зы­ва­ю­щую её с по­лу­пе­ри­мет­ром, сто­ро­ной и ра­ди­у­сом внев­пи­сан­ной окруж­но­сти, ка­са­ю­щей­ся этой сто­ро­ны и про­дол­же­ний двух дру­гих сто­рон тре­уголь­ни­ка:</p><p class=\"left_margin\"></p><center><p><img src=\"https://ege.sdamgia.ru/formula/svg/6d/6da8d09dc398cda58888c9077a9c8681.svg\" class=\"tex\" style=\"vertical-align:-3.6pt\" alt=\"S= левая круг­лая скоб­ка p минус AC пра­вая круг­лая скоб­ка умно­жить на r_1= левая круг­лая скоб­ка AM минус AC пра­вая круг­лая скоб­ка r_1=CMr_1=r_2r_1=8.\"></p><p class=\"left_margin\"></p></center><p>&nbsp;</p><p><span style=\"letter-spacing: 2px;\">Ответ:</span> <img src=\"https://ege.sdamgia.ru/formula/svg/59/59df6b90b5c9c4d9b2913edb06bce1ec.svg\" class=\"tex\" style=\"vertical-align:-2.5pt\" alt=\"S_ACB=8.\"></p><p>&nbsp;</p><p><b>При­ме­ча­ние.</b> </p><p class=\"left_margin\">При­ме­нен­ная в пунк­те  б) фор­му­ла может быть по­лу­че­на из сле­ду­ю­щих со­об­ра­же­ний: <img src=\"https://ege.sdamgia.ru/formula/svg/96/9615981be3b547173e1c153a94a8da5e.svg\" class=\"tex\" style=\"vertical-align:-3.8pt\" alt=\"S_ACB=S_ABCO_1 минус S_ACO_1,\"> где <i>O</i><sub>1</sub>  — центр окруж­но­сти с ра­ди­у­сом  <i>r</i><sub>1.</sub> При этом <img src=\"https://ege.sdamgia.ru/formula/svg/76/76b2528ab532ddfc1c1db746c38a9644.svg\" class=\"tex\" style=\"vertical-align:-8.4pt\" alt=\"S_ACO_1= дробь: чис­ли­тель: 1, зна­ме­на­тель: 2 конец дроби AC умно­жить на r_1, \"> тогда</p><p class=\"left_margin\"></p><center><p><img src=\"https://ege.sdamgia.ru/formula/svg/de/de19a083ae8004867f78c99403b09c48.svg\" class=\"tex\" style=\"vertical-align:-8.3pt\" alt=\"S_ABCO_1=S_ABO_1 плюс S_BCO_1= дробь: чис­ли­тель: 1, зна­ме­на­тель: 2 конец дроби AB умно­жить на r_1 плюс дробь: чис­ли­тель: 1, зна­ме­на­тель: 2 конец дроби BC умно­жить на r_1= дробь: чис­ли­тель: 1, зна­ме­на­тель: 2 конец дроби левая круг­лая скоб­ка AB плюс BC пра­вая круг­лая скоб­ка умно­жить на r_1. \"> </p><p class=\"left_margin\"></p></center><p> А по­то­му</p><p class=\"left_margin\"></p><center><p><span data-width=\"640\" data-formulahash=\"f11dad7bb5e6efc3c8dcd198917f4efc\" class=\"tex-span\" style=\"\"><img src=\"https://ege.sdamgia.ru/formula/svg/3d/3d936c11e3f404fee487b555401f6e27.svg\" class=\"tex\" style=\"vertical-align:-8.3pt\" alt=\"S_ACB= дробь: чис­ли­тель: 1, зна­ме­на­тель: 2 конец дроби левая круг­лая скоб­ка AB плюс BC пра­вая круг­лая скоб­ка умно­жить на r_1 минус дробь: чис­ли­тель: 1, зна­ме­на­тель: 2 конец дроби AC умно­жить на r_1= дробь: чис­ли­тель: 1, зна­ме­на­тель: 2 конец дроби левая круг­лая скоб­ка левая круг­лая скоб­ка AB плюс BC плюс AC пра­вая круг­лая скоб­ка минус 2AC пра­вая круг­лая скоб­ка умно­жить на r_1= \"><br><img src=\"https://ege.sdamgia.ru/formula/svg/5f/5f5bdf7822f6d2096b4a6c7791705bfb.svg\" class=\"tex\" style=\"vertical-align:-8.4pt\" alt=\"= дробь: чис­ли­тель: 1, зна­ме­на­тель: 2 конец дроби левая круг­лая скоб­ка P_ABC минус 2AC пра­вая круг­лая скоб­ка умно­жить на r_1= левая круг­лая скоб­ка p минус AC пра­вая круг­лая скоб­ка умно­жить на r_1. \"></span><span data-width=\"440\" data-formulahash=\"f11dad7bb5e6efc3c8dcd198917f4efc\" class=\"tex-span\" style=\"display:none\"><img src=\"https://ege.sdamgia.ru/formula/svg/ae/aec330f4212654b1cb7ab4a46e26cbf3.svg\" class=\"tex\" style=\"vertical-align:-8.4pt\" alt=\"S_ACB= дробь: чис­ли­тель: 1, зна­ме­на­тель: 2 конец дроби левая круг­лая скоб­ка AB плюс BC пра­вая круг­лая скоб­ка умно­жить на r_1 минус дробь: чис­ли­тель: 1, зна­ме­на­тель: 2 конец дроби AC умно­жить на r_1= \"><br><img src=\"https://ege.sdamgia.ru/formula/svg/cd/cdf76b95c41f9f62f9210cdc36b1cd27.svg\" class=\"tex\" style=\"vertical-align:-8.4pt\" alt=\"= дробь: чис­ли­тель: 1, зна­ме­на­тель: 2 конец дроби левая круг­лая скоб­ка левая круг­лая скоб­ка AB плюс BC плюс AC пра­вая круг­лая скоб­ка минус 2AC пра­вая круг­лая скоб­ка умно­жить на r_1= \"><br><img src=\"https://ege.sdamgia.ru/formula/svg/5f/5f5bdf7822f6d2096b4a6c7791705bfb.svg\" class=\"tex\" style=\"vertical-align:-8.4pt\" alt=\"= дробь: чис­ли­тель: 1, зна­ме­на­тель: 2 конец дроби левая круг­лая скоб­ка P_ABC минус 2AC пра­вая круг­лая скоб­ка умно­жить на r_1= левая круг­лая скоб­ка p минус AC пра­вая круг­лая скоб­ка умно­жить на r_1. \"></span></p><p class=\"left_margin\"></p></center></div>",
        "image_urls": [
            "https://ege.sdamgia.ru/formula/svg/a7/a742de7b203eaf1baffc0c3cb138eee2.svg",
            "https://ege.sdamgia.ru/formula/svg/4c/4c4dfebeb41039f64191401037c65615.svg",
            "https://ege.sdamgia.ru/formula/svg/b4/b44d1b69ec5f45c858c81229d63da7f5.svg",
            "https://ege.sdamgia.ru/formula/svg/6d/6da8d09dc398cda58888c9077a9c8681.svg",
            "https://ege.sdamgia.ru/formula/svg/59/59df6b90b5c9c4d9b2913edb06bce1ec.svg",
            "https://ege.sdamgia.ru/formula/svg/96/9615981be3b547173e1c153a94a8da5e.svg",
            "https://ege.sdamgia.ru/formula/svg/76/76b2528ab532ddfc1c1db746c38a9644.svg",
            "https://ege.sdamgia.ru/formula/svg/de/de19a083ae8004867f78c99403b09c48.svg",
            "https://ege.sdamgia.ru/formula/svg/3d/3d936c11e3f404fee487b555401f6e27.svg",
            "https://ege.sdamgia.ru/formula/svg/5f/5f5bdf7822f6d2096b4a6c7791705bfb.svg",
            "https://ege.sdamgia.ru/formula/svg/ae/aec330f4212654b1cb7ab4a46e26cbf3.svg",
            "https://ege.sdamgia.ru/formula/svg/cd/cdf76b95c41f9f62f9210cdc36b1cd27.svg",
            "https://ege.sdamgia.ru/formula/svg/5f/5f5bdf7822f6d2096b4a6c7791705bfb.svg",
            "/get_file?id=113451"
        ]
    },
    "answer": "",
    "topic_id": 17,
    "analog_ids": [
        505568,
        511412
    ]
}