{
    "gia_type": "ege",
    "subject": "math",
    "id": 513608,
    "condition": {
        "text": "Точка O  — центр окружности, описанной около остроугольного треугольника ABC, I  — центр вписанной в него окружности, H  — точка пересечения высот. Известно, что а)  Докажите, что точка I лежит на окружности, описанной около треугольника BOC.б)  Найдите угол OIH, если ",
        "html": "<div align=\"justify\" width=\"100%\" id=\"body637108\" class=\"pbody\"><p class=\"left_margin\">Точка <i>O</i>  — центр окруж­но­сти, опи­сан­ной около ост­ро­уголь­но­го тре­уголь­ни­ка <i>ABC</i>, <i>I</i>  — центр впи­сан­ной в него окруж­но­сти, <i>H</i>  — точка пе­ре­се­че­ния высот. Из­вест­но, что <img src=\"https://ege.sdamgia.ru/formula/svg/ab/abd97f33db81e14c42940c0dba9b0a46.svg\" class=\"tex\" style=\"vertical-align:-1.8pt\" alt=\"\\angle BAC=\\angle OBC плюс \\angle OCB.\"></p><p class=\"left_margin\">а)  До­ка­жи­те, что точка <i>I</i> лежит на окруж­но­сти, опи­сан­ной около тре­уголь­ни­ка <i>BOC</i>.</p><p class=\"left_margin\">б)  Най­ди­те угол <i>OIH</i>, если <img src=\"https://ege.sdamgia.ru/formula/svg/e7/e7b29e67282ea091ad51f3a74cbf7295.svg\" class=\"tex\" style=\"vertical-align:-1.8pt\" alt=\"\\angle ABC=75 гра­ду­сов.\"></p></div>",
        "image_urls": [
            "https://ege.sdamgia.ru/formula/svg/ab/abd97f33db81e14c42940c0dba9b0a46.svg",
            "https://ege.sdamgia.ru/formula/svg/e7/e7b29e67282ea091ad51f3a74cbf7295.svg"
        ]
    },
    "solution": {
        "text": "Решение. Точка O  — центр описанной окружности около треугольника ABC, поэтому  Значит,откуда   Найдём угол BIC: Значит,  поэтому точки B, O, I и C лежат на одной окружности.б)  Найдём угол BHC:Значит,  поэтому точки B, O, I, H и C лежат на одной окружности.Поскольку  получаем  В равнобедренном треугольнике BOC имеем Прямая BH перпендикулярна AC, поэтому  Значит,  Биссектриса угла треугольника лежит внутри угла, образованного медианой и высотой, исходящими из той же вершины, поэтому лучи BH, BI и BO пересекают дугу окружности в указанном на рисунке порядке. Четырёхугольник BOIH вписан в окружность, поэтому Ответ: б) 165°. Примечание.Полезно сравнить часть а) этой задачи с заданием 25 тренировочной работы МИОО No 1 в формате ГИА-9 от 1 октября 2013 года:В остроугольном треугольнике ABC угол B равен 60°. Докажите, что точки A, C, центр описанной окружности треугольника ABC и точка пересечения высот треугольника ABC лежат на одной окружности.",
        "html": "<div align=\"justify\" width=\"100%\" id=\"sol513608\" class=\"solution\" style=\"clear:both;\" class=\"pbody\"><p class=\"left_margin\"></p><b>Ре­ше­ние<!--rule_info-->. </b><p class=\"left_margin\"><img src=\"/get_file?id=148392\" style=\"float:right;margin:10px;max-width:100%\">Точка <i>O</i>  — центр опи­сан­ной окруж­но­сти около тре­уголь­ни­ка <i>ABC</i>, по­это­му <img src=\"https://ege.sdamgia.ru/formula/svg/e2/e2989f66c2852fdf6dcb4025cbe8cfe2.svg\" class=\"tex\" style=\"vertical-align:-1.8pt\" alt=\"\\angle BOC = 2\\angle BAC.\"> Зна­чит,</p><p class=\"left_margin\"></p><center><p><img src=\"https://ege.sdamgia.ru/formula/svg/da/da76930c0f4c2a140cf4469608268de1.svg\" class=\"tex\" style=\"vertical-align:-2.9pt\" alt=\"180 гра­ду­сов=\\angle BOC плюс \\angle OBC плюс \\angle OCB = 2\\angle BAC плюс \\angle BAC=3\\angle BAC,\"></p><p class=\"left_margin\"></p></center>от­ку­да <img src=\"https://ege.sdamgia.ru/formula/svg/e5/e5c5a61db48d07a1a2048abb7a6d9830.svg\" class=\"tex\" style=\"vertical-align:-2.3pt\" alt=\"\\angle BAC=60 гра­ду­сов;\"> <img src=\"https://ege.sdamgia.ru/formula/svg/81/8114fe91c6f1492b77482c9764b192f9.svg\" class=\"tex\" style=\"vertical-align:-2.3pt\" alt=\"\\angle ABC плюс \\angle ACB = 120 гра­ду­сов;\"> <img src=\"https://ege.sdamgia.ru/formula/svg/da/da03649e285e277914a5972e627c3a59.svg\" class=\"tex\" style=\"vertical-align:-1.8pt\" alt=\" \\angle BOC=120 гра­ду­сов.\"><p class=\"left_margin\">Найдём угол <i>BIC</i>:</p><p class=\"left_margin\"></p><center><p><img src=\"https://ege.sdamgia.ru/formula/svg/78/788724fb4029a529e3644639c88d0658.svg\" class=\"tex\" style=\"vertical-align:-1.8pt\" alt=\"\\angle BIC=180 гра­ду­сов минус \\angle IBC минус \\angle ICB=\"></p><p>&nbsp;</p><p><img src=\"https://ege.sdamgia.ru/formula/svg/47/47242b4b86dcb318359a6922de14f4c7.svg\" class=\"tex\" style=\"vertical-align:-8.3pt\" alt=\"=180 гра­ду­сов минус дробь: чис­ли­тель: \\angle ABC плюс \\angle ACB, зна­ме­на­тель: 2 конец дроби =180 гра­ду­сов минус дробь: чис­ли­тель: 120 гра­ду­сов, зна­ме­на­тель: 2 конец дроби =120 гра­ду­сов. \"></p><p class=\"left_margin\"></p></center><p class=\"left_margin\">Зна­чит, <img src=\"https://ege.sdamgia.ru/formula/svg/af/af2698a5e846674771ee1289917a938d.svg\" class=\"tex\" style=\"vertical-align:-3.0pt\" alt=\"\\angle BOC = \\angle BIC,\"> по­это­му точки <i>B</i>, <i>O</i>, <i>I</i> и <i>C</i> лежат на одной окруж­но­сти.</p><p class=\"left_margin\">б)  Найдём угол <i>BHC</i>:</p><p class=\"left_margin\"></p><center><p><span data-width=\"640\" data-formulahash=\"8ce614976939f11981a5dbc535eaa38b\" class=\"tex-span\" style=\"\"><img src=\"https://ege.sdamgia.ru/formula/svg/15/15f21d9a1f2071d609f62069598ca781.svg\" class=\"tex\" style=\"vertical-align:-1.8pt\" alt=\"\\angle BHC=180 гра­ду­сов минус \\angle HBC минус \\angle HCB =\"><br><img src=\"https://ege.sdamgia.ru/formula/svg/22/22e2c0984b34fa83c578b2976c70647a.svg\" class=\"tex\" style=\"vertical-align:-3.6pt\" alt=\"=180 гра­ду­сов минус левая круг­лая скоб­ка 90 гра­ду­сов минус \\angle ACB пра­вая круг­лая скоб­ка минус левая круг­лая скоб­ка 90 гра­ду­сов минус \\angle ABC пра­вая круг­лая скоб­ка = \\angle ACB плюс \\angle ABC = 120 гра­ду­сов.\"></span><span data-width=\"415\" data-formulahash=\"8ce614976939f11981a5dbc535eaa38b\" class=\"tex-span\" style=\"display:none\"><img src=\"https://ege.sdamgia.ru/formula/svg/15/15f21d9a1f2071d609f62069598ca781.svg\" class=\"tex\" style=\"vertical-align:-1.8pt\" alt=\"\\angle BHC=180 гра­ду­сов минус \\angle HBC минус \\angle HCB =\"><br><img src=\"https://ege.sdamgia.ru/formula/svg/15/15808a983ec9e7defededcd23b9acbc0.svg\" class=\"tex\" style=\"vertical-align:-3.6pt\" alt=\"=180 гра­ду­сов минус левая круг­лая скоб­ка 90 гра­ду­сов минус \\angle ACB пра­вая круг­лая скоб­ка минус левая круг­лая скоб­ка 90 гра­ду­сов минус \\angle ABC пра­вая круг­лая скоб­ка =\"><br><img src=\"https://ege.sdamgia.ru/formula/svg/3e/3e3bf05c3a402c6ae0f4949a9e17ad40.svg\" class=\"tex\" style=\"vertical-align:-1.8pt\" alt=\"= \\angle ACB плюс \\angle ABC = 120 гра­ду­сов.\"></span></p><p class=\"left_margin\"></p></center><p class=\"left_margin\">Зна­чит, <img src=\"https://ege.sdamgia.ru/formula/svg/76/7632fd2e47ac24270ce8dd7d0c19de2c.svg\" class=\"tex\" style=\"vertical-align:-3.0pt\" alt=\"\\angle BOC = \\angle BIC = \\angle BHC,\"> по­это­му точки <i>B</i>, <i>O</i>, <i>I</i>, <i>H</i> и <i>C</i> лежат на одной окруж­но­сти.</p><p class=\"left_margin\">По­сколь­ку <img src=\"https://ege.sdamgia.ru/formula/svg/c6/c6eb6a5131f8187f6ab366fcce67b670.svg\" class=\"tex\" style=\"vertical-align:-3.0pt\" alt=\"\\angle BAC=60 гра­ду­сов,\\angle ABC = 75 гра­ду­сов,\"> по­лу­ча­ем <img src=\"https://ege.sdamgia.ru/formula/svg/fa/fa9c70bf46bbe04945fff96c78c83add.svg\" class=\"tex\" style=\"vertical-align:-1.8pt\" alt=\"\\angle ACB=45 гра­ду­сов.\"> В рав­но­бед­рен­ном тре­уголь­ни­ке <i>BOC</i> имеем </p><p class=\"left_margin\"></p><center><p><img src=\"https://ege.sdamgia.ru/formula/svg/97/9796a46119c3a7f270a8e3107c467afe.svg\" class=\"tex\" style=\"vertical-align:-8.3pt\" alt=\"\\angle OBC= дробь: чис­ли­тель: 180 гра­ду­сов минус \\angle BOC, зна­ме­на­тель: 2 конец дроби =30 гра­ду­сов. \"></p><p class=\"left_margin\"></p></center><p class=\"left_margin\">Пря­мая <i>BH</i> пер­пен­ди­ку­ляр­на <i>AC</i>, по­это­му <img src=\"https://ege.sdamgia.ru/formula/svg/92/92f8c0c8eb9fdaf9db9327f7e54561f9.svg\" class=\"tex\" style=\"vertical-align:-1.8pt\" alt=\"\\angle HBC = 90 гра­ду­сов минус \\angle ACB = 45 гра­ду­сов.\"> </p><p class=\"left_margin\">Зна­чит, <img src=\"https://ege.sdamgia.ru/formula/svg/11/117000221947e91bd5745999d615c12f.svg\" class=\"tex\" style=\"vertical-align:-1.8pt\" alt=\"\\angle HBO = \\angle HBC минус \\angle OBC = 15 гра­ду­сов.\"> Бис­сек­три­са угла тре­уголь­ни­ка лежит внут­ри угла, об­ра­зо­ван­но­го ме­ди­а­ной и вы­со­той, ис­хо­дя­щи­ми из той же вер­ши­ны, по­это­му лучи <i>BH</i>, <i>BI</i> и <i>BO</i> пе­ре­се­ка­ют дугу окруж­но­сти в ука­зан­ном на ри­сун­ке по­ряд­ке. Четырёхуголь­ник <i>BOIH</i> впи­сан в окруж­ность, по­это­му</p><p class=\"left_margin\"></p><center><p><img src=\"https://ege.sdamgia.ru/formula/svg/37/37bab9e8a5b40109b9fa57fafe7d85a9.svg\" class=\"tex\" style=\"vertical-align:-1.8pt\" alt=\"\\angle OIH = 180 гра­ду­сов минус \\angle HBO=165 гра­ду­сов.\"></p><p class=\"left_margin\"></p></center><p>&nbsp;</p><p><span style=\"letter-spacing: 2px;\">Ответ:</span> б) 165°.</p><p>&nbsp;</p><p><b>При­ме­ча­ние.</b></p><p class=\"left_margin\">По­лез­но срав­нить часть а) этой за­да­чи с за­да­ни­ем 25 тре­ни­ро­воч­ной ра­бо­ты МИОО № 1 в фор­ма­те ГИА-9 от 1 ок­тяб­ря 2013 года:</p><p class=\"left_margin\">В ост­ро­уголь­ном тре­уголь­ни­ке <i>ABC</i> угол <i>B</i> равен 60°. До­ка­жи­те, что точки <i>A</i>, <i>C</i>, центр опи­сан­ной окруж­но­сти тре­уголь­ни­ка <i>ABC</i> и точка пе­ре­се­че­ния высот тре­уголь­ни­ка <i>ABC</i> лежат на одной окруж­но­сти.</p></div>",
        "image_urls": [
            "https://ege.sdamgia.ru/formula/svg/e2/e2989f66c2852fdf6dcb4025cbe8cfe2.svg",
            "https://ege.sdamgia.ru/formula/svg/da/da76930c0f4c2a140cf4469608268de1.svg",
            "https://ege.sdamgia.ru/formula/svg/e5/e5c5a61db48d07a1a2048abb7a6d9830.svg",
            "https://ege.sdamgia.ru/formula/svg/81/8114fe91c6f1492b77482c9764b192f9.svg",
            "https://ege.sdamgia.ru/formula/svg/da/da03649e285e277914a5972e627c3a59.svg",
            "https://ege.sdamgia.ru/formula/svg/78/788724fb4029a529e3644639c88d0658.svg",
            "https://ege.sdamgia.ru/formula/svg/47/47242b4b86dcb318359a6922de14f4c7.svg",
            "https://ege.sdamgia.ru/formula/svg/af/af2698a5e846674771ee1289917a938d.svg",
            "https://ege.sdamgia.ru/formula/svg/15/15f21d9a1f2071d609f62069598ca781.svg",
            "https://ege.sdamgia.ru/formula/svg/22/22e2c0984b34fa83c578b2976c70647a.svg",
            "https://ege.sdamgia.ru/formula/svg/15/15f21d9a1f2071d609f62069598ca781.svg",
            "https://ege.sdamgia.ru/formula/svg/15/15808a983ec9e7defededcd23b9acbc0.svg",
            "https://ege.sdamgia.ru/formula/svg/3e/3e3bf05c3a402c6ae0f4949a9e17ad40.svg",
            "https://ege.sdamgia.ru/formula/svg/76/7632fd2e47ac24270ce8dd7d0c19de2c.svg",
            "https://ege.sdamgia.ru/formula/svg/c6/c6eb6a5131f8187f6ab366fcce67b670.svg",
            "https://ege.sdamgia.ru/formula/svg/fa/fa9c70bf46bbe04945fff96c78c83add.svg",
            "https://ege.sdamgia.ru/formula/svg/97/9796a46119c3a7f270a8e3107c467afe.svg",
            "https://ege.sdamgia.ru/formula/svg/92/92f8c0c8eb9fdaf9db9327f7e54561f9.svg",
            "https://ege.sdamgia.ru/formula/svg/11/117000221947e91bd5745999d615c12f.svg",
            "https://ege.sdamgia.ru/formula/svg/37/37bab9e8a5b40109b9fa57fafe7d85a9.svg",
            "/get_file?id=148392"
        ]
    },
    "answer": "б) 165°.",
    "topic_id": 17,
    "analog_ids": []
}