{
    "gia_type": "ege",
    "subject": "math",
    "id": 514731,
    "condition": {
        "text": "Окружность касается стороны AC остроугольного треугольника ABC и делит каждую из сторон AB и BC на три равные части.а)  Докажите, что треугольник ABC равнобедренный.б)  Найдите, в каком отношении высота этого треугольника делит сторону BC.",
        "html": "<div align=\"justify\" width=\"100%\" id=\"body635991\" class=\"pbody\"><p class=\"left_margin\">Окруж­ность ка­са­ет­ся сто­ро­ны <i>AC</i> ост­ро­уголь­но­го тре­уголь­ни­ка <i>ABC</i> и делит каж­дую из сто­рон <i>AB</i> и <i>BC</i> на три рав­ные части.</p><p class=\"left_margin\">а)  До­ка­жи­те, что тре­уголь­ник <i>ABC</i> рав­но­бед­рен­ный.</p><p class=\"left_margin\">б)  Най­ди­те, в каком от­но­ше­нии вы­со­та этого тре­уголь­ни­ка делит сто­ро­ну <i>BC</i>.</p></div>",
        "image_urls": []
    },
    "solution": {
        "text": "Решение. Рис. 1а)  Пусть окружность делит сторону AB на три равные части (рис. 1)и делит сторону BC на три равные частиТогда по свойству секущихоткуда получаем: б)  Пусть окружность касается стороны AC треугольника ABC в точке M (рис. 2). Поскольку Рис. 2получаем:Пусть AH  — высота треугольника, тогда Таким образом,  Ответ: б) 5 : 4.",
        "html": "<div align=\"justify\" width=\"100%\" id=\"sol514731\" class=\"solution\" style=\"clear:both;\" class=\"pbody\"><p class=\"left_margin\"></p><b>Ре­ше­ние<!--rule_info-->. </b><p class=\"left_margin\"></p><div class=\"flex-img\" style=\"float:right\"><p></p><div><p><img src=\"/get_file?id=148484\" style=\"margin:10px auto;display:block;max-width:none\"></p><p><nobr>Рис. 1</nobr></p><p></p></div><p></p></div><p class=\"left_margin\">а)  Пусть окруж­ность делит сто­ро­ну <i>AB</i> на три рав­ные части (рис. 1)</p><p class=\"left_margin\"></p><center><p><img src=\"https://ege.sdamgia.ru/formula/svg/29/29149744634ea9f5af327624f9307b19.svg\" class=\"tex\" style=\"vertical-align:-2.5pt\" alt=\"AK_1 = K_1K_2 = K_2B = x\"></p><p class=\"left_margin\"></p></center><p>и делит сто­ро­ну <i>BC</i> на три рав­ные части</p><p class=\"left_margin\"></p><center><p><img src=\"https://ege.sdamgia.ru/formula/svg/1d/1df932ca8b78e603cc27421efec531ff.svg\" class=\"tex\" style=\"vertical-align:-3.0pt\" alt=\"CL_1 = L_1L_2 = L_2B = y.\"></p><p class=\"left_margin\"></p></center><p class=\"left_margin\">Тогда по свой­ству се­ку­щих</p><p class=\"left_margin\"></p><center><p><img src=\"https://ege.sdamgia.ru/formula/svg/1b/1b3333088663f93bcd4c65cac447375c.svg\" class=\"tex\" style=\"vertical-align:-3.0pt\" alt=\"BK_1 умно­жить на BK_2 = BL_1 умно­жить на BL_2 рав­но­силь­но 2x в квад­ра­те = 2y в квад­ра­те рав­но­силь­но x=y,\"></p><p class=\"left_margin\"></p></center><p>от­ку­да по­лу­ча­ем:</p><p class=\"left_margin\"></p><center><p><img src=\"https://ege.sdamgia.ru/formula/svg/1b/1b283fc9883d998af841b85b2848cd16.svg\" class=\"tex\" style=\"vertical-align:-1.8pt\" alt=\"AB = BC.\"></p><p class=\"left_margin\"></p></center><p>&nbsp;</p><p class=\"left_margin\">б)  Пусть окруж­ность ка­са­ет­ся сто­ро­ны <i>AC</i> тре­уголь­ни­ка <i>ABC</i> в точке <i>M</i> (рис. 2). По­сколь­ку </p><div class=\"flex-img\" style=\"float:right\"><p></p><div><p><img src=\"/get_file?id=148483\" style=\"margin:10px auto;display:block;max-width:none\"></p><p><nobr>Рис. 2</nobr></p><p></p></div><p></p></div><p class=\"left_margin\"></p><center><p><img src=\"https://ege.sdamgia.ru/formula/svg/32/321982942a90c44b9fa0be915712af01.svg\" class=\"tex\" style=\"vertical-align:-3.0pt\" alt=\"AM в квад­ра­те = AK_1 умно­жить на AK_2 = 2x в квад­ра­те ,\"></p><p class=\"left_margin\"></p></center><p>по­лу­ча­ем:</p><p class=\"left_margin\"></p><center><p><img src=\"https://ege.sdamgia.ru/formula/svg/0d/0d57aa33c80ba1a06326429338fb06d2.svg\" class=\"tex\" style=\"vertical-align:-1.8pt\" alt=\"AM = MC = x ко­рень из 2 .\"></p><p class=\"left_margin\"></p></center><p class=\"left_margin\">Пусть <i>AH</i>  — вы­со­та тре­уголь­ни­ка, тогда</p><p class=\"left_margin\"></p><center><p><img src=\"https://ege.sdamgia.ru/formula/svg/bb/bb524088314746d7871c582a3c83243c.svg\" class=\"tex\" style=\"vertical-align:-8.4pt\" alt=\"HC = AC умно­жить на ко­си­нус \\angle ACB = дробь: чис­ли­тель: AC умно­жить на MC, зна­ме­на­тель: BC конец дроби = дробь: чис­ли­тель: 4, зна­ме­на­тель: 3 конец дроби x; \"></p><p>&nbsp;</p><p><img src=\"https://ege.sdamgia.ru/formula/svg/ed/ed81ec130ae6819581a126082a640a4b.svg\" class=\"tex\" style=\"vertical-align:-8.4pt\" alt=\"BH = BC минус HC = дробь: чис­ли­тель: 5, зна­ме­на­тель: 3 конец дроби x.\"></p><p class=\"left_margin\"></p></center><p class=\"left_margin\">Таким об­ра­зом, <img src=\"https://ege.sdamgia.ru/formula/svg/3f/3faad6d702569aeb384556f189ce18cf.svg\" class=\"tex\" style=\"vertical-align:-1.8pt\" alt=\"BH : HC = 5 : 4.\"></p><p>&nbsp;</p><p><span style=\"letter-spacing: 2px;\">Ответ:</span> б) 5 : 4.</p></div>",
        "image_urls": [
            "https://ege.sdamgia.ru/formula/svg/29/29149744634ea9f5af327624f9307b19.svg",
            "https://ege.sdamgia.ru/formula/svg/1d/1df932ca8b78e603cc27421efec531ff.svg",
            "https://ege.sdamgia.ru/formula/svg/1b/1b3333088663f93bcd4c65cac447375c.svg",
            "https://ege.sdamgia.ru/formula/svg/1b/1b283fc9883d998af841b85b2848cd16.svg",
            "https://ege.sdamgia.ru/formula/svg/32/321982942a90c44b9fa0be915712af01.svg",
            "https://ege.sdamgia.ru/formula/svg/0d/0d57aa33c80ba1a06326429338fb06d2.svg",
            "https://ege.sdamgia.ru/formula/svg/bb/bb524088314746d7871c582a3c83243c.svg",
            "https://ege.sdamgia.ru/formula/svg/ed/ed81ec130ae6819581a126082a640a4b.svg",
            "https://ege.sdamgia.ru/formula/svg/3f/3faad6d702569aeb384556f189ce18cf.svg",
            "/get_file?id=148484",
            "/get_file?id=148483"
        ]
    },
    "answer": "б) 5 : 4.",
    "topic_id": 17,
    "analog_ids": []
}