{
    "gia_type": "ege",
    "subject": "math",
    "id": 516801,
    "condition": {
        "text": "В треугольнике ABC точки A1, B1 и C1  — середины сторон BC, AC и AB соответственно, AH  — высота,  а)  Докажите, что A1, B1, C1 и H лежат на одной окружности.б)  Найдите A1H, если ",
        "html": "<div align=\"justify\" width=\"100%\" id=\"body625725\" class=\"pbody\"><p class=\"left_margin\">В тре­уголь­ни­ке <i>ABC</i> точки <i>A</i><sub>1</sub>, <i>B</i><sub>1</sub> и <i>C</i><sub>1</sub>  — се­ре­ди­ны сто­рон <i>BC</i>, <i>AC</i> и <i>AB</i> со­от­вет­ствен­но, <i>AH</i>  — вы­со­та, <img src=\"https://ege.sdamgia.ru/formula/svg/3a/3a500dfd05bd480427f22f1de2bc5e78.svg\" class=\"tex\" style=\"vertical-align:-3.0pt\" alt=\"\\angle BAC=60 гра­ду­сов ,\\angle BCA=45 гра­ду­сов .\"> </p><p class=\"left_margin\">а)  До­ка­жи­те, что <i>A</i><sub>1, </sub><i>B</i><sub>1</sub>, <i>C</i><sub>1</sub> и <i>H</i> лежат на одной окруж­но­сти.</p><p class=\"left_margin\">б)  Най­ди­те <i>A</i><sub>1</sub><i>H</i>, если <img src=\"https://ege.sdamgia.ru/formula/svg/41/41e539ade69c847fcc8995df76330ea9.svg\" class=\"tex\" style=\"vertical-align:-1.8pt\" alt=\"BC=2 ко­рень из: на­ча­ло ар­гу­мен­та: 3 конец ар­гу­мен­та .\"></p></div>",
        "image_urls": [
            "https://ege.sdamgia.ru/formula/svg/3a/3a500dfd05bd480427f22f1de2bc5e78.svg",
            "https://ege.sdamgia.ru/formula/svg/41/41e539ade69c847fcc8995df76330ea9.svg"
        ]
    },
    "solution": {
        "text": "Решение. a)  Заметим, что   — медиана прямоугольного треугольника ABH, значит,  но и  как средняя линия треугольника АВС. Поэтому четырёхугольник   — равнобедренная трапеция, вокруг неё можно описать окружность, а значит, точки  и H лежат на одной окружности. Что и требовалось доказать.б)  Середины сторон треугольника являются вершинами подобного ему треугольника. Поэтому верны равенства:   Кроме того из п. а)  Следовательно,  Пусть R  — радиус окружности, описанной вокруг трапеции. Эта окружность одновременно описана вокруг треугольников  и  Тогда по теореме синусов для каждого из них, имеем:откуда находим Приведем другое решение пункта а) Так как   — медиана прямоугольного треугольника ABH, треугольник  равнобедренный, тогда  откуда  Поскольку  сумма противоположных углов четырехугольника  равна 180°, а значит, он является вписанным.Приведём решение пункта б) без использования пункта а).Найдем сторону АВ треугольника ABC по теореме синусов: Найдем катет прямоугольного треугольника AHB:Тогда длина искомого отрезка A1H:Замечание. Покажем, что полученная длина равна 1. Действительно, посколькуимеем: Ответ: б) 1.",
        "html": "<div align=\"justify\" width=\"100%\" id=\"sol516801\" class=\"solution\" style=\"clear:both;\" class=\"pbody\"><p class=\"left_margin\"></p><b>Ре­ше­ние<!--rule_info-->. </b><p class=\"left_margin\"><img src=\"/get_file?id=148485\" style=\"float:right;margin:10px;max-width:100%\"></p><p>a)  За­ме­тим, что <img src=\"https://ege.sdamgia.ru/formula/svg/e1/e1759cb81be6aa58e91b35452a7aad3c.svg\" class=\"tex\" style=\"vertical-align:-2.5pt\" alt=\"C_1H\">  — ме­ди­а­на пря­мо­уголь­но­го тре­уголь­ни­ка <i>ABH</i>, зна­чит, <img src=\"https://ege.sdamgia.ru/formula/svg/03/036c7e48f9a64d1b0f4a6cff603f501e.svg\" class=\"tex\" style=\"vertical-align:-8.4pt\" alt=\"C_1H= дробь: чис­ли­тель: 1, зна­ме­на­тель: 2 конец дроби AB=AC_1=BC_1, \"> но и <img src=\"https://ege.sdamgia.ru/formula/svg/de/deeade61e3edb3a8c3256fded2afb577.svg\" class=\"tex\" style=\"vertical-align:-8.4pt\" alt=\"A_1B_1= дробь: чис­ли­тель: 1, зна­ме­на­тель: 2 конец дроби AB \"> как сред­няя линия тре­уголь­ни­ка <i>АВС</i>. По­это­му четырёхуголь­ник <img src=\"https://ege.sdamgia.ru/formula/svg/2d/2d0767e050dfbab1136688e5e8d312c9.svg\" class=\"tex\" style=\"vertical-align:-2.5pt\" alt=\"C_1HA_1B_1\">  — рав­но­бед­рен­ная тра­пе­ция, во­круг неё можно опи­сать окруж­ность, а зна­чит, точки <img src=\"https://ege.sdamgia.ru/formula/svg/fc/fca41dd7c72d3ec01237028ba2ded3df.svg\" class=\"tex\" style=\"vertical-align:-3.0pt\" alt=\"A_1,B_1,C_1\"> и <i>H</i> лежат на одной окруж­но­сти. Что и тре­бо­ва­лось до­ка­зать.</p><p class=\"left_margin\">б)  Се­ре­ди­ны сто­рон тре­уголь­ни­ка яв­ля­ют­ся вер­ши­на­ми по­доб­но­го ему тре­уголь­ни­ка. По­это­му верны ра­вен­ства: <img src=\"https://ege.sdamgia.ru/formula/svg/76/767dcc884dbd5b227f5f380c20a96fa2.svg\" class=\"tex\" style=\"vertical-align:-3.0pt\" alt=\"\\angle C_1A_1B_1=\\angle A=60 гра­ду­сов ,\"> <img src=\"https://ege.sdamgia.ru/formula/svg/14/143237d62ae502900c3843d29a31133d.svg\" class=\"tex\" style=\"vertical-align:-2.6pt\" alt=\"\\angle A_1C_1B_1=\\angle C=45 гра­ду­сов .\"> Кроме того из п. а) <img src=\"https://ege.sdamgia.ru/formula/svg/ea/ea2dd54aa27a7fea9a5d2b009b926614.svg\" class=\"tex\" style=\"vertical-align:-2.6pt\" alt=\"\\angle BC_1H=180 гра­ду­сов минус 2\\angle B=30 гра­ду­сов.\"> Сле­до­ва­тель­но, </p><p class=\"left_margin\"></p><center><p><img src=\"/get_file?id=148545\" style=\"float:right;margin:10px;max-width:100%\"></p><p><img src=\"https://ege.sdamgia.ru/formula/svg/c3/c3e0ac5694aad4cfa943eb3cba15825c.svg\" class=\"tex\" style=\"vertical-align:-2.6pt\" alt=\"\\angle HC_1A_1=\\angle BC_1A_1 минус \\angle BC_1H=60 гра­ду­сов минус 30 гра­ду­сов =30 гра­ду­сов .\"> </p><p class=\"left_margin\"></p></center><p class=\"left_margin\">Пусть <i>R</i>  — ра­ди­ус окруж­но­сти, опи­сан­ной во­круг тра­пе­ции. Эта окруж­ность од­но­вре­мен­но опи­са­на во­круг тре­уголь­ни­ков <img src=\"https://ege.sdamgia.ru/formula/svg/65/6506489de63f679df139e0763c1174a6.svg\" class=\"tex\" style=\"vertical-align:-2.5pt\" alt=\"A_1C_1B_1\"> и <img src=\"https://ege.sdamgia.ru/formula/svg/f4/f4f1db62d76d643e8cbbe78169a17700.svg\" class=\"tex\" style=\"vertical-align:-2.5pt\" alt=\"A_1C_1H.\"> Тогда по тео­ре­ме си­ну­сов для каж­до­го из них, имеем:</p><p class=\"left_margin\"></p><center><p><img src=\"https://ege.sdamgia.ru/formula/svg/7c/7cdd4dc546702941d3ba3f4788af3387.svg\" class=\"tex\" style=\"vertical-align:-10.0pt\" alt=\"2R= дробь: чис­ли­тель: HA_1, зна­ме­на­тель: синус \\angle HC_1A_1 конец дроби = дробь: чис­ли­тель: B_1C_1, зна­ме­на­тель: синус \\angle C_1A_1B_1 конец дроби , \"></p><p class=\"left_margin\"></p></center><p>от­ку­да на­хо­дим <img src=\"https://ege.sdamgia.ru/formula/svg/b9/b9a4d2b36211d18a30476151024b3b56.svg\" class=\"tex\" style=\"vertical-align:-8.4pt\" alt=\"HA_1= ко­рень из: на­ча­ло ар­гу­мен­та: 3 конец ар­гу­мен­та дробь: чис­ли­тель: синус 30 гра­ду­сов , зна­ме­на­тель: синус 60 гра­ду­сов конец дроби =1. \"></p><p><b>При­ве­дем дру­гое ре­ше­ние пунк­та а)</b> Так как <img src=\"https://ege.sdamgia.ru/formula/svg/e1/e1759cb81be6aa58e91b35452a7aad3c.svg\" class=\"tex\" style=\"vertical-align:-2.5pt\" alt=\"C_1H\">  — ме­ди­а­на пря­мо­уголь­но­го тре­уголь­ни­ка <i>ABH</i>, тре­уголь­ник <img src=\"https://ege.sdamgia.ru/formula/svg/26/26122737bd377711e26104cc59f786d0.svg\" class=\"tex\" style=\"vertical-align:-2.5pt\" alt=\"BC_1H\"> рав­но­бед­рен­ный, тогда <img src=\"https://ege.sdamgia.ru/formula/svg/af/af05569b9cfde8568baee901c8dc2db1.svg\" class=\"tex\" style=\"vertical-align:-3.0pt\" alt=\"\\angle C_1HB=\\angle C_1BH=75 гра­ду­сов ,\"> от­ку­да <img src=\"https://ege.sdamgia.ru/formula/svg/a3/a305131dc60a9ea9463887f5b416ee2b.svg\" class=\"tex\" style=\"vertical-align:-2.6pt\" alt=\"\\angle C_1HA_1=105 гра­ду­сов .\"> По­сколь­ку <img src=\"https://ege.sdamgia.ru/formula/svg/62/62f474d9306f3a12b7f15e3730ece84b.svg\" class=\"tex\" style=\"vertical-align:-3.0pt\" alt=\"\\angle C_1B_1A_1=\\anglke ABC=75 гра­ду­сов,\"> сумма про­ти­во­по­лож­ных углов че­ты­рех­уголь­ни­ка <img src=\"https://ege.sdamgia.ru/formula/svg/2d/2d0767e050dfbab1136688e5e8d312c9.svg\" class=\"tex\" style=\"vertical-align:-2.5pt\" alt=\"C_1HA_1B_1\"> равна 180°, а зна­чит, он яв­ля­ет­ся впи­сан­ным.</p><p><img src=\"/get_file?id=148544\" style=\"float:right;margin:10px;max-width:100%\"></p><p><b>При­ведём ре­ше­ние пунк­та б) без ис­поль­зо­ва­ния пунк­та а).</b></p><p class=\"left_margin\">Най­дем сто­ро­ну <i>АВ</i> тре­уголь­ни­ка <i>ABC</i> по тео­ре­ме си­ну­сов: </p><p class=\"left_margin\"></p><center><p><img src=\"https://ege.sdamgia.ru/formula/svg/9a/9a773816e079166c41c7ce7855c6c0f0.svg\" class=\"tex\" style=\"vertical-align:-8.4pt\" alt=\" дробь: чис­ли­тель: AB, зна­ме­на­тель: синус C конец дроби = дробь: чис­ли­тель: BC, зна­ме­на­тель: синус A конец дроби рав­но­силь­но AB=2 ко­рень из: на­ча­ло ар­гу­мен­та: 3 конец ар­гу­мен­та дробь: чис­ли­тель: синус 45 гра­ду­сов , зна­ме­на­тель: синус 60 гра­ду­сов конец дроби =2 ко­рень из: на­ча­ло ар­гу­мен­та: 2 конец ар­гу­мен­та . \"></p><p class=\"left_margin\"></p></center><p class=\"left_margin\">Най­дем катет пря­мо­уголь­но­го тре­уголь­ни­ка <i>AHB</i>:</p><p class=\"left_margin\"></p><center><p><img src=\"https://ege.sdamgia.ru/formula/svg/7b/7bb0dabf8ee0d802172fc4884f88645b.svg\" class=\"tex\" style=\"vertical-align:-1.8pt\" alt=\"BH=AB ко­си­нус 75 гра­ду­сов =2 ко­рень из: на­ча­ло ар­гу­мен­та: 2 конец ар­гу­мен­та ко­си­нус 75 гра­ду­сов .\"></p><p class=\"left_margin\"></p></center><p class=\"left_margin\">Тогда длина ис­ко­мо­го от­рез­ка <i>A</i><sub>1</sub><i>H</i>:</p><p class=\"left_margin\"></p><center><p><img src=\"https://ege.sdamgia.ru/formula/svg/75/751a9862f995214d511e29150df6adf9.svg\" class=\"tex\" style=\"vertical-align:-2.6pt\" alt=\"A_1H=BA_1 минус BH= ко­рень из: на­ча­ло ар­гу­мен­та: 3 конец ар­гу­мен­та минус 2 ко­рень из: на­ча­ло ар­гу­мен­та: 2 конец ар­гу­мен­та ко­си­нус 75 гра­ду­сов .\"></p><p class=\"left_margin\"></p></center><p class=\"left_margin\"><b>За­ме­ча­ние.</b> По­ка­жем, что по­лу­чен­ная длина равна 1. Дей­стви­тель­но, по­сколь­ку</p><p class=\"left_margin\"></p><center><p><img src=\"https://ege.sdamgia.ru/formula/svg/33/33290007b593d89345ee9e135227a7bb.svg\" class=\"tex\" style=\"vertical-align:-8.4pt\" alt=\" ко­си­нус 75 гра­ду­сов = ко­си­нус левая круг­лая скоб­ка 45 гра­ду­сов плюс 30 гра­ду­сов пра­вая круг­лая скоб­ка = ко­си­нус 45 гра­ду­сов ко­си­нус 30 гра­ду­сов минус синус 45 гра­ду­сов синус 30 гра­ду­сов = дробь: чис­ли­тель: ко­рень из: на­ча­ло ар­гу­мен­та: 6 конец ар­гу­мен­та минус ко­рень из: на­ча­ло ар­гу­мен­та: 2 конец ар­гу­мен­та , зна­ме­на­тель: 4 конец дроби , \"></p><p class=\"left_margin\"></p></center>имеем:<p class=\"left_margin\"></p><center><p><img src=\"https://ege.sdamgia.ru/formula/svg/96/96e0e7cb5d255a2a9dbdc07497daace5.svg\" class=\"tex\" style=\"vertical-align:-14.4pt\" alt=\"A_1H=BA_1 минус BH= ко­рень из: на­ча­ло ар­гу­мен­та: 3 конец ар­гу­мен­та минус 2 ко­рень из: на­ча­ло ар­гу­мен­та: 2 конец ар­гу­мен­та левая круг­лая скоб­ка дробь: чис­ли­тель: ко­рень из: на­ча­ло ар­гу­мен­та: 6 конец ар­гу­мен­та , зна­ме­на­тель: 4 конец дроби минус дробь: чис­ли­тель: ко­рень из: на­ча­ло ар­гу­мен­та: 2 конец ар­гу­мен­та , зна­ме­на­тель: 4 конец дроби пра­вая круг­лая скоб­ка = ко­рень из: на­ча­ло ар­гу­мен­та: 3 конец ар­гу­мен­та минус левая круг­лая скоб­ка ко­рень из: на­ча­ло ар­гу­мен­та: 3 конец ар­гу­мен­та минус 1 пра­вая круг­лая скоб­ка =1. \"></p><p class=\"left_margin\"></p></center><p>&nbsp;</p><p><span style=\"letter-spacing: 2px;\">Ответ:</span> б) 1.</p></div>",
        "image_urls": [
            "https://ege.sdamgia.ru/formula/svg/e1/e1759cb81be6aa58e91b35452a7aad3c.svg",
            "https://ege.sdamgia.ru/formula/svg/03/036c7e48f9a64d1b0f4a6cff603f501e.svg",
            "https://ege.sdamgia.ru/formula/svg/de/deeade61e3edb3a8c3256fded2afb577.svg",
            "https://ege.sdamgia.ru/formula/svg/2d/2d0767e050dfbab1136688e5e8d312c9.svg",
            "https://ege.sdamgia.ru/formula/svg/fc/fca41dd7c72d3ec01237028ba2ded3df.svg",
            "https://ege.sdamgia.ru/formula/svg/76/767dcc884dbd5b227f5f380c20a96fa2.svg",
            "https://ege.sdamgia.ru/formula/svg/14/143237d62ae502900c3843d29a31133d.svg",
            "https://ege.sdamgia.ru/formula/svg/ea/ea2dd54aa27a7fea9a5d2b009b926614.svg",
            "https://ege.sdamgia.ru/formula/svg/c3/c3e0ac5694aad4cfa943eb3cba15825c.svg",
            "https://ege.sdamgia.ru/formula/svg/65/6506489de63f679df139e0763c1174a6.svg",
            "https://ege.sdamgia.ru/formula/svg/f4/f4f1db62d76d643e8cbbe78169a17700.svg",
            "https://ege.sdamgia.ru/formula/svg/7c/7cdd4dc546702941d3ba3f4788af3387.svg",
            "https://ege.sdamgia.ru/formula/svg/b9/b9a4d2b36211d18a30476151024b3b56.svg",
            "https://ege.sdamgia.ru/formula/svg/e1/e1759cb81be6aa58e91b35452a7aad3c.svg",
            "https://ege.sdamgia.ru/formula/svg/26/26122737bd377711e26104cc59f786d0.svg",
            "https://ege.sdamgia.ru/formula/svg/af/af05569b9cfde8568baee901c8dc2db1.svg",
            "https://ege.sdamgia.ru/formula/svg/a3/a305131dc60a9ea9463887f5b416ee2b.svg",
            "https://ege.sdamgia.ru/formula/svg/62/62f474d9306f3a12b7f15e3730ece84b.svg",
            "https://ege.sdamgia.ru/formula/svg/2d/2d0767e050dfbab1136688e5e8d312c9.svg",
            "https://ege.sdamgia.ru/formula/svg/9a/9a773816e079166c41c7ce7855c6c0f0.svg",
            "https://ege.sdamgia.ru/formula/svg/7b/7bb0dabf8ee0d802172fc4884f88645b.svg",
            "https://ege.sdamgia.ru/formula/svg/75/751a9862f995214d511e29150df6adf9.svg",
            "https://ege.sdamgia.ru/formula/svg/33/33290007b593d89345ee9e135227a7bb.svg",
            "https://ege.sdamgia.ru/formula/svg/96/96e0e7cb5d255a2a9dbdc07497daace5.svg",
            "/get_file?id=148485",
            "/get_file?id=148545",
            "/get_file?id=148544"
        ]
    },
    "answer": "б) 1.",
    "topic_id": 17,
    "analog_ids": []
}