{
    "gia_type": "ege",
    "subject": "math",
    "id": 520192,
    "condition": {
        "text": "Точка I  — центр окружности S1, вписанной в треугольник ABC, точка O  — центр окружности S2, описанной около треугольника BIC.а)  Докажите, что точка O лежит на окружности, описанной около треугольника ABC.б)  Найдите косинус угла BAC, если радиус описанной окружности треугольника ABC относится к радиусу окружности S2 как 3:5.",
        "html": "<div align=\"justify\" width=\"100%\" id=\"body630524\" class=\"pbody\"><p class=\"left_margin\">Точка <i>I</i>  — центр окруж­но­сти <i>S</i><sub>1</sub>, впи­сан­ной в тре­уголь­ник <i>ABC</i>, точка <i>O</i>  — центр окруж­но­сти <i>S</i><sub>2</sub>, опи­сан­ной около тре­уголь­ни­ка <i>BIC</i>.</p><p class=\"left_margin\">а)  До­ка­жи­те, что точка <i>O</i> лежит на окруж­но­сти, опи­сан­ной около тре­уголь­ни­ка <i>ABC</i>.</p><p class=\"left_margin\">б)  Най­ди­те ко­си­нус угла <i>BAC</i>, если ра­ди­ус опи­сан­ной окруж­но­сти тре­уголь­ни­ка <i>ABC</i> от­но­сит­ся к ра­ди­у­су окруж­но­сти <i>S</i><sub>2</sub> как 3:5.</p></div>",
        "image_urls": []
    },
    "solution": {
        "text": "Решение. а)  Обозначим  Поскольку I  — точка пересечения биссектрис треугольника ABC , получаем, что  Дуга BC окружности S2, не содержащая точки I, вдвое больше вписанного в эту окружность угла BIC, т. е. равна 180° + α. Значит, дуга BIC окружности S2 равна  Сумма углов при вершинах A и O четырехугольника ABOC равна 180°, значит, этот четырехугольник вписанный. Следовательно, точка O лежит на окружности, описанной около треугольника ABC.б)  Пусть r и R  — радиусы описанной окружности треугольника ABC и окружности S2 соответственно. По теореме синусов:Значит,откуда  Следовательно,  Ответ: ",
        "html": "<div align=\"justify\" width=\"100%\" id=\"sol520192\" class=\"solution\" style=\"clear:both;\" class=\"pbody\"><p class=\"left_margin\"></p><b>Ре­ше­ние<!--rule_info-->. </b><p class=\"left_margin\"><img src=\"/get_file?id=148615\" style=\"float:right;margin:10px;max-width:100%\"></p><p class=\"left_margin\">а)  Обо­зна­чим <img src=\"https://ege.sdamgia.ru/formula/svg/4c/4c7e037fd99110252e3e60d11819c628.svg\" class=\"tex\" style=\"vertical-align:-1.8pt\" alt=\"\\angle BAC= альфа .\"> По­сколь­ку <i>I</i>  — точка пе­ре­се­че­ния бис­сек­трис тре­уголь­ни­ка <i>ABC</i> , по­лу­ча­ем, что <img src=\"https://ege.sdamgia.ru/formula/svg/c3/c3a6bf80fd8677c790947163c5164a18.svg\" class=\"tex\" style=\"vertical-align:-8.4pt\" alt=\"\\angle BIC=90 гра­ду­сов плюс дробь: чис­ли­тель: альфа , зна­ме­на­тель: 2 конец дроби . \"> Дуга <i>BC</i> окруж­но­сти <i>S</i><sub>2</sub>, не со­дер­жа­щая точки <i>I</i>, вдвое боль­ше впи­сан­но­го в эту окруж­ность угла <i>BIC</i>, т. е. равна <nobr>180° + α.</nobr> Зна­чит, дуга <i>BIC</i> окруж­но­сти <i>S</i><sub>2</sub> равна <img src=\"https://ege.sdamgia.ru/formula/svg/12/1259e930cbb94cae218483a8fce6db7b.svg\" class=\"tex\" style=\"vertical-align:-3.6pt\" alt=\"360 гра­ду­сов минус левая круг­лая скоб­ка 180 гра­ду­сов плюс альфа пра­вая круг­лая скоб­ка =180 гра­ду­сов минус альфа .\"> Сумма углов при вер­ши­нах <i>A</i> и <i>O</i> че­ты­рех­уголь­ни­ка <i>ABOC</i> равна 180°, зна­чит, этот че­ты­рех­уголь­ник впи­сан­ный. Сле­до­ва­тель­но, точка <i>O</i> лежит на окруж­но­сти, опи­сан­ной около тре­уголь­ни­ка <i>ABC</i>.</p><p class=\"left_margin\">б)  Пусть <i>r</i> и <i>R</i>  — ра­ди­у­сы опи­сан­ной окруж­но­сти тре­уголь­ни­ка <i>ABC</i> и окруж­но­сти <i>S</i><sub>2</sub> со­от­вет­ствен­но. По тео­ре­ме си­ну­сов:</p><p class=\"left_margin\"></p><center><p><img src=\"https://ege.sdamgia.ru/formula/svg/67/67d3ef813f5af3bb9158ae614936fee9.svg\" class=\"tex\" style=\"vertical-align:-12.7pt\" alt=\"r= дробь: чис­ли­тель: BC, зна­ме­на­тель: 2 синус альфа конец дроби , R= дробь: чис­ли­тель: BC, зна­ме­на­тель: 2 синус левая круг­лая скоб­ка 90 гра­ду­сов плюс дробь: чис­ли­тель: альфа , зна­ме­на­тель: 2 конец дроби пра­вая круг­лая скоб­ка конец дроби = дробь: чис­ли­тель: BC, зна­ме­на­тель: 2 ко­си­нус дробь: чис­ли­тель: альфа , зна­ме­на­тель: 2 конец дроби конец дроби . \"></p><p class=\"left_margin\"></p></center><p class=\"left_margin\">Зна­чит,</p><p class=\"left_margin\"></p><center><p><img src=\"https://ege.sdamgia.ru/formula/svg/a3/a3e4897af273f15efce2962922c4a312.svg\" class=\"tex\" style=\"vertical-align:-15.9pt\" alt=\" дробь: чис­ли­тель: 3, зна­ме­на­тель: 5 конец дроби = дробь: чис­ли­тель: r, зна­ме­на­тель: R конец дроби = дробь: чис­ли­тель: дробь: чис­ли­тель: BC, зна­ме­на­тель: 2 синус альфа конец дроби , зна­ме­на­тель: дробь: чис­ли­тель: BC, зна­ме­на­тель: 2 ко­си­нус дробь: чис­ли­тель: альфа , зна­ме­на­тель: 2 конец дроби конец дроби конец дроби }= дробь: чис­ли­тель: ко­си­нус дробь: чис­ли­тель: альфа , зна­ме­на­тель: 2 конец дроби , зна­ме­на­тель: синус альфа конец дроби = дробь: чис­ли­тель: ко­си­нус дробь: чис­ли­тель: альфа , зна­ме­на­тель: 2 конец дроби , зна­ме­на­тель: 2 синус дробь: чис­ли­тель: альфа , зна­ме­на­тель: 2 конец дроби ко­си­нус дробь: чис­ли­тель: альфа , зна­ме­на­тель: 2 конец дроби конец дроби = дробь: чис­ли­тель: 1, зна­ме­на­тель: 2 синус дробь: чис­ли­тель: альфа , зна­ме­на­тель: 2 конец дроби конец дроби , \"></p><p class=\"left_margin\"></p></center><p>от­ку­да <img src=\"https://ege.sdamgia.ru/formula/svg/31/31dd464e1f537765d9660a45c5be9783.svg\" class=\"tex\" style=\"vertical-align:-8.4pt\" alt=\" синус дробь: чис­ли­тель: альфа , зна­ме­на­тель: 2 конец дроби = дробь: чис­ли­тель: 5, зна­ме­на­тель: 6 конец дроби . \"> Сле­до­ва­тель­но, <img src=\"https://ege.sdamgia.ru/formula/svg/c8/c89d17d49711aa4e58d24b239cb5d6a0.svg\" class=\"tex\" style=\"vertical-align:-8.4pt\" alt=\" ко­си­нус альфа =1 минус 2 синус в квад­ра­те дробь: чис­ли­тель: альфа , зна­ме­на­тель: 2 конец дроби =1 минус 2 умно­жить на дробь: чис­ли­тель: 25, зна­ме­на­тель: 36 конец дроби = минус дробь: чис­ли­тель: 7, зна­ме­на­тель: 18 конец дроби . \"></p><p>&nbsp;</p><p><span style=\"letter-spacing: 2px;\">Ответ:</span> <img src=\"https://ege.sdamgia.ru/formula/svg/24/24d1412ade853f628cb00ce9128c1b49.svg\" class=\"tex\" style=\"vertical-align:-8.5pt\" alt=\" минус дробь: чис­ли­тель: 7, зна­ме­на­тель: 18 конец дроби . \"></p></div>",
        "image_urls": [
            "https://ege.sdamgia.ru/formula/svg/4c/4c7e037fd99110252e3e60d11819c628.svg",
            "https://ege.sdamgia.ru/formula/svg/c3/c3a6bf80fd8677c790947163c5164a18.svg",
            "https://ege.sdamgia.ru/formula/svg/12/1259e930cbb94cae218483a8fce6db7b.svg",
            "https://ege.sdamgia.ru/formula/svg/67/67d3ef813f5af3bb9158ae614936fee9.svg",
            "https://ege.sdamgia.ru/formula/svg/a3/a3e4897af273f15efce2962922c4a312.svg",
            "https://ege.sdamgia.ru/formula/svg/31/31dd464e1f537765d9660a45c5be9783.svg",
            "https://ege.sdamgia.ru/formula/svg/c8/c89d17d49711aa4e58d24b239cb5d6a0.svg",
            "https://ege.sdamgia.ru/formula/svg/24/24d1412ade853f628cb00ce9128c1b49.svg",
            "/get_file?id=148615"
        ]
    },
    "answer": "",
    "topic_id": 17,
    "analog_ids": [
        520192,
        520211
    ]
}