{
    "gia_type": "ege",
    "subject": "math",
    "id": 523378,
    "condition": {
        "text": "Дан треугольник ABC со сторонами  и  Точки M и N  — середины сторон AB и AC соответственно. а)  Докажите, что окружность, вписанная в треугольник ABC, касается одной из средних линий.б)  Найдите общую хорду окружностей, одна из которых вписана в треугольник ABC, а вторая описана около треугольника AMN.",
        "html": "<div align=\"justify\" width=\"100%\" id=\"body627342\" class=\"pbody\"><p class=\"left_margin\">Дан тре­уголь­ник <i>ABC</i> со сто­ро­на­ми <img src=\"https://ege.sdamgia.ru/formula/svg/46/46f28eaa58040b7d494f2aec59ac4734.svg\" class=\"tex\" style=\"vertical-align:-3.0pt\" alt=\"AB=20,AC=12\"> и <img src=\"https://ege.sdamgia.ru/formula/svg/19/199ee48ee16614412c50db43e4353dff.svg\" class=\"tex\" style=\"vertical-align:-1.8pt\" alt=\"BC=16.\"> Точки <i>M</i> и <i>N</i>  — се­ре­ди­ны сто­рон <i>AB</i> и <i>AC</i> со­от­вет­ствен­но. </p><p class=\"left_margin\">а)  До­ка­жи­те, что окруж­ность, впи­сан­ная в тре­уголь­ник <i>ABC</i>, ка­са­ет­ся одной из сред­них линий.</p><p class=\"left_margin\">б)  Най­ди­те общую хорду окруж­но­стей, одна из ко­то­рых впи­са­на в тре­уголь­ник <i>ABC</i>, а вто­рая опи­са­на около тре­уголь­ни­ка <i>AMN</i>.</p></div>",
        "image_urls": [
            "https://ege.sdamgia.ru/formula/svg/46/46f28eaa58040b7d494f2aec59ac4734.svg",
            "https://ege.sdamgia.ru/formula/svg/19/199ee48ee16614412c50db43e4353dff.svg"
        ]
    },
    "solution": {
        "text": "Решение. а)  Из теоремы, обратной теореме Пифагора, следует, что треугольник ABC прямоугольный с прямым углом при вершине C. Пусть радиус его вписанной окружности равен r. ТогдаПусть K  — середина катета BC. Тогда расстояние между прямыми KM и AC равно длине отрезка MN, то есть 8. Значит, расстояние между этими прямыми равно диаметру вписанной в треугольник ABC окружности. Следовательно, эта окружность касается средней линии KM.б)  Треугольник AMN прямоугольный с прямым углом при вершине N, значит, центр описанной окружности треугольника AMN  — середина Q отрезка AM, а радиус равен 5. Пусть вписанная окружность треугольника ABC касается сторон AB и AC в точках E и F соответственно. ТогдаПусть L  — одна из точек пересечения рассматриваемых окружностей. Общая хорда пересекающихся окружностей перпендикулярна линии центров и делится ею пополам, значит, искомое расстояние равно удвоенной высоте LH треугольника OLQ со сторонами  и  проведённой из вершины L. Высота QT этого равнобедренного треугольника, опущенная на основание, является медианой, значит,ПоэтомуСледовательно, искомое расстояние равно  Ответ: ",
        "html": "<div align=\"justify\" width=\"100%\" id=\"sol523378\" class=\"solution\" style=\"clear:both;\" class=\"pbody\"><p class=\"left_margin\"></p><b>Ре­ше­ние<!--rule_info-->. </b><p class=\"left_margin\"><img src=\"/get_file?id=145855\" style=\"float:right;margin:10px;max-width:100%\"></p><p class=\"left_margin\">а)  Из тео­ре­мы, об­рат­ной тео­ре­ме Пи­фа­го­ра, сле­ду­ет, что тре­уголь­ник <i>ABC</i> пря­мо­уголь­ный с пря­мым углом при вер­ши­не <i>C</i>. Пусть ра­ди­ус его впи­сан­ной окруж­но­сти равен <i>r.</i> Тогда</p><p class=\"left_margin\"></p><center><p><img src=\"https://ege.sdamgia.ru/formula/svg/eb/eb8b09a5f8c7f954829da0b62ba02bed.svg\" class=\"tex\" style=\"vertical-align:-8.3pt\" alt=\"r= дробь: чис­ли­тель: AC плюс BC минус AB, зна­ме­на­тель: 2 конец дроби = дробь: чис­ли­тель: 12 плюс 16 минус 20, зна­ме­на­тель: 2 конец дроби =4. \"></p><p class=\"left_margin\"></p></center><p class=\"left_margin\">Пусть <i>K</i>  — се­ре­ди­на ка­те­та <i>BC</i>. Тогда рас­сто­я­ние между пря­мы­ми <i>KM</i> и <i>AC</i> равно длине от­рез­ка <i>MN</i>, то есть 8. Зна­чит, рас­сто­я­ние между этими пря­мы­ми равно диа­мет­ру впи­сан­ной в тре­уголь­ник <i>ABC</i> окруж­но­сти. Сле­до­ва­тель­но, эта окруж­ность ка­са­ет­ся сред­ней линии <i>KM</i>.</p><p class=\"left_margin\">б)  Тре­уголь­ник <i>AMN</i> пря­мо­уголь­ный с пря­мым углом при вер­ши­не <i>N</i>, зна­чит, центр опи­сан­ной окруж­но­сти тре­уголь­ни­ка <i>AMN</i>  — се­ре­ди­на <i>Q</i> от­рез­ка <i>AM</i>, а ра­ди­ус равен 5. Пусть впи­сан­ная окруж­ность тре­уголь­ни­ка <i>ABC</i> ка­са­ет­ся сто­рон <i>AB</i> и <i>AC</i> в точ­ках <i>E</i> и <i>F</i> со­от­вет­ствен­но. Тогда</p><p class=\"left_margin\"></p><center><p><span data-width=\"640\" data-formulahash=\"3dd22f2d1637247d027d9f04a6b451b0\" class=\"tex-span\" style=\"\"><img src=\"https://ege.sdamgia.ru/formula/svg/40/40eb1a63807f8d5a0272a69048784153.svg\" class=\"tex\" style=\"vertical-align:-3.0pt\" alt=\"CF=r=4,AE=AF=AC минус CF=12 минус 4=8,EQ=\"><br><img src=\"https://ege.sdamgia.ru/formula/svg/a4/a4fa63a0e411e0c7cd041d286d27b302.svg\" class=\"tex\" style=\"vertical-align:-3.1pt\" alt=\"=AE минус AQ=8 минус 5=3, OQ= ко­рень из: на­ча­ло ар­гу­мен­та: OE в квад­ра­те плюс EQ в квад­ра­те конец ар­гу­мен­та = ко­рень из: на­ча­ло ар­гу­мен­та: 4 в квад­ра­те плюс 3 в квад­ра­те конец ар­гу­мен­та =5.\"></span><span data-width=\"440\" data-formulahash=\"3dd22f2d1637247d027d9f04a6b451b0\" class=\"tex-span\" style=\"display:none\"><img src=\"https://ege.sdamgia.ru/formula/svg/cb/cb7bd7fa926235ef31eb8bb93ac4552a.svg\" class=\"tex\" style=\"vertical-align:-3.0pt\" alt=\"CF=r=4,AE=AF=AC минус CF=\"><br><img src=\"https://ege.sdamgia.ru/formula/svg/5f/5ff712949cec618e8567e32d4003f76a.svg\" class=\"tex\" style=\"vertical-align:-3.0pt\" alt=\"=12 минус 4=8,EQ=AE минус AQ=8 минус 5=\"><br><img src=\"https://ege.sdamgia.ru/formula/svg/dc/dc0b3152940ffd75a326822585e3f6b0.svg\" class=\"tex\" style=\"vertical-align:-3.1pt\" alt=\"=3, OQ= ко­рень из: на­ча­ло ар­гу­мен­та: OE в квад­ра­те плюс EQ в квад­ра­те конец ар­гу­мен­та = ко­рень из: на­ча­ло ар­гу­мен­та: 4 в квад­ра­те плюс 3 в квад­ра­те конец ар­гу­мен­та =5.\"></span></p><p class=\"left_margin\"></p></center><p class=\"left_margin\">Пусть <i>L</i>  — одна из точек пе­ре­се­че­ния рас­смат­ри­ва­е­мых окруж­но­стей. Общая хорда пе­ре­се­ка­ю­щих­ся окруж­но­стей пер­пен­ди­ку­ляр­на линии цен­тров и де­лит­ся ею по­по­лам, зна­чит, ис­ко­мое рас­сто­я­ние равно удво­ен­ной вы­со­те <i>LH</i> тре­уголь­ни­ка <i>OLQ</i> со сто­ро­на­ми <img src=\"https://ege.sdamgia.ru/formula/svg/42/42a1cbb0c94a3f7839df8127c69706a5.svg\" class=\"tex\" style=\"vertical-align:-3.0pt\" alt=\"OQ=5,OL=4\"> и <img src=\"https://ege.sdamgia.ru/formula/svg/81/81efba308d6019b629dab757c48203c6.svg\" class=\"tex\" style=\"vertical-align:-3.0pt\" alt=\"QL=5,\"> про­ведённой из вер­ши­ны <i>L</i>. Вы­со­та <i>QT</i> этого рав­но­бед­рен­но­го тре­уголь­ни­ка, опу­щен­ная на ос­но­ва­ние, яв­ля­ет­ся ме­ди­а­ной, зна­чит,</p><p class=\"left_margin\"></p><center><p><img src=\"https://ege.sdamgia.ru/formula/svg/40/40be843f736af00e4b4698b1d9c53660.svg\" class=\"tex\" style=\"vertical-align:-3.1pt\" alt=\"QT= ко­рень из: на­ча­ло ар­гу­мен­та: LQ в квад­ра­те минус LT в квад­ра­те конец ар­гу­мен­та = ко­рень из: на­ча­ло ар­гу­мен­та: 25 минус 4 конец ар­гу­мен­та = ко­рень из: на­ча­ло ар­гу­мен­та: 21 конец ар­гу­мен­та .\"></p><p class=\"left_margin\"></p></center><p class=\"left_margin\">По­это­му</p><p class=\"left_margin\"></p><center><p><img src=\"https://ege.sdamgia.ru/formula/svg/ec/ec7cf3ebdc08b8b406d26941f1c484db.svg\" class=\"tex\" style=\"vertical-align:-10.6pt\" alt=\"LH= дробь: чис­ли­тель: OL умно­жить на QT, зна­ме­на­тель: OQ конец дроби = дробь: чис­ли­тель: 4 ко­рень из: на­ча­ло ар­гу­мен­та: 21 конец ар­гу­мен­та , зна­ме­на­тель: 5 конец дроби . \"></p><p class=\"left_margin\"></p></center><p class=\"left_margin\">Сле­до­ва­тель­но, ис­ко­мое рас­сто­я­ние равно <img src=\"https://ege.sdamgia.ru/formula/svg/30/300634dd5d38524b36f94bf07d88ed5d.svg\" class=\"tex\" style=\"vertical-align:-8.5pt\" alt=\" дробь: чис­ли­тель: 8 ко­рень из: на­ча­ло ар­гу­мен­та: 21 конец ар­гу­мен­та , зна­ме­на­тель: 5 конец дроби . \"></p><p>&nbsp;</p><p><span style=\"letter-spacing: 2px;\">Ответ:</span> <img src=\"https://ege.sdamgia.ru/formula/svg/30/300634dd5d38524b36f94bf07d88ed5d.svg\" class=\"tex\" style=\"vertical-align:-8.5pt\" alt=\" дробь: чис­ли­тель: 8 ко­рень из: на­ча­ло ар­гу­мен­та: 21 конец ар­гу­мен­та , зна­ме­на­тель: 5 конец дроби . \"></p></div>",
        "image_urls": [
            "https://ege.sdamgia.ru/formula/svg/eb/eb8b09a5f8c7f954829da0b62ba02bed.svg",
            "https://ege.sdamgia.ru/formula/svg/40/40eb1a63807f8d5a0272a69048784153.svg",
            "https://ege.sdamgia.ru/formula/svg/a4/a4fa63a0e411e0c7cd041d286d27b302.svg",
            "https://ege.sdamgia.ru/formula/svg/cb/cb7bd7fa926235ef31eb8bb93ac4552a.svg",
            "https://ege.sdamgia.ru/formula/svg/5f/5ff712949cec618e8567e32d4003f76a.svg",
            "https://ege.sdamgia.ru/formula/svg/dc/dc0b3152940ffd75a326822585e3f6b0.svg",
            "https://ege.sdamgia.ru/formula/svg/42/42a1cbb0c94a3f7839df8127c69706a5.svg",
            "https://ege.sdamgia.ru/formula/svg/81/81efba308d6019b629dab757c48203c6.svg",
            "https://ege.sdamgia.ru/formula/svg/40/40be843f736af00e4b4698b1d9c53660.svg",
            "https://ege.sdamgia.ru/formula/svg/ec/ec7cf3ebdc08b8b406d26941f1c484db.svg",
            "https://ege.sdamgia.ru/formula/svg/30/300634dd5d38524b36f94bf07d88ed5d.svg",
            "https://ege.sdamgia.ru/formula/svg/30/300634dd5d38524b36f94bf07d88ed5d.svg",
            "/get_file?id=145855"
        ]
    },
    "answer": "",
    "topic_id": 17,
    "analog_ids": [
        523378,
        523403
    ]
}