{
    "gia_type": "ege",
    "subject": "math",
    "id": 525071,
    "condition": {
        "text": "Дан треугольник ABC со сторонами AC  =  30, BC  =  40 и AB  =  50. Вписанная в него окружность с центром I касается стороны BC в точке L, M  — середина BC, AP  — биссектриса треугольника ABC, O  — центр описанной около него окружности.а)  Докажите, что P  — середина отрезка LM.б)  Пусть прямые OI и AC пересекаются в точке K, а продолжение биссектрисы AP пересекает описанную окружность в точке Q. Найдите площадь четырёхугольника OKCQ.",
        "html": "<div align=\"justify\" width=\"100%\" id=\"body421363\" class=\"pbody\"><p class=\"left_margin\">Дан тре­уголь­ник <i>ABC</i> со сто­ро­на­ми <i>AC</i>  =  30, <i>BC</i>  =  40 и <i>AB</i>  =  50. Впи­сан­ная в него окруж­ность с цен­тром <i>I</i> ка­са­ет­ся сто­ро­ны <i>BC</i> в точке <i>L</i>, <i>M</i>  — се­ре­ди­на <i>BC</i>, <i>AP</i>  — бис­сек­три­са тре­уголь­ни­ка <i>ABC</i>, <i>O</i>  — центр опи­сан­ной около него окруж­но­сти.</p><p class=\"left_margin\">а)  До­ка­жи­те, что <i>P</i>  — се­ре­ди­на от­рез­ка <i>LM</i>.</p><p class=\"left_margin\">б)  Пусть пря­мые <i>OI</i> и <i>AC</i> пе­ре­се­ка­ют­ся в точке <i>K</i>, а про­дол­же­ние бис­сек­три­сы <i>AP</i> пе­ре­се­ка­ет опи­сан­ную окруж­ность в точке <i>Q</i>. Най­ди­те пло­щадь четырёхуголь­ни­ка <i>OKCQ</i>.</p></div>",
        "image_urls": []
    },
    "solution": {
        "text": "Решение. а)  Из теоремы, обратной теореме Пифагора, следует, что треугольник ABC прямоугольный с прямым углом при вершине C. Пусть D  — точка касания вписанной окружности треугольника с катетом AC, r  — радиус этой окружности. Тогда CDIL  — квадрат, поэтомуПо свойству биссектрисы треугольника  поэтому Значит, Следовательно, LP  =  PM, что и требовалось доказать.б)  Центр O окружности, описанной около прямоугольного треугольника,  — середина гипотенузы, а так как точка Q  — середина дуги BC описанной окружности этого треугольника, точки Q, M и O лежат на серединном перпендикуляре к катету BC.Пусть F  — проекция точки I на среднюю линию OM треугольника ABC. ТогдаОтрезок CI  — биссектриса треугольника ACP, поэтому  Значит,Треугольник AIO прямоугольный с прямым углом при вершине I, так какпоэтому отрезок AI перпендикулярен отрезку OK, то есть биссектриса AI треугольника OAK является его высотой. Значит, AO  =  AK  =  25.Четырёхугольник OKCQ  — трапеция с основаниями CK  =  AC − AK  =  5, OQ  =  OA  =  OB  =  25 и высотой  Следовательно,  Ответ: б) 300. Примечание.Доказательство того, что отрезок AI перпендикулярен отрезку OK, может быть таким. Середина L отрезка CM  — проекция точки I на прямую BC, а отрезок CM  — проекция отрезка AQ на эту прямую. Значит, I  — середина хорды AQ описанной окружности треугольника ABC. Следовательно, отрезок AI перпендикулярен отрезку OK.",
        "html": "<div align=\"justify\" width=\"100%\" id=\"sol525071\" class=\"solution\" style=\"clear:both;\" class=\"pbody\"><p class=\"left_margin\"></p><b>Ре­ше­ние<!--rule_info-->. </b><p class=\"left_margin\"><img src=\"/get_file?id=148617\" style=\"float:right;margin:10px;max-width:100%\"></p><p class=\"left_margin\">а)  Из тео­ре­мы, об­рат­ной тео­ре­ме Пи­фа­го­ра, сле­ду­ет, что тре­уголь­ник <i>ABC</i> пря­мо­уголь­ный с пря­мым углом при вер­ши­не <i>C</i>. Пусть <i>D</i>  — точка ка­са­ния впи­сан­ной окруж­но­сти тре­уголь­ни­ка с ка­те­том <i>AC</i>, <i>r</i>  — ра­ди­ус этой окруж­но­сти. Тогда <i>CDIL</i>  — квад­рат, по­это­му</p><p class=\"left_margin\"></p><center><p><img src=\"https://ege.sdamgia.ru/formula/svg/03/03857270121c282db9b879576d1348ce.svg\" class=\"tex\" style=\"vertical-align:-8.3pt\" alt=\"CL=IL=r= дробь: чис­ли­тель: AC плюс BC минус AB, зна­ме­на­тель: 2 конец дроби =10. \"></p><p class=\"left_margin\"></p></center><p class=\"left_margin\">По свой­ству бис­сек­три­сы тре­уголь­ни­ка <img src=\"https://ege.sdamgia.ru/formula/svg/2b/2b84ab2974a01ca06f19e3c23166a134.svg\" class=\"tex\" style=\"vertical-align:-3.0pt\" alt=\"CP:PB=AC:AB=3:5,\"> по­это­му <img src=\"https://ege.sdamgia.ru/formula/svg/e9/e92d34c865aca5ddd4413f3f03e84eef.svg\" class=\"tex\" style=\"vertical-align:-8.5pt\" alt=\"CP= дробь: чис­ли­тель: 3, зна­ме­на­тель: 8 конец дроби BC=15.\"></p><p class=\"left_margin\">Зна­чит,</p><p class=\"left_margin\"></p><center><p><img src=\"https://ege.sdamgia.ru/formula/svg/dd/ddf3bd98ae9e0d88f34407528ce198ef.svg\" class=\"tex\" style=\"vertical-align:-3.0pt\" alt=\"LP=CP минус CL=5,\"> <img src=\"https://ege.sdamgia.ru/formula/svg/37/37bb28e0c62a3e436b239410520ee529.svg\" class=\"tex\" style=\"vertical-align:-1.8pt\" alt=\"PM=CM минус CP=5.\"></p><p class=\"left_margin\"></p></center><p class=\"left_margin\">Сле­до­ва­тель­но, <i>LP</i>  =  <i>PM</i>, что и тре­бо­ва­лось до­ка­зать.</p><p class=\"left_margin\">б)  Центр <i>O</i> окруж­но­сти, опи­сан­ной около пря­мо­уголь­но­го тре­уголь­ни­ка,  — се­ре­ди­на ги­по­те­ну­зы, а так как точка <i>Q</i>  — се­ре­ди­на дуги <i>BC</i> опи­сан­ной окруж­но­сти этого тре­уголь­ни­ка, точки <i>Q</i>, <i>M</i> и <i>O</i> лежат на се­ре­дин­ном пер­пен­ди­ку­ля­ре к ка­те­ту <i>BC</i>.</p><p class=\"left_margin\">Пусть <i>F</i>  — про­ек­ция точки <i>I</i> на сред­нюю линию <i>OM</i> тре­уголь­ни­ка <i>ABC</i>. Тогда</p><p class=\"left_margin\"></p><center><p><img src=\"https://ege.sdamgia.ru/formula/svg/45/4520e347c36d1fe3a84ca611c14d1dd1.svg\" class=\"tex\" style=\"vertical-align:-3.0pt\" alt=\"OF=OM минус FM=OM минус IL=5,\"></p><p><img src=\"https://ege.sdamgia.ru/formula/svg/50/50807ebd2ffe7ce851070c53e8008436.svg\" class=\"tex\" style=\"vertical-align:-2.5pt\" alt=\"OI= ко­рень из: на­ча­ло ар­гу­мен­та: OF в квад­ра­те плюс IF в квад­ра­те конец ар­гу­мен­та = ко­рень из: на­ча­ло ар­гу­мен­та: OF в квад­ра­те плюс LM в квад­ра­те конец ар­гу­мен­та =5 ко­рень из 5 .\"></p><p class=\"left_margin\"></p></center><p class=\"left_margin\">От­ре­зок <i>CI</i>  — бис­сек­три­са тре­уголь­ни­ка <i>ACP</i>, по­это­му <img src=\"https://ege.sdamgia.ru/formula/svg/d5/d5c1c11315a49d6a5b7440b3a59b527b.svg\" class=\"tex\" style=\"vertical-align:-1.8pt\" alt=\"AI:IP=AC:CP=2:1.\"> Зна­чит,</p><p class=\"left_margin\"></p><center><p><img src=\"https://ege.sdamgia.ru/formula/svg/1c/1c56563834fdda72ff240fd24b47adac.svg\" class=\"tex\" style=\"vertical-align:-8.5pt\" alt=\"AI= дробь: чис­ли­тель: 2, зна­ме­на­тель: 3 конец дроби AP= дробь: чис­ли­тель: 2, зна­ме­на­тель: 3 конец дроби ко­рень из: на­ча­ло ар­гу­мен­та: AC в квад­ра­те плюс CP в квад­ра­те конец ар­гу­мен­та =10 ко­рень из 5 .\"></p><p class=\"left_margin\"></p></center><p class=\"left_margin\">Тре­уголь­ник <i>AIO</i> пря­мо­уголь­ный с пря­мым углом при вер­ши­не <i>I</i>, так как</p><p class=\"left_margin\"></p><center><p><img src=\"https://ege.sdamgia.ru/formula/svg/96/96df7ec38da55358fc0a6bca2e3a0678.svg\" class=\"tex\" style=\"vertical-align:-3.6pt\" alt=\"AO в квад­ра­те =625=125 плюс 500= левая круг­лая скоб­ка 5 ко­рень из 5 пра­вая круг­лая скоб­ка в квад­ра­те плюс левая круг­лая скоб­ка 10 ко­рень из 5 пра­вая круг­лая скоб­ка в квад­ра­те =OI в квад­ра­те плюс AI в квад­ра­те ,\"></p><p class=\"left_margin\"></p></center><p>по­это­му от­ре­зок <i>AI</i> пер­пен­ди­ку­ля­рен от­рез­ку <i>OK</i>, то есть бис­сек­три­са <i>AI</i> тре­уголь­ни­ка <i>OAK</i> яв­ля­ет­ся его вы­со­той. Зна­чит, <i>AO</i>  =  <i>AK</i>  =  25.</p><p class=\"left_margin\">Четырёхуголь­ник <i>OKCQ</i>  — тра­пе­ция с ос­но­ва­ни­я­ми <i>CK</i>  =  <i>AC</i> − <i>AK</i>  =  5, <i>OQ</i>  =  <i>OA</i>  =  <i>OB</i>  =  25 и вы­со­той <img src=\"https://ege.sdamgia.ru/formula/svg/cd/cd645e7b376c37e027363a85cec6d8f9.svg\" class=\"tex\" style=\"vertical-align:-8.4pt\" alt=\"CM= дробь: чис­ли­тель: 1, зна­ме­на­тель: 2 конец дроби BC=20.\"> Сле­до­ва­тель­но, <img src=\"https://ege.sdamgia.ru/formula/svg/39/39d4d1890ea6f92252a71e80a689d6f3.svg\" class=\"tex\" style=\"vertical-align:-8.3pt\" alt=\"S_OKCQ= дробь: чис­ли­тель: CK плюс OQ, зна­ме­на­тель: 2 конец дроби умно­жить на CM=300. \"></p><p>&nbsp;</p><p><span style=\"letter-spacing: 2px;\">Ответ:</span> б) 300.</p><p>&nbsp;</p><p><i>При­ме­ча­ние.</i></p><p class=\"left_margin\">До­ка­за­тель­ство того, что от­ре­зок <i>AI</i> пер­пен­ди­ку­ля­рен от­рез­ку <i>OK</i>, может быть таким. Се­ре­ди­на <i>L</i> от­рез­ка <i>CM</i>  — про­ек­ция точки <i>I</i> на пря­мую <i>BC</i>, а от­ре­зок <i>CM</i>  — про­ек­ция от­рез­ка <i>AQ</i> на эту пря­мую. Зна­чит, <i>I</i>  — се­ре­ди­на хорды <i>AQ</i> опи­сан­ной окруж­но­сти тре­уголь­ни­ка <i>ABC</i>. Сле­до­ва­тель­но, от­ре­зок <i>AI</i> пер­пен­ди­ку­ля­рен от­рез­ку <i>OK</i>.</p></div>",
        "image_urls": [
            "https://ege.sdamgia.ru/formula/svg/03/03857270121c282db9b879576d1348ce.svg",
            "https://ege.sdamgia.ru/formula/svg/2b/2b84ab2974a01ca06f19e3c23166a134.svg",
            "https://ege.sdamgia.ru/formula/svg/e9/e92d34c865aca5ddd4413f3f03e84eef.svg",
            "https://ege.sdamgia.ru/formula/svg/dd/ddf3bd98ae9e0d88f34407528ce198ef.svg",
            "https://ege.sdamgia.ru/formula/svg/37/37bb28e0c62a3e436b239410520ee529.svg",
            "https://ege.sdamgia.ru/formula/svg/45/4520e347c36d1fe3a84ca611c14d1dd1.svg",
            "https://ege.sdamgia.ru/formula/svg/50/50807ebd2ffe7ce851070c53e8008436.svg",
            "https://ege.sdamgia.ru/formula/svg/d5/d5c1c11315a49d6a5b7440b3a59b527b.svg",
            "https://ege.sdamgia.ru/formula/svg/1c/1c56563834fdda72ff240fd24b47adac.svg",
            "https://ege.sdamgia.ru/formula/svg/96/96df7ec38da55358fc0a6bca2e3a0678.svg",
            "https://ege.sdamgia.ru/formula/svg/cd/cd645e7b376c37e027363a85cec6d8f9.svg",
            "https://ege.sdamgia.ru/formula/svg/39/39d4d1890ea6f92252a71e80a689d6f3.svg",
            "/get_file?id=148617"
        ]
    },
    "answer": "б) 300.",
    "topic_id": 17,
    "analog_ids": [
        525071,
        525099
    ]
}