{
    "gia_type": "ege",
    "subject": "math",
    "id": 526710,
    "condition": {
        "text": "Окружность, касающаяся сторон AB и BC треугольника ABC, пересекает сторону AC в точках M и P, причем  а)  Докажите, что треугольник ABC  — равнобедренный. б)  Найдите радиус окружности, если  а центр окружности лежит на высоте к стороне BC.",
        "html": "<div align=\"justify\" width=\"100%\" id=\"body419722\" class=\"pbody\"><p class=\"left_margin\">Окруж­ность, ка­са­ю­ща­я­ся сто­рон <i>AB</i> и <i>BC</i> тре­уголь­ни­ка <i>ABC</i>, пе­ре­се­ка­ет сто­ро­ну <i>AC</i> в точ­ках <i>M</i> и <i>P</i>, при­чем <img src=\"https://ege.sdamgia.ru/formula/svg/db/db9e5d39cf4a2a13ab3215a94afea609.svg\" class=\"tex\" style=\"vertical-align:-1.8pt\" alt=\"AM = MP = PC\"> </p><p class=\"left_margin\">а)  До­ка­жи­те, что тре­уголь­ник <i>ABC</i>  — рав­но­бед­рен­ный. </p><p class=\"left_margin\">б)  Най­ди­те ра­ди­ус окруж­но­сти, если <img src=\"https://ege.sdamgia.ru/formula/svg/2d/2db1d62b272ca97b686afd2345f82fd5.svg\" class=\"tex\" style=\"vertical-align:-3.0pt\" alt=\"AC = 21,\"> а центр окруж­но­сти лежит на вы­со­те к сто­ро­не <i>BC</i>.</p></div>",
        "image_urls": [
            "https://ege.sdamgia.ru/formula/svg/db/db9e5d39cf4a2a13ab3215a94afea609.svg",
            "https://ege.sdamgia.ru/formula/svg/2d/2db1d62b272ca97b686afd2345f82fd5.svg"
        ]
    },
    "solution": {
        "text": "Решение. а)  Пусть N и Q  — точки  касания окружности со сторонами AB и BC. Пусть  По теореме о секущей и касательной,отсюда Заметим, что как отрезки касательных, проведённых к окружности из одной точки. Значит,  и треугольник ABC  — равнобедренный. б)  Пусть AQ  — высота треугольника ABC,  Центр окружности, вписанной в угол, лежит на биссектрисе угла. Значит, точка O лежит на биссектрисе угла B треугольника ABC. Поскольку треугольник ABC  — равнобедренный, биссектриса угла B перпендикулярна стороне AC, и тогда O  — точка пересечения высот треугольника ABC, то есть Обозначим     — радиус окружности. Рассмотрим прямоугольные треугольники ACQ и ABQ. Из   Из     отсюда  Треугольники AON и ABQ подобны по двум углам. Значит,  или Выразим r из этого уравнения, зная, что  Ответ:  Приведём другое решение пункта б): По свойству секущей и касательной к окружности имеем:  По теореме Пифагора для треугольника ACQ имеем:Вновь воспользуемся свойством секущих: где r  — искомый радиус, откуда Ответ: ",
        "html": "<div align=\"justify\" width=\"100%\" id=\"sol526710\" class=\"solution\" style=\"clear:both;\" class=\"pbody\"><p class=\"left_margin\"></p><b>Ре­ше­ние<!--rule_info-->. </b><p class=\"left_margin\"><img src=\"/get_file?id=148622\" style=\"float:right;margin:10px;max-width:100%\">а)  Пусть <i>N</i> и <i>Q</i>  — точки  ка­са­ния окруж­но­сти со сто­ро­на­ми <i>AB</i> и <i>BC</i>. Пусть <img src=\"https://ege.sdamgia.ru/formula/svg/e6/e6037594b4fe2fe4287dbd11a2006c1b.svg\" class=\"tex\" style=\"vertical-align:-1.9pt\" alt=\"AM=MP=PC=z.\"> По тео­ре­ме о се­ку­щей и ка­са­тель­ной,</p><p class=\"left_margin\"></p><center><p><img src=\"https://ege.sdamgia.ru/formula/svg/01/01aa10048d09629657415894809bad6a.svg\" class=\"tex\" style=\"vertical-align:-3.0pt\" alt=\"AN в квад­ра­те =AM умно­жить на AP=2z в квад­ра­те ,\"></p><p><img src=\"https://ege.sdamgia.ru/formula/svg/89/8903fa373eee62709a6d1fad48788a0f.svg\" class=\"tex\" style=\"vertical-align:-3.0pt\" alt=\"CQ в квад­ра­те =CP умно­жить на CM=2z в квад­ра­те , \"></p><p class=\"left_margin\"></p></center><p>от­сю­да <img src=\"https://ege.sdamgia.ru/formula/svg/57/5774639bf6009eb71b022f3669c68477.svg\" class=\"tex\" style=\"vertical-align:-3.0pt\" alt=\"AN=CQ= ко­рень из: на­ча­ло ар­гу­мен­та: 2 конец ар­гу­мен­та z.\"></p><p class=\"left_margin\">За­ме­тим, что<img src=\"https://ege.sdamgia.ru/formula/svg/5b/5b17aca29cae9d3de22b898796dffa7b.svg\" class=\"tex\" style=\"vertical-align:-3.0pt\" alt=\"BN=BQ\"> как от­рез­ки ка­са­тель­ных, про­ведённых к окруж­но­сти из одной точки. Зна­чит, <img src=\"https://ege.sdamgia.ru/formula/svg/94/94623831cd335a1267dd5f75f120b4f5.svg\" class=\"tex\" style=\"vertical-align:-1.8pt\" alt=\"AB=BC\"> и тре­уголь­ник <i>ABC</i>  — рав­но­бед­рен­ный.</p><p>&nbsp;</p><p class=\"left_margin\">б)  Пусть <i>AQ</i>  — вы­со­та тре­уголь­ни­ка <i>ABC</i>, <img src=\"https://ege.sdamgia.ru/formula/svg/27/275dc9a830601a5dc2ce780b33d36091.svg\" class=\"tex\" style=\"vertical-align:-2.9pt\" alt=\"AQ \\bot BC.\"> Центр окруж­но­сти, впи­сан­ной в угол, лежит на бис­сек­три­се угла. Зна­чит, точка O лежит на бис­сек­три­се угла B тре­уголь­ни­ка <i>ABC</i>. По­сколь­ку тре­уголь­ник <i>ABC</i>  — рав­но­бед­рен­ный, бис­сек­три­са угла <i>B</i> пер­пен­ди­ку­ляр­на сто­ро­не <i>AC</i>, и тогда <i>O</i>  — точка пе­ре­се­че­ния высот тре­уголь­ни­ка <i>ABC</i>, то есть <img src=\"https://ege.sdamgia.ru/formula/svg/60/6012b6868c563a6ec7497a410980707d.svg\" class=\"tex\" style=\"vertical-align:-3.0pt\" alt=\"AQ\\cap CN=O.\"></p><p class=\"left_margin\">Обо­зна­чим <img src=\"https://ege.sdamgia.ru/formula/svg/5d/5d252f145e0d18954f7ff2da4ec5fd54.svg\" class=\"tex\" style=\"vertical-align:-3.0pt\" alt=\"AN=CQ=y,\"> <img src=\"https://ege.sdamgia.ru/formula/svg/60/60a714f3856eb8a9869053bf1580d596.svg\" class=\"tex\" style=\"vertical-align:-3.0pt\" alt=\"BN=BQ=x,\"> <img src=\"https://ege.sdamgia.ru/formula/svg/eb/eb2e5bd7f2bec78b8998d9c2eebc802b.svg\" class=\"tex\" style=\"vertical-align:-3.0pt\" alt=\"ON=OQ= r\">  — ра­ди­ус окруж­но­сти. Рас­смот­рим пря­мо­уголь­ные тре­уголь­ни­ки <i>ACQ</i> и <i>ABQ</i>. Из <img src=\"https://ege.sdamgia.ru/formula/svg/90/900d1c898857668cf5cd2b64c7fd5375.svg\" class=\"tex\" style=\"vertical-align:-3.0pt\" alt=\"\\Delta ACQ:\"> <img src=\"https://ege.sdamgia.ru/formula/svg/39/391b9a0b084fe0650f39475990de3d2c.svg\" class=\"tex\" style=\"vertical-align:-3.0pt\" alt=\"AC в квад­ра­те =AQ в квад­ра­те плюс QC в квад­ра­те ;\"> <img src=\"https://ege.sdamgia.ru/formula/svg/16/16f363f82bc7660e4dfc8b829e64168c.svg\" class=\"tex\" style=\"vertical-align:-3.6pt\" alt=\" левая круг­лая скоб­ка 3z пра­вая круг­лая скоб­ка в квад­ра­те =y в квад­ра­те плюс AQ в квад­ра­те .\"></p><p class=\"left_margin\">Из <img src=\"https://ege.sdamgia.ru/formula/svg/70/70d8bae201306f3f6ffc5bfd43ea27be.svg\" class=\"tex\" style=\"vertical-align:-3.0pt\" alt=\"\\Delta ABQ:\"> <img src=\"https://ege.sdamgia.ru/formula/svg/a8/a8fe35d2646d34ce1db10e55c5c1f379.svg\" class=\"tex\" style=\"vertical-align:-3.0pt\" alt=\"AB в квад­ра­те =BQ в квад­ра­те плюс AQ в квад­ра­те ,\"> <img src=\"https://ege.sdamgia.ru/formula/svg/1d/1da5a4082e493f7f122c58f0c650f699.svg\" class=\"tex\" style=\"vertical-align:-3.6pt\" alt=\" левая круг­лая скоб­ка x плюс y пра­вая круг­лая скоб­ка в квад­ра­те =x в квад­ра­те плюс AQ в квад­ра­те ,\"> <img src=\"https://ege.sdamgia.ru/formula/svg/32/32a559e4debb5234dba6b95ae5b75157.svg\" class=\"tex\" style=\"vertical-align:-3.0pt\" alt=\"9z в квад­ра­те минус 2z в квад­ра­те =2z в квад­ра­те плюс 2x умно­жить на z ко­рень из: на­ча­ло ар­гу­мен­та: 2 конец ар­гу­мен­та ,\"> от­сю­да <img src=\"https://ege.sdamgia.ru/formula/svg/52/52d8da102b26d288182e7528e257a531.svg\" class=\"tex\" style=\"vertical-align:-10.9pt\" alt=\"x= дробь: чис­ли­тель: 5z, зна­ме­на­тель: 2 ко­рень из: на­ча­ло ар­гу­мен­та: 2 конец ар­гу­мен­та конец дроби , \"> <img src=\"https://ege.sdamgia.ru/formula/svg/a1/a159f718b59d3262f126b62217e905e0.svg\" class=\"tex\" style=\"vertical-align:-3.0pt\" alt=\"y=z ко­рень из: на­ча­ло ар­гу­мен­та: 2 конец ар­гу­мен­та .\"></p><p class=\"left_margin\">Тре­уголь­ни­ки <i>AON</i> и <i>ABQ</i> по­доб­ны по двум углам. Зна­чит, <img src=\"https://ege.sdamgia.ru/formula/svg/30/3021f437d0dae12112011a24f45d325a.svg\" class=\"tex\" style=\"vertical-align:-8.4pt\" alt=\" дробь: чис­ли­тель: BQ, зна­ме­на­тель: ON конец дроби = дробь: чис­ли­тель: AQ, зна­ме­на­тель: AN конец дроби , \"> или </p><p class=\"left_margin\"></p><center><p><img src=\"https://ege.sdamgia.ru/formula/svg/e9/e9d4a5f7d710b7a9e859334b6368e532.svg\" class=\"tex\" style=\"vertical-align:-11.0pt\" alt=\" дробь: чис­ли­тель: x, зна­ме­на­тель: r конец дроби = дробь: чис­ли­тель: ко­рень из: на­ча­ло ар­гу­мен­та: левая круг­лая скоб­ка y плюс x пра­вая круг­лая скоб­ка в квад­ра­те минус x в квад­ра­те конец ар­гу­мен­та , зна­ме­на­тель: y конец дроби рав­но­силь­но дробь: чис­ли­тель: 5z, зна­ме­на­тель: 2 ко­рень из: на­ча­ло ар­гу­мен­та: 2 конец ар­гу­мен­та умно­жить на r конец дроби = дробь: чис­ли­тель: ко­рень из: на­ча­ло ар­гу­мен­та: y в квад­ра­те плюс 2xy конец ар­гу­мен­та , зна­ме­на­тель: z ко­рень из: на­ча­ло ар­гу­мен­та: 2 конец ар­гу­мен­та конец дроби . \"></p><p class=\"left_margin\"></p></center><p class=\"left_margin\">Вы­ра­зим <i>r</i> из этого урав­не­ния, зная, что <img src=\"https://ege.sdamgia.ru/formula/svg/28/28d4d8aed1749dc0d1bc38c6913a71ed.svg\" class=\"tex\" style=\"vertical-align:-10.9pt\" alt=\"x= дробь: чис­ли­тель: 5z, зна­ме­на­тель: 2 ко­рень из: на­ча­ло ар­гу­мен­та: 2 конец ар­гу­мен­та конец дроби ; \"> <img src=\"https://ege.sdamgia.ru/formula/svg/52/52e657b03532fb9d3760b42fa1eb2888.svg\" class=\"tex\" style=\"vertical-align:-3.0pt\" alt=\"y=z ко­рень из: на­ча­ло ар­гу­мен­та: 2 конец ар­гу­мен­та :\"></p><p class=\"left_margin\"></p><center><p><img src=\"https://ege.sdamgia.ru/formula/svg/dc/dc4106d00d0e0b8692ccc8d8c4e25fa2.svg\" class=\"tex\" style=\"vertical-align:-11.0pt\" alt=\" дробь: чис­ли­тель: 5z, зна­ме­на­тель: 2r конец дроби = дробь: чис­ли­тель: ко­рень из: на­ча­ло ар­гу­мен­та: 2z в квад­ра­те плюс 2z ко­рень из: на­ча­ло ар­гу­мен­та: 2 конец ар­гу­мен­та умно­жить на дробь: чис­ли­тель: 5z, зна­ме­на­тель: 2 ко­рень из: на­ча­ло ар­гу­мен­та: 2 конец ар­гу­мен­та конец дроби конец ар­гу­мен­та , зна­ме­на­тель: z конец дроби рав­но­силь­но дробь: чис­ли­тель: 5z, зна­ме­на­тель: 2r конец дроби = ко­рень из: на­ча­ло ар­гу­мен­та: 7 конец ар­гу­мен­та рав­но­силь­но r= дробь: чис­ли­тель: 5z, зна­ме­на­тель: 2 ко­рень из: на­ча­ло ар­гу­мен­та: 7 конец ар­гу­мен­та конец дроби = дробь: чис­ли­тель: 5 умно­жить на 7, зна­ме­на­тель: 2 ко­рень из: на­ча­ло ар­гу­мен­та: 7 конец ар­гу­мен­та конец дроби = дробь: чис­ли­тель: 5 ко­рень из: на­ча­ло ар­гу­мен­та: 7 конец ар­гу­мен­та , зна­ме­на­тель: 2 конец дроби . \"></p><p class=\"left_margin\"></p></center><p><span style=\"letter-spacing: 2px;\">Ответ:</span> <img src=\"https://ege.sdamgia.ru/formula/svg/39/396477e5f69518c3e43e673e2b79eadc.svg\" class=\"tex\" style=\"vertical-align:-8.4pt\" alt=\" дробь: чис­ли­тель: 5 ко­рень из: на­ча­ло ар­гу­мен­та: 7 конец ар­гу­мен­та , зна­ме­на­тель: 2 конец дроби . \"></p><p>&nbsp;</p><p><b>При­ведём дру­гое ре­ше­ние пунк­та б):</b></p><p>&nbsp;</p><p class=\"left_margin\">По свой­ству се­ку­щей и ка­са­тель­ной к окруж­но­сти имеем: </p><p class=\"left_margin\"></p><center><p><img src=\"https://ege.sdamgia.ru/formula/svg/89/8903ab62498500849dd0fed3cc54e691.svg\" class=\"tex\" style=\"vertical-align:-3.0pt\" alt=\"CP умно­жить на CM=CQ в квад­ра­те , 7 умно­жить на 14=CQ в квад­ра­те , CQ=7 ко­рень из 2 .\"> </p><p class=\"left_margin\"></p></center><p class=\"left_margin\">По тео­ре­ме Пи­фа­го­ра для тре­уголь­ни­ка <i>ACQ</i> имеем:</p><p class=\"left_margin\"></p><center><p><img src=\"https://ege.sdamgia.ru/formula/svg/e6/e629040c641df8495ddbca31035bb557.svg\" class=\"tex\" style=\"vertical-align:-3.6pt\" alt=\"AQ в квад­ра­те =AC в квад­ра­те минус CQ в квад­ра­те , AQ в квад­ра­те = 21 в квад­ра­те минус левая круг­лая скоб­ка 7 ко­рень из 2 пра­вая круг­лая скоб­ка в квад­ра­те =343, AQ=7 ко­рень из 7 .\"></p><p class=\"left_margin\"></p></center><p class=\"left_margin\">Вновь вос­поль­зу­ем­ся свой­ством се­ку­щих:</p><p class=\"left_margin\"></p><center><p><img src=\"https://ege.sdamgia.ru/formula/svg/99/99899e8b572352c1767111fd39072b43.svg\" class=\"tex\" style=\"vertical-align:-3.6pt\" alt=\"AQ умно­жить на левая круг­лая скоб­ка AQ минус 2r пра­вая круг­лая скоб­ка =AM умно­жить на AP, \"> где <i>r</i>  — ис­ко­мый ра­ди­ус,</p><p><img src=\"https://ege.sdamgia.ru/formula/svg/fb/fb9f56f7ae5b602908a317fde8c9053e.svg\" class=\"tex\" style=\"vertical-align:-3.6pt\" alt=\"7 ко­рень из 7 умно­жить на левая круг­лая скоб­ка 7 ко­рень из 7 минус 2r пра­вая круг­лая скоб­ка =7 умно­жить на 14, \"> от­ку­да <img src=\"https://ege.sdamgia.ru/formula/svg/47/4719f8b15730c64ae810aaf2127fdf16.svg\" class=\"tex\" style=\"vertical-align:-8.4pt\" alt=\"r= дробь: чис­ли­тель: 5 ко­рень из: на­ча­ло ар­гу­мен­та: 7 конец ар­гу­мен­та , зна­ме­на­тель: 2 конец дроби . \"></p><p class=\"left_margin\"></p></center><p><span style=\"letter-spacing: 2px;\">Ответ:</span> <img src=\"https://ege.sdamgia.ru/formula/svg/39/396477e5f69518c3e43e673e2b79eadc.svg\" class=\"tex\" style=\"vertical-align:-8.4pt\" alt=\" дробь: чис­ли­тель: 5 ко­рень из: на­ча­ло ар­гу­мен­та: 7 конец ар­гу­мен­та , зна­ме­на­тель: 2 конец дроби . \"></p></div>",
        "image_urls": [
            "https://ege.sdamgia.ru/formula/svg/e6/e6037594b4fe2fe4287dbd11a2006c1b.svg",
            "https://ege.sdamgia.ru/formula/svg/01/01aa10048d09629657415894809bad6a.svg",
            "https://ege.sdamgia.ru/formula/svg/89/8903fa373eee62709a6d1fad48788a0f.svg",
            "https://ege.sdamgia.ru/formula/svg/57/5774639bf6009eb71b022f3669c68477.svg",
            "https://ege.sdamgia.ru/formula/svg/5b/5b17aca29cae9d3de22b898796dffa7b.svg",
            "https://ege.sdamgia.ru/formula/svg/94/94623831cd335a1267dd5f75f120b4f5.svg",
            "https://ege.sdamgia.ru/formula/svg/27/275dc9a830601a5dc2ce780b33d36091.svg",
            "https://ege.sdamgia.ru/formula/svg/60/6012b6868c563a6ec7497a410980707d.svg",
            "https://ege.sdamgia.ru/formula/svg/5d/5d252f145e0d18954f7ff2da4ec5fd54.svg",
            "https://ege.sdamgia.ru/formula/svg/60/60a714f3856eb8a9869053bf1580d596.svg",
            "https://ege.sdamgia.ru/formula/svg/eb/eb2e5bd7f2bec78b8998d9c2eebc802b.svg",
            "https://ege.sdamgia.ru/formula/svg/90/900d1c898857668cf5cd2b64c7fd5375.svg",
            "https://ege.sdamgia.ru/formula/svg/39/391b9a0b084fe0650f39475990de3d2c.svg",
            "https://ege.sdamgia.ru/formula/svg/16/16f363f82bc7660e4dfc8b829e64168c.svg",
            "https://ege.sdamgia.ru/formula/svg/70/70d8bae201306f3f6ffc5bfd43ea27be.svg",
            "https://ege.sdamgia.ru/formula/svg/a8/a8fe35d2646d34ce1db10e55c5c1f379.svg",
            "https://ege.sdamgia.ru/formula/svg/1d/1da5a4082e493f7f122c58f0c650f699.svg",
            "https://ege.sdamgia.ru/formula/svg/32/32a559e4debb5234dba6b95ae5b75157.svg",
            "https://ege.sdamgia.ru/formula/svg/52/52d8da102b26d288182e7528e257a531.svg",
            "https://ege.sdamgia.ru/formula/svg/a1/a159f718b59d3262f126b62217e905e0.svg",
            "https://ege.sdamgia.ru/formula/svg/30/3021f437d0dae12112011a24f45d325a.svg",
            "https://ege.sdamgia.ru/formula/svg/e9/e9d4a5f7d710b7a9e859334b6368e532.svg",
            "https://ege.sdamgia.ru/formula/svg/28/28d4d8aed1749dc0d1bc38c6913a71ed.svg",
            "https://ege.sdamgia.ru/formula/svg/52/52e657b03532fb9d3760b42fa1eb2888.svg",
            "https://ege.sdamgia.ru/formula/svg/dc/dc4106d00d0e0b8692ccc8d8c4e25fa2.svg",
            "https://ege.sdamgia.ru/formula/svg/39/396477e5f69518c3e43e673e2b79eadc.svg",
            "https://ege.sdamgia.ru/formula/svg/89/8903ab62498500849dd0fed3cc54e691.svg",
            "https://ege.sdamgia.ru/formula/svg/e6/e629040c641df8495ddbca31035bb557.svg",
            "https://ege.sdamgia.ru/formula/svg/99/99899e8b572352c1767111fd39072b43.svg",
            "https://ege.sdamgia.ru/formula/svg/fb/fb9f56f7ae5b602908a317fde8c9053e.svg",
            "https://ege.sdamgia.ru/formula/svg/47/4719f8b15730c64ae810aaf2127fdf16.svg",
            "https://ege.sdamgia.ru/formula/svg/39/396477e5f69518c3e43e673e2b79eadc.svg",
            "/get_file?id=148622"
        ]
    },
    "answer": "",
    "topic_id": 17,
    "analog_ids": []
}