{
    "gia_type": "ege",
    "subject": "math",
    "id": 530404,
    "condition": {
        "text": "В треугольнике ABC проведены биссектрисы BM и CN. Оказалось, что точки B, C, M и N лежат на одной окружности.а)  Докажите, что треугольник ABC равнобедренный.б)  Пусть P  — точка пересечения биссектрис треугольника ABC. Найдите площадь четырёхугольника AMPN, если MN : BC  =  2 : 5, а BN  =  14.",
        "html": "<div align=\"justify\" width=\"100%\" id=\"body424216\" class=\"pbody\"><p class=\"left_margin\">В тре­уголь­ни­ке <i>ABC</i> про­ве­де­ны бис­сек­три­сы <i>BM</i> и <i>CN</i>. Ока­за­лось, что точки <i>B</i>, <i>C</i>, <i>M</i> и <i>N</i> лежат на одной окруж­но­сти.</p><p class=\"left_margin\">а)  До­ка­жи­те, что тре­уголь­ник <i>ABC</i> рав­но­бед­рен­ный.</p><p class=\"left_margin\">б)  Пусть <i>P</i>  — точка пе­ре­се­че­ния бис­сек­трис тре­уголь­ни­ка <i>ABC</i>. Най­ди­те пло­щадь четырёхуголь­ни­ка <i>AMPN</i>, если <i>MN</i> : <i>BC</i>  =  2 : 5, а <i>BN</i>  =  14.</p></div>",
        "image_urls": []
    },
    "solution": {
        "text": "Решение. а)  Вписанные углы NCM и MBN опираются на одну и ту же дугу, следовательно, они равны. Посколькуполучаем  то есть треугольник ABC равнобедренный.б)  Посколькуполучаем, что  и прямая MN параллельна прямой BC. Отрезок BC равен 35.Пусть AK  — биссектриса, медиана и высота треугольника ABC. Прямая AK проходит через точку P  — центр вписанной окружности. Треугольник ANM подобен треугольнику ABC, следовательно,ТогдаПлощадь треугольника ABС равнаа значитВ четырёхугольнике AMPN диагонали AP и MN перпендикулярны, следовательно, его площадь равнаОтвет: б) ",
        "html": "<div align=\"justify\" width=\"100%\" id=\"sol530404\" class=\"solution\" style=\"clear:both;\" class=\"pbody\"><p class=\"left_margin\"></p><b>Ре­ше­ние<!--rule_info-->. </b><p class=\"left_margin\">а)  Впи­сан­ные углы <i>NCM</i> и <i>MBN</i> опи­ра­ют­ся на одну и ту же дугу, сле­до­ва­тель­но, они равны. По­сколь­ку</p><p class=\"left_margin\"></p><center><p><img src=\"https://ege.sdamgia.ru/formula/svg/f7/f7a32c1441b009aa7226718cefca52f7.svg\" class=\"tex\" style=\"vertical-align:-8.4pt\" alt=\" дробь: чис­ли­тель: 1, зна­ме­на­тель: 2 конец дроби \\angle ACB=\\angle MCN=\\angle MBN= дробь: чис­ли­тель: 1, зна­ме­на­тель: 2 конец дроби \\angle ABC,\"></p><p class=\"left_margin\"></p></center><p>по­лу­ча­ем <img src=\"https://ege.sdamgia.ru/formula/svg/bf/bf7b7e0f1cc2dcc902d6a1c65215c8ea.svg\" class=\"tex\" style=\"vertical-align:-3.0pt\" alt=\"\\angle ACB=\\angle ABC,\"> то есть тре­уголь­ник <i>ABC</i> рав­но­бед­рен­ный.</p><p><img src=\"/get_file?id=135836\" style=\"margin:10px auto;display:block;max-width:100%\">б)  По­сколь­ку</p><p class=\"left_margin\"></p><center><p><img src=\"https://ege.sdamgia.ru/formula/svg/6e/6e3186f67b5b43465ac34badfd75c25b.svg\" class=\"tex\" style=\"vertical-align:-3.0pt\" alt=\"\\angle BCN=\\angle MCN=\\angle MBN=\\angle MBC,\"></p><p class=\"left_margin\"></p></center><p>по­лу­ча­ем, что <img src=\"https://ege.sdamgia.ru/formula/svg/9f/9fb9c99de5654abbb356687258e9b5a2.svg\" class=\"tex\" style=\"vertical-align:-1.8pt\" alt=\"BN=NM=MC=14\"> и пря­мая <i>MN</i> па­рал­лель­на пря­мой <i>BC</i>. От­ре­зок <i>BC</i> равен 35.</p><p class=\"left_margin\">Пусть <i>AK</i>  — бис­сек­три­са, ме­ди­а­на и вы­со­та тре­уголь­ни­ка <i>ABC</i>. Пря­мая <i>AK</i> про­хо­дит через точку <i>P</i>  — центр впи­сан­ной окруж­но­сти. Тре­уголь­ник <i>ANM</i> по­до­бен тре­уголь­ни­ку <i>ABC</i>, сле­до­ва­тель­но,</p><p class=\"left_margin\"></p><center><p><img src=\"https://ege.sdamgia.ru/formula/svg/53/530e54bb078a578e0e10eab933b6fcb6.svg\" class=\"tex\" style=\"vertical-align:-8.4pt\" alt=\" дробь: чис­ли­тель: AN, зна­ме­на­тель: AB конец дроби = дробь: чис­ли­тель: MN, зна­ме­на­тель: BC конец дроби = дробь: чис­ли­тель: 2, зна­ме­на­тель: 5 конец дроби . \"></p><p class=\"left_margin\"></p></center><p class=\"left_margin\">Тогда</p><p class=\"left_margin\"></p><center><p><img src=\"https://ege.sdamgia.ru/formula/svg/32/323d6b50cc5ecac63f966e55e8a0dc99.svg\" class=\"tex\" style=\"vertical-align:-8.4pt\" alt=\"AB= дробь: чис­ли­тель: 5, зна­ме­на­тель: 3 конец дроби BN= дробь: чис­ли­тель: 70, зна­ме­на­тель: 3 конец дроби , \"></p><p><img src=\"https://ege.sdamgia.ru/formula/svg/9b/9b5e3b122455935d1361bbc4857fccd8.svg\" class=\"tex\" style=\"vertical-align:-12.3pt\" alt=\"AK= ко­рень из: на­ча­ло ар­гу­мен­та: AB в квад­ра­те минус BK в квад­ра­те конец ар­гу­мен­та = ко­рень из: на­ча­ло ар­гу­мен­та: левая круг­лая скоб­ка дробь: чис­ли­тель: 70, зна­ме­на­тель: 3 конец дроби пра­вая круг­лая скоб­ка в квад­ра­те минус левая круг­лая скоб­ка дробь: чис­ли­тель: 35, зна­ме­на­тель: 2 конец дроби пра­вая круг­лая скоб­ка в квад­ра­те конец ар­гу­мен­та = дробь: чис­ли­тель: 35 ко­рень из: на­ча­ло ар­гу­мен­та: 7 конец ар­гу­мен­та , зна­ме­на­тель: 6 конец дроби . \"></p><p class=\"left_margin\"></p></center><p class=\"left_margin\">Пло­щадь тре­уголь­ни­ка <i>ABС</i> равна</p><p class=\"left_margin\"></p><center><p><img src=\"https://ege.sdamgia.ru/formula/svg/f8/f8ba8f64c9ce816d2506e0a4f650111b.svg\" class=\"tex\" style=\"vertical-align:-8.4pt\" alt=\"S_ABC= дробь: чис­ли­тель: 1, зна­ме­на­тель: 2 конец дроби AK умно­жить на BC= дробь: чис­ли­тель: 1, зна­ме­на­тель: 2 конец дроби PK умно­жить на левая круг­лая скоб­ка AB плюс AC плюс BC пра­вая круг­лая скоб­ка ,\"></p><p class=\"left_margin\"></p></center><p>а зна­чит</p><p class=\"left_margin\"></p><center><p><img src=\"https://ege.sdamgia.ru/formula/svg/d9/d9229db7b1ee3b47005ef23787c7cc83.svg\" class=\"tex\" style=\"vertical-align:-13.1pt\" alt=\"PK= дробь: чис­ли­тель: AK умно­жить на BC, зна­ме­на­тель: AB плюс AC плюс BC конец дроби = дробь: чис­ли­тель: \\tfrac35 ко­рень из: на­ча­ло ар­гу­мен­та: 7 конец ар­гу­мен­та , зна­ме­на­тель: 6 конец дроби умно­жить на 35\\tfrac703 плюс \\tfrac703 плюс 35= дробь: чис­ли­тель: 5 ко­рень из: на­ча­ло ар­гу­мен­та: 7 конец ар­гу­мен­та , зна­ме­на­тель: 2 конец дроби , \"></p><p><img src=\"https://ege.sdamgia.ru/formula/svg/eb/eb59fe06836d113df1545f8e444f0321.svg\" class=\"tex\" style=\"vertical-align:-8.5pt\" alt=\"AP=AK минус PK= дробь: чис­ли­тель: 35 ко­рень из: на­ча­ло ар­гу­мен­та: 7 конец ар­гу­мен­та , зна­ме­на­тель: 6 конец дроби минус дробь: чис­ли­тель: 5 ко­рень из: на­ча­ло ар­гу­мен­та: 7 конец ар­гу­мен­та , зна­ме­на­тель: 2 конец дроби = дробь: чис­ли­тель: 10 ко­рень из: на­ча­ло ар­гу­мен­та: 7 конец ар­гу­мен­та , зна­ме­на­тель: 3 конец дроби . \"></p><p class=\"left_margin\"></p></center><p class=\"left_margin\">В четырёхуголь­ни­ке <i>AMPN</i> диа­го­на­ли <i>AP</i> и <i>MN</i> пер­пен­ди­ку­ляр­ны, сле­до­ва­тель­но, его пло­щадь равна</p><p class=\"left_margin\"></p><center><p><img src=\"https://ege.sdamgia.ru/formula/svg/5b/5bcda93236767e1c501dfec03e847295.svg\" class=\"tex\" style=\"vertical-align:-8.5pt\" alt=\"S_AMPN= дробь: чис­ли­тель: 1, зна­ме­на­тель: 2 конец дроби AP умно­жить на MN= дробь: чис­ли­тель: 1, зна­ме­на­тель: 2 конец дроби умно­жить на дробь: чис­ли­тель: 10 ко­рень из: на­ча­ло ар­гу­мен­та: 7 конец ар­гу­мен­та , зна­ме­на­тель: 3 конец дроби умно­жить на 14= дробь: чис­ли­тель: 70 ко­рень из: на­ча­ло ар­гу­мен­та: 7 конец ар­гу­мен­та , зна­ме­на­тель: 3 конец дроби . \"></p><p class=\"left_margin\"></p></center><p><span style=\"letter-spacing: 2px;\">Ответ:</span> б) <img src=\"https://ege.sdamgia.ru/formula/svg/4e/4e8be654513102ca9fa7321a1017561e.svg\" class=\"tex\" style=\"vertical-align:-8.5pt\" alt=\" дробь: чис­ли­тель: 70 ко­рень из: на­ча­ло ар­гу­мен­та: 7 конец ар­гу­мен­та , зна­ме­на­тель: 3 конец дроби . \"></p></div>",
        "image_urls": [
            "https://ege.sdamgia.ru/formula/svg/f7/f7a32c1441b009aa7226718cefca52f7.svg",
            "https://ege.sdamgia.ru/formula/svg/bf/bf7b7e0f1cc2dcc902d6a1c65215c8ea.svg",
            "https://ege.sdamgia.ru/formula/svg/6e/6e3186f67b5b43465ac34badfd75c25b.svg",
            "https://ege.sdamgia.ru/formula/svg/9f/9fb9c99de5654abbb356687258e9b5a2.svg",
            "https://ege.sdamgia.ru/formula/svg/53/530e54bb078a578e0e10eab933b6fcb6.svg",
            "https://ege.sdamgia.ru/formula/svg/32/323d6b50cc5ecac63f966e55e8a0dc99.svg",
            "https://ege.sdamgia.ru/formula/svg/9b/9b5e3b122455935d1361bbc4857fccd8.svg",
            "https://ege.sdamgia.ru/formula/svg/f8/f8ba8f64c9ce816d2506e0a4f650111b.svg",
            "https://ege.sdamgia.ru/formula/svg/d9/d9229db7b1ee3b47005ef23787c7cc83.svg",
            "https://ege.sdamgia.ru/formula/svg/eb/eb59fe06836d113df1545f8e444f0321.svg",
            "https://ege.sdamgia.ru/formula/svg/5b/5bcda93236767e1c501dfec03e847295.svg",
            "https://ege.sdamgia.ru/formula/svg/4e/4e8be654513102ca9fa7321a1017561e.svg",
            "/get_file?id=135836"
        ]
    },
    "answer": "б)",
    "topic_id": 17,
    "analog_ids": [
        530404,
        530436,
        642007,
        642025
    ]
}