{
    "gia_type": "ege",
    "subject": "math",
    "id": 541263,
    "condition": {
        "text": "Окружность проходит через вершины В и С треугольника АВС и пересекает АВ и АС в точках С1 и В1 соответственно.а)  Докажите, что треугольник АВC подобен треугольнику АВ1С1б)  Вычислите радиус данной окружности, если   и площадь треугольника АВ1С1 в  четыре раза меньше площади четырёхугольника ВСВ1С1.",
        "html": "<div align=\"justify\" width=\"100%\" id=\"body404659\" class=\"pbody\"><p class=\"left_margin\">Окруж­ность про­хо­дит через вер­ши­ны <i>В</i> и <i>С</i> тре­уголь­ни­ка <i>АВС</i> и пе­ре­се­ка­ет <i>АВ</i> и <i>АС</i> в точ­ках <i>С</i><sub>1</sub> и <i>В</i><sub>1</sub> со­от­вет­ствен­но.</p><p class=\"left_margin\">а)  До­ка­жи­те, что тре­уголь­ник <i>АВC</i> по­до­бен тре­уголь­ни­ку <i>АВ</i><sub>1</sub><i>С</i><sub>1</sub></p><p class=\"left_margin\">б)  Вы­чис­ли­те ра­ди­ус дан­ной окруж­но­сти, если <img src=\"https://ege.sdamgia.ru/formula/svg/b1/b11d741bb5ff7f8fba91748e6a2b69f6.svg\" class=\"tex\" style=\"vertical-align:-3.0pt\" alt=\"\\angle A= 150 гра­ду­сов,\"> <img src=\"https://ege.sdamgia.ru/formula/svg/e6/e655c997e3436e85c6d09b6ede414ce2.svg\" class=\"tex\" style=\"vertical-align:-1.8pt\" alt=\"BC=5 ко­рень из: на­ча­ло ар­гу­мен­та: 5 конец ар­гу­мен­та \"> и пло­щадь тре­уголь­ни­ка <i>АВ</i><sub>1</sub><i>С</i><sub>1</sub> в  че­ты­ре раза мень­ше пло­ща­ди четырёхуголь­ни­ка <i>ВСВ</i><sub>1</sub><i>С</i><sub>1</sub>.</p></div>",
        "image_urls": [
            "https://ege.sdamgia.ru/formula/svg/b1/b11d741bb5ff7f8fba91748e6a2b69f6.svg",
            "https://ege.sdamgia.ru/formula/svg/e6/e655c997e3436e85c6d09b6ede414ce2.svg"
        ]
    },
    "solution": {
        "text": "Решение. а)  Заметим, что  Четырёхугольник ВСВ1С1 вписан в окружность, поэтому  Значит,  Следовательно, треугольники ABC и АВ1С1 подобны по двум углам.б)  Площадь треугольника АВ1С1 в четыре раза меньше площади четырёхугольника ВСВ1С1, поэтому площадь треугольника ABC в пять раз  больше площади треугольника АВ1С1 и коэффициент подобия этих треугольников равен Пусть AB1  =  x, тогда AB  =   Найдем BB1 по теореме косинусов из треугольника ABB1:Следовательно,  Теперь по теореме синусов из треугольника ABB1 получаемНо  поскольку синусы смежных углов равны.Получаем: Теперь находим радиус окружности, описанной около треугольника BCB1:  Ответ: ",
        "html": "<div align=\"justify\" width=\"100%\" id=\"sol541263\" class=\"solution\" style=\"clear:both;\" class=\"pbody\"><p class=\"left_margin\"></p><b>Ре­ше­ние<!--rule_info-->. </b><p class=\"left_margin\">а)  За­ме­тим, что <img src=\"https://ege.sdamgia.ru/formula/svg/1f/1f168dc82fecfc6a941bb1b997c2b1db.svg\" class=\"tex\" style=\"vertical-align:-2.6pt\" alt=\"\\angle AB_1C_1 плюс \\angle C_1B_1C=180 гра­ду­сов.\"> Четырёхуголь­ник <i>ВСВ</i><sub>1</sub><i>С</i><sub>1</sub> впи­сан в окруж­ность, по­это­му <img src=\"https://ege.sdamgia.ru/formula/svg/f7/f75d20a1147f9d92bca8141e15b9bfc2.svg\" class=\"tex\" style=\"vertical-align:-2.6pt\" alt=\"\\angle C_1BC плюс \\angle C_1B_1C=180 гра­ду­сов.\"> Зна­чит, <img src=\"https://ege.sdamgia.ru/formula/svg/4e/4eada178b178dc956330a407754f1376.svg\" class=\"tex\" style=\"vertical-align:-2.5pt\" alt=\"\\angle AB_1C_1=\\angle C_1BC=\\angle ABC.\"> Сле­до­ва­тель­но, тре­уголь­ни­ки <i>ABC</i> и <i>АВ</i><sub>1</sub><i>С</i><sub>1</sub> по­доб­ны по двум углам.</p><p><img src=\"/get_file?id=148629\" style=\"margin:10px auto;display:block;max-width:100%\"></p><p class=\"left_margin\">б)  Пло­щадь тре­уголь­ни­ка <i>АВ</i><sub>1</sub><i>С</i><sub>1</sub> в че­ты­ре раза мень­ше пло­ща­ди четырёхуголь­ни­ка <i>ВСВ</i><sub>1</sub><i>С</i><sub>1</sub>, по­это­му пло­щадь тре­уголь­ни­ка <i>ABC</i> в пять раз  боль­ше пло­ща­ди тре­уголь­ни­ка <i>АВ</i><sub>1</sub><i>С</i><sub>1</sub> и ко­эф­фи­ци­ент по­до­бия этих тре­уголь­ни­ков равен<img src=\"https://ege.sdamgia.ru/formula/svg/cb/cb24a19df8c059d149043016488a3d76.svg\" class=\"tex\" style=\"vertical-align:-1.8pt\" alt=\" ко­рень из: на­ча­ло ар­гу­мен­та: 5 конец ар­гу­мен­та .\"> </p><p class=\"left_margin\">Пусть <i>AB</i><sub>1</sub>  =  <i>x</i>, тогда <i>AB</i>  =  <img src=\"https://ege.sdamgia.ru/formula/svg/4f/4fb0cc84d4213fe0c96a4bdb2b406238.svg\" class=\"tex\" style=\"vertical-align:-1.8pt\" alt=\" ко­рень из: на­ча­ло ар­гу­мен­та: 5 конец ар­гу­мен­та x.\"> Най­дем <i>BB</i><sub>1</sub> по тео­ре­ме ко­си­ну­сов из тре­уголь­ни­ка <i>ABB</i><sub>1</sub>:</p><p class=\"left_margin\"></p><center><p><img src=\"https://ege.sdamgia.ru/formula/svg/bf/bfcc63e5a388c766782fa422eaa52f06.svg\" class=\"tex\" style=\"vertical-align:-3.6pt\" alt=\"BB_1 в квад­ра­те =x в квад­ра­те плюс 5x в квад­ра­те минус 2x умно­жить на ко­рень из: на­ча­ло ар­гу­мен­та: 5 конец ар­гу­мен­та x умно­жить на ко­си­нус 150 гра­ду­сов =x в квад­ра­те левая круг­лая скоб­ка 6 плюс ко­рень из: на­ча­ло ар­гу­мен­та: 15 конец ар­гу­мен­та пра­вая круг­лая скоб­ка .\"></p><p class=\"left_margin\"></p></center><p class=\"left_margin\">Сле­до­ва­тель­но, <img src=\"https://ege.sdamgia.ru/formula/svg/73/73a37ebea95309d952f20fd680f30fe2.svg\" class=\"tex\" style=\"vertical-align:-4.9pt\" alt=\"BB_1= ко­рень из: на­ча­ло ар­гу­мен­та: 6 плюс ко­рень из: на­ча­ло ар­гу­мен­та: 15 конец ар­гу­мен­та конец ар­гу­мен­та x.\"> Те­перь по тео­ре­ме си­ну­сов из тре­уголь­ни­ка <i>ABB</i><sub>1</sub> по­лу­ча­ем</p><p class=\"left_margin\"></p><center><p><img src=\"https://ege.sdamgia.ru/formula/svg/13/13b6007f6720e3214a1473d509d927a2.svg\" class=\"tex\" style=\"vertical-align:-10.0pt\" alt=\" дробь: чис­ли­тель: AB, зна­ме­на­тель: синус \\angle AB_1B конец дроби = дробь: чис­ли­тель: BB_1, зна­ме­на­тель: синус \\angle A конец дроби рав­но­силь­но синус \\angle AB_1B= дробь: чис­ли­тель: AB, зна­ме­на­тель: BB_1 конец дроби синус \\angle A. \"></p><p class=\"left_margin\"></p></center><p class=\"left_margin\">Но <img src=\"https://ege.sdamgia.ru/formula/svg/57/572cc6d3457fda8c608affe4016f25b5.svg\" class=\"tex\" style=\"vertical-align:-3.0pt\" alt=\" синус AB_1B= синус BB_1C,\"> по­сколь­ку си­ну­сы смеж­ных углов равны.</p><p class=\"left_margin\">По­лу­ча­ем: </p><p class=\"left_margin\"></p><center><p><img src=\"https://ege.sdamgia.ru/formula/svg/84/845ad7cd25620748103269ce8e7b424d.svg\" class=\"tex\" style=\"vertical-align:-13.1pt\" alt=\" синус \\angle BB_1С= дробь: чис­ли­тель: AB, зна­ме­на­тель: BB_1 конец дроби синус \\angle A = дробь: чис­ли­тель: ко­рень из: на­ча­ло ар­гу­мен­та: 5 конец ар­гу­мен­та x, зна­ме­на­тель: ко­рень из: на­ча­ло ар­гу­мен­та: 6 плюс ко­рень из: на­ча­ло ар­гу­мен­та: 15 конец ар­гу­мен­та конец ар­гу­мен­та x конец дроби умно­жить на дробь: чис­ли­тель: ко­рень из: на­ча­ло ар­гу­мен­та: 1 конец ар­гу­мен­та , зна­ме­на­тель: 2 конец дроби = дробь: чис­ли­тель: ко­рень из: на­ча­ло ар­гу­мен­та: 5 конец ар­гу­мен­та , зна­ме­на­тель: 2 ко­рень из: на­ча­ло ар­гу­мен­та: 6 плюс ко­рень из: на­ча­ло ар­гу­мен­та: 15 конец ар­гу­мен­та конец ар­гу­мен­та конец дроби . \"></p><p class=\"left_margin\"></p></center><p class=\"left_margin\">Те­перь на­хо­дим ра­ди­ус окруж­но­сти, опи­сан­ной около тре­уголь­ни­ка<i> BCB</i><sub>1</sub>:</p><p class=\"left_margin\"></p><center><p><img src=\"https://ege.sdamgia.ru/formula/svg/0f/0f1fe09836d66926d5a733c7851fdfb7.svg\" class=\"tex\" style=\"vertical-align:-11.0pt\" alt=\"2R= дробь: чис­ли­тель: BC, зна­ме­на­тель: синус \\angle BB_1С конец дроби = дробь: чис­ли­тель: 5 ко­рень из: на­ча­ло ар­гу­мен­та: 5 конец ар­гу­мен­та умно­жить на 2 ко­рень из: на­ча­ло ар­гу­мен­та: 6 плюс ко­рень из: на­ча­ло ар­гу­мен­та: 15 конец ар­гу­мен­та конец ар­гу­мен­та , зна­ме­на­тель: ко­рень из: на­ча­ло ар­гу­мен­та: 5 конец ар­гу­мен­та конец дроби рав­но­силь­но R=5 ко­рень из: на­ча­ло ар­гу­мен­та: 6 плюс ко­рень из: на­ча­ло ар­гу­мен­та: 15 конец ар­гу­мен­та конец ар­гу­мен­та . \"></p><p class=\"left_margin\"></p></center><p>&nbsp;</p><p>&nbsp;</p><p><span style=\"letter-spacing: 2px;\">Ответ:</span> <img src=\"https://ege.sdamgia.ru/formula/svg/35/350e8ef0182584a0d974e69d71e45910.svg\" class=\"tex\" style=\"vertical-align:-4.9pt\" alt=\"5 ко­рень из: на­ча­ло ар­гу­мен­та: 6 плюс ко­рень из: на­ча­ло ар­гу­мен­та: 15 конец ар­гу­мен­та конец ар­гу­мен­та .\"></p></div>",
        "image_urls": [
            "https://ege.sdamgia.ru/formula/svg/1f/1f168dc82fecfc6a941bb1b997c2b1db.svg",
            "https://ege.sdamgia.ru/formula/svg/f7/f75d20a1147f9d92bca8141e15b9bfc2.svg",
            "https://ege.sdamgia.ru/formula/svg/4e/4eada178b178dc956330a407754f1376.svg",
            "https://ege.sdamgia.ru/formula/svg/cb/cb24a19df8c059d149043016488a3d76.svg",
            "https://ege.sdamgia.ru/formula/svg/4f/4fb0cc84d4213fe0c96a4bdb2b406238.svg",
            "https://ege.sdamgia.ru/formula/svg/bf/bfcc63e5a388c766782fa422eaa52f06.svg",
            "https://ege.sdamgia.ru/formula/svg/73/73a37ebea95309d952f20fd680f30fe2.svg",
            "https://ege.sdamgia.ru/formula/svg/13/13b6007f6720e3214a1473d509d927a2.svg",
            "https://ege.sdamgia.ru/formula/svg/57/572cc6d3457fda8c608affe4016f25b5.svg",
            "https://ege.sdamgia.ru/formula/svg/84/845ad7cd25620748103269ce8e7b424d.svg",
            "https://ege.sdamgia.ru/formula/svg/0f/0f1fe09836d66926d5a733c7851fdfb7.svg",
            "https://ege.sdamgia.ru/formula/svg/35/350e8ef0182584a0d974e69d71e45910.svg",
            "/get_file?id=148629"
        ]
    },
    "answer": "",
    "topic_id": 17,
    "analog_ids": [
        541263,
        541058
    ]
}