{
    "gia_type": "ege",
    "subject": "math",
    "id": 548386,
    "condition": {
        "text": "Две окружности касаются внутренним образом в точке С. Вершины A и B равнобедренного прямоугольного треугольника ABC c прямым углом C лежат на большей и меньшей окружностях соответственно. Прямая AC вторично пересекает меньшую окружность в точке D. Прямая BC вторично пересекает большую окружность в точке E. а)  Докажите, что AE параллельно BD.б)  Найдите AC, если радиусы окружностей равны 8 и 15.",
        "html": "<div align=\"justify\" width=\"100%\" id=\"body405726\" class=\"pbody\"><p class=\"left_margin\">Две окруж­но­сти ка­са­ют­ся внут­рен­ним об­ра­зом в точке <i>С</i>. Вер­ши­ны <i>A</i> и <i>B</i> рав­но­бед­рен­но­го пря­мо­уголь­но­го тре­уголь­ни­ка <i>ABC</i> c пря­мым углом <i>C</i> лежат на боль­шей и мень­шей окруж­но­стях со­от­вет­ствен­но. Пря­мая <i>AC</i> вто­рич­но пе­ре­се­ка­ет мень­шую окруж­ность в точке <i>D</i>. Пря­мая <i>BC</i> вто­рич­но пе­ре­се­ка­ет боль­шую окруж­ность в точке <i>E</i>. </p><p class=\"left_margin\">а)  До­ка­жи­те, что <i>AE</i> па­рал­лель­но <i>BD</i>.</p><p class=\"left_margin\">б)  Най­ди­те <i>AC</i>, если ра­ди­у­сы окруж­но­стей равны 8 и 15.</p></div>",
        "image_urls": []
    },
    "solution": {
        "text": "Решение. а)  Проведем общую касательную к окружностям в точке касания C. Угол между это касательной и AC обозначим за α. Тогда по теореме об угле между касательной и хордой  Таким образом, прямые DB и AE параллельны.б)  Заметим, что BD и AE  — диаметры окружностей. Тогда BD  =  16, AE  =  30, треугольники DBC и AEC подобны с коэффициентом подобия  Пусть AC  =  BC  =  x, заметим, что CE : CB  =  15 : 8, следовательно,  По теореме Пифагора для треугольника ACEОтвет: б) ",
        "html": "<div align=\"justify\" width=\"100%\" id=\"sol548386\" class=\"solution\" style=\"clear:both;\" class=\"pbody\"><p class=\"left_margin\"></p><b>Ре­ше­ние<!--rule_info-->. </b><p class=\"left_margin\"><img src=\"/get_file?id=148630\" style=\"float:right;margin:10px;max-width:100%\"></p><p class=\"left_margin\">а)  Про­ве­дем общую ка­са­тель­ную к окруж­но­стям в точке ка­са­ния <i>C</i>. Угол между это ка­са­тель­ной и <i>AC </i>обо­зна­чим за α. Тогда по тео­ре­ме об угле между ка­са­тель­ной и хор­дой </p><p class=\"left_margin\"></p><center><p><img src=\"https://ege.sdamgia.ru/formula/svg/b6/b6ff8f56beb552bad453ae20588f72eb.svg\" class=\"tex\" style=\"vertical-align:-1.8pt\" alt=\"\\angle DBC = \\angle альфа = \\angle AEC.\"></p><p class=\"left_margin\"></p></center><p> Таким об­ра­зом, пря­мые <i>DB</i> и <i>AE</i> па­рал­лель­ны.</p><p class=\"left_margin\">б)  За­ме­тим, что <i>BD</i> и <i>AE</i>  — диа­мет­ры окруж­но­стей. Тогда <i>BD</i>  =  16, <i>AE</i>  =  30, тре­уголь­ни­ки <i>DBC</i> и <i>AEC</i> по­доб­ны с ко­эф­фи­ци­ен­том по­до­бия <img src=\"https://ege.sdamgia.ru/formula/svg/80/80fd4aafc2b77a8410a1b8b835a0f6a2.svg\" class=\"tex\" style=\"vertical-align:-8.4pt\" alt=\"k= дробь: чис­ли­тель: 16, зна­ме­на­тель: 30 конец дроби = дробь: чис­ли­тель: 8, зна­ме­на­тель: 15 конец дроби . \"> Пусть <i>AC</i>  =  <i>BC</i>  =  <i>x</i>, за­ме­тим, что <i>CE</i> : <i>CB</i>  =  15 : 8, сле­до­ва­тель­но, <img src=\"https://ege.sdamgia.ru/formula/svg/21/21c13643c42853a2ade6593edd26c48b.svg\" class=\"tex\" style=\"vertical-align:-8.4pt\" alt=\" CE= дробь: чис­ли­тель: 15, зна­ме­на­тель: 8 конец дроби x. \"> По тео­ре­ме Пи­фа­го­ра для тре­уголь­ни­ка <i>ACE</i></p><p class=\"left_margin\"></p><center><p><img src=\"https://ege.sdamgia.ru/formula/svg/4f/4f040663531d81b338f409205b97e329.svg\" class=\"tex\" style=\"vertical-align:-11.2pt\" alt=\"x в квад­ра­те плюс левая круг­лая скоб­ка дробь: чис­ли­тель: 15, зна­ме­на­тель: 8 конец дроби x пра­вая круг­лая скоб­ка в квад­ра­те =30 в квад­ра­те рав­но­силь­но x= дробь: чис­ли­тель: 240, зна­ме­на­тель: 17 конец дроби . \"></p><p class=\"left_margin\"></p></center><p><span style=\"letter-spacing: 2px;\">Ответ:</span> б) <img src=\"https://ege.sdamgia.ru/formula/svg/d5/d5861ca2dd457812b38c964b2ff937a9.svg\" class=\"tex\" style=\"vertical-align:-8.5pt\" alt=\" дробь: чис­ли­тель: 240, зна­ме­на­тель: 17 конец дроби . \"></p></div>",
        "image_urls": [
            "https://ege.sdamgia.ru/formula/svg/b6/b6ff8f56beb552bad453ae20588f72eb.svg",
            "https://ege.sdamgia.ru/formula/svg/80/80fd4aafc2b77a8410a1b8b835a0f6a2.svg",
            "https://ege.sdamgia.ru/formula/svg/21/21c13643c42853a2ade6593edd26c48b.svg",
            "https://ege.sdamgia.ru/formula/svg/4f/4f040663531d81b338f409205b97e329.svg",
            "https://ege.sdamgia.ru/formula/svg/d5/d5861ca2dd457812b38c964b2ff937a9.svg",
            "/get_file?id=148630"
        ]
    },
    "answer": "б)",
    "topic_id": 17,
    "analog_ids": [
        548386,
        670299,
        670504
    ]
}