{
    "gia_type": "ege",
    "subject": "math",
    "id": 548566,
    "condition": {
        "text": "В остроугольном треугольнике ABC провели высоту CC1 и медиану AA1. Оказалось, что точки A, A1, C, C1 лежат на одной окружности. а)  Докажите, что треугольник ABC равнобедренный.б)  Найдите площадь треугольника ABC, если AA1 : CC1  =  4 : 3 и A1C1  =  6.",
        "html": "<div align=\"justify\" width=\"100%\" id=\"body405546\" class=\"pbody\"><p class=\"left_margin\">В ост­ро­уголь­ном тре­уголь­ни­ке <i>ABC</i> про­ве­ли вы­со­ту <i>CC</i><sub>1</sub> и ме­ди­а­ну <i>AA</i><sub>1</sub>. Ока­за­лось, что точки <i>A</i>, <i>A</i><sub>1</sub>, <i>C</i>, <i>C</i><sub>1</sub> лежат на одной окруж­но­сти. </p><p class=\"left_margin\">а)  До­ка­жи­те, что тре­уголь­ник <i>ABC</i> рав­но­бед­рен­ный.</p><p class=\"left_margin\">б)  Най­ди­те пло­щадь тре­уголь­ни­ка <i>ABC</i>, если <i>AA</i><sub>1</sub> : <i>CC</i><sub>1</sub>  =  4 : 3 и <i>A</i><sub>1</sub><i>C</i><sub>1</sub>  =  6.</p></div>",
        "image_urls": []
    },
    "solution": {
        "text": "Решение. а)  Угол AC1C равен 90°, следовательно, угол AA1C равен 90°, так как AC  — диаметр окружности. Тогда AA1  — высота и медиана треугольника ABC. Таким образом, отрезки AB и AC равны, что и требовалось доказать.б)  Треугольники ABA1 и CBC1 подобны по двум углам, следовательно,  Так как C1A1 медиана в прямоугольном треугольнике BC1C, то  Вычислим площадь равнобедренного треугольника ABC, боковые стороны которого равны 16, а основание BC  =  12Ответ: ",
        "html": "<div align=\"justify\" width=\"100%\" id=\"sol548566\" class=\"solution\" style=\"clear:both;\" class=\"pbody\"><p class=\"left_margin\"></p><b>Ре­ше­ние<!--rule_info-->. </b><p class=\"left_margin\"><img src=\"/get_file?id=148633\" style=\"float:right;margin:10px;max-width:100%\">а)  Угол <i>AC</i><sub>1</sub><i>C</i> равен 90°, сле­до­ва­тель­но, угол <i>AA</i><sub>1</sub><i>C</i> равен 90°, так как <i>AC</i>  — диа­метр окруж­но­сти. Тогда <i>AA</i><sub>1</sub>  — вы­со­та и ме­ди­а­на тре­уголь­ни­ка <i>ABC</i>. Таким об­ра­зом, от­рез­ки <i>AB</i> и <i>AC</i> равны, что и тре­бо­ва­лось до­ка­зать.</p><p class=\"left_margin\">б)  Тре­уголь­ни­ки <i>ABA</i><sub>1</sub> и <i>CBC</i><sub>1</sub> по­доб­ны по двум углам, сле­до­ва­тель­но, <img src=\"https://ege.sdamgia.ru/formula/svg/68/68fec8bed6970caf020f36c3d5807990.svg\" class=\"tex\" style=\"vertical-align:-10.0pt\" alt=\" дробь: чис­ли­тель: AB, зна­ме­на­тель: CB конец дроби = дробь: чис­ли­тель: AA_1, зна­ме­на­тель: CC_1 конец дроби = дробь: чис­ли­тель: 4, зна­ме­на­тель: 3 конец дроби . \"> Так как <i>C</i><sub>1</sub><i>A</i><sub>1</sub> ме­ди­а­на в пря­мо­уголь­ном тре­уголь­ни­ке <i>BC</i><sub>1</sub><i>C</i>, то </p><p class=\"left_margin\"></p><center><p><img src=\"https://ege.sdamgia.ru/formula/svg/05/050f894c88f05db3364cc114a6345c0f.svg\" class=\"tex\" style=\"vertical-align:-8.4pt\" alt=\"C_1A_1= дробь: чис­ли­тель: 1, зна­ме­на­тель: 2 конец дроби BC рав­но­силь­но BC=12 \\Rightarrow AB=16.\"></p><p class=\"left_margin\"></p></center><p> Вы­чис­лим пло­щадь рав­но­бед­рен­но­го тре­уголь­ни­ка <i>ABC</i>, бо­ко­вые сто­ро­ны ко­то­ро­го равны 16, а ос­но­ва­ние <i>BC</i>  =  12</p><p class=\"left_margin\"></p><center><p><img src=\"https://ege.sdamgia.ru/formula/svg/cc/cca73df451749d891784ae2c109fe415.svg\" class=\"tex\" style=\"vertical-align:-8.4pt\" alt=\"S_ABC= дробь: чис­ли­тель: AA_1 умно­жить на BC, зна­ме­на­тель: 2 конец дроби = дробь: чис­ли­тель: ко­рень из: на­ча­ло ар­гу­мен­та: 16 в квад­ра­те минус 6 в квад­ра­те конец ар­гу­мен­та умно­жить на 12, зна­ме­на­тель: 2 конец дроби = 12 ко­рень из: на­ча­ло ар­гу­мен­та: 55 конец ар­гу­мен­та . \"></p><p class=\"left_margin\"></p></center><p><span style=\"letter-spacing: 2px;\">Ответ:</span> <img src=\"https://ege.sdamgia.ru/formula/svg/d3/d360da02ecaf05b55812263d349a6e1e.svg\" class=\"tex\" style=\"vertical-align:-1.8pt\" alt=\" 12 ко­рень из: на­ча­ло ар­гу­мен­та: 55 конец ар­гу­мен­та .\"></p></div>",
        "image_urls": [
            "https://ege.sdamgia.ru/formula/svg/68/68fec8bed6970caf020f36c3d5807990.svg",
            "https://ege.sdamgia.ru/formula/svg/05/050f894c88f05db3364cc114a6345c0f.svg",
            "https://ege.sdamgia.ru/formula/svg/cc/cca73df451749d891784ae2c109fe415.svg",
            "https://ege.sdamgia.ru/formula/svg/d3/d360da02ecaf05b55812263d349a6e1e.svg",
            "/get_file?id=148633"
        ]
    },
    "answer": "",
    "topic_id": 17,
    "analog_ids": []
}