{
    "gia_type": "ege",
    "subject": "math",
    "id": 555718,
    "condition": {
        "text": "В окружности с центром O проведена хорда AB, на которой выбрана точка M. Вторая окружность, описанная около треугольника MAO, повторно пересекает первую окружность в точке K.а)  Докажите, что BM  =  MK.б)  Найдите площадь треугольника OMK, если OM  =  11 и BK  =  12.",
        "html": "<div align=\"justify\" width=\"100%\" id=\"body398394\" class=\"pbody\"><p class=\"left_margin\">В окруж­но­сти с цен­тром <i>O</i> про­ве­де­на хорда <i>AB</i>, на ко­то­рой вы­бра­на точка <i>M</i>. Вто­рая окруж­ность, опи­сан­ная около тре­уголь­ни­ка <i>MAO</i>, по­втор­но пе­ре­се­ка­ет первую окруж­ность в точке <i>K</i>.</p><p class=\"left_margin\">а)  До­ка­жи­те, что <i>BM</i>  =  <i>MK</i>.</p><p class=\"left_margin\">б)  Най­ди­те пло­щадь тре­уголь­ни­ка <i>OMK</i>, если <i>OM</i>  =  11 и <i>BK</i>  =  12.</p></div>",
        "image_urls": []
    },
    "solution": {
        "text": "Решение. а)  Угол AOK  — центральный угол, опирающийся на дугу AK, а угол ABK  — вписанный угол, опирающийся на дугу AK, следовательно,  Во второй окружности углы AOK и AМK являются вписанными, опирающимися на дугу AK, следовательно,  Получаем, что Рассмотрим треугольник BMK. По теореме о внешнем угле треугольникаОтсюда следует, что MB  =  MK.б)  Поскольку MB  =  MK, точка M лежит на серединном перпендикуляре к отрезку BK. Отрезки OB и OK равны как радиусы окружности, поэтому точка O также лежит на указанном серединном перпендикуляре. Следовательно, OM  — серединный перпендикуляр к отрезку BK, а значит,Ответ: 33.",
        "html": "<div align=\"justify\" width=\"100%\" id=\"sol555718\" class=\"solution\" style=\"clear:both;\" class=\"pbody\"><p class=\"left_margin\"></p><b>Ре­ше­ние<!--rule_info-->. </b><p class=\"left_margin\"><img src=\"/get_file?id=148909\" style=\"float:right;margin:10px;max-width:100%\"></p><p class=\"left_margin\">а)  Угол <i>AOK</i>  — цен­траль­ный угол, опи­ра­ю­щий­ся на дугу <i>AK</i>, а угол <i>ABK</i>  — впи­сан­ный угол, опи­ра­ю­щий­ся на дугу <i>AK</i>, сле­до­ва­тель­но, <img src=\"https://ege.sdamgia.ru/formula/svg/e8/e8edd3e7c0ee91badf0171fb44c04451.svg\" class=\"tex\" style=\"vertical-align:-1.8pt\" alt=\"\\angle AOK =2\\angle ABK.\"> Во вто­рой окруж­но­сти углы <i>AOK</i> и <i>AМK</i> яв­ля­ют­ся впи­сан­ны­ми, опи­ра­ю­щи­ми­ся на дугу <i>AK</i>, сле­до­ва­тель­но, <img src=\"https://ege.sdamgia.ru/formula/svg/b7/b72ae67a65ccbd8ec16d2cf70ec4b92d.svg\" class=\"tex\" style=\"vertical-align:-1.8pt\" alt=\"\\angle AOK =\\angle AMK.\"> По­лу­ча­ем, что <img src=\"https://ege.sdamgia.ru/formula/svg/c1/c15caa4192e0c3ed099c8755baa132d1.svg\" class=\"tex\" style=\"vertical-align:-1.8pt\" alt=\"\\angle AMK =2\\angle ABK.\"></p><p class=\"left_margin\">Рас­смот­рим тре­уголь­ник <i>BMK</i>. По тео­ре­ме о внеш­нем угле тре­уголь­ни­ка</p><p class=\"left_margin\"></p><center><p><img src=\"https://ege.sdamgia.ru/formula/svg/0c/0c4781ee754627e2451e111b65de5d91.svg\" class=\"tex\" style=\"vertical-align:-1.8pt\" alt=\"\\angle MKB=\\angle AMK минус \\angle MBK=2\\angle MBK минус \\angle MBK=\\angle MBK.\"></p><p class=\"left_margin\"></p></center><p class=\"left_margin\">От­сю­да сле­ду­ет, что <i>MB</i>  =  <i>MK</i>.</p><p class=\"left_margin\">б)  По­сколь­ку <i>MB</i>  =  <i>MK</i>, точка <i>M</i> лежит на се­ре­дин­ном пер­пен­ди­ку­ля­ре к от­рез­ку <i>BK</i>. От­рез­ки <i>OB</i> и <i>OK</i> равны как ра­ди­у­сы окруж­но­сти, по­это­му точка <i>O</i> также лежит на ука­зан­ном се­ре­дин­ном пер­пен­ди­ку­ля­ре. Сле­до­ва­тель­но, <i>OM</i>  — се­ре­дин­ный пер­пен­ди­ку­ляр к от­рез­ку <i>BK</i>, а зна­чит,</p><p class=\"left_margin\"></p><center><p><img src=\"https://ege.sdamgia.ru/formula/svg/82/82574416a8acedfd56fe4062512f09d0.svg\" class=\"tex\" style=\"vertical-align:-8.4pt\" alt=\"S_OKM= дробь: чис­ли­тель: 1, зна­ме­на­тель: 2 конец дроби умно­жить на дробь: чис­ли­тель: BK, зна­ме­на­тель: 2 конец дроби умно­жить на OM=33. \"></p><p class=\"left_margin\"></p></center><p><span style=\"letter-spacing: 2px;\">Ответ:</span> 33.</p></div>",
        "image_urls": [
            "https://ege.sdamgia.ru/formula/svg/e8/e8edd3e7c0ee91badf0171fb44c04451.svg",
            "https://ege.sdamgia.ru/formula/svg/b7/b72ae67a65ccbd8ec16d2cf70ec4b92d.svg",
            "https://ege.sdamgia.ru/formula/svg/c1/c15caa4192e0c3ed099c8755baa132d1.svg",
            "https://ege.sdamgia.ru/formula/svg/0c/0c4781ee754627e2451e111b65de5d91.svg",
            "https://ege.sdamgia.ru/formula/svg/82/82574416a8acedfd56fe4062512f09d0.svg",
            "/get_file?id=148909"
        ]
    },
    "answer": "33.",
    "topic_id": 17,
    "analog_ids": [
        555718,
        555898
    ]
}