{
    "gia_type": "ege",
    "subject": "math",
    "id": 563597,
    "condition": {
        "text": "Треугольник ABC прямоугольный с прямым углом C. Проведена высота CH. На сторонах AC и BC соответственно отмечены точки M и N так, что  угол MHN прямой.а)  Докажите, что треугольники MNH и ABC подобны.б)  Найдите BN, если ",
        "html": "<div align=\"justify\" width=\"100%\" id=\"body456561\" class=\"pbody\"><p class=\"left_margin\">Тре­уголь­ник <i>ABC</i> пря­мо­уголь­ный с пря­мым углом <i>C.</i> Про­ве­де­на вы­со­та <i>CH.</i> На сто­ро­нах <i>AC</i> и <i>BC</i> со­от­вет­ствен­но от­ме­че­ны точки <i>M</i> и <i>N</i> так, что  угол <i>MHN</i> пря­мой.</p><p class=\"left_margin\">а)  До­ка­жи­те, что тре­уголь­ни­ки <i>MNH</i> и <i>ABC</i> по­доб­ны.</p><p class=\"left_margin\">б)  Най­ди­те <i>BN</i>, если <img src=\"https://ege.sdamgia.ru/formula/svg/d2/d2b24bb430ed9857b731192c7a0c1163.svg\" class=\"tex\" style=\"vertical-align:-3.0pt\" alt=\"AM = 9, MC = 3, BC = 8.\"></p></div>",
        "image_urls": [
            "https://ege.sdamgia.ru/formula/svg/d2/d2b24bb430ed9857b731192c7a0c1163.svg"
        ]
    },
    "solution": {
        "text": "Решение. а)  Заметим, что сумма углов MHN и MCN равна 180°, поэтому четырехугольник CMHN вписан в окружность. Углы HMN и HCN равны как вписанные. Углы HCN и CAB равны, потому что каждый из них равен  Таким образом, треугольники HMN и CAB подобны по двум углам. Что и требовалось доказать.б)  Заметим, что  а   Поэтому треугольники CMH и BNH подобны по двум углам, причем из пункта а) следует, что   Из этой цепочки равенств получаем, что  Ответ:  2.",
        "html": "<div align=\"justify\" width=\"100%\" id=\"sol563597\" class=\"solution\" style=\"clear:both;\" class=\"pbody\"><p class=\"left_margin\"></p><b>Ре­ше­ние<!--rule_info-->. </b><p class=\"left_margin\"><img src=\"/get_file?id=150037\" style=\"float:right;margin:10px;max-width:100%\"></p><p class=\"left_margin\">а)  За­ме­тим, что сумма углов <i>MHN</i> и <i>MCN</i> равна 180°, по­это­му че­ты­рех­уголь­ник <i>CMHN</i> впи­сан в окруж­ность. Углы <i>HMN</i> и <i>HCN</i> равны как впи­сан­ные. Углы <i>HCN</i> и <i>CAB</i> равны, по­то­му что каж­дый из них равен <img src=\"https://ege.sdamgia.ru/formula/svg/fa/faa3742e3b684549313f5cf0a5bb27c6.svg\" class=\"tex\" style=\"vertical-align:-1.8pt\" alt=\"90 в сте­пе­ни левая круг­лая скоб­ка \\circ пра­вая круг­лая скоб­ка минус \\angle ABC.\"> Таким об­ра­зом, тре­уголь­ни­ки <i>HMN</i> и <i>CAB</i> по­доб­ны по двум углам. Что и тре­бо­ва­лось до­ка­зать.</p><p class=\"left_margin\">б)  За­ме­тим, что <img src=\"https://ege.sdamgia.ru/formula/svg/44/4472954a8fa55843786cd0c5f582657a.svg\" class=\"tex\" style=\"vertical-align:-3.0pt\" alt=\"\\angle CMH=180 в сте­пе­ни левая круг­лая скоб­ка \\circ пра­вая круг­лая скоб­ка минус \\angle CNH=\\angle BNH,\"> а  <img src=\"https://ege.sdamgia.ru/formula/svg/8b/8b0ddf705f71f36b9728f2065524d852.svg\" class=\"tex\" style=\"vertical-align:-1.8pt\" alt=\"\\angle MCH=90 в сте­пе­ни левая круг­лая скоб­ка \\circ пра­вая круг­лая скоб­ка минус \\angle A=\\angle B.\"> По­это­му тре­уголь­ни­ки <i>CMH</i> и <i>BNH</i> по­доб­ны по двум углам, при­чем из пунк­та а) сле­ду­ет, что </p><p class=\"left_margin\"></p><center><p><img src=\"https://ege.sdamgia.ru/formula/svg/f4/f4573bebd7523910222faee6fd1d2470.svg\" class=\"tex\" style=\"vertical-align:-8.4pt\" alt=\" дробь: чис­ли­тель: CM, зна­ме­на­тель: BN конец дроби = дробь: чис­ли­тель: MH, зна­ме­на­тель: HN конец дроби = дробь: чис­ли­тель: AC, зна­ме­на­тель: BC конец дроби = дробь: чис­ли­тель: 12, зна­ме­на­тель: 8 конец дроби = дробь: чис­ли­тель: 3, зна­ме­на­тель: 2 конец дроби . \"> </p><p class=\"left_margin\"></p></center><p> Из этой це­поч­ки ра­венств по­лу­ча­ем, что <img src=\"https://ege.sdamgia.ru/formula/svg/d6/d64e162e1a7aef53e65eca6eeeed5589.svg\" class=\"tex\" style=\"vertical-align:-1.8pt\" alt=\"BN=2.\"></p><p>&nbsp;</p><p><span style=\"letter-spacing: 2px;\">Ответ:</span>  2.</p></div>",
        "image_urls": [
            "https://ege.sdamgia.ru/formula/svg/fa/faa3742e3b684549313f5cf0a5bb27c6.svg",
            "https://ege.sdamgia.ru/formula/svg/44/4472954a8fa55843786cd0c5f582657a.svg",
            "https://ege.sdamgia.ru/formula/svg/8b/8b0ddf705f71f36b9728f2065524d852.svg",
            "https://ege.sdamgia.ru/formula/svg/f4/f4573bebd7523910222faee6fd1d2470.svg",
            "https://ege.sdamgia.ru/formula/svg/d6/d64e162e1a7aef53e65eca6eeeed5589.svg",
            "/get_file?id=150037"
        ]
    },
    "answer": "2.",
    "topic_id": 17,
    "analog_ids": [
        563597,
        563665
    ]
}