{
    "gia_type": "ege",
    "subject": "math",
    "id": 563898,
    "condition": {
        "text": "Окружность с центром О, построенная на катете AC прямоугольного треугольника ABC как на диаметре, пересекает гипотенузу AB в точках A и D. Касательная проведенная к этой окружности в точке D, пересекает катет BC в точке M.а)  Докажите, что BM  =  CM.б)  Прямая DM пересекает прямую AC в точке P, прямая OM пересекает прямую BP в точке K. Найдите BK : KP, если ",
        "html": "<div align=\"justify\" width=\"100%\" id=\"body455750\" class=\"pbody\"><p class=\"left_margin\">Окруж­ность с цен­тром <i>О</i>, по­стро­ен­ная на ка­те­те <i>AC</i> пря­мо­уголь­но­го тре­уголь­ни­ка <i>ABC</i> как на диа­мет­ре, пе­ре­се­ка­ет ги­по­те­ну­зу <i>AB</i> в точ­ках <i>A</i> и <i>D</i>. Ка­са­тель­ная про­ве­ден­ная к этой окруж­но­сти в точке <i>D</i>, пе­ре­се­ка­ет катет <i>BC</i> в точке <i>M</i>.</p><p class=\"left_margin\">а)  До­ка­жи­те, что <i>BM</i>  =  <i>CM.</i></p><p class=\"left_margin\">б)  Пря­мая <i>DM</i> пе­ре­се­ка­ет пря­мую <i>AC</i> в точке <i>P</i>, пря­мая <i>OM</i> пе­ре­се­ка­ет пря­мую <i>BP</i> в точке <i>K</i>. Най­ди­те <nobr><i>BK</i> : <i>KP</i>,</nobr> если <img src=\"https://ege.sdamgia.ru/formula/svg/ae/ae3684987583f658034d1ac735ff702c.svg\" class=\"tex\" style=\"vertical-align:-8.5pt\" alt=\" ко­си­нус \\angle BAC = дробь: чис­ли­тель: 4, зна­ме­на­тель: 5 конец дроби .\"></p></div>",
        "image_urls": [
            "https://ege.sdamgia.ru/formula/svg/ae/ae3684987583f658034d1ac735ff702c.svg"
        ]
    },
    "solution": {
        "text": "Решение. а)  Заметим, что вписанный угол ADC опирается на диаметр, поэтому CD  —  высота треугольника ABC. Далее, MC  =  MD как касательные к окружности (MC касательная, так как угол MCO  —  прямой). Треугольник MCD равнобедренный, поэтому углы  MCD  и MDC равны. Далее вычислим: Отсюда MB  =  MD, а значит, и BM  =  CM. Что и требовалось доказать.б)  Заметим, что OM  —  средняя линия треугольника ABC, поэтому отрезки OK и AB параллельны. Отсюда   Вычислим отношение BK к KP:Ответ:  ",
        "html": "<div align=\"justify\" width=\"100%\" id=\"sol563898\" class=\"solution\" style=\"clear:both;\" class=\"pbody\"><p class=\"left_margin\"></p><b>Ре­ше­ние<!--rule_info-->. </b><p class=\"left_margin\"><img src=\"/get_file?id=150040\" style=\"float:right;margin:10px;max-width:100%\"></p><p class=\"left_margin\">а)  За­ме­тим, что впи­сан­ный угол <i>ADC</i> опи­ра­ет­ся на диа­метр, по­это­му <nobr><i>CD</i>  — </nobr> вы­со­та тре­уголь­ни­ка <i>ABC</i>. Далее, <i>MC</i>  =  <i>MD</i> как ка­са­тель­ные к окруж­но­сти (<i>MC</i> ка­са­тель­ная, так как угол <nobr><i>MCO</i>  — </nobr> пря­мой). Тре­уголь­ник <i>MCD</i> рав­но­бед­рен­ный, по­это­му углы  <i>MCD</i>  и <i>MDC</i> равны. Далее вы­чис­лим:</p><p class=\"left_margin\"></p><center><p><img src=\"https://ege.sdamgia.ru/formula/svg/89/89759606e6448c2b3b907f099bd54ca1.svg\" class=\"tex\" style=\"vertical-align:-1.8pt\" alt=\"\\angle MDB=90 в сте­пе­ни левая круг­лая скоб­ка \\circ пра­вая круг­лая скоб­ка минус \\angle MDC=90 в сте­пе­ни левая круг­лая скоб­ка \\circ пра­вая круг­лая скоб­ка минус \\angle MCD=\\angle MBD.\"></p><p class=\"left_margin\"></p></center><p> От­сю­да <i>MB</i>  =  <i>MD</i>, а зна­чит, и <i>BM</i>  =  <i>CM</i>. Что и тре­бо­ва­лось до­ка­зать.</p><p class=\"left_margin\">б)  За­ме­тим, что <nobr><i>OM</i>  — </nobr> сред­няя линия тре­уголь­ни­ка <i>ABC,</i> по­это­му от­рез­ки <i>OK</i> и <i>AB</i> па­рал­лель­ны. От­сю­да </p><p class=\"left_margin\"></p><center><p><img src=\"https://ege.sdamgia.ru/formula/svg/da/da5d770389b3c5258541b43d49cad939.svg\" class=\"tex\" style=\"vertical-align:-1.8pt\" alt=\"BK:KP=DM:MP=CM:MP= ко­си­нус \\angle CMP.\"></p><p class=\"left_margin\"></p></center> <p> Вы­чис­лим от­но­ше­ние <i>BK</i> к <i>KP</i>:</p><p class=\"left_margin\"></p><center><p><img src=\"https://ege.sdamgia.ru/formula/svg/02/02350f75cd9daaaf4382bf475a3f6cf5.svg\" class=\"tex\" style=\"vertical-align:-11.1pt\" alt=\" ко­си­нус \\angle CMP= ко­си­нус 2\\angle MCD= ко­си­нус 2\\angle BAC=2 умно­жить на левая круг­лая скоб­ка дробь: чис­ли­тель: 4, зна­ме­на­тель: 5 конец дроби пра­вая круг­лая скоб­ка в квад­ра­те минус 1= дробь: чис­ли­тель: 7, зна­ме­на­тель: 25 конец дроби . \"></p><p class=\"left_margin\"></p></center><p><span style=\"letter-spacing: 2px;\">Ответ:</span>  <img src=\"https://ege.sdamgia.ru/formula/svg/7b/7bed5a5d50801a86e2c8c79d3cb0e9fe.svg\" class=\"tex\" style=\"vertical-align:-8.5pt\" alt=\" дробь: чис­ли­тель: 7, зна­ме­на­тель: 25 конец дроби . \"></p></div>",
        "image_urls": [
            "https://ege.sdamgia.ru/formula/svg/89/89759606e6448c2b3b907f099bd54ca1.svg",
            "https://ege.sdamgia.ru/formula/svg/da/da5d770389b3c5258541b43d49cad939.svg",
            "https://ege.sdamgia.ru/formula/svg/02/02350f75cd9daaaf4382bf475a3f6cf5.svg",
            "https://ege.sdamgia.ru/formula/svg/7b/7bed5a5d50801a86e2c8c79d3cb0e9fe.svg",
            "/get_file?id=150040"
        ]
    },
    "answer": "",
    "topic_id": 17,
    "analog_ids": [
        563898,
        563919
    ]
}