{
    "gia_type": "ege",
    "subject": "math",
    "id": 628370,
    "condition": {
        "text": "Прямая, проходящая через середину M стороны BC треугольника ABC, пересекает сторону AC в точке K, причём а)  Докажите, что б)  Найдите медиану MN треугольника CKM, если BC  =  20,  CK  =  8.",
        "html": "<div align=\"justify\" width=\"100%\" id=\"body522350\" class=\"pbody\"><p class=\"left_margin\">Пря­мая, про­хо­дя­щая через се­ре­ди­ну <i>M</i> сто­ро­ны <i>BC</i> тре­уголь­ни­ка <i>ABC</i>, пе­ре­се­ка­ет сто­ро­ну <i>AC</i> в точке <i>K</i>, причём <img src=\"https://ege.sdamgia.ru/formula/svg/15/15d57fc7f5485f62cecf1c68f5421a8e.svg\" class=\"tex\" style=\"vertical-align:-1.8pt\" alt=\"\\angle CMK=\\angle BAC.\"></p><p class=\"left_margin\">а)  До­ка­жи­те, что <img src=\"https://ege.sdamgia.ru/formula/svg/04/04d803fe39d57b841d80561865ac3595.svg\" class=\"tex\" style=\"vertical-align:-1.8pt\" alt=\"\\angle BAM=\\angle BKM.\"></p><p class=\"left_margin\">б)  Най­ди­те ме­ди­а­ну <i>MN</i> тре­уголь­ни­ка <i>CKM</i>, если <i>BC</i>  =  20, <img src=\"https://ege.sdamgia.ru/formula/svg/e8/e84c184aecfed165186394d858ca79c4.svg\" class=\"tex\" style=\"vertical-align:-3.1pt\" alt=\"AB= ко­рень из: на­ча­ло ар­гу­мен­та: 87 конец ар­гу­мен­та ,\"> <i>CK</i>  =  8.</p></div>",
        "image_urls": [
            "https://ege.sdamgia.ru/formula/svg/15/15d57fc7f5485f62cecf1c68f5421a8e.svg",
            "https://ege.sdamgia.ru/formula/svg/04/04d803fe39d57b841d80561865ac3595.svg",
            "https://ege.sdamgia.ru/formula/svg/e8/e84c184aecfed165186394d858ca79c4.svg"
        ]
    },
    "solution": {
        "text": "Решение. а)  Поскольку около четырёхугольника ABMK можно описать окружность. Вписанные в эту окружность углы BAM и BKM опираются на одну и ту же дугу, следовательно, они равны.б)  Треугольники MKC и ABC подобны по двум углам (угол при вершине C общий), поэтому  откуда следует, что  По формуле для медианы треугольника находим, чтоОтвет: б) 6,4.",
        "html": "<div align=\"justify\" width=\"100%\" id=\"sol628370\" class=\"solution\" style=\"clear:both;\" class=\"pbody\"><p class=\"left_margin\"></p><b>Ре­ше­ние<!--rule_info-->. </b><p class=\"left_margin\"><img src=\"/get_file?id=150047\" style=\"float:right;margin:10px;max-width:100%\"></p><p class=\"left_margin\">а)  По­сколь­ку</p><p class=\"left_margin\"></p><center><p><img src=\"https://ege.sdamgia.ru/formula/svg/46/463bf83e09416c1ad541e32e83509863.svg\" class=\"tex\" style=\"vertical-align:-3.0pt\" alt=\"\\angle BMK=180 гра­ду­сов минус \\angle CMK=180 гра­ду­сов минус \\angle BAC=180 гра­ду­сов минус \\angle BAK,\"></p><p class=\"left_margin\"></p></center><p> около четырёхуголь­ни­ка <i>ABMK</i> можно опи­сать окруж­ность. Впи­сан­ные в эту окруж­ность углы <i>BAM</i> и <i>BKM</i> опи­ра­ют­ся на одну и ту же дугу, сле­до­ва­тель­но, они равны.</p><p class=\"left_margin\">б)  Тре­уголь­ни­ки <i>MKC</i> и <i>ABC</i> по­доб­ны по двум углам (угол при вер­ши­не <i>C</i> общий), по­это­му <img src=\"https://ege.sdamgia.ru/formula/svg/a0/a04cafce6bed81132ae80bcadd3336b0.svg\" class=\"tex\" style=\"vertical-align:-8.4pt\" alt=\" дробь: чис­ли­тель: CK, зна­ме­на­тель: BC конец дроби = дробь: чис­ли­тель: MK, зна­ме­на­тель: AB конец дроби , \"> от­ку­да сле­ду­ет, что </p><p class=\"left_margin\"></p><center><p><img src=\"https://ege.sdamgia.ru/formula/svg/a7/a7a44953c74f1c6889366dd0c1a7f379.svg\" class=\"tex\" style=\"vertical-align:-8.6pt\" alt=\"MK= дробь: чис­ли­тель: AB умно­жить на CK, зна­ме­на­тель: BC конец дроби = дробь: чис­ли­тель: 2 ко­рень из: на­ча­ло ар­гу­мен­та: 87 конец ар­гу­мен­та , зна­ме­на­тель: 5 конец дроби . \"></p><p class=\"left_margin\"></p></center><p> По фор­му­ле для ме­ди­а­ны тре­уголь­ни­ка на­хо­дим, что</p><p class=\"left_margin\"></p><center><p><span data-width=\"640\" data-formulahash=\"985007cb6aaa09d56e9ce7f94c1bbafc\" class=\"tex-span\" style=\"\"><img src=\"https://ege.sdamgia.ru/formula/svg/98/985007cb6aaa09d56e9ce7f94c1bbafc.svg\" class=\"tex\" style=\"vertical-align:-9.4pt\" alt=\"MN= дробь: чис­ли­тель: 1, зна­ме­на­тель: 2 конец дроби ко­рень из: на­ча­ло ар­гу­мен­та: 2MK в квад­ра­те плюс 2MC в квад­ра­те минус KC в квад­ра­те конец ар­гу­мен­та = дробь: чис­ли­тель: 1, зна­ме­на­тель: 2 конец дроби ко­рень из: на­ча­ло ар­гу­мен­та: 2 умно­жить на дробь: чис­ли­тель: 4 умно­жить на 87, зна­ме­на­тель: 25 конец дроби плюс 2 умно­жить на 100 минус 64 конец ар­гу­мен­та = дробь: чис­ли­тель: 1, зна­ме­на­тель: 2 конец дроби умно­жить на ко­рень из: на­ча­ло ар­гу­мен­та: дробь: чис­ли­тель: 4096, зна­ме­на­тель: 25 конец дроби конец ар­гу­мен­та = дробь: чис­ли­тель: 32, зна­ме­на­тель: 5 конец дроби =6,4. \"></span><span data-width=\"590\" data-formulahash=\"985007cb6aaa09d56e9ce7f94c1bbafc\" class=\"tex-span\" style=\"display:none\"><img src=\"https://ege.sdamgia.ru/formula/svg/bc/bc0f39915615aa87180c2ac7a5bd9dfc.svg\" class=\"tex\" style=\"vertical-align:-8.4pt\" alt=\"MN= дробь: чис­ли­тель: 1, зна­ме­на­тель: 2 конец дроби ко­рень из: на­ча­ло ар­гу­мен­та: 2MK в квад­ра­те плюс 2MC в квад­ра­те минус KC в квад­ра­те конец ар­гу­мен­та =\"><br><img src=\"https://ege.sdamgia.ru/formula/svg/13/13093350c1569dc06054e1fe5e407bb0.svg\" class=\"tex\" style=\"vertical-align:-9.4pt\" alt=\"= дробь: чис­ли­тель: 1, зна­ме­на­тель: 2 конец дроби ко­рень из: на­ча­ло ар­гу­мен­та: 2 умно­жить на дробь: чис­ли­тель: 4 умно­жить на 87, зна­ме­на­тель: 25 конец дроби плюс 2 умно­жить на 100 минус 64 конец ар­гу­мен­та = дробь: чис­ли­тель: 1, зна­ме­на­тель: 2 конец дроби умно­жить на ко­рень из: на­ча­ло ар­гу­мен­та: дробь: чис­ли­тель: 4096, зна­ме­на­тель: 25 конец дроби конец ар­гу­мен­та = дробь: чис­ли­тель: 32, зна­ме­на­тель: 5 конец дроби =6,4. \"></span><span data-width=\"365\" data-formulahash=\"985007cb6aaa09d56e9ce7f94c1bbafc\" class=\"tex-span\" style=\"display:none\"><img src=\"https://ege.sdamgia.ru/formula/svg/bc/bc0f39915615aa87180c2ac7a5bd9dfc.svg\" class=\"tex\" style=\"vertical-align:-8.4pt\" alt=\"MN= дробь: чис­ли­тель: 1, зна­ме­на­тель: 2 конец дроби ко­рень из: на­ча­ло ар­гу­мен­та: 2MK в квад­ра­те плюс 2MC в квад­ра­те минус KC в квад­ра­те конец ар­гу­мен­та =\"><br><img src=\"https://ege.sdamgia.ru/formula/svg/ee/eedc12508bccd72dd6e90d333a6920a5.svg\" class=\"tex\" style=\"vertical-align:-9.4pt\" alt=\"= дробь: чис­ли­тель: 1, зна­ме­на­тель: 2 конец дроби ко­рень из: на­ча­ло ар­гу­мен­та: 2 умно­жить на дробь: чис­ли­тель: 4 умно­жить на 87, зна­ме­на­тель: 25 конец дроби плюс 2 умно­жить на 100 минус 64 конец ар­гу­мен­та = \"><br><img src=\"https://ege.sdamgia.ru/formula/svg/b5/b517b0782d7c1970cc0b2c6d79e26769.svg\" class=\"tex\" style=\"vertical-align:-9.3pt\" alt=\"= дробь: чис­ли­тель: 1, зна­ме­на­тель: 2 конец дроби умно­жить на ко­рень из: на­ча­ло ар­гу­мен­та: дробь: чис­ли­тель: 4096, зна­ме­на­тель: 25 конец дроби конец ар­гу­мен­та = дробь: чис­ли­тель: 32, зна­ме­на­тель: 5 конец дроби =6,4. \"></span></p><p class=\"left_margin\"></p></center><p><span style=\"letter-spacing: 2px;\">Ответ:</span> б) 6,4.</p></div>",
        "image_urls": [
            "https://ege.sdamgia.ru/formula/svg/46/463bf83e09416c1ad541e32e83509863.svg",
            "https://ege.sdamgia.ru/formula/svg/a0/a04cafce6bed81132ae80bcadd3336b0.svg",
            "https://ege.sdamgia.ru/formula/svg/a7/a7a44953c74f1c6889366dd0c1a7f379.svg",
            "https://ege.sdamgia.ru/formula/svg/98/985007cb6aaa09d56e9ce7f94c1bbafc.svg",
            "https://ege.sdamgia.ru/formula/svg/bc/bc0f39915615aa87180c2ac7a5bd9dfc.svg",
            "https://ege.sdamgia.ru/formula/svg/13/13093350c1569dc06054e1fe5e407bb0.svg",
            "https://ege.sdamgia.ru/formula/svg/bc/bc0f39915615aa87180c2ac7a5bd9dfc.svg",
            "https://ege.sdamgia.ru/formula/svg/ee/eedc12508bccd72dd6e90d333a6920a5.svg",
            "https://ege.sdamgia.ru/formula/svg/b5/b517b0782d7c1970cc0b2c6d79e26769.svg",
            "/get_file?id=150047"
        ]
    },
    "answer": "б) 6,4.",
    "topic_id": 17,
    "analog_ids": [
        628370,
        628488
    ]
}