{
    "gia_type": "ege",
    "subject": "math",
    "id": 639678,
    "condition": {
        "text": "Две окружности касаются внутренним образом в точке K, причём меньшая проходит через центр большей. Хорда MN большей окружности касается меньшей в точке C. Хорды KM и KN пересекают меньшую окружность в точках A и B соответственно, а отрезки KC и AB пересекаются в точке L.а)  Докажите, что б)  Найдите MN, если  а радиус малой окружности равен ",
        "html": "<div align=\"justify\" width=\"100%\" id=\"body502850\" class=\"pbody\"><p class=\"left_margin\">Две окруж­но­сти ка­са­ют­ся внут­рен­ним об­ра­зом в точке <i>K</i>, причём мень­шая про­хо­дит через центр боль­шей. Хорда <i>MN</i> боль­шей окруж­но­сти ка­са­ет­ся мень­шей в точке <i>C</i>. Хорды <i>KM</i> и <i>KN</i> пе­ре­се­ка­ют мень­шую окруж­ность в точ­ках <i>A</i> и <i>B</i> со­от­вет­ствен­но, а от­рез­ки <i>KC</i> и <i>AB</i> пе­ре­се­ка­ют­ся в точке <i>L</i>.</p><p class=\"left_margin\">а)  До­ка­жи­те, что <img src=\"https://ege.sdamgia.ru/formula/svg/43/43c7042f7b9a4c647943a8d68411406b.svg\" class=\"tex\" style=\"vertical-align:-1.8pt\" alt=\"C N: C M=L B: L A.\"></p><p class=\"left_margin\">б)  Най­ди­те <i>MN</i>, если <img src=\"https://ege.sdamgia.ru/formula/svg/43/43e00eb1bcb32aa5840769b6c8577bdd.svg\" class=\"tex\" style=\"vertical-align:-3.0pt\" alt=\"L B: L A=2: 3,\"> а ра­ди­ус малой окруж­но­сти равен <img src=\"https://ege.sdamgia.ru/formula/svg/ed/ed5a4a1ddbd46bb051006d58411e775b.svg\" class=\"tex\" style=\"vertical-align:-1.8pt\" alt=\" ко­рень из: на­ча­ло ар­гу­мен­та: 23 конец ар­гу­мен­та .\"></p></div>",
        "image_urls": [
            "https://ege.sdamgia.ru/formula/svg/43/43c7042f7b9a4c647943a8d68411406b.svg",
            "https://ege.sdamgia.ru/formula/svg/43/43e00eb1bcb32aa5840769b6c8577bdd.svg",
            "https://ege.sdamgia.ru/formula/svg/ed/ed5a4a1ddbd46bb051006d58411e775b.svg"
        ]
    },
    "solution": {
        "text": "Решение. а)  Проведем общую касательную к обеим окружностям через точку K, тогда  по теореме об угле между касательной и хордой. Аналогично,  значит,  откуда следует, что хорды AB и MN параллельны. Следовательно, треугольники LAK и CMK, и треугольники LBK и CNK подобны. Таким образом, откуда  Что и требовалось доказать.б)  Пусть точка H  — середина хорды MN, тогда треугольник MON  — равнобедренный, а значит, отрезок OH перпендикулярен хорде MN. Пусть  и  тогда  Точка O1  — центр малой окружности, значит, радиус O1C перпендикулярен хорде MN. Находим: Из точки O проведем к отрезку отрезок CO1 перпендикуляр OR. Тогда  откуда получаем уравнение:  Тем самым  Ответ: б)  Приведем решение пункта б) Натальи Лесниченко.Отрезок AB  — средняя линия треугольника KMN. Пусть BL  =  2x, LA  =  3x, тогда по свойству хорд  откуда  Положим CN  =  4x, тогда по теореме о касательной и секущей:  следовательно,  В треугольнике NCK известны все стороны, применим теорему косинусов: и потому  Соединим точки О1 и L, тогда  по теореме об угле между касательной и хордой. Значит,  Тем самым  Примечание.Рекомендуем сравнить эту задачу с заданием 510102 из ЕГЭ 2015 года и заданием 517516 из ЕГЭ 2017 года.",
        "html": "<div align=\"justify\" width=\"100%\" id=\"sol639678\" class=\"solution\" style=\"clear:both;\" class=\"pbody\"><p class=\"left_margin\"></p><b>Ре­ше­ние<!--rule_info-->. </b><p class=\"left_margin\"><img src=\"/get_file?id=127927\" style=\"float:right;margin:10px;max-width:100%\"></p><p class=\"left_margin\">а)  Про­ве­дем общую ка­са­тель­ную к обеим окруж­но­стям через точку <i>K</i>, тогда <img src=\"https://ege.sdamgia.ru/formula/svg/62/6228b515e5cc097e6d56873abf16e3cc.svg\" class=\"tex\" style=\"vertical-align:-1.8pt\" alt=\"\\angle PKN = \\angle BAK\"> по тео­ре­ме об угле между ка­са­тель­ной и хор­дой. Ана­ло­гич­но, <img src=\"https://ege.sdamgia.ru/formula/svg/c7/c7294c7cdc510bcc81a38fb977c41167.svg\" class=\"tex\" style=\"vertical-align:-3.0pt\" alt=\"\\angle PKN = \\angle KMN,\"> зна­чит, <img src=\"https://ege.sdamgia.ru/formula/svg/3c/3c4eaffaa6b7439490faa02786fef9cb.svg\" class=\"tex\" style=\"vertical-align:-3.0pt\" alt=\"\\angle BAK = \\angle NMK,\"> от­ку­да сле­ду­ет, что хорды <i>AB</i> и <i>MN</i> па­рал­лель­ны. Сле­до­ва­тель­но, тре­уголь­ни­ки <i>LAK</i> и <i>CMK</i>, и тре­уголь­ни­ки <i>LBK</i> и <i>CNK</i> по­доб­ны. Таким об­ра­зом,</p><p class=\"left_margin\"></p><center><p><img src=\"https://ege.sdamgia.ru/formula/svg/84/8462544ea280355059523d20f7c1e500.svg\" class=\"tex\" style=\"vertical-align:-8.4pt\" alt=\" дробь: чис­ли­тель: AL, зна­ме­на­тель: MC конец дроби = дробь: чис­ли­тель: LK, зна­ме­на­тель: CK конец дроби = дробь: чис­ли­тель: LB, зна­ме­на­тель: CN конец дроби , \"></p><p class=\"left_margin\"></p></center><p> от­ку­да <img src=\"https://ege.sdamgia.ru/formula/svg/10/10b5a7600898f8e98913af60ba67c679.svg\" class=\"tex\" style=\"vertical-align:-8.4pt\" alt=\" дробь: чис­ли­тель: CN, зна­ме­на­тель: CM конец дроби = дробь: чис­ли­тель: LB, зна­ме­на­тель: LA конец дроби . \"> Что и тре­бо­ва­лось до­ка­зать.</p><p class=\"left_margin\">б)  Пусть точка <i>H</i>  — се­ре­ди­на хорды <i>MN</i>, тогда тре­уголь­ник <i>MON</i>  — рав­но­бед­рен­ный, а зна­чит, от­ре­зок <i>OH</i> пер­пен­ди­ку­ля­рен хорде <i>MN</i>. Пусть <img src=\"https://ege.sdamgia.ru/formula/svg/c9/c94ed319443213f55071b67aa62dc404.svg\" class=\"tex\" style=\"vertical-align:-1.8pt\" alt=\"CN=4x\"> и <img src=\"https://ege.sdamgia.ru/formula/svg/b5/b5ffd794a55e7b1bb492a50ada00df1e.svg\" class=\"tex\" style=\"vertical-align:-3.0pt\" alt=\"CM=6x,\"> тогда <img src=\"https://ege.sdamgia.ru/formula/svg/a8/a8bc78adc9565ddbfc456ae81f361023.svg\" class=\"tex\" style=\"vertical-align:-1.8pt\" alt=\"CH=x.\"> Точка <i>O</i><sub>1</sub>  — центр малой окруж­но­сти, зна­чит, ра­ди­ус <i>O</i><sub>1</sub><i>C</i> пер­пен­ди­ку­ля­рен хорде <i>MN</i>. На­хо­дим: </p><p class=\"left_margin\"></p><center><p><img src=\"https://ege.sdamgia.ru/formula/svg/00/00ed0478a49030f22239fcf4e0f074be.svg\" class=\"tex\" style=\"vertical-align:-2.5pt\" alt=\"OH = ко­рень из: на­ча­ло ар­гу­мен­та: OM в квад­ра­те минус MH в квад­ра­те конец ар­гу­мен­та = ко­рень из: на­ча­ло ар­гу­мен­та: 92 минус 25x в квад­ра­те конец ар­гу­мен­та .\"></p><p class=\"left_margin\"></p></center><p class=\"left_margin\">Из точки <i>O</i> про­ве­дем к от­рез­ку от­ре­зок <i>CO</i><sub>1</sub> пер­пен­ди­ку­ляр <i>OR</i>. Тогда <img src=\"https://ege.sdamgia.ru/formula/svg/65/65851c493937067361d8b977f1f154e5.svg\" class=\"tex\" style=\"vertical-align:-3.6pt\" alt=\"OR в квад­ра­те = OO_1 в квад­ра­те минус RO_1 в квад­ра­те = CH в квад­ра­те ,\"> от­ку­да по­лу­ча­ем урав­не­ние:</p><p class=\"left_margin\"></p><center><p><span data-width=\"640\" data-formulahash=\"1c8cc49014aaa65272f3ecb0aee78b62\" class=\"tex-span\" style=\"\"><img src=\"https://ege.sdamgia.ru/formula/svg/3e/3ee7d618533a2853e1ad17e986b99d3f.svg\" class=\"tex\" style=\"vertical-align:-3.6pt\" alt=\"x в квад­ра­те = 23 минус левая круг­лая скоб­ка ко­рень из: на­ча­ло ар­гу­мен­та: 23 конец ар­гу­мен­та минус ко­рень из: на­ча­ло ар­гу­мен­та: 92 минус 25x в квад­ра­те конец ар­гу­мен­та пра­вая круг­лая скоб­ка в квад­ра­те рав­но­силь­но x в квад­ра­те = 23 минус 23 плюс 2 умно­жить на ко­рень из: на­ча­ло ар­гу­мен­та: 23 конец ар­гу­мен­та умно­жить на ко­рень из: на­ча­ло ар­гу­мен­та: 92 минус 25 x в квад­ра­те конец ар­гу­мен­та минус 92 плюс 25 x в квад­ра­те рав­но­силь­но \"><br><img src=\"https://ege.sdamgia.ru/formula/svg/40/40bb69a8756466795ec03faa695ba0ef.svg\" class=\"tex\" style=\"vertical-align:-3.6pt\" alt=\" рав­но­силь­но минус 24 x в квад­ра­те плюс 92 = 2 ко­рень из: на­ча­ло ар­гу­мен­та: 23 конец ар­гу­мен­та умно­жить на ко­рень из: на­ча­ло ар­гу­мен­та: 92 минус 25 x в квад­ра­те конец ар­гу­мен­та рав­но­силь­но 23 левая круг­лая скоб­ка 92 минус 25 x в квад­ра­те пра­вая круг­лая скоб­ка = левая круг­лая скоб­ка 46 минус 12 x в квад­ра­те пра­вая круг­лая скоб­ка в квад­ра­те = левая круг­лая скоб­ка 46 минус 12 x в квад­ра­те пра­вая круг­лая скоб­ка в квад­ра­те рав­но­силь­но \"><br><img src=\"https://ege.sdamgia.ru/formula/svg/06/0664812b3981c2e9a31257de2c06268b.svg\" class=\"tex\" style=\"vertical-align:-8.3pt\" alt=\" рав­но­силь­но 144 x в сте­пе­ни 4 минус 1104 x в квад­ра­те плюс 2116 = 2116 минус 575 x в квад­ра­те рав­но­силь­но 144 x в квад­ра­те = 529 рав­но­силь­но x = дробь: чис­ли­тель: 23, зна­ме­на­тель: 12 конец дроби . \"></span><span data-width=\"540\" data-formulahash=\"1c8cc49014aaa65272f3ecb0aee78b62\" class=\"tex-span\" style=\"display:none\"><img src=\"https://ege.sdamgia.ru/formula/svg/3e/3ee7d618533a2853e1ad17e986b99d3f.svg\" class=\"tex\" style=\"vertical-align:-3.6pt\" alt=\"x в квад­ра­те = 23 минус левая круг­лая скоб­ка ко­рень из: на­ча­ло ар­гу­мен­та: 23 конец ар­гу­мен­та минус ко­рень из: на­ча­ло ар­гу­мен­та: 92 минус 25x в квад­ра­те конец ар­гу­мен­та пра­вая круг­лая скоб­ка в квад­ра­те рав­но­силь­но x в квад­ра­те = 23 минус 23 плюс 2 умно­жить на ко­рень из: на­ча­ло ар­гу­мен­та: 23 конец ар­гу­мен­та умно­жить на ко­рень из: на­ча­ло ар­гу­мен­та: 92 минус 25 x в квад­ра­те конец ар­гу­мен­та минус 92 плюс 25 x в квад­ра­те рав­но­силь­но \"><br><img src=\"https://ege.sdamgia.ru/formula/svg/b9/b9458c0456dd252a4bdd3537cf88c061.svg\" class=\"tex\" style=\"vertical-align:-2.5pt\" alt=\" рав­но­силь­но минус 24 x в квад­ра­те плюс 92 = 2 ко­рень из: на­ча­ло ар­гу­мен­та: 23 конец ар­гу­мен­та умно­жить на ко­рень из: на­ча­ло ар­гу­мен­та: 92 минус 25 x в квад­ра­те конец ар­гу­мен­та рав­но­силь­но \"><br><img src=\"https://ege.sdamgia.ru/formula/svg/4b/4b5cec2b57eeb0bf0f76566ea50b406c.svg\" class=\"tex\" style=\"vertical-align:-3.6pt\" alt=\" рав­но­силь­но 23 левая круг­лая скоб­ка 92 минус 25 x в квад­ра­те пра­вая круг­лая скоб­ка = левая круг­лая скоб­ка 46 минус 12 x в квад­ра­те пра­вая круг­лая скоб­ка в квад­ра­те = левая круг­лая скоб­ка 46 минус 12 x в квад­ра­те пра­вая круг­лая скоб­ка в квад­ра­те рав­но­силь­но \"><br><img src=\"https://ege.sdamgia.ru/formula/svg/06/0664812b3981c2e9a31257de2c06268b.svg\" class=\"tex\" style=\"vertical-align:-8.3pt\" alt=\" рав­но­силь­но 144 x в сте­пе­ни 4 минус 1104 x в квад­ра­те плюс 2116 = 2116 минус 575 x в квад­ра­те рав­но­силь­но 144 x в квад­ра­те = 529 рав­но­силь­но x = дробь: чис­ли­тель: 23, зна­ме­на­тель: 12 конец дроби . \"></span><span data-width=\"515\" data-formulahash=\"1c8cc49014aaa65272f3ecb0aee78b62\" class=\"tex-span\" style=\"display:none\"><img src=\"https://ege.sdamgia.ru/formula/svg/e0/e0008c88059dedb36fe827ffdd21a076.svg\" class=\"tex\" style=\"vertical-align:-3.6pt\" alt=\"x в квад­ра­те = 23 минус левая круг­лая скоб­ка ко­рень из: на­ча­ло ар­гу­мен­та: 23 конец ар­гу­мен­та минус ко­рень из: на­ча­ло ар­гу­мен­та: 92 минус 25x в квад­ра­те конец ар­гу­мен­та пра­вая круг­лая скоб­ка в квад­ра­те рав­но­силь­но \"><br><img src=\"https://ege.sdamgia.ru/formula/svg/d1/d12d3d52f8e359e280f39c537e2739de.svg\" class=\"tex\" style=\"vertical-align:-2.5pt\" alt=\" рав­но­силь­но x в квад­ра­те = 23 минус 23 плюс 2 умно­жить на ко­рень из: на­ча­ло ар­гу­мен­та: 23 конец ар­гу­мен­та умно­жить на ко­рень из: на­ча­ло ар­гу­мен­та: 92 минус 25 x в квад­ра­те конец ар­гу­мен­та минус 92 плюс 25 x в квад­ра­те рав­но­силь­но \"><br><img src=\"https://ege.sdamgia.ru/formula/svg/b9/b9458c0456dd252a4bdd3537cf88c061.svg\" class=\"tex\" style=\"vertical-align:-2.5pt\" alt=\" рав­но­силь­но минус 24 x в квад­ра­те плюс 92 = 2 ко­рень из: на­ча­ло ар­гу­мен­та: 23 конец ар­гу­мен­та умно­жить на ко­рень из: на­ча­ло ар­гу­мен­та: 92 минус 25 x в квад­ра­те конец ар­гу­мен­та рав­но­силь­но \"><br><img src=\"https://ege.sdamgia.ru/formula/svg/4b/4b5cec2b57eeb0bf0f76566ea50b406c.svg\" class=\"tex\" style=\"vertical-align:-3.6pt\" alt=\" рав­но­силь­но 23 левая круг­лая скоб­ка 92 минус 25 x в квад­ра­те пра­вая круг­лая скоб­ка = левая круг­лая скоб­ка 46 минус 12 x в квад­ра­те пра­вая круг­лая скоб­ка в квад­ра­те = левая круг­лая скоб­ка 46 минус 12 x в квад­ра­те пра­вая круг­лая скоб­ка в квад­ра­те рав­но­силь­но \"><br><img src=\"https://ege.sdamgia.ru/formula/svg/06/0664812b3981c2e9a31257de2c06268b.svg\" class=\"tex\" style=\"vertical-align:-8.3pt\" alt=\" рав­но­силь­но 144 x в сте­пе­ни 4 минус 1104 x в квад­ра­те плюс 2116 = 2116 минус 575 x в квад­ра­те рав­но­силь­но 144 x в квад­ра­те = 529 рав­но­силь­но x = дробь: чис­ли­тель: 23, зна­ме­на­тель: 12 конец дроби . \"></span><span data-width=\"440\" data-formulahash=\"1c8cc49014aaa65272f3ecb0aee78b62\" class=\"tex-span\" style=\"display:none\"><img src=\"https://ege.sdamgia.ru/formula/svg/e0/e0008c88059dedb36fe827ffdd21a076.svg\" class=\"tex\" style=\"vertical-align:-3.6pt\" alt=\"x в квад­ра­те = 23 минус левая круг­лая скоб­ка ко­рень из: на­ча­ло ар­гу­мен­та: 23 конец ар­гу­мен­та минус ко­рень из: на­ча­ло ар­гу­мен­та: 92 минус 25x в квад­ра­те конец ар­гу­мен­та пра­вая круг­лая скоб­ка в квад­ра­те рав­но­силь­но \"><br><img src=\"https://ege.sdamgia.ru/formula/svg/d1/d12d3d52f8e359e280f39c537e2739de.svg\" class=\"tex\" style=\"vertical-align:-2.5pt\" alt=\" рав­но­силь­но x в квад­ра­те = 23 минус 23 плюс 2 умно­жить на ко­рень из: на­ча­ло ар­гу­мен­та: 23 конец ар­гу­мен­та умно­жить на ко­рень из: на­ча­ло ар­гу­мен­та: 92 минус 25 x в квад­ра­те конец ар­гу­мен­та минус 92 плюс 25 x в квад­ра­те рав­но­силь­но \"><br><img src=\"https://ege.sdamgia.ru/formula/svg/b9/b9458c0456dd252a4bdd3537cf88c061.svg\" class=\"tex\" style=\"vertical-align:-2.5pt\" alt=\" рав­но­силь­но минус 24 x в квад­ра­те плюс 92 = 2 ко­рень из: на­ча­ло ар­гу­мен­та: 23 конец ар­гу­мен­та умно­жить на ко­рень из: на­ча­ло ар­гу­мен­та: 92 минус 25 x в квад­ра­те конец ар­гу­мен­та рав­но­силь­но \"><br><img src=\"https://ege.sdamgia.ru/formula/svg/4b/4b5cec2b57eeb0bf0f76566ea50b406c.svg\" class=\"tex\" style=\"vertical-align:-3.6pt\" alt=\" рав­но­силь­но 23 левая круг­лая скоб­ка 92 минус 25 x в квад­ра­те пра­вая круг­лая скоб­ка = левая круг­лая скоб­ка 46 минус 12 x в квад­ра­те пра­вая круг­лая скоб­ка в квад­ра­те = левая круг­лая скоб­ка 46 минус 12 x в квад­ра­те пра­вая круг­лая скоб­ка в квад­ра­те рав­но­силь­но \"><br><img src=\"https://ege.sdamgia.ru/formula/svg/7d/7d56d707b73a9c7caab51c904a30619b.svg\" class=\"tex\" style=\"vertical-align:-1.8pt\" alt=\" рав­но­силь­но 144 x в сте­пе­ни 4 минус 1104 x в квад­ра­те плюс 2116 = 2116 минус 575 x в квад­ра­те рав­но­силь­но \"><br><img src=\"https://ege.sdamgia.ru/formula/svg/75/75be9e33edc14e7b555e76144d6cd253.svg\" class=\"tex\" style=\"vertical-align:-8.4pt\" alt=\" рав­но­силь­но 144 x в квад­ра­те = 529 рав­но­силь­но x = дробь: чис­ли­тель: 23, зна­ме­на­тель: 12 конец дроби . \"></span> </p><p class=\"left_margin\"></p></center><p> Тем самым <img src=\"https://ege.sdamgia.ru/formula/svg/17/17e7a80bd2ade2add08722fcded3a1d1.svg\" class=\"tex\" style=\"vertical-align:-8.4pt\" alt=\" MN = 10 x= дробь: чис­ли­тель: 230, зна­ме­на­тель: 12 конец дроби = дробь: чис­ли­тель: 115, зна­ме­на­тель: 6 конец дроби . \"></p><p>&nbsp;</p><p><span style=\"letter-spacing: 2px;\">Ответ:</span> б) <img src=\"https://ege.sdamgia.ru/formula/svg/b0/b0479b4008c346b53ee6be9b84441407.svg\" class=\"tex\" style=\"vertical-align:-8.4pt\" alt=\" дробь: чис­ли­тель: 115, зна­ме­на­тель: 6 конец дроби . \"></p><p>&nbsp;</p><p><b>При­ве­дем ре­ше­ние пунк­та б) На­та­льи Лес­ни­чен­ко</b>.</p><p class=\"left_margin\">От­ре­зок <i>AB</i>  — сред­няя линия тре­уголь­ни­ка <i>KMN</i>. Пусть <i>BL</i>  =  2<i>x</i>, <i>LA</i>  =  3<i>x</i>, тогда по свой­ству хорд <img src=\"https://ege.sdamgia.ru/formula/svg/b5/b5c16020239ebfd9e3ddd2409a9cc556.svg\" class=\"tex\" style=\"vertical-align:-3.0pt\" alt=\" CL умно­жить на LK = 6x в квад­ра­те ,\"> от­ку­да <img src=\"https://ege.sdamgia.ru/formula/svg/15/15eb48973ff7dd85f226af6f006d660f.svg\" class=\"tex\" style=\"vertical-align:-1.8pt\" alt=\" CK = 2 умно­жить на ко­рень из: на­ча­ло ар­гу­мен­та: 6 конец ар­гу­мен­та умно­жить на x.\"> По­ло­жим <i>CN</i>  =  4<i>x</i>, тогда по тео­ре­ме о ка­са­тель­ной и се­ку­щей: <img src=\"https://ege.sdamgia.ru/formula/svg/60/60b1e54b39ba92dac36a9ce577786ac7.svg\" class=\"tex\" style=\"vertical-align:-3.0pt\" alt=\" NB умно­жить на 2 NB = 16x в квад­ра­те ,\"> сле­до­ва­тель­но, <img src=\"https://ege.sdamgia.ru/formula/svg/68/684b6aacda7778687746fa7f60d6e6b4.svg\" class=\"tex\" style=\"vertical-align:-1.8pt\" alt=\" 2NB = NK = 4 умно­жить на ко­рень из: на­ча­ло ар­гу­мен­та: 2 конец ар­гу­мен­та умно­жить на x.\"> В тре­уголь­ни­ке <i>NCK</i> из­вест­ны все сто­ро­ны, при­ме­ним тео­ре­му ко­си­ну­сов: </p><p class=\"left_margin\"></p><center><p><img src=\"https://ege.sdamgia.ru/formula/svg/71/715af2f3f3d377ed42ca4e3b09f6ce83.svg\" class=\"tex\" style=\"vertical-align:-10.9pt\" alt=\" 32x в квад­ра­те = 16x в квад­ра­те плюс 24x в квад­ра­те минус 2 умно­жить на 4x умно­жить на 2 умно­жить на ко­рень из: на­ча­ло ар­гу­мен­та: 6 конец ар­гу­мен­та умно­жить на x умно­жить на ко­си­нус \\angle NCK рав­но­силь­но ко­си­нус \\angle NCK = дробь: чис­ли­тель: 1, зна­ме­на­тель: 2 ко­рень из: на­ча­ло ар­гу­мен­та: 6 конец ар­гу­мен­та конец дроби , \"></p><p class=\"left_margin\"></p></center><p>и по­то­му <img src=\"https://ege.sdamgia.ru/formula/svg/a5/a5ca91d0d08034137729fa2551a286bf.svg\" class=\"tex\" style=\"vertical-align:-11.1pt\" alt=\" синус \\angle NCK = дробь: чис­ли­тель: ко­рень из: на­ча­ло ар­гу­мен­та: 23 конец ар­гу­мен­та , зна­ме­на­тель: 2 ко­рень из: на­ча­ло ар­гу­мен­та: 6 конец ар­гу­мен­та конец дроби . \"> </p><p class=\"left_margin\">Со­еди­ним точки <i>О</i><sub>1</sub> и <i>L</i>, тогда <img src=\"https://ege.sdamgia.ru/formula/svg/f5/f51cb51a2e319ef3503d59b2387da4d7.svg\" class=\"tex\" style=\"vertical-align:-2.5pt\" alt=\" \\angle СО_1L = \\angle NCK\"> по тео­ре­ме об угле между ка­са­тель­ной и хор­дой. Зна­чит, </p><p class=\"left_margin\"></p><center><p><img src=\"https://ege.sdamgia.ru/formula/svg/00/003acb2be09e1b12e85f65925ba44175.svg\" class=\"tex\" style=\"vertical-align:-11.1pt\" alt=\" дробь: чис­ли­тель: CL, зна­ме­на­тель: O_1C конец дроби = синус \\angle NCK рав­но­силь­но дробь: чис­ли­тель: ко­рень из: на­ча­ло ар­гу­мен­та: 6 конец ар­гу­мен­та x, зна­ме­на­тель: ко­рень из: на­ча­ло ар­гу­мен­та: 23 конец ар­гу­мен­та конец дроби = дробь: чис­ли­тель: ко­рень из: на­ча­ло ар­гу­мен­та: 23 конец ар­гу­мен­та , зна­ме­на­тель: 2 ко­рень из: на­ча­ло ар­гу­мен­та: 6 конец ар­гу­мен­та конец дроби рав­но­силь­но x = дробь: чис­ли­тель: 23, зна­ме­на­тель: 12 конец дроби . \"></p><p class=\"left_margin\"></p></center><p> Тем самым <img src=\"https://ege.sdamgia.ru/formula/svg/07/07001eb2872ae2e8894b87e209abe952.svg\" class=\"tex\" style=\"vertical-align:-8.4pt\" alt=\" MN = 10x = дробь: чис­ли­тель: 230, зна­ме­на­тель: 12 конец дроби = дробь: чис­ли­тель: 115, зна­ме­на­тель: 6 конец дроби . \"></p><p>&nbsp;</p><p><b>При­ме­ча­ние.</b></p><p class=\"left_margin\">Ре­ко­мен­ду­ем срав­нить эту за­да­чу с за­да­ни­ем <a href=\"https://ege.sdamgia.ru/problem?id=510102\" target=\"_blank\">510102</a> из ЕГЭ 2015 года и за­да­ни­ем <a href=\"https://ege.sdamgia.ru/problem?id=517516\" target=\"_blank\">517516</a> из ЕГЭ 2017 года.</p></div>",
        "image_urls": [
            "https://ege.sdamgia.ru/formula/svg/62/6228b515e5cc097e6d56873abf16e3cc.svg",
            "https://ege.sdamgia.ru/formula/svg/c7/c7294c7cdc510bcc81a38fb977c41167.svg",
            "https://ege.sdamgia.ru/formula/svg/3c/3c4eaffaa6b7439490faa02786fef9cb.svg",
            "https://ege.sdamgia.ru/formula/svg/84/8462544ea280355059523d20f7c1e500.svg",
            "https://ege.sdamgia.ru/formula/svg/10/10b5a7600898f8e98913af60ba67c679.svg",
            "https://ege.sdamgia.ru/formula/svg/c9/c94ed319443213f55071b67aa62dc404.svg",
            "https://ege.sdamgia.ru/formula/svg/b5/b5ffd794a55e7b1bb492a50ada00df1e.svg",
            "https://ege.sdamgia.ru/formula/svg/a8/a8bc78adc9565ddbfc456ae81f361023.svg",
            "https://ege.sdamgia.ru/formula/svg/00/00ed0478a49030f22239fcf4e0f074be.svg",
            "https://ege.sdamgia.ru/formula/svg/65/65851c493937067361d8b977f1f154e5.svg",
            "https://ege.sdamgia.ru/formula/svg/3e/3ee7d618533a2853e1ad17e986b99d3f.svg",
            "https://ege.sdamgia.ru/formula/svg/40/40bb69a8756466795ec03faa695ba0ef.svg",
            "https://ege.sdamgia.ru/formula/svg/06/0664812b3981c2e9a31257de2c06268b.svg",
            "https://ege.sdamgia.ru/formula/svg/3e/3ee7d618533a2853e1ad17e986b99d3f.svg",
            "https://ege.sdamgia.ru/formula/svg/b9/b9458c0456dd252a4bdd3537cf88c061.svg",
            "https://ege.sdamgia.ru/formula/svg/4b/4b5cec2b57eeb0bf0f76566ea50b406c.svg",
            "https://ege.sdamgia.ru/formula/svg/06/0664812b3981c2e9a31257de2c06268b.svg",
            "https://ege.sdamgia.ru/formula/svg/e0/e0008c88059dedb36fe827ffdd21a076.svg",
            "https://ege.sdamgia.ru/formula/svg/d1/d12d3d52f8e359e280f39c537e2739de.svg",
            "https://ege.sdamgia.ru/formula/svg/b9/b9458c0456dd252a4bdd3537cf88c061.svg",
            "https://ege.sdamgia.ru/formula/svg/4b/4b5cec2b57eeb0bf0f76566ea50b406c.svg",
            "https://ege.sdamgia.ru/formula/svg/06/0664812b3981c2e9a31257de2c06268b.svg",
            "https://ege.sdamgia.ru/formula/svg/e0/e0008c88059dedb36fe827ffdd21a076.svg",
            "https://ege.sdamgia.ru/formula/svg/d1/d12d3d52f8e359e280f39c537e2739de.svg",
            "https://ege.sdamgia.ru/formula/svg/b9/b9458c0456dd252a4bdd3537cf88c061.svg",
            "https://ege.sdamgia.ru/formula/svg/4b/4b5cec2b57eeb0bf0f76566ea50b406c.svg",
            "https://ege.sdamgia.ru/formula/svg/7d/7d56d707b73a9c7caab51c904a30619b.svg",
            "https://ege.sdamgia.ru/formula/svg/75/75be9e33edc14e7b555e76144d6cd253.svg",
            "https://ege.sdamgia.ru/formula/svg/17/17e7a80bd2ade2add08722fcded3a1d1.svg",
            "https://ege.sdamgia.ru/formula/svg/b0/b0479b4008c346b53ee6be9b84441407.svg",
            "https://ege.sdamgia.ru/formula/svg/b5/b5c16020239ebfd9e3ddd2409a9cc556.svg",
            "https://ege.sdamgia.ru/formula/svg/15/15eb48973ff7dd85f226af6f006d660f.svg",
            "https://ege.sdamgia.ru/formula/svg/60/60b1e54b39ba92dac36a9ce577786ac7.svg",
            "https://ege.sdamgia.ru/formula/svg/68/684b6aacda7778687746fa7f60d6e6b4.svg",
            "https://ege.sdamgia.ru/formula/svg/71/715af2f3f3d377ed42ca4e3b09f6ce83.svg",
            "https://ege.sdamgia.ru/formula/svg/a5/a5ca91d0d08034137729fa2551a286bf.svg",
            "https://ege.sdamgia.ru/formula/svg/f5/f51cb51a2e319ef3503d59b2387da4d7.svg",
            "https://ege.sdamgia.ru/formula/svg/00/003acb2be09e1b12e85f65925ba44175.svg",
            "https://ege.sdamgia.ru/formula/svg/07/07001eb2872ae2e8894b87e209abe952.svg",
            "/get_file?id=127927"
        ]
    },
    "answer": "б)",
    "topic_id": 17,
    "analog_ids": [
        639678,
        640928
    ]
}