{
    "gia_type": "ege",
    "subject": "math",
    "id": 641936,
    "condition": {
        "text": "Окружность с центром в точке C касается гипотенузы AB прямоугольного треугольника ABC и пересекает его катеты AC и BC в точках E и F. Точка D  — основание высоты, опущенной из вершины C. Точки O1 и O2  — центры окружностей, вписанных в треугольники ACD и BCD. а)  Докажите, что O1 и O2 лежат на отрезке EF .б)  Найдите расстояние от точки C до прямой O1O2, если  AC  =  15 и BC  =  20.",
        "html": "<div align=\"justify\" width=\"100%\" id=\"body501100\" class=\"pbody\"><p class=\"left_margin\">Окруж­ность с цен­тром в точке <i>C</i> ка­са­ет­ся ги­по­те­ну­зы <i>AB</i> пря­мо­уголь­но­го тре­уголь­ни­ка <i>ABC</i> и пе­ре­се­ка­ет его ка­те­ты <i>AC</i> и <i>BC</i> в точ­ках <i>E</i> и <i>F</i>. Точка <i>D</i>  — ос­но­ва­ние вы­со­ты, опу­щен­ной из вер­ши­ны <i>C</i>. Точки <i>O</i><sub>1</sub> и <i>O</i><sub>2</sub>  — цен­тры окруж­но­стей, впи­сан­ных в тре­уголь­ни­ки <i>ACD</i> и <i>BCD</i>. </p><p class=\"left_margin\">а)  До­ка­жи­те, что <i>O</i><sub>1</sub> и <i>O</i><sub>2</sub> лежат на от­рез­ке <i>EF .</i></p><p class=\"left_margin\">б)  Най­ди­те рас­сто­я­ние от точки <i>C</i> до пря­мой <i>O</i><sub>1</sub><i>O</i><sub>2</sub>, если  <i>AC</i>  =  15 и <i>BC</i>  =  20.</p></div>",
        "image_urls": []
    },
    "solution": {
        "text": "Решение. а)  Заметим. что отрезок CD перпендикулярен стороне AB и точка D лежит на стороне AB  — касательной к окружности. Следовательно, CD  — радиус окружности. Прямая CO1  — биссектриса угла ACD, прямая DO1  — биссектриса угла CDA. Отрезки CE и CD равны как радиусы, следовательно, треугольники CEO1 и CDO1 равны по двум сторонам и углу между ними. Значит,  Тогда CE  =  CF, следовательно,  а потому точка O1 лежит на луче EF и внутри треугольника ACD. Следовательно, точка O1 лежит на отрезке EF. Аналогично и точка O2 лежит на отрезке EF.б)  Достаточно найти расстояние от точки С до прямой EF. Треугольник CEF  — равнобедренный, следовательно, высота, проведенная к гипотенузе равна половине гипотенузы. Находим: Ответ: б)  ",
        "html": "<div align=\"justify\" width=\"100%\" id=\"sol641936\" class=\"solution\" style=\"clear:both;\" class=\"pbody\"><p class=\"left_margin\"></p><b>Ре­ше­ние<!--rule_info-->. </b><p class=\"left_margin\"><img src=\"/get_file?id=135388\" style=\"float:right;margin:10px;max-width:100%\">а)  За­ме­тим. что от­ре­зок <i>CD</i> пер­пен­ди­ку­ля­рен сто­ро­не <i>AB</i> и точка <i>D</i> лежит на сто­ро­не <i>AB</i>  — ка­са­тель­ной к окруж­но­сти. Сле­до­ва­тель­но, <i>CD</i>  — ра­ди­ус окруж­но­сти. Пря­мая <i>CO</i><sub>1</sub>  — бис­сек­три­са угла <i>ACD</i>, пря­мая <i>DO</i><sub>1</sub>  — бис­сек­три­са угла <i>CDA.</i> От­рез­ки <i>CE</i> и <i>CD</i> равны как ра­ди­у­сы, сле­до­ва­тель­но, тре­уголь­ни­ки <i>CEO</i><sub>1</sub> и <i>CDO</i><sub>1</sub> равны по двум сто­ро­нам и углу между ними. Зна­чит, </p><p class=\"left_margin\"></p><center><p><img src=\"https://ege.sdamgia.ru/formula/svg/de/de6c5a60ce9dbe08bd4f7abe86285344.svg\" class=\"tex\" style=\"vertical-align:-8.4pt\" alt=\"\\angle CEO_1 = \\angle CDO_1 = дробь: чис­ли­тель: 90 гра­ду­сов , зна­ме­на­тель: 2 конец дроби = 45 гра­ду­сов . \"></p><p class=\"left_margin\"></p></center><p> Тогда <i>CE</i>  =  <i>CF</i>, сле­до­ва­тель­но, <img src=\"https://ege.sdamgia.ru/formula/svg/84/8472be78b511eda3ea1225eb0878964b.svg\" class=\"tex\" style=\"vertical-align:-3.0pt\" alt=\"\\angle CEF = 45 гра­ду­сов,\"> а по­то­му точка <i>O</i><sub>1</sub> лежит на луче <i>EF</i> и внут­ри тре­уголь­ни­ка <i>ACD</i>. Сле­до­ва­тель­но, точка <i>O</i><sub>1</sub> лежит на от­рез­ке <i>EF</i>. Ана­ло­гич­но и точка <i>O</i><sub>2</sub> лежит на от­рез­ке <i>EF</i>.</p><p class=\"left_margin\">б)  До­ста­точ­но найти рас­сто­я­ние от точки <i>С</i> до пря­мой <i>EF</i>. Тре­уголь­ник <i>CEF</i>  — рав­но­бед­рен­ный, сле­до­ва­тель­но, вы­со­та, про­ве­ден­ная к ги­по­те­ну­зе равна по­ло­ви­не ги­по­те­ну­зы. На­хо­дим: </p><p class=\"left_margin\"></p><center><p><span data-width=\"640\" data-formulahash=\"6476cd2e0ff8e23b71ebff070268e86d\" class=\"tex-span\" style=\"\"><img src=\"https://ege.sdamgia.ru/formula/svg/64/6476cd2e0ff8e23b71ebff070268e86d.svg\" class=\"tex\" style=\"vertical-align:-11.0pt\" alt=\" дробь: чис­ли­тель: 1, зна­ме­на­тель: 2 конец дроби EF = дробь: чис­ли­тель: ко­рень из: на­ча­ло ар­гу­мен­та: 2 конец ар­гу­мен­та , зна­ме­на­тель: 2 конец дроби CE = дробь: чис­ли­тель: ко­рень из: на­ча­ло ар­гу­мен­та: 2 конец ар­гу­мен­та , зна­ме­на­тель: 2 конец дроби CD = дробь: чис­ли­тель: ко­рень из: на­ча­ло ар­гу­мен­та: 2 конец ар­гу­мен­та , зна­ме­на­тель: 2 конец дроби умно­жить на дробь: чис­ли­тель: AC умно­жить на BC, зна­ме­на­тель: AB конец дроби = дробь: чис­ли­тель: ко­рень из: на­ча­ло ар­гу­мен­та: 2 конец ар­гу­мен­та , зна­ме­на­тель: 2 конец дроби умно­жить на дробь: чис­ли­тель: 15 умно­жить на 20, зна­ме­на­тель: ко­рень из: на­ча­ло ар­гу­мен­та: 15 в квад­ра­те плюс 20 в квад­ра­те конец ар­гу­мен­та конец дроби = дробь: чис­ли­тель: ко­рень из: на­ча­ло ар­гу­мен­та: 2 конец ар­гу­мен­та , зна­ме­на­тель: 2 конец дроби умно­жить на дробь: чис­ли­тель: 15 умно­жить на 20, зна­ме­на­тель: 25 конец дроби = 6 ко­рень из: на­ча­ло ар­гу­мен­та: 2 конец ар­гу­мен­та . \"></span><span data-width=\"590\" data-formulahash=\"6476cd2e0ff8e23b71ebff070268e86d\" class=\"tex-span\" style=\"display:none\"><img src=\"https://ege.sdamgia.ru/formula/svg/f1/f179927f562efb08b9464725e44f1c46.svg\" class=\"tex\" style=\"vertical-align:-8.5pt\" alt=\" дробь: чис­ли­тель: 1, зна­ме­на­тель: 2 конец дроби EF = дробь: чис­ли­тель: ко­рень из: на­ча­ло ар­гу­мен­та: 2 конец ар­гу­мен­та , зна­ме­на­тель: 2 конец дроби CE = дробь: чис­ли­тель: ко­рень из: на­ча­ло ар­гу­мен­та: 2 конец ар­гу­мен­та , зна­ме­на­тель: 2 конец дроби CD = дробь: чис­ли­тель: ко­рень из: на­ча­ло ар­гу­мен­та: 2 конец ар­гу­мен­та , зна­ме­на­тель: 2 конец дроби умно­жить на дробь: чис­ли­тель: AC умно­жить на BC, зна­ме­на­тель: AB конец дроби = \"><br><img src=\"https://ege.sdamgia.ru/formula/svg/a2/a28a287728fd5c9cd3f5df4cf6ddab63.svg\" class=\"tex\" style=\"vertical-align:-11.1pt\" alt=\"= дробь: чис­ли­тель: ко­рень из: на­ча­ло ар­гу­мен­та: 2 конец ар­гу­мен­та , зна­ме­на­тель: 2 конец дроби умно­жить на дробь: чис­ли­тель: 15 умно­жить на 20, зна­ме­на­тель: ко­рень из: на­ча­ло ар­гу­мен­та: 15 в квад­ра­те плюс 20 в квад­ра­те конец ар­гу­мен­та конец дроби = дробь: чис­ли­тель: ко­рень из: на­ча­ло ар­гу­мен­та: 2 конец ар­гу­мен­та , зна­ме­на­тель: 2 конец дроби умно­жить на дробь: чис­ли­тель: 15 умно­жить на 20, зна­ме­на­тель: 25 конец дроби = 6 ко­рень из: на­ча­ло ар­гу­мен­та: 2 конец ар­гу­мен­та . \"></span></p><p class=\"left_margin\"></p></center><p><span style=\"letter-spacing: 2px;\">Ответ:</span> б)  <img src=\"https://ege.sdamgia.ru/formula/svg/96/961bf6a6a03e56caf2ce0ba09d0f880a.svg\" class=\"tex\" style=\"vertical-align:-1.8pt\" alt=\" 6 ко­рень из: на­ча­ло ар­гу­мен­та: 2 конец ар­гу­мен­та .\"></p></div>",
        "image_urls": [
            "https://ege.sdamgia.ru/formula/svg/de/de6c5a60ce9dbe08bd4f7abe86285344.svg",
            "https://ege.sdamgia.ru/formula/svg/84/8472be78b511eda3ea1225eb0878964b.svg",
            "https://ege.sdamgia.ru/formula/svg/64/6476cd2e0ff8e23b71ebff070268e86d.svg",
            "https://ege.sdamgia.ru/formula/svg/f1/f179927f562efb08b9464725e44f1c46.svg",
            "https://ege.sdamgia.ru/formula/svg/a2/a28a287728fd5c9cd3f5df4cf6ddab63.svg",
            "https://ege.sdamgia.ru/formula/svg/96/961bf6a6a03e56caf2ce0ba09d0f880a.svg",
            "/get_file?id=135388"
        ]
    },
    "answer": "б)",
    "topic_id": 17,
    "analog_ids": []
}