{
    "gia_type": "ege",
    "subject": "math",
    "id": 650560,
    "condition": {
        "text": "Окружность с центром в точке С касается гипотенузы АВ прямоугольного треугольника ABC и пересекает его катеты AC и BC в точках E и F. Точка D  — основание высоты, опущенной из вершины С. Точки O1 и O2  — центры окружностей, вписанных в треугольники ВСD и АСD.а)  Докажите, что точки O1 и O2 лежат на отрезке EF.б)  Найдите расстояние от точки С до прямой O1O2, если  и ",
        "html": "<div align=\"justify\" width=\"100%\" id=\"body492476\" class=\"pbody\"><p class=\"left_margin\">Окруж­ность с цен­тром в точке <i>С</i> ка­са­ет­ся ги­по­те­ну­зы <i>АВ</i> пря­мо­уголь­но­го тре­уголь­ни­ка <i>ABC</i> и пе­ре­се­ка­ет его ка­те­ты <i>AC</i> и <i>BC</i> в точ­ках <i>E</i> и <i>F</i>. Точка <i>D</i>  — ос­но­ва­ние вы­со­ты, опу­щен­ной из вер­ши­ны <i>С</i>. Точки <i>O</i><sub>1</sub> и <i>O</i><sub>2</sub>  — цен­тры окруж­но­стей, впи­сан­ных в тре­уголь­ни­ки <i>ВСD</i> и <i>АСD</i>.</p><p class=\"left_margin\">а)  До­ка­жи­те, что точки <i>O</i><sub>1</sub> и <i>O</i><sub>2</sub> лежат на от­рез­ке <i>EF</i>.</p><p class=\"left_margin\">б)  Най­ди­те рас­сто­я­ние от точки <i>С</i> до пря­мой <i>O</i><sub>1</sub><i>O</i><sub>2</sub>, если <img src=\"https://ege.sdamgia.ru/formula/svg/1b/1bc12e92135ca0fd4c05cf3f6fc17405.svg\" class=\"tex\" style=\"vertical-align:-1.8pt\" alt=\" AC = 15\"> и <img src=\"https://ege.sdamgia.ru/formula/svg/b8/b8f34de266a6b098c5f09d49c3f98f2c.svg\" class=\"tex\" style=\"vertical-align:-1.8pt\" alt=\"BC = 20.\"></p></div>",
        "image_urls": [
            "https://ege.sdamgia.ru/formula/svg/1b/1bc12e92135ca0fd4c05cf3f6fc17405.svg",
            "https://ege.sdamgia.ru/formula/svg/b8/b8f34de266a6b098c5f09d49c3f98f2c.svg"
        ]
    },
    "solution": {
        "text": "Решение. а)  Отрезок CD  — радиус окружности, поэтому треугольник CDE  — равнобедренный. Отрезок CO1  — биссектриса угла ECD, поэтому треугольники ECO1 и DCO1 равны. Тогда: Отсюда точка O1 лежит на хорде EF. Совершенно аналогично получим, что точка O2 лежит на отрезке EF.б)  Из подобия треугольников ABC и ACD следует, что  Тогда  Расстояние от точки С до отрезка O1O2 равно высоте треугольника CEF. Треугольник прямоугольный и равнобедренный, значит, расстояние равно половине гипотенузы EF, то есть  Ответ: б) ",
        "html": "<div align=\"justify\" width=\"100%\" id=\"sol650560\" class=\"solution\" style=\"clear:both;\" class=\"pbody\"><p class=\"left_margin\"></p><b>Ре­ше­ние<!--rule_info-->. </b><p class=\"left_margin\"><img src=\"/get_file?id=156224\" style=\"float:right;margin:10px;max-width:100%\">а)  От­ре­зок <i>CD</i>  — ра­ди­ус окруж­но­сти, по­это­му тре­уголь­ник <i>CDE</i>  — рав­но­бед­рен­ный. От­ре­зок <i>CO</i><sub>1</sub>  — бис­сек­три­са угла <i>ECD</i>, по­это­му тре­уголь­ни­ки <i>ECO</i><sub>1</sub> и <i>DCO</i><sub>1</sub> равны. Тогда:</p><p class=\"left_margin\"></p><center><p><span data-width=\"640\" data-formulahash=\"4d10426c57e3461e6aaec7bec450709a\" class=\"tex-span\" style=\"\"><img src=\"https://ege.sdamgia.ru/formula/svg/aa/aa2107796dacc32f49ed554800c1c9f7.svg\" class=\"tex\" style=\"vertical-align:-8.4pt\" alt=\"\\angle O_1ED = \\angle O_1DE = \\angle O_1 DA минус \\angle EDA = 45 гра­ду­сов минус дробь: чис­ли­тель: 1, зна­ме­на­тель: 2 конец дроби \\smile ED =\"><br><img src=\"https://ege.sdamgia.ru/formula/svg/fe/fe2611a0c7c0a60ff5590edf942bbe45.svg\" class=\"tex\" style=\"vertical-align:-8.3pt\" alt=\"= 45 гра­ду­сов минус дробь: чис­ли­тель: 1, зна­ме­на­тель: 2 конец дроби \\angle ECD = 45 гра­ду­сов минус дробь: чис­ли­тель: 1, зна­ме­на­тель: 2 конец дроби левая круг­лая скоб­ка 90 гра­ду­сов минус \\angle DCF пра­вая круг­лая скоб­ка = дробь: чис­ли­тель: 1, зна­ме­на­тель: 2 конец дроби \\smile DF = \\angle DEF.\"></span><span data-width=\"415\" data-formulahash=\"4d10426c57e3461e6aaec7bec450709a\" class=\"tex-span\" style=\"display:none\"><img src=\"https://ege.sdamgia.ru/formula/svg/57/5722b9b55d7c820f38a8d66bb3e2a2b2.svg\" class=\"tex\" style=\"vertical-align:-2.5pt\" alt=\"\\angle O_1ED = \\angle O_1DE = \\angle O_1 DA минус \\angle EDA =\"><br><img src=\"https://ege.sdamgia.ru/formula/svg/a2/a2f3e12f7054d72b0e85a66225c526d5.svg\" class=\"tex\" style=\"vertical-align:-8.4pt\" alt=\"= 45 гра­ду­сов минус дробь: чис­ли­тель: 1, зна­ме­на­тель: 2 конец дроби \\smile ED = 45 гра­ду­сов минус дробь: чис­ли­тель: 1, зна­ме­на­тель: 2 конец дроби \\angle ECD =\"><br><img src=\"https://ege.sdamgia.ru/formula/svg/ef/ef43199c3bee4b50d70df442eada0e85.svg\" class=\"tex\" style=\"vertical-align:-8.4pt\" alt=\"= 45 гра­ду­сов минус дробь: чис­ли­тель: 1, зна­ме­на­тель: 2 конец дроби левая круг­лая скоб­ка 90 гра­ду­сов минус \\angle DCF пра­вая круг­лая скоб­ка = дробь: чис­ли­тель: 1, зна­ме­на­тель: 2 конец дроби \\smile DF = \\angle DEF.\"></span></p><p class=\"left_margin\"></p></center><p> От­сю­да точка <i>O</i><sub>1</sub> лежит на хорде <i>EF</i>. Со­вер­шен­но ана­ло­гич­но по­лу­чим, что точка <i>O</i><sub>2</sub> лежит на от­рез­ке <i>EF</i>.</p><p class=\"left_margin\">б)  Из по­до­бия тре­уголь­ни­ков <i>ABC</i> и <i>ACD</i> сле­ду­ет, что </p><p class=\"left_margin\"></p><center><p><img src=\"https://ege.sdamgia.ru/formula/svg/00/00e9a2fc5fa0c36e7ae34aeb8af5e116.svg\" class=\"tex\" style=\"vertical-align:-10.9pt\" alt=\"CD = дробь: чис­ли­тель: AC умно­жить на CB, зна­ме­на­тель: AB конец дроби = дробь: чис­ли­тель: 15 умно­жить на 20, зна­ме­на­тель: ко­рень из: на­ча­ло ар­гу­мен­та: 15 в квад­ра­те плюс 20 в квад­ра­те конец ар­гу­мен­та конец дроби = 12. \"></p><p class=\"left_margin\"></p></center><p> Тогда <img src=\"https://ege.sdamgia.ru/formula/svg/2d/2d58b068cb444f107be287689bcdc274.svg\" class=\"tex\" style=\"vertical-align:-1.8pt\" alt=\"CE = CF = 12.\"> Рас­сто­я­ние от точки <i>С</i> до от­рез­ка <i>O</i><sub>1</sub><i>O</i><sub>2</sub> равно вы­со­те тре­уголь­ни­ка <i>CEF</i>. Тре­уголь­ник пря­мо­уголь­ный и рав­но­бед­рен­ный, зна­чит, рас­сто­я­ние равно по­ло­ви­не ги­по­те­ну­зы <i>EF</i>, то есть <img src=\"https://ege.sdamgia.ru/formula/svg/a7/a7f01285a6db1a16b0e804545b1ed0b9.svg\" class=\"tex\" style=\"vertical-align:-1.8pt\" alt=\"6 ко­рень из: на­ча­ло ар­гу­мен­та: 2 конец ар­гу­мен­та .\"></p><p>&nbsp;</p><p><span style=\"letter-spacing: 2px;\">Ответ:</span> б) <img src=\"https://ege.sdamgia.ru/formula/svg/a7/a7f01285a6db1a16b0e804545b1ed0b9.svg\" class=\"tex\" style=\"vertical-align:-1.8pt\" alt=\"6 ко­рень из: на­ча­ло ар­гу­мен­та: 2 конец ар­гу­мен­та .\"></p></div>",
        "image_urls": [
            "https://ege.sdamgia.ru/formula/svg/aa/aa2107796dacc32f49ed554800c1c9f7.svg",
            "https://ege.sdamgia.ru/formula/svg/fe/fe2611a0c7c0a60ff5590edf942bbe45.svg",
            "https://ege.sdamgia.ru/formula/svg/57/5722b9b55d7c820f38a8d66bb3e2a2b2.svg",
            "https://ege.sdamgia.ru/formula/svg/a2/a2f3e12f7054d72b0e85a66225c526d5.svg",
            "https://ege.sdamgia.ru/formula/svg/ef/ef43199c3bee4b50d70df442eada0e85.svg",
            "https://ege.sdamgia.ru/formula/svg/00/00e9a2fc5fa0c36e7ae34aeb8af5e116.svg",
            "https://ege.sdamgia.ru/formula/svg/2d/2d58b068cb444f107be287689bcdc274.svg",
            "https://ege.sdamgia.ru/formula/svg/a7/a7f01285a6db1a16b0e804545b1ed0b9.svg",
            "https://ege.sdamgia.ru/formula/svg/a7/a7f01285a6db1a16b0e804545b1ed0b9.svg",
            "/get_file?id=156224"
        ]
    },
    "answer": "б)",
    "topic_id": 17,
    "analog_ids": []
}