{
    "gia_type": "ege",
    "subject": "math",
    "id": 654702,
    "condition": {
        "text": "Точка O  — центр вписанной окружности треугольника ABC, точки O1, O2, O3 центры вневписанных окружностей, касающихся сторон ВС, АС, АВ соответственно.а)  Докажите, что точка O является точкой пересечения высот треугольника O1O2O3.б)  Найдите угол А треугольника ABC, если отрезок OO1 короче отрезка O2O3 ровно в два раза.",
        "html": "<div align=\"justify\" width=\"100%\" id=\"body496530\" class=\"pbody\"><p class=\"left_margin\">Точка <i>O</i>  — центр впи­сан­ной окруж­но­сти тре­уголь­ни­ка <i>ABC</i>, точки <i>O</i><sub>1</sub>, <i>O</i><sub>2</sub>, <i>O</i><sub>3</sub> цен­тры внев­пи­сан­ных окруж­но­стей, ка­са­ю­щих­ся сто­рон <i>ВС</i>, <i>АС</i>, <i>АВ</i> со­от­вет­ствен­но.</p><p class=\"left_margin\">а)  До­ка­жи­те, что точка <i>O</i> яв­ля­ет­ся точ­кой пе­ре­се­че­ния высот тре­уголь­ни­ка <i>O</i><sub>1</sub><i>O</i><sub>2</sub><i>O</i><sub>3</sub>.</p><p class=\"left_margin\">б)  Най­ди­те угол <i>А</i> тре­уголь­ни­ка <i>ABC</i>, если от­ре­зок <i>OO</i><sub>1</sub> ко­ро­че от­рез­ка <i>O</i><sub>2</sub><i>O</i><sub>3</sub> ровно в два раза.</p></div>",
        "image_urls": []
    },
    "solution": {
        "text": "Решение. а)  Центр вписанной в угол  окружности лежит на биссектрисе этого угла, поэтому центры вневписанных окружностей лежат на пересечении биссектрис внутреннего угла треугольника и двух внешних углов. Биссектрисы смежных углов перпендикулярны, поэтому Аналогично, O3С и O2B  — высоты треугольника O1O2O3.б)  Отрезок OO1  — диаметр окружности, описанной около треугольника BCO1. По теореме синусов  Тогда откуда следует, что треугольниками BO1C и O2O1O3 подобны, причем  а потому откуда  Значит,  cледовательно,  Ответ: б) ",
        "html": "<div align=\"justify\" width=\"100%\" id=\"sol654702\" class=\"solution\" style=\"clear:both;\" class=\"pbody\"><p class=\"left_margin\"></p><b>Ре­ше­ние<!--rule_info-->. </b><p class=\"left_margin\"><img src=\"/get_file?id=166475\" style=\"float:right;margin:10px;max-width:100%\">а)  Центр впи­сан­ной в угол  окруж­но­сти лежит на бис­сек­три­се этого угла, по­это­му цен­тры внев­пи­сан­ных окруж­но­стей лежат на пе­ре­се­че­нии бис­сек­трис внут­рен­не­го угла тре­уголь­ни­ка и двух внеш­них углов. Бис­сек­три­сы смеж­ных углов пер­пен­ди­ку­ляр­ны, по­это­му<img src=\"https://ege.sdamgia.ru/formula/svg/87/87dfc03aaa60ea23cf3e2ea9782371e2.svg\" class=\"tex\" style=\"vertical-align:-2.6pt\" alt=\"\\angle O_1AO_3 = 90 гра­ду­сов .\"> Ана­ло­гич­но, <i>O</i><sub>3</sub><i>С</i> и <i>O</i><sub>2</sub><i>B</i>  — вы­со­ты тре­уголь­ни­ка <i>O</i><sub>1</sub><i>O</i><sub>2</sub><i>O</i><sub>3</sub>.</p><p class=\"left_margin\">б)  От­ре­зок <i>OO</i><sub>1</sub>  — диа­метр окруж­но­сти, опи­сан­ной около тре­уголь­ни­ка <i>BCO</i><sub>1</sub>. По тео­ре­ме си­ну­сов <img src=\"https://ege.sdamgia.ru/formula/svg/8d/8db2ad0d36c20d8f092ee531b0d4ef9a.svg\" class=\"tex\" style=\"vertical-align:-2.5pt\" alt=\"BC = OO_1 умно­жить на синус \\angle BO_1C.\"> Тогда</p><p class=\"left_margin\"></p><center><p><img src=\"https://ege.sdamgia.ru/formula/svg/e9/e9bd514c54cbfa5fcdcd8aa0b87d0e9a.svg\" class=\"tex\" style=\"vertical-align:-10.0pt\" alt=\" дробь: чис­ли­тель: O_1C, зна­ме­на­тель: O_3O_1 конец дроби = дробь: чис­ли­тель: O_1B, зна­ме­на­тель: O_2O_1 конец дроби = ко­си­нус \\angle BO_1C, \"></p><p class=\"left_margin\"></p></center><p> от­ку­да сле­ду­ет, что тре­уголь­ни­ка­ми <i>BO</i><sub>1</sub><i>C</i> и <i>O</i><sub>2</sub><i>O</i><sub>1</sub><i>O</i><sub>3</sub> по­доб­ны, при­чем <img src=\"https://ege.sdamgia.ru/formula/svg/89/89bf21ea8c17f6125fdbcebc46313c59.svg\" class=\"tex\" style=\"vertical-align:-10.0pt\" alt=\" дробь: чис­ли­тель: BC, зна­ме­на­тель: O_2O_3 конец дроби = ко­си­нус \\angle BO_1C, \"> а по­то­му</p><p class=\"left_margin\"></p><center><p><img src=\"https://ege.sdamgia.ru/formula/svg/e1/e1cd3f80cc3ba3a7f6b201056e7d5268.svg\" class=\"tex\" style=\"vertical-align:-10.0pt\" alt=\" дробь: чис­ли­тель: OO_1, зна­ме­на­тель: O_2O_3 конец дроби умно­жить на синус \\angle BO_1C = ко­си­нус \\angle BO_1 C, \"></p><p class=\"left_margin\"></p></center><p> от­ку­да <img src=\"https://ege.sdamgia.ru/formula/svg/9b/9baf8445b74b2fa2b40b5dee00ea3eea.svg\" class=\"tex\" style=\"vertical-align:-10.0pt\" alt=\" тан­генс \\angle BO_1C = дробь: чис­ли­тель: O_2O_3, зна­ме­на­тель: O_1O конец дроби = 2. \"> Зна­чит, </p><p class=\"left_margin\"></p><center><p><span data-width=\"640\" data-formulahash=\"1643c29cdb97a5d4c09cb4fa42b33173\" class=\"tex-span\" style=\"\"><img src=\"https://ege.sdamgia.ru/formula/svg/bb/bb8694a35271ff5e47c74a08b4d29e49.svg\" class=\"tex\" style=\"vertical-align:-8.3pt\" alt=\"\\angle BO_1C = Пи минус левая круг­лая скоб­ка \\angle O_1BC плюс \\angle O_1CB пра­вая круг­лая скоб­ка = Пи минус дробь: чис­ли­тель: 1, зна­ме­на­тель: 2 конец дроби левая круг­лая скоб­ка Пи минус \\angle ABC плюс Пи минус \\angle ACB пра­вая круг­лая скоб­ка =\"><br><img src=\"https://ege.sdamgia.ru/formula/svg/20/20fb9c4d9ecf70e4d8730c8e89294584.svg\" class=\"tex\" style=\"vertical-align:-8.4pt\" alt=\"= дробь: чис­ли­тель: 1, зна­ме­на­тель: 2 конец дроби левая круг­лая скоб­ка \\angle ABC плюс \\angle ACB пра­вая круг­лая скоб­ка = дробь: чис­ли­тель: Пи , зна­ме­на­тель: 2 конец дроби минус дробь: чис­ли­тель: 1, зна­ме­на­тель: 2 конец дроби \\angle BAC, \"></span><span data-width=\"440\" data-formulahash=\"1643c29cdb97a5d4c09cb4fa42b33173\" class=\"tex-span\" style=\"display:none\"><img src=\"https://ege.sdamgia.ru/formula/svg/d7/d799cee7536b4fe829aebacccac20345.svg\" class=\"tex\" style=\"vertical-align:-3.6pt\" alt=\"\\angle BO_1C = Пи минус левая круг­лая скоб­ка \\angle O_1BC плюс \\angle O_1CB пра­вая круг­лая скоб­ка =\"><br><img src=\"https://ege.sdamgia.ru/formula/svg/38/38dafec1a1af32879e0f1901203aa5ea.svg\" class=\"tex\" style=\"vertical-align:-8.4pt\" alt=\"= Пи минус дробь: чис­ли­тель: 1, зна­ме­на­тель: 2 конец дроби левая круг­лая скоб­ка Пи минус \\angle ABC плюс Пи минус \\angle ACB пра­вая круг­лая скоб­ка =\"><br><img src=\"https://ege.sdamgia.ru/formula/svg/20/20fb9c4d9ecf70e4d8730c8e89294584.svg\" class=\"tex\" style=\"vertical-align:-8.4pt\" alt=\"= дробь: чис­ли­тель: 1, зна­ме­на­тель: 2 конец дроби левая круг­лая скоб­ка \\angle ABC плюс \\angle ACB пра­вая круг­лая скоб­ка = дробь: чис­ли­тель: Пи , зна­ме­на­тель: 2 конец дроби минус дробь: чис­ли­тель: 1, зна­ме­на­тель: 2 конец дроби \\angle BAC, \"></span></p><p class=\"left_margin\"></p></center><p> cле­до­ва­тель­но, <img src=\"https://ege.sdamgia.ru/formula/svg/bd/bd2d776791b3e9027ddfda848b935181.svg\" class=\"tex\" style=\"vertical-align:-3.2pt\" alt=\"\\angle BAC = Пи минус 2 \\angle BO_1C = Пи минус арк­тан­генс 2.\"></p><p>&nbsp;</p><p><span style=\"letter-spacing: 2px;\">Ответ:</span> б) <img src=\"https://ege.sdamgia.ru/formula/svg/fd/fd69b565f4b99e45bf6dd2ff4f8c5f59.svg\" class=\"tex\" style=\"vertical-align:-3.2pt\" alt=\" Пи минус арк­тан­генс 2.\"></p></div>",
        "image_urls": [
            "https://ege.sdamgia.ru/formula/svg/87/87dfc03aaa60ea23cf3e2ea9782371e2.svg",
            "https://ege.sdamgia.ru/formula/svg/8d/8db2ad0d36c20d8f092ee531b0d4ef9a.svg",
            "https://ege.sdamgia.ru/formula/svg/e9/e9bd514c54cbfa5fcdcd8aa0b87d0e9a.svg",
            "https://ege.sdamgia.ru/formula/svg/89/89bf21ea8c17f6125fdbcebc46313c59.svg",
            "https://ege.sdamgia.ru/formula/svg/e1/e1cd3f80cc3ba3a7f6b201056e7d5268.svg",
            "https://ege.sdamgia.ru/formula/svg/9b/9baf8445b74b2fa2b40b5dee00ea3eea.svg",
            "https://ege.sdamgia.ru/formula/svg/bb/bb8694a35271ff5e47c74a08b4d29e49.svg",
            "https://ege.sdamgia.ru/formula/svg/20/20fb9c4d9ecf70e4d8730c8e89294584.svg",
            "https://ege.sdamgia.ru/formula/svg/d7/d799cee7536b4fe829aebacccac20345.svg",
            "https://ege.sdamgia.ru/formula/svg/38/38dafec1a1af32879e0f1901203aa5ea.svg",
            "https://ege.sdamgia.ru/formula/svg/20/20fb9c4d9ecf70e4d8730c8e89294584.svg",
            "https://ege.sdamgia.ru/formula/svg/bd/bd2d776791b3e9027ddfda848b935181.svg",
            "https://ege.sdamgia.ru/formula/svg/fd/fd69b565f4b99e45bf6dd2ff4f8c5f59.svg",
            "/get_file?id=166475"
        ]
    },
    "answer": "б)",
    "topic_id": 17,
    "analog_ids": []
}