{
    "gia_type": "ege",
    "subject": "math",
    "id": 657012,
    "condition": {
        "text": "В треугольнике ABC точка D лежит на стороне BC. B треугольники ABD и ACD вписаны окружности, и к ним проведена общая внешняя касательная (отличная от BC), пересекающая AD в точке K.а)  Докажите, что длина отрезка AK не зависит от положения точки D на BC.б)  Найдите длину отрезка АК, если периметр треугольника ABC равен 20 , а сторона BC равна 5.",
        "html": "<div align=\"justify\" width=\"100%\" id=\"body288904\" class=\"pbody\"><p class=\"left_margin\">В тре­уголь­ни­ке <i>ABC</i> точка <i>D</i> лежит на сто­ро­не <i>BC</i>. B тре­уголь­ни­ки <i>ABD</i> и <i>ACD</i> впи­са­ны окруж­но­сти, и к ним про­ве­де­на общая внеш­няя ка­са­тель­ная (от­лич­ная от <i>BC</i>), пе­ре­се­ка­ю­щая <i>AD</i> в точке <i>K</i>.</p><p class=\"left_margin\">а)  До­ка­жи­те, что длина от­рез­ка <i>AK</i> не за­ви­сит от по­ло­же­ния точки <i>D</i> на <i>BC</i>.</p><p class=\"left_margin\">б)  Най­ди­те длину от­рез­ка <i>АК</i>, если пе­ри­метр тре­уголь­ни­ка <i>ABC</i> равен 20 , а сто­ро­на <i>BC</i> равна 5.</p></div>",
        "image_urls": []
    },
    "solution": {
        "text": "Решение. а)  Обозначим точки касания так, как на чертеже. Пусть p  — полупериметр треугольника. Используя свойство отрезков касательных, получаем:  Сложим равенства, получим: Следовательно,  что не зависит от положения точки D.б)  Из пункта а) получаем: Ответ: б)  5.",
        "html": "<div align=\"justify\" width=\"100%\" id=\"sol657012\" class=\"solution\" style=\"clear:both;\" class=\"pbody\"><p class=\"left_margin\"></p><b>Ре­ше­ние<!--rule_info-->. </b><p class=\"left_margin\"><img src=\"/get_file?id=172326\" style=\"float:right;margin:10px;max-width:100%\">а)  Обо­зна­чим точки ка­са­ния так, как на чер­те­же. Пусть <i>p</i>  — по­лу­пе­ри­метр тре­уголь­ни­ка. Ис­поль­зуя свой­ство от­рез­ков ка­са­тель­ных, по­лу­ча­ем: </p><p class=\"left_margin\"></p><center><p><img src=\"https://ege.sdamgia.ru/formula/svg/e8/e8232e5018faa18bea598df6394b20cb.svg\" class=\"tex\" style=\"vertical-align:-3.0pt\" alt=\"AK = AK _ 1 минус KK _ 1 = p_AMK минус KK_1 = p_AMK минус KK_2.\"></p><p><img src=\"https://ege.sdamgia.ru/formula/svg/d7/d721e1a2148e85808e2a08cadce546be.svg\" class=\"tex\" style=\"vertical-align:-2.5pt\" alt=\"AK = AM_1 минус KM_1 = P_ANK минус KN_2.\"></p><p class=\"left_margin\"></p></center><p> Сло­жим ра­вен­ства, по­лу­чим:</p><p class=\"left_margin\"></p><center><p><span data-width=\"640\" data-formulahash=\"eb967c87c864c0508aca4f9cab050a39\" class=\"tex-span\" style=\"\"><img src=\"https://ege.sdamgia.ru/formula/svg/b2/b2d2a5fe4f38f1f1c179292b9f9161e2.svg\" class=\"tex\" style=\"vertical-align:-3.0pt\" alt=\"2AK = p_AMK плюс p_ANK минус K_2N_2 = AM_1 плюс AM_1 минус B_1 C_1 =\"><br><img src=\"https://ege.sdamgia.ru/formula/svg/3a/3a7492f93098add6d1a961a6c98479df.svg\" class=\"tex\" style=\"vertical-align:-3.6pt\" alt=\"= AB минус BN_1 плюс AC минус CM_1 минус левая круг­лая скоб­ка BC минус левая круг­лая скоб­ка BB_1 плюс CC_1 пра­вая круг­лая скоб­ка пра­вая круг­лая скоб­ка = AB плюс AC минус BC.\"></span><span data-width=\"390\" data-formulahash=\"eb967c87c864c0508aca4f9cab050a39\" class=\"tex-span\" style=\"display:none\"><img src=\"https://ege.sdamgia.ru/formula/svg/b2/b2d2a5fe4f38f1f1c179292b9f9161e2.svg\" class=\"tex\" style=\"vertical-align:-3.0pt\" alt=\"2AK = p_AMK плюс p_ANK минус K_2N_2 = AM_1 плюс AM_1 минус B_1 C_1 =\"><br><img src=\"https://ege.sdamgia.ru/formula/svg/f4/f4a88557816b9f7b5e80fe0426221d3a.svg\" class=\"tex\" style=\"vertical-align:-3.6pt\" alt=\"= AB минус BN_1 плюс AC минус CM_1 минус левая круг­лая скоб­ка BC минус левая круг­лая скоб­ка BB_1 плюс CC_1 пра­вая круг­лая скоб­ка пра­вая круг­лая скоб­ка =\"><br><img src=\"https://ege.sdamgia.ru/formula/svg/a2/a2af72476035d3debd0ea324eaf3f7ac.svg\" class=\"tex\" style=\"vertical-align:-1.8pt\" alt=\"= AB плюс AC минус BC.\"></span><span data-width=\"340\" data-formulahash=\"eb967c87c864c0508aca4f9cab050a39\" class=\"tex-span\" style=\"display:none\"><img src=\"https://ege.sdamgia.ru/formula/svg/96/966f80b9e2a4dd7d66c152ba6a5ee4b1.svg\" class=\"tex\" style=\"vertical-align:-3.0pt\" alt=\"2AK = p_AMK плюс p_ANK минус K_2N_2 =\"><br><img src=\"https://ege.sdamgia.ru/formula/svg/9e/9e9833944725cabe0d4efc20010b6f34.svg\" class=\"tex\" style=\"vertical-align:-2.5pt\" alt=\"= AM_1 плюс AM_1 минус B_1 C_1 =\"><br><img src=\"https://ege.sdamgia.ru/formula/svg/f4/f4a88557816b9f7b5e80fe0426221d3a.svg\" class=\"tex\" style=\"vertical-align:-3.6pt\" alt=\"= AB минус BN_1 плюс AC минус CM_1 минус левая круг­лая скоб­ка BC минус левая круг­лая скоб­ка BB_1 плюс CC_1 пра­вая круг­лая скоб­ка пра­вая круг­лая скоб­ка =\"><br><img src=\"https://ege.sdamgia.ru/formula/svg/a2/a2af72476035d3debd0ea324eaf3f7ac.svg\" class=\"tex\" style=\"vertical-align:-1.8pt\" alt=\"= AB плюс AC минус BC.\"></span></p><p class=\"left_margin\"></p></center><p> Сле­до­ва­тель­но, <img src=\"https://ege.sdamgia.ru/formula/svg/e2/e2475809fe274cc9d0a33e6f29b388a2.svg\" class=\"tex\" style=\"vertical-align:-8.3pt\" alt=\"AK = дробь: чис­ли­тель: AB плюс AC минус BC, зна­ме­на­тель: 2 конец дроби , \"> что не за­ви­сит от по­ло­же­ния точки <i>D</i>.</p><p class=\"left_margin\">б)  Из пунк­та а) по­лу­ча­ем: </p><p class=\"left_margin\"></p><center><p><img src=\"https://ege.sdamgia.ru/formula/svg/80/800e4842661c361960914c188c30b57c.svg\" class=\"tex\" style=\"vertical-align:-8.3pt\" alt=\"AK = дробь: чис­ли­тель: AB плюс AC минус BC, зна­ме­на­тель: 2 конец дроби = дробь: чис­ли­тель: AB плюс BC плюс AC, зна­ме­на­тель: 2 конец дроби минус BC = дробь: чис­ли­тель: 20, зна­ме­на­тель: 2 конец дроби минус 5 = 5. \"></p><p class=\"left_margin\"></p></center><p><span style=\"letter-spacing: 2px;\">Ответ:</span> б)  5.</p></div>",
        "image_urls": [
            "https://ege.sdamgia.ru/formula/svg/e8/e8232e5018faa18bea598df6394b20cb.svg",
            "https://ege.sdamgia.ru/formula/svg/d7/d721e1a2148e85808e2a08cadce546be.svg",
            "https://ege.sdamgia.ru/formula/svg/b2/b2d2a5fe4f38f1f1c179292b9f9161e2.svg",
            "https://ege.sdamgia.ru/formula/svg/3a/3a7492f93098add6d1a961a6c98479df.svg",
            "https://ege.sdamgia.ru/formula/svg/b2/b2d2a5fe4f38f1f1c179292b9f9161e2.svg",
            "https://ege.sdamgia.ru/formula/svg/f4/f4a88557816b9f7b5e80fe0426221d3a.svg",
            "https://ege.sdamgia.ru/formula/svg/a2/a2af72476035d3debd0ea324eaf3f7ac.svg",
            "https://ege.sdamgia.ru/formula/svg/96/966f80b9e2a4dd7d66c152ba6a5ee4b1.svg",
            "https://ege.sdamgia.ru/formula/svg/9e/9e9833944725cabe0d4efc20010b6f34.svg",
            "https://ege.sdamgia.ru/formula/svg/f4/f4a88557816b9f7b5e80fe0426221d3a.svg",
            "https://ege.sdamgia.ru/formula/svg/a2/a2af72476035d3debd0ea324eaf3f7ac.svg",
            "https://ege.sdamgia.ru/formula/svg/e2/e2475809fe274cc9d0a33e6f29b388a2.svg",
            "https://ege.sdamgia.ru/formula/svg/80/800e4842661c361960914c188c30b57c.svg",
            "/get_file?id=172326"
        ]
    },
    "answer": "б)  5.",
    "topic_id": 17,
    "analog_ids": []
}