{
    "gia_type": "ege",
    "subject": "math",
    "id": 660702,
    "condition": {
        "text": "Точка O  — центр вписанной окружности треугольника ABC. Прямая BO вторично пересекает описанную окружность треугольника ABC в точке P.а)  Докажите, что б)  Найдите площадь треугольника APC, если известно, что радиус его описанной окружности равен 8, а ",
        "html": "<div align=\"justify\" width=\"100%\" id=\"body293410\" class=\"pbody\"><p class=\"left_margin\">Точка <i>O</i>  — центр впи­сан­ной окруж­но­сти тре­уголь­ни­ка <i>ABC</i>. Пря­мая <i>BO</i> вто­рич­но пе­ре­се­ка­ет опи­сан­ную окруж­ность тре­уголь­ни­ка <i>ABC</i> в точке <i>P</i>.</p><p class=\"left_margin\">а)  До­ка­жи­те, что <img src=\"https://ege.sdamgia.ru/formula/svg/e7/e707b37ff487a8024442cd122061945d.svg\" class=\"tex\" style=\"vertical-align:-1.8pt\" alt=\"\\angle POA = \\angle PAO.\"></p><p class=\"left_margin\">б)  Най­ди­те пло­щадь тре­уголь­ни­ка <i>APC</i>, если из­вест­но, что ра­ди­ус его опи­сан­ной окруж­но­сти равен 8, а <img src=\"https://ege.sdamgia.ru/formula/svg/4b/4b2eb99a34ec250ec8f12f32ae8e48ce.svg\" class=\"tex\" style=\"vertical-align:-1.8pt\" alt=\"\\angle ABC = 60 гра­ду­сов .\"></p></div>",
        "image_urls": [
            "https://ege.sdamgia.ru/formula/svg/e7/e707b37ff487a8024442cd122061945d.svg",
            "https://ege.sdamgia.ru/formula/svg/4b/4b2eb99a34ec250ec8f12f32ae8e48ce.svg"
        ]
    },
    "solution": {
        "text": "Решение. а)  Так как точка O  — центр вписанной окружности, то прямая BO  — биссектриса угла ABC. По лемме о трезубце расстояния от точки пересечения биссектрисы угла треугольника с его описанной окружностью до двух других вершин и инцентра равны. Поэтому треугольник APO равнобедренный. Откуда следует, что б)  По обобщённой теореме синусов откуда  Опустим из P перпендикуляр PH на AC. Так как точка пересечения биссектрисы угла треугольника с серединным перпендикуляром к противолежащей стороне лежит на описанной окружности этого треугольника, то отрезок PH  — серединный перпендикуляр к стороне AC. Четырехугольник ABCP вписанный, значит,Отрезок PH  — серединный перпендикуляр к стороне AC, поэтому Тогда площадь треугольника APC равна  Ответ: б)  ",
        "html": "<div align=\"justify\" width=\"100%\" id=\"sol660702\" class=\"solution\" style=\"clear:both;\" class=\"pbody\"><p class=\"left_margin\"></p><b>Ре­ше­ние<!--rule_info-->. </b><p class=\"left_margin\"><img src=\"/get_file?id=179481\" style=\"float:right;margin:10px;max-width:100%\"></p><p class=\"left_margin\">а)  Так как точка <i>O</i>  — центр впи­сан­ной окруж­но­сти, то пря­мая <i>BO</i>  — бис­сек­три­са угла <i>ABC.</i> По лемме о тре­зуб­це рас­сто­я­ния от точки пе­ре­се­че­ния бис­сек­три­сы угла тре­уголь­ни­ка с его опи­сан­ной окруж­но­стью до двух дру­гих вер­шин и ин­цен­тра равны. По­это­му тре­уголь­ник <i>APO</i> рав­но­бед­рен­ный. От­ку­да сле­ду­ет, что <img src=\"https://ege.sdamgia.ru/formula/svg/e7/e707b37ff487a8024442cd122061945d.svg\" class=\"tex\" style=\"vertical-align:-1.8pt\" alt=\"\\angle POA = \\angle PAO.\"></p><p class=\"left_margin\">б)  По обобщённой тео­ре­ме си­ну­сов</p><p class=\"left_margin\"></p><center><p><img src=\"https://ege.sdamgia.ru/formula/svg/b3/b3f8369642817bf72b85b5fe4bb38a2f.svg\" class=\"tex\" style=\"vertical-align:-8.4pt\" alt=\" дробь: чис­ли­тель: AC, зна­ме­на­тель: синус \\angle ABC конец дроби = 2R, \"></p><p class=\"left_margin\"></p></center><p> от­ку­да <img src=\"https://ege.sdamgia.ru/formula/svg/57/57c617fe6f6d1f4d03b136c3b1e432bb.svg\" class=\"tex\" style=\"vertical-align:-1.8pt\" alt=\"AC = 8 ко­рень из 3 .\"> Опу­стим из <i>P</i> пер­пен­ди­ку­ляр <i>PH</i> на <i>AC.</i> Так как точка пе­ре­се­че­ния бис­сек­три­сы угла тре­уголь­ни­ка с се­ре­дин­ным пер­пен­ди­ку­ля­ром к про­ти­во­ле­жа­щей сто­ро­не лежит на опи­сан­ной окруж­но­сти этого тре­уголь­ни­ка, то от­ре­зок <i>PH</i>  — се­ре­дин­ный пер­пен­ди­ку­ляр к сто­ро­не <i>AC</i>. Че­ты­рех­уголь­ник <i>ABCP</i> впи­сан­ный, зна­чит,</p><p class=\"left_margin\"></p><center><p><img src=\"https://ege.sdamgia.ru/formula/svg/d0/d03b5dbb650b32b371b7262adb13426d.svg\" class=\"tex\" style=\"vertical-align:-1.8pt\" alt=\"\\angle APC = 180 в сте­пе­ни circ минус \\angle ABC = 120 гра­ду­сов. \"></p><p class=\"left_margin\"></p></center><p class=\"left_margin\">От­ре­зок <i>PH</i>  — се­ре­дин­ный пер­пен­ди­ку­ляр к сто­ро­не <i>AC</i>, по­это­му</p><p></p><div class=\"flex-math\"><p><img src=\"https://ege.sdamgia.ru/formula/svg/4e/4ef68ec84bfa750863c93133d92c69e0.svg\" class=\"tex\" style=\"vertical-align:-3.0pt\" alt=\"\\angle APH = \\angle CPH = 60 гра­ду­сов,\"></p><p><img src=\"https://ege.sdamgia.ru/formula/svg/a2/a2a1c0a3be3386c6ba656748640673a5.svg\" class=\"tex\" style=\"vertical-align:-8.4pt\" alt=\"CH = дробь: чис­ли­тель: 1, зна­ме­на­тель: 2 конец дроби AC = 4 ко­рень из 3 ,\"></p><p><img src=\"https://ege.sdamgia.ru/formula/svg/ef/ef8f4657fdc7918c2c99f3d262767fee.svg\" class=\"tex\" style=\"vertical-align:-11.0pt\" alt=\"PH = CH умно­жить на \\ctg \\angle CPH = дробь: чис­ли­тель: 1, зна­ме­на­тель: ко­рень из 3 конец дроби умно­жить на 4 ко­рень из 3 = 4. \"></p></div><p> Тогда пло­щадь тре­уголь­ни­ка <i>APC</i> равна <img src=\"https://ege.sdamgia.ru/formula/svg/dc/dcd1823061e53dcff29a8e387fefb4a9.svg\" class=\"tex\" style=\"vertical-align:-8.4pt\" alt=\"S_APC = дробь: чис­ли­тель: 1, зна­ме­на­тель: 2 конец дроби PH умно­жить на AC = 16 ко­рень из 3 .\"></p><p>&nbsp;</p><p><span style=\"letter-spacing: 2px;\">Ответ:</span> б)  <img src=\"https://ege.sdamgia.ru/formula/svg/90/908a60e9aea54aa20de3f18b24846988.svg\" class=\"tex\" style=\"vertical-align:-1.8pt\" alt=\"16 ко­рень из 3 .\"></p></div>",
        "image_urls": [
            "https://ege.sdamgia.ru/formula/svg/e7/e707b37ff487a8024442cd122061945d.svg",
            "https://ege.sdamgia.ru/formula/svg/b3/b3f8369642817bf72b85b5fe4bb38a2f.svg",
            "https://ege.sdamgia.ru/formula/svg/57/57c617fe6f6d1f4d03b136c3b1e432bb.svg",
            "https://ege.sdamgia.ru/formula/svg/d0/d03b5dbb650b32b371b7262adb13426d.svg",
            "https://ege.sdamgia.ru/formula/svg/4e/4ef68ec84bfa750863c93133d92c69e0.svg",
            "https://ege.sdamgia.ru/formula/svg/a2/a2a1c0a3be3386c6ba656748640673a5.svg",
            "https://ege.sdamgia.ru/formula/svg/ef/ef8f4657fdc7918c2c99f3d262767fee.svg",
            "https://ege.sdamgia.ru/formula/svg/dc/dcd1823061e53dcff29a8e387fefb4a9.svg",
            "https://ege.sdamgia.ru/formula/svg/90/908a60e9aea54aa20de3f18b24846988.svg",
            "/get_file?id=179481"
        ]
    },
    "answer": "б)",
    "topic_id": 17,
    "analog_ids": []
}