{
    "gia_type": "ege",
    "subject": "math",
    "id": 504418,
    "condition": {
        "text": "На сторонах AD и BC параллелограмма ABCD взяты соответственно точки M и N, причём M  — середина AD, а BN : NC  =  1 : 3. а)  Докажите, что прямые AN и AC делят отрезок BM на три равные части.б)  Найдите площадь четырёхугольника, вершины которого находятся в точках С, N и точках пересечения прямой BM c прямыми AN и AC, если площадь параллелограмма ABCD равна 48.",
        "html": "<div align=\"justify\" width=\"100%\" id=\"body646302\" class=\"pbody\"><p class=\"left_margin\">На сто­ро­нах <i>AD</i> и <i>BC</i> па­рал­ле­ло­грам­ма <i>ABCD</i> взяты со­от­вет­ствен­но точки <i>M</i> и <i>N</i>, причём <i>M</i>  — се­ре­ди­на <i>AD</i>, а <i>BN</i> : <i>NC</i>  =  1 : 3. </p><p class=\"left_margin\">а)  До­ка­жи­те, что пря­мые <i>AN</i> и <i>AC</i> делят от­ре­зок <i>BM</i> на три рав­ные части.</p><p class=\"left_margin\">б)  Най­ди­те пло­щадь четырёхуголь­ни­ка, вер­ши­ны ко­то­ро­го на­хо­дят­ся в точ­ках <i>С</i>, <i>N</i> и точ­ках пе­ре­се­че­ния пря­мой <i>BM</i> c пря­мы­ми <i>AN</i> и <i>AC</i>, если пло­щадь па­рал­ле­ло­грам­ма <i>ABCD</i> равна 48.</p></div>",
        "image_urls": []
    },
    "solution": {
        "text": "Решение. а)  Обозначим точки пересечения прямой BM c прямыми AN и AC буквами P и R соответственно. Пусть O – точка пересечения диагоналей параллелограмма. Тогда AO и BM  — медианы треугольника ABD, значит, Из подобия треугольников BPN и MPA находим, чтоЗначит,  Из доказанного следует, что BP=PR=RM.б)  Пусть площадь параллелограмма равна S. Из подобия треугольников MRA и BRC с коэффициентом  следует, что высота треугольника BRC, проведённая к стороне BC, составляет  высоты параллелограмма, проведённой к той же стороне. Следовательно, площадь треугольника BRC равна Аналогично найдём площадь треугольника BNP. Его высота, проведённая к BN, составляет  высоты параллелограмма, проведённой к стороне BC сама сторона BN в четыре раза меньше стороны параллелограмма BC. ПоэтомуСледовательно, площадь четырёхугольника PRCN равна Ответ: 14. Приведем решение пункта а) Юлии Ерохиной.По условию M  — середина AD, BN : NC  =  1 : 3. Тогда, полагая BN  =  x, получаем: NC  =  3x, AM  =  MD  =  2x. Обозначим точки пересечения прямой BM c прямыми AN и AC буквами P и R соответственно.Треугольник BRC подобен треугольнику ARM по двум углам (углы BRC и ARM равны как вертикальные, углы BCR и MAR равны как накрест лежащие при пересечении параллельных прямых секущей), следовательно, Пусть RM  =  y, тогда BR  =  2y, BM  =  3y.Треугольник BPN подобен треугольнику APM по двум углам (углы BPN и APM равны как вертикальные, углы BNP и MAP равны как накрест лежащие при пересечении параллельных прямых секущей), следовательно, Пусть BP  =  z, тогда PM  =  2z, BM  =  3z.Таким образом, 3y  =  3z, откуда y  =  z, то есть BP  =  PR  =  RM.",
        "html": "<div align=\"justify\" width=\"100%\" id=\"sol504418\" class=\"solution\" style=\"clear:both;\" class=\"pbody\"><p class=\"left_margin\"></p><b>Ре­ше­ние<!--rule_info-->. </b><p class=\"left_margin\"><img src=\"/get_file?id=146799\" style=\"float:right;margin:10px;max-width:100%\">а)  Обо­зна­чим точки пе­ре­се­че­ния пря­мой <i>BM</i> c пря­мы­ми <i>AN</i> и <i>AC</i> бук­ва­ми <i>P</i> и <i>R</i> со­от­вет­ствен­но.</p><p>&nbsp;</p><p class=\"left_margin\">Пусть <i>O</i> – точка пе­ре­се­че­ния диа­го­на­лей па­рал­ле­ло­грам­ма. Тогда <i>AO</i> и <i>BM</i>  — ме­ди­а­ны тре­уголь­ни­ка <i>ABD</i>, зна­чит, </p><p class=\"left_margin\"></p><center><p><img src=\"https://ege.sdamgia.ru/formula/svg/76/7691a5ff22bd56a085bc22fd6f924f04.svg\" class=\"tex\" style=\"vertical-align:-8.5pt\" alt=\"MR= дробь: чис­ли­тель: 1, зна­ме­на­тель: 3 конец дроби BM. \"></p><p class=\"left_margin\"></p></center><p class=\"left_margin\">Из по­до­бия тре­уголь­ни­ков <i>BPN</i> и <i>MPA</i> на­хо­дим, что</p><p class=\"left_margin\"></p><center><p><img src=\"https://ege.sdamgia.ru/formula/svg/63/63bece60cda95cec2ee49699de312259.svg\" class=\"tex\" style=\"vertical-align:-8.4pt\" alt=\" дробь: чис­ли­тель: BP, зна­ме­на­тель: PM конец дроби = дробь: чис­ли­тель: BN, зна­ме­на­тель: AM конец дроби = дробь: чис­ли­тель: 1, зна­ме­на­тель: 2 конец дроби . \"></p><p class=\"left_margin\"></p></center><p class=\"left_margin\">Зна­чит, <img src=\"https://ege.sdamgia.ru/formula/svg/da/daf684e537e5ebfb3e8034f9e03000a6.svg\" class=\"tex\" style=\"vertical-align:-8.5pt\" alt=\"BP= дробь: чис­ли­тель: 1, зна­ме­на­тель: 3 конец дроби BM. \"> Из до­ка­зан­но­го сле­ду­ет, что <i>BP=PR=RM.</i></p><p class=\"left_margin\">б)  Пусть пло­щадь па­рал­ле­ло­грам­ма равна <i>S</i>. Из по­до­бия тре­уголь­ни­ков <i>MRA</i> и <i>BRC</i> с ко­эф­фи­ци­ен­том <img src=\"https://ege.sdamgia.ru/formula/svg/93/93b05c90d14a117ba52da1d743a43ab1.svg\" class=\"tex\" style=\"vertical-align:-8.4pt\" alt=\" дробь: чис­ли­тель: 1, зна­ме­на­тель: 2 конец дроби \"> сле­ду­ет, что вы­со­та тре­уголь­ни­ка <i>BRC</i>, про­ведённая к сто­ро­не <i>BC</i>, со­став­ля­ет <img src=\"https://ege.sdamgia.ru/formula/svg/6c/6ca8c824c79dbb80005f071431350618.svg\" class=\"tex\" style=\"vertical-align:-8.5pt\" alt=\" дробь: чис­ли­тель: 2, зна­ме­на­тель: 3 конец дроби \"> вы­со­ты па­рал­ле­ло­грам­ма, про­ведённой к той же сто­ро­не. Сле­до­ва­тель­но, пло­щадь тре­уголь­ни­ка <i>BRC</i> равна </p><p class=\"left_margin\"></p><center><p><img src=\"https://ege.sdamgia.ru/formula/svg/44/443706af5586fee0a07c9ce9ea0eec7f.svg\" class=\"tex\" style=\"vertical-align:-8.4pt\" alt=\"S_BRC= дробь: чис­ли­тель: 1, зна­ме­на­тель: 2 конец дроби умно­жить на дробь: чис­ли­тель: 2, зна­ме­на­тель: 3 конец дроби умно­жить на S= дробь: чис­ли­тель: S, зна­ме­на­тель: 3 конец дроби . \"></p><p class=\"left_margin\"></p></center><p class=\"left_margin\">Ана­ло­гич­но найдём пло­щадь тре­уголь­ни­ка <i>BNP</i>. Его вы­со­та, про­ведённая к <i>BN</i>, со­став­ля­ет <img src=\"https://ege.sdamgia.ru/formula/svg/79/7964c6a339acf2ddea25a5ef0552b97e.svg\" class=\"tex\" style=\"vertical-align:-8.5pt\" alt=\" дробь: чис­ли­тель: 1, зна­ме­на­тель: 3 конец дроби \"> вы­со­ты па­рал­ле­ло­грам­ма, про­ведённой к сто­ро­не <i>BC</i> сама сто­ро­на <i>BN</i> в че­ты­ре раза мень­ше сто­ро­ны па­рал­ле­ло­грам­ма <i>BC</i>. По­это­му</p><p class=\"left_margin\"></p><center><p><img src=\"https://ege.sdamgia.ru/formula/svg/7d/7ddd23f9525c8a9c89a44da714be471a.svg\" class=\"tex\" style=\"vertical-align:-8.5pt\" alt=\"S_BNP= дробь: чис­ли­тель: 1, зна­ме­на­тель: 2 конец дроби умно­жить на дробь: чис­ли­тель: 1, зна­ме­на­тель: 3 конец дроби умно­жить на дробь: чис­ли­тель: 1, зна­ме­на­тель: 4 конец дроби S= дробь: чис­ли­тель: 1, зна­ме­на­тель: 24 конец дроби S. \"></p><p class=\"left_margin\"></p></center><p class=\"left_margin\">Сле­до­ва­тель­но, пло­щадь четырёхуголь­ни­ка <i>PRCN</i> равна </p><p class=\"left_margin\"></p><center><p><img src=\"https://ege.sdamgia.ru/formula/svg/68/68f05575f613b45917c95d935d12981d.svg\" class=\"tex\" style=\"vertical-align:-8.5pt\" alt=\" дробь: чис­ли­тель: 1, зна­ме­на­тель: 3 конец дроби S минус дробь: чис­ли­тель: 1, зна­ме­на­тель: 24 конец дроби S= дробь: чис­ли­тель: 7, зна­ме­на­тель: 24 конец дроби S= дробь: чис­ли­тель: 7, зна­ме­на­тель: 24 конец дроби умно­жить на 48 = 14 \"></p><p class=\"left_margin\"></p></center><p><span style=\"letter-spacing:2px \">Ответ</span>: 14.</p><p>&nbsp;</p><p><b>При­ве­дем ре­ше­ние пунк­та а) Юлии Еро­хи­ной.</b></p><p class=\"left_margin\">По усло­вию <i>M</i>  — се­ре­ди­на <i>AD</i>, <i>BN</i> : <i>NC</i>  =  1 : 3. Тогда, по­ла­гая <i>BN</i>  =  <i>x</i>, по­лу­ча­ем: <i>NC</i>  =  3<i>x</i>, <i>AM</i>  =  <i>MD</i>  =  2<i>x</i>. Обо­зна­чим точки пе­ре­се­че­ния пря­мой <i>BM</i> c пря­мы­ми <i>AN</i> и <i>AC</i> бук­ва­ми <i>P</i> и <i>R</i> со­от­вет­ствен­но.</p><p class=\"left_margin\">Тре­уголь­ник <i>BRC</i> по­до­бен тре­уголь­ни­ку <i>ARM</i> по двум углам (углы <i>BRC</i> и <i>ARM</i> равны как вер­ти­каль­ные, углы <i>BCR</i> и <i>MAR</i> равны как на­крест ле­жа­щие при пе­ре­се­че­нии па­рал­лель­ных пря­мых се­ку­щей), сле­до­ва­тель­но,<img src=\"https://ege.sdamgia.ru/formula/svg/51/51f506b1bf3e3d1a2392b10019646957.svg\" class=\"tex\" style=\"vertical-align:-8.3pt\" alt=\" дробь: чис­ли­тель: BR, зна­ме­на­тель: RM конец дроби = дробь: чис­ли­тель: BC, зна­ме­на­тель: AM конец дроби = дробь: чис­ли­тель: 4, зна­ме­на­тель: 2 конец дроби =2. \"> Пусть <i>RM</i>  =  <i>y</i>, тогда <i>BR</i>  =  2<i>y</i>, <i>BM</i>  =  3<i>y</i>.</p><p class=\"left_margin\">Тре­уголь­ник <i>BPN</i> по­до­бен тре­уголь­ни­ку <i>APM</i> по двум углам (углы <i>BPN</i> и <i>APM</i> равны как вер­ти­каль­ные, углы <i>BNP</i> и <i>MAP</i> равны как на­крест ле­жа­щие при пе­ре­се­че­нии па­рал­лель­ных пря­мых се­ку­щей), сле­до­ва­тель­но,<img src=\"https://ege.sdamgia.ru/formula/svg/b3/b37918ac4f972620205a0d537dbe5d32.svg\" class=\"tex\" style=\"vertical-align:-8.4pt\" alt=\" дробь: чис­ли­тель: BP, зна­ме­на­тель: PM конец дроби = дробь: чис­ли­тель: BN, зна­ме­на­тель: AM конец дроби = дробь: чис­ли­тель: 1, зна­ме­на­тель: 2 конец дроби . \"> Пусть <i>BP</i>  =  <i>z</i>, тогда <i>PM</i>  =  2<i>z</i>, <i>BM</i>  =  3<i>z</i>.</p><p class=\"left_margin\">Таким об­ра­зом, 3<i>y</i>  =  3<i>z</i>, от­ку­да <i>y</i>  =  <i>z</i>, то есть <i>BP</i>  =  <i>PR</i>  =  <i>RM</i>.</p></div>",
        "image_urls": [
            "https://ege.sdamgia.ru/formula/svg/76/7691a5ff22bd56a085bc22fd6f924f04.svg",
            "https://ege.sdamgia.ru/formula/svg/63/63bece60cda95cec2ee49699de312259.svg",
            "https://ege.sdamgia.ru/formula/svg/da/daf684e537e5ebfb3e8034f9e03000a6.svg",
            "https://ege.sdamgia.ru/formula/svg/93/93b05c90d14a117ba52da1d743a43ab1.svg",
            "https://ege.sdamgia.ru/formula/svg/6c/6ca8c824c79dbb80005f071431350618.svg",
            "https://ege.sdamgia.ru/formula/svg/44/443706af5586fee0a07c9ce9ea0eec7f.svg",
            "https://ege.sdamgia.ru/formula/svg/79/7964c6a339acf2ddea25a5ef0552b97e.svg",
            "https://ege.sdamgia.ru/formula/svg/7d/7ddd23f9525c8a9c89a44da714be471a.svg",
            "https://ege.sdamgia.ru/formula/svg/68/68f05575f613b45917c95d935d12981d.svg",
            "https://ege.sdamgia.ru/formula/svg/51/51f506b1bf3e3d1a2392b10019646957.svg",
            "https://ege.sdamgia.ru/formula/svg/b3/b37918ac4f972620205a0d537dbe5d32.svg",
            "/get_file?id=146799"
        ]
    },
    "answer": "",
    "topic_id": 17,
    "analog_ids": [
        504418,
        511388
    ]
}