{
    "gia_type": "ege",
    "subject": "math",
    "id": 504439,
    "condition": {
        "text": "Точка M  — середина стороны AD параллелограмма ABCD . Из вершины A проведены два луча, которые разбивают отрезок BM на три равные части. а)  Докажите, что один из лучей содержит диагональ параллелограмма.б)  Найдите площадь четырёхугольника, ограниченного двумя проведёнными лучами и прямыми BD и BC , если площадь параллелограмма ABCD равна 40.",
        "html": "<div align=\"justify\" width=\"100%\" id=\"body646283\" class=\"pbody\"><p class=\"left_margin\">Точка <i>M</i>  — се­ре­ди­на сто­ро­ны <i>AD</i> па­рал­ле­ло­грам­ма <i>ABCD</i> . Из вер­ши­ны <i>A</i> про­ве­де­ны два луча, ко­то­рые раз­би­ва­ют от­ре­зок <i>BM</i> на три рав­ные части. </p><p class=\"left_margin\">а)  До­ка­жи­те, что один из лучей со­дер­жит диа­го­наль па­рал­ле­ло­грам­ма.</p><p class=\"left_margin\">б)  Най­ди­те пло­щадь четырёхуголь­ни­ка, огра­ни­чен­но­го двумя про­ведёнными лу­ча­ми и пря­мы­ми <i>BD</i> и <i>BC</i> , если пло­щадь па­рал­ле­ло­грам­ма <i>ABCD</i> равна 40.</p></div>",
        "image_urls": []
    },
    "solution": {
        "text": "Решение.  а)  Обозначим точки пересечения лучей с отрезком BM  — буквами P и R (см. рис.), и пусть O  — точка пересечения диагоналей параллелограмма, а N  — точка пересечения луча AP и прямой BC. Точка R делит медиану BM треугольника ABD в отношении 2 :1 считая от B. Следовательно, R лежит на медиане AO этого треугольника, то есть луч AR содержит диагональ AC . б)  Пусть L  — точка пересечения AN и BD. Нужно найти площадь четырёхугольника LNCO. Пусть площадь параллелограмма равна S . Площадь треугольника BOC равна  Найдём площадь треугольника BNL . Из подобия треугольников BPN и MPA следует, чтооткуда Теперь из подобия треугольников BNL и DAL следует, что их соответствующие высоты относятся как 1:4 , а поэтому высота треугольника BNL, проведённая к BN, составляет  высоты параллелограмма, проведённой к стороне BC.Поэтому Следовательно, площадь четырёхугольника LNCO равна  Ответ: 9.",
        "html": "<div align=\"justify\" width=\"100%\" id=\"sol504439\" class=\"solution\" style=\"clear:both;\" class=\"pbody\"><p class=\"left_margin\"></p><b>Ре­ше­ние<!--rule_info-->. </b><p class=\"left_margin\"><img src=\"/get_file?id=146801\" style=\"float:right;margin:10px;max-width:100%\"> а)  Обо­зна­чим точки пе­ре­се­че­ния лучей с от­рез­ком <i>BM</i>  — бук­ва­ми <i>P</i> и <i>R</i> (см. рис.), и пусть <i>O</i>  — точка пе­ре­се­че­ния диа­го­на­лей па­рал­ле­ло­грам­ма, а <i>N</i>  — точка пе­ре­се­че­ния луча <i>AP</i> и пря­мой <i>BC</i>. Точка <i>R</i> делит ме­ди­а­ну <i>BM</i> тре­уголь­ни­ка <i>ABD</i> в от­но­ше­нии 2 :1 счи­тая от <i>B</i>. Сле­до­ва­тель­но, <i>R</i> лежит на ме­ди­а­не <i>AO</i> этого тре­уголь­ни­ка, то есть луч <i>AR</i> со­дер­жит диа­го­наль <i>AC</i> .</p><p>&nbsp;</p><p class=\"left_margin\">б)  Пусть <i>L</i>  — точка пе­ре­се­че­ния <i>AN</i> и <i>BD</i>. Нужно найти пло­щадь четырёхуголь­ни­ка <i>LNCO</i>. Пусть пло­щадь па­рал­ле­ло­грам­ма равна <i>S</i> . Пло­щадь тре­уголь­ни­ка <i>BOC</i> равна <img src=\"https://ege.sdamgia.ru/formula/svg/35/35d99c40bb20456984a114870365a935.svg\" class=\"tex\" style=\"vertical-align:-8.3pt\" alt=\"S_BOC= дробь: чис­ли­тель: S, зна­ме­на­тель: 4 конец дроби . \"> Найдём пло­щадь тре­уголь­ни­ка <i>BNL</i> . Из по­до­бия тре­уголь­ни­ков <i>BPN</i> и <i>MPA</i> сле­ду­ет, что</p><p></p><div class=\"flex-math\"><p><img src=\"https://ege.sdamgia.ru/formula/svg/98/989ca6a3e3f703165b07252d09622ca4.svg\" class=\"tex\" style=\"vertical-align:-8.4pt\" alt=\" дробь: чис­ли­тель: BN, зна­ме­на­тель: AM конец дроби = дробь: чис­ли­тель: BP, зна­ме­на­тель: PM конец дроби = дробь: чис­ли­тель: 1, зна­ме­на­тель: 2 конец дроби , \"></p><p>от­ку­да </p><p><img src=\"https://ege.sdamgia.ru/formula/svg/3e/3e735cde4488861bbe5f6991fb1a677e.svg\" class=\"tex\" style=\"vertical-align:-8.4pt\" alt=\"BN= дробь: чис­ли­тель: 1, зна­ме­на­тель: 2 конец дроби AM= дробь: чис­ли­тель: 1, зна­ме­на­тель: 4 конец дроби AD. \"></p><p></p></div><p class=\"left_margin\">Те­перь из по­до­бия тре­уголь­ни­ков <i>BNL</i> и <i>DAL</i> сле­ду­ет, что их со­от­вет­ству­ю­щие вы­со­ты от­но­сят­ся как 1:4 , а по­это­му вы­со­та тре­уголь­ни­ка <i>BNL</i>, про­ведённая к <i>BN</i>, со­став­ля­ет <img src=\"https://ege.sdamgia.ru/formula/svg/22/22417f146ced89939510e270d4201b28.svg\" class=\"tex\" style=\"vertical-align:-8.5pt\" alt=\" дробь: чис­ли­тель: 1, зна­ме­на­тель: 5 конец дроби \"> вы­со­ты па­рал­ле­ло­грам­ма, про­ведённой к сто­ро­не <i>BC</i>.</p><p class=\"left_margin\">По­это­му </p><p class=\"left_margin\"></p><center><p><img src=\"https://ege.sdamgia.ru/formula/svg/a9/a9610e1fdd74a011be591080d7d39413.svg\" class=\"tex\" style=\"vertical-align:-8.5pt\" alt=\"S_BLN= дробь: чис­ли­тель: 1, зна­ме­на­тель: 2 конец дроби умно­жить на дробь: чис­ли­тель: 1, зна­ме­на­тель: 4 конец дроби умно­жить на дробь: чис­ли­тель: 1, зна­ме­на­тель: 5 конец дроби S= дробь: чис­ли­тель: 1, зна­ме­на­тель: 40 конец дроби S. \"></p><p class=\"left_margin\"></p></center><p class=\"left_margin\">Сле­до­ва­тель­но, пло­щадь четырёхуголь­ни­ка <i>LNCO</i> равна </p><p class=\"left_margin\"></p><center><p><img src=\"https://ege.sdamgia.ru/formula/svg/fa/fa78a00594d49e104892c6fec851ba51.svg\" class=\"tex\" style=\"vertical-align:-8.5pt\" alt=\"S_BOC минус S_BNL= дробь: чис­ли­тель: 1, зна­ме­на­тель: 4 конец дроби S минус дробь: чис­ли­тель: 1, зна­ме­на­тель: 40 конец дроби S= дробь: чис­ли­тель: 9, зна­ме­на­тель: 40 конец дроби S= дробь: чис­ли­тель: 9, зна­ме­на­тель: 40 конец дроби умно­жить на 40=9. \"></p><p class=\"left_margin\"></p></center><p>&nbsp;</p><p><span style=\"letter-spacing:2px \">Ответ</span>: 9.</p></div>",
        "image_urls": [
            "https://ege.sdamgia.ru/formula/svg/35/35d99c40bb20456984a114870365a935.svg",
            "https://ege.sdamgia.ru/formula/svg/98/989ca6a3e3f703165b07252d09622ca4.svg",
            "https://ege.sdamgia.ru/formula/svg/3e/3e735cde4488861bbe5f6991fb1a677e.svg",
            "https://ege.sdamgia.ru/formula/svg/22/22417f146ced89939510e270d4201b28.svg",
            "https://ege.sdamgia.ru/formula/svg/a9/a9610e1fdd74a011be591080d7d39413.svg",
            "https://ege.sdamgia.ru/formula/svg/fa/fa78a00594d49e104892c6fec851ba51.svg",
            "/get_file?id=146801"
        ]
    },
    "answer": "",
    "topic_id": 17,
    "analog_ids": [
        504439,
        511389
    ]
}