{
    "gia_type": "ege",
    "subject": "math",
    "id": 505155,
    "condition": {
        "text": "На диагонали параллелограмма взяли точку, отличную от её середины. Из неё на все стороны параллелограмма (или их продолжения) опустили перпендикуляры.а)  Докажите, что четырёхугольник, образованный основаниями этих перпендикуляров, является трапецией.б)  Найдите площадь полученной трапеции, если площадь параллелограмма равна 16, а один из его углов равен 60°.",
        "html": "<div align=\"justify\" width=\"100%\" id=\"body646079\" class=\"pbody\"><p class=\"left_margin\">На диа­го­на­ли па­рал­ле­ло­грам­ма взяли точку, от­лич­ную от её се­ре­ди­ны. Из неё на все сто­ро­ны па­рал­ле­ло­грам­ма (или их про­дол­же­ния) опу­сти­ли пер­пен­ди­ку­ля­ры.</p><p class=\"left_margin\">а)  До­ка­жи­те, что четырёхуголь­ник, об­ра­зо­ван­ный ос­но­ва­ни­я­ми этих пер­пен­ди­ку­ля­ров, яв­ля­ет­ся тра­пе­ци­ей.</p><p class=\"left_margin\">б)  Най­ди­те пло­щадь по­лу­чен­ной тра­пе­ции, если пло­щадь па­рал­ле­ло­грам­ма равна 16, а один из его углов равен 60°.</p></div>",
        "image_urls": []
    },
    "solution": {
        "text": "Решение. а)  Возьмём на диагонали AC параллелограмма ABCD точку O (не посередине) и проведём через неё перпендикуляры NL и KM к сторонам параллелограмма (см. рис.). Прямоугольные треугольники CKO и AMO подобны. Точно так же подобны треугольники CNO и ALO:OK:OM = OC:OA = ON:OL.Отсюда следует подобие треугольников ONK и OLM. Тогда накрест лежащие углы OML и OKN равны, а поэтому прямые NK и ML параллельны. Следовательно, четырёхугольник KLMN  — параллелограмм или трапеция.Докажем, что это трапеция. Если KLMN  — параллелограмм, то ON = OL. В этом случае OC = OA, то есть O – середина AC. Противоречие. Значит, KLMN  — трапеция.б)  Обозначим площадь параллелограмма S, а его острый угол – α. Угол между диагоналями NL и KM трапеции KLMN равен углу между перпендикулярными диагоналям прямыми BC и CD, то есть этот угол равен α.Поэтому площадь трапеции равна: Подставляя α = 60° и S = 16, получаем, что площадь трапеции равнаОтвет: 6. Приведем решение пункта а) Ивана Иванова (Владивосток).Сумма углов AMO и ALO равна 90° + 90°  =  180°. Следовательно, четырёхугольник AMOL  — вписанный. Поэтому вписанные углы LAO и LMO равны, так как опираются на одну и ту же дугу. Сумма углов CNO и CKO равна 90° + 90°  =  180°. Следовательно, четырёхугольник KONC  — вписанный. Поэтому вписанные углы NKO и NCO равны, так как опираются на одну и ту же дугу.Углы LAO и NCO равны как накрест лежащие при параллельных прямых AD и BC и секущей AC. Следовательно, углы LMO и NKO равны, поэтому прямые NK и ML параллельны по равенству накрест лежащих углов.    Докажем, что четырехугольник  — трапеция. Имеем: Следовательно, и отрезки MO и KO не равны, значит, KLMN не параллелограмм. Тогда это трапеция.",
        "html": "<div align=\"justify\" width=\"100%\" id=\"sol505155\" class=\"solution\" style=\"clear:both;\" class=\"pbody\"><p class=\"left_margin\"></p><b>Ре­ше­ние<!--rule_info-->. </b><p class=\"left_margin\"><img src=\"/get_file?id=146535\" style=\"float:right;margin:10px;max-width:100%\"></p><p class=\"left_margin\">а)  Возьмём на диа­го­на­ли <i>AC</i> па­рал­ле­ло­грам­ма <i>ABCD</i> точку <i>O</i> (не по­се­ре­ди­не) и про­ведём через неё пер­пен­ди­ку­ля­ры <i>NL</i> и <i>KM</i> к сто­ро­нам па­рал­ле­ло­грам­ма (см. рис.). Пря­мо­уголь­ные тре­уголь­ни­ки <i>CKO</i> и <i>AMO</i> по­доб­ны. Точно так же по­доб­ны тре­уголь­ни­ки <i>CNO</i> и <i>ALO</i>:</p><p class=\"left_margin\"></p><center><p><i>OK</i>:<i>OM</i> = <i>OC</i>:<i>OA</i> = <i>ON</i>:<i>OL</i>.</p><p class=\"left_margin\"></p></center><p class=\"left_margin\">От­сю­да сле­ду­ет по­до­бие тре­уголь­ни­ков <i>ONK</i> и <i>OLM</i>. Тогда на­крест ле­жа­щие углы <i>OML</i> и <i>OKN</i> равны, а по­это­му пря­мые <i>NK</i> и <i>ML</i> па­рал­лель­ны. Сле­до­ва­тель­но, четырёхуголь­ник <i>KLMN</i>  — па­рал­ле­ло­грамм или тра­пе­ция.</p><p class=\"left_margin\">До­ка­жем, что это тра­пе­ция. Если <i>KLMN</i>  — па­рал­ле­ло­грамм, то <i>ON</i> = <i>OL</i>. В этом слу­чае <i>OC</i> = <i>OA</i>, то есть <i>O</i> – се­ре­ди­на <i>AC</i>. Про­ти­во­ре­чие. Зна­чит, <i>KLMN</i>  — тра­пе­ция.</p><p class=\"left_margin\">б)  Обо­зна­чим пло­щадь па­рал­ле­ло­грам­ма <i>S</i>, а его ост­рый угол – α. Угол между диа­го­на­ля­ми <i>NL</i> и <i>KM</i> тра­пе­ции <i>KLMN</i> равен углу между пер­пен­ди­ку­ляр­ны­ми диа­го­на­лям пря­мы­ми <i>BC</i> и <i>CD</i>, то есть этот угол равен α.</p><p class=\"left_margin\">По­это­му пло­щадь тра­пе­ции равна:</p><p class=\"left_margin\"></p><center><p><img src=\"https://ege.sdamgia.ru/formula/svg/41/41df9ff0d10bc77ec7c0a89f6446312b.svg\" class=\"tex\" style=\"vertical-align:-8.3pt\" alt=\" дробь: чис­ли­тель: 1, зна­ме­на­тель: 2 конец дроби умно­жить на NL умно­жить на KM умно­жить на синус альфа = дробь: чис­ли­тель: 1, зна­ме­на­тель: 2 конец дроби умно­жить на дробь: чис­ли­тель: S, зна­ме­на­тель: AD конец дроби умно­жить на дробь: чис­ли­тель: S, зна­ме­на­тель: AB конец дроби умно­жить на синус альфа = дробь: чис­ли­тель: S умно­жить на AD умно­жить на AB умно­жить на синус в квад­ра­те альфа , зна­ме­на­тель: 2 умно­жить на AD умно­жить на AB конец дроби = дробь: чис­ли­тель: S умно­жить на синус в квад­ра­те альфа , зна­ме­на­тель: 2 конец дроби \"></p><p class=\"left_margin\"></p></center><p> Под­став­ляя α = 60° и <i>S</i> = 16, по­лу­ча­ем, что пло­щадь тра­пе­ции равна</p><p class=\"left_margin\"></p><center><p><img src=\"https://ege.sdamgia.ru/formula/svg/bd/bd3817272c4b03670f9c5a0b372d7a80.svg\" class=\"tex\" style=\"vertical-align:-8.5pt\" alt=\" дробь: чис­ли­тель: 16 синус в квад­ра­те 60 в сте­пе­ни левая круг­лая скоб­ка \\circ пра­вая круг­лая скоб­ка , зна­ме­на­тель: 2 конец дроби = дробь: чис­ли­тель: 16 умно­жить на 3, зна­ме­на­тель: 8 конец дроби = 6. \"></p><p class=\"left_margin\"></p></center><p><span style=\"letter-spacing: 2px;\">Ответ:</span> 6.</p><p>&nbsp;</p><p><b>При­ве­дем ре­ше­ние пунк­та а) Ивана Ива­но­ва (Вла­ди­во­сток)</b>.</p><p class=\"left_margin\">Сумма углов <i>AMO</i> и <i>ALO</i> равна 90° + 90°  =  180°. Сле­до­ва­тель­но, четырёхуголь­ник <i>AMOL</i>  — впи­сан­ный. По­это­му впи­сан­ные углы <i>LAO</i> и <i>LMO</i> равны, так как опи­ра­ют­ся на одну и ту же дугу. </p><p class=\"left_margin\">Сумма углов <i>CNO</i> и <i>CKO</i> равна 90° + 90°  =  180°. Сле­до­ва­тель­но, четырёхуголь­ник <i>KONC</i>  — впи­сан­ный. По­это­му впи­сан­ные углы <i>NKO</i> и <i>NCO</i> равны, так как опи­ра­ют­ся на одну и ту же дугу.</p><p class=\"left_margin\">Углы <i>LAO</i> и <i>NCO</i> равны как на­крест ле­жа­щие при па­рал­лель­ных пря­мых <i>AD</i> и <i>BC</i> и се­ку­щей <i>AC</i>. Сле­до­ва­тель­но, углы <i>LMO</i> и <i>NKO</i> равны, по­это­му пря­мые <i>NK</i> и <i>ML</i> па­рал­лель­ны по ра­вен­ству на­крест ле­жа­щих углов.    </p><p class=\"left_margin\">До­ка­жем, что че­ты­рех­уголь­ник  — тра­пе­ция. Имеем:</p><p></p><div class=\"flex-math\"><p><img src=\"https://ege.sdamgia.ru/formula/svg/89/896599f441f95c61da7f3215e01d31c1.svg\" class=\"tex\" style=\"vertical-align:-3.0pt\" alt=\" MO = AO умно­жить на синус \\angle MAO,\"></p><p><img src=\"https://ege.sdamgia.ru/formula/svg/51/5170a6595226e411ceabd2e09dd25a17.svg\" class=\"tex\" style=\"vertical-align:-3.0pt\" alt=\" KO = OC умно­жить на синус \\angle KCO = OC умно­жить на синус \\angle MAO,\"></p><p><img src=\"https://ege.sdamgia.ru/formula/svg/cd/cdb5a5d0e505b6f1c077d0abc1e1be24.svg\" class=\"tex\" style=\"vertical-align:-3.0pt\" alt=\" AO не равно q CO. \"></p><p></p></div><p> Сле­до­ва­тель­но, и от­рез­ки <i>MO</i> и <i>KO</i> не равны, зна­чит, <i>KLMN</i> не па­рал­ле­ло­грамм. Тогда это тра­пе­ция.</p></div>",
        "image_urls": [
            "https://ege.sdamgia.ru/formula/svg/41/41df9ff0d10bc77ec7c0a89f6446312b.svg",
            "https://ege.sdamgia.ru/formula/svg/bd/bd3817272c4b03670f9c5a0b372d7a80.svg",
            "https://ege.sdamgia.ru/formula/svg/89/896599f441f95c61da7f3215e01d31c1.svg",
            "https://ege.sdamgia.ru/formula/svg/51/5170a6595226e411ceabd2e09dd25a17.svg",
            "https://ege.sdamgia.ru/formula/svg/cd/cdb5a5d0e505b6f1c077d0abc1e1be24.svg",
            "/get_file?id=146535"
        ]
    },
    "answer": "6.",
    "topic_id": 17,
    "analog_ids": [
        505155,
        505176,
        511398
    ]
}