{
    "gia_type": "ege",
    "subject": "math",
    "id": 505389,
    "condition": {
        "text": "Дан выпуклый четырёхугольник ABCD.а)  Докажите, что отрезки LN и KM, соединяющие середины его противоположных сторон, делят друг друга пополам.б)  Найдите площадь четырёхугольника ABCD, если   ",
        "html": "<div align=\"justify\" width=\"100%\" id=\"body645329\" class=\"pbody\"><p class=\"left_margin\">Дан вы­пук­лый четырёхуголь­ник <i>ABCD</i>.</p><p class=\"left_margin\">а)  До­ка­жи­те, что от­рез­ки <i>LN</i> и <i>KM</i>, со­еди­ня­ю­щие се­ре­ди­ны его про­ти­во­по­лож­ных сто­рон, делят друг друга по­по­лам.</p><p class=\"left_margin\">б)  Най­ди­те пло­щадь четырёхуголь­ни­ка <i>ABCD</i>, если <img src=\"https://ege.sdamgia.ru/formula/svg/4c/4c200efb2ac6236226d2c83e88f76071.svg\" class=\"tex\" style=\"vertical-align:-3.1pt\" alt=\"LM=3 ко­рень из: на­ча­ло ар­гу­мен­та: 3 конец ар­гу­мен­та ,\"> <img src=\"https://ege.sdamgia.ru/formula/svg/1e/1e222072c2ba130a020182052483ab76.svg\" class=\"tex\" style=\"vertical-align:-3.1pt\" alt=\"KM = 6 ко­рень из: на­ча­ло ар­гу­мен­та: 3 конец ар­гу­мен­та ,\"> <img src=\"https://ege.sdamgia.ru/formula/svg/4f/4f578feb4e26bc7a28389796ba1a11a4.svg\" class=\"tex\" style=\"vertical-align:-1.8pt\" alt=\"\\angle KML=60 гра­ду­сов.\"></p></div>",
        "image_urls": [
            "https://ege.sdamgia.ru/formula/svg/4c/4c200efb2ac6236226d2c83e88f76071.svg",
            "https://ege.sdamgia.ru/formula/svg/1e/1e222072c2ba130a020182052483ab76.svg",
            "https://ege.sdamgia.ru/formula/svg/4f/4f578feb4e26bc7a28389796ba1a11a4.svg"
        ]
    },
    "solution": {
        "text": "Решение.  а)  Пусть K, L, M и N  — середины сторон AB, BC, CD и AD четырёхугольника ABCD соответственно. Тогда KL и MN  — средние линии треугольников ABC и ADC. Значит,  и KL || AC || MN, поэтому KLMN  — параллелограмм. Его диагонали KM и LN делят друг друга пополам, что и требовалось доказать.б)  В треугольнике KLM имеем:Значит, KL  =  9. Тогда  поэтому треугольник KLM прямоугольный треугольник с прямым углом при вершине L. Четырёхугольник KLMN  — прямоугольник, поэтомуОтрезок KL является средней линией треугольника ABC, поэтому  Аналогично  Тогда, имеем:Где S  — искомая площадь четырёхугольника ABCD. Аналогично  ПоэтомуСледовательно, Ответ:  Приведем решение пункта б) wladius w.В треугольнике KLM имеем: Значит, KL  =  9. Тогда  поэтому треугольник KLM прямоугольный, то есть  KL || AC, LM || BD, тогда  Следовательно,   Примечание.Заметим, что четырехугольник, вершинами которого являются середины сторон произвольного четырехугольника, является параллелограммом, площадь которого равна половине площади исходного четырехугольника (см. параллелограмм Вариньона). При решении данной задачи фактически доказана теорема Вариньона и следствие из нее.",
        "html": "<div align=\"justify\" width=\"100%\" id=\"sol505389\" class=\"solution\" style=\"clear:both;\" class=\"pbody\"><p class=\"left_margin\"></p><b>Ре­ше­ние<!--rule_info-->. </b><p class=\"left_margin\"><img src=\"/get_file?id=146538\" style=\"float:right;margin:10px;max-width:100%\"> а)  Пусть <i>K</i>, <i>L</i>, <i>M</i> и <i>N</i>  — се­ре­ди­ны сто­рон <i>AB</i>, <i>BC</i>, <i>CD</i> и <i>AD</i> четырёхуголь­ни­ка <i>ABCD</i> со­от­вет­ствен­но. Тогда <i>KL</i> и <i>MN</i>  — сред­ние линии тре­уголь­ни­ков <i>ABC</i> и <i>ADC.</i> Зна­чит, <img src=\"https://ege.sdamgia.ru/formula/svg/ac/ac4dcb0bc2a30f1fb31db65bb7667fa4.svg\" class=\"tex\" style=\"vertical-align:-8.4pt\" alt=\"KL= дробь: чис­ли­тель: 1, зна­ме­на­тель: 2 конец дроби AC=MN \"> и <i>KL</i> || <i>AC</i> || <i>MN</i>, по­это­му <i>KLMN</i>  — па­рал­ле­ло­грамм. Его диа­го­на­ли <i>KM</i> и <i>LN</i> делят друг друга по­по­лам, что и тре­бо­ва­лось до­ка­зать.</p><p class=\"left_margin\">б)  В тре­уголь­ни­ке <i>KLM</i> имеем:</p><p class=\"left_margin\"></p><center><p><img src=\"https://ege.sdamgia.ru/formula/svg/c7/c74b590f657e280249c57b440558c1fd.svg\" class=\"tex\" style=\"vertical-align:-1.8pt\" alt=\"KL в квад­ра­те =KM в квад­ра­те плюс ML в квад­ра­те минус 2KM умно­жить на ML умно­жить на ко­си­нус 60 гра­ду­сов=81.\"></p><p class=\"left_margin\"></p></center><p class=\"left_margin\">Зна­чит, <i>KL</i>  =  9. Тогда <img src=\"https://ege.sdamgia.ru/formula/svg/f1/f15136af7f336e3042529541910ec9be.svg\" class=\"tex\" style=\"vertical-align:-3.0pt\" alt=\"KM в квад­ра­те =KL в квад­ра­те плюс LM в квад­ра­те ,\"> по­это­му тре­уголь­ник <i>KLM</i> пря­мо­уголь­ный тре­уголь­ник с пря­мым углом при вер­ши­не <i>L.</i> Четырёхуголь­ник <i>KLMN</i>  — пря­мо­уголь­ник, по­это­му</p><p class=\"left_margin\"></p><center><p><img src=\"https://ege.sdamgia.ru/formula/svg/db/db3424dbb2f354c1497afd4170b04544.svg\" class=\"tex\" style=\"vertical-align:-2.6pt\" alt=\"S_KLMN=KL умно­жить на LM=9 умно­жить на 3 ко­рень из: на­ча­ло ар­гу­мен­та: 3 конец ар­гу­мен­та =27 ко­рень из: на­ча­ло ар­гу­мен­та: 3 конец ар­гу­мен­та .\"></p><p class=\"left_margin\"></p></center><p class=\"left_margin\">От­ре­зок <i>KL</i> яв­ля­ет­ся сред­ней ли­ни­ей тре­уголь­ни­ка <i>ABC,</i> по­это­му <img src=\"https://ege.sdamgia.ru/formula/svg/fb/fbbd6b257582b3d9bb3c2e5f479a871f.svg\" class=\"tex\" style=\"vertical-align:-8.4pt\" alt=\"S_KBL= дробь: чис­ли­тель: 1, зна­ме­на­тель: 4 конец дроби S_ABC. \"> Ана­ло­гич­но <img src=\"https://ege.sdamgia.ru/formula/svg/3c/3c5f302d78cc99d805d51d44ae31b043.svg\" class=\"tex\" style=\"vertical-align:-8.4pt\" alt=\"S_MDN= дробь: чис­ли­тель: 1, зна­ме­на­тель: 4 конец дроби S_ADC. \"> Тогда, имеем:</p><p class=\"left_margin\"></p><center><p><img src=\"https://ege.sdamgia.ru/formula/svg/68/68b42168712d7e9a0bd0574d4730ed76.svg\" class=\"tex\" style=\"vertical-align:-8.4pt\" alt=\"S_KBL плюс S_MDN= дробь: чис­ли­тель: 1, зна­ме­на­тель: 4 конец дроби S_ABC плюс дробь: чис­ли­тель: 1, зна­ме­на­тель: 4 конец дроби S_ADC= дробь: чис­ли­тель: 1, зна­ме­на­тель: 4 конец дроби левая круг­лая скоб­ка S_ABC плюс S_ADC пра­вая круг­лая скоб­ка = дробь: чис­ли­тель: 1, зна­ме­на­тель: 4 конец дроби S. \"></p><p class=\"left_margin\"></p></center><p class=\"left_margin\">Где <i>S</i>  — ис­ко­мая пло­щадь четырёхуголь­ни­ка <i>ABCD.</i> Ана­ло­гич­но <img src=\"https://ege.sdamgia.ru/formula/svg/1b/1ba07ab9572b980ec0ed482eaf5b9847.svg\" class=\"tex\" style=\"vertical-align:-8.4pt\" alt=\"S_CML плюс S_AKN= дробь: чис­ли­тель: 1, зна­ме­на­тель: 4 конец дроби S. \"> По­это­му</p><p class=\"left_margin\"></p><center><p><img src=\"https://ege.sdamgia.ru/formula/svg/63/63782cbd5299f43462bc8adeda05107d.svg\" class=\"tex\" style=\"vertical-align:-8.4pt\" alt=\"S_KLMN=S минус дробь: чис­ли­тель: 1, зна­ме­на­тель: 4 конец дроби S минус дробь: чис­ли­тель: 1, зна­ме­на­тель: 4 конец дроби S= дробь: чис­ли­тель: 1, зна­ме­на­тель: 2 конец дроби S. \"></p><p class=\"left_margin\"></p></center><p class=\"left_margin\">Сле­до­ва­тель­но,</p><p class=\"left_margin\"></p><center><p><img src=\"https://ege.sdamgia.ru/formula/svg/74/744063473655b710665510730470f8e8.svg\" class=\"tex\" style=\"vertical-align:-2.6pt\" alt=\"S=2S_KLMN=2 умно­жить на 27 ко­рень из: на­ча­ло ар­гу­мен­та: 3 конец ар­гу­мен­та =54 ко­рень из: на­ча­ло ар­гу­мен­та: 3 конец ар­гу­мен­та .\"></p><p class=\"left_margin\"></p></center><p>&nbsp;</p><p><span style=\"letter-spacing: 2px;\">Ответ:</span> <img src=\"https://ege.sdamgia.ru/formula/svg/6a/6ae2b7fb91c1ee8a5cf314709893de3f.svg\" class=\"tex\" style=\"vertical-align:-1.8pt\" alt=\"54 ко­рень из: на­ча­ло ар­гу­мен­та: 3 конец ар­гу­мен­та .\"></p><p>&nbsp;</p><p><b>При­ве­дем ре­ше­ние пунк­та б) wladius w.</b></p><p class=\"left_margin\">В тре­уголь­ни­ке <i>KLM</i> имеем: <img src=\"https://ege.sdamgia.ru/formula/svg/c7/c74b590f657e280249c57b440558c1fd.svg\" class=\"tex\" style=\"vertical-align:-1.8pt\" alt=\"KL в квад­ра­те =KM в квад­ра­те плюс ML в квад­ра­те минус 2KM умно­жить на ML умно­жить на ко­си­нус 60 гра­ду­сов=81.\"></p><p class=\"left_margin\">Зна­чит, <i>KL</i>  =  9. Тогда <img src=\"https://ege.sdamgia.ru/formula/svg/f1/f15136af7f336e3042529541910ec9be.svg\" class=\"tex\" style=\"vertical-align:-3.0pt\" alt=\"KM в квад­ра­те =KL в квад­ра­те плюс LM в квад­ра­те ,\"> по­это­му тре­уголь­ник <i>KLM</i> пря­мо­уголь­ный, то есть <img src=\"https://ege.sdamgia.ru/formula/svg/8b/8b29452d2c81bc9f3755a2462759a9b8.svg\" class=\"tex\" style=\"vertical-align:-1.8pt\" alt=\"KL \\bot LM.\"> <i>KL</i> || <i>AC</i>, <i>LM</i> || <i>BD</i>, тогда <img src=\"https://ege.sdamgia.ru/formula/svg/ce/cece23da3e44be9f91f1c075d00bf1ca.svg\" class=\"tex\" style=\"vertical-align:-1.8pt\" alt=\"AC \\bot BD.\"> Сле­до­ва­тель­но,</p><p class=\"left_margin\"></p><center><p><img src=\"https://ege.sdamgia.ru/formula/svg/64/6473d403570dde80f4915042eb5e042e.svg\" class=\"tex\" style=\"vertical-align:-8.4pt\" alt=\"S_ABCD= дробь: чис­ли­тель: 1, зна­ме­на­тель: 2 конец дроби AC умно­жить на BD = дробь: чис­ли­тель: 1, зна­ме­на­тель: 2 конец дроби умно­жить на 2KL умно­жить на 2LM = дробь: чис­ли­тель: 1, зна­ме­на­тель: 2 конец дроби умно­жить на 18 умно­жить на 6 ко­рень из: на­ча­ло ар­гу­мен­та: 3 конец ар­гу­мен­та = 54 ко­рень из: на­ча­ло ар­гу­мен­та: 3 конец ар­гу­мен­та . \"></p><p class=\"left_margin\"></p></center><p>&nbsp;</p><p>&nbsp;</p><p>&nbsp;</p><p><b>При­ме­ча­ние.</b></p><p class=\"left_margin\">За­ме­тим, что че­ты­рех­уголь­ник, вер­ши­на­ми ко­то­ро­го яв­ля­ют­ся се­ре­ди­ны сто­рон про­из­воль­но­го че­ты­рех­уголь­ни­ка, яв­ля­ет­ся па­рал­ле­ло­грам­мом, пло­щадь ко­то­ро­го равна по­ло­ви­не пло­ща­ди ис­ход­но­го че­ты­рех­уголь­ни­ка</p><p> (см. <a href=\"http://www.treugolniki.ru/teorema-varinona/\" target=\"_blank\" rel=\"nofollow\">па­рал­ле­ло­грамм Ва­ри­ньо­на</a>). При ре­ше­нии дан­ной за­да­чи фак­ти­че­ски до­ка­за­на тео­ре­ма Ва­ри­ньо­на и след­ствие из нее.</p></div>",
        "image_urls": [
            "https://ege.sdamgia.ru/formula/svg/ac/ac4dcb0bc2a30f1fb31db65bb7667fa4.svg",
            "https://ege.sdamgia.ru/formula/svg/c7/c74b590f657e280249c57b440558c1fd.svg",
            "https://ege.sdamgia.ru/formula/svg/f1/f15136af7f336e3042529541910ec9be.svg",
            "https://ege.sdamgia.ru/formula/svg/db/db3424dbb2f354c1497afd4170b04544.svg",
            "https://ege.sdamgia.ru/formula/svg/fb/fbbd6b257582b3d9bb3c2e5f479a871f.svg",
            "https://ege.sdamgia.ru/formula/svg/3c/3c5f302d78cc99d805d51d44ae31b043.svg",
            "https://ege.sdamgia.ru/formula/svg/68/68b42168712d7e9a0bd0574d4730ed76.svg",
            "https://ege.sdamgia.ru/formula/svg/1b/1ba07ab9572b980ec0ed482eaf5b9847.svg",
            "https://ege.sdamgia.ru/formula/svg/63/63782cbd5299f43462bc8adeda05107d.svg",
            "https://ege.sdamgia.ru/formula/svg/74/744063473655b710665510730470f8e8.svg",
            "https://ege.sdamgia.ru/formula/svg/6a/6ae2b7fb91c1ee8a5cf314709893de3f.svg",
            "https://ege.sdamgia.ru/formula/svg/c7/c74b590f657e280249c57b440558c1fd.svg",
            "https://ege.sdamgia.ru/formula/svg/f1/f15136af7f336e3042529541910ec9be.svg",
            "https://ege.sdamgia.ru/formula/svg/8b/8b29452d2c81bc9f3755a2462759a9b8.svg",
            "https://ege.sdamgia.ru/formula/svg/ce/cece23da3e44be9f91f1c075d00bf1ca.svg",
            "https://ege.sdamgia.ru/formula/svg/64/6473d403570dde80f4915042eb5e042e.svg",
            "/get_file?id=146538"
        ]
    },
    "answer": "",
    "topic_id": 17,
    "analog_ids": [
        505389,
        505410,
        511403
    ]
}