{
    "gia_type": "ege",
    "subject": "math",
    "id": 507262,
    "condition": {
        "text": "Диагональ AC прямоугольника ABCD с центром O образует со стороной AB угол 30°. Точка E лежит вне прямоугольника, причём ∠BEC = 120°.а)  Докажите, что ∠CBE = ∠COE.б)  Прямая OE пересекает сторону AD прямоугольника в точке K. Найдите EK, если известно, что BE = 40 и CE  =  24.",
        "html": "<div align=\"justify\" width=\"100%\" id=\"body643970\" class=\"pbody\"><p class=\"left_margin\">Диа­го­наль <i>AC</i> пря­мо­уголь­ни­ка <i>ABCD</i> с цен­тром <i>O</i> об­ра­зу­ет со сто­ро­ной <i>AB</i> угол 30°. Точка <i>E</i> лежит вне пря­мо­уголь­ни­ка, причём ∠<i>BEC</i> = 120°.</p><p class=\"left_margin\">а)  До­ка­жи­те, что ∠<i>CBE</i> = ∠<i>COE</i>.</p><p class=\"left_margin\">б)  Пря­мая <i>OE</i> пе­ре­се­ка­ет сто­ро­ну <i>AD</i> пря­мо­уголь­ни­ка в точке <i>K</i>. Най­ди­те <i>EK</i>, если из­вест­но, что <i>BE</i> = 40 и <i>CE</i>  =  24.</p></div>",
        "image_urls": []
    },
    "solution": {
        "text": "Решение. а)  По теореме о внешнем угле треугольника, ∠BOC = ∠BAO + ∠АBO  =  2 · 30°  =  60°.  Поэтому  Значит, точки B, E, C, O лежат на одной окружности. Вписанные в эту окружность углы CBE и COE опираются на одну и ту же дугу, следовательно, ∠CBE = ∠COE.б)  По теореме косинусов,Вписанные углы BEO и CEO опираются на равные хорды BO и CO, значит, EO  — биссектриса угла BEC. Пусть M  — точка её пересечения со стороной BC. По формуле для биссектрисы треугольника получаем:По свойству биссектрисы треугольника  значит, По теореме о произведении пересекающихся хорд EM · MO  =  BM · CM, откуда находим, что  Треугольники COM и AOK равны по стороне и двум прилежащим к ней углам, поэтому OK  =  OM. Следовательно, EK  =  EM + 2OM  =  15 + 98  =  113. Ответ: 113. Примечание.Зная длину отрезка СМ  =  21, можно искать ME, применяя теорему косинусов к треугольнику СМЕ. Пусть в нем МЕ  =  х, тогда    Поскольку треугольник СМЕ остроугольный, решение х  =  9 постороннее. Посторонние корни появляются из-за того, что по стороне, прилежащему к ней углу и противолежащей данному углу стороне треугольник определен неоднозначно. Аналогично для треугольника BME: можно найти два корня уравнения на длину EM: 15 и 25, больший корень является посторонним.",
        "html": "<div align=\"justify\" width=\"100%\" id=\"sol507262\" class=\"solution\" style=\"clear:both;\" class=\"pbody\"><p class=\"left_margin\"></p><b>Ре­ше­ние<!--rule_info-->. </b><p class=\"left_margin\"><img src=\"/get_file?id=145384\" style=\"float:right;margin:10px;max-width:100%\">а)  По тео­ре­ме о внеш­нем угле тре­уголь­ни­ка, </p><p class=\"left_margin\"></p><center><p>∠<i>BOC</i> = ∠<i>BAO</i> + ∠<i>АBO</i>  =  2 · 30°  =  60°. </p><p class=\"left_margin\"></p></center><p> По­это­му </p><p class=\"left_margin\"></p><center><p> <img src=\"https://ege.sdamgia.ru/formula/svg/b7/b761e471b2a4337afa0234c49a94840a.svg\" class=\"tex\" style=\"vertical-align:-1.8pt\" alt=\"\\angle BEC плюс \\angle BOC = 120 гра­ду­сов плюс 60 гра­ду­сов=180 гра­ду­сов.\"></p><p class=\"left_margin\"></p></center><p class=\"left_margin\">Зна­чит, точки <i>B, E, C, O</i> лежат на одной окруж­но­сти. Впи­сан­ные в эту окруж­ность углы <i>CBE</i> и <i>COE</i> опи­ра­ют­ся на одну и ту же дугу, сле­до­ва­тель­но, ∠<i>CBE</i> = ∠<i>COE</i>.</p><p class=\"left_margin\">б)  По тео­ре­ме ко­си­ну­сов,</p><p class=\"left_margin\"></p><center><p><span data-width=\"640\" data-formulahash=\"555a3a8190836685294c12e68c8cc7e5\" class=\"tex-span\" style=\"\"><img src=\"https://ege.sdamgia.ru/formula/svg/b8/b89f06595aef77b2204fd6b54c1b4b4e.svg\" class=\"tex\" style=\"vertical-align:-2.5pt\" alt=\"BC= ко­рень из: на­ча­ло ар­гу­мен­та: BE в квад­ра­те плюс CE в квад­ра­те минус 2BE умно­жить на CE умно­жить на ко­си­нус 120 гра­ду­сов конец ар­гу­мен­та =\"><br><img src=\"https://ege.sdamgia.ru/formula/svg/e9/e91e7175016722accb3c3195c9c4c80a.svg\" class=\"tex\" style=\"vertical-align:-13.4pt\" alt=\"= ко­рень из: на­ча­ло ар­гу­мен­та: 40 в квад­ра­те плюс 24 в квад­ра­те минус 2 умно­жить на 40 умно­жить на 24 умно­жить на левая круг­лая скоб­ка минус дробь: чис­ли­тель: 1, зна­ме­на­тель: 2 конец дроби пра­вая круг­лая скоб­ка конец ар­гу­мен­та =8 ко­рень из: на­ча­ло ар­гу­мен­та: 25 плюс 9 плюс 15 конец ар­гу­мен­та = 8 умно­жить на 7 = 56.\"></span><span data-width=\"415\" data-formulahash=\"555a3a8190836685294c12e68c8cc7e5\" class=\"tex-span\" style=\"display:none\"><img src=\"https://ege.sdamgia.ru/formula/svg/b8/b89f06595aef77b2204fd6b54c1b4b4e.svg\" class=\"tex\" style=\"vertical-align:-2.5pt\" alt=\"BC= ко­рень из: на­ча­ло ар­гу­мен­та: BE в квад­ра­те плюс CE в квад­ра­те минус 2BE умно­жить на CE умно­жить на ко­си­нус 120 гра­ду­сов конец ар­гу­мен­та =\"><br><img src=\"https://ege.sdamgia.ru/formula/svg/d4/d4d80625ae389f9ada2182409557d5b8.svg\" class=\"tex\" style=\"vertical-align:-13.4pt\" alt=\"= ко­рень из: на­ча­ло ар­гу­мен­та: 40 в квад­ра­те плюс 24 в квад­ра­те минус 2 умно­жить на 40 умно­жить на 24 умно­жить на левая круг­лая скоб­ка минус дробь: чис­ли­тель: 1, зна­ме­на­тель: 2 конец дроби пра­вая круг­лая скоб­ка конец ар­гу­мен­та =\"><br><img src=\"https://ege.sdamgia.ru/formula/svg/9b/9bad4ca4f098b852a963ace5ce106475.svg\" class=\"tex\" style=\"vertical-align:-2.0pt\" alt=\"=8 ко­рень из: на­ча­ло ар­гу­мен­та: 25 плюс 9 плюс 15 конец ар­гу­мен­та = 8 умно­жить на 7 = 56.\"></span></p><p class=\"left_margin\"></p></center><p class=\"left_margin\">Впи­сан­ные углы <i>BEO</i> и <i>CEO</i> опи­ра­ют­ся на рав­ные хорды <i>BO</i> и <i>CO</i>, зна­чит, <i>EO</i>  — бис­сек­три­са угла <i>BEC</i>. Пусть <i>M</i>  — точка её пе­ре­се­че­ния со сто­ро­ной <i>BC</i>. По фор­му­ле для бис­сек­три­сы тре­уголь­ни­ка по­лу­ча­ем:</p><p class=\"left_margin\"></p><center><p><img src=\"https://ege.sdamgia.ru/formula/svg/83/830d859552195b0e8399e2b8b40ed30f.svg\" class=\"tex\" style=\"vertical-align:-9.2pt\" alt=\"EM= дробь: чис­ли­тель: 2BE умно­жить на CE умно­жить на ко­си­нус дробь: чис­ли­тель: \\angle BEC, зна­ме­на­тель: 2 конец дроби , зна­ме­на­тель: BE плюс CE конец дроби = дробь: чис­ли­тель: 2 умно­жить на 40 умно­жить на 24 умно­жить на ко­си­нус 60 гра­ду­сов, зна­ме­на­тель: 40 плюс 24 конец дроби = 15. \"></p><p class=\"left_margin\"></p></center><p class=\"left_margin\">По свой­ству бис­сек­три­сы тре­уголь­ни­ка <img src=\"https://ege.sdamgia.ru/formula/svg/6e/6ed15f15e471b3dab95c07aab6336db2.svg\" class=\"tex\" style=\"vertical-align:-8.4pt\" alt=\" дробь: чис­ли­тель: CM, зна­ме­на­тель: BM конец дроби = дробь: чис­ли­тель: CE, зна­ме­на­тель: BE конец дроби = дробь: чис­ли­тель: 24, зна­ме­на­тель: 40 конец дроби = дробь: чис­ли­тель: 3, зна­ме­на­тель: 5 конец дроби , \"> зна­чит, <img src=\"https://ege.sdamgia.ru/formula/svg/23/23f826d3abb25a94c88e9cb70ed26998.svg\" class=\"tex\" style=\"vertical-align:-8.5pt\" alt=\"CM= дробь: чис­ли­тель: 3, зна­ме­на­тель: 8 конец дроби BC= дробь: чис­ли­тель: 3, зна­ме­на­тель: 8 конец дроби умно­жить на 56=21, BM=35.\"></p><p class=\"left_margin\">По тео­ре­ме о про­из­ве­де­нии пе­ре­се­ка­ю­щих­ся хорд <i>EM</i> · <i>MO</i>  =  <i>BM</i> · <i>CM</i>, от­ку­да на­хо­дим, что </p><p class=\"left_margin\"></p><center><p><img src=\"https://ege.sdamgia.ru/formula/svg/1a/1ac2c040c747b4d6e53f5585d355cd29.svg\" class=\"tex\" style=\"vertical-align:-8.4pt\" alt=\"MO= дробь: чис­ли­тель: BM умно­жить на CM, зна­ме­на­тель: EM конец дроби = дробь: чис­ли­тель: 35 умно­жить на 21, зна­ме­на­тель: 15 конец дроби =49. \"></p><p class=\"left_margin\"></p></center> <p class=\"left_margin\">Тре­уголь­ни­ки <i>COM</i> и <i>AOK</i> равны по сто­ро­не и двум при­ле­жа­щим к ней углам, по­это­му <i>OK</i>  =  <i>OM</i>. Сле­до­ва­тель­но, <i>EK</i>  =  <i>EM</i> + 2<i>OM</i>  =  15 + 98  =  113.</p><p>&nbsp;</p><p><span style=\"letter-spacing: 2px;\">Ответ:</span> 113.</p><p>&nbsp;</p><p><b>При­ме­ча­ние.</b></p><p class=\"left_margin\">Зная длину от­рез­ка <i>СМ</i>  =  21, можно ис­кать <i>ME</i>, при­ме­няя тео­ре­му ко­си­ну­сов к тре­уголь­ни­ку <i>СМЕ</i>. Пусть в нем <i>МЕ</i>  =  <i>х</i>, тогда </p><p class=\"left_margin\"></p><center><p> <img src=\"https://ege.sdamgia.ru/formula/svg/f7/f7dff08663868865daee20dacf299e5a.svg\" class=\"tex\" style=\"vertical-align:-14.4pt\" alt=\" 441= 24 в квад­ра­те плюс x в квад­ра­те минус 2x умно­жить на 24 умно­жить на ко­си­нус 60 гра­ду­сов рав­но­силь­но x в квад­ра­те минус 24x плюс 135=0 рав­но­силь­но со­во­куп­ность вы­ра­же­ний x=9,x=15. конец со­во­куп­но­сти . \"> </p><p class=\"left_margin\"></p></center> <p class=\"left_margin\">По­сколь­ку тре­уголь­ник <i>СМЕ</i> ост­ро­уголь­ный, ре­ше­ние <i>х</i>  =  9 по­сто­рон­нее. По­сто­рон­ние корни по­яв­ля­ют­ся из-за того, что по сто­ро­не, при­ле­жа­ще­му к ней углу и про­ти­во­ле­жа­щей дан­но­му углу сто­ро­не тре­уголь­ник опре­де­лен не­од­но­знач­но. Ана­ло­гич­но для тре­уголь­ни­ка <i>BME</i>: можно найти два корня урав­не­ния на длину <i>EM</i>: 15 и 25, боль­ший ко­рень яв­ля­ет­ся по­сто­рон­ним.</p></div>",
        "image_urls": [
            "https://ege.sdamgia.ru/formula/svg/b7/b761e471b2a4337afa0234c49a94840a.svg",
            "https://ege.sdamgia.ru/formula/svg/b8/b89f06595aef77b2204fd6b54c1b4b4e.svg",
            "https://ege.sdamgia.ru/formula/svg/e9/e91e7175016722accb3c3195c9c4c80a.svg",
            "https://ege.sdamgia.ru/formula/svg/b8/b89f06595aef77b2204fd6b54c1b4b4e.svg",
            "https://ege.sdamgia.ru/formula/svg/d4/d4d80625ae389f9ada2182409557d5b8.svg",
            "https://ege.sdamgia.ru/formula/svg/9b/9bad4ca4f098b852a963ace5ce106475.svg",
            "https://ege.sdamgia.ru/formula/svg/83/830d859552195b0e8399e2b8b40ed30f.svg",
            "https://ege.sdamgia.ru/formula/svg/6e/6ed15f15e471b3dab95c07aab6336db2.svg",
            "https://ege.sdamgia.ru/formula/svg/23/23f826d3abb25a94c88e9cb70ed26998.svg",
            "https://ege.sdamgia.ru/formula/svg/1a/1ac2c040c747b4d6e53f5585d355cd29.svg",
            "https://ege.sdamgia.ru/formula/svg/f7/f7dff08663868865daee20dacf299e5a.svg",
            "/get_file?id=145384"
        ]
    },
    "answer": "113.",
    "topic_id": 17,
    "analog_ids": [
        507262,
        511418
    ]
}