{
    "gia_type": "ege",
    "subject": "math",
    "id": 509516,
    "condition": {
        "text": "В выпуклом четырехугольнике ABCD диагонали АС и BD взаимно перпендикулярны. Кроме того, вокруг него можно описать окружность. Из точек В и С опущены перпендикуляры на прямую AD. Они пересекают прямые АС и BD соответственно в точках E и F.а)  Докажите, что BCFE  — ромб.б)  Найдите отношение площади четырехугольника BCFE к площади вписанного в него круга, если BF : CE  =  3 : 4.",
        "html": "<div align=\"justify\" width=\"100%\" id=\"body633008\" class=\"pbody\"><p class=\"left_margin\">В вы­пук­лом че­ты­рех­уголь­ни­ке <i>ABCD</i> диа­го­на­ли <i>АС</i> и <i>BD</i> вза­им­но пер­пен­ди­ку­ляр­ны. Кроме того, во­круг него можно опи­сать окруж­ность. Из точек <i>В</i> и <i>С</i> опу­ще­ны пер­пен­ди­ку­ля­ры на пря­мую <i>AD</i>. Они пе­ре­се­ка­ют пря­мые <i>АС</i> и <i>BD</i> со­от­вет­ствен­но в точ­ках <i>E</i> и <i>F</i>.</p><p class=\"left_margin\">а)  До­ка­жи­те, что <i>BCFE</i>  — ромб.</p><p class=\"left_margin\">б)  Най­ди­те от­но­ше­ние пло­ща­ди че­ты­рех­уголь­ни­ка <i>BCFE</i> к пло­ща­ди впи­сан­но­го в него круга, если <i>BF</i> : <i>CE</i>  =  3 : 4.</p></div>",
        "image_urls": []
    },
    "solution": {
        "text": "Решение. а)  Пусть точка пересечения AC и BD это точка O. Замечаем, что  как вписанные,  по сумме углов треугольника,  из параллельности BE и CF. Следовательно, CO  — биссектриса угла BCF, значит,  Аналогично, BO  — биссектриса угла CBE, а значит, прямые CE и BF перпендикулярны и делятся точкой O пополам, следовательно, CBEF  — ромб. Что требовалось доказать.б)  Имеем:откуда  Пусть OH  — высота треугольника BOC, значит,  Следовательно, Ответ: б) ",
        "html": "<div align=\"justify\" width=\"100%\" id=\"sol509516\" class=\"solution\" style=\"clear:both;\" class=\"pbody\"><p class=\"left_margin\"></p><b>Ре­ше­ние<!--rule_info-->. </b><p class=\"left_margin\"><img src=\"/get_file?id=115193\" style=\"float:right;margin:10px;max-width:100%\">а)  Пусть точка пе­ре­се­че­ния <i>AC</i> и <i>BD</i> это точка <i>O</i>. За­ме­ча­ем, что <img src=\"https://ege.sdamgia.ru/formula/svg/9c/9c8d24441588b99af97a2d74d620fc24.svg\" class=\"tex\" style=\"vertical-align:-1.8pt\" alt=\"\\angle BCA=\\angle BDA\"> как впи­сан­ные, <img src=\"https://ege.sdamgia.ru/formula/svg/a6/a63229eaa4c087d091d8f9ca29a4da50.svg\" class=\"tex\" style=\"vertical-align:-1.8pt\" alt=\"\\angle ADF=ACF\"> по сумме углов тре­уголь­ни­ка, <img src=\"https://ege.sdamgia.ru/formula/svg/07/07b81593838f3cc2fce547e57eee9d11.svg\" class=\"tex\" style=\"vertical-align:-1.8pt\" alt=\"\\angle BEO=\\angle FCO\"> из па­рал­лель­но­сти <i>BE</i> и <i>CF</i>. Сле­до­ва­тель­но, <i>CO</i>  — бис­сек­три­са угла <i>BCF,</i> зна­чит, <img src=\"https://ege.sdamgia.ru/formula/svg/98/98eed587a623827a262c790b0975f478.svg\" class=\"tex\" style=\"vertical-align:-1.8pt\" alt=\"BO=OF.\"> Ана­ло­гич­но, <i>BO</i>  — бис­сек­три­са угла <i>CBE</i>, а зна­чит, пря­мые <i>CE</i> и <i>BF</i> пер­пен­ди­ку­ляр­ны и де­лят­ся точ­кой <i>O</i> по­по­лам, сле­до­ва­тель­но, <i>CBEF</i>  — ромб. Что тре­бо­ва­лось до­ка­зать.</p><p class=\"left_margin\">б)  Имеем:</p><p class=\"left_margin\"></p><center><p><img src=\"https://ege.sdamgia.ru/formula/svg/d7/d7287c1d40d19422021fa059224a363a.svg\" class=\"tex\" style=\"vertical-align:-3.0pt\" alt=\"BF:CE=BO:CO= 3:4 \\Rightarrow BO:CO:BC=3:4:5,\"></p><p class=\"left_margin\"></p></center><p>от­ку­да <img src=\"https://ege.sdamgia.ru/formula/svg/a9/a972740fbcce2c1571b9647121ad0691.svg\" class=\"tex\" style=\"vertical-align:-8.5pt\" alt=\" синус \\angle BCO= дробь: чис­ли­тель: 3, зна­ме­на­тель: 5 конец дроби .\"> Пусть <i>OH</i>  — вы­со­та тре­уголь­ни­ка <i>BOC</i>, зна­чит, <img src=\"https://ege.sdamgia.ru/formula/svg/b2/b22dab1f889c01cf25a24f3b7b4aaf53.svg\" class=\"tex\" style=\"vertical-align:-8.5pt\" alt=\"OH= дробь: чис­ли­тель: 3, зна­ме­на­тель: 5 конец дроби OC.\"> Сле­до­ва­тель­но, </p><p class=\"left_margin\"></p><center><p><img src=\"https://ege.sdamgia.ru/formula/svg/96/964303c558e0285b2650b4b2f9eab8a7.svg\" class=\"tex\" style=\"vertical-align:-21.9pt\" alt=\" дробь: чис­ли­тель: S_BCFE, зна­ме­на­тель: S_в п. кр конец дроби = дробь: чис­ли­тель: 2 умно­жить на BO умно­жить на CO, зна­ме­на­тель: Пи умно­жить на левая круг­лая скоб­ка OH пра­вая круг­лая скоб­ка в квад­ра­те конец дроби = дробь: чис­ли­тель: 2 умно­жить на \\dfrac 34 умно­жить на CO в квад­ра­те , зна­ме­на­тель: Пи умно­жить на \\dfrac 925 умно­жить на CO в квад­ра­те конец дроби = дробь: чис­ли­тель: 3, зна­ме­на­тель: 2 конец дроби : дробь: чис­ли­тель: 9 Пи , зна­ме­на­тель: 25 конец дроби = дробь: чис­ли­тель: 75, зна­ме­на­тель: 18 Пи конец дроби = дробь: чис­ли­тель: 25, зна­ме­на­тель: 6 Пи конец дроби . \"></p><p class=\"left_margin\"></p></center><p><span style=\"letter-spacing: 2px;\">Ответ:</span> б) <img src=\"https://ege.sdamgia.ru/formula/svg/e2/e2b966ef242eedcdd380489e063ff736.svg\" class=\"tex\" style=\"vertical-align:-8.4pt\" alt=\" дробь: чис­ли­тель: 25, зна­ме­на­тель: 6 Пи конец дроби . \"></p></div>",
        "image_urls": [
            "https://ege.sdamgia.ru/formula/svg/9c/9c8d24441588b99af97a2d74d620fc24.svg",
            "https://ege.sdamgia.ru/formula/svg/a6/a63229eaa4c087d091d8f9ca29a4da50.svg",
            "https://ege.sdamgia.ru/formula/svg/07/07b81593838f3cc2fce547e57eee9d11.svg",
            "https://ege.sdamgia.ru/formula/svg/98/98eed587a623827a262c790b0975f478.svg",
            "https://ege.sdamgia.ru/formula/svg/d7/d7287c1d40d19422021fa059224a363a.svg",
            "https://ege.sdamgia.ru/formula/svg/a9/a972740fbcce2c1571b9647121ad0691.svg",
            "https://ege.sdamgia.ru/formula/svg/b2/b22dab1f889c01cf25a24f3b7b4aaf53.svg",
            "https://ege.sdamgia.ru/formula/svg/96/964303c558e0285b2650b4b2f9eab8a7.svg",
            "https://ege.sdamgia.ru/formula/svg/e2/e2b966ef242eedcdd380489e063ff736.svg",
            "/get_file?id=115193"
        ]
    },
    "answer": "б)",
    "topic_id": 17,
    "analog_ids": []
}