{
    "gia_type": "ege",
    "subject": "math",
    "id": 513922,
    "condition": {
        "text": "Прямая, проходящая через вершину В прямоугольника ABCD, перпендикулярна диагонали АС и пересекает сторону АD в точке M, равноудаленной от вершин В и D. а)  Докажите, что BM и ВD делят угол В на три равных угла.б)  Найдите расстояние от точки пересечения диагоналей прямоугольника ABCD до прямой СМ, если ",
        "html": "<div align=\"justify\" width=\"100%\" id=\"body637310\" class=\"pbody\"><p class=\"left_margin\">Пря­мая, про­хо­дя­щая через вер­ши­ну <i>В</i> пря­мо­уголь­ни­ка <i>ABCD</i>, пер­пен­ди­ку­ляр­на диа­го­на­ли <i>АС</i> и пе­ре­се­ка­ет&nbsp;сто­ро­ну&nbsp;<i>АD</i>&nbsp;в&nbsp;точке&nbsp;<i>M</i>,&nbsp;рав­но­уда­лен­ной от&nbsp;вер­шин&nbsp;<i>В</i>&nbsp;и&nbsp;<i>D</i>.&nbsp;</p><p class=\"left_margin\">а)  До­ка­жи­те,&nbsp;что&nbsp;<i>BM</i>&nbsp;и&nbsp;<i>ВD</i>&nbsp;делят&nbsp;угол&nbsp;<i>В</i>&nbsp;на&nbsp;три&nbsp;рав­ных&nbsp;угла.</p><p class=\"left_margin\">б)  Най­ди­те рас­сто­я­ние от точки пе­ре­се­че­ния диа­го­на­лей пря­мо­уголь­ни­ка <i>ABCD</i> до&nbsp;пря­мой&nbsp;<i>СМ</i>,&nbsp;если <img src=\"https://ege.sdamgia.ru/formula/svg/23/23944db5d0ce9f318a70239d757fa8c5.svg\" class=\"tex\" style=\"vertical-align:-1.8pt\" alt=\"BC=6 ко­рень из: на­ча­ло ар­гу­мен­та: 21 конец ар­гу­мен­та .\"></p></div>",
        "image_urls": [
            "https://ege.sdamgia.ru/formula/svg/23/23944db5d0ce9f318a70239d757fa8c5.svg"
        ]
    },
    "solution": {
        "text": "Решение. а)  Заметим, что  как накрест лежащие при перечесении параллельных прямых секущей,  как углы равнобедренного треугольника BMD. Значит,  Далее имеем:  Поэтому все три части угла равны (и равны 30°).б)  Ясно, что расстояние от A до CM ровно вдвое больше, поскольку O (точка пересечения диагоналей)  — середина AC. Значит,Заметим, что  откуда  Далее   Поэтому Ответ:  3.",
        "html": "<div align=\"justify\" width=\"100%\" id=\"sol513922\" class=\"solution\" style=\"clear:both;\" class=\"pbody\"><p class=\"left_margin\"></p><b>Ре­ше­ние<!--rule_info-->. </b><p class=\"left_margin\"><img src=\"/get_file?id=146808\" style=\"float:right;margin:10px;max-width:100%\"></p><p class=\"left_margin\">а)  За­ме­тим, что <img src=\"https://ege.sdamgia.ru/formula/svg/87/877406eb6880a1592dcbc847995fde3c.svg\" class=\"tex\" style=\"vertical-align:-1.8pt\" alt=\"\\angle ADB=\\angle DBC\"> как на­крест ле­жа­щие при пе­ре­че­се­нии па­рал­лель­ных пря­мых се­ку­щей, <img src=\"https://ege.sdamgia.ru/formula/svg/ad/adf952d83b91d8b25489f017d07866b1.svg\" class=\"tex\" style=\"vertical-align:-1.8pt\" alt=\"\\angle MBD=\\angle MDB\"> как углы рав­но­бед­рен­но­го тре­уголь­ни­ка <i>BMD</i>. Зна­чит, <img src=\"https://ege.sdamgia.ru/formula/svg/ad/adc78d7fe1b81a3bcea2de9cd28a5b47.svg\" class=\"tex\" style=\"vertical-align:-1.8pt\" alt=\"\\angle MBD=\\angle DBC.\"> Далее имеем: <img src=\"https://ege.sdamgia.ru/formula/svg/65/65f30b7e727604bbeff9f1f6087a7e32.svg\" class=\"tex\" style=\"vertical-align:-1.8pt\" alt=\"\\angle MBA=90 гра­ду­сов минус \\angle CAB=\\angle DAC=\\angle DBC.\"> По­это­му все три части угла равны (и равны 30°).</p><p class=\"left_margin\">б)  Ясно, что рас­сто­я­ние от <i>A</i> до <i>CM</i> ровно вдвое боль­ше, по­сколь­ку <i>O</i> (точка пе­ре­се­че­ния диа­го­на­лей)  — се­ре­ди­на <i>AC</i>. Зна­чит,</p><p class=\"left_margin\"></p><center><p><img src=\"https://ege.sdamgia.ru/formula/svg/a2/a2e6bfbbcfe484a6edb4b540cf251104.svg\" class=\"tex\" style=\"vertical-align:-8.4pt\" alt=\"d левая круг­лая скоб­ка O,MC пра­вая круг­лая скоб­ка = дробь: чис­ли­тель: 1, зна­ме­на­тель: 2 конец дроби d левая круг­лая скоб­ка A,MC пра­вая круг­лая скоб­ка = дробь: чис­ли­тель: 1, зна­ме­на­тель: 2 конец дроби умно­жить на дробь: чис­ли­тель: 2S_AMC, зна­ме­на­тель: MC конец дроби = дробь: чис­ли­тель: AM умно­жить на DC, зна­ме­на­тель: 2MC конец дроби . \"></p><p class=\"left_margin\"></p></center><p class=\"left_margin\">За­ме­тим, что <img src=\"https://ege.sdamgia.ru/formula/svg/5b/5bb18fab24c080b9bb9167d48be7595a.svg\" class=\"tex\" style=\"vertical-align:-8.4pt\" alt=\" дробь: чис­ли­тель: DC, зна­ме­на­тель: BC конец дроби = тан­генс 30 гра­ду­сов, \"> от­ку­да <img src=\"https://ege.sdamgia.ru/formula/svg/2a/2a427af90055af30d3e6fa15ff47c05d.svg\" class=\"tex\" style=\"vertical-align:-1.8pt\" alt=\"DC=AB=6 ко­рень из: на­ча­ло ар­гу­мен­та: 7 конец ар­гу­мен­та .\"> Далее <img src=\"https://ege.sdamgia.ru/formula/svg/15/15017fa3ccae5c7fda6333812b889a7d.svg\" class=\"tex\" style=\"vertical-align:-3.3pt\" alt=\"AM=AB умно­жить на тан­генс 30 гра­ду­сов=2 ко­рень из: на­ча­ло ар­гу­мен­та: 21 конец ар­гу­мен­та ,\"> <img src=\"https://ege.sdamgia.ru/formula/svg/dd/ddced0cf4f851d604e056bc28910d5b7.svg\" class=\"tex\" style=\"vertical-align:-1.8pt\" alt=\"MD=AD минус AM=4 ко­рень из: на­ча­ло ар­гу­мен­та: 21 конец ар­гу­мен­та .\"> По­это­му</p><p class=\"left_margin\"></p><center><p><img src=\"https://ege.sdamgia.ru/formula/svg/06/06e962688c52a01f2702dae3d1012bc4.svg\" class=\"tex\" style=\"vertical-align:-11.1pt\" alt=\" дробь: чис­ли­тель: AM умно­жить на DC, зна­ме­на­тель: 2MC конец дроби = дробь: чис­ли­тель: 2 ко­рень из: на­ча­ло ар­гу­мен­та: 21 конец ар­гу­мен­та умно­жить на 6 ко­рень из: на­ча­ло ар­гу­мен­та: 7 конец ар­гу­мен­та , зна­ме­на­тель: 2 ко­рень из: на­ча­ло ар­гу­мен­та: MD в квад­ра­те плюс DC в квад­ра­те конец ар­гу­мен­та конец дроби = дробь: чис­ли­тель: 42 ко­рень из: на­ча­ло ар­гу­мен­та: 3 конец ар­гу­мен­та , зна­ме­на­тель: ко­рень из: на­ча­ло ар­гу­мен­та: 16 умно­жить на 21 плюс 36 умно­жить на 7 конец ар­гу­мен­та конец дроби = дробь: чис­ли­тель: 42 ко­рень из: на­ча­ло ар­гу­мен­та: 3 конец ар­гу­мен­та , зна­ме­на­тель: 14 ко­рень из: на­ча­ло ар­гу­мен­та: 3 конец ар­гу­мен­та конец дроби =3. \"></p><p class=\"left_margin\"></p></center><p>&nbsp;</p><p><span style=\"letter-spacing: 2px;\">Ответ:</span>  3.</p></div>",
        "image_urls": [
            "https://ege.sdamgia.ru/formula/svg/87/877406eb6880a1592dcbc847995fde3c.svg",
            "https://ege.sdamgia.ru/formula/svg/ad/adf952d83b91d8b25489f017d07866b1.svg",
            "https://ege.sdamgia.ru/formula/svg/ad/adc78d7fe1b81a3bcea2de9cd28a5b47.svg",
            "https://ege.sdamgia.ru/formula/svg/65/65f30b7e727604bbeff9f1f6087a7e32.svg",
            "https://ege.sdamgia.ru/formula/svg/a2/a2e6bfbbcfe484a6edb4b540cf251104.svg",
            "https://ege.sdamgia.ru/formula/svg/5b/5bb18fab24c080b9bb9167d48be7595a.svg",
            "https://ege.sdamgia.ru/formula/svg/2a/2a427af90055af30d3e6fa15ff47c05d.svg",
            "https://ege.sdamgia.ru/formula/svg/15/15017fa3ccae5c7fda6333812b889a7d.svg",
            "https://ege.sdamgia.ru/formula/svg/dd/ddced0cf4f851d604e056bc28910d5b7.svg",
            "https://ege.sdamgia.ru/formula/svg/06/06e962688c52a01f2702dae3d1012bc4.svg",
            "/get_file?id=146808"
        ]
    },
    "answer": "3.",
    "topic_id": 17,
    "analog_ids": [
        513922,
        513915
    ]
}