{
    "gia_type": "ege",
    "subject": "math",
    "id": 514375,
    "condition": {
        "text": "Точка M лежит на стороне BC выпуклого четырёхугольника ABCD, причём B и C  — вершины равнобедренных треугольников с основаниями AM и DM соответственно, а прямые AM и MD перпендикулярны.а)  Докажите, что биссектрисы углов при вершинах B и C четырёхугольника ABCD, пересекаются на стороне AD.б)  Пусть N  — точка пересечения этих биссектрис. Найдите площадь четырёхугольника ABCD, если известно, что BM : MC  =  3 : 4, а площадь четырёхугольника, стороны которого лежат на прямых AM, DM, BN и CN, равна 24.",
        "html": "<div align=\"justify\" width=\"100%\" id=\"body636859\" class=\"pbody\"><p class=\"left_margin\">Точка <i>M</i> лежит на сто­ро­не <i>BC</i> вы­пук­ло­го четырёхуголь­ни­ка <i>ABCD</i>, причём <i>B</i> и <i>C</i>  — вер­ши­ны рав­но­бед­рен­ных тре­уголь­ни­ков с ос­но­ва­ни­я­ми <i>AM</i> и <i>DM</i> со­от­вет­ствен­но, а пря­мые <i>AM</i> и <i>MD</i> пер­пен­ди­ку­ляр­ны.</p><p class=\"left_margin\">а)  До­ка­жи­те, что бис­сек­три­сы углов при вер­ши­нах <i>B</i> и <i>C</i> четырёхуголь­ни­ка <i>ABCD</i>, пе­ре­се­ка­ют­ся на сто­ро­не <i>AD</i>.</p><p class=\"left_margin\">б)  Пусть <i>N</i>  — точка пе­ре­се­че­ния этих бис­сек­трис. Най­ди­те пло­щадь четырёхуголь­ни­ка <i>ABCD</i>, если из­вест­но, что <i>BM</i> : <i>MC</i>  =  3 : 4, а пло­щадь четырёхуголь­ни­ка, сто­ро­ны ко­то­ро­го лежат на пря­мых <i>AM</i>, <i>DM</i>, <i>BN</i> и <i>CN</i>, равна 24.</p></div>",
        "image_urls": []
    },
    "solution": {
        "text": "Решение. а)  Пусть K  — середина отрезка AM. Треугольник AMB равнобедренный, поэтому отрезок BK является в нём медианой, биссектрисой и высотой. Поскольку прямые DM и AM перпендикулярны, прямая KB|| MD и содержит среднюю линию треугольника AMD, то есть проходит через середину стороны AD. Аналогично, биссектриса угла MCD тоже проходит через середину стороны AD. Следовательно, биссектрисы углов B и C четырёхугольника ABCD пересекаются на стороне AD.б)  Пусть прямые AM и BN пересекаются в точке K, а прямые DM и CN  — в точке L. Тогда четырёхугольник KMLN  — прямоугольник. Прямые KM и CN параллельны, поэтому, по теореме Фалеса,  откуда находим: Аналогично,   Далее, Тогда:Ответ: б) 98.",
        "html": "<div align=\"justify\" width=\"100%\" id=\"sol514375\" class=\"solution\" style=\"clear:both;\" class=\"pbody\"><p class=\"left_margin\"></p><b>Ре­ше­ние<!--rule_info-->. </b><p class=\"left_margin\"><img src=\"/get_file?id=146811\" style=\"float:right;margin:10px;max-width:100%\">а)  Пусть <i>K</i>  — се­ре­ди­на от­рез­ка <i>AM</i>. Тре­уголь­ник <i>AMB</i> рав­но­бед­рен­ный, по­это­му от­ре­зок <i>BK</i> яв­ля­ет­ся в нём ме­ди­а­ной, бис­сек­три­сой и вы­со­той. По­сколь­ку пря­мые <i>DM</i> и <i>AM</i> пер­пен­ди­ку­ляр­ны, пря­мая <i>KB|| MD</i> и со­дер­жит сред­нюю линию тре­уголь­ни­ка <i>AMD</i>, то есть про­хо­дит через се­ре­ди­ну сто­ро­ны <i>AD</i>. Ана­ло­гич­но, бис­сек­три­са угла <i>MCD</i> тоже про­хо­дит через се­ре­ди­ну сто­ро­ны <i>AD</i>. Сле­до­ва­тель­но, бис­сек­три­сы углов <i>B</i> и <i>C</i> четырёхуголь­ни­ка <i>ABCD</i> пе­ре­се­ка­ют­ся на сто­ро­не <i>AD</i>.</p><p class=\"left_margin\">б)  Пусть пря­мые <i>AM</i> и <i>BN</i> пе­ре­се­ка­ют­ся в точке <i>K</i>, а пря­мые <i>DM</i> и <i>CN</i>  — в точке <i>L</i>. Тогда четырёхуголь­ник <i>KMLN</i>  — пря­мо­уголь­ник. Пря­мые <i>KM</i> и <i>CN</i> па­рал­лель­ны, по­это­му, по тео­ре­ме Фа­ле­са, <img src=\"https://ege.sdamgia.ru/formula/svg/43/439024e3cd7d987bd39dab0fecc7f276.svg\" class=\"tex\" style=\"vertical-align:-3.0pt\" alt=\"BM : MC = BK : KN, \"> от­ку­да на­хо­дим:</p><p class=\"left_margin\"></p><center><p><img src=\"https://ege.sdamgia.ru/formula/svg/1f/1fa1f09dc5a8a47d99754fa44cc026c8.svg\" class=\"tex\" style=\"vertical-align:-8.5pt\" alt=\"S_ABM=BK умно­жить на KM= дробь: чис­ли­тель: BM умно­жить на NK, зна­ме­на­тель: MC конец дроби умно­жить на KM= дробь: чис­ли­тель: 3, зна­ме­на­тель: 4 конец дроби S_KMLN=18. \"></p><p class=\"left_margin\"></p></center><p> Ана­ло­гич­но, </p><p class=\"left_margin\"></p><center><p><img src=\"https://ege.sdamgia.ru/formula/svg/5b/5bbc9e89ac7df450d87416969f2ae5be.svg\" class=\"tex\" style=\"vertical-align:-8.4pt\" alt=\"S_DCM=CL умно­жить на LM= дробь: чис­ли­тель: MC умно­жить на KM, зна­ме­на­тель: BM конец дроби умно­жить на LM= дробь: чис­ли­тель: 4, зна­ме­на­тель: 3 конец дроби S_KMLN=32. \"> </p><p class=\"left_margin\"></p></center><p> Далее,</p><p class=\"left_margin\"></p><center><p><img src=\"https://ege.sdamgia.ru/formula/svg/00/001f5a349af5b8d05aab8de3faa9d61b.svg\" class=\"tex\" style=\"vertical-align:-8.4pt\" alt=\"S_DMA= дробь: чис­ли­тель: 1, зна­ме­на­тель: 2 конец дроби AM умно­жить на DM=2KM умно­жить на LM=2S_KMLN=48.\"></p><p class=\"left_margin\"></p></center><p> Тогда:</p><p class=\"left_margin\"></p><center><p><img src=\"https://ege.sdamgia.ru/formula/svg/12/12a7f893937a486b3700f07e08e67b41.svg\" class=\"tex\" style=\"vertical-align:-2.5pt\" alt=\"S_ABCD=S_DMA плюс S_AMB плюс S_DMC=48 плюс 18 плюс 32=98.\"></p><p class=\"left_margin\"></p></center><p><span style=\"letter-spacing: 2px;\">Ответ:</span> б) 98.</p></div>",
        "image_urls": [
            "https://ege.sdamgia.ru/formula/svg/43/439024e3cd7d987bd39dab0fecc7f276.svg",
            "https://ege.sdamgia.ru/formula/svg/1f/1fa1f09dc5a8a47d99754fa44cc026c8.svg",
            "https://ege.sdamgia.ru/formula/svg/5b/5bbc9e89ac7df450d87416969f2ae5be.svg",
            "https://ege.sdamgia.ru/formula/svg/00/001f5a349af5b8d05aab8de3faa9d61b.svg",
            "https://ege.sdamgia.ru/formula/svg/12/12a7f893937a486b3700f07e08e67b41.svg",
            "/get_file?id=146811"
        ]
    },
    "answer": "б) 98.",
    "topic_id": 17,
    "analog_ids": [
        514375,
        519903
    ]
}