{
    "gia_type": "ege",
    "subject": "math",
    "id": 514482,
    "condition": {
        "text": "В трапеции ABCD точка E  — середина основания AD, точка M  — середина боковой стороны AB. Отрезки CE и DM пересекаются в точке O.а)  Докажите, что площади четырёхугольника AMOE и треугольника COD равны.б)  Найдите, какую часть от площади трапеции составляет площадь четырёхугольника AMOE, если BC  =  3, AD  =  4.",
        "html": "<div align=\"justify\" width=\"100%\" id=\"body636750\" class=\"pbody\"><p class=\"left_margin\">В тра­пе­ции <i>ABCD</i> точка <i>E</i>  — се­ре­ди­на ос­но­ва­ния <i>AD</i>, точка <i>M</i>  — се­ре­ди­на бо­ко­вой сто­ро­ны <i>AB</i>. От­рез­ки <i>CE</i> и <i>DM</i> пе­ре­се­ка­ют­ся в точке <i>O</i>.</p><p class=\"left_margin\">а)  До­ка­жи­те, что пло­ща­ди четырёхуголь­ни­ка <i>AMOE</i> и тре­уголь­ни­ка <i>COD</i> равны.</p><p class=\"left_margin\">б)  Най­ди­те, какую часть от пло­ща­ди тра­пе­ции со­став­ля­ет пло­щадь четырёхуголь­ни­ка <i>AMOE</i>, если <i>BC</i>  =  3, <i>AD</i>  =  4.</p></div>",
        "image_urls": []
    },
    "solution": {
        "text": "Решение.  а)  Обозначим высоту трапеции через h (рис. 1). Тогда расстояние от точки M до прямой AD равно  Значит,При этом поэтому  б)  Пусть прямые BC и MD пересекаются в точке K (рис. 2). Тогда  как накрест лежащие при параллельных прямых KC и AD и секущей AB,  как вертикальные, AM  =  BM. Значит, треугольники AMD и BMK равны, откуда BK  =  AD  =  4.Углы KOC и DOE равны как вертикальные,  как накрест лежащие при параллельных прямых KC и AD и секущей CE. Значит, треугольники KOC и DOE подобны по двум углам, откуда  Следовательно, Ответ: б) ",
        "html": "<div align=\"justify\" width=\"100%\" id=\"sol514482\" class=\"solution\" style=\"clear:both;\" class=\"pbody\"><p class=\"left_margin\"></p><b>Ре­ше­ние<!--rule_info-->. </b><p class=\"left_margin\"><img src=\"/get_file?id=146900\" style=\"float:right;margin:10px;max-width:100%\"> а)  Обо­зна­чим вы­со­ту тра­пе­ции через <i>h</i> (рис. 1). Тогда рас­сто­я­ние от точки <i>M</i> до пря­мой <i>AD</i> равно <img src=\"https://ege.sdamgia.ru/formula/svg/ba/ba123a40155b88fa0b069ed6a309bce0.svg\" class=\"tex\" style=\"vertical-align:-8.4pt\" alt=\" дробь: чис­ли­тель: h, зна­ме­на­тель: 2 конец дроби . \"> Зна­чит,</p><p class=\"left_margin\"></p><center><p><img src=\"https://ege.sdamgia.ru/formula/svg/8a/8a72c129771b9be89e4f522a92f5251c.svg\" class=\"tex\" style=\"vertical-align:-8.4pt\" alt=\"S_AMD= дробь: чис­ли­тель: 1, зна­ме­на­тель: 2 конец дроби умно­жить на дробь: чис­ли­тель: h, зна­ме­на­тель: 2 конец дроби умно­жить на AD= дробь: чис­ли­тель: 1, зна­ме­на­тель: 2 конец дроби умно­жить на h умно­жить на дробь: чис­ли­тель: AD, зна­ме­на­тель: 2 конец дроби =S_CED. \"></p><p class=\"left_margin\"></p></center><p class=\"left_margin\">При этом</p><p class=\"left_margin\"></p><center><p><img src=\"https://ege.sdamgia.ru/formula/svg/7b/7b3308e0cd00dcbeebfa926973ae2c15.svg\" class=\"tex\" style=\"vertical-align:-4.0pt\" alt=\"S_AMD=S_AMOE плюс S_EOD,\"></p><p>&nbsp;</p><p><img src=\"https://ege.sdamgia.ru/formula/svg/a6/a674e5da19f80481e1f19a329ac728ea.svg\" class=\"tex\" style=\"vertical-align:-3.0pt\" alt=\"S_CED=S_COD плюс S_EOD,\"></p><p class=\"left_margin\"></p></center><p>по­это­му <img src=\"https://ege.sdamgia.ru/formula/svg/86/868446a3929d0073d7c159540faa05d5.svg\" class=\"tex\" style=\"vertical-align:-2.5pt\" alt=\"S_AMOE=S_COD.\"></p><p><img src=\"/get_file?id=146899\" style=\"float:right;margin:10px;max-width:100%\"> б)  Пусть пря­мые <i>BC</i> и <i>MD</i> пе­ре­се­ка­ют­ся в точке <i>K</i> (рис. 2). Тогда <img src=\"https://ege.sdamgia.ru/formula/svg/ad/adf22d7e0af4ee6e5791813515c1cccd.svg\" class=\"tex\" style=\"vertical-align:-1.8pt\" alt=\"\\angle KBM=\\angle MAD\"> как на­крест ле­жа­щие при па­рал­лель­ных пря­мых <i>KC</i> и <i>AD</i> и се­ку­щей <i>AB</i>, <img src=\"https://ege.sdamgia.ru/formula/svg/25/25e92355e088ac3fc8962ee5c1c9f1b9.svg\" class=\"tex\" style=\"vertical-align:-1.8pt\" alt=\"\\angle BMK=\\angle AMD\"> как вер­ти­каль­ные, <i>AM</i>  =  <i>BM</i>. Зна­чит, тре­уголь­ни­ки <i>AMD</i> и <i>BMK</i> равны, от­ку­да <i>BK</i>  =  <i>AD</i>  =  4.</p><p class=\"left_margin\">Углы <i>KOC</i> и <i>DOE</i> равны как вер­ти­каль­ные, <img src=\"https://ege.sdamgia.ru/formula/svg/24/24b9e3200a0d9571d073c9bd61d38f37.svg\" class=\"tex\" style=\"vertical-align:-1.8pt\" alt=\"\\angle OED=\\angle OCK\"> как на­крест ле­жа­щие при па­рал­лель­ных пря­мых <i>KC</i> и <i>AD</i> и се­ку­щей <i>CE</i>. Зна­чит, тре­уголь­ни­ки <i>KOC</i> и <i>DOE</i> по­доб­ны по двум углам, от­ку­да <img src=\"https://ege.sdamgia.ru/formula/svg/7d/7d39ac7954846e7baf447e1cececbfc6.svg\" class=\"tex\" style=\"vertical-align:-8.4pt\" alt=\" дробь: чис­ли­тель: OE, зна­ме­на­тель: OC конец дроби = дробь: чис­ли­тель: ED, зна­ме­на­тель: CK конец дроби = дробь: чис­ли­тель: 2, зна­ме­на­тель: 7 конец дроби . \"> Сле­до­ва­тель­но,</p><p class=\"left_margin\"></p><center><p><img src=\"https://ege.sdamgia.ru/formula/svg/4a/4a6a4b78adeb61ac5ed3ac5bb9ac4d26.svg\" class=\"tex\" style=\"vertical-align:-8.5pt\" alt=\"S_AMOE=S_COD= дробь: чис­ли­тель: 7, зна­ме­на­тель: 9 конец дроби S_CDE= дробь: чис­ли­тель: 7, зна­ме­на­тель: 9 конец дроби умно­жить на h= дробь: чис­ли­тель: 2, зна­ме­на­тель: 9 конец дроби умно­жить на дробь: чис­ли­тель: 7h, зна­ме­на­тель: 2 конец дроби = дробь: чис­ли­тель: 2, зна­ме­на­тель: 9 конец дроби S_ABCD. \"></p><p class=\"left_margin\"></p></center><p>&nbsp;</p><p><span style=\"letter-spacing: 2px;\">Ответ:</span> б) <img src=\"https://ege.sdamgia.ru/formula/svg/31/3104bd32e8ed4887a1549f62c62a952b.svg\" class=\"tex\" style=\"vertical-align:-8.5pt\" alt=\" дробь: чис­ли­тель: 2, зна­ме­на­тель: 9 конец дроби . \"></p></div>",
        "image_urls": [
            "https://ege.sdamgia.ru/formula/svg/ba/ba123a40155b88fa0b069ed6a309bce0.svg",
            "https://ege.sdamgia.ru/formula/svg/8a/8a72c129771b9be89e4f522a92f5251c.svg",
            "https://ege.sdamgia.ru/formula/svg/7b/7b3308e0cd00dcbeebfa926973ae2c15.svg",
            "https://ege.sdamgia.ru/formula/svg/a6/a674e5da19f80481e1f19a329ac728ea.svg",
            "https://ege.sdamgia.ru/formula/svg/86/868446a3929d0073d7c159540faa05d5.svg",
            "https://ege.sdamgia.ru/formula/svg/ad/adf22d7e0af4ee6e5791813515c1cccd.svg",
            "https://ege.sdamgia.ru/formula/svg/25/25e92355e088ac3fc8962ee5c1c9f1b9.svg",
            "https://ege.sdamgia.ru/formula/svg/24/24b9e3200a0d9571d073c9bd61d38f37.svg",
            "https://ege.sdamgia.ru/formula/svg/7d/7d39ac7954846e7baf447e1cececbfc6.svg",
            "https://ege.sdamgia.ru/formula/svg/4a/4a6a4b78adeb61ac5ed3ac5bb9ac4d26.svg",
            "https://ege.sdamgia.ru/formula/svg/31/3104bd32e8ed4887a1549f62c62a952b.svg",
            "/get_file?id=146900",
            "/get_file?id=146899"
        ]
    },
    "answer": "б)",
    "topic_id": 17,
    "analog_ids": []
}