{
    "gia_type": "ege",
    "subject": "math",
    "id": 514562,
    "condition": {
        "text": "Дана трапеция ABCD с боковой стороной AB, которая перпендикулярна основаниям. Из точки А на сторону CD опущен перпендикуляр AH. На стороне AB взята точка E так, что прямые СЕ и СD перпендикулярны. а)  Доказать, что прямые BH и ED параллельны. б)  Найти отношение BH к ED, если ",
        "html": "<div align=\"justify\" width=\"100%\" id=\"body636158\" class=\"pbody\"><p class=\"left_margin\">Дана тра­пе­ция <i>ABCD</i> с бо­ко­вой сто­ро­ной <i>AB</i>, ко­то­рая пер­пен­ди­ку­ляр­на ос­но­ва­ни­ям. Из точки <i>А</i> на сто­ро­ну <i>CD</i> опу­щен пер­пен­ди­ку­ляр <i>AH</i>. На сто­ро­не <i>AB</i> взята точка <i>E</i> так, что пря­мые <i>СЕ</i> и <i>СD</i> пер­пен­ди­ку­ляр­ны. </p><p class=\"left_margin\">а)  До­ка­зать, что пря­мые <i>BH</i> и <i>ED</i> па­рал­лель­ны. </p><p class=\"left_margin\">б)  Найти от­но­ше­ние <i>BH</i> к <i>ED</i>, если <img src=\"https://ege.sdamgia.ru/formula/svg/82/8292d40cc78451e06a22f0c6e9f05011.svg\" class=\"tex\" style=\"vertical-align:-1.8pt\" alt=\"\\angle BCD = 135 гра­ду­сов.\"></p></div>",
        "image_urls": [
            "https://ege.sdamgia.ru/formula/svg/82/8292d40cc78451e06a22f0c6e9f05011.svg"
        ]
    },
    "solution": {
        "text": "Решение. а)  Продлим стороны AB и DC до пересечения в точке O. Прямоугольные треугольники OBC, OCE, OHA и OAD подобны, так как имеют общий острый угол O. Значит,   Перемножая первые два и последние два отношения, находим:  откуда по теореме, обратной теореме о пропорциональных отрезках, заключаем, что прямые BH и ED параллельны.б)  Заметим, что  Далее имеем:  Ответ: 1 : 2. Приведем другое решение пункта а).В четырехугольнике AECD противоположные углы EAD и ECD прямые, следовательно, около него можно описать окружность. Тогда углы CDE и EAC равны как вписанные углы, опирающиеся на одну дугу. Аналогично из четырехугольника ABCH получаем, что углы BAC и CHB равны. Углы EAC и BAC равны, а значит, равны и углы CDE и CHB, откуда следует параллельность прямых BH и ED. Приведем другое решение пункта б).Угол ADO равен 45°, поэтому прямоугольный треугольник АОD равнобедренный. Значит, его высота АН является медианой: ОН  =  НD. Прямые ЕD и BН параллельны, тогда, по теореме Фалеса, ОВ  =  ВЕ. Значит, ВН  — средняя линия треугольника ЕOD, а тогда ВН  — половина ЕD.",
        "html": "<div align=\"justify\" width=\"100%\" id=\"sol514562\" class=\"solution\" style=\"clear:both;\" class=\"pbody\"><p class=\"left_margin\"></p><b>Ре­ше­ние<!--rule_info-->. </b><p class=\"left_margin\"><img src=\"/get_file?id=146901\" style=\"float:right;margin:10px;max-width:100%\">а)  Про­длим сто­ро­ны <i>AB</i> и <i>DC</i> до пе­ре­се­че­ния в точке <i>O</i>. Пря­мо­уголь­ные тре­уголь­ни­ки <i>OBC</i>, <i>OCE</i>, <i>OHA</i> и <i>OAD</i> по­доб­ны, так как имеют общий ост­рый угол <i>O</i>. Зна­чит, </p><p class=\"left_margin\"></p><center><p><img src=\"https://ege.sdamgia.ru/formula/svg/18/186fc633b16c6ca4921c1e9d80518d7c.svg\" class=\"tex\" style=\"vertical-align:-1.8pt\" alt=\"OB:OC=OC:OE=OA:OD=OH:OA.\"> </p><p class=\"left_margin\"></p></center><p> Пе­ре­мно­жая пер­вые два и по­след­ние два от­но­ше­ния, на­хо­дим: <img src=\"https://ege.sdamgia.ru/formula/svg/6a/6a791533794b7226ef362d4146f0fe97.svg\" class=\"tex\" style=\"vertical-align:-3.0pt\" alt=\"OB:OE=OH:OD,\"> от­ку­да по тео­ре­ме, об­рат­ной тео­ре­ме о про­пор­ци­о­наль­ных от­рез­ках, за­клю­ча­ем, что пря­мые <i>BH</i> и <i>ED</i> па­рал­лель­ны.</p><p class=\"left_margin\">б)  За­ме­тим, что <img src=\"https://ege.sdamgia.ru/formula/svg/ab/ab75bddafc3ec021f91fe24dbe77dc67.svg\" class=\"tex\" style=\"vertical-align:-1.8pt\" alt=\"BH:ED=OB:OE.\"> Далее имеем: </p><p class=\"left_margin\"></p><center><p><span data-width=\"640\" data-formulahash=\"a11f11b893b1f1446ac40124f6585b6f\" class=\"tex-span\" style=\"\"><img src=\"https://ege.sdamgia.ru/formula/svg/a1/a11f11b893b1f1446ac40124f6585b6f.svg\" class=\"tex\" style=\"vertical-align:-8.5pt\" alt=\" дробь: чис­ли­тель: OB, зна­ме­на­тель: OE конец дроби = дробь: чис­ли­тель: OB, зна­ме­на­тель: OC конец дроби умно­жить на дробь: чис­ли­тель: OC, зна­ме­на­тель: OE конец дроби = ко­си­нус в квад­ра­те \\angle COE= синус в квад­ра­те \\angle OCB= синус в квад­ра­те левая круг­лая скоб­ка 180 гра­ду­сов минус \\angle BCD пра­вая круг­лая скоб­ка = синус в квад­ра­те 45 гра­ду­сов = дробь: чис­ли­тель: 1, зна­ме­на­тель: 2 конец дроби . \"></span><span data-width=\"565\" data-formulahash=\"a11f11b893b1f1446ac40124f6585b6f\" class=\"tex-span\" style=\"display:none\"><img src=\"https://ege.sdamgia.ru/formula/svg/a6/a6e6f9f3e2d782c045bac88854c9fff3.svg\" class=\"tex\" style=\"vertical-align:-8.4pt\" alt=\" дробь: чис­ли­тель: OB, зна­ме­на­тель: OE конец дроби = дробь: чис­ли­тель: OB, зна­ме­на­тель: OC конец дроби умно­жить на дробь: чис­ли­тель: OC, зна­ме­на­тель: OE конец дроби = ко­си­нус в квад­ра­те \\angle COE= синус в квад­ра­те \\angle OCB= \"><br><img src=\"https://ege.sdamgia.ru/formula/svg/28/282d30d9bc7c5ab7fbff48c2c94399b3.svg\" class=\"tex\" style=\"vertical-align:-8.4pt\" alt=\"= синус в квад­ра­те левая круг­лая скоб­ка 180 гра­ду­сов минус \\angle BCD пра­вая круг­лая скоб­ка = синус в квад­ра­те 45 гра­ду­сов = дробь: чис­ли­тель: 1, зна­ме­на­тель: 2 конец дроби .\"></span></p><p class=\"left_margin\"></p></center><p>&nbsp;</p><p><span style=\"letter-spacing: 2px;\">Ответ:</span> 1 : 2.</p><p>&nbsp;</p><p><b>При­ве­дем дру­гое ре­ше­ние пунк­та а).</b></p><p class=\"left_margin\">В че­ты­рех­уголь­ни­ке <i>AECD</i> про­ти­во­по­лож­ные углы <i>EAD</i> и <i>ECD</i> пря­мые, сле­до­ва­тель­но, около него можно опи­сать окруж­ность. Тогда углы <i>CDE</i> и <i>EAC</i> равны как впи­сан­ные углы, опи­ра­ю­щи­е­ся на одну дугу. Ана­ло­гич­но из че­ты­рех­уголь­ни­ка <i>ABCH</i> по­лу­ча­ем, что углы <i>BAC</i> и <i>CHB</i> равны. Углы <i>EAC</i> и <i>BAC</i> равны, а зна­чит, равны и углы <i>CDE</i> и <i>CHB</i>, от­ку­да сле­ду­ет па­рал­лель­ность пря­мых <i>BH</i> и <i>ED</i>.</p><p>&nbsp;</p><p><b>При­ве­дем дру­гое ре­ше­ние пунк­та б).</b></p><p class=\"left_margin\">Угол <i>ADO</i> равен 45°, по­это­му пря­мо­уголь­ный тре­уголь­ник <i>АОD</i> рав­но­бед­рен­ный. Зна­чит, его вы­со­та <i>АН</i> яв­ля­ет­ся ме­ди­а­ной: <i>ОН</i>  =  <i>НD</i>. Пря­мые <i>ЕD</i> и <i>BН</i> па­рал­лель­ны, тогда, по тео­ре­ме Фа­ле­са, <i>ОВ</i>  =  <i>ВЕ</i>. Зна­чит, <i>ВН</i>  — сред­няя линия тре­уголь­ни­ка <i>ЕOD</i>, а тогда <i>ВН</i>  — по­ло­ви­на <i>ЕD</i>.</p></div>",
        "image_urls": [
            "https://ege.sdamgia.ru/formula/svg/18/186fc633b16c6ca4921c1e9d80518d7c.svg",
            "https://ege.sdamgia.ru/formula/svg/6a/6a791533794b7226ef362d4146f0fe97.svg",
            "https://ege.sdamgia.ru/formula/svg/ab/ab75bddafc3ec021f91fe24dbe77dc67.svg",
            "https://ege.sdamgia.ru/formula/svg/a1/a11f11b893b1f1446ac40124f6585b6f.svg",
            "https://ege.sdamgia.ru/formula/svg/a6/a6e6f9f3e2d782c045bac88854c9fff3.svg",
            "https://ege.sdamgia.ru/formula/svg/28/282d30d9bc7c5ab7fbff48c2c94399b3.svg",
            "/get_file?id=146901"
        ]
    },
    "answer": "1 : 2.",
    "topic_id": 17,
    "analog_ids": []
}