{
    "gia_type": "ege",
    "subject": "math",
    "id": 516277,
    "condition": {
        "text": "Дана трапеция ABCD с основаниями AD и BC. Диагональ BD разбивает её на два равнобедренных треугольника с основаниями AD и CD.а)  Докажите, что луч AC  — биссектриса угла BAD .б)  Найдите CD, если известны диагонали трапеции: AC = 15 и BD = 8,5.",
        "html": "<div align=\"justify\" width=\"100%\" id=\"body626249\" class=\"pbody\"><p class=\"left_margin\">Дана тра­пе­ция <i>ABCD</i> с ос­но­ва­ни­я­ми <i>AD</i> и <i>BC</i>. Диа­го­наль <i>BD</i> раз­би­ва­ет её на два рав­но­бед­рен­ных тре­уголь­ни­ка с ос­но­ва­ни­я­ми <i>AD</i> и <i>CD</i>.</p><p class=\"left_margin\">а)  До­ка­жи­те, что луч <i>AC</i>  — бис­сек­три­са угла <i>BAD</i> .</p><p class=\"left_margin\">б)  Най­ди­те <i>CD</i>, если из­вест­ны диа­го­на­ли тра­пе­ции: <i>AC</i> = 15 и <i>BD</i> = 8,5.</p></div>",
        "image_urls": []
    },
    "solution": {
        "text": "Решение. а)  Из равнобедренности треугольников  следовательно, AC  — биссектриса угла BAD.б)  Поскольку  BA = BD = BC = 8,5, точки A, D и C лежат на окружности радиуса 8,5 с центром в точке B. Продолжим основание BC за точку B до пересечения с этой окружностью в точке E. Тогда EC   — диаметр окружности, а ADCE  — равнобедренная трапеция. Поэтому AE = CD, а так как точка A лежит на окружности с диаметром CE, получаем, что  Из прямоугольного треугольника CAE находим, что  Следовательно, CD = AE = 8. Ответ: 8. Приведем решение Андрея Белобородова.а)  Впишем трапецию в окружность так, чтобы отрезки  были ее радиусами. Тогда углы BCA и CAD равны как накрест лежащие, а углы BCA и BAC равны, поскольку треугольник ABC равнобедренный. Получаем:  то есть AC  — биссектриса угла BAD.б)  По теореме косинусов в треугольнике ABC:  Из основного тригонометрического тождества найдём  По теореме синусов:",
        "html": "<div align=\"justify\" width=\"100%\" id=\"sol516277\" class=\"solution\" style=\"clear:both;\" class=\"pbody\"><p class=\"left_margin\"></p><b>Ре­ше­ние<!--rule_info-->. </b><p class=\"left_margin\"><img src=\"/get_file?id=147390\" style=\"float:right;margin:10px;max-width:100%\"></p><p class=\"left_margin\">а)  Из рав­но­бед­рен­но­сти тре­уголь­ни­ков <img src=\"https://ege.sdamgia.ru/formula/svg/41/41d7fde18bed053f7fc2fd9fb4feda62.svg\" class=\"tex\" style=\"vertical-align:-3.0pt\" alt=\"\\angle BAC=\\angle ACB= \\angle CAD,\"> сле­до­ва­тель­но, <i>AC</i>  — бис­сек­три­са угла <i>BAD</i>.</p><p class=\"left_margin\">б)  По­сколь­ку  <i>BA = BD = BC</i> = 8,5, точки <i>A</i>, <i>D</i> и <i>C</i> лежат на окруж­но­сти ра­ди­у­са 8,5 с цен­тром в точке <i>B</i>. Про­дол­жим ос­но­ва­ние <i>BC</i> за точку <i>B</i> до пе­ре­се­че­ния с этой окруж­но­стью в точке <i>E</i>. Тогда <i>EC </i>  — диа­метр окруж­но­сти, а <i>ADCE</i>  — рав­но­бед­рен­ная тра­пе­ция. По­это­му <i>AE = CD</i>, а так как точка <i>A</i> лежит на окруж­но­сти с диа­мет­ром <i>CE</i>, по­лу­ча­ем, что <img src=\"https://ege.sdamgia.ru/formula/svg/6c/6c1bce554ff82b002b1cb55235435d9e.svg\" class=\"tex\" style=\"vertical-align:-1.8pt\" alt=\"\\angle CAE=90 гра­ду­сов.\"> Из пря­мо­уголь­но­го тре­уголь­ни­ка <i>CAE</i> на­хо­дим, что <img src=\"https://ege.sdamgia.ru/formula/svg/5c/5c65400cbbc1dc572cd830fd0f09c272.svg\" class=\"tex\" style=\"vertical-align:-2.5pt\" alt=\"AE= ко­рень из: на­ча­ло ар­гу­мен­та: CE в квад­ра­те минус AC в квад­ра­те конец ар­гу­мен­та = ко­рень из: на­ча­ло ар­гу­мен­та: 17 в квад­ра­те минус 15 в квад­ра­те конец ар­гу­мен­та =8.\"> Сле­до­ва­тель­но, <i>CD = AE = 8</i>.</p><p>&nbsp;</p><p><span style=\"letter-spacing: 2px;\">Ответ:</span> 8.</p><p>&nbsp;</p><p class=\"left_margin\"><b>При­ве­дем ре­ше­ние Ан­дрея Бе­ло­бо­ро­до­ва</b>.</p><p class=\"left_margin\">а)  Впи­шем тра­пе­цию в окруж­ность так, чтобы от­рез­ки <img src=\"https://ege.sdamgia.ru/formula/svg/63/63d72a5192af0d2775d2cdf32eb3efd2.svg\" class=\"tex\" style=\"vertical-align:-1.8pt\" alt=\" BC = BD = BA\"> были ее ра­ди­у­са­ми. Тогда углы <i>BCA</i> и <i>CAD</i> равны как на­крест ле­жа­щие, а углы <i>BCA</i> и <i>BAC</i> равны, по­сколь­ку тре­уголь­ник <i>ABC</i> рав­но­бед­рен­ный. По­лу­ча­ем: <img src=\"https://ege.sdamgia.ru/formula/svg/29/29f13e38ff55448014931d506e5bf0e0.svg\" class=\"tex\" style=\"vertical-align:-3.0pt\" alt=\" \\angle BAC = \\angle CAD,\"> то есть <i>AC</i>  — бис­сек­три­са угла <i>BAD</i>.</p><p class=\"left_margin\">б)  По тео­ре­ме ко­си­ну­сов в тре­уголь­ни­ке <i>ABC</i>: </p><p class=\"left_margin\"></p><center><p><img src=\"https://ege.sdamgia.ru/formula/svg/e5/e54931b4628306ba161097c4a478701f.svg\" class=\"tex\" style=\"vertical-align:-10.5pt\" alt=\" ко­си­нус BCA = дробь: чис­ли­тель: BC в квад­ра­те плюс AC в квад­ра­те минус AB в квад­ра­те , зна­ме­на­тель: 2 умно­жить на BC умно­жить на AC конец дроби = дробь: чис­ли­тель: 8,5 в квад­ра­те плюс 15 в квад­ра­те минус 8,5 в квад­ра­те , зна­ме­на­тель: 2 умно­жить на 8,5 умно­жить на 15 конец дроби = дробь: чис­ли­тель: 15, зна­ме­на­тель: 17 конец дроби . \"></p><p class=\"left_margin\"></p></center><p> Из ос­нов­но­го три­го­но­мет­ри­че­ско­го тож­де­ства найдём <img src=\"https://ege.sdamgia.ru/formula/svg/7b/7b0477fa0f0d37ed65201a1bf7719174.svg\" class=\"tex\" style=\"vertical-align:-8.5pt\" alt=\" синус \\angle BCA = синус \\angle CAD = дробь: чис­ли­тель: 8, зна­ме­на­тель: 17 конец дроби . \"> По тео­ре­ме си­ну­сов:</p><p class=\"left_margin\"></p><center><p><img src=\"https://ege.sdamgia.ru/formula/svg/fc/fc6cea937b204a9419349db7dcb22985.svg\" class=\"tex\" style=\"vertical-align:-8.5pt\" alt=\" CD = 2R умно­жить на синус \\angle CAD = 2 умно­жить на 8,5 умно­жить на дробь: чис­ли­тель: 8, зна­ме­на­тель: 17 конец дроби = 8. \"></p><p class=\"left_margin\"></p></center></div>",
        "image_urls": [
            "https://ege.sdamgia.ru/formula/svg/41/41d7fde18bed053f7fc2fd9fb4feda62.svg",
            "https://ege.sdamgia.ru/formula/svg/6c/6c1bce554ff82b002b1cb55235435d9e.svg",
            "https://ege.sdamgia.ru/formula/svg/5c/5c65400cbbc1dc572cd830fd0f09c272.svg",
            "https://ege.sdamgia.ru/formula/svg/63/63d72a5192af0d2775d2cdf32eb3efd2.svg",
            "https://ege.sdamgia.ru/formula/svg/29/29f13e38ff55448014931d506e5bf0e0.svg",
            "https://ege.sdamgia.ru/formula/svg/e5/e54931b4628306ba161097c4a478701f.svg",
            "https://ege.sdamgia.ru/formula/svg/7b/7b0477fa0f0d37ed65201a1bf7719174.svg",
            "https://ege.sdamgia.ru/formula/svg/fc/fc6cea937b204a9419349db7dcb22985.svg",
            "/get_file?id=147390"
        ]
    },
    "answer": "8.",
    "topic_id": 17,
    "analog_ids": [
        516277,
        516258
    ]
}