{
    "gia_type": "ege",
    "subject": "math",
    "id": 517183,
    "condition": {
        "text": "Прямая, проходящая через вершину B прямоугольника ABCD перпендикулярно диагонали AC, пересекает сторону AD в точке M, равноудалённой от вершин B и D.а)  Докажите, что ∠ABM = ∠DBC = 30°.б)  Найдите расстояние от центра прямоугольника до прямой CM, если BC = 9.",
        "html": "<div align=\"justify\" width=\"100%\" id=\"body625347\" class=\"pbody\"><p class=\"left_margin\">Пря­мая, про­хо­дя­щая через вер­ши­ну <i>B</i> пря­мо­уголь­ни­ка <i>ABCD</i> пер­пен­ди­ку­ляр­но диа­го­на­ли <i>AC</i>, пе­ре­се­ка­ет сто­ро­ну <i>AD</i> в точке <i>M</i>, рав­но­удалённой от вер­шин <i>B</i> и <i>D</i>.</p><p class=\"left_margin\">а)  До­ка­жи­те, что ∠<i>ABM</i> = ∠<i>DBC</i> = 30°.</p><p class=\"left_margin\">б)  Най­ди­те рас­сто­я­ние от цен­тра пря­мо­уголь­ни­ка до пря­мой <i>CM</i>, если <i>BC</i> = 9.</p></div>",
        "image_urls": []
    },
    "solution": {
        "text": "Решение. а)  Обозначим ∠CBD  =  α. Треугольник BMD равнобедренный, поэтому ∠DBM = ∠BDM = ∠CBD  =  α.Прямоугольные треугольники ACB и BDA равны по катету и гипотенузе, поэтому ∠ACB = ∠ADB  =  α.Пусть H  — точка пересечения BM и AC. Тогда BH  — высота прямоугольного треугольника ABC, проведенная из вершины прямого угла. Значит, ∠ABH = ∠ACB  =  α. Следовательно, б)  Имеем   Из прямоугольного треугольника CMD находим Пусть O  — центр прямоугольника ABCD. Расстояние от центра O прямоугольника ABCD до прямой CM равно высоте OP треугольника CMO. Площадь треугольника CMO равна половине площади треугольника ACM:  Ответ: ",
        "html": "<div align=\"justify\" width=\"100%\" id=\"sol517183\" class=\"solution\" style=\"clear:both;\" class=\"pbody\"><p class=\"left_margin\"></p><b>Ре­ше­ние<!--rule_info-->. </b><p class=\"left_margin\"><img src=\"/get_file?id=147392\" style=\"float:right;margin:10px;max-width:100%\"></p><p class=\"left_margin\">а)  Обо­зна­чим ∠<i>CBD</i>  =  α. Тре­уголь­ник <i>BMD</i> рав­но­бед­рен­ный, по­это­му ∠<i>DBM</i> = ∠<i>BDM</i> = ∠<i>CBD</i>  =  α.</p><p class=\"left_margin\">Пря­мо­уголь­ные тре­уголь­ни­ки <i>ACB</i> и <i>BDA</i> равны по ка­те­ту и ги­по­те­ну­зе, по­это­му ∠<i>ACB</i> = ∠<i>ADB</i>  =  α.</p><p class=\"left_margin\">Пусть <i>H</i>  — точка пе­ре­се­че­ния <i>BM</i> и <i>AC</i>. Тогда <i>BH</i>  — вы­со­та пря­мо­уголь­но­го тре­уголь­ни­ка <i>ABC</i>, про­ве­ден­ная из вер­ши­ны пря­мо­го угла. Зна­чит, ∠<i>ABH</i> = ∠<i>ACB</i>  =  α. Сле­до­ва­тель­но, </p><p class=\"left_margin\"></p><center><p><img src=\"https://ege.sdamgia.ru/formula/svg/55/55d21046c221c041a0ebfcf531d44ce9.svg\" class=\"tex\" style=\"vertical-align:-8.5pt\" alt=\"\\angle ABM=\\angle DBM= \\angle CBD= дробь: чис­ли­тель: 1, зна­ме­на­тель: 3 конец дроби умно­жить на 90 гра­ду­сов=30 гра­ду­сов.\"></p><p class=\"left_margin\"></p></center><p class=\"left_margin\">б)  Имеем <img src=\"https://ege.sdamgia.ru/formula/svg/f5/f5670c28a898daf345880b71060528f9.svg\" class=\"tex\" style=\"vertical-align:-11.0pt\" alt=\"AB=BC умно­жить на тан­генс 30 гра­ду­сов= дробь: чис­ли­тель: 9, зна­ме­на­тель: ко­рень из 3 конец дроби =3 ко­рень из 3 . \"> <img src=\"https://ege.sdamgia.ru/formula/svg/b7/b73a504f94777510feef6b94da6e9f30.svg\" class=\"tex\" style=\"vertical-align:-11.1pt\" alt=\"AM=AB умно­жить на тан­генс 30 гра­ду­сов= дробь: чис­ли­тель: 3 ко­рень из 3 , зна­ме­на­тель: ко­рень из 3 конец дроби =3, \"> <img src=\"https://ege.sdamgia.ru/formula/svg/22/22d807433f4728451d65603972dc3d95.svg\" class=\"tex\" style=\"vertical-align:-1.8pt\" alt=\" MD=AD минус AM=9 минус 3=6.\"></p><p class=\"left_margin\">Из пря­мо­уголь­но­го тре­уголь­ни­ка <i>CMD</i> на­хо­дим <img src=\"https://ege.sdamgia.ru/formula/svg/58/589a900be82fe04601ae3298a0976fef.svg\" class=\"tex\" style=\"vertical-align:-9.1pt\" alt=\"MC= ко­рень из: на­ча­ло ар­гу­мен­та: CD в квад­ра­те плюс MD в квад­ра­те конец ар­гу­мен­та = ко­рень из: на­ча­ло ар­гу­мен­та: левая круг­лая скоб­ка 3 ко­рень из 3 пра­вая круг­лая скоб­ка в квад­ра­те плюс 6 в квад­ра­те конец ар­гу­мен­та }=3 ко­рень из 7 .\"></p><p class=\"left_margin\">Пусть <i>O</i>  — центр пря­мо­уголь­ни­ка <i>ABCD</i>. Рас­сто­я­ние от цен­тра <i>O</i> пря­мо­уголь­ни­ка <i>ABCD</i> до пря­мой <i>CM</i> равно вы­со­те <i>OP</i> тре­уголь­ни­ка <i>CMO</i>. Пло­щадь тре­уголь­ни­ка <i>CMO</i> равна по­ло­ви­не пло­ща­ди тре­уголь­ни­ка <i>ACM</i>:</p><p class=\"left_margin\"></p><center><p><img src=\"https://ege.sdamgia.ru/formula/svg/31/31d484de5eba563b037fd154e88d5ac0.svg\" class=\"tex\" style=\"vertical-align:-8.4pt\" alt=\"S_OCM= дробь: чис­ли­тель: 1, зна­ме­на­тель: 2 конец дроби S_ACM= дробь: чис­ли­тель: 1, зна­ме­на­тель: 4 конец дроби AM умно­жить на AB= дробь: чис­ли­тель: 1, зна­ме­на­тель: 2 конец дроби CM умно­жить на OP.\"> </p><p><img src=\"https://ege.sdamgia.ru/formula/svg/68/68d2398818ca66f48479a5fd14077cdd.svg\" class=\"tex\" style=\"vertical-align:-11.1pt\" alt=\" OP= дробь: чис­ли­тель: AM умно­жить на AB, зна­ме­на­тель: 2 умно­жить на MC конец дроби = дробь: чис­ли­тель: 3 умно­жить на 3 ко­рень из 3 , зна­ме­на­тель: 2 умно­жить на 3 ко­рень из 7 конец дроби = дробь: чис­ли­тель: 3 ко­рень из 3 , зна­ме­на­тель: 2 ко­рень из 7 конец дроби . \"></p><p class=\"left_margin\"></p></center><p>&nbsp;</p><p><span style=\"letter-spacing: 2px;\">Ответ:</span> <img src=\"https://ege.sdamgia.ru/formula/svg/8c/8cc3ac025f05b25168b0db6b21b8275a.svg\" class=\"tex\" style=\"vertical-align:-11.1pt\" alt=\" дробь: чис­ли­тель: 3 ко­рень из 3 , зна­ме­на­тель: 2 ко­рень из 7 конец дроби . \"></p></div>",
        "image_urls": [
            "https://ege.sdamgia.ru/formula/svg/55/55d21046c221c041a0ebfcf531d44ce9.svg",
            "https://ege.sdamgia.ru/formula/svg/f5/f5670c28a898daf345880b71060528f9.svg",
            "https://ege.sdamgia.ru/formula/svg/b7/b73a504f94777510feef6b94da6e9f30.svg",
            "https://ege.sdamgia.ru/formula/svg/22/22d807433f4728451d65603972dc3d95.svg",
            "https://ege.sdamgia.ru/formula/svg/58/589a900be82fe04601ae3298a0976fef.svg",
            "https://ege.sdamgia.ru/formula/svg/31/31d484de5eba563b037fd154e88d5ac0.svg",
            "https://ege.sdamgia.ru/formula/svg/68/68d2398818ca66f48479a5fd14077cdd.svg",
            "https://ege.sdamgia.ru/formula/svg/8c/8cc3ac025f05b25168b0db6b21b8275a.svg",
            "/get_file?id=147392"
        ]
    },
    "answer": "",
    "topic_id": 17,
    "analog_ids": [
        517183,
        517221
    ]
}