{
    "gia_type": "ege",
    "subject": "math",
    "id": 517448,
    "condition": {
        "text": "Точка E  — середина боковой стороны CD трапеции ABCD. На стороне AB взяли точку K, так, что прямые CK и AE параллельны. Отрезки CK и  BE пересекаются в точке O.а)  Докажите, что CO  =  KO.б)  Найти отношение оснований трапеции BC и AD, если площадь треугольника BCK составляет  площади трапеции ABCD.",
        "html": "<div align=\"justify\" width=\"100%\" id=\"body625588\" class=\"pbody\"><p class=\"left_margin\">Точка <i>E</i>  — се­ре­ди­на бо­ко­вой сто­ро­ны <i>CD</i> тра­пе­ции <i>ABCD</i>. На сто­ро­не <i>AB</i> взяли точку <i>K</i>, так, что пря­мые <i>CK</i> и <i>AE</i> па­рал­лель­ны. От­рез­ки <i>CK</i> и  <i>BE</i> пе­ре­се­ка­ют­ся в точке <i>O</i>.</p><p class=\"left_margin\">а)  До­ка­жи­те, что <i>CO</i>  =  <i>KO</i>.</p><p class=\"left_margin\">б)  Найти от­но­ше­ние ос­но­ва­ний тра­пе­ции <i>BC</i> и <i>AD</i>, если пло­щадь тре­уголь­ни­ка <i>BCK</i> со­став­ля­ет <img src=\"https://ege.sdamgia.ru/formula/svg/3b/3bdeb7a0a66b67de2eed31eb25031e3a.svg\" class=\"tex\" style=\"vertical-align:-8.5pt\" alt=\" дробь: чис­ли­тель: 9, зна­ме­на­тель: 100 конец дроби . \"> пло­ща­ди тра­пе­ции <i>ABCD</i>.</p></div>",
        "image_urls": [
            "https://ege.sdamgia.ru/formula/svg/3b/3bdeb7a0a66b67de2eed31eb25031e3a.svg"
        ]
    },
    "solution": {
        "text": "Решение.  а)  Пусть прямые BC  и AE пересекаются в точке L. Тогда треугольники AED и LEC равны, так как DE  =  CE, ∠AED = ∠LEC, ∠ADE = ∠LCE. Следовательно,  и четырехугольник KCLA  — трапеция. Прямая BE содержит точку пересечения боковых сторон трапеции и середину ее основания AL. Тогда по замечательному свойству трапеции она содержит и середину основания КС  — точку O. Тем самым б)  Поскольку треугольники AED и LEC равны,  Из подобия треугольников KBC и ABL следует, что  то есть  Тогда Ответ: 3 : 7. Приведем другое решение пункта а).Пусть прямые BC  и AE пересекаются в точке L. Тогда треугольники AED и LEC равны, так как DE  =  CE, ∠AED = ∠LEC, ∠ADE = ∠LCE. Следовательно, отрезок BE  — медиана ABL. Треугольники ABE и KBO подобны с коэффициентом подобия  Треугольники LBE и CBO подобны с тем же коэффициентом подобия. Тогда ",
        "html": "<div align=\"justify\" width=\"100%\" id=\"sol517448\" class=\"solution\" style=\"clear:both;\" class=\"pbody\"><p class=\"left_margin\"></p><b>Ре­ше­ние<!--rule_info-->. </b><p class=\"left_margin\"><img src=\"/get_file?id=147394\" style=\"float:right;margin:10px;max-width:100%\"> а)  Пусть пря­мые <i>BC</i>  и <i>AE</i> пе­ре­се­ка­ют­ся в точке <i>L</i>. Тогда тре­уголь­ни­ки <i>AED</i> и <i>LEC</i> равны, так как <i>DE</i>  =  <i>CE</i>, ∠<i>AED</i> = ∠<i>LEC</i>, ∠<i>ADE</i> = ∠<i>LCE</i>. Сле­до­ва­тель­но, <img src=\"https://ege.sdamgia.ru/formula/svg/ce/cec358d093a2875f6e59a85fb9aececd.svg\" class=\"tex\" style=\"vertical-align:-3.0pt\" alt=\"AE = EL,\"> и че­ты­рех­уголь­ник <i>KCLA</i>  — тра­пе­ция. Пря­мая <i>BE</i> со­дер­жит точку пе­ре­се­че­ния бо­ко­вых сто­рон тра­пе­ции и се­ре­ди­ну ее ос­но­ва­ния <i>AL</i>. Тогда по за­ме­ча­тель­но­му свой­ству тра­пе­ции она со­дер­жит и се­ре­ди­ну ос­но­ва­ния <i>КС</i>  — точку <i>O</i>. Тем самым <img src=\"https://ege.sdamgia.ru/formula/svg/e3/e39e232663c533648859fc261ca6e224.svg\" class=\"tex\" style=\"vertical-align:-1.8pt\" alt=\"CO = KO.\"></p><p class=\"left_margin\">б)  По­сколь­ку тре­уголь­ни­ки <i>AED</i> и <i>LEC</i> равны, <img src=\"https://ege.sdamgia.ru/formula/svg/c8/c80c7d23743d35c7f2b33cff9129a949.svg\" class=\"tex\" style=\"vertical-align:-2.5pt\" alt=\"S_ABCD=S_ABL.\"> Из по­до­бия тре­уголь­ни­ков <i>KBC</i> и <i>ABL</i> сле­ду­ет, что <img src=\"https://ege.sdamgia.ru/formula/svg/ea/ea3b2f988beab3ee09a145de2b74cacc.svg\" class=\"tex\" style=\"vertical-align:-10.0pt\" alt=\" дробь: чис­ли­тель: S_KBC, зна­ме­на­тель: S_ABL конец дроби =k в квад­ра­те , \"> то есть <img src=\"https://ege.sdamgia.ru/formula/svg/5b/5be44bd1ece8228afd4a05466218ed6e.svg\" class=\"tex\" style=\"vertical-align:-8.5pt\" alt=\"k= дробь: чис­ли­тель: 3, зна­ме­на­тель: конец дроби 10.\"> Тогда </p><p class=\"left_margin\"></p><center><p><img src=\"https://ege.sdamgia.ru/formula/svg/b2/b29129c09f433037949a3925eb2e7e2e.svg\" class=\"tex\" style=\"vertical-align:-9.2pt\" alt=\" дробь: чис­ли­тель: BC, зна­ме­на­тель: BL конец дроби = дробь: чис­ли­тель: 3, зна­ме­на­тель: 10 конец дроби , дробь: чис­ли­тель: BC, зна­ме­на­тель: BC плюс CL конец дроби = дробь: чис­ли­тель: 3, зна­ме­на­тель: 10 конец дроби , дробь: чис­ли­тель: BC, зна­ме­на­тель: CL конец дроби = дробь: чис­ли­тель: 3, зна­ме­на­тель: 7 конец дроби , \\ дробь: чис­ли­тель: BC, зна­ме­на­тель: AD конец дроби = дробь: чис­ли­тель: 3, зна­ме­на­тель: 7 конец дроби . \"></p><p class=\"left_margin\"></p></center><p><span style=\"letter-spacing: 2px;\">Ответ:</span> 3 : 7.</p><p>&nbsp;</p><p><b>При­ве­дем дру­гое ре­ше­ние пунк­та а).</b></p><p class=\"left_margin\">Пусть пря­мые <i>BC</i>  и <i>AE</i> пе­ре­се­ка­ют­ся в точке <i>L</i>. Тогда тре­уголь­ни­ки <i>AED</i> и <i>LEC</i> равны, так как <i>DE</i>  =  <i>CE</i>, ∠<i>AED</i> = ∠<i>LEC</i>, ∠<i>ADE</i> = ∠<i>LCE</i>. Сле­до­ва­тель­но, от­ре­зок <i>BE</i>  — ме­ди­а­на <i>ABL</i>. Тре­уголь­ни­ки <i>ABE</i> и <i>KBO</i> по­доб­ны с ко­эф­фи­ци­ен­том по­до­бия <img src=\"https://ege.sdamgia.ru/formula/svg/f0/f09e91681cea3d98ffacbbe947a92834.svg\" class=\"tex\" style=\"vertical-align:-8.5pt\" alt=\"k= дробь: чис­ли­тель: BE, зна­ме­на­тель: BO конец дроби . \"> Тре­уголь­ни­ки <i>LBE</i> и <i>CBO</i> по­доб­ны с тем же ко­эф­фи­ци­ен­том по­до­бия. Тогда </p><p class=\"left_margin\"></p><center><p><img src=\"https://ege.sdamgia.ru/formula/svg/4e/4e20eb00245b16f9ddc812b6bb127f23.svg\" class=\"tex\" style=\"vertical-align:-8.3pt\" alt=\"KO=AE умно­жить на дробь: чис­ли­тель: BO, зна­ме­на­тель: BE конец дроби =LE умно­жить на дробь: чис­ли­тель: BO, зна­ме­на­тель: BE конец дроби =CO. \"></p><p class=\"left_margin\"></p></center></div>",
        "image_urls": [
            "https://ege.sdamgia.ru/formula/svg/ce/cec358d093a2875f6e59a85fb9aececd.svg",
            "https://ege.sdamgia.ru/formula/svg/e3/e39e232663c533648859fc261ca6e224.svg",
            "https://ege.sdamgia.ru/formula/svg/c8/c80c7d23743d35c7f2b33cff9129a949.svg",
            "https://ege.sdamgia.ru/formula/svg/ea/ea3b2f988beab3ee09a145de2b74cacc.svg",
            "https://ege.sdamgia.ru/formula/svg/5b/5be44bd1ece8228afd4a05466218ed6e.svg",
            "https://ege.sdamgia.ru/formula/svg/b2/b29129c09f433037949a3925eb2e7e2e.svg",
            "https://ege.sdamgia.ru/formula/svg/f0/f09e91681cea3d98ffacbbe947a92834.svg",
            "https://ege.sdamgia.ru/formula/svg/4e/4e20eb00245b16f9ddc812b6bb127f23.svg",
            "/get_file?id=147394"
        ]
    },
    "answer": "3 : 7.",
    "topic_id": 17,
    "analog_ids": [
        517448,
        517441,
        517455
    ]
}