{
    "gia_type": "ege",
    "subject": "math",
    "id": 517529,
    "condition": {
        "text": "Дана трапеция ABCD с основаниями AD и ВС, причем  и точка M внутри трапеции, такая, что а)  Докажите, что АM = DM.б)  Найдите угол BAD, если угол CDA равен 50°, а высота, проведённая из точки M к АD, равна BC.",
        "html": "<div align=\"justify\" width=\"100%\" id=\"body625509\" class=\"pbody\"><p class=\"left_margin\">Дана тра­пе­ция <i>ABCD</i> с ос­но­ва­ни­я­ми <i>AD</i> и <i>ВС</i>, при­чем <img src=\"https://ege.sdamgia.ru/formula/svg/d0/d0310dec3d3aa5bc461d95bf5507c43e.svg\" class=\"tex\" style=\"vertical-align:-3.0pt\" alt=\"AD = 2BC,\"> и точка <i>M</i> внут­ри тра­пе­ции, такая, что <img src=\"https://ege.sdamgia.ru/formula/svg/68/68585f170b9bf6c537dc283ed844820e.svg\" class=\"tex\" style=\"vertical-align:-1.8pt\" alt=\"\\angle ABM=\\angle DCM=90 гра­ду­сов.\"></p><p class=\"left_margin\">а)  До­ка­жи­те, что <i>АM</i> = <i>DM</i>.</p><p class=\"left_margin\">б)  Най­ди­те угол <i>BAD</i>, если угол <i>CDA</i> равен 50°, а вы­со­та, про­ведённая из точки <i>M</i> к <i>АD</i>, равна <i>BC</i>.</p></div>",
        "image_urls": [
            "https://ege.sdamgia.ru/formula/svg/d0/d0310dec3d3aa5bc461d95bf5507c43e.svg",
            "https://ege.sdamgia.ru/formula/svg/68/68585f170b9bf6c537dc283ed844820e.svg"
        ]
    },
    "solution": {
        "text": "Решение. а)  Продлим боковые стороны трапеции. Так как  то BC  — средняя линия треугольника AQD, тогда  Углы MCD и MBA прямые, из чего следует, что MC и MB  — медианы и высоты, тогда треугольники QMD и QMA  — равнобедренные, то есть  а значит,  что и требовалось доказать.б)  Опустим высоту MN в равнобедренном треугольнике AMD.  По условию задачи   MN  — медиана, откуда    тогда  Поскольку MN  — медиана,  то угол  Треугольник MND  — прямоугольный и равнобедренный, тогда  Заметим теперь, что  тогда  Имеем:откуда  Тогда  Ответ: б) Примечание. Точка М не является точкой пересечения диагоналей трапеции. Точки А, М и С не лежат на одной прямой. Точки В, М и D не лежат на одной прямой.",
        "html": "<div align=\"justify\" width=\"100%\" id=\"sol517529\" class=\"solution\" style=\"clear:both;\" class=\"pbody\"><p class=\"left_margin\"></p><b>Ре­ше­ние<!--rule_info-->. </b><p class=\"left_margin\"><img src=\"/get_file?id=147415\" style=\"float:right;margin:10px;max-width:100%\"></p><p class=\"left_margin\">а)  Про­длим бо­ко­вые сто­ро­ны тра­пе­ции. Так как <img src=\"https://ege.sdamgia.ru/formula/svg/b3/b320ad7d936dc423b50baf22e756cd0a.svg\" class=\"tex\" style=\"vertical-align:-8.4pt\" alt=\"BC= дробь: чис­ли­тель: 1, зна­ме­на­тель: 2 конец дроби AD, \"> то <i>BC</i>  — сред­няя линия тре­уголь­ни­ка <i>AQD,</i> тогда <img src=\"https://ege.sdamgia.ru/formula/svg/47/47a5f6e51f7105c503a49d01fd6c0ccb.svg\" class=\"tex\" style=\"vertical-align:-3.0pt\" alt=\"QC=CD,QB=BA.\"> Углы <i>MCD</i> и <i>MBA</i> пря­мые, из чего сле­ду­ет, что <i>MC</i> и <i>MB</i>  — ме­ди­а­ны и вы­со­ты, тогда тре­уголь­ни­ки <i>QMD</i> и <i>QMA</i>  — рав­но­бед­рен­ные, то есть <img src=\"https://ege.sdamgia.ru/formula/svg/4f/4fc34893b5188c0ca73e45e909459a4d.svg\" class=\"tex\" style=\"vertical-align:-3.0pt\" alt=\"QM=MD,QM=MA,\"> а зна­чит, <img src=\"https://ege.sdamgia.ru/formula/svg/95/95a474054fe7acacda4d32026838221f.svg\" class=\"tex\" style=\"vertical-align:-3.0pt\" alt=\"MD=MA,\"> что и тре­бо­ва­лось до­ка­зать.</p><p class=\"left_margin\">б)  Опу­стим вы­со­ту <i>MN</i> в рав­но­бед­рен­ном тре­уголь­ни­ке <i>AMD</i>.  По усло­вию за­да­чи <img src=\"https://ege.sdamgia.ru/formula/svg/7c/7cd0e8258cd39d39a33aa6004693c5f8.svg\" class=\"tex\" style=\"vertical-align:-1.8pt\" alt=\"MN=BC. \"><i>  MN</i>  — ме­ди­а­на, от­ку­да <img src=\"https://ege.sdamgia.ru/formula/svg/b1/b15c395d05bac20dfd1f7d99def83b00.svg\" class=\"tex\" style=\"vertical-align:-1.8pt\" alt=\"AN=ND.\"> <img src=\"https://ege.sdamgia.ru/formula/svg/61/61a34732a56ef914e423bf7a8407176e.svg\" class=\"tex\" style=\"vertical-align:-8.4pt\" alt=\"BC= дробь: чис­ли­тель: 1, зна­ме­на­тель: 2 конец дроби AD=AN=ND, \">  тогда <img src=\"https://ege.sdamgia.ru/formula/svg/5a/5a98d61cc2880b745c189be9144fe792.svg\" class=\"tex\" style=\"vertical-align:-1.8pt\" alt=\"BC=AN=ND.\"> По­сколь­ку <i>MN</i>  — ме­ди­а­на, <img src=\"https://ege.sdamgia.ru/formula/svg/92/927924fda38d8ebf1db9b987de2af8f4.svg\" class=\"tex\" style=\"vertical-align:-8.4pt\" alt=\"MN= дробь: чис­ли­тель: 1, зна­ме­на­тель: 2 конец дроби AD, \"> то угол <img src=\"https://ege.sdamgia.ru/formula/svg/16/163ca53d832f9d17872ec2abb7eb657b.svg\" class=\"tex\" style=\"vertical-align:-1.8pt\" alt=\" AMD=90 гра­ду­сов.\"> Тре­уголь­ник <i>MND</i>  — пря­мо­уголь­ный и рав­но­бед­рен­ный, тогда <img src=\"https://ege.sdamgia.ru/formula/svg/31/31a770311807ee486490875f37503a9a.svg\" class=\"tex\" style=\"vertical-align:-1.8pt\" alt=\"\\angle NDM = \\angle MAN=45 гра­ду­сов.\"> За­ме­тим те­перь, что <img src=\"https://ege.sdamgia.ru/formula/svg/24/242966d9600ae9b2b653c086442a43a2.svg\" class=\"tex\" style=\"vertical-align:-3.0pt\" alt=\"\\angle CDM=\\angle CDA минус \\angle MDA=50 гра­ду­сов минус 45 гра­ду­сов=5 гра­ду­сов,\"> тогда <img src=\"https://ege.sdamgia.ru/formula/svg/db/db0e0ec7dc9d7f2730f05913845347aa.svg\" class=\"tex\" style=\"vertical-align:-3.0pt\" alt=\"\\angle MQD=5 гра­ду­сов.\"> Имеем:</p><p class=\"left_margin\"></p><center><p><img src=\"https://ege.sdamgia.ru/formula/svg/dc/dce5301d3bdb75af3647aec3f3e569d9.svg\" class=\"tex\" style=\"vertical-align:-3.0pt\" alt=\"\\angle QAM плюс \\angle MAD плюс \\angle ADC плюс \\angle DQM плюс \\angle MQA=180 гра­ду­сов,\"></p><p class=\"left_margin\"></p></center><p>от­ку­да <img src=\"https://ege.sdamgia.ru/formula/svg/f1/f17f5293c9beb6e2c136c710fd97e1b4.svg\" class=\"tex\" style=\"vertical-align:-8.4pt\" alt=\"\\angle QAM= дробь: чис­ли­тель: 180 гра­ду­сов минус 100 гра­ду­сов, зна­ме­на­тель: 2 конец дроби =40 гра­ду­сов. \"> Тогда <img src=\"https://ege.sdamgia.ru/formula/svg/d9/d98a9bf3549fb7c4c2e54f21a4b7044a.svg\" class=\"tex\" style=\"vertical-align:-3.0pt\" alt=\"\\angle BAD=\\angle QAM плюс \\angle MAN=85 гра­ду­сов.\"></p><p>&nbsp;</p><p><span style=\"letter-spacing: 2px;\">Ответ:</span> б)<img src=\"https://ege.sdamgia.ru/formula/svg/13/134e2a04c221466efc48d8118a6272c5.svg\" class=\"tex\" style=\"vertical-align:-1.8pt\" alt=\" 85 гра­ду­сов.\"></p><p>&nbsp;</p><p><b>При­ме­ча­ние.</b> </p><p class=\"left_margin\">Точка <i>М</i> не яв­ля­ет­ся точ­кой пе­ре­се­че­ния диа­го­на­лей тра­пе­ции. Точки <i>А</i>, <i>М</i> и <i>С</i> не лежат на одной пря­мой. Точки <i>В</i>, <i>М</i> и <i>D</i> не лежат на одной пря­мой.</p></div>",
        "image_urls": [
            "https://ege.sdamgia.ru/formula/svg/b3/b320ad7d936dc423b50baf22e756cd0a.svg",
            "https://ege.sdamgia.ru/formula/svg/47/47a5f6e51f7105c503a49d01fd6c0ccb.svg",
            "https://ege.sdamgia.ru/formula/svg/4f/4fc34893b5188c0ca73e45e909459a4d.svg",
            "https://ege.sdamgia.ru/formula/svg/95/95a474054fe7acacda4d32026838221f.svg",
            "https://ege.sdamgia.ru/formula/svg/7c/7cd0e8258cd39d39a33aa6004693c5f8.svg",
            "https://ege.sdamgia.ru/formula/svg/b1/b15c395d05bac20dfd1f7d99def83b00.svg",
            "https://ege.sdamgia.ru/formula/svg/61/61a34732a56ef914e423bf7a8407176e.svg",
            "https://ege.sdamgia.ru/formula/svg/5a/5a98d61cc2880b745c189be9144fe792.svg",
            "https://ege.sdamgia.ru/formula/svg/92/927924fda38d8ebf1db9b987de2af8f4.svg",
            "https://ege.sdamgia.ru/formula/svg/16/163ca53d832f9d17872ec2abb7eb657b.svg",
            "https://ege.sdamgia.ru/formula/svg/31/31a770311807ee486490875f37503a9a.svg",
            "https://ege.sdamgia.ru/formula/svg/24/242966d9600ae9b2b653c086442a43a2.svg",
            "https://ege.sdamgia.ru/formula/svg/db/db0e0ec7dc9d7f2730f05913845347aa.svg",
            "https://ege.sdamgia.ru/formula/svg/dc/dce5301d3bdb75af3647aec3f3e569d9.svg",
            "https://ege.sdamgia.ru/formula/svg/f1/f17f5293c9beb6e2c136c710fd97e1b4.svg",
            "https://ege.sdamgia.ru/formula/svg/d9/d98a9bf3549fb7c4c2e54f21a4b7044a.svg",
            "https://ege.sdamgia.ru/formula/svg/13/134e2a04c221466efc48d8118a6272c5.svg",
            "/get_file?id=147415"
        ]
    },
    "answer": "б)",
    "topic_id": 17,
    "analog_ids": []
}