{
    "gia_type": "ege",
    "subject": "math",
    "id": 517524,
    "condition": {
        "text": "Дана равнобедренная трапеция ABCD, в которой AD = 3BC, CM  — высота трапеции.а)  Доказать, что M делит AD в отношении 2 : 1.б)  Найдите расстояние от точки C до середины BD, если AD = 18, AC = ",
        "html": "<div align=\"justify\" width=\"100%\" id=\"body625512\" class=\"pbody\"><p class=\"left_margin\">Дана рав­но­бед­рен­ная тра­пе­ция <i>ABCD</i>, в ко­то­рой <i>AD</i> = 3<i>BC</i>, <i>CM</i>  — вы­со­та тра­пе­ции.</p><p class=\"left_margin\">а)  До­ка­зать, что <i>M</i> делит <i>AD</i> в от­но­ше­нии 2 : 1.</p><p class=\"left_margin\">б)  Най­ди­те рас­сто­я­ние от точки <i>C</i> до се­ре­ди­ны <i>BD</i>, если <i>AD</i> = 18, <i>AC</i> = <img src=\"https://ege.sdamgia.ru/formula/svg/b6/b65c04b96311311dffc4e35029bbcba9.svg\" class=\"tex\" style=\"vertical-align:-1.8pt\" alt=\"4 ко­рень из: на­ча­ло ар­гу­мен­та: 13 конец ар­гу­мен­та .\"></p></div>",
        "image_urls": [
            "https://ege.sdamgia.ru/formula/svg/b6/b65c04b96311311dffc4e35029bbcba9.svg"
        ]
    },
    "solution": {
        "text": "Решение.  а)  Поскольку ABCD равнобедренная трапеция,  тогда  откуда б)  В треугольнике AMC угол    Треугольники BCO и MOD равны, поскольку  угол CBO равен углу ODM, а угол C равен углу M. Тогда  откуда O  — середина BD, CO  — искомое расстояние. Из равенства треугольников BCO и MOD следует равенство отрезков CO и OM, откуда  Ответ: б) 4. Приведем решение п. б) Романа Прокопенко.В треугольнике CMD по теореме Пифагора найдем  откуда CD  =  10. В треугольнике BCD точка О  — середина отрезка BD, поэтому CO медиана. Найдем ее длину по формуле длины медианы:",
        "html": "<div align=\"justify\" width=\"100%\" id=\"sol517524\" class=\"solution\" style=\"clear:both;\" class=\"pbody\"><p class=\"left_margin\"></p><b>Ре­ше­ние<!--rule_info-->. </b><p class=\"left_margin\"><img src=\"/get_file?id=147409\" style=\"float:right;margin:10px;max-width:100%\"> а)  По­сколь­ку <i>ABCD</i> рав­но­бед­рен­ная тра­пе­ция, </p><p class=\"left_margin\"></p><center><p><img src=\"https://ege.sdamgia.ru/formula/svg/52/5217234d441adb300ed9964359ac8d8f.svg\" class=\"tex\" style=\"vertical-align:-8.3pt\" alt=\"MD= дробь: чис­ли­тель: AD минус BC, зна­ме­на­тель: 2 конец дроби = дробь: чис­ли­тель: 3BC минус BC, зна­ме­на­тель: 2 конец дроби =BC, \"></p><p class=\"left_margin\"></p></center> тогда <img src=\"https://ege.sdamgia.ru/formula/svg/a0/a08ac282e57a6bb3420109febb0ee852.svg\" class=\"tex\" style=\"vertical-align:-3.0pt\" alt=\"AM=AD минус MD=3BC минус BC=2BC,\"> от­ку­да <img src=\"https://ege.sdamgia.ru/formula/svg/80/802cb99ae3e7c89d8e0f9e903e06ddb1.svg\" class=\"tex\" style=\"vertical-align:-8.3pt\" alt=\" дробь: чис­ли­тель: AM, зна­ме­на­тель: MD конец дроби = дробь: чис­ли­тель: 2, зна­ме­на­тель: 1 конец дроби . \"><p class=\"left_margin\">б)  В тре­уголь­ни­ке <i>AMC</i> угол <img src=\"https://ege.sdamgia.ru/formula/svg/21/212eafde688e0088252a313ded0094b4.svg\" class=\"tex\" style=\"vertical-align:-3.0pt\" alt=\"M=90 гра­ду­сов,\"> <img src=\"https://ege.sdamgia.ru/formula/svg/ce/ce9788d4ad1c218d7e654e33cbafd74a.svg\" class=\"tex\" style=\"vertical-align:-8.5pt\" alt=\"AM= дробь: чис­ли­тель: 2, зна­ме­на­тель: 3 конец дроби AD=12, \"> <img src=\"https://ege.sdamgia.ru/formula/svg/cb/cbfdcf7a92e9fa390f3ca294f85db36d.svg\" class=\"tex\" style=\"vertical-align:-2.5pt\" alt=\"CM= ко­рень из: на­ча­ло ар­гу­мен­та: AC в квад­ра­те минус AM в квад­ра­те конец ар­гу­мен­та =8.\"> Тре­уголь­ни­ки <i>BCO</i> и <i>MOD</i> равны, по­сколь­ку <img src=\"https://ege.sdamgia.ru/formula/svg/60/6029b959f7f2979c0bcd9b1859bebd83.svg\" class=\"tex\" style=\"vertical-align:-3.0pt\" alt=\"BC=MD=6,\"> угол <i>CBO</i> равен углу <i>ODM</i>, а угол <i>C</i> равен углу <i>M</i>. Тогда <img src=\"https://ege.sdamgia.ru/formula/svg/c0/c0009dd91ae09262ed2c86711136413a.svg\" class=\"tex\" style=\"vertical-align:-3.0pt\" alt=\"BO=OD,\"> от­ку­да <i>O</i>  — се­ре­ди­на <i>BD</i>, <i>CO</i>  — ис­ко­мое рас­сто­я­ние. Из ра­вен­ства тре­уголь­ни­ков <i>BCO</i> и <i>MOD</i> сле­ду­ет ра­вен­ство от­рез­ков <i>CO</i> и <i>OM</i>, от­ку­да <img src=\"https://ege.sdamgia.ru/formula/svg/06/06ed253116cb30465b3ab7846440aa41.svg\" class=\"tex\" style=\"vertical-align:-8.4pt\" alt=\"CO=OM= дробь: чис­ли­тель: 1, зна­ме­на­тель: 2 конец дроби CM=4. \"></p><p>&nbsp;</p><p><span style=\"letter-spacing: 2px;\">Ответ:</span> б) 4.</p><p>&nbsp;</p><p><b>При­ве­дем ре­ше­ние п. б) Ро­ма­на Про­ко­пен­ко.</b></p><p class=\"left_margin\">В тре­уголь­ни­ке <i>CMD</i> по тео­ре­ме Пи­фа­го­ра най­дем <img src=\"https://ege.sdamgia.ru/formula/svg/9b/9b1c071dadfec6fe49ee497eb29054a4.svg\" class=\"tex\" style=\"vertical-align:-3.0pt\" alt=\"CD в квад­ра­те = CM в квад­ра­те плюс MD в квад­ра­те = 100,\"> от­ку­да <i>CD</i>  =  10. В тре­уголь­ни­ке <i>BCD</i> точка <i>О</i>  — се­ре­ди­на от­рез­ка <i>BD</i>, по­это­му <i>CO</i> ме­ди­а­на. Най­дем ее длину по фор­му­ле длины ме­ди­а­ны:</p><p class=\"left_margin\"></p><center><p><img src=\"https://ege.sdamgia.ru/formula/svg/1e/1e685487463aa96338d4037b32125598.svg\" class=\"tex\" style=\"vertical-align:-8.4pt\" alt=\"CO = дробь: чис­ли­тель: 1, зна­ме­на­тель: 2 конец дроби ко­рень из: на­ча­ло ар­гу­мен­та: 2 BC в квад­ра­те плюс 2 CD в квад­ра­те минус BD в квад­ра­те конец ар­гу­мен­та = 4.\"></p><p class=\"left_margin\"></p></center></div>",
        "image_urls": [
            "https://ege.sdamgia.ru/formula/svg/52/5217234d441adb300ed9964359ac8d8f.svg",
            "https://ege.sdamgia.ru/formula/svg/a0/a08ac282e57a6bb3420109febb0ee852.svg",
            "https://ege.sdamgia.ru/formula/svg/80/802cb99ae3e7c89d8e0f9e903e06ddb1.svg",
            "https://ege.sdamgia.ru/formula/svg/21/212eafde688e0088252a313ded0094b4.svg",
            "https://ege.sdamgia.ru/formula/svg/ce/ce9788d4ad1c218d7e654e33cbafd74a.svg",
            "https://ege.sdamgia.ru/formula/svg/cb/cbfdcf7a92e9fa390f3ca294f85db36d.svg",
            "https://ege.sdamgia.ru/formula/svg/60/6029b959f7f2979c0bcd9b1859bebd83.svg",
            "https://ege.sdamgia.ru/formula/svg/c0/c0009dd91ae09262ed2c86711136413a.svg",
            "https://ege.sdamgia.ru/formula/svg/06/06ed253116cb30465b3ab7846440aa41.svg",
            "https://ege.sdamgia.ru/formula/svg/9b/9b1c071dadfec6fe49ee497eb29054a4.svg",
            "https://ege.sdamgia.ru/formula/svg/1e/1e685487463aa96338d4037b32125598.svg",
            "/get_file?id=147409"
        ]
    },
    "answer": "б) 4.",
    "topic_id": 17,
    "analog_ids": []
}