{
    "gia_type": "ege",
    "subject": "math",
    "id": 520824,
    "condition": {
        "text": "В трапеции ABCD с основаниями ВС и AD углы ABD и ACD прямые. а)  Докажите, что АВ  =  CD.б)  Найдите AD, если AB  =  2, BC  =  7.",
        "html": "<div align=\"justify\" width=\"100%\" id=\"body629892\" class=\"pbody\"><p class=\"left_margin\">В тра­пе­ции <i>ABCD</i> с ос­но­ва­ни­я­ми <i>ВС</i> и <i>AD</i> углы <i>ABD</i> и <i>ACD</i> пря­мые. </p><p class=\"left_margin\">а)  До­ка­жи­те, что <i>АВ</i>  =  <i>CD</i>.</p><p class=\"left_margin\">б)  Най­ди­те <i>AD</i>, если <i>AB</i>  =  2, <i>BC</i>  =  7.</p></div>",
        "image_urls": []
    },
    "solution": {
        "text": "Решение. а)  Углы ABD и ACD прямые, поэтому вершины четырехугольника ABCD лежат на окружности диаметром AD. Значит, АВ  =  CD, поскольку б)  Пусть ВН  — высота трапеции ABCD. Трапеция вписана в окружность, поэтому  она равнобедренная. Следовательно, AD  =  2AH + BC. Тогдаоткуда получаем уравнение  Его положительным корнем является AH  =  0,5, и тогда AD  =  8. Ответ: 8. Приведем другую идею решения пункта б).Так как BH  — высота прямоугольного треугольника ABD, квадрат катета AB равен произведению проекции этого катета на гипотенузу, то есть проекции AH на AD. Но  откуда получаем  или  Приведем решение пункта б) Анастасии Белоусовой.По теореме Птолемея произведение диагоналей четырехугольника равно сумме произведений противоположных сторон:Трапеция равнобедренная, следовательно, ее диагонали равны, тогдаИз прямоугольного треугольника ACD получим Пусть x  =  AD, тогда",
        "html": "<div align=\"justify\" width=\"100%\" id=\"sol520824\" class=\"solution\" style=\"clear:both;\" class=\"pbody\"><p class=\"left_margin\"></p><b>Ре­ше­ние<!--rule_info-->. </b><p class=\"left_margin\"><img src=\"/get_file?id=147422\" style=\"float:right;margin:10px;max-width:100%\">а)  Углы <i>ABD</i> и <i>ACD</i> пря­мые, по­это­му вер­ши­ны че­ты­рех­уголь­ни­ка <i>ABCD</i> лежат на окруж­но­сти диа­мет­ром <i>AD</i>. Зна­чит, <i>АВ</i>  =  <i>CD</i>, по­сколь­ку <img src=\"https://ege.sdamgia.ru/formula/svg/a3/a38306f09abda505f77a4a1ecd924602.svg\" class=\"tex\" style=\"vertical-align:-1.8pt\" alt=\"\\widehatADB=\\widehatCBD.\"></p><p class=\"left_margin\">б)  Пусть <i>ВН</i>  — вы­со­та тра­пе­ции <i>ABCD</i>. Тра­пе­ция впи­са­на в окруж­ность, по­это­му  она рав­но­бед­рен­ная. Сле­до­ва­тель­но, <i>AD</i>  =  2<i>AH</i> + <i>BC</i>. Тогда</p><p class=\"left_margin\"></p><center><p><img src=\"https://ege.sdamgia.ru/formula/svg/6d/6d588b4fbc52c4754d7cb60247a3eb07.svg\" class=\"tex\" style=\"vertical-align:-9.3pt\" alt=\"AH=AB ко­си­нус \\widehatBAD=AB умно­жить на дробь: чис­ли­тель: AB, зна­ме­на­тель: AD конец дроби = дробь: чис­ли­тель: AB в квад­ра­те , зна­ме­на­тель: BC плюс 2AH конец дроби = дробь: чис­ли­тель: 4, зна­ме­на­тель: 7 плюс 2AH конец дроби , \"></p><p class=\"left_margin\"></p></center><p>от­ку­да по­лу­ча­ем урав­не­ние <img src=\"https://ege.sdamgia.ru/formula/svg/5b/5b37d6a83ca4ad8222928c61ca1d2179.svg\" class=\"tex\" style=\"vertical-align:-1.8pt\" alt=\"2AH в квад­ра­те плюс 7AH минус 4=0.\"> Его по­ло­жи­тель­ным кор­нем яв­ля­ет­ся <i>AH</i>  =  0,5, и тогда <i>AD</i>  =  8.</p><p>&nbsp;</p><p><span style=\"letter-spacing: 2px;\">Ответ:</span> 8.</p><p>&nbsp;</p><p><b>При­ве­дем дру­гую идею ре­ше­ния пунк­та б).</b></p><p class=\"left_margin\">Так как <i>BH</i>  — вы­со­та пря­мо­уголь­но­го тре­уголь­ни­ка <i>ABD</i>, квад­рат ка­те­та <i>AB</i> равен про­из­ве­де­нию про­ек­ции этого ка­те­та на ги­по­те­ну­зу, то есть про­ек­ции <i>AH</i> на <i>AD</i>. Но <img src=\"https://ege.sdamgia.ru/formula/svg/74/74eae2b48a50e668d967fb29e7c032f4.svg\" class=\"tex\" style=\"vertical-align:-3.0pt\" alt=\"AD = BC плюс 2 AH,\"> от­ку­да по­лу­ча­ем <img src=\"https://ege.sdamgia.ru/formula/svg/b8/b88ff28e44f466a82fa0f0ffdc15f6d6.svg\" class=\"tex\" style=\"vertical-align:-3.6pt\" alt=\"AB в квад­ра­те =AH левая круг­лая скоб­ка 7 плюс 2AH пра­вая круг­лая скоб­ка \"> или <img src=\"https://ege.sdamgia.ru/formula/svg/5b/5b37d6a83ca4ad8222928c61ca1d2179.svg\" class=\"tex\" style=\"vertical-align:-1.8pt\" alt=\"2AH в квад­ра­те плюс 7AH минус 4=0.\"></p><p>&nbsp;</p><p><b>При­ве­дем ре­ше­ние пунк­та б) Ана­ста­сии Бе­ло­усо­вой.</b></p><p class=\"left_margin\">По тео­ре­ме Пто­ле­мея про­из­ве­де­ние диа­го­на­лей че­ты­рех­уголь­ни­ка равно сумме про­из­ве­де­ний про­ти­во­по­лож­ных сто­рон:</p><p class=\"left_margin\"></p><center><p><img src=\"https://ege.sdamgia.ru/formula/svg/89/89e998244a88e80b0fea123447d44160.svg\" class=\"tex\" style=\"vertical-align:-1.8pt\" alt=\"AC умно­жить на BD = AD умно­жить на BC плюс AB умно­жить на CD.\"></p><p class=\"left_margin\"></p></center><p class=\"left_margin\">Тра­пе­ция рав­но­бед­рен­ная, сле­до­ва­тель­но, ее диа­го­на­ли равны, тогда</p><p class=\"left_margin\"></p><center><p><img src=\"https://ege.sdamgia.ru/formula/svg/e9/e9a666807e74cea198b8f31ad65bf88c.svg\" class=\"tex\" style=\"vertical-align:-1.8pt\" alt=\"AC в квад­ра­те = AD умно­жить на BC плюс AB умно­жить на CD.\"></p><p class=\"left_margin\"></p></center><p class=\"left_margin\">Из пря­мо­уголь­но­го тре­уголь­ни­ка <i>ACD</i> по­лу­чим <img src=\"https://ege.sdamgia.ru/formula/svg/6e/6e67d9b57421114c8332be5ef8cb4d46.svg\" class=\"tex\" style=\"vertical-align:-1.8pt\" alt=\"AC в квад­ра­те =AD в квад­ра­те минус CD в квад­ра­те .\"></p><p class=\"left_margin\">Пусть <i>x</i>  =  AD, тогда</p><p class=\"left_margin\"></p><center><p><img src=\"https://ege.sdamgia.ru/formula/svg/c2/c266cf25851664293cbed354dd5de965.svg\" class=\"tex\" style=\"vertical-align:-1.8pt\" alt=\"7x плюс 4=x в квад­ра­те минус 4 рав­но­силь­но x=8.\"></p><p class=\"left_margin\"></p></center></div>",
        "image_urls": [
            "https://ege.sdamgia.ru/formula/svg/a3/a38306f09abda505f77a4a1ecd924602.svg",
            "https://ege.sdamgia.ru/formula/svg/6d/6d588b4fbc52c4754d7cb60247a3eb07.svg",
            "https://ege.sdamgia.ru/formula/svg/5b/5b37d6a83ca4ad8222928c61ca1d2179.svg",
            "https://ege.sdamgia.ru/formula/svg/74/74eae2b48a50e668d967fb29e7c032f4.svg",
            "https://ege.sdamgia.ru/formula/svg/b8/b88ff28e44f466a82fa0f0ffdc15f6d6.svg",
            "https://ege.sdamgia.ru/formula/svg/5b/5b37d6a83ca4ad8222928c61ca1d2179.svg",
            "https://ege.sdamgia.ru/formula/svg/89/89e998244a88e80b0fea123447d44160.svg",
            "https://ege.sdamgia.ru/formula/svg/e9/e9a666807e74cea198b8f31ad65bf88c.svg",
            "https://ege.sdamgia.ru/formula/svg/6e/6e67d9b57421114c8332be5ef8cb4d46.svg",
            "https://ege.sdamgia.ru/formula/svg/c2/c266cf25851664293cbed354dd5de965.svg",
            "/get_file?id=147422"
        ]
    },
    "answer": "8.",
    "topic_id": 17,
    "analog_ids": []
}