{
    "gia_type": "ege",
    "subject": "math",
    "id": 521235,
    "condition": {
        "text": "Дан квадрат ABCD. На сторонах АВ и ВС отмечены точки Р и К соответственно, причем ВР : АР  =  1 : 3, ВК : СК  =  3 : 13.а)  Докажите, что углы РDK и РСК равны.  б)  Пусть М  — точка пересечения CP и DK. Найдите отношение длин отрезков СM и PM.",
        "html": "<div align=\"justify\" width=\"100%\" id=\"body629487\" class=\"pbody\"><p class=\"left_margin\">Дан квад­рат <i>ABCD</i>. На сто­ро­нах <i>АВ</i> и <i>ВС</i> от­ме­че­ны точки <i>Р</i> и <i>К</i> со­от­вет­ствен­но, при­чем <i>ВР</i> : <i>АР</i>  =  1 : 3, <i>ВК</i> : <i>СК</i>  =  3 : 13.</p><p class=\"left_margin\">а)  До­ка­жи­те, что углы <i>РDK</i> и <i>РСК</i> равны.  </p><p class=\"left_margin\">б)  Пусть <i>М</i>  — точка пе­ре­се­че­ния <i>CP</i> и <i>DK</i>. Най­ди­те от­но­ше­ние длин от­рез­ков <i>СM</i> и <i>PM</i>.</p></div>",
        "image_urls": []
    },
    "solution": {
        "text": "Решение. Пусть сторона квадрата имеет длину 16. Введем систему координат с началом в точке B и осями, направленными по BC и  Тогда получим:   Уравнения прямых можно выяснить по общей формуле: Аналогично,   Вычислим теперь косинусы углов между этими прямыми: Значит, углы равны.б)  Решим систему уравнений   Из первого уравнения найдем  и подставим во второе. Получим:  откуда   Тогда  Кроме того,  поэтому  Значит,  Ответ:",
        "html": "<div align=\"justify\" width=\"100%\" id=\"sol521235\" class=\"solution\" style=\"clear:both;\" class=\"pbody\"><p class=\"left_margin\"></p><b>Ре­ше­ние<!--rule_info-->. </b><p class=\"left_margin\"><img src=\"/get_file?id=147424\" style=\"float:right;margin:10px;max-width:100%\"></p><p class=\"left_margin\">Пусть сто­ро­на квад­ра­та имеет длину 16. Вве­дем си­сте­му ко­ор­ди­нат с на­ча­лом в точке <i>B</i> и осями, на­прав­лен­ны­ми по <i>BC</i> и <img src=\"https://ege.sdamgia.ru/formula/svg/85/854b33ca0081c16f3eb7fe4ee27a6e5d.svg\" class=\"tex\" style=\"vertical-align:-1.8pt\" alt=\"BA.\"> Тогда по­лу­чим:</p><p class=\"left_margin\"></p><center><p><img src=\"https://ege.sdamgia.ru/formula/svg/73/734da2cddd18fcf3ff84d41ac682db07.svg\" class=\"tex\" style=\"vertical-align:-3.6pt\" alt=\"P левая круг­лая скоб­ка 0;4 пра­вая круг­лая скоб­ка ,\"> <img src=\"https://ege.sdamgia.ru/formula/svg/84/845e3377e5652dc391bc891682831520.svg\" class=\"tex\" style=\"vertical-align:-3.6pt\" alt=\"K левая круг­лая скоб­ка 3;0 пра­вая круг­лая скоб­ка ,\"> <img src=\"https://ege.sdamgia.ru/formula/svg/2b/2bbd8404b7395d8385b67a0cbd3942ed.svg\" class=\"tex\" style=\"vertical-align:-3.6pt\" alt=\"D левая круг­лая скоб­ка 16,16 пра­вая круг­лая скоб­ка ,\"> <img src=\"https://ege.sdamgia.ru/formula/svg/76/76212f2691826ee1ba0ef8dbdc276d73.svg\" class=\"tex\" style=\"vertical-align:-3.6pt\" alt=\"C левая круг­лая скоб­ка 16,0 пра­вая круг­лая скоб­ка .\"></p><p class=\"left_margin\"></p></center><p class=\"left_margin\">Урав­не­ния пря­мых можно вы­яс­нить по общей фор­му­ле:</p><p class=\"left_margin\"></p><center><p><img src=\"https://ege.sdamgia.ru/formula/svg/24/244bf10286461f890c2f5410a87ca62f.svg\" class=\"tex\" style=\"vertical-align:-9.3pt\" alt=\"PD: дробь: чис­ли­тель: x минус 0, зна­ме­на­тель: 16 минус 0 конец дроби = дробь: чис­ли­тель: y минус 3, зна­ме­на­тель: 16 минус 4 конец дроби рав­но­силь­но дробь: чис­ли­тель: x, зна­ме­на­тель: 16 конец дроби = дробь: чис­ли­тель: y минус 4, зна­ме­на­тель: 12 конец дроби рав­но­силь­но 3x минус 4y плюс 16=0. \"></p><p class=\"left_margin\"></p></center><p> Ана­ло­гич­но, <img src=\"https://ege.sdamgia.ru/formula/svg/0f/0fc01ae60531359f59436ec28f1b5bfe.svg\" class=\"tex\" style=\"vertical-align:-3.0pt\" alt=\"DK: 16x минус 13y минус 48=0,\"> <img src=\"https://ege.sdamgia.ru/formula/svg/5b/5b54cb98d38028df152c64582c995482.svg\" class=\"tex\" style=\"vertical-align:-3.0pt\" alt=\"PC: x плюс 4y минус 16=0,\"> <img src=\"https://ege.sdamgia.ru/formula/svg/eb/ebddb52fe56c1aee8ef9c132c07dd5ae.svg\" class=\"tex\" style=\"vertical-align:-3.0pt\" alt=\"KC: y=0.\"></p><p class=\"left_margin\">Вы­чис­лим те­перь ко­си­ну­сы углов между этими пря­мы­ми:</p><p class=\"left_margin\"></p><center><p><img src=\"https://ege.sdamgia.ru/formula/svg/51/51c84d35bf24aef40f3cca19608473be.svg\" class=\"tex\" style=\"vertical-align:-11.0pt\" alt=\" ко­си­нус \\angle PDK= дробь: чис­ли­тель: 3 умно­жить на 16 плюс 4 умно­жить на 13, зна­ме­на­тель: ко­рень из: на­ча­ло ар­гу­мен­та: 16 в квад­ра­те плюс 13 в квад­ра­те конец ар­гу­мен­та ко­рень из: на­ча­ло ар­гу­мен­та: 3 в квад­ра­те плюс 4 в квад­ра­те конец ар­гу­мен­та конец дроби = дробь: чис­ли­тель: 100, зна­ме­на­тель: 5 ко­рень из: на­ча­ло ар­гу­мен­та: 425 конец ар­гу­мен­та конец дроби = дробь: чис­ли­тель: 20, зна­ме­на­тель: ко­рень из: на­ча­ло ар­гу­мен­та: 425 конец ар­гу­мен­та конец дроби = дробь: чис­ли­тель: 4, зна­ме­на­тель: ко­рень из: на­ча­ло ар­гу­мен­та: 17 конец ар­гу­мен­та конец дроби . \"></p><p><img src=\"https://ege.sdamgia.ru/formula/svg/0e/0ed2e846eb1a9e8a807a7464580ba57a.svg\" class=\"tex\" style=\"vertical-align:-11.0pt\" alt=\" ко­си­нус \\angle PCK= дробь: чис­ли­тель: 1 умно­жить на 0 плюс 4 умно­жить на 1, зна­ме­на­тель: ко­рень из: на­ча­ло ар­гу­мен­та: 1 в квад­ра­те плюс 0 в квад­ра­те конец ар­гу­мен­та ко­рень из: на­ча­ло ар­гу­мен­та: 1 в квад­ра­те плюс 4 в квад­ра­те конец ар­гу­мен­та конец дроби = дробь: чис­ли­тель: 4, зна­ме­на­тель: ко­рень из: на­ча­ло ар­гу­мен­та: 17 конец ар­гу­мен­та конец дроби . \"></p><p class=\"left_margin\"></p></center><p> Зна­чит, углы равны.</p><p class=\"left_margin\">б)  Решим си­сте­му урав­не­ний <img src=\"https://ege.sdamgia.ru/formula/svg/9e/9e3c3b5620a3985ab5ea18c5ab6225ca.svg\" class=\"tex\" style=\"vertical-align:-3.0pt\" alt=\"x плюс 4y минус 16=0,\"> <img src=\"https://ege.sdamgia.ru/formula/svg/ff/ff0ad520d3ea1ebf8fe10c6c8f20a0fa.svg\" class=\"tex\" style=\"vertical-align:-3.0pt\" alt=\"16x минус 13y минус 48=0.\"> Из пер­во­го урав­не­ния най­дем <img src=\"https://ege.sdamgia.ru/formula/svg/65/65dec400efa29712b4e3f8da904d0eda.svg\" class=\"tex\" style=\"vertical-align:-3.0pt\" alt=\"x=16 минус 4y\"> и под­ста­вим во вто­рое. По­лу­чим: <img src=\"https://ege.sdamgia.ru/formula/svg/1d/1d7e8c50debbf14030702aea3c1d8baa.svg\" class=\"tex\" style=\"vertical-align:-3.0pt\" alt=\"256 минус 64y минус 13y минус 48=0,\"> от­ку­да <img src=\"https://ege.sdamgia.ru/formula/svg/9e/9eb8453b9a574bd89dba8efb2e86e034.svg\" class=\"tex\" style=\"vertical-align:-8.5pt\" alt=\"y= дробь: чис­ли­тель: 208, зна­ме­на­тель: 77 конец дроби , \"> <img src=\"https://ege.sdamgia.ru/formula/svg/38/38e99d18614a553fd6e6aa295ff77eaf.svg\" class=\"tex\" style=\"vertical-align:-8.5pt\" alt=\"x= дробь: чис­ли­тель: 400, зна­ме­на­тель: 77 конец дроби . \"> Тогда </p><p class=\"left_margin\"></p><center><p><img src=\"https://ege.sdamgia.ru/formula/svg/bc/bc0dce396ba80caa96559acb1ab866cf.svg\" class=\"tex\" style=\"vertical-align:-12.2pt\" alt=\"CM= ко­рень из: на­ча­ло ар­гу­мен­та: левая круг­лая скоб­ка 16 минус дробь: чис­ли­тель: 400, зна­ме­на­тель: 77 конец дроби пра­вая круг­лая скоб­ка в квад­ра­те плюс левая круг­лая скоб­ка 0 минус дробь: чис­ли­тель: 208, зна­ме­на­тель: 77 конец дроби пра­вая круг­лая скоб­ка в квад­ра­те конец ар­гу­мен­та = дробь: чис­ли­тель: 208, зна­ме­на­тель: 77 конец дроби ко­рень из: на­ча­ло ар­гу­мен­та: 4 в квад­ра­те плюс 1 в квад­ра­те конец ар­гу­мен­та = дробь: чис­ли­тель: 208, зна­ме­на­тель: 77 конец дроби ко­рень из: на­ча­ло ар­гу­мен­та: 17 конец ар­гу­мен­та . \"></p><p class=\"left_margin\"></p></center><p> Кроме того, <img src=\"https://ege.sdamgia.ru/formula/svg/db/db0946656babd003a5aa7d33ce21d9e6.svg\" class=\"tex\" style=\"vertical-align:-3.0pt\" alt=\"PC= ко­рень из: на­ча­ло ар­гу­мен­та: 16 в квад­ра­те плюс 4 в квад­ра­те конец ар­гу­мен­та =4 ко­рень из: на­ча­ло ар­гу­мен­та: 17 конец ар­гу­мен­та ,\"> по­это­му <img src=\"https://ege.sdamgia.ru/formula/svg/36/365667f362ac4d6fd57614659ffa5d54.svg\" class=\"tex\" style=\"vertical-align:-8.5pt\" alt=\"PM=PC минус MC= дробь: чис­ли­тель: 100, зна­ме­на­тель: 77 конец дроби ко­рень из: на­ча­ло ар­гу­мен­та: 17 конец ар­гу­мен­та . \"></p><p>&nbsp;</p><p class=\"left_margin\">Зна­чит, <img src=\"https://ege.sdamgia.ru/formula/svg/aa/aa1f23c3be1a8488641bd0638a292acc.svg\" class=\"tex\" style=\"vertical-align:-1.8pt\" alt=\"CM:PM=208:100=52:25.\"></p><p>&nbsp;</p><p><span style=\"letter-spacing: 2px;\">Ответ:</span><img src=\"https://ege.sdamgia.ru/formula/svg/54/546f0c9eefd322e5df2767a0abf9b1a8.svg\" class=\"tex\" style=\"vertical-align:-8.4pt\" alt=\" дробь: чис­ли­тель: 52, зна­ме­на­тель: 25 конец дроби . \"></p></div>",
        "image_urls": [
            "https://ege.sdamgia.ru/formula/svg/85/854b33ca0081c16f3eb7fe4ee27a6e5d.svg",
            "https://ege.sdamgia.ru/formula/svg/73/734da2cddd18fcf3ff84d41ac682db07.svg",
            "https://ege.sdamgia.ru/formula/svg/84/845e3377e5652dc391bc891682831520.svg",
            "https://ege.sdamgia.ru/formula/svg/2b/2bbd8404b7395d8385b67a0cbd3942ed.svg",
            "https://ege.sdamgia.ru/formula/svg/76/76212f2691826ee1ba0ef8dbdc276d73.svg",
            "https://ege.sdamgia.ru/formula/svg/24/244bf10286461f890c2f5410a87ca62f.svg",
            "https://ege.sdamgia.ru/formula/svg/0f/0fc01ae60531359f59436ec28f1b5bfe.svg",
            "https://ege.sdamgia.ru/formula/svg/5b/5b54cb98d38028df152c64582c995482.svg",
            "https://ege.sdamgia.ru/formula/svg/eb/ebddb52fe56c1aee8ef9c132c07dd5ae.svg",
            "https://ege.sdamgia.ru/formula/svg/51/51c84d35bf24aef40f3cca19608473be.svg",
            "https://ege.sdamgia.ru/formula/svg/0e/0ed2e846eb1a9e8a807a7464580ba57a.svg",
            "https://ege.sdamgia.ru/formula/svg/9e/9e3c3b5620a3985ab5ea18c5ab6225ca.svg",
            "https://ege.sdamgia.ru/formula/svg/ff/ff0ad520d3ea1ebf8fe10c6c8f20a0fa.svg",
            "https://ege.sdamgia.ru/formula/svg/65/65dec400efa29712b4e3f8da904d0eda.svg",
            "https://ege.sdamgia.ru/formula/svg/1d/1d7e8c50debbf14030702aea3c1d8baa.svg",
            "https://ege.sdamgia.ru/formula/svg/9e/9eb8453b9a574bd89dba8efb2e86e034.svg",
            "https://ege.sdamgia.ru/formula/svg/38/38e99d18614a553fd6e6aa295ff77eaf.svg",
            "https://ege.sdamgia.ru/formula/svg/bc/bc0dce396ba80caa96559acb1ab866cf.svg",
            "https://ege.sdamgia.ru/formula/svg/db/db0946656babd003a5aa7d33ce21d9e6.svg",
            "https://ege.sdamgia.ru/formula/svg/36/365667f362ac4d6fd57614659ffa5d54.svg",
            "https://ege.sdamgia.ru/formula/svg/aa/aa1f23c3be1a8488641bd0638a292acc.svg",
            "https://ege.sdamgia.ru/formula/svg/54/546f0c9eefd322e5df2767a0abf9b1a8.svg",
            "/get_file?id=147424"
        ]
    },
    "answer": "",
    "topic_id": 17,
    "analog_ids": []
}