{
    "gia_type": "ege",
    "subject": "math",
    "id": 521667,
    "condition": {
        "text": "Четырехугольник ABCD вписан в окружность с центром в точке О. Радиус АО перпендикулярен радиусу ОВ, а радиус ОС перпендикулярен радиусу OD. а)  Докажите, что ВС || AD.б)  Найдите площадь треугольника АОВ, если длина перпендикуляра, опущенного из точки С на AD, равна 9, а длина отрезка ВС в два раза меньше длины отрезка AD.",
        "html": "<div align=\"justify\" width=\"100%\" id=\"body629567\" class=\"pbody\"><p class=\"left_margin\">Че­ты­рех­уголь­ник <i>ABCD</i> впи­сан в окруж­ность с цен­тром в точке <i>О</i>. Ра­ди­ус <i>АО</i> пер­пен­ди­ку­ля­рен ра­ди­у­су <i>ОВ</i>, а ра­ди­ус <i>ОС</i> пер­пен­ди­ку­ля­рен ра­ди­у­су <i>OD</i>. </p><p class=\"left_margin\">а)  До­ка­жи­те, что <i>ВС</i> || <i>AD</i>.</p><p class=\"left_margin\">б)  Най­ди­те пло­щадь тре­уголь­ни­ка <i>АОВ</i>, если длина пер­пен­ди­ку­ля­ра, опу­щен­но­го из точки <i>С</i> на <i>AD</i>, равна 9, а длина от­рез­ка <i>ВС</i> в два раза мень­ше длины от­рез­ка <i>AD</i>.</p></div>",
        "image_urls": []
    },
    "solution": {
        "text": "Решение. а)  Поскольку треугольник BOC равнобедренный, а треугольники AOB и COD равны по первому признаку, то углы ABC и BCD равны. Аналогично равны углы BAD и ADC,  и прямые параллельны.б)  Найдем радиус окружности. Пусть он равен R, BC = 2x, AD = 4x. Проведем в равнобедренной трапеции ABCD высоту CH = 9. Она разбивает основание AD на отрезки AH = 3x, DH = x. Заметим, что вписанный  Значит, треугольник CHA  — равнобедренный прямоугольный, 3x = 9, x = 3. По теореме Пифагора получаем  Тогда радиус окружности  а  Ответ: б) ",
        "html": "<div align=\"justify\" width=\"100%\" id=\"sol521667\" class=\"solution\" style=\"clear:both;\" class=\"pbody\"><p class=\"left_margin\"></p><b>Ре­ше­ние<!--rule_info-->. </b><p class=\"left_margin\"><img src=\"/get_file?id=147427\" style=\"float:right;margin:10px;max-width:100%\">а)  По­сколь­ку тре­уголь­ник <i>BOC</i> рав­но­бед­рен­ный, а тре­уголь­ни­ки <i>AOB</i> и <i>COD</i> равны по пер­во­му при­зна­ку, то углы <i>ABC</i> и <i>BCD</i> равны. Ана­ло­гич­но равны углы <i>BAD</i> и <i>ADC,</i> <img src=\"https://ege.sdamgia.ru/formula/svg/46/460a1a2907529600066fa2a49382be2c.svg\" class=\"tex\" style=\"vertical-align:-8.4pt\" alt=\"\\angle DAB плюс \\angle ABC= дробь: чис­ли­тель: 1, зна­ме­на­тель: 2 конец дроби умно­жить на 360 в сте­пе­ни левая круг­лая скоб­ка \\circ пра­вая круг­лая скоб­ка =180 в сте­пе­ни левая круг­лая скоб­ка \\circ пра­вая круг­лая скоб­ка \"> и пря­мые па­рал­лель­ны.</p><p class=\"left_margin\">б)  Най­дем ра­ди­ус окруж­но­сти. Пусть он равен <i>R,</i> <i>BC</i> = 2<i>x</i>, <i>AD</i> = 4<i>x.</i> Про­ве­дем в рав­но­бед­рен­ной тра­пе­ции <i>ABCD</i> вы­со­ту <i>CH</i> = 9. Она раз­би­ва­ет ос­но­ва­ние <i>AD</i> на от­рез­ки <i>AH</i> = 3<i>x</i>, <i>DH</i> = <i>x</i>. За­ме­тим, что впи­сан­ный <img src=\"https://ege.sdamgia.ru/formula/svg/a6/a63a961f8123b7ff219ffa24ebbf7847.svg\" class=\"tex\" style=\"vertical-align:-8.4pt\" alt=\"\\angle CAD= дробь: чис­ли­тель: 1, зна­ме­на­тель: 2 конец дроби \\angle COD=45 в сте­пе­ни левая круг­лая скоб­ка \\circ пра­вая круг­лая скоб­ка ,\"> Зна­чит, тре­уголь­ник <i>CHA</i>  — рав­но­бед­рен­ный пря­мо­уголь­ный, 3<i>x</i> = 9, <i>x</i> = 3. По тео­ре­ме Пи­фа­го­ра по­лу­ча­ем <img src=\"https://ege.sdamgia.ru/formula/svg/c3/c36ddc0f5d14d67079f6ec176f0e8f3a.svg\" class=\"tex\" style=\"vertical-align:-2.5pt\" alt=\"CD= ко­рень из: на­ча­ло ар­гу­мен­та: 81 плюс x в квад­ра­те конец ар­гу­мен­та =3 ко­рень из: на­ча­ло ар­гу­мен­та: 10 конец ар­гу­мен­та .\"> Тогда ра­ди­ус окруж­но­сти <img src=\"https://ege.sdamgia.ru/formula/svg/8b/8b1856875250b457acd15220bd3e1fbe.svg\" class=\"tex\" style=\"vertical-align:-10.9pt\" alt=\"R= дробь: чис­ли­тель: CD, зна­ме­на­тель: ко­рень из: на­ча­ло ар­гу­мен­та: 2 конец ар­гу­мен­та конец дроби =3 ко­рень из: на­ча­ло ар­гу­мен­та: 5 конец ар­гу­мен­та , \"> а <img src=\"https://ege.sdamgia.ru/formula/svg/60/609880d994805e33ef04051c8c9b1a2c.svg\" class=\"tex\" style=\"vertical-align:-8.3pt\" alt=\"S_AOB= дробь: чис­ли­тель: 1, зна­ме­на­тель: 2 конец дроби R в квад­ра­те = дробь: чис­ли­тель: 45, зна­ме­на­тель: 2 конец дроби . \"></p><p>&nbsp;</p><p><span style=\"letter-spacing: 2px;\">Ответ:</span> б) <img src=\"https://ege.sdamgia.ru/formula/svg/61/61e81a4430da165d673c6622d82b70cf.svg\" class=\"tex\" style=\"vertical-align:-8.3pt\" alt=\" дробь: чис­ли­тель: 45, зна­ме­на­тель: 2 конец дроби . \"></p></div>",
        "image_urls": [
            "https://ege.sdamgia.ru/formula/svg/46/460a1a2907529600066fa2a49382be2c.svg",
            "https://ege.sdamgia.ru/formula/svg/a6/a63a961f8123b7ff219ffa24ebbf7847.svg",
            "https://ege.sdamgia.ru/formula/svg/c3/c36ddc0f5d14d67079f6ec176f0e8f3a.svg",
            "https://ege.sdamgia.ru/formula/svg/8b/8b1856875250b457acd15220bd3e1fbe.svg",
            "https://ege.sdamgia.ru/formula/svg/60/609880d994805e33ef04051c8c9b1a2c.svg",
            "https://ege.sdamgia.ru/formula/svg/61/61e81a4430da165d673c6622d82b70cf.svg",
            "/get_file?id=147427"
        ]
    },
    "answer": "б)",
    "topic_id": 17,
    "analog_ids": []
}