{
    "gia_type": "ege",
    "subject": "math",
    "id": 521803,
    "condition": {
        "text": "Дана трапеция ABCD с основаниями AD и ВС. Диагонали АС и BD пересекаются в точке О, а прямые АВ и CD  — в точке К. Прямая КО пересекает стороны ВС и AD в точках М и N соответственно, и угол BAD равен 30°. Известно, что в трапеции ABMN и NMCD можно вписать окружность. а)  Докажите, что треугольник AKD тупоугольный. б)  Найти отношение площадей треугольника ВКС и трапеции ABCD.",
        "html": "<div align=\"justify\" width=\"100%\" id=\"body628919\" class=\"pbody\"><p class=\"left_margin\">Дана тра­пе­ция <i>ABCD</i> с ос­но­ва­ни­я­ми <i>AD</i> и <i>ВС</i>. Диа­го­на­ли <i>АС</i> и <i>BD</i> пе­ре­се­ка­ют­ся в точке <i>О</i>, а пря­мые <i>АВ</i> и <i>CD</i>  — в точке <i>К</i>. Пря­мая <i>КО</i> пе­ре­се­ка­ет сто­ро­ны <i>ВС</i> и <i>AD</i> в точ­ках <i>М</i> и <i>N</i> со­от­вет­ствен­но, и угол <i>BAD</i> равен 30°. Из­вест­но, что в тра­пе­ции <i>ABMN</i> и <i>NMCD</i> можно впи­сать окруж­ность. </p><p class=\"left_margin\">а)  До­ка­жи­те, что тре­уголь­ник <i>AKD</i> ту­по­уголь­ный. </p><p class=\"left_margin\">б)  Найти от­но­ше­ние пло­ща­дей тре­уголь­ни­ка <i>ВКС</i> и тра­пе­ции <i>ABCD</i>.</p></div>",
        "image_urls": []
    },
    "solution": {
        "text": "Решение. а)  Как известно, точка пересечения диагоналей трапеции, точка пересечения продолжений боковых сторон и середины оснований лежат на одной прямой, поэтому M и N  — середины BC и AD соответственно. Из условий описанности находим   откуда  Значит,  и б)  Опустим высоту CT на  Пусть  тогда  Итак,  поэтому треугольники KAD и KBC подобны с коэффициентом  Значит,Ответ: б) ",
        "html": "<div align=\"justify\" width=\"100%\" id=\"sol521803\" class=\"solution\" style=\"clear:both;\" class=\"pbody\"><p class=\"left_margin\"></p><b>Ре­ше­ние<!--rule_info-->. </b><p class=\"left_margin\"><img src=\"/get_file?id=197442\" style=\"float:right;margin:10px;max-width:100%\"></p><p class=\"left_margin\">а)  Как из­вест­но, точка пе­ре­се­че­ния диа­го­на­лей тра­пе­ции, точка пе­ре­се­че­ния про­дол­же­ний бо­ко­вых сто­рон и се­ре­ди­ны ос­но­ва­ний лежат на одной пря­мой, по­это­му <i>M</i> и <i>N</i>  — се­ре­ди­ны <i>BC</i> и <i>AD</i> со­от­вет­ствен­но. Из усло­вий опи­сан­но­сти на­хо­дим <img src=\"https://ege.sdamgia.ru/formula/svg/d8/d886397ac11614ce80889964911764a0.svg\" class=\"tex\" style=\"vertical-align:-3.0pt\" alt=\"AB плюс MN=BM плюс AN,\"> <img src=\"https://ege.sdamgia.ru/formula/svg/53/53091296932bc7090461d437d380917b.svg\" class=\"tex\" style=\"vertical-align:-3.0pt\" alt=\"CD плюс MN=MC плюс ND,\"> от­ку­да <img src=\"https://ege.sdamgia.ru/formula/svg/f9/f9a1c75bf1ee0b78241e67aef5553c36.svg\" class=\"tex\" style=\"vertical-align:-3.0pt\" alt=\"AB=CD,\"> Зна­чит, <img src=\"https://ege.sdamgia.ru/formula/svg/d8/d8fbabceeea3e515bdd7d0defa574fa5.svg\" class=\"tex\" style=\"vertical-align:-1.8pt\" alt=\"\\angle CDA=30 в сте­пе­ни левая круг­лая скоб­ка \\circ пра­вая круг­лая скоб­ка \"> и <img src=\"https://ege.sdamgia.ru/formula/svg/cf/cfb9f78d4fa4a0695e2d8bfecd653b3f.svg\" class=\"tex\" style=\"vertical-align:-1.8pt\" alt=\"\\angle AKD=120 в сте­пе­ни левая круг­лая скоб­ка \\circ пра­вая круг­лая скоб­ка .\"></p><p class=\"left_margin\">б)  Опу­стим вы­со­ту <i>CT</i> на <img src=\"https://ege.sdamgia.ru/formula/svg/a2/a218b183751b614e66f14c82240dff3d.svg\" class=\"tex\" style=\"vertical-align:-1.8pt\" alt=\"AD.\"> Пусть <img src=\"https://ege.sdamgia.ru/formula/svg/6c/6c69304444cfc14c42cbc5de3e7b19db.svg\" class=\"tex\" style=\"vertical-align:-3.0pt\" alt=\"MN=CT=x,\"> тогда <img src=\"https://ege.sdamgia.ru/formula/svg/20/209ffc7a262c2fe0d4f16e49aab5ef3d.svg\" class=\"tex\" style=\"vertical-align:-3.1pt\" alt=\"CD=2x, TD= ко­рень из: на­ча­ло ар­гу­мен­та: 3 конец ар­гу­мен­та x,\"> <img src=\"https://ege.sdamgia.ru/formula/svg/52/52f76affa878b0b5c89c6eefb87a82a7.svg\" class=\"tex\" style=\"vertical-align:-8.4pt\" alt=\"MC= дробь: чис­ли­тель: 1, зна­ме­на­тель: 2 конец дроби левая круг­лая скоб­ка x плюс 2x минус ко­рень из: на­ча­ло ар­гу­мен­та: 3 конец ар­гу­мен­та x пра­вая круг­лая скоб­ка = дробь: чис­ли­тель: 1, зна­ме­на­тель: 2 конец дроби левая круг­лая скоб­ка 3 минус ко­рень из: на­ча­ло ар­гу­мен­та: 3 конец ар­гу­мен­та пра­вая круг­лая скоб­ка x\"></p><p class=\"left_margin\">Итак, <img src=\"https://ege.sdamgia.ru/formula/svg/a6/a6ee691d1add07149ddbbd724b7761b1.svg\" class=\"tex\" style=\"vertical-align:-3.7pt\" alt=\"BC= левая круг­лая скоб­ка 3 минус ко­рень из: на­ча­ло ар­гу­мен­та: 3 конец ар­гу­мен­та пра­вая круг­лая скоб­ка x, AD= левая круг­лая скоб­ка 3 плюс ко­рень из: на­ча­ло ар­гу­мен­та: 3 конец ар­гу­мен­та пра­вая круг­лая скоб­ка x,\"> по­это­му тре­уголь­ни­ки <i>KAD</i> и <i>KBC</i> по­доб­ны с ко­эф­фи­ци­ен­том </p><p class=\"left_margin\"></p><center><p><img src=\"https://ege.sdamgia.ru/formula/svg/0f/0fa5fe0f9066c979a64b7d5f921db659.svg\" class=\"tex\" style=\"vertical-align:-11.1pt\" alt=\"k= дробь: чис­ли­тель: AD, зна­ме­на­тель: BC конец дроби = дробь: чис­ли­тель: 3 плюс ко­рень из: на­ча­ло ар­гу­мен­та: 3 конец ар­гу­мен­та , зна­ме­на­тель: 3 минус ко­рень из: на­ча­ло ар­гу­мен­та: 3 конец ар­гу­мен­та конец дроби = дробь: чис­ли­тель: 12 плюс 6 ко­рень из: на­ча­ло ар­гу­мен­та: 3 конец ар­гу­мен­та , зна­ме­на­тель: 6 конец дроби =2 плюс ко­рень из: на­ча­ло ар­гу­мен­та: 3 конец ар­гу­мен­та . \"></p><p class=\"left_margin\"></p></center><p> Зна­чит,</p><p class=\"left_margin\"></p><center><p><span data-width=\"640\" data-formulahash=\"3dd357502bce19e8c35ad08bc8a9075a\" class=\"tex-span\" style=\"\"><img src=\"https://ege.sdamgia.ru/formula/svg/3d/3dd357502bce19e8c35ad08bc8a9075a.svg\" class=\"tex\" style=\"vertical-align:-12.3pt\" alt=\" дробь: чис­ли­тель: S_BKC, зна­ме­на­тель: S_ABCD конец дроби = дробь: чис­ли­тель: S_BKC, зна­ме­на­тель: S_AKD минус S_KBC конец дроби = дробь: чис­ли­тель: S_BKC, зна­ме­на­тель: левая круг­лая скоб­ка 2 плюс ко­рень из: на­ча­ло ар­гу­мен­та: 3 конец ар­гу­мен­та пра­вая круг­лая скоб­ка в квад­ра­те S_KBC минус S_KBC конец дроби = дробь: чис­ли­тель: 1, зна­ме­на­тель: 7 плюс 4 ко­рень из: на­ча­ло ар­гу­мен­та: 3 конец ар­гу­мен­та минус 1 конец дроби = дробь: чис­ли­тель: 1, зна­ме­на­тель: 6 плюс 4 ко­рень из: на­ча­ло ар­гу­мен­та: 3 конец ар­гу­мен­та конец дроби = дробь: чис­ли­тель: 2 ко­рень из 3 минус 3, зна­ме­на­тель: 6 конец дроби . \"></span><span data-width=\"590\" data-formulahash=\"3dd357502bce19e8c35ad08bc8a9075a\" class=\"tex-span\" style=\"display:none\"><img src=\"https://ege.sdamgia.ru/formula/svg/18/18755ef1eb76f7de3fa4ada338e8c50d.svg\" class=\"tex\" style=\"vertical-align:-12.3pt\" alt=\" дробь: чис­ли­тель: S_BKC, зна­ме­на­тель: S_ABCD конец дроби = дробь: чис­ли­тель: S_BKC, зна­ме­на­тель: S_AKD минус S_KBC конец дроби = дробь: чис­ли­тель: S_BKC, зна­ме­на­тель: левая круг­лая скоб­ка 2 плюс ко­рень из: на­ча­ло ар­гу­мен­та: 3 конец ар­гу­мен­та пра­вая круг­лая скоб­ка в квад­ра­те S_KBC минус S_KBC конец дроби = \"><br><img src=\"https://ege.sdamgia.ru/formula/svg/93/9324f842053b7f1af8b03524a61ecb7d.svg\" class=\"tex\" style=\"vertical-align:-11.1pt\" alt=\"= дробь: чис­ли­тель: 1, зна­ме­на­тель: 7 плюс 4 ко­рень из: на­ча­ло ар­гу­мен­та: 3 конец ар­гу­мен­та минус 1 конец дроби = дробь: чис­ли­тель: 1, зна­ме­на­тель: 6 плюс 4 ко­рень из: на­ча­ло ар­гу­мен­та: 3 конец ар­гу­мен­та конец дроби = дробь: чис­ли­тель: 2 ко­рень из 3 минус 3, зна­ме­на­тель: 6 конец дроби . \"></span></p><p class=\"left_margin\"></p></center><p><span style=\"letter-spacing: 2px;\">Ответ:</span> б) <img src=\"https://ege.sdamgia.ru/formula/svg/a4/a4383785445e1bf66faecf02310ec8c3.svg\" class=\"tex\" style=\"vertical-align:-8.6pt\" alt=\" дробь: чис­ли­тель: 2 ко­рень из 3 минус 3, зна­ме­на­тель: 6 конец дроби . \"></p></div>",
        "image_urls": [
            "https://ege.sdamgia.ru/formula/svg/d8/d886397ac11614ce80889964911764a0.svg",
            "https://ege.sdamgia.ru/formula/svg/53/53091296932bc7090461d437d380917b.svg",
            "https://ege.sdamgia.ru/formula/svg/f9/f9a1c75bf1ee0b78241e67aef5553c36.svg",
            "https://ege.sdamgia.ru/formula/svg/d8/d8fbabceeea3e515bdd7d0defa574fa5.svg",
            "https://ege.sdamgia.ru/formula/svg/cf/cfb9f78d4fa4a0695e2d8bfecd653b3f.svg",
            "https://ege.sdamgia.ru/formula/svg/a2/a218b183751b614e66f14c82240dff3d.svg",
            "https://ege.sdamgia.ru/formula/svg/6c/6c69304444cfc14c42cbc5de3e7b19db.svg",
            "https://ege.sdamgia.ru/formula/svg/20/209ffc7a262c2fe0d4f16e49aab5ef3d.svg",
            "https://ege.sdamgia.ru/formula/svg/52/52f76affa878b0b5c89c6eefb87a82a7.svg",
            "https://ege.sdamgia.ru/formula/svg/a6/a6ee691d1add07149ddbbd724b7761b1.svg",
            "https://ege.sdamgia.ru/formula/svg/0f/0fa5fe0f9066c979a64b7d5f921db659.svg",
            "https://ege.sdamgia.ru/formula/svg/3d/3dd357502bce19e8c35ad08bc8a9075a.svg",
            "https://ege.sdamgia.ru/formula/svg/18/18755ef1eb76f7de3fa4ada338e8c50d.svg",
            "https://ege.sdamgia.ru/formula/svg/93/9324f842053b7f1af8b03524a61ecb7d.svg",
            "https://ege.sdamgia.ru/formula/svg/a4/a4383785445e1bf66faecf02310ec8c3.svg",
            "/get_file?id=197442"
        ]
    },
    "answer": "б)",
    "topic_id": 17,
    "analog_ids": []
}