{
    "gia_type": "ege",
    "subject": "math",
    "id": 525120,
    "condition": {
        "text": "Дана трапеция ABCD с основаниями BC и AD. Точки M и N являются серединами сторон AB и CD соответственно. Окружность, проходящая через точки B и С, пересекает отрезки BM и CN в точках P и Q (отличных от концов отрезков).а)  Докажите, что точки M, N, P и Q лежат на одной окружности.б)  Найдите QN, если отрезки DP и PC перпендикулярны, AB  =  21, BC  =  4, CD  =  20, AD  =  17.",
        "html": "<div align=\"justify\" width=\"100%\" id=\"body421308\" class=\"pbody\"><p class=\"left_margin\">Дана тра­пе­ция <i>ABCD</i> с ос­но­ва­ни­я­ми <i>BC</i> и <i>AD</i>. Точки <i>M</i> и <i>N</i> яв­ля­ют­ся се­ре­ди­на­ми сто­рон <i>AB</i> и <i>CD</i> со­от­вет­ствен­но. Окруж­ность, про­хо­дя­щая через точки <i>B</i> и <i>С</i>, пе­ре­се­ка­ет от­рез­ки <i>BM</i> и <i>CN</i> в точ­ках <i>P</i> и <i>Q</i> (от­лич­ных от кон­цов от­рез­ков).</p><p class=\"left_margin\">а)  До­ка­жи­те, что точки <i>M</i>, <i>N</i>, <i>P</i> и <i>Q</i> лежат на одной окруж­но­сти.</p><p class=\"left_margin\">б)  Най­ди­те <i>QN</i>, если от­рез­ки <i>DP</i> и <i>PC</i> пер­пен­ди­ку­ляр­ны, <i>AB</i>  =  21, <i>BC</i>  =  4, <i>CD</i>  =  20, <i>AD</i>  =  17.</p></div>",
        "image_urls": []
    },
    "solution": {
        "text": "Решение. a)  По условию, четырёхугольник PBCQ вписанный. Значит,  Отрезок MN  — средняя линия трапеции ABCD, она параллельна основанию  BC, а тогда  как односторонние углы при параллельных прямых. Следовательно,  Для смежных углов справедливо равенство  а значит,  В четырёхугольнике MPQN сумма противоположных углов равна 180°, поэтому вокруг него можно описать окружность. Тем самым, точки M, N, P и Q лежат на одной окружности, что и требовалось доказать. б)  Пусть  (эти углы равны как соответственные углы при параллельных прямых). В пункте а) было показано, что  это означает, что  и, следовательно, точки A, D, P и Q тоже лежат на одной окружности. Вписанные углы, опирающиеся на одну и ту же дугу окружности, равны. Следовательно,  и  Значит, треугольники DPC и AQB подобны по двум углам. Следовательно,  так как по условию DP и PC перпендикулярны. В прямоугольном треугольнике AQB точка M − середина гипотенузы. Следовательно,  С другой стороны, средняя линия трапеции  Значит, треугольник NMQ равнобедренный и в нём  Осталось найти косинус угла CDA. Для этого на отрезке AD отметим точку E, так что  тогда   Для треугольника CDE запишем теорему косинусов:  откуда выразим косинус угла CDE:   Итак,   Приведем другое решение пункта б):  Заметим, что раз треугольник PDC  — прямоугольный, то PN  =  CN  =  ND  =  10,   — средняя линия трапеции ABCD. Зная боковые стороны и основания трапеции, нетрудно найти ее высоту из треугольника CED со сторонами 21, 20 и 13:  Отсюда найдем   Теперь, так как  по теореме синусов для треугольника MPN, можем найти радиус окружности, описанной около MPQN:Так как  найдем MQ по теореме синусов для треугольника MQN: Таким образом, треугольник MQN  — равнобедренный:  Ответ: б) ",
        "html": "<div align=\"justify\" width=\"100%\" id=\"sol525120\" class=\"solution\" style=\"clear:both;\" class=\"pbody\"><p class=\"left_margin\"></p><b>Ре­ше­ние<!--rule_info-->. </b><p class=\"left_margin\"><img src=\"/get_file?id=147435\" style=\"float:right;margin:10px;max-width:100%\">a)  По усло­вию, четырёхуголь­ник <i>PBCQ</i> впи­сан­ный. Зна­чит, <img src=\"https://ege.sdamgia.ru/formula/svg/82/82c59a8b334d2e95a9421cd1535262a4.svg\" class=\"tex\" style=\"vertical-align:-3.0pt\" alt=\"\\angle BCQ плюс \\angle BPQ =180 гра­ду­сов.\"> От­ре­зок <i>MN</i>  — сред­няя линия тра­пе­ции <i>ABCD</i>, она па­рал­лель­на ос­но­ва­нию <i> BC</i>, а тогда <img src=\"https://ege.sdamgia.ru/formula/svg/f8/f8148a1a34a3bf2e8a72f060cfe9f940.svg\" class=\"tex\" style=\"vertical-align:-3.0pt\" alt=\"\\angle BCQ плюс \\angle QNM =180 гра­ду­сов \"> как од­но­сто­рон­ние углы при па­рал­лель­ных пря­мых. Сле­до­ва­тель­но, <img src=\"https://ege.sdamgia.ru/formula/svg/8c/8c5e98aa45dec28c7a25f07862426c2f.svg\" class=\"tex\" style=\"vertical-align:-2.9pt\" alt=\"\\angle BPQ =\\angle QNM.\"> Для смеж­ных углов спра­вед­ли­во ра­вен­ство <img src=\"https://ege.sdamgia.ru/formula/svg/25/250cf63af89bc608af5cc43fa1eb9b6e.svg\" class=\"tex\" style=\"vertical-align:-3.0pt\" alt=\"\\angle BPQ плюс \\angle MPQ=180 гра­ду­сов,\"> а зна­чит, <img src=\"https://ege.sdamgia.ru/formula/svg/e8/e8e83e9e8289ebc22e2a1a5958e4b699.svg\" class=\"tex\" style=\"vertical-align:-3.0pt\" alt=\"\\angle QNM плюс \\angle MPQ=180 гра­ду­сов.\"> В четырёхуголь­ни­ке <i>MPQN</i> сумма про­ти­во­по­лож­ных углов равна 180°, по­это­му во­круг него можно опи­сать окруж­ность. Тем самым, точки <i>M</i>, <i>N</i>, <i>P</i> и <i>Q</i> лежат на одной окруж­но­сти, что и тре­бо­ва­лось до­ка­зать. </p><p class=\"left_margin\">б)  Пусть <img src=\"https://ege.sdamgia.ru/formula/svg/26/265d084611534074e1e0747e618ab52f.svg\" class=\"tex\" style=\"vertical-align:-2.9pt\" alt=\"\\angle QNM = \\angle QDA= альфа \"> (эти углы равны как со­от­вет­ствен­ные углы при па­рал­лель­ных пря­мых). В пунк­те а) было по­ка­за­но, что <img src=\"https://ege.sdamgia.ru/formula/svg/4d/4d0fbae668ece347146062b9c9059552.svg\" class=\"tex\" style=\"vertical-align:-3.0pt\" alt=\"\\angle QNM плюс \\angle MPQ=180 гра­ду­сов,\"> это озна­ча­ет, что <img src=\"https://ege.sdamgia.ru/formula/svg/18/182fef9614a888482ee6f124dc58c3a0.svg\" class=\"tex\" style=\"vertical-align:-3.0pt\" alt=\"\\angle QDA плюс \\angle MPQ=180 гра­ду­сов,\"> и, сле­до­ва­тель­но, точки <i>A</i>, <i>D</i>, <i>P</i> и <i>Q</i> тоже лежат на одной окруж­но­сти. </p><p class=\"left_margin\">Впи­сан­ные углы, опи­ра­ю­щи­е­ся на одну и ту же дугу окруж­но­сти, равны. Сле­до­ва­тель­но, <img src=\"https://ege.sdamgia.ru/formula/svg/d0/d090316343f13a7874cb651612ed00c2.svg\" class=\"tex\" style=\"vertical-align:-2.9pt\" alt=\"\\angle PBQ = \\angle PCQ \"> и <img src=\"https://ege.sdamgia.ru/formula/svg/47/4764c1ab96dd0e0c97b0fe509f54d2fc.svg\" class=\"tex\" style=\"vertical-align:-2.9pt\" alt=\"\\angle PAQ = \\angle PDQ .\"> Зна­чит, тре­уголь­ни­ки <i>DPC</i> и <i>AQB</i> по­доб­ны по двум углам. Сле­до­ва­тель­но, <img src=\"https://ege.sdamgia.ru/formula/svg/be/be6f2ffea308fc092efd636c3173089f.svg\" class=\"tex\" style=\"vertical-align:-3.0pt\" alt=\"\\angle AQB = \\angle DPC = 90 гра­ду­сов,\"> так как по усло­вию <i>DP</i> и <i>PC</i> пер­пен­ди­ку­ляр­ны. </p><p><img src=\"/get_file?id=147434\" style=\"float:right;margin:10px;max-width:100%\">В пря­мо­уголь­ном тре­уголь­ни­ке <i>AQB</i> точка <i>M</i> − се­ре­ди­на ги­по­те­ну­зы. Сле­до­ва­тель­но, <img src=\"https://ege.sdamgia.ru/formula/svg/3b/3bfafc3f4feeb539d277e671fac97e52.svg\" class=\"tex\" style=\"vertical-align:-8.3pt\" alt=\"MQ= AM=MB= дробь: чис­ли­тель: AB, зна­ме­на­тель: 2 конец дроби = дробь: чис­ли­тель: 21, зна­ме­на­тель: 2 конец дроби =10,5. \"> С дру­гой сто­ро­ны, сред­няя линия тра­пе­ции <img src=\"https://ege.sdamgia.ru/formula/svg/2a/2aca3770711d64e03856c62c8877d2ba.svg\" class=\"tex\" style=\"vertical-align:-8.3pt\" alt=\"MN = дробь: чис­ли­тель: AD плюс BC, зна­ме­на­тель: 2 конец дроби = дробь: чис­ли­тель: 4 плюс 17, зна­ме­на­тель: 2 конец дроби =10,5. \"> Зна­чит, тре­уголь­ник <i>NMQ</i> рав­но­бед­рен­ный и в нём <img src=\"https://ege.sdamgia.ru/formula/svg/66/66c6a9320d3564be6cb18682a497ee2a.svg\" class=\"tex\" style=\"vertical-align:-3.0pt\" alt=\"QN= 2 умно­жить на MN умно­жить на ко­си­нус альфа = 21 ко­си­нус альфа .\"> Оста­лось найти ко­си­нус угла <i>CDA</i>. </p><p class=\"left_margin\">Для этого на от­рез­ке <i>AD</i> от­ме­тим точку <i>E</i>, так что <img src=\"https://ege.sdamgia.ru/formula/svg/e7/e7e0029ce783b150eb10949d02618870.svg\" class=\"tex\" style=\"vertical-align:-3.0pt\" alt=\"AE=BC=4,\"> тогда <img src=\"https://ege.sdamgia.ru/formula/svg/ad/ad068d05980f72dc39a2ae782f992495.svg\" class=\"tex\" style=\"vertical-align:-3.0pt\" alt=\"DE=13,\"> <img src=\"https://ege.sdamgia.ru/formula/svg/2a/2a59e14d7a8e91ab59f5331c8ac2f4b2.svg\" class=\"tex\" style=\"vertical-align:-1.8pt\" alt=\"CE=21.\"> Для тре­уголь­ни­ка <i>CDE</i> за­пи­шем тео­ре­му ко­си­ну­сов: <img src=\"https://ege.sdamgia.ru/formula/svg/df/dfd3035e3f7d303ad3ec1400807fcaa1.svg\" class=\"tex\" style=\"vertical-align:-3.0pt\" alt=\"CE в квад­ра­те =DE в квад­ра­те плюс CD в квад­ра­те минус 2DE умно­жить на CD умно­жить на ко­си­нус альфа ,\"> от­ку­да вы­ра­зим ко­си­нус угла <i>CDE</i>: </p><p class=\"left_margin\"></p><center><p><img src=\"https://ege.sdamgia.ru/formula/svg/86/86610bac2d3d2c592bed1f00d11721a4.svg\" class=\"tex\" style=\"vertical-align:-8.5pt\" alt=\" ко­си­нус альфа = дробь: чис­ли­тель: DE в квад­ра­те плюс CD в квад­ра­те минус CE в квад­ра­те , зна­ме­на­тель: 2DE умно­жить на CD конец дроби = дробь: чис­ли­тель: 13 в квад­ра­те плюс 20 в квад­ра­те минус 21 в квад­ра­те , зна­ме­на­тель: 2 умно­жить на 13 умно­жить на 20 конец дроби = дробь: чис­ли­тель: 16, зна­ме­на­тель: 65 конец дроби . \"> </p><p class=\"left_margin\"></p></center> <p class=\"left_margin\">Итак,</p><p class=\"left_margin\"></p><center><p><img src=\"https://ege.sdamgia.ru/formula/svg/3d/3d9e7595fd27c4450fb316e35b4107a2.svg\" class=\"tex\" style=\"vertical-align:-8.4pt\" alt=\"QN=21 ко­си­нус альфа =21 умно­жить на дробь: чис­ли­тель: 16, зна­ме­на­тель: 65 конец дроби = дробь: чис­ли­тель: 336, зна­ме­на­тель: 65 конец дроби . \"></p><p class=\"left_margin\"></p></center> <p>&nbsp;</p><p>&nbsp;</p><p><img src=\"/get_file?id=38690\" style=\"float:right;margin:10px;max-width:100%\">При­ве­дем дру­гое ре­ше­ние пунк­та б): </p><p>&nbsp;</p><p class=\"left_margin\">За­ме­тим, что раз тре­уголь­ник <i>PDC</i>  — пря­мо­уголь­ный, то <i>PN</i>  =  <i>CN</i>  =  <i>ND</i>  =  10, <img src=\"https://ege.sdamgia.ru/formula/svg/aa/aabe06b18a03d362520e5f00e5778eb1.svg\" class=\"tex\" style=\"vertical-align:-8.4pt\" alt=\"MN= дробь: чис­ли­тель: 17 плюс 4, зна­ме­на­тель: 2 конец дроби =10,5 \">  — сред­няя линия тра­пе­ции <i>ABCD</i>. Зная бо­ко­вые сто­ро­ны и ос­но­ва­ния тра­пе­ции, не­труд­но найти ее вы­со­ту из тре­уголь­ни­ка <i>CED</i> со сто­ро­на­ми 21, 20 и 13: <img src=\"https://ege.sdamgia.ru/formula/svg/58/58d8ebed03e3a7b5dba655fbdb1cec6f.svg\" class=\"tex\" style=\"vertical-align:-8.4pt\" alt=\"h= дробь: чис­ли­тель: 252, зна­ме­на­тель: 13 конец дроби . \"> От­сю­да най­дем <img src=\"https://ege.sdamgia.ru/formula/svg/80/801dca2490c849d2ba53b0986e3ec459.svg\" class=\"tex\" style=\"vertical-align:-8.5pt\" alt=\" синус \\angle BAD= дробь: чис­ли­тель: дробь: чис­ли­тель: 252, зна­ме­на­тель: 13 конец дроби , зна­ме­на­тель: 21 конец дроби = дробь: чис­ли­тель: 12, зна­ме­на­тель: 13 конец дроби , \"> <img src=\"https://ege.sdamgia.ru/formula/svg/a4/a42ff053aa139b8c8da4f32fd4f435fe.svg\" class=\"tex\" style=\"vertical-align:-8.5pt\" alt=\" синус \\angle CDA= дробь: чис­ли­тель: дробь: чис­ли­тель: 252, зна­ме­на­тель: 13 конец дроби , зна­ме­на­тель: 20 конец дроби = дробь: чис­ли­тель: 63, зна­ме­на­тель: 65 конец дроби . \"> Те­перь, так как <img src=\"https://ege.sdamgia.ru/formula/svg/aa/aaae2c6d9804294adc9b142a9debaa9a.svg\" class=\"tex\" style=\"vertical-align:-3.0pt\" alt=\"\\anglePMN=\\angleBAD,\"> по тео­ре­ме си­ну­сов для тре­уголь­ни­ка <i>MPN</i>, можем найти ра­ди­ус окруж­но­сти, опи­сан­ной около <i>MPQN</i>:</p><p class=\"left_margin\"></p><center><p><img src=\"https://ege.sdamgia.ru/formula/svg/9d/9dce545a7bdf9defa2790282fa06143a.svg\" class=\"tex\" style=\"vertical-align:-13.1pt\" alt=\"R= дробь: чис­ли­тель: PN, зна­ме­на­тель: 2 синус \\anglePMN конец дроби = дробь: чис­ли­тель: 10, зна­ме­на­тель: 2 умно­жить на дробь: чис­ли­тель: 12, зна­ме­на­тель: 13 конец дроби конец дроби = дробь: чис­ли­тель: 65, зна­ме­на­тель: 12 конец дроби . \"></p><p class=\"left_margin\"></p></center><p class=\"left_margin\">Так как <img src=\"https://ege.sdamgia.ru/formula/svg/4d/4d09b18f8bf7b5f8f80a89a378637186.svg\" class=\"tex\" style=\"vertical-align:-3.0pt\" alt=\"\\angleQNM=\\angleCDA,\"> най­дем <i>MQ</i> по тео­ре­ме си­ну­сов для тре­уголь­ни­ка <i>MQN</i>:</p><p class=\"left_margin\"></p><center><p> <img src=\"https://ege.sdamgia.ru/formula/svg/53/5313df07233b15867d0730cee29dbbe2.svg\" class=\"tex\" style=\"vertical-align:-8.4pt\" alt=\"MQ=2R синус \\angleQNM=2 умно­жить на дробь: чис­ли­тель: 65, зна­ме­на­тель: 12 конец дроби умно­жить на дробь: чис­ли­тель: 63, зна­ме­на­тель: 65 конец дроби = дробь: чис­ли­тель: 21, зна­ме­на­тель: 2 конец дроби . \"></p><p class=\"left_margin\"></p></center><p class=\"left_margin\">Таким об­ра­зом, тре­уголь­ник <i>MQN</i>  — рав­но­бед­рен­ный:</p><p class=\"left_margin\"></p><center><p><img src=\"https://ege.sdamgia.ru/formula/svg/5e/5e14ec77c9710ba8e15580aeb5a79ed1.svg\" class=\"tex\" style=\"vertical-align:-12.3pt\" alt=\"QN=2 умно­жить на MN умно­жить на ко­си­нус \\angleMNQ=2 умно­жить на дробь: чис­ли­тель: 21, зна­ме­на­тель: 2 конец дроби умно­жить на ко­рень из: на­ча­ло ар­гу­мен­та: 1 минус левая круг­лая скоб­ка дробь: чис­ли­тель: 63, зна­ме­на­тель: 65 конец дроби пра­вая круг­лая скоб­ка в квад­ра­те конец ар­гу­мен­та = \"></p><p>&nbsp;</p><p><img src=\"https://ege.sdamgia.ru/formula/svg/1b/1be64a497c99c5a20eafdfbe419ac3e9.svg\" class=\"tex\" style=\"vertical-align:-8.5pt\" alt=\"=21 умно­жить на дробь: чис­ли­тель: ко­рень из: на­ча­ло ар­гу­мен­та: 65 в квад­ра­те минус 63 в квад­ра­те конец ар­гу­мен­та , зна­ме­на­тель: 65 конец дроби = дробь: чис­ли­тель: 21, зна­ме­на­тель: 65 конец дроби ко­рень из: на­ча­ло ар­гу­мен­та: 2 умно­жить на 128 конец ар­гу­мен­та = дробь: чис­ли­тель: 21 умно­жить на 16, зна­ме­на­тель: 65 конец дроби = дробь: чис­ли­тель: 336, зна­ме­на­тель: 65 конец дроби . \"></p><p class=\"left_margin\"></p></center><p>&nbsp;</p><p><span style=\"letter-spacing: 2px;\">Ответ:</span> б) <img src=\"https://ege.sdamgia.ru/formula/svg/0f/0fefb648fa10d93d70185aa8ef03db7b.svg\" class=\"tex\" style=\"vertical-align:-8.4pt\" alt=\" дробь: чис­ли­тель: 336, зна­ме­на­тель: 65 конец дроби . \"></p></div>",
        "image_urls": [
            "https://ege.sdamgia.ru/formula/svg/82/82c59a8b334d2e95a9421cd1535262a4.svg",
            "https://ege.sdamgia.ru/formula/svg/f8/f8148a1a34a3bf2e8a72f060cfe9f940.svg",
            "https://ege.sdamgia.ru/formula/svg/8c/8c5e98aa45dec28c7a25f07862426c2f.svg",
            "https://ege.sdamgia.ru/formula/svg/25/250cf63af89bc608af5cc43fa1eb9b6e.svg",
            "https://ege.sdamgia.ru/formula/svg/e8/e8e83e9e8289ebc22e2a1a5958e4b699.svg",
            "https://ege.sdamgia.ru/formula/svg/26/265d084611534074e1e0747e618ab52f.svg",
            "https://ege.sdamgia.ru/formula/svg/4d/4d0fbae668ece347146062b9c9059552.svg",
            "https://ege.sdamgia.ru/formula/svg/18/182fef9614a888482ee6f124dc58c3a0.svg",
            "https://ege.sdamgia.ru/formula/svg/d0/d090316343f13a7874cb651612ed00c2.svg",
            "https://ege.sdamgia.ru/formula/svg/47/4764c1ab96dd0e0c97b0fe509f54d2fc.svg",
            "https://ege.sdamgia.ru/formula/svg/be/be6f2ffea308fc092efd636c3173089f.svg",
            "https://ege.sdamgia.ru/formula/svg/3b/3bfafc3f4feeb539d277e671fac97e52.svg",
            "https://ege.sdamgia.ru/formula/svg/2a/2aca3770711d64e03856c62c8877d2ba.svg",
            "https://ege.sdamgia.ru/formula/svg/66/66c6a9320d3564be6cb18682a497ee2a.svg",
            "https://ege.sdamgia.ru/formula/svg/e7/e7e0029ce783b150eb10949d02618870.svg",
            "https://ege.sdamgia.ru/formula/svg/ad/ad068d05980f72dc39a2ae782f992495.svg",
            "https://ege.sdamgia.ru/formula/svg/2a/2a59e14d7a8e91ab59f5331c8ac2f4b2.svg",
            "https://ege.sdamgia.ru/formula/svg/df/dfd3035e3f7d303ad3ec1400807fcaa1.svg",
            "https://ege.sdamgia.ru/formula/svg/86/86610bac2d3d2c592bed1f00d11721a4.svg",
            "https://ege.sdamgia.ru/formula/svg/3d/3d9e7595fd27c4450fb316e35b4107a2.svg",
            "https://ege.sdamgia.ru/formula/svg/aa/aabe06b18a03d362520e5f00e5778eb1.svg",
            "https://ege.sdamgia.ru/formula/svg/58/58d8ebed03e3a7b5dba655fbdb1cec6f.svg",
            "https://ege.sdamgia.ru/formula/svg/80/801dca2490c849d2ba53b0986e3ec459.svg",
            "https://ege.sdamgia.ru/formula/svg/a4/a42ff053aa139b8c8da4f32fd4f435fe.svg",
            "https://ege.sdamgia.ru/formula/svg/aa/aaae2c6d9804294adc9b142a9debaa9a.svg",
            "https://ege.sdamgia.ru/formula/svg/9d/9dce545a7bdf9defa2790282fa06143a.svg",
            "https://ege.sdamgia.ru/formula/svg/4d/4d09b18f8bf7b5f8f80a89a378637186.svg",
            "https://ege.sdamgia.ru/formula/svg/53/5313df07233b15867d0730cee29dbbe2.svg",
            "https://ege.sdamgia.ru/formula/svg/5e/5e14ec77c9710ba8e15580aeb5a79ed1.svg",
            "https://ege.sdamgia.ru/formula/svg/1b/1be64a497c99c5a20eafdfbe419ac3e9.svg",
            "https://ege.sdamgia.ru/formula/svg/0f/0fefb648fa10d93d70185aa8ef03db7b.svg",
            "/get_file?id=147435",
            "/get_file?id=147434",
            "/get_file?id=38690"
        ]
    },
    "answer": "б)",
    "topic_id": 17,
    "analog_ids": []
}