{
    "gia_type": "ege",
    "subject": "math",
    "id": 548803,
    "condition": {
        "text": "На боковой стороне CD трапеции ABCD отмечена точка M, которая является серединой этой стороны.а)  Докажите, что б)  На стороне CD отмечена точка K, такая, что  причем AD  =  2BC. Расстояние от точки D до прямой AB равно 10. Найдите расстояние от точки K до стороны AB.",
        "html": "<div align=\"justify\" width=\"100%\" id=\"body405823\" class=\"pbody\"><p class=\"left_margin\">На бо­ко­вой сто­ро­не <i>CD</i> тра­пе­ции <i>ABCD</i> от­ме­че­на точка <i>M</i>, ко­то­рая яв­ля­ет­ся се­ре­ди­ной этой сто­ро­ны.</p><p class=\"left_margin\">а)  До­ка­жи­те, что <img src=\"https://ege.sdamgia.ru/formula/svg/4d/4dcc441460b8e20e58bcd10d797bf9cb.svg\" class=\"tex\" style=\"vertical-align:-8.4pt\" alt=\"S_ABM= дробь: чис­ли­тель: 1, зна­ме­на­тель: 2 конец дроби S_ABCD. \"></p><p class=\"left_margin\">б)  На сто­ро­не <i>CD</i> от­ме­че­на точка <i>K</i>, такая, что <img src=\"https://ege.sdamgia.ru/formula/svg/21/218089fd9e59391a16703bbd196d934d.svg\" class=\"tex\" style=\"vertical-align:-8.4pt\" alt=\"S_BKC= дробь: чис­ли­тель: 1, зна­ме­на­тель: 2 конец дроби S_AKD, \"> при­чем <i>AD</i>  =  2<i>BC</i>. Рас­сто­я­ние от точки <i>D</i> до пря­мой <i>AB</i> равно 10. Най­ди­те рас­сто­я­ние от точки <i>K</i> до сто­ро­ны<i> AB</i>.</p></div>",
        "image_urls": [
            "https://ege.sdamgia.ru/formula/svg/4d/4dcc441460b8e20e58bcd10d797bf9cb.svg",
            "https://ege.sdamgia.ru/formula/svg/21/218089fd9e59391a16703bbd196d934d.svg"
        ]
    },
    "solution": {
        "text": "Решение. а)  Пусть высота трапеции равна 2h, тогда  Следовательно,б)  Продлим боковые стороны трапеции до пересечения в точке E. Так как  отрезок BC является средней линией треугольника AED. Заметим, что  откуда  Из равенства AD  =  2BC получаем, что  Таким образом, точка K лежит на средней линии трапеции. Тогда K  — середина CD. Из подобия прямоугольных треугольников DH1E и KH2E, где DH1 и KH2  — перпендикуляры к AB, имеем:  Таким образом, Ответ: б) ",
        "html": "<div align=\"justify\" width=\"100%\" id=\"sol548803\" class=\"solution\" style=\"clear:both;\" class=\"pbody\"><p class=\"left_margin\"></p><b>Ре­ше­ние<!--rule_info-->. </b><p class=\"left_margin\"><img src=\"/get_file?id=147467\" style=\"float:right;margin:10px;max-width:100%\"></p><p class=\"left_margin\">а)  Пусть вы­со­та тра­пе­ции равна 2<i>h</i>, тогда <img src=\"https://ege.sdamgia.ru/formula/svg/46/4695d66e77b5ee1cfff97ba15abe68ec.svg\" class=\"tex\" style=\"vertical-align:-3.6pt\" alt=\"d левая круг­лая скоб­ка M, AD пра­вая круг­лая скоб­ка =d левая круг­лая скоб­ка M, BC пра­вая круг­лая скоб­ка =h.\"> Сле­до­ва­тель­но,</p><p class=\"left_margin\"></p><center><p><img src=\"https://ege.sdamgia.ru/formula/svg/77/7785fffe07dba02edeb0d489d53cad1d.svg\" class=\"tex\" style=\"vertical-align:-2.5pt\" alt=\"S_ABM=S_ABCD минус S_BCM минус S_ADM=\"></p><p><span data-width=\"640\" data-formulahash=\"0d392ad2b277d5f699128a49ccbd466f\" class=\"tex-span\" style=\"\"><img src=\"https://ege.sdamgia.ru/formula/svg/0d/0d392ad2b277d5f699128a49ccbd466f.svg\" class=\"tex\" style=\"vertical-align:-8.4pt\" alt=\"= дробь: чис­ли­тель: AD плюс BC, зна­ме­на­тель: 2 конец дроби умно­жить на 2h минус дробь: чис­ли­тель: 1, зна­ме­на­тель: 2 конец дроби BC умно­жить на h минус дробь: чис­ли­тель: 1, зна­ме­на­тель: 2 конец дроби AD умно­жить на h= дробь: чис­ли­тель: 1, зна­ме­на­тель: 2 конец дроби левая круг­лая скоб­ка AD плюс BC пра­вая круг­лая скоб­ка h= дробь: чис­ли­тель: 1, зна­ме­на­тель: 2 конец дроби умно­жить на дробь: чис­ли­тель: AD плюс BC, зна­ме­на­тель: 2 конец дроби умно­жить на 2h= дробь: чис­ли­тель: 1, зна­ме­на­тель: 2 конец дроби S_ABCD. \"></span><span data-width=\"540\" data-formulahash=\"0d392ad2b277d5f699128a49ccbd466f\" class=\"tex-span\" style=\"display:none\"><img src=\"https://ege.sdamgia.ru/formula/svg/a7/a7ee18b447f3ff4d40396e2642ef3647.svg\" class=\"tex\" style=\"vertical-align:-8.3pt\" alt=\"= дробь: чис­ли­тель: AD плюс BC, зна­ме­на­тель: 2 конец дроби умно­жить на 2h минус дробь: чис­ли­тель: 1, зна­ме­на­тель: 2 конец дроби BC умно­жить на h минус дробь: чис­ли­тель: 1, зна­ме­на­тель: 2 конец дроби AD умно­жить на h= \"><br><img src=\"https://ege.sdamgia.ru/formula/svg/c1/c1964f06c5e10e0b5f6c10e4255c4f30.svg\" class=\"tex\" style=\"vertical-align:-8.3pt\" alt=\"= дробь: чис­ли­тель: 1, зна­ме­на­тель: 2 конец дроби левая круг­лая скоб­ка AD плюс BC пра­вая круг­лая скоб­ка h= дробь: чис­ли­тель: 1, зна­ме­на­тель: 2 конец дроби умно­жить на дробь: чис­ли­тель: AD плюс BC, зна­ме­на­тель: 2 конец дроби умно­жить на 2h= дробь: чис­ли­тель: 1, зна­ме­на­тель: 2 конец дроби S_ABCD. \"></span></p><p class=\"left_margin\"></p></center><p class=\"left_margin\">б)  Про­длим бо­ко­вые сто­ро­ны тра­пе­ции до пе­ре­се­че­ния в точке <i>E</i>. Так как <img src=\"https://ege.sdamgia.ru/formula/svg/ea/ea214d012c6003eac41204e807be82ec.svg\" class=\"tex\" style=\"vertical-align:-8.4pt\" alt=\"BC= дробь: чис­ли­тель: 1, зна­ме­на­тель: 2 конец дроби AD,\"> от­ре­зок <i>BC</i> яв­ля­ет­ся сред­ней ли­ни­ей тре­уголь­ни­ка <i>AED</i>. За­ме­тим, что <img src=\"https://ege.sdamgia.ru/formula/svg/02/021a4486632592f9bcfee4b670499a6a.svg\" class=\"tex\" style=\"vertical-align:-3.0pt\" alt=\"S_AKD=2S_BKC,\"> от­ку­да </p><p class=\"left_margin\"></p><center><p><img src=\"https://ege.sdamgia.ru/formula/svg/ad/ad5af4a3da5fb72e9616bcfe52c57221.svg\" class=\"tex\" style=\"vertical-align:-8.4pt\" alt=\" дробь: чис­ли­тель: 1, зна­ме­на­тель: 2 конец дроби AD умно­жить на d левая круг­лая скоб­ка K, AD пра­вая круг­лая скоб­ка =2 умно­жить на дробь: чис­ли­тель: 1, зна­ме­на­тель: 2 конец дроби BC умно­жить на d левая круг­лая скоб­ка K, BC пра­вая круг­лая скоб­ка .\"> </p><p class=\"left_margin\"></p></center><p class=\"left_margin\">Из ра­вен­ства <i>AD</i>  =  2<i>BC</i> по­лу­ча­ем, что <img src=\"https://ege.sdamgia.ru/formula/svg/f5/f52ee6f834da67c61575eb97b0c5bafd.svg\" class=\"tex\" style=\"vertical-align:-3.6pt\" alt=\"d левая круг­лая скоб­ка K, AD пра­вая круг­лая скоб­ка =d левая круг­лая скоб­ка K, BC пра­вая круг­лая скоб­ка .\"> Таким об­ра­зом, точка <i>K </i>лежит на сред­ней линии тра­пе­ции. Тогда <i>K</i>  — се­ре­ди­на <i>CD</i>. Из по­до­бия пря­мо­уголь­ных тре­уголь­ни­ков <i>DH</i><sub>1</sub><i>E</i> и <i>KH</i><sub>2</sub><i>E</i>, где <i>DH</i><sub>1</sub> и <i>KH</i><sub>2</sub>  — пер­пен­ди­ку­ля­ры к <i>AB</i>, имеем: </p><p class=\"left_margin\"></p><center><p><img src=\"https://ege.sdamgia.ru/formula/svg/d9/d9806a060d2116eeebf977775f6580b3.svg\" class=\"tex\" style=\"vertical-align:-3.6pt\" alt=\"d левая круг­лая скоб­ка K,AB пра­вая круг­лая скоб­ка :d левая круг­лая скоб­ка D,AB пра­вая круг­лая скоб­ка =KE:DE.\"> </p><p class=\"left_margin\"></p></center><p class=\"left_margin\">Таким об­ра­зом, </p><p class=\"left_margin\"></p><center><p><img src=\"https://ege.sdamgia.ru/formula/svg/aa/aa789f56d81488737042c7e5c70c6631.svg\" class=\"tex\" style=\"vertical-align:-8.4pt\" alt=\"d левая круг­лая скоб­ка K,AB пра­вая круг­лая скоб­ка =10 умно­жить на дробь: чис­ли­тель: KE, зна­ме­на­тель: DE конец дроби =10 умно­жить на дробь: чис­ли­тель: KC плюс CE, зна­ме­на­тель: 2CD конец дроби =10 умно­жить на дробь: чис­ли­тель: дробь: чис­ли­тель: 1, зна­ме­на­тель: 2 конец дроби CD плюс CD, зна­ме­на­тель: 2CD конец дроби =10 умно­жить на дробь: чис­ли­тель: 3, зна­ме­на­тель: 4 конец дроби = целая часть: 7, дроб­ная часть: чис­ли­тель: 1, зна­ме­на­тель: 2 \"></p><p class=\"left_margin\"></p></center><p><span style=\"letter-spacing: 2px;\">Ответ:</span> б) <img src=\"https://ege.sdamgia.ru/formula/svg/33/337a5ba12f062c131a6d5c8ffb3e53bd.svg\" class=\"tex\" style=\"vertical-align:-8.4pt\" alt=\" целая часть: 7, дроб­ная часть: чис­ли­тель: 1, зна­ме­на­тель: 2 .\"></p></div>",
        "image_urls": [
            "https://ege.sdamgia.ru/formula/svg/46/4695d66e77b5ee1cfff97ba15abe68ec.svg",
            "https://ege.sdamgia.ru/formula/svg/77/7785fffe07dba02edeb0d489d53cad1d.svg",
            "https://ege.sdamgia.ru/formula/svg/0d/0d392ad2b277d5f699128a49ccbd466f.svg",
            "https://ege.sdamgia.ru/formula/svg/a7/a7ee18b447f3ff4d40396e2642ef3647.svg",
            "https://ege.sdamgia.ru/formula/svg/c1/c1964f06c5e10e0b5f6c10e4255c4f30.svg",
            "https://ege.sdamgia.ru/formula/svg/ea/ea214d012c6003eac41204e807be82ec.svg",
            "https://ege.sdamgia.ru/formula/svg/02/021a4486632592f9bcfee4b670499a6a.svg",
            "https://ege.sdamgia.ru/formula/svg/ad/ad5af4a3da5fb72e9616bcfe52c57221.svg",
            "https://ege.sdamgia.ru/formula/svg/f5/f52ee6f834da67c61575eb97b0c5bafd.svg",
            "https://ege.sdamgia.ru/formula/svg/d9/d9806a060d2116eeebf977775f6580b3.svg",
            "https://ege.sdamgia.ru/formula/svg/aa/aa789f56d81488737042c7e5c70c6631.svg",
            "https://ege.sdamgia.ru/formula/svg/33/337a5ba12f062c131a6d5c8ffb3e53bd.svg",
            "/get_file?id=147467"
        ]
    },
    "answer": "б)",
    "topic_id": 17,
    "analog_ids": [
        548803,
        548810
    ]
}