{
    "gia_type": "ege",
    "subject": "math",
    "id": 558621,
    "condition": {
        "text": "В  выпуклом  четырехугольнике  KLMN  точки  P  и  Q  — середины  сторон  NK  и  LM соответственно. Диагональ КМ делит точкой пересечения отрезок PQ пополам. а)   Докажите,  что  площадь  четырехугольника  KLMN  в  4  раза  больше  площади треугольника PMN. б)   Найдите  синус  угла  между  диагоналями  четырехугольника,  вершинами которого  служат  середины  сторон  четырехугольника  KLMN,  если  площадь  PMN равна  KM  =  12, NL  =  8.",
        "html": "<div align=\"justify\" width=\"100%\" id=\"body452833\" class=\"pbody\"><p class=\"left_margin\">В  вы­пук­лом  че­ты­рех­уголь­ни­ке  <i>KLMN</i>  точки  <i>P</i>  и  <i>Q</i>  — се­ре­ди­ны  сто­рон  <i>NK</i>  и  <i>LM</i> со­от­вет­ствен­но. Диа­го­наль <i>КМ</i> делит точ­кой пе­ре­се­че­ния от­ре­зок <i>PQ</i> по­по­лам. </p><p class=\"left_margin\">а)   До­ка­жи­те,  что  пло­щадь  че­ты­рех­уголь­ни­ка  <i>KLMN</i>  в  4  раза  боль­ше  пло­ща­ди тре­уголь­ни­ка <i>PMN</i>. </p><p class=\"left_margin\">б)   Най­ди­те  синус  угла  между  диа­го­на­ля­ми  че­ты­рех­уголь­ни­ка,  вер­ши­на­ми ко­то­ро­го  слу­жат  се­ре­ди­ны  сто­рон  че­ты­рех­уголь­ни­ка  <i>KLMN</i>,  если  пло­щадь  <i>PMN</i> равна <img src=\"https://ege.sdamgia.ru/formula/svg/1b/1b3083f047e5e9d9ad61a0e245e198c4.svg\" class=\"tex\" style=\"vertical-align:-3.1pt\" alt=\"6 ко­рень из 3 ,\"> <i>KM</i>  =  12, <i>NL</i>  =  8.</p></div>",
        "image_urls": [
            "https://ege.sdamgia.ru/formula/svg/1b/1b3083f047e5e9d9ad61a0e245e198c4.svg"
        ]
    },
    "solution": {
        "text": "Решение. а)  Пусть точка B  — середина отрезка KL, точка C  — середина отрезка NM. Заметим, что по теореме о средней линии отрезки BP и QC параллельны диагонали LN и равны её половине. Поэтому PBQC  — параллелограмм. Его диагонали точкой пересечения делятся пополам. Значит, эта точка лежит на прямой KM. Обозначим эту точку A. Точки P и Q равноудалены от точки A, а значит, и от прямой KM. Таким образом, и вершины N и L равноудалены от прямой KM. Тем самым площади треугольников NKM и KLM равны. Следовательно,  Что и требовалось доказать. б)  Имеем:   Следовательно,  поэтому  Отсюда, по теореме косинусов, диагонали четырехугольника PBQC равны  Без ограничения общности можно считать, что   Далее, по формуле площади четырехугольника,  Получаем, что Ответ: ",
        "html": "<div align=\"justify\" width=\"100%\" id=\"sol558621\" class=\"solution\" style=\"clear:both;\" class=\"pbody\"><p class=\"left_margin\"></p><b>Ре­ше­ние<!--rule_info-->. </b><p class=\"left_margin\"><img src=\"/get_file?id=147871\" style=\"float:right;margin:10px;max-width:100%\"></p><p class=\"left_margin\">а)  Пусть точка <i>B</i>  — се­ре­ди­на от­рез­ка <i>KL</i>, точка <i>C</i>  — се­ре­ди­на от­рез­ка <i>NM</i>. За­ме­тим, что по тео­ре­ме о сред­ней линии от­рез­ки <i>BP</i> и <i>QC</i> па­рал­лель­ны диа­го­на­ли <i>LN</i> и равны её по­ло­ви­не. По­это­му <i>PBQC</i>  — па­рал­ле­ло­грамм. Его диа­го­на­ли точ­кой пе­ре­се­че­ния де­лят­ся по­по­лам. Зна­чит, эта точка лежит на пря­мой <i>KM</i>. Обо­зна­чим эту точку <i>A</i>. Точки <i>P</i> и <i>Q</i> рав­но­уда­ле­ны от точки <i>A</i>, а зна­чит, и от пря­мой <i>KM</i>. Таким об­ра­зом, и вер­ши­ны <i>N</i> и <i>L</i> рав­но­уда­ле­ны от пря­мой <i>KM</i>. Тем самым пло­ща­ди тре­уголь­ни­ков <i>NKM</i> и <i>KLM</i> равны. Сле­до­ва­тель­но, </p><p class=\"left_margin\"></p><center><p><img src=\"https://ege.sdamgia.ru/formula/svg/11/11ff22fe4c2a7d6117ed77d72f7b7cdd.svg\" class=\"tex\" style=\"vertical-align:-8.4pt\" alt=\"S_MPN= дробь: чис­ли­тель: 1, зна­ме­на­тель: 2 конец дроби S_NKM= дробь: чис­ли­тель: 1, зна­ме­на­тель: 4 конец дроби S_KLMN. \"></p><p class=\"left_margin\"></p></center><p> Что и тре­бо­ва­лось до­ка­зать. </p><p class=\"left_margin\">б)  Имеем:</p><p class=\"left_margin\"></p><center><p><img src=\"https://ege.sdamgia.ru/formula/svg/db/db1196c656d1d48672918c8e17b00126.svg\" class=\"tex\" style=\"vertical-align:-8.4pt\" alt=\"S_PBQC= дробь: чис­ли­тель: 1, зна­ме­на­тель: 2 конец дроби S_KLMN=2S_PMN=12 ко­рень из: на­ча­ло ар­гу­мен­та: 3 конец ар­гу­мен­та ,\"></p><p><img src=\"https://ege.sdamgia.ru/formula/svg/8f/8f89d20148aa2da0093a6ee4c8cdac4e.svg\" class=\"tex\" style=\"vertical-align:-8.4pt\" alt=\"PB= дробь: чис­ли­тель: 1, зна­ме­на­тель: 2 конец дроби NL=4,\"> <img src=\"https://ege.sdamgia.ru/formula/svg/2e/2e14864fcd8b5adf499e596f5eeaf2ab.svg\" class=\"tex\" style=\"vertical-align:-8.4pt\" alt=\"BQ= дробь: чис­ли­тель: 1, зна­ме­на­тель: 2 конец дроби KM=6,\"> </p><p><img src=\"https://ege.sdamgia.ru/formula/svg/f4/f420bc779687f1446e53e5f194c003c1.svg\" class=\"tex\" style=\"vertical-align:-4.0pt\" alt=\"S_PBQC=PB умно­жить на BQ умно­жить на синус \\angle PBQ=4 умно­жить на 6 умно­жить на синус \\angle PBQ.\"> </p><p class=\"left_margin\"></p></center><p class=\"left_margin\">Сле­до­ва­тель­но, <img src=\"https://ege.sdamgia.ru/formula/svg/bd/bdb2065fb202fe9254724f13364215d0.svg\" class=\"tex\" style=\"vertical-align:-8.5pt\" alt=\" синус \\angle PBQ= дробь: чис­ли­тель: ко­рень из: на­ча­ло ар­гу­мен­та: 3 конец ар­гу­мен­та , зна­ме­на­тель: 2 конец дроби , \"> по­это­му <img src=\"https://ege.sdamgia.ru/formula/svg/9c/9cf249ab227ea36961d3b29ba94551a2.svg\" class=\"tex\" style=\"vertical-align:-8.4pt\" alt=\" ко­си­нус \\angle PBQ=\\pm дробь: чис­ли­тель: 1, зна­ме­на­тель: 2 конец дроби . \"> От­сю­да, по тео­ре­ме ко­си­ну­сов, диа­го­на­ли че­ты­рех­уголь­ни­ка <i>PBQC</i> равны <img src=\"https://ege.sdamgia.ru/formula/svg/9d/9dcee4cf78bd1fc85bf4eef15674f7c0.svg\" class=\"tex\" style=\"vertical-align:-9.3pt\" alt=\" ко­рень из: на­ча­ло ар­гу­мен­та: 4 в квад­ра­те плюс 6 в квад­ра­те \\pm 2 умно­жить на 4 умно­жить на 6 умно­жить на дробь: чис­ли­тель: 1, зна­ме­на­тель: 2 конец дроби конец ар­гу­мен­та . \"> Без огра­ни­че­ния общ­но­сти можно счи­тать, что <img src=\"https://ege.sdamgia.ru/formula/svg/a7/a742778d979b36a70c8a42ff11bf9915.svg\" class=\"tex\" style=\"vertical-align:-3.0pt\" alt=\"PQ= ко­рень из: на­ча­ло ар­гу­мен­та: 76 конец ар­гу­мен­та ,\"> <img src=\"https://ege.sdamgia.ru/formula/svg/b1/b15bb333f71ed6bfd0dd6d71934fea54.svg\" class=\"tex\" style=\"vertical-align:-1.8pt\" alt=\"BC= ко­рень из: на­ча­ло ар­гу­мен­та: 28 конец ар­гу­мен­та .\"> Далее, по фор­му­ле пло­ща­ди че­ты­рех­уголь­ни­ка, </p><p class=\"left_margin\"></p><center><p><img src=\"https://ege.sdamgia.ru/formula/svg/c3/c3ebcabb61871ec7ec556d4c5ecf5e9b.svg\" class=\"tex\" style=\"vertical-align:-8.4pt\" alt=\"S_PBQC= дробь: чис­ли­тель: 1, зна­ме­на­тель: 2 конец дроби ко­рень из: на­ча­ло ар­гу­мен­та: 76 конец ар­гу­мен­та умно­жить на ко­рень из: на­ча­ло ар­гу­мен­та: 28 конец ар­гу­мен­та умно­жить на синус \\angle PAC. \"></p><p class=\"left_margin\"></p></center><p> По­лу­ча­ем, что </p><p class=\"left_margin\"></p><center><p><img src=\"https://ege.sdamgia.ru/formula/svg/78/78a954dae91d48aa4bd25d6d972a9928.svg\" class=\"tex\" style=\"vertical-align:-11.2pt\" alt=\" синус \\angle PAC= дробь: чис­ли­тель: 12 ко­рень из: на­ча­ло ар­гу­мен­та: 3 конец ар­гу­мен­та умно­жить на 2, зна­ме­на­тель: ко­рень из: на­ча­ло ар­гу­мен­та: 76 конец ар­гу­мен­та ко­рень из: на­ча­ло ар­гу­мен­та: 28 конец ар­гу­мен­та конец дроби = дробь: чис­ли­тель: 6 ко­рень из: на­ча­ло ар­гу­мен­та: 3 конец ар­гу­мен­та , зна­ме­на­тель: ко­рень из: на­ча­ло ар­гу­мен­та: 133 конец ар­гу­мен­та конец дроби . \"></p><p class=\"left_margin\"></p></center><p><span style=\"letter-spacing: 2px;\">Ответ:</span> <img src=\"https://ege.sdamgia.ru/formula/svg/4e/4ed5785c3e32b7237284818957bf8e76.svg\" class=\"tex\" style=\"vertical-align:-11.1pt\" alt=\" дробь: чис­ли­тель: 6 ко­рень из: на­ча­ло ар­гу­мен­та: 3 конец ар­гу­мен­та , зна­ме­на­тель: ко­рень из: на­ча­ло ар­гу­мен­та: 133 конец ар­гу­мен­та конец дроби . \"></p></div>",
        "image_urls": [
            "https://ege.sdamgia.ru/formula/svg/11/11ff22fe4c2a7d6117ed77d72f7b7cdd.svg",
            "https://ege.sdamgia.ru/formula/svg/db/db1196c656d1d48672918c8e17b00126.svg",
            "https://ege.sdamgia.ru/formula/svg/8f/8f89d20148aa2da0093a6ee4c8cdac4e.svg",
            "https://ege.sdamgia.ru/formula/svg/2e/2e14864fcd8b5adf499e596f5eeaf2ab.svg",
            "https://ege.sdamgia.ru/formula/svg/f4/f420bc779687f1446e53e5f194c003c1.svg",
            "https://ege.sdamgia.ru/formula/svg/bd/bdb2065fb202fe9254724f13364215d0.svg",
            "https://ege.sdamgia.ru/formula/svg/9c/9cf249ab227ea36961d3b29ba94551a2.svg",
            "https://ege.sdamgia.ru/formula/svg/9d/9dcee4cf78bd1fc85bf4eef15674f7c0.svg",
            "https://ege.sdamgia.ru/formula/svg/a7/a742778d979b36a70c8a42ff11bf9915.svg",
            "https://ege.sdamgia.ru/formula/svg/b1/b15bb333f71ed6bfd0dd6d71934fea54.svg",
            "https://ege.sdamgia.ru/formula/svg/c3/c3ebcabb61871ec7ec556d4c5ecf5e9b.svg",
            "https://ege.sdamgia.ru/formula/svg/78/78a954dae91d48aa4bd25d6d972a9928.svg",
            "https://ege.sdamgia.ru/formula/svg/4e/4ed5785c3e32b7237284818957bf8e76.svg",
            "/get_file?id=147871"
        ]
    },
    "answer": "",
    "topic_id": 17,
    "analog_ids": []
}