{
    "gia_type": "ege",
    "subject": "math",
    "id": 562252,
    "condition": {
        "text": "Точка M лежит на стороне BC выпуклого четырехугольника ABCD, AB  =  BM, MC  =  CD. Биссектрисы углов ABC и BCD пересекаются в точке P, лежащей на стороне AD.а)  Докажите, что четырехугольник ABCD  — параллелограмм или трапеция.б)  Найдите площадь четырехугольника ABCD, если известно, что BM : CM  =  1 : 3 и площадь четырехугольника, ограниченного прямыми AM, DM, BP и CP, равна 18.",
        "html": "<div align=\"justify\" width=\"100%\" id=\"body457392\" class=\"pbody\"><p class=\"left_margin\">Точка <i>M</i> лежит на сто­ро­не <i>BC</i> вы­пук­ло­го че­ты­рех­уголь­ни­ка <i>ABCD</i>, <i>AB</i>  =  <i>BM</i>, <i>MC</i>  =  <i>CD</i>. Бис­сек­три­сы углов <i>ABC</i> и <i>BCD</i> пе­ре­се­ка­ют­ся в точке <i>P</i>, ле­жа­щей на сто­ро­не <i>AD</i>.</p><p class=\"left_margin\">а)  До­ка­жи­те, что че­ты­рех­уголь­ник <i>ABCD</i>  — па­рал­ле­ло­грамм или тра­пе­ция.</p><p class=\"left_margin\">б)  Най­ди­те пло­щадь че­ты­рех­уголь­ни­ка <i>ABCD</i>, если из­вест­но, что <i>BM</i> : <i>CM</i>  =  1 : 3 и пло­щадь че­ты­рех­уголь­ни­ка, огра­ни­чен­но­го пря­мы­ми <i>AM</i>, <i>DM</i>, <i>BP</i> и <i>CP</i>, равна 18.</p></div>",
        "image_urls": []
    },
    "solution": {
        "text": "Решение. а)  Заметим, что равны треугольники ABP и BMP (по двум сторонам и углу между ними). Поэтому AP MP. Аналогично, равны треугольники CMP и CDP, поэтому DP  =  MP. Значит, в треугольнике AMD медиана MP равна половине стороны AD, поэтому угол AMD прямой. Угол BMA равен  угол CMD равен  Поэтому угол  Но одновременно с этим он прямой. Таким образом,  и прямые AB и CD параллельны.б)  Пусть прямая BP пересекает прямую AM в точке E, прямая CP пересекает прямую MD в точке F. Заметим, что BE  — биссектриса и высота треугольника ABM, аналогично CF  — биссектриса и высота треугольника MCD, поэтому получаем, что EMFP  — прямоугольник.Из подобия треугольников BME и BCP, а потом и из подобия треугольников CMF и CBP получаем, что EM : PC  =  1 : 4, MF : PB  =  3 : 4.По условию, EM · MF  =  18, значит, Площадь ABCD вдвое больше площади треугольника BPC, поэтому она равна  Ответ: 96.",
        "html": "<div align=\"justify\" width=\"100%\" id=\"sol562252\" class=\"solution\" style=\"clear:both;\" class=\"pbody\"><p class=\"left_margin\"></p><b>Ре­ше­ние<!--rule_info-->. </b><p class=\"left_margin\"><img src=\"/get_file?id=147936\" style=\"float:right;margin:10px;max-width:100%\"></p><p class=\"left_margin\">а)  За­ме­тим, что равны тре­уголь­ни­ки <i>ABP</i> и <i>BMP</i> (по двум сто­ро­нам и углу между ними). По­это­му <i>AP</i> <i>MP</i>. Ана­ло­гич­но, равны тре­уголь­ни­ки <i>CMP</i> и <i>CDP</i>, по­это­му <i>DP</i>  =  <i>MP</i>. Зна­чит, в тре­уголь­ни­ке <i>AMD</i> ме­ди­а­на <i>MP</i> равна по­ло­ви­не сто­ро­ны <i>AD</i>, по­это­му угол <i>AMD</i> пря­мой. Угол <i>BMA</i> равен <img src=\"https://ege.sdamgia.ru/formula/svg/84/84d5ad49bfebd0bf57d69615cdd1264c.svg\" class=\"tex\" style=\"vertical-align:-8.3pt\" alt=\"90 в сте­пе­ни левая круг­лая скоб­ка \\circ пра­вая круг­лая скоб­ка минус дробь: чис­ли­тель: \\angle B, зна­ме­на­тель: 2 конец дроби , \"> угол <i>CMD</i> равен <img src=\"https://ege.sdamgia.ru/formula/svg/8a/8a56270fd9ecbaa2952c53f2b9fd5cbb.svg\" class=\"tex\" style=\"vertical-align:-8.3pt\" alt=\"90 в сте­пе­ни левая круг­лая скоб­ка \\circ пра­вая круг­лая скоб­ка минус дробь: чис­ли­тель: \\angle C, зна­ме­на­тель: 2 конец дроби . \"> По­это­му угол <img src=\"https://ege.sdamgia.ru/formula/svg/3f/3f9c2e495e0c9fe829b435182a0e7fb7.svg\" class=\"tex\" style=\"vertical-align:-8.3pt\" alt=\"AMD= дробь: чис­ли­тель: \\angle B плюс \\angle C, зна­ме­на­тель: 2 конец дроби . \"> Но од­но­вре­мен­но с этим он пря­мой. Таким об­ра­зом, <img src=\"https://ege.sdamgia.ru/formula/svg/61/61bbdbcd04fb117938e84a0de45c223f.svg\" class=\"tex\" style=\"vertical-align:-1.8pt\" alt=\"\\angle B плюс \\angle C=180 в сте­пе­ни левая круг­лая скоб­ка \\circ пра­вая круг­лая скоб­ка \"> и пря­мые <i>AB</i> и <i>CD</i> па­рал­лель­ны.</p><p class=\"left_margin\">б)  Пусть пря­мая <i>BP</i> пе­ре­се­ка­ет пря­мую <i>AM</i> в точке <i>E</i>, пря­мая <i>CP</i> пе­ре­се­ка­ет пря­мую <i>MD</i> в точке <i>F</i>. За­ме­тим, что <i>BE</i>  — бис­сек­три­са и вы­со­та тре­уголь­ни­ка <i>ABM</i>, ана­ло­гич­но <i>CF</i>  — бис­сек­три­са и вы­со­та тре­уголь­ни­ка <i>MCD</i>, по­это­му по­лу­ча­ем, что <i>EMFP</i>  — пря­мо­уголь­ник.</p><p class=\"left_margin\">Из по­до­бия тре­уголь­ни­ков <i>BME</i> и <i>BCP</i>, а потом и из по­до­бия тре­уголь­ни­ков <i>CMF</i> и <i>CBP</i> по­лу­ча­ем, что <i>EM</i> : <i>PC</i>  =  1 : 4, <i>MF</i> : <i>PB</i>  =  3 : 4.</p><p class=\"left_margin\">По усло­вию, <i>EM</i> · <i>MF</i>  =  18, зна­чит,</p><p class=\"left_margin\"></p><center><p><img src=\"https://ege.sdamgia.ru/formula/svg/07/071a06b20f0a76d26eed5a999c9bddc9.svg\" class=\"tex\" style=\"vertical-align:-8.5pt\" alt=\"PC умно­жить на PB=18 умно­жить на дробь: чис­ли­тель: 4, зна­ме­на­тель: 1 конец дроби умно­жить на дробь: чис­ли­тель: 4, зна­ме­на­тель: 3 конец дроби =96. \"></p><p class=\"left_margin\"></p></center><p> Пло­щадь <i>ABCD</i> вдвое боль­ше пло­ща­ди тре­уголь­ни­ка <i>BPC</i>, по­это­му она равна <img src=\"https://ege.sdamgia.ru/formula/svg/f1/f1a33a7602c5c5b65b20bb8b275677f2.svg\" class=\"tex\" style=\"vertical-align:-1.8pt\" alt=\"BP умно­жить на PC=96.\"></p><p>&nbsp;</p><p><span style=\"letter-spacing: 2px;\">Ответ:</span> 96.</p></div>",
        "image_urls": [
            "https://ege.sdamgia.ru/formula/svg/84/84d5ad49bfebd0bf57d69615cdd1264c.svg",
            "https://ege.sdamgia.ru/formula/svg/8a/8a56270fd9ecbaa2952c53f2b9fd5cbb.svg",
            "https://ege.sdamgia.ru/formula/svg/3f/3f9c2e495e0c9fe829b435182a0e7fb7.svg",
            "https://ege.sdamgia.ru/formula/svg/61/61bbdbcd04fb117938e84a0de45c223f.svg",
            "https://ege.sdamgia.ru/formula/svg/07/071a06b20f0a76d26eed5a999c9bddc9.svg",
            "https://ege.sdamgia.ru/formula/svg/f1/f1a33a7602c5c5b65b20bb8b275677f2.svg",
            "/get_file?id=147936"
        ]
    },
    "answer": "96.",
    "topic_id": 17,
    "analog_ids": []
}