{
    "gia_type": "ege",
    "subject": "math",
    "id": 564706,
    "condition": {
        "text": "В  равнобедренной  трапеции  ABCD  длины  оснований  AD  и  BC  соответственно равны 4 и 3. Точки M и N лежат на диагонали BD, причем точка M расположена между точками B и N, а отрезки AM и CN перпендикулярны диагонали BD. а)  Докажите, что BN : DM  =  3 : 4. б)  Найдите длину отрезка CN, если известно, что BM : DN  =  2 : 3.",
        "html": "<div align=\"justify\" width=\"100%\" id=\"body455454\" class=\"pbody\"><p class=\"left_margin\">В  рав­но­бед­рен­ной  тра­пе­ции  <i>ABCD</i>  длины  ос­но­ва­ний  <i>AD</i>  и  <i>BC</i>  со­от­вет­ствен­но равны 4 и 3. Точки <i>M</i> и <i>N</i> лежат на диа­го­на­ли <i>BD</i>, при­чем точка <i>M</i> рас­по­ло­же­на между точ­ка­ми <i>B</i> и <i>N</i>, а от­рез­ки <i>AM</i> и <i>CN</i> пер­пен­ди­ку­ляр­ны диа­го­на­ли <i>BD</i>. </p><p class=\"left_margin\">а)  До­ка­жи­те, что <i>BN</i> : <i>DM</i>  =  3 : 4. </p><p class=\"left_margin\">б)  Най­ди­те длину от­рез­ка <i>CN</i>, если из­вест­но, что <i>BM</i> : <i>DN</i>  =  2 : 3.</p></div>",
        "image_urls": []
    },
    "solution": {
        "text": "Решение. а)  Заметим, что углы CBN и MDA  равны как накрестлежащие. Поэтому прямоугольные треугольники CBN и ADM подобны по острому углу. Значит, BN : DM  =  BC : AD  =  3 : 4. Что и требовалось доказать.б)  Пусть BM  =  x, MN  =  y, ND  =  z. Тогда из условия 3x  =  2z и 4(x + y)  =  3(y + z). Отсюда x  =  2y, z  =  3y. Пусть AM  =  4t, CN  =  3t. Тогда из теоремы Пифагора следует, что  Отсюда  Запишем теорему Пифагора для треугольника BNC:  Значит,  поэтому  следовательно,  а  Ответ: б) ",
        "html": "<div align=\"justify\" width=\"100%\" id=\"sol564706\" class=\"solution\" style=\"clear:both;\" class=\"pbody\"><p class=\"left_margin\"></p><b>Ре­ше­ние<!--rule_info-->. </b><p class=\"left_margin\"><img src=\"/get_file?id=147941\" style=\"float:right;margin:10px;max-width:100%\"></p><p class=\"left_margin\">а)  За­ме­тим, что углы <i>CBN</i> и <i>MDA </i> равны как на­крес­тле­жа­щие. По­это­му пря­мо­уголь­ные тре­уголь­ни­ки <i>CBN</i> и <i>ADM</i> по­доб­ны по остро­му углу. Зна­чит, <i>BN</i> : <i>DM</i>  =  <i>BC</i> : <i>AD</i>  =  3 : 4. Что и тре­бо­ва­лось до­ка­зать.</p><p class=\"left_margin\">б)  Пусть <i>BM</i>  =  <i>x</i>, <i>MN</i>  =  <i>y</i>, <i>ND</i>  =  <i>z</i>. Тогда из усло­вия 3<i>x</i>  =  2<i>z</i> и 4(<i>x</i> + <i>y</i>)  =  3(<i>y</i> + <i>z</i>). От­сю­да <i>x</i>  =  2<i>y</i>, <i>z</i>  =  3<i>y</i>. Пусть <i>AM</i>  =  4<i>t</i>, <i>CN</i>  =  3<i>t</i>. Тогда из тео­ре­мы Пи­фа­го­ра сле­ду­ет, что </p><p class=\"left_margin\"></p><center><p><img src=\"https://ege.sdamgia.ru/formula/svg/91/9166a4e1fb36739799d2c5b5cb03f08b.svg\" class=\"tex\" style=\"vertical-align:-3.6pt\" alt=\" левая круг­лая скоб­ка 4t пра­вая круг­лая скоб­ка в квад­ра­те плюс левая круг­лая скоб­ка 2y пра­вая круг­лая скоб­ка в квад­ра­те =AB в квад­ра­те =CD в квад­ра­те = левая круг­лая скоб­ка 3t пра­вая круг­лая скоб­ка в квад­ра­те плюс левая круг­лая скоб­ка 3y пра­вая круг­лая скоб­ка в квад­ра­те .\"></p><p class=\"left_margin\"></p></center><p> От­сю­да <img src=\"https://ege.sdamgia.ru/formula/svg/07/07b84d7b8503816bffb6cb7af4f88c5d.svg\" class=\"tex\" style=\"vertical-align:-3.0pt\" alt=\"7t в квад­ра­те =5y в квад­ра­те .\"> </p><p class=\"left_margin\">За­пи­шем тео­ре­му Пи­фа­го­ра для тре­уголь­ни­ка <i>BNC</i>: <img src=\"https://ege.sdamgia.ru/formula/svg/38/389b8ce360bbd928fde18d9b72dc7ef8.svg\" class=\"tex\" style=\"vertical-align:-3.6pt\" alt=\" левая круг­лая скоб­ка 3t пра­вая круг­лая скоб­ка в квад­ра­те плюс левая круг­лая скоб­ка 3y пра­вая круг­лая скоб­ка в квад­ра­те =3 в квад­ра­те .\"> Зна­чит, <img src=\"https://ege.sdamgia.ru/formula/svg/8f/8ffaab82cab71880ccf8997f27e4430d.svg\" class=\"tex\" style=\"vertical-align:-3.0pt\" alt=\"t в квад­ра­те плюс y в квад­ра­те =1,\"> по­это­му <img src=\"https://ege.sdamgia.ru/formula/svg/01/017b771f899bf0e08184cac1ff8aef3d.svg\" class=\"tex\" style=\"vertical-align:-8.5pt\" alt=\" дробь: чис­ли­тель: 12, зна­ме­на­тель: 5 конец дроби t в квад­ра­те =1, \"> сле­до­ва­тель­но, <img src=\"https://ege.sdamgia.ru/formula/svg/da/da41310fc2f807340ab2eaeeaf55a81f.svg\" class=\"tex\" style=\"vertical-align:-9.3pt\" alt=\"t= ко­рень из: на­ча­ло ар­гу­мен­та: дробь: чис­ли­тель: 5, зна­ме­на­тель: 12 конец дроби конец ар­гу­мен­та , \"> а <img src=\"https://ege.sdamgia.ru/formula/svg/e9/e942b7e43c85248de70e7cc4bdf6ec51.svg\" class=\"tex\" style=\"vertical-align:-8.5pt\" alt=\"CN=3t= дробь: чис­ли­тель: ко­рень из: на­ча­ло ар­гу­мен­та: 15 конец ар­гу­мен­та , зна­ме­на­тель: 2 конец дроби . \"></p><p>&nbsp;</p><p><span style=\"letter-spacing: 2px;\">Ответ:</span> б) <img src=\"https://ege.sdamgia.ru/formula/svg/1c/1c544edeb5c3cf9e0b7aa9043b265f91.svg\" class=\"tex\" style=\"vertical-align:-8.5pt\" alt=\" дробь: чис­ли­тель: ко­рень из: на­ча­ло ар­гу­мен­та: 15 конец ар­гу­мен­та , зна­ме­на­тель: 2 конец дроби . \"></p></div>",
        "image_urls": [
            "https://ege.sdamgia.ru/formula/svg/91/9166a4e1fb36739799d2c5b5cb03f08b.svg",
            "https://ege.sdamgia.ru/formula/svg/07/07b84d7b8503816bffb6cb7af4f88c5d.svg",
            "https://ege.sdamgia.ru/formula/svg/38/389b8ce360bbd928fde18d9b72dc7ef8.svg",
            "https://ege.sdamgia.ru/formula/svg/8f/8ffaab82cab71880ccf8997f27e4430d.svg",
            "https://ege.sdamgia.ru/formula/svg/01/017b771f899bf0e08184cac1ff8aef3d.svg",
            "https://ege.sdamgia.ru/formula/svg/da/da41310fc2f807340ab2eaeeaf55a81f.svg",
            "https://ege.sdamgia.ru/formula/svg/e9/e942b7e43c85248de70e7cc4bdf6ec51.svg",
            "https://ege.sdamgia.ru/formula/svg/1c/1c544edeb5c3cf9e0b7aa9043b265f91.svg",
            "/get_file?id=147941"
        ]
    },
    "answer": "б)",
    "topic_id": 17,
    "analog_ids": []
}