{
    "gia_type": "ege",
    "subject": "math",
    "id": 624026,
    "condition": {
        "text": "Точки L и N  — середины оснований соответственно BC и AD трапеции ABCD, а точки K и M  — середины диагоналей AC и BD соответственно. Известно, что прямые AB и CD перпендикулярны.а)  Докажите, что LN  =  KM.б)  Найдите  высоту  трапеции,  если  площадь  четырехугольника  KLMN  равна  60,  а разность оснований трапеции равна 26.",
        "html": "<div align=\"justify\" width=\"100%\" id=\"body519014\" class=\"pbody\"><p class=\"left_margin\">Точки <i>L</i> и <i>N</i>  — се­ре­ди­ны ос­но­ва­ний со­от­вет­ствен­но <i>BC</i> и <i>AD</i> тра­пе­ции <i>ABCD</i>, а точки <i>K</i> и <i>M</i>  — се­ре­ди­ны диа­го­на­лей <i>AC</i> и <i>BD</i> со­от­вет­ствен­но. Из­вест­но, что пря­мые <i>AB</i> и <i>CD</i> пер­пен­ди­ку­ляр­ны.</p><p class=\"left_margin\">а)  До­ка­жи­те, что <i>LN</i>  =  <i>KM</i>.</p><p class=\"left_margin\">б)  Най­ди­те  вы­со­ту  тра­пе­ции,  если  пло­щадь  че­ты­рех­уголь­ни­ка  <i>KLMN</i>  равна  60,  а раз­ность ос­но­ва­ний тра­пе­ции <nobr>равна 26.</nobr></p></div>",
        "image_urls": []
    },
    "solution": {
        "text": "Решение. а)  Заметим, что отрезок KL  — средняя линия треугольника ABC, отрезок LM  — средняя линия треугольника ВСD. Отсюда следует, что отрезки KL и MN равны и параллельны. Отсюда KLMN  — параллелограмм, отрезок MN  — средняя линия треугольника ABD, поэтому прямые MN и AB параллельны, прямые AB и CD перпендикулярны, прямые LM и CD параллельны, то есть прямая LM перпендикулярна прямой MN. Следовательно, четырехугольник KLMN  — прямоугольник, поэтому его диагонали равны. Что и требовалось доказать. б)  Пусть боковые стороны трапеции пересекаются в точке E. По свойству медианы прямоугольного треугольника   Отсюда  Таким образом, площадь прямоугольника KLMN равна 60, а его диагональ равна 13. Тогда по теореме Пифагора получаем, что стороны прямоугольника равны 5 и 12. Значит, боковые стороны трапеции равны 10 и 24. Высота трапеции равна высоте прямоугольного треугольника с катетами 10 и 24, проведенной к гипотенузе, равной  Таким образом, высота трапеции равна  Ответ: б) ",
        "html": "<div align=\"justify\" width=\"100%\" id=\"sol624026\" class=\"solution\" style=\"clear:both;\" class=\"pbody\"><p class=\"left_margin\"></p><b>Ре­ше­ние<!--rule_info-->. </b><p class=\"left_margin\"><img src=\"/get_file?id=147947\" style=\"float:right;margin:10px;max-width:100%\"></p><p class=\"left_margin\">а)  За­ме­тим, что от­ре­зок <i>KL</i>  — сред­няя линия тре­уголь­ни­ка <i>ABC</i>, от­ре­зок <i>LM</i>  — сред­няя линия тре­уголь­ни­ка <i>ВСD</i>. От­сю­да сле­ду­ет, что от­рез­ки <i>KL</i> и <i>MN</i> равны и па­рал­лель­ны. От­сю­да <i>KLMN</i>  — па­рал­ле­ло­грамм, от­ре­зок <i>MN</i>  — сред­няя линия тре­уголь­ни­ка <i>ABD</i>, по­это­му пря­мые <i>MN</i> и <i>AB</i> па­рал­лель­ны, пря­мые <i>AB</i> и <i>CD</i> пер­пен­ди­ку­ляр­ны, пря­мые <i>LM</i> и <i>CD</i> па­рал­лель­ны, то есть пря­мая <i>LM</i> пер­пен­ди­ку­ляр­на пря­мой <i>MN</i>. Сле­до­ва­тель­но, че­ты­рех­уголь­ник <i>KLMN</i>  — пря­мо­уголь­ник, по­это­му его диа­го­на­ли равны. Что и тре­бо­ва­лось до­ка­зать. </p><p class=\"left_margin\">б)  Пусть бо­ко­вые сто­ро­ны тра­пе­ции пе­ре­се­ка­ют­ся в точке <i>E</i>. По свой­ству ме­ди­а­ны пря­мо­уголь­но­го тре­уголь­ни­ка <img src=\"https://ege.sdamgia.ru/formula/svg/65/65fadee6afdf8fe07548895fe24ec698.svg\" class=\"tex\" style=\"vertical-align:-8.3pt\" alt=\"EL= дробь: чис­ли­тель: BC, зна­ме­на­тель: 2 конец дроби , \"> <img src=\"https://ege.sdamgia.ru/formula/svg/9a/9aba45bd6a44a9458680ecc3c4138ed3.svg\" class=\"tex\" style=\"vertical-align:-8.3pt\" alt=\"EN= дробь: чис­ли­тель: AD, зна­ме­на­тель: 2 конец дроби . \"> От­сю­да </p><p class=\"left_margin\"></p><center><p><img src=\"https://ege.sdamgia.ru/formula/svg/01/01d38ca10985523ddf965200665d7d00.svg\" class=\"tex\" style=\"vertical-align:-8.3pt\" alt=\"LN=EN минус EL= дробь: чис­ли­тель: BC минус AD, зна­ме­на­тель: 2 конец дроби = дробь: чис­ли­тель: 26, зна­ме­на­тель: 2 конец дроби =13. \"></p><p class=\"left_margin\"></p></center><p> Таким об­ра­зом, пло­щадь пря­мо­уголь­ни­ка <i>KLMN</i> равна 60, а его диа­го­наль равна 13. Тогда по тео­ре­ме Пи­фа­го­ра по­лу­ча­ем, что сто­ро­ны пря­мо­уголь­ни­ка равны 5 и 12. Зна­чит, бо­ко­вые сто­ро­ны тра­пе­ции равны 10 и 24. Вы­со­та тра­пе­ции равна вы­со­те пря­мо­уголь­но­го тре­уголь­ни­ка с ка­те­та­ми 10 и 24, про­ве­ден­ной к ги­по­те­ну­зе, рав­ной <img src=\"https://ege.sdamgia.ru/formula/svg/89/894cbf99636edb333cc2ee7754415755.svg\" class=\"tex\" style=\"vertical-align:-2.5pt\" alt=\" ко­рень из: на­ча­ло ар­гу­мен­та: 10 в квад­ра­те плюс 24 в квад­ра­те конец ар­гу­мен­та =26.\"> Таким об­ра­зом, вы­со­та тра­пе­ции равна <img src=\"https://ege.sdamgia.ru/formula/svg/e8/e87f3da0bfe61dd1f5c4392455ea09cd.svg\" class=\"tex\" style=\"vertical-align:-8.5pt\" alt=\" дробь: чис­ли­тель: 10 умно­жить на 24, зна­ме­на­тель: 26 конец дроби = дробь: чис­ли­тель: 120, зна­ме­на­тель: 13 конец дроби . \"></p><p>&nbsp;</p><p><span style=\"letter-spacing: 2px;\">Ответ:</span> б) <img src=\"https://ege.sdamgia.ru/formula/svg/66/6670845eb5c838142d86a3e3a434f24c.svg\" class=\"tex\" style=\"vertical-align:-8.5pt\" alt=\" дробь: чис­ли­тель: 120, зна­ме­на­тель: 13 конец дроби . \"></p></div>",
        "image_urls": [
            "https://ege.sdamgia.ru/formula/svg/65/65fadee6afdf8fe07548895fe24ec698.svg",
            "https://ege.sdamgia.ru/formula/svg/9a/9aba45bd6a44a9458680ecc3c4138ed3.svg",
            "https://ege.sdamgia.ru/formula/svg/01/01d38ca10985523ddf965200665d7d00.svg",
            "https://ege.sdamgia.ru/formula/svg/89/894cbf99636edb333cc2ee7754415755.svg",
            "https://ege.sdamgia.ru/formula/svg/e8/e87f3da0bfe61dd1f5c4392455ea09cd.svg",
            "https://ege.sdamgia.ru/formula/svg/66/6670845eb5c838142d86a3e3a434f24c.svg",
            "/get_file?id=147947"
        ]
    },
    "answer": "б)",
    "topic_id": 17,
    "analog_ids": []
}