{
    "gia_type": "ege",
    "subject": "math",
    "id": 626508,
    "condition": {
        "text": "В  параллелограмме  ABCD  проведены  биссектрисы  всех  внутренних  углов. Четырехугольник,  образованный  точками  пересечения  этих  биссектрис,  имеет площадь, равную двум третям площади параллелограмма ABCD. а)  Докажите,  что  четырехугольник,  образованный  точками  пересечения  биссектрис всех внутренних углов параллелограмма ABCD, является прямоугольником.б)  Найдите отношение длин большей и меньшей сторон параллелограмма ABCD.",
        "html": "<div align=\"justify\" width=\"100%\" id=\"body516528\" class=\"pbody\"><p class=\"left_margin\">В  па­рал­ле­ло­грам­ме  <i>ABCD</i>  про­ве­де­ны  бис­сек­три­сы  всех  внут­рен­них  углов. Че­ты­рех­уголь­ник,  об­ра­зо­ван­ный  точ­ка­ми  пе­ре­се­че­ния  этих  бис­сек­трис,  имеет пло­щадь, рав­ную двум тре­тям пло­ща­ди па­рал­ле­ло­грам­ма <i>ABCD</i>. </p><p class=\"left_margin\">а)  До­ка­жи­те,  что  че­ты­рех­уголь­ник,  об­ра­зо­ван­ный  точ­ка­ми  пе­ре­се­че­ния  бис­сек­трис всех внут­рен­них углов па­рал­ле­ло­грам­ма <i>ABCD</i>, яв­ля­ет­ся пря­мо­уголь­ни­ком.</p><p class=\"left_margin\">б)  Най­ди­те от­но­ше­ние длин боль­шей и мень­шей сто­рон па­рал­ле­ло­грам­ма <i>ABCD</i>.</p></div>",
        "image_urls": []
    },
    "solution": {
        "text": "Решение. а)  Пусть биссектрисы углов параллелограмма пересекаются в точках F, G, E и H. По свойству параллелограмма сумма углов A и B равна 180°. Тогда сумма углов HAB и HBA равна  Значит, угол AHB тоже равен 90°. Поэтому угол четырехугольника с вершиной H  — прямой. Аналогично остальные углы этого четырехугольника прямые. Что и требовалось доказать. б)  Пусть стороны параллелограмма ABCD равны a и b (a > b). Угол между ними равен α. Пусть прямая FG пересекает сторону AD в точке K. Угол DKC равен углу ACB и углу ACD. Тогда треугольник KDC равнобедренный (по двум равным углам), значит, KD  =  DC. Точки G и H лежат на пересечении биссектрис углов C, D и A, B соответственно. Значит, обе они равноудалены от прямых AD и BC. Поэтому прямые GH и AK параллельны. Прямые AH и KG параллельны как биссектрисы противоположных углов параллелограмма. Значит, GHAK параллелограмм и  Тогда и вторая диагональ прямоугольника равна a − b. Прямые GH и EF параллельны сторонам ABCD, поэтому угол между ними равен α. Тогда площадь прямоугольника равна  Из условия получаем равенство:  Упрощая, получаем равенство  откуда a  =  3b. Ответ: б) 3 : 1.",
        "html": "<div align=\"justify\" width=\"100%\" id=\"sol626508\" class=\"solution\" style=\"clear:both;\" class=\"pbody\"><p class=\"left_margin\"></p><b>Ре­ше­ние<!--rule_info-->. </b><p class=\"left_margin\"><img src=\"/get_file?id=147951\" style=\"float:right;margin:10px;max-width:100%\"></p><p class=\"left_margin\">а)  Пусть бис­сек­три­сы углов па­рал­ле­ло­грам­ма пе­ре­се­ка­ют­ся в точ­ках <i>F</i>, <i>G</i>, <i>E</i> и <i>H</i>. По свой­ству па­рал­ле­ло­грам­ма сумма углов <i>A</i> и <i>B</i> равна 180°. Тогда сумма углов <i>HAB</i> и <i>HBA</i> равна <img src=\"https://ege.sdamgia.ru/formula/svg/21/21b150f4deef28f37d26424ee1366120.svg\" class=\"tex\" style=\"vertical-align:-8.4pt\" alt=\" дробь: чис­ли­тель: 180 в сте­пе­ни левая круг­лая скоб­ка \\circ пра­вая круг­лая скоб­ка , зна­ме­на­тель: 2 конец дроби =90 в сте­пе­ни левая круг­лая скоб­ка \\circ пра­вая круг­лая скоб­ка . \"> Зна­чит, угол <i>AHB</i> тоже равен 90°. По­это­му угол че­ты­рех­уголь­ни­ка с вер­ши­ной <i>H</i>  — пря­мой. Ана­ло­гич­но осталь­ные углы этого че­ты­рех­уголь­ни­ка пря­мые. Что и тре­бо­ва­лось до­ка­зать. </p><p class=\"left_margin\">б)  Пусть сто­ро­ны па­рал­ле­ло­грам­ма <i>ABCD</i> равны <i>a</i> и <i>b</i> (<i>a</i> &gt; <i>b</i>). Угол между ними равен α. Пусть пря­мая <i>FG</i> пе­ре­се­ка­ет сто­ро­ну <i>AD</i> в точке <i>K</i>. Угол <i>DKC</i> равен углу <i>ACB</i> и углу <i>ACD</i>. Тогда тре­уголь­ник <i>KDC</i> рав­но­бед­рен­ный (по двум рав­ным углам), зна­чит, <i>KD</i>  =  <i>DC</i>. Точки <i>G</i> и <i>H</i> лежат на пе­ре­се­че­нии бис­сек­трис углов <i>C</i>, <i>D</i> и <i>A</i>, <i>B</i> со­от­вет­ствен­но. Зна­чит, обе они рав­но­уда­ле­ны от пря­мых <i>AD</i> и <i>BC</i>. По­это­му пря­мые <i>GH</i> и <i>AK</i> па­рал­лель­ны. Пря­мые <i>AH</i> и <i>KG</i> па­рал­лель­ны как бис­сек­три­сы про­ти­во­по­лож­ных углов па­рал­ле­ло­грам­ма. Зна­чит, <i>GHAK</i> па­рал­ле­ло­грамм и <img src=\"https://ege.sdamgia.ru/formula/svg/9c/9cb42cbb5cd74e45d74714e127ad520f.svg\" class=\"tex\" style=\"vertical-align:-1.8pt\" alt=\"GH=AK=a минус b.\"> Тогда и вто­рая диа­го­наль пря­мо­уголь­ни­ка равна <i>a</i> − <i>b</i>. Пря­мые <i>GH</i> и <i>EF</i> па­рал­лель­ны сто­ро­нам <i>ABCD</i>, по­это­му угол между ними равен α. Тогда пло­щадь пря­мо­уголь­ни­ка равна <img src=\"https://ege.sdamgia.ru/formula/svg/2b/2bd3cb51cd08b4b44714428a3eb7114d.svg\" class=\"tex\" style=\"vertical-align:-8.4pt\" alt=\" дробь: чис­ли­тель: 1, зна­ме­на­тель: 2 конец дроби левая круг­лая скоб­ка b минус a пра­вая круг­лая скоб­ка в квад­ра­те синус альфа . \"> Из усло­вия по­лу­ча­ем ра­вен­ство: <img src=\"https://ege.sdamgia.ru/formula/svg/3e/3e2b3f24078b7b11c3208cca4df0327d.svg\" class=\"tex\" style=\"vertical-align:-8.5pt\" alt=\" дробь: чис­ли­тель: 2, зна­ме­на­тель: 3 конец дроби ab= дробь: чис­ли­тель: 1, зна­ме­на­тель: 2 конец дроби левая круг­лая скоб­ка b минус a пра­вая круг­лая скоб­ка в квад­ра­те . \"> Упро­щая, по­лу­ча­ем ра­вен­ство <img src=\"https://ege.sdamgia.ru/formula/svg/fd/fd01c8d76e5db536e28fdf5c4c6fdc38.svg\" class=\"tex\" style=\"vertical-align:-3.0pt\" alt=\"3a в квад­ра­те минус 10ab плюс 3b в квад­ра­те =0,\"> от­ку­да <i>a</i>  =  3<i>b</i>.</p><p>&nbsp;</p><p><span style=\"letter-spacing: 2px;\">Ответ:</span> б) 3 : 1.</p></div>",
        "image_urls": [
            "https://ege.sdamgia.ru/formula/svg/21/21b150f4deef28f37d26424ee1366120.svg",
            "https://ege.sdamgia.ru/formula/svg/9c/9cb42cbb5cd74e45d74714e127ad520f.svg",
            "https://ege.sdamgia.ru/formula/svg/2b/2bd3cb51cd08b4b44714428a3eb7114d.svg",
            "https://ege.sdamgia.ru/formula/svg/3e/3e2b3f24078b7b11c3208cca4df0327d.svg",
            "https://ege.sdamgia.ru/formula/svg/fd/fd01c8d76e5db536e28fdf5c4c6fdc38.svg",
            "/get_file?id=147951"
        ]
    },
    "answer": "б) 3 : 1.",
    "topic_id": 17,
    "analog_ids": []
}