{
    "gia_type": "ege",
    "subject": "math",
    "id": 628029,
    "condition": {
        "text": "Дана равнобедренная трапеция ABCD. На боковой стороне AB и большем основании AD взяты соответственно точки F и E так, что  FE параллельно CD, а   а)  Докажите, что угол BCF равен углу AFE.\tб)  Найдите площадь трапеции ABCD , если   и площадь трапеции FCDE равна ",
        "html": "<div align=\"justify\" width=\"100%\" id=\"body523201\" class=\"pbody\"><p class=\"left_margin\">Дана рав­но­бед­рен­ная тра­пе­ция <i>ABCD</i>. На бо­ко­вой сто­ро­не <i>AB</i> и боль­шем ос­но­ва­нии <i>AD</i> взяты со­от­вет­ствен­но точки <i>F</i> и <i>E</i> так, что  <i>FE</i> па­рал­лель­но <i>CD</i>, а <img src=\"https://ege.sdamgia.ru/formula/svg/a4/a4bdb1e15edc6f2026e96fefe8f6f108.svg\" class=\"tex\" style=\"vertical-align:-1.8pt\" alt=\"FC=ED.\">  </p><p class=\"left_margin\">а)  До­ка­жи­те, что угол <i>BCF</i> равен углу <i>AFE</i>.\t</p><p class=\"left_margin\">б)  Най­ди­те пло­щадь тра­пе­ции <i>ABCD </i>, если <img src=\"https://ege.sdamgia.ru/formula/svg/72/721f9b51fa51ae592fec3e2edc418f7c.svg\" class=\"tex\" style=\"vertical-align:-3.0pt\" alt=\"DE=5BF,\"> <img src=\"https://ege.sdamgia.ru/formula/svg/7f/7f90121d2250fc729d50aa0845c09d0f.svg\" class=\"tex\" style=\"vertical-align:-1.8pt\" alt=\"FE=8\"> и пло­щадь тра­пе­ции <i>FCDE</i> равна <img src=\"https://ege.sdamgia.ru/formula/svg/ad/adbbb5cf98e02da304073842e5278f35.svg\" class=\"tex\" style=\"vertical-align:-1.8pt\" alt=\"27 ко­рень из: на­ча­ло ар­гу­мен­та: 11 конец ар­гу­мен­та .\"></p></div>",
        "image_urls": [
            "https://ege.sdamgia.ru/formula/svg/a4/a4bdb1e15edc6f2026e96fefe8f6f108.svg",
            "https://ege.sdamgia.ru/formula/svg/72/721f9b51fa51ae592fec3e2edc418f7c.svg",
            "https://ege.sdamgia.ru/formula/svg/7f/7f90121d2250fc729d50aa0845c09d0f.svg",
            "https://ege.sdamgia.ru/formula/svg/ad/adbbb5cf98e02da304073842e5278f35.svg"
        ]
    },
    "solution": {
        "text": "Решение.  а)  Из условия следует, что FCDE равнобедренная трапеция. Пусть угол AFE равен 2α. Так как углы FEA, CDE и FAE равны, то  и Таким образом,  Что и требовалось доказать.б)  Пусть   угол D равен β, тогда   следовательно,   Пусть EH  — высота трапеции CFED, тогда Вычислим площадь трапеции CFED:Вычислим длину AE:  следовательно,  Аналогичным способом вычислим длину BC: Высота трапеции ABCD равна  Тогда  Ответ: ",
        "html": "<div align=\"justify\" width=\"100%\" id=\"sol628029\" class=\"solution\" style=\"clear:both;\" class=\"pbody\"><p class=\"left_margin\"></p><b>Ре­ше­ние<!--rule_info-->. </b><p class=\"left_margin\"><img src=\"/get_file?id=105308\" style=\"float:right;margin:10px;max-width:100%\"> а)  Из усло­вия сле­ду­ет, что <i>FCDE</i> рав­но­бед­рен­ная тра­пе­ция. Пусть угол <i>AFE</i> равен 2α. Так как углы <i>FEA</i>, <i>CDE</i> и <i>FAE</i> равны, то <img src=\"https://ege.sdamgia.ru/formula/svg/8d/8d16eaf72efd793893eb1a4771e739cd.svg\" class=\"tex\" style=\"vertical-align:-1.8pt\" alt=\" \\angle FAE=90 гра­ду­сов минус альфа = \\angle CDE = \\angle DCF\"> и </p><p class=\"left_margin\"></p><center><p><img src=\"https://ege.sdamgia.ru/formula/svg/bf/bfbeba30a681b3746906544b92aeaad2.svg\" class=\"tex\" style=\"vertical-align:-3.6pt\" alt=\" \\angle BCD = 180 гра­ду­сов минус \\angle ADC=180 гра­ду­сов минус левая круг­лая скоб­ка 90 гра­ду­сов минус альфа пра­вая круг­лая скоб­ка = 90 гра­ду­сов плюс альфа .\"></p><p class=\"left_margin\"></p></center><p class=\"left_margin\">Таким об­ра­зом, </p><p class=\"left_margin\"></p><center><p><img src=\"https://ege.sdamgia.ru/formula/svg/78/78ff56e9062c3f352e093f3b2e2fe344.svg\" class=\"tex\" style=\"vertical-align:-3.6pt\" alt=\" \\angle BCF = 90 гра­ду­сов плюс альфа минус \\angle DCF=90 гра­ду­сов плюс альфа минус левая круг­лая скоб­ка 90 гра­ду­сов минус альфа пра­вая круг­лая скоб­ка = 2 альфа = \\angle AFE.\"></p><p class=\"left_margin\"></p></center><p> Что и тре­бо­ва­лось до­ка­зать.</p><p class=\"left_margin\">б)  Пусть <img src=\"https://ege.sdamgia.ru/formula/svg/38/383b3e69cb307a8b11e0864d316d83f6.svg\" class=\"tex\" style=\"vertical-align:-3.0pt\" alt=\"BF=x,\"> <img src=\"https://ege.sdamgia.ru/formula/svg/3b/3b8092d1bd9a3f8628271bffc73947fc.svg\" class=\"tex\" style=\"vertical-align:-3.0pt\" alt=\"DE=CF=5x,\"> угол <i>D</i> равен β, тогда <img src=\"https://ege.sdamgia.ru/formula/svg/60/605f9ca102cdb434b3c80dc10ace8f8b.svg\" class=\"tex\" style=\"vertical-align:-3.3pt\" alt=\"CD=2 умно­жить на 5x ко­си­нус бета плюс 8,\"> <img src=\"https://ege.sdamgia.ru/formula/svg/42/42f5a1816fcb714c8b77b4dd7fa0627e.svg\" class=\"tex\" style=\"vertical-align:-3.0pt\" alt=\"AB=8 плюс x,\"> сле­до­ва­тель­но, <img src=\"https://ege.sdamgia.ru/formula/svg/c7/c7818838af4c62299c616bd9f46a8bbf.svg\" class=\"tex\" style=\"vertical-align:-3.3pt\" alt=\"10x ко­си­нус бета плюс 8 = 8 плюс x,\"> <img src=\"https://ege.sdamgia.ru/formula/svg/f1/f17ef7e2442cc0515155a77fdc503e96.svg\" class=\"tex\" style=\"vertical-align:-8.5pt\" alt=\" ко­си­нус бета = дробь: чис­ли­тель: 1, зна­ме­на­тель: 10 конец дроби . \"> Пусть <i>EH</i>  — вы­со­та тра­пе­ции <i>CFED</i>, тогда </p><p class=\"left_margin\"></p><center><p><img src=\"https://ege.sdamgia.ru/formula/svg/31/31bd9341b29d77e1f868fa8122c6a8ef.svg\" class=\"tex\" style=\"vertical-align:-9.4pt\" alt=\"EH = ED умно­жить на синус бета = 5x умно­жить на ко­рень из: на­ча­ло ар­гу­мен­та: 1 минус дробь: чис­ли­тель: 1, зна­ме­на­тель: 100 конец дроби конец ар­гу­мен­та = дробь: чис­ли­тель: x ко­рень из: на­ча­ло ар­гу­мен­та: 99 конец ар­гу­мен­та , зна­ме­на­тель: 2 конец дроби = дробь: чис­ли­тель: 3 ко­рень из: на­ча­ло ар­гу­мен­та: 11 конец ар­гу­мен­та x, зна­ме­на­тель: 2 конец дроби . \"></p><p class=\"left_margin\"></p></center><p class=\"left_margin\">Вы­чис­лим пло­щадь тра­пе­ции <i>CFED</i>:</p><p class=\"left_margin\"></p><center><p><span data-width=\"640\" data-formulahash=\"21b77b13666aa323582388f898256bbf\" class=\"tex-span\" style=\"\"><img src=\"https://ege.sdamgia.ru/formula/svg/21/21b77b13666aa323582388f898256bbf.svg\" class=\"tex\" style=\"vertical-align:-8.4pt\" alt=\"S_CFED= дробь: чис­ли­тель: FE плюс CD, зна­ме­на­тель: 2 конец дроби умно­жить на EH= дробь: чис­ли­тель: 8 плюс 8 плюс x, зна­ме­на­тель: 2 конец дроби умно­жить на дробь: чис­ли­тель: 3 ко­рень из: на­ча­ло ар­гу­мен­та: 11 конец ар­гу­мен­та x, зна­ме­на­тель: 2 конец дроби = 27 ко­рень из: на­ча­ло ар­гу­мен­та: 11 конец ар­гу­мен­та \\Rightarrow x левая круг­лая скоб­ка x плюс 16 пра­вая круг­лая скоб­ка = 36 \\Rightarrow x=2. \"></span><span data-width=\"515\" data-formulahash=\"21b77b13666aa323582388f898256bbf\" class=\"tex-span\" style=\"display:none\"><img src=\"https://ege.sdamgia.ru/formula/svg/67/67fe0a9d8b7c8a3283047cc3a6a031bc.svg\" class=\"tex\" style=\"vertical-align:-8.5pt\" alt=\"S_CFED= дробь: чис­ли­тель: FE плюс CD, зна­ме­на­тель: 2 конец дроби умно­жить на EH= дробь: чис­ли­тель: 8 плюс 8 плюс x, зна­ме­на­тель: 2 конец дроби умно­жить на дробь: чис­ли­тель: 3 ко­рень из: на­ча­ло ар­гу­мен­та: 11 конец ар­гу­мен­та x, зна­ме­на­тель: 2 конец дроби = 27 ко­рень из: на­ча­ло ар­гу­мен­та: 11 конец ар­гу­мен­та \\Rightarrow \"><br><img src=\"https://ege.sdamgia.ru/formula/svg/36/36336c968817c2e07ef9676fb59086fa.svg\" class=\"tex\" style=\"vertical-align:-3.6pt\" alt=\"\\Rightarrow x левая круг­лая скоб­ка x плюс 16 пра­вая круг­лая скоб­ка = 36 \\Rightarrow x=2.\"></span></p><p class=\"left_margin\"></p></center><p class=\"left_margin\">Вы­чис­лим длину <i>AE</i>: <img src=\"https://ege.sdamgia.ru/formula/svg/0f/0f1f35bfef09021c6976e878b7c50010.svg\" class=\"tex\" style=\"vertical-align:-3.3pt\" alt=\"AE=2AF умно­жить на ко­си­нус бета = 1,6,\"> сле­до­ва­тель­но, <img src=\"https://ege.sdamgia.ru/formula/svg/06/068dd2222135cc937794391794f19255.svg\" class=\"tex\" style=\"vertical-align:-3.0pt\" alt=\"AD = 5 умно­жить на 2 плюс 1,6 = 11,6.\"> Ана­ло­гич­ным спо­со­бом вы­чис­лим длину <i>BC</i>: <img src=\"https://ege.sdamgia.ru/formula/svg/98/98342ddcc195e482c4c4028bb193fbf1.svg\" class=\"tex\" style=\"vertical-align:-3.3pt\" alt=\"BC = AD минус 2CD умно­жить на ко­си­нус бета = 11,6 минус 2 = 9,6.\"></p><p class=\"left_margin\">Вы­со­та тра­пе­ции <i>ABCD</i> равна </p><p class=\"left_margin\"></p><center><p><img src=\"https://ege.sdamgia.ru/formula/svg/45/45355adb13ee2fe97b9f2120c4c4fb06.svg\" class=\"tex\" style=\"vertical-align:-8.5pt\" alt=\"CD умно­жить на синус бета = 10 умно­жить на дробь: чис­ли­тель: 3 ко­рень из: на­ча­ло ар­гу­мен­та: 11 конец ар­гу­мен­та , зна­ме­на­тель: 10 конец дроби = 3 ко­рень из: на­ча­ло ар­гу­мен­та: 11 конец ар­гу­мен­та . \"></p><p class=\"left_margin\"></p></center><p> Тогда </p><p class=\"left_margin\"></p><center><p><img src=\"https://ege.sdamgia.ru/formula/svg/88/88b16a6feb4369f96a471ad7c3db4216.svg\" class=\"tex\" style=\"vertical-align:-8.5pt\" alt=\"S_ABCD = дробь: чис­ли­тель: 9,6 плюс 11,6, зна­ме­на­тель: 2 конец дроби умно­жить на 3 ко­рень из: на­ча­ло ар­гу­мен­та: 11 конец ар­гу­мен­та = дробь: чис­ли­тель: 159 ко­рень из: на­ча­ло ар­гу­мен­та: 11 конец ар­гу­мен­та , зна­ме­на­тель: 5 конец дроби . \"></p><p class=\"left_margin\"></p></center> <p><span style=\"letter-spacing: 2px;\">Ответ:</span> <img src=\"https://ege.sdamgia.ru/formula/svg/aa/aabf536543d58f7e91ca39d41200ccf1.svg\" class=\"tex\" style=\"vertical-align:-8.5pt\" alt=\" дробь: чис­ли­тель: 159 ко­рень из: на­ча­ло ар­гу­мен­та: 11 конец ар­гу­мен­та , зна­ме­на­тель: 5 конец дроби . \"></p></div>",
        "image_urls": [
            "https://ege.sdamgia.ru/formula/svg/8d/8d16eaf72efd793893eb1a4771e739cd.svg",
            "https://ege.sdamgia.ru/formula/svg/bf/bfbeba30a681b3746906544b92aeaad2.svg",
            "https://ege.sdamgia.ru/formula/svg/78/78ff56e9062c3f352e093f3b2e2fe344.svg",
            "https://ege.sdamgia.ru/formula/svg/38/383b3e69cb307a8b11e0864d316d83f6.svg",
            "https://ege.sdamgia.ru/formula/svg/3b/3b8092d1bd9a3f8628271bffc73947fc.svg",
            "https://ege.sdamgia.ru/formula/svg/60/605f9ca102cdb434b3c80dc10ace8f8b.svg",
            "https://ege.sdamgia.ru/formula/svg/42/42f5a1816fcb714c8b77b4dd7fa0627e.svg",
            "https://ege.sdamgia.ru/formula/svg/c7/c7818838af4c62299c616bd9f46a8bbf.svg",
            "https://ege.sdamgia.ru/formula/svg/f1/f17ef7e2442cc0515155a77fdc503e96.svg",
            "https://ege.sdamgia.ru/formula/svg/31/31bd9341b29d77e1f868fa8122c6a8ef.svg",
            "https://ege.sdamgia.ru/formula/svg/21/21b77b13666aa323582388f898256bbf.svg",
            "https://ege.sdamgia.ru/formula/svg/67/67fe0a9d8b7c8a3283047cc3a6a031bc.svg",
            "https://ege.sdamgia.ru/formula/svg/36/36336c968817c2e07ef9676fb59086fa.svg",
            "https://ege.sdamgia.ru/formula/svg/0f/0f1f35bfef09021c6976e878b7c50010.svg",
            "https://ege.sdamgia.ru/formula/svg/06/068dd2222135cc937794391794f19255.svg",
            "https://ege.sdamgia.ru/formula/svg/98/98342ddcc195e482c4c4028bb193fbf1.svg",
            "https://ege.sdamgia.ru/formula/svg/45/45355adb13ee2fe97b9f2120c4c4fb06.svg",
            "https://ege.sdamgia.ru/formula/svg/88/88b16a6feb4369f96a471ad7c3db4216.svg",
            "https://ege.sdamgia.ru/formula/svg/aa/aabf536543d58f7e91ca39d41200ccf1.svg",
            "/get_file?id=105308"
        ]
    },
    "answer": "",
    "topic_id": 17,
    "analog_ids": []
}