{
    "gia_type": "ege",
    "subject": "math",
    "id": 629866,
    "condition": {
        "text": "Стороны  BC  и  CD  квадрата  ABCD  являются  сторонами  равносторонних треугольников  BCM  и DCN  соответственно,  точки M  и N  лежат  вне  квадрата. Прямая AM пересекает BC в точке K.а)  Докажите, что б)   Найдите KN, если ",
        "html": "<div align=\"justify\" width=\"100%\" id=\"body520854\" class=\"pbody\"><p class=\"left_margin\">Сто­ро­ны  <i>BC</i>  и  <i>CD</i>  квад­ра­та  <i>ABCD</i>  яв­ля­ют­ся  сто­ро­на­ми  рав­но­сто­рон­них тре­уголь­ни­ков  <i>BCM</i>  и <i>DCN</i>  со­от­вет­ствен­но,  точки <i>M</i>  и <i>N</i>  лежат  вне  квад­ра­та. Пря­мая <i>AM</i> пе­ре­се­ка­ет <i>BC</i> в точке <i>K</i>.</p><p class=\"left_margin\">а)  До­ка­жи­те, что <img src=\"https://ege.sdamgia.ru/formula/svg/ab/ab18c9eac99b8d28737bbff0f69ad300.svg\" class=\"tex\" style=\"vertical-align:-1.8pt\" alt=\"\\angle AMC=45 гра­ду­сов .\"></p><p class=\"left_margin\">б)   Най­ди­те <i>KN</i>, если <img src=\"https://ege.sdamgia.ru/formula/svg/4e/4ebfc59a8cf42ffdfe286e679ef476e4.svg\" class=\"tex\" style=\"vertical-align:-4.9pt\" alt=\"AB= ко­рень из: на­ча­ло ар­гу­мен­та: 8 плюс 3 ко­рень из: на­ча­ло ар­гу­мен­та: 3 конец ар­гу­мен­та конец ар­гу­мен­та .\"></p></div>",
        "image_urls": [
            "https://ege.sdamgia.ru/formula/svg/ab/ab18c9eac99b8d28737bbff0f69ad300.svg",
            "https://ege.sdamgia.ru/formula/svg/4e/4ebfc59a8cf42ffdfe286e679ef476e4.svg"
        ]
    },
    "solution": {
        "text": "Решение. а)  Заметим, что угол ABM равен  Треугольник ABM равнобедренный, поэтому углы BAM и BMA равны  каждый. Таким образом,  Что и требовалось доказать. б)  Пусть AB  =  x. Воспользуемся теоремой синусов для треугольника BKM:  то есть  Угол KMN равен  Применим теперь теорему косинусов для треугольника DMN:  Запишем теорему косинусов для треугольника KMN: Найдем синус 105°: Используя полученную величину, упростим выражение для KN: Отсюда получаем ответ  —   Ответ: б)  Приведем решение пункта б) Ирины Шраго.Пусть MC  =  AB  =  x. По теореме синусов для треугольника MCK:Заметим, чтоТогда По теореме косинусов для треугольника KCN:Подставив  получим KN  =  37, откуда KN  =  ",
        "html": "<div align=\"justify\" width=\"100%\" id=\"sol629866\" class=\"solution\" style=\"clear:both;\" class=\"pbody\"><p class=\"left_margin\"></p><b>Ре­ше­ние<!--rule_info-->. </b><p class=\"left_margin\"><img src=\"/get_file?id=147955\" style=\"float:right;margin:10px;max-width:100%\"></p><p class=\"left_margin\">а)  За­ме­тим, что угол <i>ABM</i> равен <img src=\"https://ege.sdamgia.ru/formula/svg/a1/a15a5514599ac78adf46b3063efaedde.svg\" class=\"tex\" style=\"vertical-align:-1.8pt\" alt=\"90 в сте­пе­ни левая круг­лая скоб­ка \\circ пра­вая круг­лая скоб­ка плюс 60 в сте­пе­ни левая круг­лая скоб­ка \\circ пра­вая круг­лая скоб­ка =150 в сте­пе­ни левая круг­лая скоб­ка \\circ пра­вая круг­лая скоб­ка .\"> Тре­уголь­ник <i>ABM</i> рав­но­бед­рен­ный, по­это­му углы <i>BAM</i> и <i>BMA</i> равны <img src=\"https://ege.sdamgia.ru/formula/svg/58/58c20b6975e8f104fb209ba60a72f6b3.svg\" class=\"tex\" style=\"vertical-align:-1.8pt\" alt=\"15 в сте­пе­ни левая круг­лая скоб­ка \\circ пра­вая круг­лая скоб­ка \"> каж­дый. Таким об­ра­зом, <img src=\"https://ege.sdamgia.ru/formula/svg/a2/a246582eda1fdc9f86db5f990a5d04f8.svg\" class=\"tex\" style=\"vertical-align:-1.8pt\" alt=\"\\angle AMC=60 в сте­пе­ни левая круг­лая скоб­ка \\circ пра­вая круг­лая скоб­ка минус 15 в сте­пе­ни левая круг­лая скоб­ка \\circ пра­вая круг­лая скоб­ка =45 в сте­пе­ни левая круг­лая скоб­ка \\circ пра­вая круг­лая скоб­ка .\"> Что и тре­бо­ва­лось до­ка­зать. </p><p class=\"left_margin\">б)  Пусть <i>AB</i>  =  <i>x</i>. Вос­поль­зу­ем­ся тео­ре­мой си­ну­сов для тре­уголь­ни­ка <i>BKM</i>: <img src=\"https://ege.sdamgia.ru/formula/svg/af/af68f7f6b4c5cc00d165f810ef12e94d.svg\" class=\"tex\" style=\"vertical-align:-8.5pt\" alt=\"\\dfracKM синус 60 в сте­пе­ни левая круг­лая скоб­ка \\circ пра­вая круг­лая скоб­ка =\\dfracBM синус 105 в сте­пе­ни левая круг­лая скоб­ка \\circ пра­вая круг­лая скоб­ка ,\"> то есть <img src=\"https://ege.sdamgia.ru/formula/svg/99/99cb2ce6d8d67c658bebb47c000b3079.svg\" class=\"tex\" style=\"vertical-align:-8.4pt\" alt=\"KM=x умно­жить на \\dfrac синус 60 в сте­пе­ни левая круг­лая скоб­ка \\circ пра­вая круг­лая скоб­ка синус 105 в сте­пе­ни левая круг­лая скоб­ка \\circ пра­вая круг­лая скоб­ка .\"> Угол <i>KMN</i> равен <img src=\"https://ege.sdamgia.ru/formula/svg/39/399cd0146f036134c864e233eaeef8f1.svg\" class=\"tex\" style=\"vertical-align:-1.8pt\" alt=\"45 в сте­пе­ни левая круг­лая скоб­ка \\circ пра­вая круг­лая скоб­ка плюс 15 в сте­пе­ни левая круг­лая скоб­ка \\circ пра­вая круг­лая скоб­ка =60 в сте­пе­ни левая круг­лая скоб­ка \\circ пра­вая круг­лая скоб­ка .\"> При­ме­ним те­перь тео­ре­му ко­си­ну­сов для тре­уголь­ни­ка <i>DMN</i>: </p><p class=\"left_margin\"></p><center><p><img src=\"https://ege.sdamgia.ru/formula/svg/46/46ba34e2301114f45bb6cb01a2d2f2fa.svg\" class=\"tex\" style=\"vertical-align:-3.7pt\" alt=\"MN в квад­ра­те =2x в квад­ра­те минус 2x в квад­ра­те умно­жить на ко­си­нус 150 в сте­пе­ни левая круг­лая скоб­ка \\circ пра­вая круг­лая скоб­ка =x в квад­ра­те умно­жить на левая круг­лая скоб­ка 2 плюс ко­рень из: на­ча­ло ар­гу­мен­та: 3 конец ар­гу­мен­та пра­вая круг­лая скоб­ка .\"></p><p class=\"left_margin\"></p></center><p> За­пи­шем тео­ре­му ко­си­ну­сов для тре­уголь­ни­ка <i>KMN</i>:</p><p class=\"left_margin\"></p><center><p><span data-width=\"640\" data-formulahash=\"4c043bf792e29a8fc8111b46d168d516\" class=\"tex-span\" style=\"\"><img src=\"https://ege.sdamgia.ru/formula/svg/40/401fec316079bdd0e6ed995052a58c81.svg\" class=\"tex\" style=\"vertical-align:-9.4pt\" alt=\"KN в квад­ра­те = x в квад­ра­те умно­жить на \\dfrac синус в квад­ра­те 60 в сте­пе­ни левая круг­лая скоб­ка \\circ пра­вая круг­лая скоб­ка синус в квад­ра­те 105 в сте­пе­ни левая круг­лая скоб­ка \\circ пра­вая круг­лая скоб­ка плюс x в квад­ра­те умно­жить на левая круг­лая скоб­ка 2 плюс ко­рень из: на­ча­ло ар­гу­мен­та: 3 конец ар­гу­мен­та пра­вая круг­лая скоб­ка минус 2 умно­жить на x умно­жить на \\dfrac синус 60 в сте­пе­ни левая круг­лая скоб­ка \\circ пра­вая круг­лая скоб­ка синус 105 в сте­пе­ни левая круг­лая скоб­ка \\circ пра­вая круг­лая скоб­ка умно­жить на x ко­рень из: на­ча­ло ар­гу­мен­та: 2 плюс ко­рень из: на­ча­ло ар­гу­мен­та: 3 конец ар­гу­мен­та конец ар­гу­мен­та =\"><br><img src=\"https://ege.sdamgia.ru/formula/svg/4f/4ffe276963c8f5e78fbe36266de156e2.svg\" class=\"tex\" style=\"vertical-align:-11.2pt\" alt=\"=x в квад­ра­те левая круг­лая скоб­ка \\dfrac синус в квад­ра­те 60 в сте­пе­ни левая круг­лая скоб­ка \\circ пра­вая круг­лая скоб­ка синус в квад­ра­те 105 в сте­пе­ни левая круг­лая скоб­ка \\circ пра­вая круг­лая скоб­ка плюс 2 плюс ко­рень из: на­ча­ло ар­гу­мен­та: 3 конец ар­гу­мен­та минус 2\\dfrac синус 60 в сте­пе­ни левая круг­лая скоб­ка \\circ пра­вая круг­лая скоб­ка синус 105 в сте­пе­ни левая круг­лая скоб­ка \\circ пра­вая круг­лая скоб­ка умно­жить на ко­рень из: на­ча­ло ар­гу­мен­та: 2 плюс ко­рень из: на­ча­ло ар­гу­мен­та: 3 конец ар­гу­мен­та конец ар­гу­мен­та умно­жить на \\dfrac12 пра­вая круг­лая скоб­ка .\"></span><span data-width=\"390\" data-formulahash=\"4c043bf792e29a8fc8111b46d168d516\" class=\"tex-span\" style=\"display:none\"><img src=\"https://ege.sdamgia.ru/formula/svg/25/257534b14087066f94a2417e2cb3bdde.svg\" class=\"tex\" style=\"vertical-align:-1.8pt\" alt=\"KN в квад­ра­те =\"><br><img src=\"https://ege.sdamgia.ru/formula/svg/e9/e9181b50d4f141732e3c432f0eab3bbc.svg\" class=\"tex\" style=\"vertical-align:-9.5pt\" alt=\"= x в квад­ра­те умно­жить на \\dfrac синус в квад­ра­те 60 в сте­пе­ни левая круг­лая скоб­ка \\circ пра­вая круг­лая скоб­ка синус в квад­ра­те 105 в сте­пе­ни левая круг­лая скоб­ка \\circ пра­вая круг­лая скоб­ка плюс x в квад­ра­те умно­жить на левая круг­лая скоб­ка 2 плюс ко­рень из: на­ча­ло ар­гу­мен­та: 3 конец ар­гу­мен­та пра­вая круг­лая скоб­ка минус 2 умно­жить на x умно­жить на \\dfrac синус 60 в сте­пе­ни левая круг­лая скоб­ка \\circ пра­вая круг­лая скоб­ка синус 105 в сте­пе­ни левая круг­лая скоб­ка \\circ пра­вая круг­лая скоб­ка умно­жить на x ко­рень из: на­ча­ло ар­гу­мен­та: 2 плюс ко­рень из: на­ча­ло ар­гу­мен­та: 3 конец ар­гу­мен­та конец ар­гу­мен­та =\"><br><img src=\"https://ege.sdamgia.ru/formula/svg/4f/4ffe276963c8f5e78fbe36266de156e2.svg\" class=\"tex\" style=\"vertical-align:-11.2pt\" alt=\"=x в квад­ра­те левая круг­лая скоб­ка \\dfrac синус в квад­ра­те 60 в сте­пе­ни левая круг­лая скоб­ка \\circ пра­вая круг­лая скоб­ка синус в квад­ра­те 105 в сте­пе­ни левая круг­лая скоб­ка \\circ пра­вая круг­лая скоб­ка плюс 2 плюс ко­рень из: на­ча­ло ар­гу­мен­та: 3 конец ар­гу­мен­та минус 2\\dfrac синус 60 в сте­пе­ни левая круг­лая скоб­ка \\circ пра­вая круг­лая скоб­ка синус 105 в сте­пе­ни левая круг­лая скоб­ка \\circ пра­вая круг­лая скоб­ка умно­жить на ко­рень из: на­ча­ло ар­гу­мен­та: 2 плюс ко­рень из: на­ча­ло ар­гу­мен­та: 3 конец ар­гу­мен­та конец ар­гу­мен­та умно­жить на \\dfrac12 пра­вая круг­лая скоб­ка .\"></span></p><p class=\"left_margin\"></p></center><p> Най­дем синус 105°:</p><p class=\"left_margin\"></p><center><p><span data-width=\"640\" data-formulahash=\"449824746b1d07cb05719061f84209a4\" class=\"tex-span\" style=\"\"><img src=\"https://ege.sdamgia.ru/formula/svg/44/449824746b1d07cb05719061f84209a4.svg\" class=\"tex\" style=\"vertical-align:-8.4pt\" alt=\" синус 105 в сте­пе­ни левая круг­лая скоб­ка \\circ пра­вая круг­лая скоб­ка = синус левая круг­лая скоб­ка 45 гра­ду­сов плюс 60 гра­ду­сов пра­вая круг­лая скоб­ка = синус 45 гра­ду­сов умно­жить на ко­си­нус 60 гра­ду­сов плюс ко­си­нус 45 гра­ду­сов умно­жить на синус 60 гра­ду­сов = дробь: чис­ли­тель: ко­рень из 2 }2 умно­жить на дробь: чис­ли­тель: 1, зна­ме­на­тель: 2 конец дроби плюс дробь: чис­ли­тель: ко­рень из 2 , зна­ме­на­тель: 2 конец дроби \\cdod дробь: чис­ли­тель: ко­рень из 3 , зна­ме­на­тель: 2 конец дроби = \\dfrac{ ко­рень из: на­ча­ло ар­гу­мен­та: 6 конец ар­гу­мен­та плюс ко­рень из: на­ча­ло ар­гу­мен­та: 2 конец ар­гу­мен­та , зна­ме­на­тель: 4 конец дроби . \"></span><span data-width=\"615\" data-formulahash=\"449824746b1d07cb05719061f84209a4\" class=\"tex-span\" style=\"display:none\"><img src=\"https://ege.sdamgia.ru/formula/svg/cd/cd7cda98920395a38f8566142e4f7b16.svg\" class=\"tex\" style=\"vertical-align:-3.6pt\" alt=\" синус 105 в сте­пе­ни левая круг­лая скоб­ка \\circ пра­вая круг­лая скоб­ка = синус левая круг­лая скоб­ка 45 гра­ду­сов плюс 60 гра­ду­сов пра­вая круг­лая скоб­ка = синус 45 гра­ду­сов умно­жить на ко­си­нус 60 гра­ду­сов плюс ко­си­нус 45 гра­ду­сов умно­жить на синус 60 гра­ду­сов =\"><br><img src=\"https://ege.sdamgia.ru/formula/svg/3e/3ee3307ef322555c596577e6d31813fe.svg\" class=\"tex\" style=\"vertical-align:-8.5pt\" alt=\"= дробь: чис­ли­тель: ко­рень из 2 }2 умно­жить на дробь: чис­ли­тель: 1, зна­ме­на­тель: 2 конец дроби плюс дробь: чис­ли­тель: ко­рень из 2 , зна­ме­на­тель: 2 конец дроби \\cdod дробь: чис­ли­тель: ко­рень из 3 , зна­ме­на­тель: 2 конец дроби = \\dfrac{ ко­рень из: на­ча­ло ар­гу­мен­та: 6 конец ар­гу­мен­та плюс ко­рень из: на­ча­ло ар­гу­мен­та: 2 конец ар­гу­мен­та , зна­ме­на­тель: 4 конец дроби . \"></span><span data-width=\"390\" data-formulahash=\"449824746b1d07cb05719061f84209a4\" class=\"tex-span\" style=\"display:none\"><img src=\"https://ege.sdamgia.ru/formula/svg/26/26bc5d60065015d057d649578d0a9cac.svg\" class=\"tex\" style=\"vertical-align:-3.6pt\" alt=\" синус 105 в сте­пе­ни левая круг­лая скоб­ка \\circ пра­вая круг­лая скоб­ка = синус левая круг­лая скоб­ка 45 гра­ду­сов плюс 60 гра­ду­сов пра­вая круг­лая скоб­ка =\"><br><img src=\"https://ege.sdamgia.ru/formula/svg/b6/b6935a664f58ce3fb78c5f2f25ffa0e4.svg\" class=\"tex\" style=\"vertical-align:-1.8pt\" alt=\"= синус 45 гра­ду­сов умно­жить на ко­си­нус 60 гра­ду­сов плюс ко­си­нус 45 гра­ду­сов умно­жить на синус 60 гра­ду­сов =\"><br><img src=\"https://ege.sdamgia.ru/formula/svg/3e/3ee3307ef322555c596577e6d31813fe.svg\" class=\"tex\" style=\"vertical-align:-8.5pt\" alt=\"= дробь: чис­ли­тель: ко­рень из 2 }2 умно­жить на дробь: чис­ли­тель: 1, зна­ме­на­тель: 2 конец дроби плюс дробь: чис­ли­тель: ко­рень из 2 , зна­ме­на­тель: 2 конец дроби \\cdod дробь: чис­ли­тель: ко­рень из 3 , зна­ме­на­тель: 2 конец дроби = \\dfrac{ ко­рень из: на­ча­ло ар­гу­мен­та: 6 конец ар­гу­мен­та плюс ко­рень из: на­ча­ло ар­гу­мен­та: 2 конец ар­гу­мен­та , зна­ме­на­тель: 4 конец дроби . \"></span></p><p class=\"left_margin\"></p></center> <p class=\"left_margin\">Ис­поль­зуя по­лу­чен­ную ве­ли­чи­ну, упро­стим вы­ра­же­ние для <i>KN</i>:</p><p class=\"left_margin\"></p><center><p><span data-width=\"640\" data-formulahash=\"14ca6ad590b76107e4418bc9cdf5467f\" class=\"tex-span\" style=\"\"><img src=\"https://ege.sdamgia.ru/formula/svg/60/602f2caeca686d20867f310adee070c3.svg\" class=\"tex\" style=\"vertical-align:-11.1pt\" alt=\"KN в квад­ра­те =x в квад­ра­те умно­жить на левая круг­лая скоб­ка \\dfrac синус в квад­ра­те 60 в сте­пе­ни левая круг­лая скоб­ка \\circ пра­вая круг­лая скоб­ка синус в квад­ра­те 105 в сте­пе­ни левая круг­лая скоб­ка \\circ пра­вая круг­лая скоб­ка плюс 2 плюс ко­рень из: на­ча­ло ар­гу­мен­та: 3 конец ар­гу­мен­та минус 2\\dfrac синус 60 в сте­пе­ни левая круг­лая скоб­ка \\circ пра­вая круг­лая скоб­ка синус 105 в сте­пе­ни левая круг­лая скоб­ка \\circ пра­вая круг­лая скоб­ка умно­жить на ко­рень из: на­ча­ло ар­гу­мен­та: 2 плюс ко­рень из: на­ча­ло ар­гу­мен­та: 3 конец ар­гу­мен­та конец ар­гу­мен­та умно­жить на \\dfrac12 пра­вая круг­лая скоб­ка =\"><br><img src=\"https://ege.sdamgia.ru/formula/svg/eb/eb6e8380a5febe6d99cd3029ce2faa60.svg\" class=\"tex\" style=\"vertical-align:-14.5pt\" alt=\"=x в квад­ра­те умно­жить на левая круг­лая скоб­ка \\dfrac32 плюс ко­рень из: на­ча­ло ар­гу­мен­та: 3 конец ар­гу­мен­та плюс 2 плюс ко­рень из: на­ча­ло ар­гу­мен­та: 3 конец ар­гу­мен­та минус ко­рень из: на­ча­ло ар­гу­мен­та: 2 плюс ко­рень из: на­ча­ло ар­гу­мен­та: 3 конец ар­гу­мен­та конец ар­гу­мен­та умно­жить на ко­рень из: на­ча­ло ар­гу­мен­та: \\dfrac3 конец ар­гу­мен­та 2 плюс ко­рень из: на­ча­ло ар­гу­мен­та: 3 конец ар­гу­мен­та пра­вая круг­лая скоб­ка =\"><br><img src=\"https://ege.sdamgia.ru/formula/svg/e8/e8f8da537256918cf51cc13322f5a6f9.svg\" class=\"tex\" style=\"vertical-align:-3.7pt\" alt=\"= x в квад­ра­те умно­жить на левая круг­лая скоб­ка 8 минус 2 ко­рень из: на­ча­ло ар­гу­мен­та: 3 конец ар­гу­мен­та минус ко­рень из: на­ча­ло ар­гу­мен­та: 3 конец ар­гу­мен­та пра­вая круг­лая скоб­ка = левая круг­лая скоб­ка 8 плюс 3 ко­рень из: на­ча­ло ар­гу­мен­та: 3 конец ар­гу­мен­та пра­вая круг­лая скоб­ка умно­жить на левая круг­лая скоб­ка 8 минус 3 ко­рень из: на­ча­ло ар­гу­мен­та: 3 конец ар­гу­мен­та пра­вая круг­лая скоб­ка =37.\"></span><span data-width=\"365\" data-formulahash=\"14ca6ad590b76107e4418bc9cdf5467f\" class=\"tex-span\" style=\"display:none\"><img src=\"https://ege.sdamgia.ru/formula/svg/25/257534b14087066f94a2417e2cb3bdde.svg\" class=\"tex\" style=\"vertical-align:-1.8pt\" alt=\"KN в квад­ра­те =\"><br><img src=\"https://ege.sdamgia.ru/formula/svg/79/79fdda518ad4626ac9addb5c2e7f3faa.svg\" class=\"tex\" style=\"vertical-align:-11.2pt\" alt=\"=x в квад­ра­те умно­жить на левая круг­лая скоб­ка \\dfrac синус в квад­ра­те 60 в сте­пе­ни левая круг­лая скоб­ка \\circ пра­вая круг­лая скоб­ка синус в квад­ра­те 105 в сте­пе­ни левая круг­лая скоб­ка \\circ пра­вая круг­лая скоб­ка плюс 2 плюс ко­рень из: на­ча­ло ар­гу­мен­та: 3 конец ар­гу­мен­та минус 2\\dfrac синус 60 в сте­пе­ни левая круг­лая скоб­ка \\circ пра­вая круг­лая скоб­ка синус 105 в сте­пе­ни левая круг­лая скоб­ка \\circ пра­вая круг­лая скоб­ка умно­жить на ко­рень из: на­ча­ло ар­гу­мен­та: 2 плюс ко­рень из: на­ча­ло ар­гу­мен­та: 3 конец ар­гу­мен­та конец ар­гу­мен­та умно­жить на \\dfrac12 пра­вая круг­лая скоб­ка =\"><br><img src=\"https://ege.sdamgia.ru/formula/svg/eb/eb6e8380a5febe6d99cd3029ce2faa60.svg\" class=\"tex\" style=\"vertical-align:-14.5pt\" alt=\"=x в квад­ра­те умно­жить на левая круг­лая скоб­ка \\dfrac32 плюс ко­рень из: на­ча­ло ар­гу­мен­та: 3 конец ар­гу­мен­та плюс 2 плюс ко­рень из: на­ча­ло ар­гу­мен­та: 3 конец ар­гу­мен­та минус ко­рень из: на­ча­ло ар­гу­мен­та: 2 плюс ко­рень из: на­ча­ло ар­гу­мен­та: 3 конец ар­гу­мен­та конец ар­гу­мен­та умно­жить на ко­рень из: на­ча­ло ар­гу­мен­та: \\dfrac3 конец ар­гу­мен­та 2 плюс ко­рень из: на­ча­ло ар­гу­мен­та: 3 конец ар­гу­мен­та пра­вая круг­лая скоб­ка =\"><br><img src=\"https://ege.sdamgia.ru/formula/svg/e8/e8f8da537256918cf51cc13322f5a6f9.svg\" class=\"tex\" style=\"vertical-align:-3.7pt\" alt=\"= x в квад­ра­те умно­жить на левая круг­лая скоб­ка 8 минус 2 ко­рень из: на­ча­ло ар­гу­мен­та: 3 конец ар­гу­мен­та минус ко­рень из: на­ча­ло ар­гу­мен­та: 3 конец ар­гу­мен­та пра­вая круг­лая скоб­ка = левая круг­лая скоб­ка 8 плюс 3 ко­рень из: на­ча­ло ар­гу­мен­та: 3 конец ар­гу­мен­та пра­вая круг­лая скоб­ка умно­жить на левая круг­лая скоб­ка 8 минус 3 ко­рень из: на­ча­ло ар­гу­мен­та: 3 конец ар­гу­мен­та пра­вая круг­лая скоб­ка =37.\"></span><span data-width=\"340\" data-formulahash=\"14ca6ad590b76107e4418bc9cdf5467f\" class=\"tex-span\" style=\"display:none\"><img src=\"https://ege.sdamgia.ru/formula/svg/25/257534b14087066f94a2417e2cb3bdde.svg\" class=\"tex\" style=\"vertical-align:-1.8pt\" alt=\"KN в квад­ра­те =\"><br><img src=\"https://ege.sdamgia.ru/formula/svg/79/79fdda518ad4626ac9addb5c2e7f3faa.svg\" class=\"tex\" style=\"vertical-align:-11.2pt\" alt=\"=x в квад­ра­те умно­жить на левая круг­лая скоб­ка \\dfrac синус в квад­ра­те 60 в сте­пе­ни левая круг­лая скоб­ка \\circ пра­вая круг­лая скоб­ка синус в квад­ра­те 105 в сте­пе­ни левая круг­лая скоб­ка \\circ пра­вая круг­лая скоб­ка плюс 2 плюс ко­рень из: на­ча­ло ар­гу­мен­та: 3 конец ар­гу­мен­та минус 2\\dfrac синус 60 в сте­пе­ни левая круг­лая скоб­ка \\circ пра­вая круг­лая скоб­ка синус 105 в сте­пе­ни левая круг­лая скоб­ка \\circ пра­вая круг­лая скоб­ка умно­жить на ко­рень из: на­ча­ло ар­гу­мен­та: 2 плюс ко­рень из: на­ча­ло ар­гу­мен­та: 3 конец ар­гу­мен­та конец ар­гу­мен­та умно­жить на \\dfrac12 пра­вая круг­лая скоб­ка =\"><br><img src=\"https://ege.sdamgia.ru/formula/svg/eb/eb6e8380a5febe6d99cd3029ce2faa60.svg\" class=\"tex\" style=\"vertical-align:-14.5pt\" alt=\"=x в квад­ра­те умно­жить на левая круг­лая скоб­ка \\dfrac32 плюс ко­рень из: на­ча­ло ар­гу­мен­та: 3 конец ар­гу­мен­та плюс 2 плюс ко­рень из: на­ча­ло ар­гу­мен­та: 3 конец ар­гу­мен­та минус ко­рень из: на­ча­ло ар­гу­мен­та: 2 плюс ко­рень из: на­ча­ло ар­гу­мен­та: 3 конец ар­гу­мен­та конец ар­гу­мен­та умно­жить на ко­рень из: на­ча­ло ар­гу­мен­та: \\dfrac3 конец ар­гу­мен­та 2 плюс ко­рень из: на­ча­ло ар­гу­мен­та: 3 конец ар­гу­мен­та пра­вая круг­лая скоб­ка =\"><br><img src=\"https://ege.sdamgia.ru/formula/svg/93/932cc870705fe309a493b182c9e49ff4.svg\" class=\"tex\" style=\"vertical-align:-3.7pt\" alt=\"= x в квад­ра­те умно­жить на левая круг­лая скоб­ка 8 минус 2 ко­рень из: на­ча­ло ар­гу­мен­та: 3 конец ар­гу­мен­та минус ко­рень из: на­ча­ло ар­гу­мен­та: 3 конец ар­гу­мен­та пра­вая круг­лая скоб­ка =\"><br><img src=\"https://ege.sdamgia.ru/formula/svg/73/73ac46d391c18d7ec0dd752adb563503.svg\" class=\"tex\" style=\"vertical-align:-3.7pt\" alt=\"= левая круг­лая скоб­ка 8 плюс 3 ко­рень из: на­ча­ло ар­гу­мен­та: 3 конец ар­гу­мен­та пра­вая круг­лая скоб­ка умно­жить на левая круг­лая скоб­ка 8 минус 3 ко­рень из: на­ча­ло ар­гу­мен­та: 3 конец ар­гу­мен­та пра­вая круг­лая скоб­ка =37.\"></span></p><p class=\"left_margin\"></p></center><p> От­сю­да по­лу­ча­ем ответ  — <img src=\"https://ege.sdamgia.ru/formula/svg/0c/0c30fd71a321d053cf19428c7f6a0db8.svg\" class=\"tex\" style=\"vertical-align:-1.8pt\" alt=\" ко­рень из: на­ча­ло ар­гу­мен­та: 37 конец ар­гу­мен­та .\"> </p><p>&nbsp;</p><p><span style=\"letter-spacing: 2px;\">Ответ:</span> б) <img src=\"https://ege.sdamgia.ru/formula/svg/0c/0c30fd71a321d053cf19428c7f6a0db8.svg\" class=\"tex\" style=\"vertical-align:-1.8pt\" alt=\" ко­рень из: на­ча­ло ар­гу­мен­та: 37 конец ар­гу­мен­та .\"></p><p>&nbsp;</p><p><b>При­ве­дем ре­ше­ние пунк­та б) Ирины Шраго.</b></p><p class=\"left_margin\">Пусть <i>MC</i>  =  <i>AB</i>  =  <i>x</i>. </p><p class=\"left_margin\">По тео­ре­ме си­ну­сов для тре­уголь­ни­ка <i>MCK</i>:</p><p class=\"left_margin\"></p><center><p><img src=\"https://ege.sdamgia.ru/formula/svg/96/96d85292eca77e3eedabfa7d1ec0ec84.svg\" class=\"tex\" style=\"vertical-align:-8.4pt\" alt=\" дробь: чис­ли­тель: CK, зна­ме­на­тель: синус 45 гра­ду­сов конец дроби = дробь: чис­ли­тель: MC, зна­ме­на­тель: синус 75 гра­ду­сов конец дроби рав­но­силь­но CK=MC умно­жить на дробь: чис­ли­тель: синус 45 гра­ду­сов, зна­ме­на­тель: синус 75 гра­ду­сов конец дроби . \"></p><p class=\"left_margin\"></p></center><p class=\"left_margin\">За­ме­тим, что</p><p class=\"left_margin\"></p><center><p><span data-width=\"640\" data-formulahash=\"732ff17c81e2ee3674947fb810df70dc\" class=\"tex-span\" style=\"\"><img src=\"https://ege.sdamgia.ru/formula/svg/59/594d64b6b396ee1f735765cf5fcf2d18.svg\" class=\"tex\" style=\"vertical-align:-1.8pt\" alt=\" синус 75 гра­ду­сов= синус 45 гра­ду­сов ко­си­нус 30 гра­ду­сов плюс ко­си­нус 45 гра­ду­сов синус 30 гра­ду­сов=\"><br><img src=\"https://ege.sdamgia.ru/formula/svg/0e/0e31f3eeb30728f368cf8284c9a0f208.svg\" class=\"tex\" style=\"vertical-align:-14.4pt\" alt=\"= дробь: чис­ли­тель: ко­рень из: на­ча­ло ар­гу­мен­та: 2 конец ар­гу­мен­та , зна­ме­на­тель: 2 конец дроби левая круг­лая скоб­ка дробь: чис­ли­тель: 1, зна­ме­на­тель: 2 конец дроби плюс дробь: чис­ли­тель: ко­рень из: на­ча­ло ар­гу­мен­та: 3 конец ар­гу­мен­та , зна­ме­на­тель: 2 конец дроби пра­вая круг­лая скоб­ка = дробь: чис­ли­тель: ко­рень из: на­ча­ло ар­гу­мен­та: 2 конец ар­гу­мен­та левая круг­лая скоб­ка ко­рень из: на­ча­ло ар­гу­мен­та: 3 конец ар­гу­мен­та плюс 1 пра­вая круг­лая скоб­ка левая круг­лая скоб­ка ко­рень из: на­ча­ло ар­гу­мен­та: 3 конец ар­гу­мен­та минус 1 пра­вая круг­лая скоб­ка , зна­ме­на­тель: 2 умно­жить на 2 левая круг­лая скоб­ка ко­рень из: на­ча­ло ар­гу­мен­та: 3 конец ар­гу­мен­та минус 1 пра­вая круг­лая скоб­ка конец дроби = дробь: чис­ли­тель: ко­рень из: на­ча­ло ар­гу­мен­та: 2 конец ар­гу­мен­та , зна­ме­на­тель: 2 конец дроби левая круг­лая скоб­ка ко­рень из: на­ча­ло ар­гу­мен­та: 3 конец ар­гу­мен­та минус 1 пра­вая круг­лая скоб­ка . \"></span><span data-width=\"390\" data-formulahash=\"732ff17c81e2ee3674947fb810df70dc\" class=\"tex-span\" style=\"display:none\"><img src=\"https://ege.sdamgia.ru/formula/svg/59/594d64b6b396ee1f735765cf5fcf2d18.svg\" class=\"tex\" style=\"vertical-align:-1.8pt\" alt=\" синус 75 гра­ду­сов= синус 45 гра­ду­сов ко­си­нус 30 гра­ду­сов плюс ко­си­нус 45 гра­ду­сов синус 30 гра­ду­сов=\"><br><img src=\"https://ege.sdamgia.ru/formula/svg/31/31123845346525f64763a4baaa8bb85d.svg\" class=\"tex\" style=\"vertical-align:-14.4pt\" alt=\"= дробь: чис­ли­тель: ко­рень из: на­ча­ло ар­гу­мен­та: 2 конец ар­гу­мен­та , зна­ме­на­тель: 2 конец дроби левая круг­лая скоб­ка дробь: чис­ли­тель: 1, зна­ме­на­тель: 2 конец дроби плюс дробь: чис­ли­тель: ко­рень из: на­ча­ло ар­гу­мен­та: 3 конец ар­гу­мен­та , зна­ме­на­тель: 2 конец дроби пра­вая круг­лая скоб­ка = \"><br><img src=\"https://ege.sdamgia.ru/formula/svg/1e/1e4269c2d550ae361e9b05b3f1a24897.svg\" class=\"tex\" style=\"vertical-align:-12.4pt\" alt=\"= дробь: чис­ли­тель: ко­рень из: на­ча­ло ар­гу­мен­та: 2 конец ар­гу­мен­та левая круг­лая скоб­ка ко­рень из: на­ча­ло ар­гу­мен­та: 3 конец ар­гу­мен­та плюс 1 пра­вая круг­лая скоб­ка левая круг­лая скоб­ка ко­рень из: на­ча­ло ар­гу­мен­та: 3 конец ар­гу­мен­та минус 1 пра­вая круг­лая скоб­ка , зна­ме­на­тель: 2 умно­жить на 2 левая круг­лая скоб­ка ко­рень из: на­ча­ло ар­гу­мен­та: 3 конец ар­гу­мен­та минус 1 пра­вая круг­лая скоб­ка конец дроби = дробь: чис­ли­тель: ко­рень из: на­ча­ло ар­гу­мен­та: 2 конец ар­гу­мен­та , зна­ме­на­тель: 2 конец дроби левая круг­лая скоб­ка ко­рень из: на­ча­ло ар­гу­мен­та: 3 конец ар­гу­мен­та минус 1 пра­вая круг­лая скоб­ка . \"></span></p><p class=\"left_margin\"></p></center><p class=\"left_margin\">Тогда <img src=\"https://ege.sdamgia.ru/formula/svg/21/210513e3d04339b4c749845860fb29d2.svg\" class=\"tex\" style=\"vertical-align:-3.7pt\" alt=\"CK=MC левая круг­лая скоб­ка ко­рень из: на­ча­ло ар­гу­мен­та: 3 конец ар­гу­мен­та минус 1 пра­вая круг­лая скоб­ка = x левая круг­лая скоб­ка ко­рень из: на­ча­ло ар­гу­мен­та: 3 конец ар­гу­мен­та минус 1 пра­вая круг­лая скоб­ка .\"></p><p class=\"left_margin\">По тео­ре­ме ко­си­ну­сов для тре­уголь­ни­ка <i>KCN</i>:</p><p class=\"left_margin\"></p><center><p><span data-width=\"640\" data-formulahash=\"62a2dcb8d58703c7abe18fe29e4da70c\" class=\"tex-span\" style=\"\"><img src=\"https://ege.sdamgia.ru/formula/svg/62/62a2dcb8d58703c7abe18fe29e4da70c.svg\" class=\"tex\" style=\"vertical-align:-8.3pt\" alt=\"KN в квад­ра­те =KC в квад­ра­те плюс CN в квад­ра­те минус 2 \\codt KC умно­жить на CN умно­жить на ко­си­нус 150 гра­ду­сов = x в квад­ра­те плюс левая круг­лая скоб­ка x левая круг­лая скоб­ка ко­рень из: на­ча­ло ар­гу­мен­та: 3 конец ар­гу­мен­та минус 1 пра­вая круг­лая скоб­ка пра­вая круг­лая скоб­ка в квад­ра­те плюс 2x в квад­ра­те левая круг­лая скоб­ка ко­рень из: на­ча­ло ар­гу­мен­та: 3 конец ар­гу­мен­та минус 1 пра­вая круг­лая скоб­ка умно­жить на дробь: чис­ли­тель: 1, зна­ме­на­тель: 2 конец дроби =x в квад­ра­те левая круг­лая скоб­ка 8 минус 3 ко­рень из: на­ча­ло ар­гу­мен­та: 3 конец ар­гу­мен­та пра­вая круг­лая скоб­ка . \"></span><span data-width=\"615\" data-formulahash=\"62a2dcb8d58703c7abe18fe29e4da70c\" class=\"tex-span\" style=\"display:none\"><img src=\"https://ege.sdamgia.ru/formula/svg/6b/6bfe6e61c4b5e448758e516a8466e9d7.svg\" class=\"tex\" style=\"vertical-align:-1.8pt\" alt=\"KN в квад­ра­те =KC в квад­ра­те плюс CN в квад­ра­те минус 2 \\codt KC умно­жить на CN умно­жить на ко­си­нус 150 гра­ду­сов =\"><br><img src=\"https://ege.sdamgia.ru/formula/svg/79/7953c9466ada196bc8094808fc724022.svg\" class=\"tex\" style=\"vertical-align:-8.4pt\" alt=\"= x в квад­ра­те плюс левая круг­лая скоб­ка x левая круг­лая скоб­ка ко­рень из: на­ча­ло ар­гу­мен­та: 3 конец ар­гу­мен­та минус 1 пра­вая круг­лая скоб­ка пра­вая круг­лая скоб­ка в квад­ра­те плюс 2x в квад­ра­те левая круг­лая скоб­ка ко­рень из: на­ча­ло ар­гу­мен­та: 3 конец ар­гу­мен­та минус 1 пра­вая круг­лая скоб­ка умно­жить на дробь: чис­ли­тель: 1, зна­ме­на­тель: 2 конец дроби =x в квад­ра­те левая круг­лая скоб­ка 8 минус 3 ко­рень из: на­ча­ло ар­гу­мен­та: 3 конец ар­гу­мен­та пра­вая круг­лая скоб­ка . \"></span><span data-width=\"340\" data-formulahash=\"62a2dcb8d58703c7abe18fe29e4da70c\" class=\"tex-span\" style=\"display:none\"><img src=\"https://ege.sdamgia.ru/formula/svg/6b/6bfe6e61c4b5e448758e516a8466e9d7.svg\" class=\"tex\" style=\"vertical-align:-1.8pt\" alt=\"KN в квад­ра­те =KC в квад­ра­те плюс CN в квад­ра­те минус 2 \\codt KC умно­жить на CN умно­жить на ко­си­нус 150 гра­ду­сов =\"><br><img src=\"https://ege.sdamgia.ru/formula/svg/43/43ace17182b9f9b112001c5b9b248a01.svg\" class=\"tex\" style=\"vertical-align:-8.4pt\" alt=\"= x в квад­ра­те плюс левая круг­лая скоб­ка x левая круг­лая скоб­ка ко­рень из: на­ча­ло ар­гу­мен­та: 3 конец ар­гу­мен­та минус 1 пра­вая круг­лая скоб­ка пра­вая круг­лая скоб­ка в квад­ра­те плюс 2x в квад­ра­те левая круг­лая скоб­ка ко­рень из: на­ча­ло ар­гу­мен­та: 3 конец ар­гу­мен­та минус 1 пра­вая круг­лая скоб­ка умно­жить на дробь: чис­ли­тель: 1, зна­ме­на­тель: 2 конец дроби =\"><br><img src=\"https://ege.sdamgia.ru/formula/svg/fb/fb042a4be86465df3c45a619c61c8b47.svg\" class=\"tex\" style=\"vertical-align:-3.7pt\" alt=\"=x в квад­ра­те левая круг­лая скоб­ка 8 минус 3 ко­рень из: на­ча­ло ар­гу­мен­та: 3 конец ар­гу­мен­та пра­вая круг­лая скоб­ка . \"></span></p><p class=\"left_margin\"></p></center><p class=\"left_margin\">Под­ста­вив <img src=\"https://ege.sdamgia.ru/formula/svg/2a/2a20900fcb893d5edfd23a4c8b9e2478.svg\" class=\"tex\" style=\"vertical-align:-4.9pt\" alt=\"x= ко­рень из: на­ча­ло ар­гу­мен­та: 8 плюс 3 ко­рень из: на­ча­ло ар­гу­мен­та: 3 конец ар­гу­мен­та конец ар­гу­мен­та ,\"> по­лу­чим <i>KN</i>  =  37, от­ку­да <i>KN</i>  =  <img src=\"https://ege.sdamgia.ru/formula/svg/f0/f01e32b7c2773d5c61ccbee8c7325c87.svg\" class=\"tex\" style=\"vertical-align:-1.8pt\" alt=\" ко­рень из: на­ча­ло ар­гу­мен­та: 37 конец ар­гу­мен­та .\"></p></div>",
        "image_urls": [
            "https://ege.sdamgia.ru/formula/svg/a1/a15a5514599ac78adf46b3063efaedde.svg",
            "https://ege.sdamgia.ru/formula/svg/58/58c20b6975e8f104fb209ba60a72f6b3.svg",
            "https://ege.sdamgia.ru/formula/svg/a2/a246582eda1fdc9f86db5f990a5d04f8.svg",
            "https://ege.sdamgia.ru/formula/svg/af/af68f7f6b4c5cc00d165f810ef12e94d.svg",
            "https://ege.sdamgia.ru/formula/svg/99/99cb2ce6d8d67c658bebb47c000b3079.svg",
            "https://ege.sdamgia.ru/formula/svg/39/399cd0146f036134c864e233eaeef8f1.svg",
            "https://ege.sdamgia.ru/formula/svg/46/46ba34e2301114f45bb6cb01a2d2f2fa.svg",
            "https://ege.sdamgia.ru/formula/svg/40/401fec316079bdd0e6ed995052a58c81.svg",
            "https://ege.sdamgia.ru/formula/svg/4f/4ffe276963c8f5e78fbe36266de156e2.svg",
            "https://ege.sdamgia.ru/formula/svg/25/257534b14087066f94a2417e2cb3bdde.svg",
            "https://ege.sdamgia.ru/formula/svg/e9/e9181b50d4f141732e3c432f0eab3bbc.svg",
            "https://ege.sdamgia.ru/formula/svg/4f/4ffe276963c8f5e78fbe36266de156e2.svg",
            "https://ege.sdamgia.ru/formula/svg/44/449824746b1d07cb05719061f84209a4.svg",
            "https://ege.sdamgia.ru/formula/svg/cd/cd7cda98920395a38f8566142e4f7b16.svg",
            "https://ege.sdamgia.ru/formula/svg/3e/3ee3307ef322555c596577e6d31813fe.svg",
            "https://ege.sdamgia.ru/formula/svg/26/26bc5d60065015d057d649578d0a9cac.svg",
            "https://ege.sdamgia.ru/formula/svg/b6/b6935a664f58ce3fb78c5f2f25ffa0e4.svg",
            "https://ege.sdamgia.ru/formula/svg/3e/3ee3307ef322555c596577e6d31813fe.svg",
            "https://ege.sdamgia.ru/formula/svg/60/602f2caeca686d20867f310adee070c3.svg",
            "https://ege.sdamgia.ru/formula/svg/eb/eb6e8380a5febe6d99cd3029ce2faa60.svg",
            "https://ege.sdamgia.ru/formula/svg/e8/e8f8da537256918cf51cc13322f5a6f9.svg",
            "https://ege.sdamgia.ru/formula/svg/25/257534b14087066f94a2417e2cb3bdde.svg",
            "https://ege.sdamgia.ru/formula/svg/79/79fdda518ad4626ac9addb5c2e7f3faa.svg",
            "https://ege.sdamgia.ru/formula/svg/eb/eb6e8380a5febe6d99cd3029ce2faa60.svg",
            "https://ege.sdamgia.ru/formula/svg/e8/e8f8da537256918cf51cc13322f5a6f9.svg",
            "https://ege.sdamgia.ru/formula/svg/25/257534b14087066f94a2417e2cb3bdde.svg",
            "https://ege.sdamgia.ru/formula/svg/79/79fdda518ad4626ac9addb5c2e7f3faa.svg",
            "https://ege.sdamgia.ru/formula/svg/eb/eb6e8380a5febe6d99cd3029ce2faa60.svg",
            "https://ege.sdamgia.ru/formula/svg/93/932cc870705fe309a493b182c9e49ff4.svg",
            "https://ege.sdamgia.ru/formula/svg/73/73ac46d391c18d7ec0dd752adb563503.svg",
            "https://ege.sdamgia.ru/formula/svg/0c/0c30fd71a321d053cf19428c7f6a0db8.svg",
            "https://ege.sdamgia.ru/formula/svg/0c/0c30fd71a321d053cf19428c7f6a0db8.svg",
            "https://ege.sdamgia.ru/formula/svg/96/96d85292eca77e3eedabfa7d1ec0ec84.svg",
            "https://ege.sdamgia.ru/formula/svg/59/594d64b6b396ee1f735765cf5fcf2d18.svg",
            "https://ege.sdamgia.ru/formula/svg/0e/0e31f3eeb30728f368cf8284c9a0f208.svg",
            "https://ege.sdamgia.ru/formula/svg/59/594d64b6b396ee1f735765cf5fcf2d18.svg",
            "https://ege.sdamgia.ru/formula/svg/31/31123845346525f64763a4baaa8bb85d.svg",
            "https://ege.sdamgia.ru/formula/svg/1e/1e4269c2d550ae361e9b05b3f1a24897.svg",
            "https://ege.sdamgia.ru/formula/svg/21/210513e3d04339b4c749845860fb29d2.svg",
            "https://ege.sdamgia.ru/formula/svg/62/62a2dcb8d58703c7abe18fe29e4da70c.svg",
            "https://ege.sdamgia.ru/formula/svg/6b/6bfe6e61c4b5e448758e516a8466e9d7.svg",
            "https://ege.sdamgia.ru/formula/svg/79/7953c9466ada196bc8094808fc724022.svg",
            "https://ege.sdamgia.ru/formula/svg/6b/6bfe6e61c4b5e448758e516a8466e9d7.svg",
            "https://ege.sdamgia.ru/formula/svg/43/43ace17182b9f9b112001c5b9b248a01.svg",
            "https://ege.sdamgia.ru/formula/svg/fb/fb042a4be86465df3c45a619c61c8b47.svg",
            "https://ege.sdamgia.ru/formula/svg/2a/2a20900fcb893d5edfd23a4c8b9e2478.svg",
            "https://ege.sdamgia.ru/formula/svg/f0/f01e32b7c2773d5c61ccbee8c7325c87.svg",
            "/get_file?id=147955"
        ]
    },
    "answer": "б)",
    "topic_id": 17,
    "analog_ids": []
}