{
    "gia_type": "ege",
    "subject": "math",
    "id": 632969,
    "condition": {
        "text": "На сторонах AB, BC и AD квадрата ABCD взяты соответственно точки M , K и N, такие, что   и а)  Докажите, что площадь четырехугольника MKCN составляет  площади квадрата ABCD.б)  Найдите синус угла между диагоналями четырехугольника MKCN.",
        "html": "<div align=\"justify\" width=\"100%\" id=\"body509557\" class=\"pbody\"><p class=\"left_margin\">На сто­ро­нах <i>AB, BC</i> и <i>AD</i> квад­ра­та <i>ABCD</i> взяты со­от­вет­ствен­но точки <i>M , K</i> и <i>N,</i> такие, что <img src=\"https://ege.sdamgia.ru/formula/svg/ea/ea2e2f56aed6af1a8e55c92ef93cef6f.svg\" class=\"tex\" style=\"vertical-align:-3.0pt\" alt=\" AM : MB =3: 1,\"> <img src=\"https://ege.sdamgia.ru/formula/svg/ef/ef33df42066cded19822673793820d91.svg\" class=\"tex\" style=\"vertical-align:-1.8pt\" alt=\" BK : KC =2: 1\"> и <img src=\"https://ege.sdamgia.ru/formula/svg/ce/ce6dfe7755c96baf9110c862a075707a.svg\" class=\"tex\" style=\"vertical-align:-1.8pt\" alt=\" AN : ND =1: 2.\"></p><p class=\"left_margin\">а)  До­ка­жи­те, что пло­щадь че­ты­рех­уголь­ни­ка <i>MKCN</i> со­став­ля­ет <img src=\"https://ege.sdamgia.ru/formula/svg/0c/0c18a3569386775b6c85d04e88bc47e7.svg\" class=\"tex\" style=\"vertical-align:-8.4pt\" alt=\" дробь: чис­ли­тель: 11, зна­ме­на­тель: 24 конец дроби \"> пло­ща­ди квад­ра­та <i>ABCD</i>.</p><p class=\"left_margin\">б)  Най­ди­те синус угла между диа­го­на­ля­ми че­ты­рех­уголь­ни­ка <i>MKCN</i>.</p></div>",
        "image_urls": [
            "https://ege.sdamgia.ru/formula/svg/ea/ea2e2f56aed6af1a8e55c92ef93cef6f.svg",
            "https://ege.sdamgia.ru/formula/svg/ef/ef33df42066cded19822673793820d91.svg",
            "https://ege.sdamgia.ru/formula/svg/ce/ce6dfe7755c96baf9110c862a075707a.svg",
            "https://ege.sdamgia.ru/formula/svg/0c/0c18a3569386775b6c85d04e88bc47e7.svg"
        ]
    },
    "solution": {
        "text": "Решение. а)  Пусть  и  Тогда    следовательно,б)  Вычислим по теореме Пифагора KN и CM:  Пусть α   — угол между диагоналями MKCN. Запишем двумя способами площадь MKCN, получим:откуда  Ответ: ",
        "html": "<div align=\"justify\" width=\"100%\" id=\"sol632969\" class=\"solution\" style=\"clear:both;\" class=\"pbody\"><p class=\"left_margin\"></p><b>Ре­ше­ние<!--rule_info-->. </b><p class=\"left_margin\"><img src=\"/get_file?id=116382\" style=\"float:right;margin:10px;max-width:100%\">а)  Пусть <img src=\"https://ege.sdamgia.ru/formula/svg/39/3948bca9ad46459bddfdf81d75bb7efa.svg\" class=\"tex\" style=\"vertical-align:-1.8pt\" alt=\"AB=a\"> и <img src=\"https://ege.sdamgia.ru/formula/svg/c1/c1cccaf0d08f8cdf4df87b7876a3aa59.svg\" class=\"tex\" style=\"vertical-align:-2.6pt\" alt=\"S_ABCD=a в квад­ра­те .\"> Тогда</p><p></p><div class=\"flex-math\"><p><img src=\"https://ege.sdamgia.ru/formula/svg/82/82d3913ddff16dad42feec65a9102147.svg\" class=\"tex\" style=\"vertical-align:-8.5pt\" alt=\"S_MBK= дробь: чис­ли­тель: 1, зна­ме­на­тель: 2 конец дроби умно­жить на дробь: чис­ли­тель: a, зна­ме­на­тель: 4 конец дроби умно­жить на дробь: чис­ли­тель: 2a, зна­ме­на­тель: 3 конец дроби = дробь: чис­ли­тель: a в квад­ра­те , зна­ме­на­тель: 12 конец дроби , \"> <img src=\"https://ege.sdamgia.ru/formula/svg/60/600c8d9ec766ab64ff222c179f7bae01.svg\" class=\"tex\" style=\"vertical-align:-8.5pt\" alt=\"S_NDC= дробь: чис­ли­тель: 1, зна­ме­на­тель: 2 конец дроби умно­жить на a умно­жить на дробь: чис­ли­тель: 2a, зна­ме­на­тель: 3 конец дроби = дробь: чис­ли­тель: a в квад­ра­те , зна­ме­на­тель: 3 конец дроби , \"> <img src=\"https://ege.sdamgia.ru/formula/svg/4b/4bfe955d130ea7db301fd5250d53e726.svg\" class=\"tex\" style=\"vertical-align:-8.5pt\" alt=\"S_AMN= дробь: чис­ли­тель: 1, зна­ме­на­тель: 2 конец дроби умно­жить на дробь: чис­ли­тель: 3a, зна­ме­на­тель: 4 конец дроби умно­жить на дробь: чис­ли­тель: a, зна­ме­на­тель: 3 конец дроби = дробь: чис­ли­тель: a в квад­ра­те , зна­ме­на­тель: 8 конец дроби , \"> </p><p></p></div><p> сле­до­ва­тель­но,</p><p class=\"left_margin\"></p><center><p><img src=\"https://ege.sdamgia.ru/formula/svg/05/05efa6331b472bf367c431b13c8af868.svg\" class=\"tex\" style=\"vertical-align:-11.1pt\" alt=\"S_MKCN=a в квад­ра­те минус дробь: чис­ли­тель: a в квад­ра­те , зна­ме­на­тель: 12 конец дроби минус дробь: чис­ли­тель: a в квад­ра­те , зна­ме­на­тель: 3 конец дроби минус дробь: чис­ли­тель: a в квад­ра­те , зна­ме­на­тель: 8 конец дроби =a в квад­ра­те левая круг­лая скоб­ка 1 минус дробь: чис­ли­тель: 2, зна­ме­на­тель: 24 конец дроби минус дробь: чис­ли­тель: 8, зна­ме­на­тель: 24 конец дроби минус дробь: чис­ли­тель: 3, зна­ме­на­тель: 24 конец дроби пра­вая круг­лая скоб­ка = дробь: чис­ли­тель: 11a в квад­ра­те , зна­ме­на­тель: 24 конец дроби . \"></p><p class=\"left_margin\"></p></center><p class=\"left_margin\">б)  Вы­чис­лим по тео­ре­ме Пи­фа­го­ра <i>KN</i> и <i>CM</i>:</p><p></p><div class=\"flex-math\"><p><img src=\"https://ege.sdamgia.ru/formula/svg/94/94070d293d8464be79cc67495a922185.svg\" class=\"tex\" style=\"vertical-align:-9.4pt\" alt=\"KN= ко­рень из: на­ча­ло ар­гу­мен­та: a в квад­ра­те плюс левая круг­лая скоб­ка дробь: чис­ли­тель: a, зна­ме­на­тель: 3 конец дроби пра­вая круг­лая скоб­ка в квад­ра­те конец ар­гу­мен­та = дробь: чис­ли­тель: a ко­рень из: на­ча­ло ар­гу­мен­та: 10 конец ар­гу­мен­та , зна­ме­на­тель: 3 конец дроби , \"> <img src=\"https://ege.sdamgia.ru/formula/svg/7e/7e5e24b74e83aff67074fdb7c3423907.svg\" class=\"tex\" style=\"vertical-align:-8.8pt\" alt=\"CM= ко­рень из: на­ча­ло ар­гу­мен­та: a в квад­ра­те плюс дробь: чис­ли­тель: a в квад­ра­те , зна­ме­на­тель: 16 конец дроби конец ар­гу­мен­та = дробь: чис­ли­тель: a ко­рень из: на­ча­ло ар­гу­мен­та: 17 конец ар­гу­мен­та , зна­ме­на­тель: 4 конец дроби . \"></p><p></p></div><p> Пусть α   — угол между диа­го­на­ля­ми <i>MKCN</i>. За­пи­шем двумя спо­со­ба­ми пло­щадь <i>MKCN</i>, по­лу­чим:</p><p class=\"left_margin\"></p><center><p><img src=\"https://ege.sdamgia.ru/formula/svg/41/410bb4d09b008229f14378c8e739b28f.svg\" class=\"tex\" style=\"vertical-align:-8.5pt\" alt=\" дробь: чис­ли­тель: 1, зна­ме­на­тель: 2 конец дроби умно­жить на дробь: чис­ли­тель: a ко­рень из: на­ча­ло ар­гу­мен­та: 10 конец ар­гу­мен­та , зна­ме­на­тель: 3 конец дроби умно­жить на дробь: чис­ли­тель: a ко­рень из: на­ча­ло ар­гу­мен­та: 17 конец ар­гу­мен­та , зна­ме­на­тель: 4 конец дроби умно­жить на синус альфа = дробь: чис­ли­тель: 11a в квад­ра­те , зна­ме­на­тель: 24 конец дроби , \"></p><p class=\"left_margin\"></p></center><p>от­ку­да <img src=\"https://ege.sdamgia.ru/formula/svg/b9/b9078ea1372f2f94f5ec72e4839ee617.svg\" class=\"tex\" style=\"vertical-align:-11.0pt\" alt=\" синус альфа = дробь: чис­ли­тель: 11, зна­ме­на­тель: ко­рень из: на­ча­ло ар­гу­мен­та: 170 конец ар­гу­мен­та конец дроби . \"></p><p>&nbsp;</p><p><span style=\"letter-spacing: 2px;\">Ответ:</span> <img src=\"https://ege.sdamgia.ru/formula/svg/b9/b9078ea1372f2f94f5ec72e4839ee617.svg\" class=\"tex\" style=\"vertical-align:-11.0pt\" alt=\" синус альфа = дробь: чис­ли­тель: 11, зна­ме­на­тель: ко­рень из: на­ча­ло ар­гу­мен­та: 170 конец ар­гу­мен­та конец дроби . \"></p></div>",
        "image_urls": [
            "https://ege.sdamgia.ru/formula/svg/39/3948bca9ad46459bddfdf81d75bb7efa.svg",
            "https://ege.sdamgia.ru/formula/svg/c1/c1cccaf0d08f8cdf4df87b7876a3aa59.svg",
            "https://ege.sdamgia.ru/formula/svg/82/82d3913ddff16dad42feec65a9102147.svg",
            "https://ege.sdamgia.ru/formula/svg/60/600c8d9ec766ab64ff222c179f7bae01.svg",
            "https://ege.sdamgia.ru/formula/svg/4b/4bfe955d130ea7db301fd5250d53e726.svg",
            "https://ege.sdamgia.ru/formula/svg/05/05efa6331b472bf367c431b13c8af868.svg",
            "https://ege.sdamgia.ru/formula/svg/94/94070d293d8464be79cc67495a922185.svg",
            "https://ege.sdamgia.ru/formula/svg/7e/7e5e24b74e83aff67074fdb7c3423907.svg",
            "https://ege.sdamgia.ru/formula/svg/41/410bb4d09b008229f14378c8e739b28f.svg",
            "https://ege.sdamgia.ru/formula/svg/b9/b9078ea1372f2f94f5ec72e4839ee617.svg",
            "https://ege.sdamgia.ru/formula/svg/b9/b9078ea1372f2f94f5ec72e4839ee617.svg",
            "/get_file?id=116382"
        ]
    },
    "answer": "",
    "topic_id": 17,
    "analog_ids": []
}