{
    "gia_type": "ege",
    "subject": "math",
    "id": 633561,
    "condition": {
        "text": "В трапеции АВCD с основаниями BC и AD угол ABC прямой. Прямая, перпендикулярная стороне CD, пересекает сторону AB в точке M, а сторону CD  — в точке N, DH  — перпендикуляр, проведенный из точки D к прямой MC.а)  Докажите, что расстояние от точки А до прямой ВN равно б)  Найдите отношение боковых сторон трапеции, если  и ",
        "html": "<div align=\"justify\" width=\"100%\" id=\"body508965\" class=\"pbody\"><p class=\"left_margin\">В тра­пе­ции <i>АВCD</i> с ос­но­ва­ни­я­ми <i>BC</i> и <i>AD</i> угол <i>ABC</i> пря­мой. Пря­мая, пер­пен­ди­ку­ляр­ная сто­ро­не <i>CD</i>, пе­ре­се­ка­ет сто­ро­ну <i>AB</i> в точке <i>M</i>, а сто­ро­ну <i>CD</i>  — в точке <i>N</i>, <i>DH</i>  — пер­пен­ди­ку­ляр, про­ве­ден­ный из точки <i>D</i> к пря­мой <i>MC</i>.</p><p class=\"left_margin\">а)  До­ка­жи­те, что рас­сто­я­ние от точки <i>А</i> до пря­мой <i>ВN</i> равно <img src=\"https://ege.sdamgia.ru/formula/svg/ac/acbed6e8cf19b76df2461c74cdc3aba9.svg\" class=\"tex\" style=\"vertical-align:-8.5pt\" alt=\" дробь: чис­ли­тель: B N умно­жить на D H, зна­ме­на­тель: M C конец дроби . \"></p><p class=\"left_margin\">б)  Най­ди­те от­но­ше­ние бо­ко­вых сто­рон тра­пе­ции, если <img src=\"https://ege.sdamgia.ru/formula/svg/e9/e9ac132f7ca025fdf31d30b615213f20.svg\" class=\"tex\" style=\"vertical-align:-1.8pt\" alt=\"M C=4\"> и <img src=\"https://ege.sdamgia.ru/formula/svg/06/06785c9ba245abbb4a8dd58dfe35f399.svg\" class=\"tex\" style=\"vertical-align:-1.8pt\" alt=\"B N=2.\"></p></div>",
        "image_urls": [
            "https://ege.sdamgia.ru/formula/svg/ac/acbed6e8cf19b76df2461c74cdc3aba9.svg",
            "https://ege.sdamgia.ru/formula/svg/e9/e9ac132f7ca025fdf31d30b615213f20.svg",
            "https://ege.sdamgia.ru/formula/svg/06/06785c9ba245abbb4a8dd58dfe35f399.svg"
        ]
    },
    "solution": {
        "text": "Решение. а)  Заметим, что четырехугольник MBCN вписан в окружность с диаметром MC. По теореме синусов, Углы ABN и MCN равны как вписанные. Тогда Пусть x  — расстояние от A до BN. Тогда  Что и требовалось доказать.б)  Из пункта а) следует, что  Поскольку  получаем:  Ответ: б)  Приведем решение Ирины Шраго.а)  Заметим, что четырехугольник MBCN вписан в окружность с диаметром MC, тогда  Четырехугольник AMND  вписан в окружность с диаметром MD, тогда  Следовательно, треугольники ABN и DCM подобны по двум углам, и отношение их высот равно отношению сторон, к которым эти высоты проведены.Пусть K  — основание перпендикуляра, опущенного из точки A на прямую BN, тогда Из первого равенства получим  что и требовалось доказать.б)  По доказанному в пункте а)",
        "html": "<div align=\"justify\" width=\"100%\" id=\"sol633561\" class=\"solution\" style=\"clear:both;\" class=\"pbody\"><p class=\"left_margin\"></p><b>Ре­ше­ние<!--rule_info-->. </b><p class=\"left_margin\"><img src=\"/get_file?id=118686\" style=\"float:right;margin:10px;max-width:100%\">а)  За­ме­тим, что че­ты­рех­уголь­ник <i>MBCN</i> впи­сан в окруж­ность с диа­мет­ром <i>MC</i>. По тео­ре­ме си­ну­сов,</p><p class=\"left_margin\"></p><center><p><img src=\"https://ege.sdamgia.ru/formula/svg/f3/f341fa9df15f7fd82335cd3346958122.svg\" class=\"tex\" style=\"vertical-align:-1.8pt\" alt=\"BN=MC умно­жить на синус \\angle BCN=MC умно­жить на синус \\angle ADC.\"></p><p class=\"left_margin\"></p></center><p> Углы <i>ABN</i> и <i>MCN</i> равны как впи­сан­ные. Тогда </p><p class=\"left_margin\"></p><center><p><img src=\"https://ege.sdamgia.ru/formula/svg/4c/4c96730340098d4d54d2cc51b3d81fa4.svg\" class=\"tex\" style=\"vertical-align:-1.8pt\" alt=\"DH=CD умно­жить на синус \\angle DCH=CD умно­жить на синус \\angle MCN=CD умно­жить на синус \\angle ABN.\"></p><p class=\"left_margin\"></p></center><p class=\"left_margin\">Пусть <i>x</i>  — рас­сто­я­ние от <i>A</i> до <i>BN</i>. Тогда </p><p class=\"left_margin\"></p><center><p><span data-width=\"640\" data-formulahash=\"fc6360b0588a942ca00f1792ada76fbe\" class=\"tex-span\" style=\"\"><img src=\"https://ege.sdamgia.ru/formula/svg/fc/fc6360b0588a942ca00f1792ada76fbe.svg\" class=\"tex\" style=\"vertical-align:-8.4pt\" alt=\"x=AB умно­жить на синус \\angle ABN= CD умно­жить на синус \\angle ADC умно­жить на синус \\angle ABN=DH умно­жить на синус \\angle ADC= дробь: чис­ли­тель: DH умно­жить на BN, зна­ме­на­тель: MC конец дроби . \"></span><span data-width=\"515\" data-formulahash=\"fc6360b0588a942ca00f1792ada76fbe\" class=\"tex-span\" style=\"display:none\"><img src=\"https://ege.sdamgia.ru/formula/svg/79/79746523af0c1a679fb3cc61d6a4bf89.svg\" class=\"tex\" style=\"vertical-align:-1.8pt\" alt=\"x=AB умно­жить на синус \\angle ABN= CD умно­жить на синус \\angle ADC умно­жить на синус \\angle ABN=\"><br><img src=\"https://ege.sdamgia.ru/formula/svg/05/05906d3fb29c7684e70158d752b024fb.svg\" class=\"tex\" style=\"vertical-align:-8.5pt\" alt=\"=DH умно­жить на синус \\angle ADC= дробь: чис­ли­тель: DH умно­жить на BN, зна­ме­на­тель: MC конец дроби . \"></span></p><p class=\"left_margin\"></p></center><p> Что и тре­бо­ва­лось до­ка­зать.</p><p class=\"left_margin\">б)  Из пунк­та а) сле­ду­ет, что <img src=\"https://ege.sdamgia.ru/formula/svg/91/917b51733568c5dc3647319f67077ac7.svg\" class=\"tex\" style=\"vertical-align:-8.5pt\" alt=\" дробь: чис­ли­тель: BN, зна­ме­на­тель: MC конец дроби = синус ADC= дробь: чис­ли­тель: 1, зна­ме­на­тель: 2 конец дроби . \"> По­сколь­ку <img src=\"https://ege.sdamgia.ru/formula/svg/c2/c287082a8a2f3023f5a38f544c1ed6df.svg\" class=\"tex\" style=\"vertical-align:-8.4pt\" alt=\" дробь: чис­ли­тель: AB, зна­ме­на­тель: CD конец дроби = синус ADC, \"> по­лу­ча­ем: <img src=\"https://ege.sdamgia.ru/formula/svg/da/da387ea71f5b5548f23d8dac0dc97fba.svg\" class=\"tex\" style=\"vertical-align:-1.8pt\" alt=\" AB : CD = 1 : 2.\"></p><p>&nbsp;</p><p><span style=\"letter-spacing: 2px;\">Ответ:</span> б) <img src=\"https://ege.sdamgia.ru/formula/svg/90/90e328c7b5f5bdc0da1a588324ad8daf.svg\" class=\"tex\" style=\"vertical-align:-8.4pt\" alt=\" дробь: чис­ли­тель: 1, зна­ме­на­тель: 2 конец дроби .\"></p><p>&nbsp;</p><p><b>При­ве­дем ре­ше­ние Ирины Шраго.</b></p><p class=\"left_margin\">а)  За­ме­тим, что че­ты­рех­уголь­ник <i>MBCN</i> впи­сан в окруж­ность с диа­мет­ром <i>MC</i>, тогда <img src=\"https://ege.sdamgia.ru/formula/svg/d7/d75f516ee1b7714d8ca1aa62f8e1fd56.svg\" class=\"tex\" style=\"vertical-align:-1.8pt\" alt=\"\\angle MBN= \\angle MCN.\"> Че­ты­рех­уголь­ник <i>AMND</i>  впи­сан в окруж­ность с диа­мет­ром <i>MD</i>, тогда <img src=\"https://ege.sdamgia.ru/formula/svg/8d/8d2bc38bafa405755c21f642fcaa4fd1.svg\" class=\"tex\" style=\"vertical-align:-1.8pt\" alt=\"\\angle MAN= \\angle MDN.\"> Сле­до­ва­тель­но, тре­уголь­ни­ки <i>ABN</i> и <i>DCM</i> по­доб­ны по двум углам, и от­но­ше­ние их высот равно от­но­ше­нию сто­рон, к ко­то­рым эти вы­со­ты про­ве­де­ны.</p><p class=\"left_margin\">Пусть <i>K</i>  — ос­но­ва­ние пер­пен­ди­ку­ля­ра, опу­щен­но­го из точки <i>A</i> на пря­мую <i>BN</i>, тогда </p><p class=\"left_margin\"></p><center><p><img src=\"https://ege.sdamgia.ru/formula/svg/4f/4f61a738faec088e3c2f0e5c423c5af0.svg\" class=\"tex\" style=\"vertical-align:-8.4pt\" alt=\" дробь: чис­ли­тель: AK, зна­ме­на­тель: DH конец дроби = дробь: чис­ли­тель: BN, зна­ме­на­тель: MC конец дроби = дробь: чис­ли­тель: AB, зна­ме­на­тель: CD конец дроби . \"></p><p class=\"left_margin\"></p></center><p class=\"left_margin\">Из пер­во­го ра­вен­ства по­лу­чим <img src=\"https://ege.sdamgia.ru/formula/svg/11/11cbd1eeea6e2206dfca7225f3c636df.svg\" class=\"tex\" style=\"vertical-align:-8.5pt\" alt=\"AK= дробь: чис­ли­тель: BN умно­жить на DH, зна­ме­на­тель: MC конец дроби , \"> что и тре­бо­ва­лось до­ка­зать.</p><p class=\"left_margin\">б)  По до­ка­зан­но­му в пунк­те а)</p><p class=\"left_margin\"></p><center><p><img src=\"https://ege.sdamgia.ru/formula/svg/3b/3b5863cb66da89048964a979181b1a3f.svg\" class=\"tex\" style=\"vertical-align:-8.4pt\" alt=\" дробь: чис­ли­тель: AB, зна­ме­на­тель: CD конец дроби = дробь: чис­ли­тель: BN, зна­ме­на­тель: MC конец дроби = дробь: чис­ли­тель: 1, зна­ме­на­тель: 2 конец дроби . \"></p><p class=\"left_margin\"></p></center></div>",
        "image_urls": [
            "https://ege.sdamgia.ru/formula/svg/f3/f341fa9df15f7fd82335cd3346958122.svg",
            "https://ege.sdamgia.ru/formula/svg/4c/4c96730340098d4d54d2cc51b3d81fa4.svg",
            "https://ege.sdamgia.ru/formula/svg/fc/fc6360b0588a942ca00f1792ada76fbe.svg",
            "https://ege.sdamgia.ru/formula/svg/79/79746523af0c1a679fb3cc61d6a4bf89.svg",
            "https://ege.sdamgia.ru/formula/svg/05/05906d3fb29c7684e70158d752b024fb.svg",
            "https://ege.sdamgia.ru/formula/svg/91/917b51733568c5dc3647319f67077ac7.svg",
            "https://ege.sdamgia.ru/formula/svg/c2/c287082a8a2f3023f5a38f544c1ed6df.svg",
            "https://ege.sdamgia.ru/formula/svg/da/da387ea71f5b5548f23d8dac0dc97fba.svg",
            "https://ege.sdamgia.ru/formula/svg/90/90e328c7b5f5bdc0da1a588324ad8daf.svg",
            "https://ege.sdamgia.ru/formula/svg/d7/d75f516ee1b7714d8ca1aa62f8e1fd56.svg",
            "https://ege.sdamgia.ru/formula/svg/8d/8d2bc38bafa405755c21f642fcaa4fd1.svg",
            "https://ege.sdamgia.ru/formula/svg/4f/4f61a738faec088e3c2f0e5c423c5af0.svg",
            "https://ege.sdamgia.ru/formula/svg/11/11cbd1eeea6e2206dfca7225f3c636df.svg",
            "https://ege.sdamgia.ru/formula/svg/3b/3b5863cb66da89048964a979181b1a3f.svg",
            "/get_file?id=118686"
        ]
    },
    "answer": "б)",
    "topic_id": 17,
    "analog_ids": []
}