{
    "gia_type": "ege",
    "subject": "math",
    "id": 633983,
    "condition": {
        "text": "Дана равнобедренная трапеция ABCD. На боковой стороне AB и большем основании AD взяты соответственно точки K и L так, что прямые KL и CD параллельны и CK  =  DL.а)  Докажите, что б)  Найдите площадь трапеции АВСD, если   и ",
        "html": "<div align=\"justify\" width=\"100%\" id=\"body508547\" class=\"pbody\"><p class=\"left_margin\">Дана рав­но­бед­рен­ная тра­пе­ция <i>ABCD</i>. На бо­ко­вой сто­ро­не <i>AB</i> и боль­шем ос­но­ва­нии <i>AD</i> взяты со­от­вет­ствен­но точки <i>K</i> и <i>L</i> так, что пря­мые <i>KL</i> и <i>CD</i> па­рал­лель­ны и <i>CK</i>  =  <i>DL</i>.</p><p class=\"left_margin\">а)  До­ка­жи­те, что <img src=\"https://ege.sdamgia.ru/formula/svg/91/911fd94afd64071689348ae4a70c7e6b.svg\" class=\"tex\" style=\"vertical-align:-1.8pt\" alt=\"\\angle B C K=\\angle A K L.\"></p><p class=\"left_margin\">б)  Най­ди­те пло­щадь тра­пе­ции <i>АВСD</i>, если <img src=\"https://ege.sdamgia.ru/formula/svg/a0/a03f31efc6ae2e7529011139772f8774.svg\" class=\"tex\" style=\"vertical-align:-3.0pt\" alt=\"K L=12,\"> <img src=\"https://ege.sdamgia.ru/formula/svg/5e/5ef6d6c2e7240aa7b2bf8c507d11c15e.svg\" class=\"tex\" style=\"vertical-align:-3.0pt\" alt=\"D L=2,5 B K\"> и <img src=\"https://ege.sdamgia.ru/formula/svg/9b/9bf9aa749bff96fc0c6e7f1ae9cb5b30.svg\" class=\"tex\" style=\"vertical-align:-2.6pt\" alt=\" S_C D L K=26 ко­рень из: на­ча­ло ар­гу­мен­та: 6 конец ар­гу­мен­та .\"></p></div>",
        "image_urls": [
            "https://ege.sdamgia.ru/formula/svg/91/911fd94afd64071689348ae4a70c7e6b.svg",
            "https://ege.sdamgia.ru/formula/svg/a0/a03f31efc6ae2e7529011139772f8774.svg",
            "https://ege.sdamgia.ru/formula/svg/5e/5ef6d6c2e7240aa7b2bf8c507d11c15e.svg",
            "https://ege.sdamgia.ru/formula/svg/9b/9bf9aa749bff96fc0c6e7f1ae9cb5b30.svg"
        ]
    },
    "solution": {
        "text": "Решение. а)  Заметим, что четырехугольник KCDL  — равнобедренная трапеция, поэтому  Основания KL и CD параллельны, поэтому откуда  Тем самым б)  Пусть  тогда  и  Пусть отрезок LH  — высота трапеции KCDL, следовательно, откуда  Тогда откуда  то есть  а значит,  Заметим, что следовательно, в трапеции трапеции ABCD высота  Тогда  откуда  и   Находим основание BC: Таким образом, для площади равнобедренной трапеции ABCD получаем:Ответ: б) ",
        "html": "<div align=\"justify\" width=\"100%\" id=\"sol633983\" class=\"solution\" style=\"clear:both;\" class=\"pbody\"><p class=\"left_margin\"></p><b>Ре­ше­ние<!--rule_info-->. </b><p class=\"left_margin\"><img src=\"/get_file?id=118022\" style=\"float:right;margin:10px;max-width:100%\">а)  За­ме­тим, что че­ты­рех­уголь­ник <i>KCDL</i>  — рав­но­бед­рен­ная тра­пе­ция, по­это­му <img src=\"https://ege.sdamgia.ru/formula/svg/03/03faa0ea083d07a9ed60598e1e072981.svg\" class=\"tex\" style=\"vertical-align:-1.8pt\" alt=\"\\angle KCD=\\angle CDL.\"> Ос­но­ва­ния <i>KL</i> и <i>CD</i> па­рал­лель­ны, по­это­му</p><p class=\"left_margin\"></p><center><p><img src=\"https://ege.sdamgia.ru/formula/svg/d6/d61eac9d4bc81886f40acba17a7ea9a1.svg\" class=\"tex\" style=\"vertical-align:-3.0pt\" alt=\"\\angle CDL = \\angle KLA = \\angle KAL,\"></p><p class=\"left_margin\"></p></center><p> от­ку­да </p><p class=\"left_margin\"></p><center><p><img src=\"https://ege.sdamgia.ru/formula/svg/31/31b262b001ca89ac4024ae009a9936bb.svg\" class=\"tex\" style=\"vertical-align:-3.0pt\" alt=\"\\angle BCK =\\angle BCD минус \\angle KCD = \\angle ABC минус \\angle KLA,\"></p><p><img src=\"https://ege.sdamgia.ru/formula/svg/95/95f5cf60b99a1365c235e386648ce5da.svg\" class=\"tex\" style=\"vertical-align:-3.6pt\" alt=\"\\angle AKL = 180 гра­ду­сов минус 2 \\angle KAL = левая круг­лая скоб­ка 180 гра­ду­сов минус \\angle KAL пра­вая круг­лая скоб­ка минус \\angle KAL = \\angle ABC минус \\angle KLA.\"></p><p class=\"left_margin\"></p></center><p> Тем самым <img src=\"https://ege.sdamgia.ru/formula/svg/d0/d09540cf32cda4bcf2767a1e6b76c4a5.svg\" class=\"tex\" style=\"vertical-align:-1.8pt\" alt=\"\\angle BCK=\\angle AKL.\"></p><p class=\"left_margin\">б)  Пусть <img src=\"https://ege.sdamgia.ru/formula/svg/f5/f5acbe54f16ec2ba194ac418443e31a9.svg\" class=\"tex\" style=\"vertical-align:-3.0pt\" alt=\"BK=2x,\"> тогда <img src=\"https://ege.sdamgia.ru/formula/svg/ad/adaf7f3a8c50f3576c0cfc371666efad.svg\" class=\"tex\" style=\"vertical-align:-1.8pt\" alt=\"DL=5x=CK\"> и <img src=\"https://ege.sdamgia.ru/formula/svg/2e/2eb38189361939033a14c54d4b4249de.svg\" class=\"tex\" style=\"vertical-align:-1.8pt\" alt=\"CD=AB=2x плюс 12.\"> Пусть от­ре­зок <i>LH</i>  — вы­со­та тра­пе­ции <i>KCDL</i>, сле­до­ва­тель­но, </p><p class=\"left_margin\"></p><center><p><img src=\"https://ege.sdamgia.ru/formula/svg/a8/a8b779424ff94b7b0c77694de20d4a23.svg\" class=\"tex\" style=\"vertical-align:-11.2pt\" alt=\"LH в квад­ра­те = левая круг­лая скоб­ка 5x пра­вая круг­лая скоб­ка в квад­ра­те минус левая круг­лая скоб­ка дробь: чис­ли­тель: 2x плюс 12 минус 12, зна­ме­на­тель: 2 конец дроби пра­вая круг­лая скоб­ка в квад­ра­те =24x в квад­ра­те , \"></p><p class=\"left_margin\"></p></center><p>от­ку­да <img src=\"https://ege.sdamgia.ru/formula/svg/7f/7f7bc4e82270e8b87d3488ad72e122ca.svg\" class=\"tex\" style=\"vertical-align:-1.8pt\" alt=\"LH=2 ко­рень из: на­ча­ло ар­гу­мен­та: 6 конец ар­гу­мен­та x.\"> Тогда </p><p class=\"left_margin\"></p><center><p><img src=\"https://ege.sdamgia.ru/formula/svg/47/4734b2d1ba633546eeca58f59e06fc44.svg\" class=\"tex\" style=\"vertical-align:-8.4pt\" alt=\"S_CDLK= дробь: чис­ли­тель: 1, зна­ме­на­тель: 2 конец дроби левая круг­лая скоб­ка 12 плюс 2x плюс 12 пра­вая круг­лая скоб­ка умно­жить на 2 ко­рень из: на­ча­ло ар­гу­мен­та: 6 конец ар­гу­мен­та x=26 ко­рень из: на­ча­ло ар­гу­мен­та: 6 конец ар­гу­мен­та ,\"></p><p class=\"left_margin\"></p></center><p>от­ку­да <img src=\"https://ege.sdamgia.ru/formula/svg/53/53171c240d49a4c6a71b20596df43c1c.svg\" class=\"tex\" style=\"vertical-align:-3.6pt\" alt=\"x левая круг­лая скоб­ка x плюс 12 пра­вая круг­лая скоб­ка =13,\"> то есть <img src=\"https://ege.sdamgia.ru/formula/svg/52/52634a5ce8aca5756be2274cf2f12b91.svg\" class=\"tex\" style=\"vertical-align:-3.0pt\" alt=\"x=1,\"> а зна­чит, <img src=\"https://ege.sdamgia.ru/formula/svg/7c/7c352500a937744a3f045244584c16c7.svg\" class=\"tex\" style=\"vertical-align:-1.8pt\" alt=\"CD=14.\"> </p><p class=\"left_margin\">За­ме­тим, что</p><p class=\"left_margin\"></p><center><p><img src=\"https://ege.sdamgia.ru/formula/svg/5b/5be27363520a45475733246e937d601b.svg\" class=\"tex\" style=\"vertical-align:-8.5pt\" alt=\" синус \\angle LDH= дробь: чис­ли­тель: LH, зна­ме­на­тель: LD конец дроби = дробь: чис­ли­тель: 2 ко­рень из: на­ча­ло ар­гу­мен­та: 6 конец ар­гу­мен­та , зна­ме­на­тель: 5 конец дроби , \"></p><p class=\"left_margin\"></p></center><p> сле­до­ва­тель­но, в тра­пе­ции тра­пе­ции <i>ABCD</i> вы­со­та <img src=\"https://ege.sdamgia.ru/formula/svg/65/652c1513d4983b82e6c1a7aefcd32b2f.svg\" class=\"tex\" style=\"vertical-align:-8.5pt\" alt=\"h=14 умно­жить на дробь: чис­ли­тель: 2 ко­рень из: на­ча­ло ар­гу­мен­та: 6 конец ар­гу­мен­та , зна­ме­на­тель: 5 конец дроби . \"> Тогда </p><p class=\"left_margin\"></p><center><p><img src=\"https://ege.sdamgia.ru/formula/svg/16/16adc19446414ed14c7f5ceecc7c3d8f.svg\" class=\"tex\" style=\"vertical-align:-9.4pt\" alt=\" ко­си­нус \\angle KAL= ко­си­нус \\angle LDH= ко­рень из: на­ча­ло ар­гу­мен­та: 1 минус дробь: чис­ли­тель: 24, зна­ме­на­тель: 25 конец дроби конец ар­гу­мен­та = дробь: чис­ли­тель: 1, зна­ме­на­тель: 5 конец дроби , \"></p><p class=\"left_margin\"></p></center><p> от­ку­да <img src=\"https://ege.sdamgia.ru/formula/svg/f6/f66e4f38dea7db4180b533dc1970c496.svg\" class=\"tex\" style=\"vertical-align:-8.5pt\" alt=\"AL=2 умно­жить на 12 умно­жить на ко­си­нус \\angle KAL= дробь: чис­ли­тель: 24, зна­ме­на­тель: 5 конец дроби \"> и <img src=\"https://ege.sdamgia.ru/formula/svg/b0/b04d7d56afb36ba9326f7123ed7dcdfd.svg\" class=\"tex\" style=\"vertical-align:-8.5pt\" alt=\"AD= дробь: чис­ли­тель: 24, зна­ме­на­тель: 5 конец дроби плюс 5= дробь: чис­ли­тель: 49, зна­ме­на­тель: 5 конец дроби . \">  На­хо­дим ос­но­ва­ние <i>BC</i>:</p><p class=\"left_margin\"></p><center><p><img src=\"https://ege.sdamgia.ru/formula/svg/a7/a7e867827e39c2bc5acb0e4a19af9dbe.svg\" class=\"tex\" style=\"vertical-align:-8.5pt\" alt=\"BC=AD минус 2 умно­жить на CD умно­жить на ко­си­нус \\angle CDA= дробь: чис­ли­тель: 49, зна­ме­на­тель: 5 конец дроби минус дробь: чис­ли­тель: 28, зна­ме­на­тель: 5 конец дроби = дробь: чис­ли­тель: 21, зна­ме­на­тель: 5 конец дроби . \"></p><p class=\"left_margin\"></p></center><p> Таким об­ра­зом, для пло­ща­ди рав­но­бед­рен­ной тра­пе­ции <i>ABCD</i> по­лу­ча­ем:</p><p class=\"left_margin\"></p><center><p><img src=\"https://ege.sdamgia.ru/formula/svg/33/330bfb4a64110dd8c3869ed0abdda6ac.svg\" class=\"tex\" style=\"vertical-align:-8.5pt\" alt=\"S_ABCD= дробь: чис­ли­тель: 1, зна­ме­на­тель: 2 конец дроби умно­жить на левая круг­лая скоб­ка BC плюс AD пра­вая круг­лая скоб­ка умно­жить на h= дробь: чис­ли­тель: 1, зна­ме­на­тель: 2 конец дроби умно­жить на дробь: чис­ли­тель: 70, зна­ме­на­тель: 5 конец дроби умно­жить на дробь: чис­ли­тель: 28 ко­рень из: на­ча­ло ар­гу­мен­та: 6 конец ар­гу­мен­та , зна­ме­на­тель: 5 конец дроби = дробь: чис­ли­тель: 196 ко­рень из: на­ча­ло ар­гу­мен­та: 6 конец ар­гу­мен­та , зна­ме­на­тель: 5 конец дроби . \"></p><p class=\"left_margin\"></p></center><p><span style=\"letter-spacing: 2px;\">Ответ:</span> б) <img src=\"https://ege.sdamgia.ru/formula/svg/ae/ae30ce2409047bf8180fc8846b316f35.svg\" class=\"tex\" style=\"vertical-align:-8.5pt\" alt=\" дробь: чис­ли­тель: 196 ко­рень из: на­ча­ло ар­гу­мен­та: 6 конец ар­гу­мен­та , зна­ме­на­тель: 5 конец дроби . \"></p></div>",
        "image_urls": [
            "https://ege.sdamgia.ru/formula/svg/03/03faa0ea083d07a9ed60598e1e072981.svg",
            "https://ege.sdamgia.ru/formula/svg/d6/d61eac9d4bc81886f40acba17a7ea9a1.svg",
            "https://ege.sdamgia.ru/formula/svg/31/31b262b001ca89ac4024ae009a9936bb.svg",
            "https://ege.sdamgia.ru/formula/svg/95/95f5cf60b99a1365c235e386648ce5da.svg",
            "https://ege.sdamgia.ru/formula/svg/d0/d09540cf32cda4bcf2767a1e6b76c4a5.svg",
            "https://ege.sdamgia.ru/formula/svg/f5/f5acbe54f16ec2ba194ac418443e31a9.svg",
            "https://ege.sdamgia.ru/formula/svg/ad/adaf7f3a8c50f3576c0cfc371666efad.svg",
            "https://ege.sdamgia.ru/formula/svg/2e/2eb38189361939033a14c54d4b4249de.svg",
            "https://ege.sdamgia.ru/formula/svg/a8/a8b779424ff94b7b0c77694de20d4a23.svg",
            "https://ege.sdamgia.ru/formula/svg/7f/7f7bc4e82270e8b87d3488ad72e122ca.svg",
            "https://ege.sdamgia.ru/formula/svg/47/4734b2d1ba633546eeca58f59e06fc44.svg",
            "https://ege.sdamgia.ru/formula/svg/53/53171c240d49a4c6a71b20596df43c1c.svg",
            "https://ege.sdamgia.ru/formula/svg/52/52634a5ce8aca5756be2274cf2f12b91.svg",
            "https://ege.sdamgia.ru/formula/svg/7c/7c352500a937744a3f045244584c16c7.svg",
            "https://ege.sdamgia.ru/formula/svg/5b/5be27363520a45475733246e937d601b.svg",
            "https://ege.sdamgia.ru/formula/svg/65/652c1513d4983b82e6c1a7aefcd32b2f.svg",
            "https://ege.sdamgia.ru/formula/svg/16/16adc19446414ed14c7f5ceecc7c3d8f.svg",
            "https://ege.sdamgia.ru/formula/svg/f6/f66e4f38dea7db4180b533dc1970c496.svg",
            "https://ege.sdamgia.ru/formula/svg/b0/b04d7d56afb36ba9326f7123ed7dcdfd.svg",
            "https://ege.sdamgia.ru/formula/svg/a7/a7e867827e39c2bc5acb0e4a19af9dbe.svg",
            "https://ege.sdamgia.ru/formula/svg/33/330bfb4a64110dd8c3869ed0abdda6ac.svg",
            "https://ege.sdamgia.ru/formula/svg/ae/ae30ce2409047bf8180fc8846b316f35.svg",
            "/get_file?id=118022"
        ]
    },
    "answer": "б)",
    "topic_id": 17,
    "analog_ids": []
}