{
    "gia_type": "ege",
    "subject": "math",
    "id": 634877,
    "condition": {
        "text": "В квадрате ABCD точки P и Q  — середины сторон AB и BC соответственно. Отрезки CP и DQ пересекаются в точке F.а)  Докажите, что б)  Найдите радиус окружности, описанной около треугольника ABF, если ",
        "html": "<div align=\"justify\" width=\"100%\" id=\"body508161\" class=\"pbody\"><p class=\"left_margin\">В квад­ра­те <i>ABCD</i> точки <i>P</i> и <i>Q</i>  — се­ре­ди­ны сто­рон <i>AB</i> и <i>BC</i> со­от­вет­ствен­но. От­рез­ки <i>CP</i> и <i>DQ</i> пе­ре­се­ка­ют­ся в точке <i>F</i>.</p><p class=\"left_margin\">а)  До­ка­жи­те, что <img src=\"https://ege.sdamgia.ru/formula/svg/1e/1e310ebfaeb51155a4f9609d243a796c.svg\" class=\"tex\" style=\"vertical-align:-1.8pt\" alt=\"\\angle BFP =45 в сте­пе­ни левая круг­лая скоб­ка \\circ пра­вая круг­лая скоб­ка .\"></p><p class=\"left_margin\">б)  Най­ди­те ра­ди­ус окруж­но­сти, опи­сан­ной около тре­уголь­ни­ка <i>ABF,</i> если <img src=\"https://ege.sdamgia.ru/formula/svg/22/221218eb4b76d97b5673ec8679645693.svg\" class=\"tex\" style=\"vertical-align:-1.8pt\" alt=\" AB =2 ко­рень из: на­ча­ло ар­гу­мен­та: 7 конец ар­гу­мен­та .\"></p></div>",
        "image_urls": [
            "https://ege.sdamgia.ru/formula/svg/1e/1e310ebfaeb51155a4f9609d243a796c.svg",
            "https://ege.sdamgia.ru/formula/svg/22/221218eb4b76d97b5673ec8679645693.svg"
        ]
    },
    "solution": {
        "text": "Решение. а)  Треугольники BCP и CDQ равны по двум катетам, поэтому  откудаследовательно, отрезки QF и CF перпендикулярны. Значит, треугольники QFC и PBC подобны, из чего следует, что  Далее,  поэтому прямая FB есть биссектриса внешнего угла F треугольника QFC, а потому б)  Найдем По теореме синусов  откуда находим:Рассмотрим окружность с центром в точке А и радиусом AB. Эта окружность проходит через точку D, причем меньшая дуга BD окружности равна центральному углу BAD, то есть 90°, а большая дуга BD этой окружности равна, следовательно, 270°. В  пункте  а) доказано, что   поэтому  Но вписанный угол, равный 135°, опирается на дугу в 270°, а потому точки B, F, D лежат на одной окружности с центром A, и тогда  Таким образом,Тогда по основному тригонометрическому тождеству  Применяя обобщенную теорему синусов к треугольнику ABF, находим радиус описанной вокруг него окружности:Ответ: б)  Примечание к пункту б).После того как показано, что треугольник ABF равнобедренный, можно рассуждать так: в этом треугольнике медиана, проведенная к стороне BF, лежит на серединном перпендикуляре к этой стороне, а потому содержит точки O1 и O2  — центры окружностей, описанных вокруг треугольников ABF и PBF соответственно. Проведем из этих точек перпендикуляры O1P и O2R к стороне АВ, получим подобные с коэффициентом  треугольники AO1P и AO2R, а тогда: Из треугольника PAO1 по теореме Пифагора находим искомый радиус: Ответ:  Приведем решение Ирины Шраго.а)  Треугольники BCP и CDQ равны по двум катетам, поэтому  откуда  следовательно, вокруг четырехугольника BPFQ можно описать окружность, тогда углы BFP и BQP равны как углы, опирающиеся на одну дугу, поэтому б)  Из доказанного в пункте а) следует, что  тогда  и вокруг четырехугольника APFD можно описать окружность. Следовательно, углы AFP и ADP равны как углы, опирающиеся на одну дугу. Пусть  тогда из прямоугольного треугольника ADP ТогдаПо теореме синусов для треугольника AFB",
        "html": "<div align=\"justify\" width=\"100%\" id=\"sol634877\" class=\"solution\" style=\"clear:both;\" class=\"pbody\"><p class=\"left_margin\"></p><b>Ре­ше­ние<!--rule_info-->. </b><p class=\"left_margin\"><img src=\"/get_file?id=118821\" style=\"float:right;margin:10px;max-width:100%\">а)  Тре­уголь­ни­ки <i>BCP</i> и <i>CDQ</i> равны по двум ка­те­там, по­это­му <img src=\"https://ege.sdamgia.ru/formula/svg/d9/d9b0e60667b2dccc6a62f4e44712ed70.svg\" class=\"tex\" style=\"vertical-align:-3.0pt\" alt=\"\\angle BCP=\\angle CDQ,\"> от­ку­да</p><p class=\"left_margin\"></p><center><p><img src=\"https://ege.sdamgia.ru/formula/svg/76/7653385fc66b81e803d8bf1400fb1c58.svg\" class=\"tex\" style=\"vertical-align:-3.0pt\" alt=\"\\angle QCF плюс \\angle FQC =\\angle FQC плюс \\angle CDQ=90 гра­ду­сов,\"></p><p class=\"left_margin\"></p></center><p>сле­до­ва­тель­но, от­рез­ки <i>QF</i> и <i>CF</i> пер­пен­ди­ку­ляр­ны. Зна­чит, тре­уголь­ни­ки <i>QFC</i> и <i>PBC</i> по­доб­ны, из чего сле­ду­ет, что <img src=\"https://ege.sdamgia.ru/formula/svg/a7/a72eeead7a01df381f5c3f296ceb02cb.svg\" class=\"tex\" style=\"vertical-align:-8.4pt\" alt=\" дробь: чис­ли­тель: QF, зна­ме­на­тель: FC конец дроби = дробь: чис­ли­тель: BP, зна­ме­на­тель: PC конец дроби = дробь: чис­ли­тель: 1, зна­ме­на­тель: 2 конец дроби . \"> Далее, <img src=\"https://ege.sdamgia.ru/formula/svg/75/75df1d263e619a88ac1156f3cd0b4cbd.svg\" class=\"tex\" style=\"vertical-align:-8.4pt\" alt=\" дробь: чис­ли­тель: BQ, зна­ме­на­тель: BC конец дроби = дробь: чис­ли­тель: 1, зна­ме­на­тель: 2 конец дроби = дробь: чис­ли­тель: QF, зна­ме­на­тель: FC конец дроби , \"> по­это­му пря­мая <i>FB</i> есть бис­сек­три­са внеш­не­го угла <i>F</i> тре­уголь­ни­ка <i>QFC</i>, а по­то­му <img src=\"https://ege.sdamgia.ru/formula/svg/c3/c324e4c6a0fe39235829e902dab3bb96.svg\" class=\"tex\" style=\"vertical-align:-1.8pt\" alt=\"\\angle BFP =45 в сте­пе­ни левая круг­лая скоб­ка \\circ пра­вая круг­лая скоб­ка .\"></p><p class=\"left_margin\">б)  Най­дем</p><p></p><div class=\"flex-math\"><p><img src=\"https://ege.sdamgia.ru/formula/svg/29/290152bbbd5db91a6e8d4da116837c70.svg\" class=\"tex\" style=\"vertical-align:-11.0pt\" alt=\" синус \\angle BPC= дробь: чис­ли­тель: BC, зна­ме­на­тель: PC конец дроби = дробь: чис­ли­тель: 2 ко­рень из: на­ча­ло ар­гу­мен­та: 7 конец ар­гу­мен­та , зна­ме­на­тель: ко­рень из: на­ча­ло ар­гу­мен­та: 7 плюс 28 конец ар­гу­мен­та конец дроби = дробь: чис­ли­тель: 2, зна­ме­на­тель: ко­рень из: на­ча­ло ар­гу­мен­та: 5 конец ар­гу­мен­та конец дроби , \"> <img src=\"https://ege.sdamgia.ru/formula/svg/ee/ee318d9dc88011d933491c64dc4c5460.svg\" class=\"tex\" style=\"vertical-align:-8.5pt\" alt=\" синус \\angle BFP= дробь: чис­ли­тель: ко­рень из: на­ча­ло ар­гу­мен­та: 2 конец ар­гу­мен­та , зна­ме­на­тель: 2 конец дроби . \"></p><p></p></div><p class=\"left_margin\">По тео­ре­ме си­ну­сов <img src=\"https://ege.sdamgia.ru/formula/svg/89/891f44f45b5cc0c7471e2d6fc4d4b522.svg\" class=\"tex\" style=\"vertical-align:-15.6pt\" alt=\" дробь: чис­ли­тель: BP, зна­ме­на­тель: \\tfrac ко­рень из: на­ча­ло ар­гу­мен­та: 2 конец ар­гу­мен­та 2 конец дроби = дробь: чис­ли­тель: BF, зна­ме­на­тель: \\tfrac2 ко­рень из: на­ча­ло ар­гу­мен­та: 5 конец ар­гу­мен­та конец дроби , \"> от­ку­да на­хо­дим:</p><p class=\"left_margin\"></p><center><p><img src=\"https://ege.sdamgia.ru/formula/svg/77/776d626fb686d68d8dff5b0da99c2ab5.svg\" class=\"tex\" style=\"vertical-align:-11.0pt\" alt=\"BF= ко­рень из: на­ча­ло ар­гу­мен­та: 7 конец ар­гу­мен­та умно­жить на дробь: чис­ли­тель: 2, зна­ме­на­тель: ко­рень из: на­ча­ло ар­гу­мен­та: 5 конец ар­гу­мен­та конец дроби умно­жить на дробь: чис­ли­тель: 2, зна­ме­на­тель: ко­рень из: на­ча­ло ар­гу­мен­та: 2 конец ар­гу­мен­та конец дроби = дробь: чис­ли­тель: 4 ко­рень из: на­ча­ло ар­гу­мен­та: 7 конец ар­гу­мен­та , зна­ме­на­тель: ко­рень из: на­ча­ло ар­гу­мен­та: 10 конец ар­гу­мен­та конец дроби . \"></p><p class=\"left_margin\"></p></center><p class=\"left_margin\">Рас­смот­рим окруж­ность с цен­тром в точке <i>А</i> и ра­ди­у­сом <i>AB</i>. Эта окруж­ность про­хо­дит через точку <i>D</i>, при­чем мень­шая дуга <i>BD</i> окруж­но­сти равна цен­траль­но­му углу <i>BAD</i>, то есть 90°, а боль­шая дуга <i>BD</i> этой окруж­но­сти равна, сле­до­ва­тель­но, 270°. В  пунк­те  а) до­ка­за­но, что <img src=\"https://ege.sdamgia.ru/formula/svg/af/aff1c4c31e6fd5d3a57d0696a69d9480.svg\" class=\"tex\" style=\"vertical-align:-3.0pt\" alt=\"\\angle BFP =45 в сте­пе­ни левая круг­лая скоб­ка \\circ пра­вая круг­лая скоб­ка ,\"> <img src=\"https://ege.sdamgia.ru/formula/svg/f7/f793fc7a783d37d2d9f6445bfc4254ed.svg\" class=\"tex\" style=\"vertical-align:-3.0pt\" alt=\"\\angle PFD =90 в сте­пе­ни левая круг­лая скоб­ка \\circ пра­вая круг­лая скоб­ка ,\"> по­это­му <img src=\"https://ege.sdamgia.ru/formula/svg/05/05b03c84a26f667ebf1ec48a8afd85c8.svg\" class=\"tex\" style=\"vertical-align:-1.8pt\" alt=\"\\angle BFD = \\angle BFP плюс \\angle PFD = 135 в сте­пе­ни левая круг­лая скоб­ка \\circ пра­вая круг­лая скоб­ка .\"> Но впи­сан­ный угол, рав­ный 135°, опи­ра­ет­ся на дугу в 270°, а по­то­му точки <i>B, F, D</i> лежат на одной окруж­но­сти с цен­тром <i>A</i>, и тогда <img src=\"https://ege.sdamgia.ru/formula/svg/cb/cb7f91c8b09fe2f9f710ffd8883ebdd9.svg\" class=\"tex\" style=\"vertical-align:-1.8pt\" alt=\"AF=AB=2 ко­рень из: на­ча­ло ар­гу­мен­та: 7 конец ар­гу­мен­та .\"> Таким об­ра­зом,</p><p class=\"left_margin\"></p><center><p><img src=\"https://ege.sdamgia.ru/formula/svg/0c/0cc1bc25fe5aad385c963c4a7d5c19f1.svg\" class=\"tex\" style=\"vertical-align:-11.0pt\" alt=\" ко­си­нус \\angle ABF= дробь: чис­ли­тель: 1, зна­ме­на­тель: 2 конец дроби BF :AB= дробь: чис­ли­тель: 2 ко­рень из: на­ча­ло ар­гу­мен­та: 7 конец ар­гу­мен­та , зна­ме­на­тель: ко­рень из: на­ча­ло ар­гу­мен­та: 10 конец ар­гу­мен­та конец дроби : 2 ко­рень из: на­ча­ло ар­гу­мен­та: 7 конец ар­гу­мен­та = дробь: чис­ли­тель: 1, зна­ме­на­тель: ко­рень из: на­ча­ло ар­гу­мен­та: 10 конец ар­гу­мен­та конец дроби . \"></p><p class=\"left_margin\"></p></center><p class=\"left_margin\">Тогда по ос­нов­но­му три­го­но­мет­ри­че­ско­му тож­де­ству <img src=\"https://ege.sdamgia.ru/formula/svg/77/7706e0b50a9bd4c494db01b367e427a2.svg\" class=\"tex\" style=\"vertical-align:-11.0pt\" alt=\" синус \\angle ABF= дробь: чис­ли­тель: 3, зна­ме­на­тель: ко­рень из: на­ча­ло ар­гу­мен­та: 10 конец ар­гу­мен­та конец дроби . \"> При­ме­няя обоб­щен­ную тео­ре­му си­ну­сов к тре­уголь­ни­ку <i>ABF</i>, на­хо­дим ра­ди­ус опи­сан­ной во­круг него окруж­но­сти:</p><p class=\"left_margin\"></p><center><p><img src=\"https://ege.sdamgia.ru/formula/svg/da/da63748012ee0a8eef5aea8cbe29d373.svg\" class=\"tex\" style=\"vertical-align:-8.5pt\" alt=\"R= дробь: чис­ли­тель: AF, зна­ме­на­тель: 2 синус \\angle ABF конец дроби = дробь: чис­ли­тель: 2 ко­рень из: на­ча­ло ар­гу­мен­та: 7 конец ар­гу­мен­та умно­жить на ко­рень из: на­ча­ло ар­гу­мен­та: 10 конец ар­гу­мен­та , зна­ме­на­тель: 2 умно­жить на 3 конец дроби = дробь: чис­ли­тель: ко­рень из: на­ча­ло ар­гу­мен­та: 70, зна­ме­на­тель: конец ар­гу­мен­та конец дроби 3. \"></p><p class=\"left_margin\"></p></center><p><span style=\"letter-spacing: 2px;\">Ответ:</span> б) <img src=\"https://ege.sdamgia.ru/formula/svg/9d/9dce73b3cf6ffa86d899962ea87c25f8.svg\" class=\"tex\" style=\"vertical-align:-8.6pt\" alt=\" дробь: чис­ли­тель: ко­рень из: на­ча­ло ар­гу­мен­та: 70, зна­ме­на­тель: конец ар­гу­мен­та конец дроби 3.\"></p><p>&nbsp;</p><p><img src=\"/get_file?id=119458\" style=\"float:right;margin:10px;max-width:100%\"></p><p><b>При­ме­ча­ние к пунк­ту б).</b></p><p class=\"left_margin\">После того как по­ка­за­но, что тре­уголь­ник <i>ABF</i> рав­но­бед­рен­ный, можно рас­суж­дать так: в этом тре­уголь­ни­ке ме­ди­а­на, про­ве­ден­ная к сто­ро­не <i>BF</i>, лежит на се­ре­дин­ном пер­пен­ди­ку­ля­ре к этой сто­ро­не, а по­то­му со­дер­жит точки <i>O</i><sub>1</sub> и <i>O</i><sub>2</sub>  — цен­тры окруж­но­стей, опи­сан­ных во­круг тре­уголь­ни­ков <i>ABF</i> и <i>PBF</i> со­от­вет­ствен­но. Про­ве­дем из этих точек пер­пен­ди­ку­ля­ры <i>O</i><sub>1</sub><i>P</i> и <i>O</i><sub>2</sub><i>R</i> к сто­ро­не <i>АВ</i>, по­лу­чим по­доб­ные с ко­эф­фи­ци­ен­том <img src=\"https://ege.sdamgia.ru/formula/svg/59/595313cebfbf0cf60538469c0b6fd4dd.svg\" class=\"tex\" style=\"vertical-align:-8.5pt\" alt=\"\\dfrac 23 \"> тре­уголь­ни­ки <i>AO</i><sub>1</sub><i>P</i> и <i>AO</i><sub>2</sub><i>R</i>, а тогда:</p><p></p><div class=\"flex-math\"><p><img src=\"https://ege.sdamgia.ru/formula/svg/a6/a6303588f7ee3c09807070825eb4ed9d.svg\" class=\"tex\" style=\"vertical-align:-8.4pt\" alt=\"RO_2=BR= дробь: чис­ли­тель: ко­рень из: на­ча­ло ар­гу­мен­та: 7 конец ар­гу­мен­та , зна­ме­на­тель: 2 конец дроби , \"></p><p><img src=\"https://ege.sdamgia.ru/formula/svg/25/2566a052a561fbc59365685f8369d547.svg\" class=\"tex\" style=\"vertical-align:-8.5pt\" alt=\"PO_1= дробь: чис­ли­тель: 2, зна­ме­на­тель: 3 конец дроби RO_2= дробь: чис­ли­тель: ко­рень из: на­ча­ло ар­гу­мен­та: 7 конец ар­гу­мен­та , зна­ме­на­тель: 3 конец дроби . \"></p><p></p></div><p> Из тре­уголь­ни­ка <i>PAO</i><sub>1</sub> по тео­ре­ме Пи­фа­го­ра на­хо­дим ис­ко­мый ра­ди­ус: </p><p class=\"left_margin\"></p><center><p><img src=\"https://ege.sdamgia.ru/formula/svg/fa/fa8ed17cf62499712c1a9f2c4296f41c.svg\" class=\"tex\" style=\"vertical-align:-9.5pt\" alt=\"R = AO_1 = ко­рень из: на­ча­ло ар­гу­мен­та: AP в квад­ра­те плюс PO_1 в квад­ра­те конец ар­гу­мен­та = ко­рень из: на­ча­ло ар­гу­мен­та: 7 плюс дробь: чис­ли­тель: 7, зна­ме­на­тель: 9 конец дроби конец ар­гу­мен­та = дробь: чис­ли­тель: ко­рень из: на­ча­ло ар­гу­мен­та: 70 конец ар­гу­мен­та , зна­ме­на­тель: 3 конец дроби . \"></p><p class=\"left_margin\"></p></center><p><span style=\"letter-spacing: 2px;\">Ответ:</span> <img src=\"https://ege.sdamgia.ru/formula/svg/b5/b5b03f41bd2cf83b85c8d377d40ab65d.svg\" class=\"tex\" style=\"vertical-align:-8.6pt\" alt=\" дробь: чис­ли­тель: ко­рень из: на­ча­ло ар­гу­мен­та: 70 конец ар­гу­мен­та , зна­ме­на­тель: 3 конец дроби . \"></p><p>&nbsp;</p><p><b>При­ве­дем ре­ше­ние Ирины Шраго.</b></p><p class=\"left_margin\">а)  Тре­уголь­ни­ки <i>BCP</i> и <i>CDQ</i> равны по двум ка­те­там, по­это­му <img src=\"https://ege.sdamgia.ru/formula/svg/73/73b4761d021fca5d74eb9b1a250d9877.svg\" class=\"tex\" style=\"vertical-align:-3.0pt\" alt=\"\\angle BPC=\\angle CQD,\"> от­ку­да <img src=\"https://ege.sdamgia.ru/formula/svg/56/56c2e6d4cbfcbd23364dd1dc9b4f77fd.svg\" class=\"tex\" style=\"vertical-align:-3.0pt\" alt=\"\\angle BPF плюс \\angle BQF =180 гра­ду­сов,\"> сле­до­ва­тель­но, во­круг че­ты­рех­уголь­ни­ка <i>BPFQ</i> можно опи­сать окруж­ность, тогда углы <i>BFP</i> и <i>BQP</i> равны как углы, опи­ра­ю­щи­е­ся на одну дугу, по­это­му <img src=\"https://ege.sdamgia.ru/formula/svg/74/74c014dde4623976f040a32fa7268968.svg\" class=\"tex\" style=\"vertical-align:-3.0pt\" alt=\"\\angle BFP=\\angle BQP =45 гра­ду­сов.\"></p><p class=\"left_margin\">б)  Из до­ка­зан­но­го в пунк­те а) сле­ду­ет, что <img src=\"https://ege.sdamgia.ru/formula/svg/b2/b2b1058da91a7005b972b8efb73e5416.svg\" class=\"tex\" style=\"vertical-align:-3.0pt\" alt=\"\\angle PFQ=90 гра­ду­сов,\"> тогда <img src=\"https://ege.sdamgia.ru/formula/svg/60/60ed91d3519d6c57a57139ceed2fd931.svg\" class=\"tex\" style=\"vertical-align:-3.0pt\" alt=\"\\angle PFD=90 гра­ду­сов,\"> и во­круг че­ты­рех­уголь­ни­ка <i>APFD</i> можно опи­сать окруж­ность. Сле­до­ва­тель­но, углы <i>AFP</i> и <i>ADP</i> равны как углы, опи­ра­ю­щи­е­ся на одну дугу. Пусть <img src=\"https://ege.sdamgia.ru/formula/svg/56/568940612a9d8c5636907489d5235671.svg\" class=\"tex\" style=\"vertical-align:-3.0pt\" alt=\"\\angle AFP=\\angle ADP=y,\"> тогда из пря­мо­уголь­но­го тре­уголь­ни­ка <i>ADP</i> <img src=\"https://ege.sdamgia.ru/formula/svg/b8/b8d17f44d5d7409a47be70e0bbb20afa.svg\" class=\"tex\" style=\"vertical-align:-11.0pt\" alt=\" синус y = дробь: чис­ли­тель: 1, зна­ме­на­тель: ко­рень из: на­ча­ло ар­гу­мен­та: 5 конец ар­гу­мен­та конец дроби , ко­си­нус y = дробь: чис­ли­тель: 2, зна­ме­на­тель: ко­рень из: на­ча­ло ар­гу­мен­та: 5 конец ар­гу­мен­та конец дроби . \"></p><p class=\"left_margin\">Тогда</p><p class=\"left_margin\"></p><center><p><img src=\"https://ege.sdamgia.ru/formula/svg/81/81daa8ec7e4a18deabebd86192527809.svg\" class=\"tex\" style=\"vertical-align:-11.0pt\" alt=\" синус \\angle AFB = синус левая круг­лая скоб­ка 45 гра­ду­сов плюс y пра­вая круг­лая скоб­ка = синус 45 гра­ду­сов ко­си­нус y плюс ко­си­нус 45 гра­ду­сов синус y = дробь: чис­ли­тель: 3 ко­рень из: на­ча­ло ар­гу­мен­та: 2 конец ар­гу­мен­та , зна­ме­на­тель: 2 ко­рень из: на­ча­ло ар­гу­мен­та: 5 конец ар­гу­мен­та конец дроби . \"></p><p class=\"left_margin\"></p></center><p class=\"left_margin\">По тео­ре­ме си­ну­сов для тре­уголь­ни­ка <i>AFB</i></p><p class=\"left_margin\"></p><center><p><img src=\"https://ege.sdamgia.ru/formula/svg/a1/a13688656dc1371e98228e6ed0d9f9e6.svg\" class=\"tex\" style=\"vertical-align:-8.6pt\" alt=\"R= дробь: чис­ли­тель: AB, зна­ме­на­тель: 2 синус \\angle AFB конец дроби = дробь: чис­ли­тель: ко­рень из: на­ча­ло ар­гу­мен­та: 70 конец ар­гу­мен­та , зна­ме­на­тель: 3 конец дроби . \"></p><p class=\"left_margin\"></p></center></div>",
        "image_urls": [
            "https://ege.sdamgia.ru/formula/svg/d9/d9b0e60667b2dccc6a62f4e44712ed70.svg",
            "https://ege.sdamgia.ru/formula/svg/76/7653385fc66b81e803d8bf1400fb1c58.svg",
            "https://ege.sdamgia.ru/formula/svg/a7/a72eeead7a01df381f5c3f296ceb02cb.svg",
            "https://ege.sdamgia.ru/formula/svg/75/75df1d263e619a88ac1156f3cd0b4cbd.svg",
            "https://ege.sdamgia.ru/formula/svg/c3/c324e4c6a0fe39235829e902dab3bb96.svg",
            "https://ege.sdamgia.ru/formula/svg/29/290152bbbd5db91a6e8d4da116837c70.svg",
            "https://ege.sdamgia.ru/formula/svg/ee/ee318d9dc88011d933491c64dc4c5460.svg",
            "https://ege.sdamgia.ru/formula/svg/89/891f44f45b5cc0c7471e2d6fc4d4b522.svg",
            "https://ege.sdamgia.ru/formula/svg/77/776d626fb686d68d8dff5b0da99c2ab5.svg",
            "https://ege.sdamgia.ru/formula/svg/af/aff1c4c31e6fd5d3a57d0696a69d9480.svg",
            "https://ege.sdamgia.ru/formula/svg/f7/f793fc7a783d37d2d9f6445bfc4254ed.svg",
            "https://ege.sdamgia.ru/formula/svg/05/05b03c84a26f667ebf1ec48a8afd85c8.svg",
            "https://ege.sdamgia.ru/formula/svg/cb/cb7f91c8b09fe2f9f710ffd8883ebdd9.svg",
            "https://ege.sdamgia.ru/formula/svg/0c/0cc1bc25fe5aad385c963c4a7d5c19f1.svg",
            "https://ege.sdamgia.ru/formula/svg/77/7706e0b50a9bd4c494db01b367e427a2.svg",
            "https://ege.sdamgia.ru/formula/svg/da/da63748012ee0a8eef5aea8cbe29d373.svg",
            "https://ege.sdamgia.ru/formula/svg/9d/9dce73b3cf6ffa86d899962ea87c25f8.svg",
            "https://ege.sdamgia.ru/formula/svg/59/595313cebfbf0cf60538469c0b6fd4dd.svg",
            "https://ege.sdamgia.ru/formula/svg/a6/a6303588f7ee3c09807070825eb4ed9d.svg",
            "https://ege.sdamgia.ru/formula/svg/25/2566a052a561fbc59365685f8369d547.svg",
            "https://ege.sdamgia.ru/formula/svg/fa/fa8ed17cf62499712c1a9f2c4296f41c.svg",
            "https://ege.sdamgia.ru/formula/svg/b5/b5b03f41bd2cf83b85c8d377d40ab65d.svg",
            "https://ege.sdamgia.ru/formula/svg/73/73b4761d021fca5d74eb9b1a250d9877.svg",
            "https://ege.sdamgia.ru/formula/svg/56/56c2e6d4cbfcbd23364dd1dc9b4f77fd.svg",
            "https://ege.sdamgia.ru/formula/svg/74/74c014dde4623976f040a32fa7268968.svg",
            "https://ege.sdamgia.ru/formula/svg/b2/b2b1058da91a7005b972b8efb73e5416.svg",
            "https://ege.sdamgia.ru/formula/svg/60/60ed91d3519d6c57a57139ceed2fd931.svg",
            "https://ege.sdamgia.ru/formula/svg/56/568940612a9d8c5636907489d5235671.svg",
            "https://ege.sdamgia.ru/formula/svg/b8/b8d17f44d5d7409a47be70e0bbb20afa.svg",
            "https://ege.sdamgia.ru/formula/svg/81/81daa8ec7e4a18deabebd86192527809.svg",
            "https://ege.sdamgia.ru/formula/svg/a1/a13688656dc1371e98228e6ed0d9f9e6.svg",
            "/get_file?id=118821",
            "/get_file?id=119458"
        ]
    },
    "answer": "б)",
    "topic_id": 17,
    "analog_ids": [
        634877,
        672874,
        672903
    ]
}