{
    "gia_type": "ege",
    "subject": "math",
    "id": 639337,
    "condition": {
        "text": "В трапеции ABCD c основанием AD диагонали пересекаются в точке O, а AD  =  2BC. Через вершину A проведена прямая, параллельная диагонали BD, через вершину D проведена прямая, параллельная диагонали AC. Эти прямые пересекаются в точке E.а)  Докажите, что б)  Прямые BE и CE пересекают сторону AD в точках M и N соответственно. Найдите MN, если AD  =  20.",
        "html": "<div align=\"justify\" width=\"100%\" id=\"body503701\" class=\"pbody\"><p class=\"left_margin\">В тра­пе­ции <i>ABCD</i> c ос­но­ва­ни­ем <i>AD</i> диа­го­на­ли пе­ре­се­ка­ют­ся в точке <i>O</i>, а <i>AD</i>  =  2<i>BC</i>. Через вер­ши­ну <i>A</i> про­ве­де­на пря­мая, па­рал­лель­ная диа­го­на­ли <i>BD</i>, через вер­ши­ну <i>D</i> про­ве­де­на пря­мая, па­рал­лель­ная диа­го­на­ли <i>AC</i>. Эти пря­мые пе­ре­се­ка­ют­ся в точке <i>E</i>.</p><p class=\"left_margin\">а)  До­ка­жи­те, что <img src=\"https://ege.sdamgia.ru/formula/svg/bb/bb90f93100c5b017a29be25ab3b091a3.svg\" class=\"tex\" style=\"vertical-align:-1.8pt\" alt=\" BO : AE =1: 2.\"></p><p class=\"left_margin\">б)  Пря­мые <i>BE</i> и <i>CE</i> пе­ре­се­ка­ют сто­ро­ну <i>AD</i> в точ­ках <i>M</i> и <i>N</i> со­от­вет­ствен­но. Най­ди­те <i>MN</i>, если <i>AD</i>  =  20.</p></div>",
        "image_urls": [
            "https://ege.sdamgia.ru/formula/svg/bb/bb90f93100c5b017a29be25ab3b091a3.svg"
        ]
    },
    "solution": {
        "text": "Решение. а)  По построению четырехугольник AODE  — параллелограмм. Значит, OD  =  AE. Треугольники BOC и DOA подобны, значит,   Тогда б)  Прямые AE и BD параллельны, а потому треугольник AME подобен треугольнику DMB. Тогда: Следовательно,  Аналогично, ND  =  8. Значит,  Ответ: 4.",
        "html": "<div align=\"justify\" width=\"100%\" id=\"sol639337\" class=\"solution\" style=\"clear:both;\" class=\"pbody\"><p class=\"left_margin\"></p><b>Ре­ше­ние<!--rule_info-->. </b><p class=\"left_margin\"><img src=\"/get_file?id=127476\" style=\"float:right;margin:10px;max-width:100%\">а)  По по­стро­е­нию че­ты­рех­уголь­ник <i>AODE</i>  — па­рал­ле­ло­грамм. Зна­чит, <i>OD</i>  =  <i>AE</i>. Тре­уголь­ни­ки <i>BOC</i> и <i>DOA</i> по­доб­ны, зна­чит, </p><p class=\"left_margin\"></p><center><p><img src=\"https://ege.sdamgia.ru/formula/svg/f7/f72dcf72fe8daf0c741c706c8501b7d5.svg\" class=\"tex\" style=\"vertical-align:-1.8pt\" alt=\"BO : OD = BC : AD = 1 : 2.\"></p><p class=\"left_margin\"></p></center> <p> Тогда </p><p class=\"left_margin\"></p><center><p><img src=\"https://ege.sdamgia.ru/formula/svg/28/28ff0c34f6c5b59b7c8c3df994b598f0.svg\" class=\"tex\" style=\"vertical-align:-1.8pt\" alt=\"BO : AE = BO : OD = 1: 2.\"></p><p class=\"left_margin\"></p></center><p class=\"left_margin\">б)  Пря­мые <i>AE</i> и <i>BD</i> па­рал­лель­ны, а по­то­му тре­уголь­ник <i>AME</i> по­до­бен тре­уголь­ни­ку <i>DMB</i>. Тогда:</p><p class=\"left_margin\"></p><center><p><img src=\"https://ege.sdamgia.ru/formula/svg/0a/0a66ef87e8bdee7391a8d446e1d0beed.svg\" class=\"tex\" style=\"vertical-align:-11.2pt\" alt=\"AM : MD = AE : BD = AE : левая круг­лая скоб­ка BO плюс AE пра­вая круг­лая скоб­ка =1: левая круг­лая скоб­ка дробь: чис­ли­тель: BO, зна­ме­на­тель: AE конец дроби плюс 1 пра­вая круг­лая скоб­ка =2 : 3. \"></p><p class=\"left_margin\"></p></center><p> Сле­до­ва­тель­но, <img src=\"https://ege.sdamgia.ru/formula/svg/2f/2fc9cc44b9e749d7f8fbd2cdb38884ab.svg\" class=\"tex\" style=\"vertical-align:-8.5pt\" alt=\"AM= дробь: чис­ли­тель: 2, зна­ме­на­тель: 5 конец дроби AD = 8.\"> Ана­ло­гич­но, <i>ND</i>  =  8. Зна­чит, <img src=\"https://ege.sdamgia.ru/formula/svg/30/302056e8c1ec819cce790a50385e9edc.svg\" class=\"tex\" style=\"vertical-align:-1.8pt\" alt=\"MN=20 минус 8 минус 8=4.\"></p><p>&nbsp;</p><p><span style=\"letter-spacing: 2px;\">Ответ:</span> 4.</p></div>",
        "image_urls": [
            "https://ege.sdamgia.ru/formula/svg/f7/f72dcf72fe8daf0c741c706c8501b7d5.svg",
            "https://ege.sdamgia.ru/formula/svg/28/28ff0c34f6c5b59b7c8c3df994b598f0.svg",
            "https://ege.sdamgia.ru/formula/svg/0a/0a66ef87e8bdee7391a8d446e1d0beed.svg",
            "https://ege.sdamgia.ru/formula/svg/2f/2fc9cc44b9e749d7f8fbd2cdb38884ab.svg",
            "https://ege.sdamgia.ru/formula/svg/30/302056e8c1ec819cce790a50385e9edc.svg",
            "/get_file?id=127476"
        ]
    },
    "answer": "4.",
    "topic_id": 17,
    "analog_ids": []
}