{
    "gia_type": "ege",
    "subject": "math",
    "id": 641609,
    "condition": {
        "text": "Основания AB и CD прямоугольной трапеции ABCD равны соответственно 11 и 7, а меньшая боковая сторона BC равна 4. На стороне AD отмечена точка P так, что  Через точку P проведена прямая, перпендикулярная стороне AD и пересекающая прямые CD и BC соответственно в точках K и Q. а)  Докажите, что площадь треугольника DPK относится к площади трапеции ABCD как 1 : 4 .б)  Найдите площадь четырёхугольника CDPQ.",
        "html": "<div align=\"justify\" width=\"100%\" id=\"body500917\" class=\"pbody\"><p class=\"left_margin\">Ос­но­ва­ния <i>AB</i> и <i>CD</i> пря­мо­уголь­ной тра­пе­ции <i>ABCD</i> равны со­от­вет­ствен­но 11 и 7, а мень­шая бо­ко­вая сто­ро­на <i>BC</i> равна 4. На сто­ро­не <i>AD</i> от­ме­че­на точка <i>P</i> так, что <img src=\"https://ege.sdamgia.ru/formula/svg/a2/a206f490bdab307e644c4fe9ef3f0ca3.svg\" class=\"tex\" style=\"vertical-align:-1.8pt\" alt=\"A P : P D=1 : 3.\"> Через точку <i>P</i> про­ве­де­на пря­мая, пер­пен­ди­ку­ляр­ная сто­ро­не <i>AD</i> и пе­ре­се­ка­ю­щая пря­мые <i>CD</i> и <i>BC</i> со­от­вет­ствен­но в точ­ках <i>K</i> и <i>Q</i>. </p><p class=\"left_margin\">а)  До­ка­жи­те, что пло­щадь тре­уголь­ни­ка <i>DPK</i> от­но­сит­ся к пло­ща­ди тра­пе­ции <i>ABCD</i> как 1 : 4 .</p><p class=\"left_margin\">б)  Най­ди­те пло­щадь четырёхуголь­ни­ка <i>CDPQ</i>.</p></div>",
        "image_urls": [
            "https://ege.sdamgia.ru/formula/svg/a2/a206f490bdab307e644c4fe9ef3f0ca3.svg"
        ]
    },
    "solution": {
        "text": "Решение. а)  Пусть отрезок DH  — высота трапеции ABCD. Тогда  следовательно,  и  Значит, треугольник DPK равнобедренный. Находим: тогда  Следовательно,  Таким образом, б)  Заметим, что  а потому треугольник QCK равнобедренный. Следовательно,   откуда  Площадь треугольника QCK равна  Тем самым находим площадь четырёхугольника CDPQ:Ответ: б)  75,5.",
        "html": "<div align=\"justify\" width=\"100%\" id=\"sol641609\" class=\"solution\" style=\"clear:both;\" class=\"pbody\"><p class=\"left_margin\"></p><b>Ре­ше­ние<!--rule_info-->. </b><p class=\"left_margin\"><img src=\"/get_file?id=134496\" style=\"float:right;margin:10px;max-width:100%\">а)  Пусть от­ре­зок <i>DH</i>  — вы­со­та тра­пе­ции <i>ABCD</i>. Тогда <img src=\"https://ege.sdamgia.ru/formula/svg/bd/bde02541f4ba3e68ac0b6a0d020f73a9.svg\" class=\"tex\" style=\"vertical-align:-3.0pt\" alt=\"AH = 11 минус 7 = 4 = DH,\"> сле­до­ва­тель­но, <img src=\"https://ege.sdamgia.ru/formula/svg/06/065c7bf66ca2830fc6fd2bc072a5e9ac.svg\" class=\"tex\" style=\"vertical-align:-1.8pt\" alt=\"\\angle A = 45 гра­ду­сов\"> и <img src=\"https://ege.sdamgia.ru/formula/svg/ad/ad2f5a1f7ad0dc5c5c1ad8ad845f235b.svg\" class=\"tex\" style=\"vertical-align:-1.8pt\" alt=\"\\angle ADK = 45 гра­ду­сов.\"> Зна­чит, тре­уголь­ник <i>DPK</i> рав­но­бед­рен­ный. На­хо­дим:</p><p class=\"left_margin\"></p><center><p><img src=\"https://ege.sdamgia.ru/formula/svg/cd/cd91f1dcc0e9bb6668c676065f354a82.svg\" class=\"tex\" style=\"vertical-align:-8.4pt\" alt=\"DP = дробь: чис­ли­тель: 3, зна­ме­на­тель: 4 конец дроби AD = дробь: чис­ли­тель: 3, зна­ме­на­тель: 4 конец дроби умно­жить на 4 ко­рень из: на­ча­ло ар­гу­мен­та: 2 конец ар­гу­мен­та = 3 ко­рень из: на­ча­ло ар­гу­мен­та: 2 конец ар­гу­мен­та ,\"></p><p class=\"left_margin\"></p></center><p> тогда <img src=\"https://ege.sdamgia.ru/formula/svg/97/973cbf45c701c18555ddaebc239e5234.svg\" class=\"tex\" style=\"vertical-align:-8.4pt\" alt=\"S_DPK = дробь: чис­ли­тель: 1, зна­ме­на­тель: 2 конец дроби DP в квад­ра­те = 9.\"> Сле­до­ва­тель­но, </p><p class=\"left_margin\"></p><center><p><img src=\"https://ege.sdamgia.ru/formula/svg/72/7225ebf2e7bd74d0481045b74d3350d2.svg\" class=\"tex\" style=\"vertical-align:-8.4pt\" alt=\"S_ABCD = дробь: чис­ли­тель: 1, зна­ме­на­тель: 2 конец дроби умно­жить на левая круг­лая скоб­ка AB плюс CD пра­вая круг­лая скоб­ка умно­жить на DH = дробь: чис­ли­тель: 18, зна­ме­на­тель: 2 конец дроби умно­жить на 4 = 36. \"></p><p class=\"left_margin\"></p></center><p> Таким об­ра­зом, <img src=\"https://ege.sdamgia.ru/formula/svg/1d/1dec33586bbe9f8bc3d014b08348c1e0.svg\" class=\"tex\" style=\"vertical-align:-2.5pt\" alt=\"S_DPK : S_ABCD = 9 : 36 = 1 : 4.\"></p><p class=\"left_margin\">б)  За­ме­тим, что <img src=\"https://ege.sdamgia.ru/formula/svg/1f/1fdacaddd7a5d1fb65d0b9ec21b2bec3.svg\" class=\"tex\" style=\"vertical-align:-3.0pt\" alt=\"\\angle DKP = \\angle PDK = 45 гра­ду­сов,\"> а по­то­му тре­уголь­ник <i>QCK</i> рав­но­бед­рен­ный. Сле­до­ва­тель­но,  <img src=\"https://ege.sdamgia.ru/formula/svg/ad/adaa9b256391bc2f3a42925641675703.svg\" class=\"tex\" style=\"vertical-align:-3.0pt\" alt=\"DK = DP умно­жить на ко­рень из: на­ча­ло ар­гу­мен­та: 2 конец ар­гу­мен­та = 6,\"> от­ку­да <img src=\"https://ege.sdamgia.ru/formula/svg/36/369e3e50e9805373d8d9c9d6e40fcbe4.svg\" class=\"tex\" style=\"vertical-align:-1.8pt\" alt=\"CK = 7 плюс 6 =13.\"> Пло­щадь тре­уголь­ни­ка <i>QCK</i> равна </p><p class=\"left_margin\"></p><center><p><img src=\"https://ege.sdamgia.ru/formula/svg/49/491c1ffd74d644ab1e21590696e7213e.svg\" class=\"tex\" style=\"vertical-align:-8.4pt\" alt=\"S_QCK = дробь: чис­ли­тель: 13 в квад­ра­те , зна­ме­на­тель: 2 конец дроби = дробь: чис­ли­тель: 169, зна­ме­на­тель: 2 конец дроби . \"></p><p class=\"left_margin\"></p></center><p> Тем самым на­хо­дим пло­щадь четырёхуголь­ни­ка <i>CDPQ</i>:</p><p class=\"left_margin\"></p><center><p><img src=\"https://ege.sdamgia.ru/formula/svg/35/354d3a0af325b25fc2a40ca4c7d3f05f.svg\" class=\"tex\" style=\"vertical-align:-8.3pt\" alt=\"S_CDPQ = S_QCK минус S_DPK = дробь: чис­ли­тель: 169, зна­ме­на­тель: 2 конец дроби минус 9 = дробь: чис­ли­тель: 151, зна­ме­на­тель: 2 конец дроби = 75,5. \"></p><p class=\"left_margin\"></p></center><p><span style=\"letter-spacing: 2px;\">Ответ:</span> б)  75,5.</p></div>",
        "image_urls": [
            "https://ege.sdamgia.ru/formula/svg/bd/bde02541f4ba3e68ac0b6a0d020f73a9.svg",
            "https://ege.sdamgia.ru/formula/svg/06/065c7bf66ca2830fc6fd2bc072a5e9ac.svg",
            "https://ege.sdamgia.ru/formula/svg/ad/ad2f5a1f7ad0dc5c5c1ad8ad845f235b.svg",
            "https://ege.sdamgia.ru/formula/svg/cd/cd91f1dcc0e9bb6668c676065f354a82.svg",
            "https://ege.sdamgia.ru/formula/svg/97/973cbf45c701c18555ddaebc239e5234.svg",
            "https://ege.sdamgia.ru/formula/svg/72/7225ebf2e7bd74d0481045b74d3350d2.svg",
            "https://ege.sdamgia.ru/formula/svg/1d/1dec33586bbe9f8bc3d014b08348c1e0.svg",
            "https://ege.sdamgia.ru/formula/svg/1f/1fdacaddd7a5d1fb65d0b9ec21b2bec3.svg",
            "https://ege.sdamgia.ru/formula/svg/ad/adaa9b256391bc2f3a42925641675703.svg",
            "https://ege.sdamgia.ru/formula/svg/36/369e3e50e9805373d8d9c9d6e40fcbe4.svg",
            "https://ege.sdamgia.ru/formula/svg/49/491c1ffd74d644ab1e21590696e7213e.svg",
            "https://ege.sdamgia.ru/formula/svg/35/354d3a0af325b25fc2a40ca4c7d3f05f.svg",
            "/get_file?id=134496"
        ]
    },
    "answer": "б)  75,5.",
    "topic_id": 17,
    "analog_ids": []
}