{
    "gia_type": "ege",
    "subject": "math",
    "id": 642339,
    "condition": {
        "text": "Дан ромб ABCD. Прямая, перпендикулярная стороне AD, пересекает его диагональ AC в точке M, диагональ BD  — в точке N, причем AM : MC  =  1 : 2, BN : ND  =  1 : 3.а)  Докажите, что б)  Найдите площадь ромба, если MN  =  5.",
        "html": "<div align=\"justify\" width=\"100%\" id=\"body500703\" class=\"pbody\"><p class=\"left_margin\">Дан ромб <i>ABCD</i>. Пря­мая, пер­пен­ди­ку­ляр­ная сто­ро­не <i>AD</i>, пе­ре­се­ка­ет его диа­го­наль <i>AC</i> в точке <i>M</i>, диа­го­наль <i>BD</i>  — в точке <i>N</i>, при­чем <i>AM</i> : <i>MC</i>  =  1 : 2, <i>BN</i> : <i>ND</i>  =  1 : 3.</p><p class=\"left_margin\">а)  До­ка­жи­те, что <img src=\"https://ege.sdamgia.ru/formula/svg/cf/cfcda34bc73de690f1227b32efda5307.svg\" class=\"tex\" style=\"vertical-align:-3.0pt\" alt=\" ко­си­нус \\angleBAD = 0,2.\"></p><p class=\"left_margin\">б)  Най­ди­те пло­щадь ромба, если <i>MN</i>  =  5.</p></div>",
        "image_urls": [
            "https://ege.sdamgia.ru/formula/svg/cf/cfcda34bc73de690f1227b32efda5307.svg"
        ]
    },
    "solution": {
        "text": "Решение. а)  Пусть BN  =  x и  точка O  — точка пересечения AС и BD. Точка P  — точка пересечения MN и AD, отрезок OH  — высота треугольника AOD. Тогда:  Следовательно,  где  и  Треугольники AOH и ODH подобны, следовательно,  где  то есть  Находим: тогда Итого:б)  Пусть  Тогда  откуда  или  Заметим, что  следовательно,  Получаем  следовательно,  откуда  Итого находим площадь ромба ABCD:Ответ: б) ",
        "html": "<div align=\"justify\" width=\"100%\" id=\"sol642339\" class=\"solution\" style=\"clear:both;\" class=\"pbody\"><p class=\"left_margin\"></p><b>Ре­ше­ние<!--rule_info-->. </b><p class=\"left_margin\"><img src=\"/get_file?id=136408\" style=\"float:right;margin:10px;max-width:100%\">а)  Пусть <i>BN</i>  =  <i>x</i> и <img src=\"https://ege.sdamgia.ru/formula/svg/d7/d7a5f563e07608e1f84c5fd9a8f2ddc9.svg\" class=\"tex\" style=\"vertical-align:-3.0pt\" alt=\"ND = 3x,\"> точка <i>O</i>  — точка пе­ре­се­че­ния <i>AС</i> и <i>BD</i>. Точка <i>P</i>  — точка пе­ре­се­че­ния <i>MN</i> и <i>AD</i>, от­ре­зок <i>OH</i>  — вы­со­та тре­уголь­ни­ка <i>AOD</i>. Тогда: </p><p class=\"left_margin\"></p><center><p><img src=\"https://ege.sdamgia.ru/formula/svg/17/170b842ec31b946aa85e7a8c13abe762.svg\" class=\"tex\" style=\"vertical-align:-3.0pt\" alt=\"NO : OD = PH : HD = 1 : 2,\"></p><p><img src=\"https://ege.sdamgia.ru/formula/svg/a6/a6ae18b87d5158c9c653f2c8d7b8fc51.svg\" class=\"tex\" style=\"vertical-align:-1.8pt\" alt=\"AP : PH = AM : MO = 2 : 1.\"></p><p class=\"left_margin\"></p></center><p> Сле­до­ва­тель­но, <img src=\"https://ege.sdamgia.ru/formula/svg/32/3299fe10f0162a2460c81ef8a4c56959.svg\" class=\"tex\" style=\"vertical-align:-3.0pt\" alt=\"AH : HD = 3 : 2,\"> где <img src=\"https://ege.sdamgia.ru/formula/svg/ef/ef016ea0918aa64d359cf4ea81a0b05a.svg\" class=\"tex\" style=\"vertical-align:-3.0pt\" alt=\"AH = 3y \"> и <img src=\"https://ege.sdamgia.ru/formula/svg/93/9300f85c1de4852cc67dd2f01984109d.svg\" class=\"tex\" style=\"vertical-align:-3.0pt\" alt=\"HD = 2y.\"> Тре­уголь­ни­ки <i>AOH</i> и <i>ODH</i> по­доб­ны, сле­до­ва­тель­но, <img src=\"https://ege.sdamgia.ru/formula/svg/df/df7e2e121807e428b356b00f3557be54.svg\" class=\"tex\" style=\"vertical-align:-3.0pt\" alt=\"OH : AH = DH : OH,\"> где <img src=\"https://ege.sdamgia.ru/formula/svg/d4/d44640774874f669fc3808df2b1b0cc6.svg\" class=\"tex\" style=\"vertical-align:-3.0pt\" alt=\"OH в квад­ра­те = 6y в квад­ра­те ,\"> то есть <img src=\"https://ege.sdamgia.ru/formula/svg/00/00bcb67e51cdafc14a02c444991d2325.svg\" class=\"tex\" style=\"vertical-align:-3.0pt\" alt=\"OH = ко­рень из: на­ча­ло ар­гу­мен­та: 6 конец ар­гу­мен­та y.\"> На­хо­дим:</p><p class=\"left_margin\"></p><center><p><img src=\"https://ege.sdamgia.ru/formula/svg/e6/e6442a4af70ca7c29f9f550100c02b7b.svg\" class=\"tex\" style=\"vertical-align:-10.6pt\" alt=\" тан­генс \\angle OAD = дробь: чис­ли­тель: ко­рень из: на­ча­ло ар­гу­мен­та: 6 конец ар­гу­мен­та y, зна­ме­на­тель: 3 y конец дроби = дробь: чис­ли­тель: ко­рень из: на­ча­ло ар­гу­мен­та: 6 конец ар­гу­мен­та , зна­ме­на­тель: 3 конец дроби , \"></p><p class=\"left_margin\"></p></center><p> тогда </p><p class=\"left_margin\"></p><center><p><img src=\"https://ege.sdamgia.ru/formula/svg/e8/e8ffdd6653a735a7dbcf82a82244d254.svg\" class=\"tex\" style=\"vertical-align:-13.3pt\" alt=\" тан­генс \\angle BAD = дробь: чис­ли­тель: 2 умно­жить на дробь: чис­ли­тель: ко­рень из: на­ча­ло ар­гу­мен­та: 6 конец ар­гу­мен­та , зна­ме­на­тель: 3 конец дроби , зна­ме­на­тель: 1 минус дробь: чис­ли­тель: 6, зна­ме­на­тель: 9 конец дроби конец дроби = 2 ко­рень из: на­ча­ло ар­гу­мен­та: 6 конец ар­гу­мен­та . \"></p><p class=\"left_margin\"></p></center><p class=\"left_margin\">Итого:</p><p class=\"left_margin\"></p><center><p><img src=\"https://ege.sdamgia.ru/formula/svg/75/754c841c35b75bdc015b7de710f29287.svg\" class=\"tex\" style=\"vertical-align:-13.2pt\" alt=\" ко­си­нус \\angle BAD = дробь: чис­ли­тель: 1, зна­ме­на­тель: ко­рень из: на­ча­ло ар­гу­мен­та: тан­генс в квад­ра­те \\angle BAD плюс 1 конец ар­гу­мен­та конец дроби = дробь: чис­ли­тель: 1, зна­ме­на­тель: ко­рень из: на­ча­ло ар­гу­мен­та: 25 конец ар­гу­мен­та конец дроби = дробь: чис­ли­тель: 1, зна­ме­на­тель: 5 конец дроби . \"></p><p class=\"left_margin\"></p></center><p class=\"left_margin\">б)  Пусть <img src=\"https://ege.sdamgia.ru/formula/svg/6c/6c13acf92318b1caad92792ef4552b2f.svg\" class=\"tex\" style=\"vertical-align:-1.8pt\" alt=\"\\angle OAD = \\angle MNO = альфа .\"> Тогда <img src=\"https://ege.sdamgia.ru/formula/svg/7f/7f1b905152eb4371fe62def06a60e5e9.svg\" class=\"tex\" style=\"vertical-align:-8.5pt\" alt=\" ко­си­нус 2 альфа = дробь: чис­ли­тель: 1, зна­ме­на­тель: 5 конец дроби ,\"> от­ку­да <img src=\"https://ege.sdamgia.ru/formula/svg/ca/ca0063e179fcc00cb67beb01cc5ce04e.svg\" class=\"tex\" style=\"vertical-align:-8.4pt\" alt=\"2 ко­си­нус в квад­ра­те альфа = дробь: чис­ли­тель: 6, зна­ме­на­тель: 5 конец дроби \"> или <img src=\"https://ege.sdamgia.ru/formula/svg/23/23e84b856b05509f023da2037e501a86.svg\" class=\"tex\" style=\"vertical-align:-9.4pt\" alt=\" ко­си­нус альфа = ко­рень из: на­ча­ло ар­гу­мен­та: дробь: чис­ли­тель: 3, зна­ме­на­тель: 5 конец дроби конец ар­гу­мен­та .\"> За­ме­тим, что </p><p class=\"left_margin\"></p><center><p><img src=\"https://ege.sdamgia.ru/formula/svg/44/44d431a7648a482f211d8af79d67ef59.svg\" class=\"tex\" style=\"vertical-align:-9.4pt\" alt=\"NO = MN умно­жить на ко­си­нус альфа = 5 умно­жить на ко­рень из: на­ча­ло ар­гу­мен­та: дробь: чис­ли­тель: 3, зна­ме­на­тель: 5 конец дроби конец ар­гу­мен­та = ко­рень из: на­ча­ло ар­гу­мен­та: 15 конец ар­гу­мен­та ,\"></p><p class=\"left_margin\"></p></center><p> сле­до­ва­тель­но, <img src=\"https://ege.sdamgia.ru/formula/svg/23/23c1677f883005aa0bd2d5f87d946443.svg\" class=\"tex\" style=\"vertical-align:-1.8pt\" alt=\"BD = 4 ко­рень из: на­ча­ло ар­гу­мен­та: 15 конец ар­гу­мен­та .\"> По­лу­ча­ем <img src=\"https://ege.sdamgia.ru/formula/svg/85/851e36bf99b1c4a1321d9f5255c98519.svg\" class=\"tex\" style=\"vertical-align:-9.4pt\" alt=\" синус альфа = ко­рень из: на­ча­ло ар­гу­мен­та: 1 минус дробь: чис­ли­тель: 3, зна­ме­на­тель: 5 конец дроби конец ар­гу­мен­та = ко­рень из: на­ча­ло ар­гу­мен­та: дробь: чис­ли­тель: 2, зна­ме­на­тель: 5 конец дроби конец ар­гу­мен­та ,\"> сле­до­ва­тель­но, <img src=\"https://ege.sdamgia.ru/formula/svg/49/4981b3138fed0ac27b00b72b89f350b7.svg\" class=\"tex\" style=\"vertical-align:-9.4pt\" alt=\"MO = 5 умно­жить на ко­рень из: на­ча­ло ар­гу­мен­та: дробь: чис­ли­тель: 2, зна­ме­на­тель: 5 конец дроби конец ар­гу­мен­та = ко­рень из: на­ча­ло ар­гу­мен­та: 10 конец ар­гу­мен­та ,\"> от­ку­да <img src=\"https://ege.sdamgia.ru/formula/svg/f0/f075c8d659e9ad7125a8f0862fcdd9cc.svg\" class=\"tex\" style=\"vertical-align:-1.8pt\" alt=\"AC = 6 умно­жить на MO = 6 ко­рень из: на­ча­ло ар­гу­мен­та: 10 конец ар­гу­мен­та .\"> </p><p class=\"left_margin\">Итого на­хо­дим пло­щадь ромба <i>ABCD</i>:</p><p class=\"left_margin\"></p><center><p><img src=\"https://ege.sdamgia.ru/formula/svg/c1/c14e0e76e81ee8863e841185a3891209.svg\" class=\"tex\" style=\"vertical-align:-8.4pt\" alt=\"S_ABCD = дробь: чис­ли­тель: 1, зна­ме­на­тель: 2 конец дроби AC умно­жить на BD = дробь: чис­ли­тель: 1, зна­ме­на­тель: 2 конец дроби умно­жить на 4 ко­рень из: на­ча­ло ар­гу­мен­та: 15 конец ар­гу­мен­та умно­жить на 6 ко­рень из: на­ча­ло ар­гу­мен­та: 10 конец ар­гу­мен­та = 12 ко­рень из: на­ча­ло ар­гу­мен­та: 150 конец ар­гу­мен­та = 60 ко­рень из: на­ча­ло ар­гу­мен­та: 6 конец ар­гу­мен­та .\"></p><p class=\"left_margin\"></p></center><p><span style=\"letter-spacing: 2px;\">Ответ:</span> б) <img src=\"https://ege.sdamgia.ru/formula/svg/1e/1ed5ba7829ac140b532cb00499ff930e.svg\" class=\"tex\" style=\"vertical-align:-1.8pt\" alt=\"60 ко­рень из: на­ча­ло ар­гу­мен­та: 6 конец ар­гу­мен­та .\"></p></div>",
        "image_urls": [
            "https://ege.sdamgia.ru/formula/svg/d7/d7a5f563e07608e1f84c5fd9a8f2ddc9.svg",
            "https://ege.sdamgia.ru/formula/svg/17/170b842ec31b946aa85e7a8c13abe762.svg",
            "https://ege.sdamgia.ru/formula/svg/a6/a6ae18b87d5158c9c653f2c8d7b8fc51.svg",
            "https://ege.sdamgia.ru/formula/svg/32/3299fe10f0162a2460c81ef8a4c56959.svg",
            "https://ege.sdamgia.ru/formula/svg/ef/ef016ea0918aa64d359cf4ea81a0b05a.svg",
            "https://ege.sdamgia.ru/formula/svg/93/9300f85c1de4852cc67dd2f01984109d.svg",
            "https://ege.sdamgia.ru/formula/svg/df/df7e2e121807e428b356b00f3557be54.svg",
            "https://ege.sdamgia.ru/formula/svg/d4/d44640774874f669fc3808df2b1b0cc6.svg",
            "https://ege.sdamgia.ru/formula/svg/00/00bcb67e51cdafc14a02c444991d2325.svg",
            "https://ege.sdamgia.ru/formula/svg/e6/e6442a4af70ca7c29f9f550100c02b7b.svg",
            "https://ege.sdamgia.ru/formula/svg/e8/e8ffdd6653a735a7dbcf82a82244d254.svg",
            "https://ege.sdamgia.ru/formula/svg/75/754c841c35b75bdc015b7de710f29287.svg",
            "https://ege.sdamgia.ru/formula/svg/6c/6c13acf92318b1caad92792ef4552b2f.svg",
            "https://ege.sdamgia.ru/formula/svg/7f/7f1b905152eb4371fe62def06a60e5e9.svg",
            "https://ege.sdamgia.ru/formula/svg/ca/ca0063e179fcc00cb67beb01cc5ce04e.svg",
            "https://ege.sdamgia.ru/formula/svg/23/23e84b856b05509f023da2037e501a86.svg",
            "https://ege.sdamgia.ru/formula/svg/44/44d431a7648a482f211d8af79d67ef59.svg",
            "https://ege.sdamgia.ru/formula/svg/23/23c1677f883005aa0bd2d5f87d946443.svg",
            "https://ege.sdamgia.ru/formula/svg/85/851e36bf99b1c4a1321d9f5255c98519.svg",
            "https://ege.sdamgia.ru/formula/svg/49/4981b3138fed0ac27b00b72b89f350b7.svg",
            "https://ege.sdamgia.ru/formula/svg/f0/f075c8d659e9ad7125a8f0862fcdd9cc.svg",
            "https://ege.sdamgia.ru/formula/svg/c1/c14e0e76e81ee8863e841185a3891209.svg",
            "https://ege.sdamgia.ru/formula/svg/1e/1ed5ba7829ac140b532cb00499ff930e.svg",
            "/get_file?id=136408"
        ]
    },
    "answer": "б)",
    "topic_id": 17,
    "analog_ids": []
}