{
    "gia_type": "ege",
    "subject": "math",
    "id": 642419,
    "condition": {
        "text": "Дана равнобедренная трапеция ABCD с основаниями AD и BC. Биссектрисы углов BAD и BCD пересекаются в точке O. Точки M и N отмечены на боковых сторонах AB и CD соответственно. Известно, что  и а)  Докажите, что точки M, N и O лежат на одной прямой. 6)  Найдите  если известно, что  и ",
        "html": "<div align=\"justify\" width=\"100%\" id=\"body500623\" class=\"pbody\"><p class=\"left_margin\">Дана рав­но­бед­рен­ная тра­пе­ция <i>ABCD</i> с ос­но­ва­ни­я­ми <i>AD</i> и <i>BC.</i> Бис­сек­три­сы углов <i>BAD</i> и <i>BCD</i> пе­ре­се­ка­ют­ся в точке <i>O</i>. Точки <i>M</i> и <i>N</i> от­ме­че­ны на бо­ко­вых сто­ро­нах <i>AB</i> и <i>CD</i> со­от­вет­ствен­но. Из­вест­но, что <img src=\"https://ege.sdamgia.ru/formula/svg/81/811e96e8ac01fc88c349c3d8e3c0eb70.svg\" class=\"tex\" style=\"vertical-align:-1.8pt\" alt=\"A M=M O\"> и <img src=\"https://ege.sdamgia.ru/formula/svg/31/3169752681f328f689a0c4066cb3168f.svg\" class=\"tex\" style=\"vertical-align:-1.8pt\" alt=\" C N=N O.\"></p><p class=\"left_margin\">а)  До­ка­жи­те, что точки <i>M</i>, <i>N</i> и <i>O</i> лежат на одной пря­мой. </p><p class=\"left_margin\">6)  Най­ди­те <img src=\"https://ege.sdamgia.ru/formula/svg/86/86707c2b0e08f3143bc7e91f8c94b301.svg\" class=\"tex\" style=\"vertical-align:-3.0pt\" alt=\"A M: M B,\"> если из­вест­но, что <img src=\"https://ege.sdamgia.ru/formula/svg/ac/acacb073695a362ee4922b33c073dd51.svg\" class=\"tex\" style=\"vertical-align:-1.8pt\" alt=\"AO = OC\"> и <img src=\"https://ege.sdamgia.ru/formula/svg/ed/ed3cc3ae8ccb801c071b25d85c3eaf60.svg\" class=\"tex\" style=\"vertical-align:-1.8pt\" alt=\"B C: A D=1: 7.\"></p></div>",
        "image_urls": [
            "https://ege.sdamgia.ru/formula/svg/81/811e96e8ac01fc88c349c3d8e3c0eb70.svg",
            "https://ege.sdamgia.ru/formula/svg/31/3169752681f328f689a0c4066cb3168f.svg",
            "https://ege.sdamgia.ru/formula/svg/86/86707c2b0e08f3143bc7e91f8c94b301.svg",
            "https://ege.sdamgia.ru/formula/svg/ac/acacb073695a362ee4922b33c073dd51.svg",
            "https://ege.sdamgia.ru/formula/svg/ed/ed3cc3ae8ccb801c071b25d85c3eaf60.svg"
        ]
    },
    "solution": {
        "text": "Решение. а)  Так как AO  — биссектриса  то  и  следовательно, треугольник AMO равнобедренный, а значит,  Тогда  откуда следует, что отрезок MO параллелен стороне AD, так как накрест лежащие углы при секущей AO равны. Аналогично отрезок NO параллелен стороне BC. Следовательно, так как стороны BC и AD параллельны, точки М и N лежат на прямой, параллельной основаниям и проходящей через точку O. Что и требовалось доказать.б)  Пусть  тогда  и По сумме углов четырёхугольника ABCO: откуда  то есть  Так как треугольник AOC равнобедренный, то значит, Проведём высоту CH, пусть она пересекается с отрезком MN в точке L. По теореме о пропорциональных отрезках, так как отрезок MN параллелен стороне AD, то В треугольнике CAH:  и  следовательно, Проведём перпендикуляр OK к AD. Треугольники AOK и COL равны по гипотенузе (AO  =  CO по условию) и острому углу  значит, Четырёхугольник OLHK  — параллелограмм (прямоугольник), так как отрезки OL и AD параллельны, отрезок OK перпендикулярен стороне AD и отрезок LH перпендикулярен стороне AD. Следовательно,  Поэтому, В треугольнике ACH:  значит, Так как трапеция равнобедренная:  откуда  Тогда по теореме Пифагора в треугольнике CHD:  откуда  Значит,   — это половина угла в египетском треугольнике напротив большего катета. Проведём в таком треугольнике биссектрису и воспользуемся её свойством: Тогда  при этом  следовательно,  Таким образом, Ответ: б)  1 : 2. Приведем решение пункта б) Марины Ивановой (Миасс).Пусть     В равнобедренном треугольнике AMO положим  тогда   Далее, пусть  По свойству равнобедренной трапеции  то есть  тогда в равнобедренном треугольнике CNO имеем: Приравнивая длины отрезков AO и CO, получаем, что  то есть  Через точку C проведем высоту CH, а через точку O  —  высоту EP, где точка E лежит на BC. Тогда значит,  В прямоугольном треугольнике AOP находим, что   Тогда треугольники AOP и COE равны по гипотенузе и острому углу. Откуда   и  В треугольнике CHD:Пусть  получаем уравнение: Решение  не подходит, так как угол α острый. Следовательно,  а потому искомое отношение равно 1 : 2.",
        "html": "<div align=\"justify\" width=\"100%\" id=\"sol642419\" class=\"solution\" style=\"clear:both;\" class=\"pbody\"><p class=\"left_margin\"></p><b>Ре­ше­ние<!--rule_info-->. </b><p class=\"left_margin\"><img src=\"/get_file?id=136734\" style=\"float:right;margin:10px;max-width:100%\">а)  Так как <i>AO</i>  — бис­сек­три­са <img src=\"https://ege.sdamgia.ru/formula/svg/8e/8eefe3bbeea6624b840737113e6076c0.svg\" class=\"tex\" style=\"vertical-align:-3.0pt\" alt=\" \\angle BAD,\"> то <img src=\"https://ege.sdamgia.ru/formula/svg/21/21809c06aa55bfe609f64802c41692ef.svg\" class=\"tex\" style=\"vertical-align:-3.0pt\" alt=\" \\angle MAO= \\angle OAD,\"> и <img src=\"https://ege.sdamgia.ru/formula/svg/23/23f991dcacd78635e41dffc9f054c382.svg\" class=\"tex\" style=\"vertical-align:-3.0pt\" alt=\"MA=MO,\"> сле­до­ва­тель­но, тре­уголь­ник <i>AMO</i> рав­но­бед­рен­ный, а зна­чит, <img src=\"https://ege.sdamgia.ru/formula/svg/ea/ea532f6debe52d7d8f5e7f7246d7c0f2.svg\" class=\"tex\" style=\"vertical-align:-1.8pt\" alt=\" \\angle MAO= \\angle MOA.\"> Тогда <img src=\"https://ege.sdamgia.ru/formula/svg/96/9600c057d9aabbab1897053b2c92882b.svg\" class=\"tex\" style=\"vertical-align:-3.0pt\" alt=\"\\angle MOA= \\angle OAD,\"> от­ку­да сле­ду­ет, что от­ре­зок <i>MO</i> па­рал­ле­лен сто­ро­не <i>AD</i>, так как на­крест ле­жа­щие углы при се­ку­щей <i>AO</i> равны. Ана­ло­гич­но от­ре­зок <i>NO</i> па­рал­ле­лен сто­ро­не <i>BC</i>. Сле­до­ва­тель­но, так как сто­ро­ны <i>BC</i> и <i>AD</i> па­рал­лель­ны, точки <i>М</i> и <i>N</i> лежат на пря­мой, па­рал­лель­ной ос­но­ва­ни­ям и про­хо­дя­щей через точку <i>O</i>. Что и тре­бо­ва­лось до­ка­зать.</p><p class=\"left_margin\">б)  Пусть <img src=\"https://ege.sdamgia.ru/formula/svg/c1/c193deb4e588c0dbd62a93629b297f17.svg\" class=\"tex\" style=\"vertical-align:-3.0pt\" alt=\" \\angle MAO= \\angle OAD= альфа ,\"> тогда <img src=\"https://ege.sdamgia.ru/formula/svg/68/6806557ece77f7bebaa7000ad781a28e.svg\" class=\"tex\" style=\"vertical-align:-1.8pt\" alt=\" \\angle ABC=180 гра­ду­сов минус 2 альфа \"> и <img src=\"https://ege.sdamgia.ru/formula/svg/2d/2deab4cdfb8b85f90168c0848da6d1d5.svg\" class=\"tex\" style=\"vertical-align:-1.8pt\" alt=\" \\angle BCO=90 гра­ду­сов минус альфа .\"></p><p class=\"left_margin\">По сумме углов четырёхуголь­ни­ка <i>ABCO</i>:</p><p class=\"left_margin\"></p><center><p><img src=\"https://ege.sdamgia.ru/formula/svg/ba/baf4cd548f58fef669bf5b73ed756dd8.svg\" class=\"tex\" style=\"vertical-align:-3.0pt\" alt=\" \\angle BAO плюс \\angle ABC плюс \\angle BCO плюс \\angle COA=360 гра­ду­сов,\"></p><p class=\"left_margin\"></p></center><p> от­ку­да </p><p class=\"left_margin\"></p><center><p><img src=\"https://ege.sdamgia.ru/formula/svg/0b/0b54c83a692127cf2ea9a24afff54a01.svg\" class=\"tex\" style=\"vertical-align:-3.0pt\" alt=\" альфа плюс 180 гра­ду­сов минус 2 альфа плюс 90 гра­ду­сов минус альфа плюс \\angle COA=360 гра­ду­сов,\"></p><p class=\"left_margin\"></p></center><p> то есть <img src=\"https://ege.sdamgia.ru/formula/svg/c3/c31f9ac0cbb398a3e66d38262660da04.svg\" class=\"tex\" style=\"vertical-align:-1.8pt\" alt=\"\\angle COA=90 гра­ду­сов плюс 2 альфа .\"> Так как тре­уголь­ник <i>AOC</i> рав­но­бед­рен­ный, то</p><p class=\"left_margin\"></p><center><p><img src=\"https://ege.sdamgia.ru/formula/svg/34/341c95d720638c0a0fb1ccfab6f75ef0.svg\" class=\"tex\" style=\"vertical-align:-3.0pt\" alt=\"\\angle CAO= \\angle ACO=45 гра­ду­сов минус альфа ,\"></p><p class=\"left_margin\"></p></center><p> зна­чит, <img src=\"/get_file?id=136453\" style=\"float:right;margin:10px;max-width:100%\"></p><p class=\"left_margin\"></p><center><p><img src=\"https://ege.sdamgia.ru/formula/svg/ce/ce7fc57f0cffdfe68d3a57f36afbf0d4.svg\" class=\"tex\" style=\"vertical-align:-1.8pt\" alt=\" \\angle CAD = \\angle CAO плюс \\angle OAD=45 гра­ду­сов минус альфа плюс альфа =45 гра­ду­сов .\"></p><p class=\"left_margin\"></p></center><p class=\"left_margin\">Про­ведём вы­со­ту <i>CH</i>, пусть она пе­ре­се­ка­ет­ся с от­рез­ком <i>MN</i> в точке <i>L</i>. По тео­ре­ме о про­пор­ци­о­наль­ных от­рез­ках, так как от­ре­зок <i>MN</i> па­рал­ле­лен сто­ро­не <i>AD</i>, то <img src=\"https://ege.sdamgia.ru/formula/svg/bf/bf98d4c476f941cf00dcbcd5986c28cc.svg\" class=\"tex\" style=\"vertical-align:-1.8pt\" alt=\"AM : MB =HL:LC.\"></p><p class=\"left_margin\">В тре­уголь­ни­ке <i>CAH</i>: <img src=\"https://ege.sdamgia.ru/formula/svg/52/52d7e34ad09b317f4c1329408cc746d1.svg\" class=\"tex\" style=\"vertical-align:-1.8pt\" alt=\" \\angle H=90 гра­ду­сов\"> и <img src=\"https://ege.sdamgia.ru/formula/svg/dc/dce236c5534c8967194c44644195174a.svg\" class=\"tex\" style=\"vertical-align:-3.0pt\" alt=\" \\angle CAH=45 гра­ду­сов,\"> сле­до­ва­тель­но, </p><p></p><div class=\"flex-math\"><p><img src=\"https://ege.sdamgia.ru/formula/svg/5d/5dfa3341f7de790684687334c8f0649f.svg\" class=\"tex\" style=\"vertical-align:-3.6pt\" alt=\"\\angle ACH=45 гра­ду­сов \\Rightarrow \\angle OCL= \\angle ACL минус \\angle ACO=45 гра­ду­сов минус левая круг­лая скоб­ка 45 гра­ду­сов минус альфа пра­вая круг­лая скоб­ка = альфа .\"></p><p></p></div><p class=\"left_margin\">Про­ведём пер­пен­ди­ку­ляр <i>OK</i> к <i>AD</i>. Тре­уголь­ни­ки <i>AOK</i> и <i>COL</i> равны по ги­по­те­ну­зе (<i>AO</i>  =  <i>CO</i> по усло­вию) и остро­му углу <img src=\"https://ege.sdamgia.ru/formula/svg/ab/ab7017d0529223dae2d6d82034347982.svg\" class=\"tex\" style=\"vertical-align:-3.6pt\" alt=\" левая круг­лая скоб­ка \\angle OAK= \\angle OCL= альфа пра­вая круг­лая скоб­ка ,\"> зна­чит, <img src=\"https://ege.sdamgia.ru/formula/svg/4e/4eaae4826d98cb0ff575ecf6f79acfd0.svg\" class=\"tex\" style=\"vertical-align:-1.8pt\" alt=\"CL=AK.\"></p><p class=\"left_margin\">Четырёхуголь­ник <i>OLHK</i>  — па­рал­ле­ло­грамм (пря­мо­уголь­ник), так как от­рез­ки <i>OL</i> и <i>AD</i> па­рал­лель­ны, от­ре­зок <i>OK</i> пер­пен­ди­ку­ля­рен сто­ро­не <i>AD</i> и от­ре­зок <i>LH</i> пер­пен­ди­ку­ля­рен сто­ро­не <i>AD.</i> Сле­до­ва­тель­но, <img src=\"https://ege.sdamgia.ru/formula/svg/fe/fe1e9cf9e0ff6c01c0a0f31aedfe879a.svg\" class=\"tex\" style=\"vertical-align:-1.8pt\" alt=\"OK=LH.\"> По­это­му, </p><p class=\"left_margin\"></p><center><p><img src=\"https://ege.sdamgia.ru/formula/svg/e2/e262578b778681d75ff9fe25960e84c3.svg\" class=\"tex\" style=\"vertical-align:-3.2pt\" alt=\"AM:MB=OK:AK= тан­генс \\widehatOAK = тан­генс альфа .\"></p><p class=\"left_margin\"></p></center><p class=\"left_margin\">В тре­уголь­ни­ке <i>ACH</i>: <img src=\"https://ege.sdamgia.ru/formula/svg/5f/5f7813ff2a360a23db5046b0405df87e.svg\" class=\"tex\" style=\"vertical-align:-3.0pt\" alt=\" \\angle ACH = \\angle CAH=45 гра­ду­сов,\"> зна­чит, <img src=\"https://ege.sdamgia.ru/formula/svg/e8/e86af6e4e7d8500c7c2f823be29cf7e7.svg\" class=\"tex\" style=\"vertical-align:-1.8pt\" alt=\" AH=CH.\"></p><p class=\"left_margin\">Так как тра­пе­ция рав­но­бед­рен­ная:</p><p class=\"left_margin\"></p><center><p><img src=\"https://ege.sdamgia.ru/formula/svg/bf/bfdd13a797206b1835911183f84782c8.svg\" class=\"tex\" style=\"vertical-align:-8.3pt\" alt=\"AH= дробь: чис­ли­тель: AD плюс BC, зна­ме­на­тель: 2 конец дроби = дробь: чис­ли­тель: 7BC плюс BC, зна­ме­на­тель: 2 конец дроби =4BC \"></p><p class=\"left_margin\"></p></center> <p> от­ку­да <img src=\"https://ege.sdamgia.ru/formula/svg/ac/ac0714a25466e263b9318900103a4ecc.svg\" class=\"tex\" style=\"vertical-align:-1.8pt\" alt=\"HD=3BC. \"> Тогда по тео­ре­ме Пи­фа­го­ра в тре­уголь­ни­ке <i>CHD</i>:</p><p class=\"left_margin\"></p><center><p><img src=\"https://ege.sdamgia.ru/formula/svg/a6/a66b21c14ae44af68e220e8903463384.svg\" class=\"tex\" style=\"vertical-align:-3.6pt\" alt=\"CD в квад­ра­те = левая круг­лая скоб­ка 3BC пра­вая круг­лая скоб­ка в квад­ра­те плюс левая круг­лая скоб­ка 4BC пра­вая круг­лая скоб­ка в квад­ра­те =25BC в квад­ра­те ,\"></p><p class=\"left_margin\"></p></center> <p><img src=\"/get_file?id=136735\" style=\"float:right;margin:10px;max-width:100%\"></p><p> от­ку­да <img src=\"https://ege.sdamgia.ru/formula/svg/e3/e394805fde973a27c0d2468dbf33f2b8.svg\" class=\"tex\" style=\"vertical-align:-1.8pt\" alt=\"CD=5BC=AB.\"> Зна­чит, <img src=\"https://ege.sdamgia.ru/formula/svg/7b/7b7f9dbfea05c83784f8b85149852f08.svg\" class=\"tex\" style=\"vertical-align:-1.8pt\" alt=\" альфа \">  — это по­ло­ви­на угла в еги­пет­ском тре­уголь­ни­ке на­про­тив боль­ше­го ка­те­та. Про­ведём в таком тре­уголь­ни­ке бис­сек­три­су и вос­поль­зу­ем­ся её свой­ством:</p><p class=\"left_margin\"></p><center><p><img src=\"https://ege.sdamgia.ru/formula/svg/8d/8d2ef0058a62d66496b1c7144d403793.svg\" class=\"tex\" style=\"vertical-align:-10.4pt\" alt=\" дробь: чис­ли­тель: x, зна­ме­на­тель: y конец дроби = дробь: чис­ли­тель: 5BC, зна­ме­на­тель: 3BC конец дроби = дробь: чис­ли­тель: 5, зна­ме­на­тель: 3 конец дроби . \"></p><p class=\"left_margin\"></p></center><p> Тогда <img src=\"https://ege.sdamgia.ru/formula/svg/47/473977482860e3cb50dd89b8b71df56c.svg\" class=\"tex\" style=\"vertical-align:-8.4pt\" alt=\"x= дробь: чис­ли­тель: 5, зна­ме­на­тель: 3 конец дроби y, \"> при этом <img src=\"https://ege.sdamgia.ru/formula/svg/41/419b936bc276e5da0e0f7bce1ed00e78.svg\" class=\"tex\" style=\"vertical-align:-3.0pt\" alt=\"x плюс y=4BC,\"> сле­до­ва­тель­но, </p><p class=\"left_margin\"></p><center><p><img src=\"https://ege.sdamgia.ru/formula/svg/1d/1d1569b1951427402f68fb84069e7fa0.svg\" class=\"tex\" style=\"vertical-align:-8.4pt\" alt=\" дробь: чис­ли­тель: 5, зна­ме­на­тель: 3 конец дроби y плюс y=4BC рав­но­силь­но дробь: чис­ли­тель: 8, зна­ме­на­тель: 3 конец дроби y=4BC рав­но­силь­но y= дробь: чис­ли­тель: 3, зна­ме­на­тель: 2 конец дроби BC. \"></p><p class=\"left_margin\"></p></center><p> Таким об­ра­зом, </p><p class=\"left_margin\"></p><center><p><img src=\"https://ege.sdamgia.ru/formula/svg/52/527b4676738864557f26b1cb781c9027.svg\" class=\"tex\" style=\"vertical-align:-8.5pt\" alt=\" тан­генс альфа = дробь: чис­ли­тель: дробь: чис­ли­тель: 3, зна­ме­на­тель: 2 конец дроби BC, зна­ме­на­тель: 3BC конец дроби = дробь: чис­ли­тель: 1, зна­ме­на­тель: 2 конец дроби \\Rightarrow AM:MB=1:2. \"></p><p class=\"left_margin\"></p></center><p><span style=\"letter-spacing: 2px;\">Ответ:</span> б)  1 : 2.</p><p>&nbsp;</p><p><img src=\"/get_file?id=137080\" style=\"float:right;margin:10px;max-width:100%\"></p><p><b>При­ве­дем ре­ше­ние пунк­та б) Ма­ри­ны Ива­но­вой (Миасс).</b></p><p class=\"left_margin\">Пусть <img src=\"https://ege.sdamgia.ru/formula/svg/89/89547791e73d77ba0fd0d2c38aeb75d3.svg\" class=\"tex\" style=\"vertical-align:-3.0pt\" alt=\"\\angle MAO= альфа ,\"> <img src=\"https://ege.sdamgia.ru/formula/svg/16/16e6c7e0745bcf9a59b88abd2b350c2e.svg\" class=\"tex\" style=\"vertical-align:-3.3pt\" alt=\"\\angle NCO= бета ,\"> <img src=\"https://ege.sdamgia.ru/formula/svg/28/28fbaac5e611e6415fe6a0c6d846fe7d.svg\" class=\"tex\" style=\"vertical-align:-3.0pt\" alt=\"BC=m,\"> <img src=\"https://ege.sdamgia.ru/formula/svg/bb/bba0e789ff33823b4daafedd9fa48d2f.svg\" class=\"tex\" style=\"vertical-align:-1.8pt\" alt=\"AD=7m.\"> В рав­но­бед­рен­ном тре­уголь­ни­ке <i>AMO</i> по­ло­жим <img src=\"https://ege.sdamgia.ru/formula/svg/1c/1cb786d4e1ad783ee2dcaafb053d17b6.svg\" class=\"tex\" style=\"vertical-align:-3.0pt\" alt=\"AM = MO = x,\"> тогда  <img src=\"https://ege.sdamgia.ru/formula/svg/3a/3a2cbf65def04fd9098690a381696baa.svg\" class=\"tex\" style=\"vertical-align:-1.8pt\" alt=\"AO = 2x ко­си­нус альфа .\"> Далее, пусть <img src=\"https://ege.sdamgia.ru/formula/svg/04/04f0e18653ec8431d6147290bf4f99c2.svg\" class=\"tex\" style=\"vertical-align:-3.0pt\" alt=\"CN = ON = y.\"> По свой­ству рав­но­бед­рен­ной тра­пе­ции <img src=\"https://ege.sdamgia.ru/formula/svg/62/62820be98cde99dc5b2beeb43b46ee4d.svg\" class=\"tex\" style=\"vertical-align:-3.4pt\" alt=\"2 альфа плюс 2 бета = 180 гра­ду­сов ,\"> то есть <img src=\"https://ege.sdamgia.ru/formula/svg/90/90ae57be756bece94836c25a981d3476.svg\" class=\"tex\" style=\"vertical-align:-3.4pt\" alt=\" альфа плюс бета = 90 гра­ду­сов ,\"> тогда в рав­но­бед­рен­ном тре­уголь­ни­ке <i>CNO</i> имеем:</p><p class=\"left_margin\"></p><center><p><img src=\"https://ege.sdamgia.ru/formula/svg/45/4513925c4299beb54d99b76f991cdea2.svg\" class=\"tex\" style=\"vertical-align:-3.6pt\" alt=\"CO = 2 y ко­си­нус бета = 2y ко­си­нус левая круг­лая скоб­ка 90 гра­ду­сов минус альфа пра­вая круг­лая скоб­ка = 2 y синус альфа .\"></p><p class=\"left_margin\"></p></center><p> При­рав­ни­вая длины от­рез­ков <i>AO</i> и <i>CO</i>, по­лу­ча­ем, что <img src=\"https://ege.sdamgia.ru/formula/svg/a3/a36f88d5763745f777a2d60ad280e190.svg\" class=\"tex\" style=\"vertical-align:-10.5pt\" alt=\" дробь: чис­ли­тель: x, зна­ме­на­тель: y конец дроби = тан­генс альфа , \"> то есть <img src=\"https://ege.sdamgia.ru/formula/svg/8f/8f24d0ef5041930b1df3d8e8c6d4569f.svg\" class=\"tex\" style=\"vertical-align:-3.2pt\" alt=\"AM : MB = тан­генс альфа .\"> </p><p class=\"left_margin\">Через точку <i>C</i> про­ве­дем вы­со­ту <i>CH</i>, а через точку <i>O</i>  —  вы­со­ту <i>EP</i>, где точка <i>E</i> лежит на <i>BC</i>. Тогда</p><p class=\"left_margin\"></p><center><p><img src=\"https://ege.sdamgia.ru/formula/svg/94/94a7788d99378f848458c20152958aa0.svg\" class=\"tex\" style=\"vertical-align:-8.3pt\" alt=\"HD = дробь: чис­ли­тель: AD минус BC, зна­ме­на­тель: 2 конец дроби = дробь: чис­ли­тель: 7 m минус m, зна­ме­на­тель: 2 конец дроби = 3m, \"></p><p class=\"left_margin\"></p></center><p> зна­чит, <img src=\"https://ege.sdamgia.ru/formula/svg/45/452ad48de18c2a5365651893c3e396c8.svg\" class=\"tex\" style=\"vertical-align:-1.8pt\" alt=\"AH = 7m минус 3 m = 4m.\"> В пря­мо­уголь­ном тре­уголь­ни­ке <i>AOP</i> на­хо­дим, что  <img src=\"https://ege.sdamgia.ru/formula/svg/3c/3c47cb66dc07e55b5ac31bdab049bca3.svg\" class=\"tex\" style=\"vertical-align:-3.4pt\" alt=\"\\angle AOP=90 гра­ду­сов минус альфа = бета .\"> Тогда тре­уголь­ни­ки <i>AOP</i> и <i>COE</i> равны по ги­по­те­ну­зе и остро­му углу. От­ку­да <img src=\"https://ege.sdamgia.ru/formula/svg/6e/6e6632518317be744c557cbd4949ca2b.svg\" class=\"tex\" style=\"vertical-align:-3.0pt\" alt=\"AP = EO,\"> <img src=\"https://ege.sdamgia.ru/formula/svg/90/904b2a43eab9ddf2062ae5c1d7e1c9e3.svg\" class=\"tex\" style=\"vertical-align:-1.8pt\" alt=\"OP = EC = PH\"> и </p><p class=\"left_margin\"></p><center><p><img src=\"https://ege.sdamgia.ru/formula/svg/cf/cf0dd7284e04c06ad61bda66499054c0.svg\" class=\"tex\" style=\"vertical-align:-1.8pt\" alt=\"CH = EO плюс OP = AP плюс PH = AH = 4m.\"></p><p class=\"left_margin\"></p></center><p> В тре­уголь­ни­ке <i>CHD</i>:</p><p class=\"left_margin\"></p><center><p><img src=\"https://ege.sdamgia.ru/formula/svg/c5/c5bc2aadf5593509fa3b9d31fe2654f1.svg\" class=\"tex\" style=\"vertical-align:-10.7pt\" alt=\" дробь: чис­ли­тель: CH, зна­ме­на­тель: HD конец дроби = дробь: чис­ли­тель: 4 m, зна­ме­на­тель: 3 m конец дроби = дробь: чис­ли­тель: 4, зна­ме­на­тель: 3 конец дроби = тан­генс \\widehatCDH = тан­генс 2 альфа = дробь: чис­ли­тель: 2 тан­генс альфа , зна­ме­на­тель: 1 минус тан­генс в квад­ра­те альфа конец дроби . \"></p><p class=\"left_margin\"></p></center><p class=\"left_margin\">Пусть <img src=\"https://ege.sdamgia.ru/formula/svg/a2/a221bed3a9e69c30827b075ef06cc4bb.svg\" class=\"tex\" style=\"vertical-align:-3.3pt\" alt=\" тан­генс альфа = t,\"> по­лу­ча­ем урав­не­ние:</p><p class=\"left_margin\"></p><center><p><img src=\"https://ege.sdamgia.ru/formula/svg/98/98faae151ac763f582eebf214471d8ed.svg\" class=\"tex\" style=\"vertical-align:-17.8pt\" alt=\" дробь: чис­ли­тель: 2t, зна­ме­на­тель: 1 минус t в квад­ра­те конец дроби = дробь: чис­ли­тель: 4, зна­ме­на­тель: 3 конец дроби рав­но­силь­но 2t в квад­ра­те плюс 3t минус 2 = 0 рав­но­силь­но со­во­куп­ность вы­ра­же­ний t = дробь: чис­ли­тель: 1, зна­ме­на­тель: 2 конец дроби ,t = минус 2. конец со­во­куп­но­сти . \"></p><p class=\"left_margin\"></p></center><p> Ре­ше­ние <img src=\"https://ege.sdamgia.ru/formula/svg/d3/d3ff48c2820a9fa4162f9e8989137622.svg\" class=\"tex\" style=\"vertical-align:-1.8pt\" alt=\"t = минус 2\"> не под­хо­дит, так как угол α ост­рый. Сле­до­ва­тель­но, <img src=\"https://ege.sdamgia.ru/formula/svg/3f/3fcba386650115f52c35ab12aacf564d.svg\" class=\"tex\" style=\"vertical-align:-8.4pt\" alt=\" тан­генс альфа = дробь: чис­ли­тель: 1, зна­ме­на­тель: 2 конец дроби ,\"> а по­то­му ис­ко­мое от­но­ше­ние равно 1 : 2.</p></div>",
        "image_urls": [
            "https://ege.sdamgia.ru/formula/svg/8e/8eefe3bbeea6624b840737113e6076c0.svg",
            "https://ege.sdamgia.ru/formula/svg/21/21809c06aa55bfe609f64802c41692ef.svg",
            "https://ege.sdamgia.ru/formula/svg/23/23f991dcacd78635e41dffc9f054c382.svg",
            "https://ege.sdamgia.ru/formula/svg/ea/ea532f6debe52d7d8f5e7f7246d7c0f2.svg",
            "https://ege.sdamgia.ru/formula/svg/96/9600c057d9aabbab1897053b2c92882b.svg",
            "https://ege.sdamgia.ru/formula/svg/c1/c193deb4e588c0dbd62a93629b297f17.svg",
            "https://ege.sdamgia.ru/formula/svg/68/6806557ece77f7bebaa7000ad781a28e.svg",
            "https://ege.sdamgia.ru/formula/svg/2d/2deab4cdfb8b85f90168c0848da6d1d5.svg",
            "https://ege.sdamgia.ru/formula/svg/ba/baf4cd548f58fef669bf5b73ed756dd8.svg",
            "https://ege.sdamgia.ru/formula/svg/0b/0b54c83a692127cf2ea9a24afff54a01.svg",
            "https://ege.sdamgia.ru/formula/svg/c3/c31f9ac0cbb398a3e66d38262660da04.svg",
            "https://ege.sdamgia.ru/formula/svg/34/341c95d720638c0a0fb1ccfab6f75ef0.svg",
            "https://ege.sdamgia.ru/formula/svg/ce/ce7fc57f0cffdfe68d3a57f36afbf0d4.svg",
            "https://ege.sdamgia.ru/formula/svg/bf/bf98d4c476f941cf00dcbcd5986c28cc.svg",
            "https://ege.sdamgia.ru/formula/svg/52/52d7e34ad09b317f4c1329408cc746d1.svg",
            "https://ege.sdamgia.ru/formula/svg/dc/dce236c5534c8967194c44644195174a.svg",
            "https://ege.sdamgia.ru/formula/svg/5d/5dfa3341f7de790684687334c8f0649f.svg",
            "https://ege.sdamgia.ru/formula/svg/ab/ab7017d0529223dae2d6d82034347982.svg",
            "https://ege.sdamgia.ru/formula/svg/4e/4eaae4826d98cb0ff575ecf6f79acfd0.svg",
            "https://ege.sdamgia.ru/formula/svg/fe/fe1e9cf9e0ff6c01c0a0f31aedfe879a.svg",
            "https://ege.sdamgia.ru/formula/svg/e2/e262578b778681d75ff9fe25960e84c3.svg",
            "https://ege.sdamgia.ru/formula/svg/5f/5f7813ff2a360a23db5046b0405df87e.svg",
            "https://ege.sdamgia.ru/formula/svg/e8/e86af6e4e7d8500c7c2f823be29cf7e7.svg",
            "https://ege.sdamgia.ru/formula/svg/bf/bfdd13a797206b1835911183f84782c8.svg",
            "https://ege.sdamgia.ru/formula/svg/ac/ac0714a25466e263b9318900103a4ecc.svg",
            "https://ege.sdamgia.ru/formula/svg/a6/a66b21c14ae44af68e220e8903463384.svg",
            "https://ege.sdamgia.ru/formula/svg/e3/e394805fde973a27c0d2468dbf33f2b8.svg",
            "https://ege.sdamgia.ru/formula/svg/7b/7b7f9dbfea05c83784f8b85149852f08.svg",
            "https://ege.sdamgia.ru/formula/svg/8d/8d2ef0058a62d66496b1c7144d403793.svg",
            "https://ege.sdamgia.ru/formula/svg/47/473977482860e3cb50dd89b8b71df56c.svg",
            "https://ege.sdamgia.ru/formula/svg/41/419b936bc276e5da0e0f7bce1ed00e78.svg",
            "https://ege.sdamgia.ru/formula/svg/1d/1d1569b1951427402f68fb84069e7fa0.svg",
            "https://ege.sdamgia.ru/formula/svg/52/527b4676738864557f26b1cb781c9027.svg",
            "https://ege.sdamgia.ru/formula/svg/89/89547791e73d77ba0fd0d2c38aeb75d3.svg",
            "https://ege.sdamgia.ru/formula/svg/16/16e6c7e0745bcf9a59b88abd2b350c2e.svg",
            "https://ege.sdamgia.ru/formula/svg/28/28fbaac5e611e6415fe6a0c6d846fe7d.svg",
            "https://ege.sdamgia.ru/formula/svg/bb/bba0e789ff33823b4daafedd9fa48d2f.svg",
            "https://ege.sdamgia.ru/formula/svg/1c/1cb786d4e1ad783ee2dcaafb053d17b6.svg",
            "https://ege.sdamgia.ru/formula/svg/3a/3a2cbf65def04fd9098690a381696baa.svg",
            "https://ege.sdamgia.ru/formula/svg/04/04f0e18653ec8431d6147290bf4f99c2.svg",
            "https://ege.sdamgia.ru/formula/svg/62/62820be98cde99dc5b2beeb43b46ee4d.svg",
            "https://ege.sdamgia.ru/formula/svg/90/90ae57be756bece94836c25a981d3476.svg",
            "https://ege.sdamgia.ru/formula/svg/45/4513925c4299beb54d99b76f991cdea2.svg",
            "https://ege.sdamgia.ru/formula/svg/a3/a36f88d5763745f777a2d60ad280e190.svg",
            "https://ege.sdamgia.ru/formula/svg/8f/8f24d0ef5041930b1df3d8e8c6d4569f.svg",
            "https://ege.sdamgia.ru/formula/svg/94/94a7788d99378f848458c20152958aa0.svg",
            "https://ege.sdamgia.ru/formula/svg/45/452ad48de18c2a5365651893c3e396c8.svg",
            "https://ege.sdamgia.ru/formula/svg/3c/3c47cb66dc07e55b5ac31bdab049bca3.svg",
            "https://ege.sdamgia.ru/formula/svg/6e/6e6632518317be744c557cbd4949ca2b.svg",
            "https://ege.sdamgia.ru/formula/svg/90/904b2a43eab9ddf2062ae5c1d7e1c9e3.svg",
            "https://ege.sdamgia.ru/formula/svg/cf/cf0dd7284e04c06ad61bda66499054c0.svg",
            "https://ege.sdamgia.ru/formula/svg/c5/c5bc2aadf5593509fa3b9d31fe2654f1.svg",
            "https://ege.sdamgia.ru/formula/svg/a2/a221bed3a9e69c30827b075ef06cc4bb.svg",
            "https://ege.sdamgia.ru/formula/svg/98/98faae151ac763f582eebf214471d8ed.svg",
            "https://ege.sdamgia.ru/formula/svg/d3/d3ff48c2820a9fa4162f9e8989137622.svg",
            "https://ege.sdamgia.ru/formula/svg/3f/3fcba386650115f52c35ab12aacf564d.svg",
            "/get_file?id=136734",
            "/get_file?id=136453",
            "/get_file?id=136735",
            "/get_file?id=137080"
        ]
    },
    "answer": "б)  1 : 2.",
    "topic_id": 17,
    "analog_ids": []
}