{
    "gia_type": "ege",
    "subject": "math",
    "id": 642759,
    "condition": {
        "text": "Биссектриса АМ острого угла А равнобедренной трапеции ABCD делит боковую сторону CD пополам. Отрезок DN перпендикулярен отрезку AM и делит сторону АВ в отношении а)  Докажите, что прямые ВМ и CN перпендикулярныб)  Найдите длину отрезка MN, если площадь трапеции равна ",
        "html": "<div align=\"justify\" width=\"100%\" id=\"body499771\" class=\"pbody\"><p class=\"left_margin\">Бис­сек­три­са <i>АМ</i> остро­го угла <i>А</i> рав­но­бед­рен­ной тра­пе­ции <i>ABCD</i> делит бо­ко­вую сто­ро­ну <i>CD</i> по­по­лам. От­ре­зок <i>DN</i> пер­пен­ди­ку­ля­рен от­рез­ку <i>AM</i> и делит сто­ро­ну <i>АВ</i> в от­но­ше­нии <img src=\"https://ege.sdamgia.ru/formula/svg/a9/a943158c549e96e6633ebcd581ae2729.svg\" class=\"tex\" style=\"vertical-align:-1.8pt\" alt=\"AN : NB = 7 : 1.\"></p><p class=\"left_margin\">а)  До­ка­жи­те, что пря­мые <i>ВМ</i> и <i>CN</i> пер­пен­ди­ку­ляр­ны</p><p class=\"left_margin\">б)  Най­ди­те длину от­рез­ка <i>MN</i>, если пло­щадь тра­пе­ции равна <img src=\"https://ege.sdamgia.ru/formula/svg/14/14294cf9af544f84ed9b2ef609dd2130.svg\" class=\"tex\" style=\"vertical-align:-1.8pt\" alt=\"4 ко­рень из: на­ча­ло ар­гу­мен­та: 55 конец ар­гу­мен­та .\"></p></div>",
        "image_urls": [
            "https://ege.sdamgia.ru/formula/svg/a9/a943158c549e96e6633ebcd581ae2729.svg",
            "https://ege.sdamgia.ru/formula/svg/14/14294cf9af544f84ed9b2ef609dd2130.svg"
        ]
    },
    "solution": {
        "text": "Решение. а)  Пусть прямые BC и AM пересекаются в точке E, прямые AM и DN пересекаются в точке H, прямые BM и AD пересекаются в точке F. Отрезок AH  — биссектриса и высота треугольника AND, следовательно, AN  =  AD. Отсюда треугольник ANM равен треугольнику ADM, следовательно, NM  =  MD  =  CM. Треугольник CND  — прямоугольный, причем угол CND равен 90°. Тогда прямые NC и AM параллельны, ACED  — параллелограмм, следовательно, CE  =  AD  =  AN. Из того, что прямые CN и AM параллельны, следует, что AN : NB  =  CE : BC, тогда CE  =  AD  =  7BC  =  7BN. Аналогично, BCFD  — параллелограмм, BC  =  DF. Тогда AN : NB  =  AD : DF  =  7 : 1, тогда прямые DN и BF параллельны, следовательно, прямые CN и BM перпендикулярны.б)  Пусть AD  =  7x, тогда BC  =  x, AB  =  CD  =  8x, NM  =  4x. Если h  — высота трапеции, тогда:Выразим площадь трапеции ABCD:отсюда x  =  1. Тогда MN  =  4x  =  4. Ответ: 4.",
        "html": "<div align=\"justify\" width=\"100%\" id=\"sol642759\" class=\"solution\" style=\"clear:both;\" class=\"pbody\"><p class=\"left_margin\"></p><b>Ре­ше­ние<!--rule_info-->. </b><p class=\"left_margin\"><img src=\"/get_file?id=137102\" style=\"float:right;margin:10px;max-width:100%\"></p><p class=\"left_margin\">а)  Пусть пря­мые <i>BC</i> и <i>AM</i> пе­ре­се­ка­ют­ся в точке <i>E</i>, пря­мые <i>AM</i> и <i>DN</i> пе­ре­се­ка­ют­ся в точке <i>H</i>, пря­мые <i>BM</i> и <i>AD</i> пе­ре­се­ка­ют­ся в точке <i>F</i>. От­ре­зок <i>AH</i>  — бис­сек­три­са и вы­со­та тре­уголь­ни­ка <i>AND</i>, сле­до­ва­тель­но, <i>AN</i>  =  <i>AD</i>. От­сю­да тре­уголь­ник <i>ANM</i> равен тре­уголь­ни­ку <i>ADM</i>, сле­до­ва­тель­но, <i>NM</i>  =  <i>MD</i>  =  <i>CM</i>. Тре­уголь­ник <i>CND</i>  — пря­мо­уголь­ный, при­чем угол <i>CND</i> равен 90°. Тогда пря­мые <i>NC</i> и <i>AM</i> па­рал­лель­ны, <i>ACED</i>  — па­рал­ле­ло­грамм, сле­до­ва­тель­но, <i>CE</i>  =  <i>AD</i>  =  <i>AN</i>. Из того, что пря­мые <i>CN</i> и <i>AM</i> па­рал­лель­ны, сле­ду­ет, что <i>AN</i> : <i>NB</i>  =  <i>CE</i> : <i>BC</i>, тогда <i>CE</i>  =  <i>AD</i>  =  7<i>BC</i>  =  7<i>BN</i>. Ана­ло­гич­но, <i>BCFD</i>  — па­рал­ле­ло­грамм, <i>BC</i>  =  <i>DF</i>. Тогда <i>AN</i> : <i>NB</i>  =  <i>AD</i> : <i>DF</i>  =  7 : 1, тогда пря­мые <i>DN</i> и <i>BF</i> па­рал­лель­ны, сле­до­ва­тель­но, пря­мые <i>CN</i> и <i>BM</i> пер­пен­ди­ку­ляр­ны.</p><p class=\"left_margin\">б)  Пусть <i>AD</i>  =  7<i>x</i>, тогда <i>BC</i>  =  <i>x</i>, <i>AB</i>  =  <i>CD</i>  =  8<i>x</i>, <i>NM</i>  =  4<i>x</i>. Если <i>h</i>  — вы­со­та тра­пе­ции, тогда:</p><p class=\"left_margin\"></p><center><p><img src=\"https://ege.sdamgia.ru/formula/svg/d2/d213322fdb12eb5fc2223f3db5577da1.svg\" class=\"tex\" style=\"vertical-align:-11.2pt\" alt=\"h в квад­ра­те = левая круг­лая скоб­ка 8x пра­вая круг­лая скоб­ка в квад­ра­те минус левая круг­лая скоб­ка дробь: чис­ли­тель: 7x минус x, зна­ме­на­тель: 2 конец дроби пра­вая круг­лая скоб­ка в квад­ра­те рав­но­силь­но h в квад­ра­те = 55x в квад­ра­те рав­но­силь­но h = x ко­рень из: на­ча­ло ар­гу­мен­та: 55 конец ар­гу­мен­та . \"></p><p class=\"left_margin\"></p></center><p class=\"left_margin\">Вы­ра­зим пло­щадь тра­пе­ции <i>ABCD</i>:</p><p class=\"left_margin\"></p><center><p><img src=\"https://ege.sdamgia.ru/formula/svg/8a/8af1ce6d1074073a30148890776e21b1.svg\" class=\"tex\" style=\"vertical-align:-8.4pt\" alt=\"S_ABCD = h умно­жить на дробь: чис­ли­тель: 7x плюс x, зна­ме­на­тель: 2 конец дроби = 4x в квад­ра­те умно­жить на ко­рень из: на­ча­ло ар­гу­мен­та: 55 конец ар­гу­мен­та = 4 ко­рень из: на­ча­ло ар­гу­мен­та: 55 конец ар­гу­мен­та , \"></p><p class=\"left_margin\"></p></center><p>от­сю­да <i>x</i>  =  1. Тогда <i>MN</i>  =  4<i>x</i>  =  4.</p><p>&nbsp;</p><p><span style=\"letter-spacing: 2px;\">Ответ:</span> 4.</p></div>",
        "image_urls": [
            "https://ege.sdamgia.ru/formula/svg/d2/d213322fdb12eb5fc2223f3db5577da1.svg",
            "https://ege.sdamgia.ru/formula/svg/8a/8af1ce6d1074073a30148890776e21b1.svg",
            "/get_file?id=137102"
        ]
    },
    "answer": "4.",
    "topic_id": 17,
    "analog_ids": [
        642759,
        642956
    ]
}