{
    "gia_type": "ege",
    "subject": "math",
    "id": 642782,
    "condition": {
        "text": "Дана равнобедренная трапеция ABCD с основаниями AD и BC. Биссектрисы углов BAD и BCD пересекаются в точке O. Через точку O проведена прямая, параллельная основаниям трапеции и пересекающая ее боковые стороны. а)  Докажите, что длина отрезка этой прямой с концами на боковых сторонах трапеции, равна ее боковой стороне.6)  Найдите отношение длин оснований трапеции, если  и данная прямая делит AB в отношении ",
        "html": "<div align=\"justify\" width=\"100%\" id=\"body499746\" class=\"pbody\"><p class=\"left_margin\">Дана рав­но­бед­рен­ная тра­пе­ция <i>ABCD</i> с ос­но­ва­ни­я­ми <i>AD</i> и <i>BC.</i> Бис­сек­три­сы углов <i>BAD</i> и <i>BCD</i> пе­ре­се­ка­ют­ся в точке <i>O</i>. Через точку <i>O</i> про­ве­де­на пря­мая, па­рал­лель­ная ос­но­ва­ни­ям тра­пе­ции и пе­ре­се­ка­ю­щая ее бо­ко­вые сто­ро­ны. </p><p class=\"left_margin\">а)  До­ка­жи­те, что длина от­рез­ка этой пря­мой с кон­ца­ми на бо­ко­вых сто­ро­нах тра­пе­ции, равна ее бо­ко­вой сто­ро­не.</p><p class=\"left_margin\">6)  Най­ди­те от­но­ше­ние длин ос­но­ва­ний тра­пе­ции, если <img src=\"https://ege.sdamgia.ru/formula/svg/ac/acacb073695a362ee4922b33c073dd51.svg\" class=\"tex\" style=\"vertical-align:-1.8pt\" alt=\"AO = OC\"> и дан­ная пря­мая делит <i>AB</i> в от­но­ше­нии <img src=\"https://ege.sdamgia.ru/formula/svg/21/21f38de071596d7bc6db5ea87c55f782.svg\" class=\"tex\" style=\"vertical-align:-1.8pt\" alt=\"AM : MB = 1 : 2.\"></p></div>",
        "image_urls": [
            "https://ege.sdamgia.ru/formula/svg/ac/acacb073695a362ee4922b33c073dd51.svg",
            "https://ege.sdamgia.ru/formula/svg/21/21f38de071596d7bc6db5ea87c55f782.svg"
        ]
    },
    "solution": {
        "text": "Решение. а)  Пусть прямая, проходящая через точку O параллельно BC пересекает прямую AB в точке M и прямую CD в точке F. Углы MOA и OAD равны как накрест лежащие, следовательно, угол MAO равен углу MOA, тогда AM  =  MO. Аналогично углы BCO и COF равны, следовательно, OF  =  CF. Заметим, что AMFD  — равнобокая трапеция, следовательно, AM  =  FD, тогда б)  Пусть AM  =  x, BM  =  2x, угол AMO равен α, тогда  Для треугольников AMO и CFO по теореме косинусов:  Учитывая, что по условию AO  =  OC, получаемОтсюда  Имеем:отсюдаВыразим длину AD: Найдем отношение BC к AD: Ответ: 1 : 7. Приведём решение Светланы Шлычковой (Москва).а)  Пусть биссектриса угла A делит его на равные части величины α, а биссектриса угла C делит его на равные части величины β. Заметим, что угол D равен 2β. Тогда сумма внутренних односторонних углов BCD и ADC равна π, то есть  Значит, Пусть также прямая, проведенная через точку O параллельно основаниям, пересекает боковую сторону AB в точке M, а боковую сторону CD в точке M1. Тогда углы MOA и OAD равны как внутренние накрест лежащие при параллельных прямых, а значит, угол MOA равен α. Тогда треугольник AMO  — равнобедренный, тогда AM  =  OM. Аналогично треугольник CM1O  — равнобедренный и CM1  =  OM1.Теперь заметим, что трапеция ABCD  — равнобедренная по условию, поэтому углы при основании этой трапеции равны. Тогда трапеция AMM1D также равнобедренная, и трапеция MBCM1  — равнобедренная. Значит, CM1  =  BM  =  OM1. Тем самым равенство AB  =  AM + MB, эквивалентно равенству AB  =  MO + OM1, что и требовалось доказать.б)  По доказанному в пункте а) MM1  =  AB. Проведем через точку M1 прямую параллельно AB. Пусть такая прямая пересекает продолжение отрезка BC в точке N, а отрезок AD  — в точке K. Тогда ABNK  — ромб, тогда угол Пусть  тогда а потому AK  =  3x. Теперь пусть KD  =  y. Поскольку треугольники KM1D и NM1C подобны по двум углам (углы CM1N и DM 1K равны как вертикальные, а углы CNM1 и DKM1 равны как внутренние накрест лежащие при параллельных прямых) с коэффициентом подобия откуда заключаем, что CN  =  2y. Проведем высоту и медиану M1Q в равнобедренном треугольнике CM1N. Тогда NQ  =  CQ  =  y.Пусть AO  =  2z  =  OC. Проведем высоты (они же медианы) ML и M1P в равнобедренных треугольниках AMO и OM1C соответственно. Тогда Вспомним, что  Тогда треугольники MLO и OPM1 подобны по двум углам с коэффициентом подобия Таким образом, PM1  =  2z. По теореме Пифагора из треугольника OPM1:  Значит,  Тогда из треугольника MOL: Следовательно,Так как  то  откуда  Тогда:    Значит,",
        "html": "<div align=\"justify\" width=\"100%\" id=\"sol642782\" class=\"solution\" style=\"clear:both;\" class=\"pbody\"><p class=\"left_margin\"></p><b>Ре­ше­ние<!--rule_info-->. </b><p class=\"left_margin\"><img src=\"/get_file?id=136883\" style=\"float:right;margin:10px;max-width:100%\"></p><p class=\"left_margin\">а)  Пусть пря­мая, про­хо­дя­щая через точку <i>O</i> па­рал­лель­но <i>BC</i> пе­ре­се­ка­ет пря­мую <i>AB</i> в точке <i>M</i> и пря­мую <i>CD</i> в точке <i>F</i>. Углы <i>MOA</i> и <i>OAD</i> равны как на­крест ле­жа­щие, сле­до­ва­тель­но, угол <i>MAO</i> равен углу <i>MOA</i>, тогда <i>AM</i>  =  <i>MO</i>. Ана­ло­гич­но углы <i>BCO</i> и <i>COF</i> равны, сле­до­ва­тель­но, <i>OF</i>  =  <i>CF</i>. За­ме­тим, что <i>AMFD</i>  — рав­но­бо­кая тра­пе­ция, сле­до­ва­тель­но, <i>AM</i>  =  <i>FD</i>, тогда </p><p class=\"left_margin\"></p><center><p><img src=\"https://ege.sdamgia.ru/formula/svg/22/226a5dc41530ec90b2e01674dcea6902.svg\" class=\"tex\" style=\"vertical-align:-1.8pt\" alt=\"MF = MO плюс OF = AM плюс CF = FD плюс CF = CD.\"></p><p class=\"left_margin\"></p></center><p class=\"left_margin\">б)  Пусть <i>AM</i>  =  <i>x</i>, <i>BM</i>  =  2<i>x</i>, угол <i>AMO</i> равен α, тогда <img src=\"https://ege.sdamgia.ru/formula/svg/c9/c9065c0e7a06fb9f28aabbbd39f52e87.svg\" class=\"tex\" style=\"vertical-align:-1.8pt\" alt=\"\\angle CFO = \\angle BMO = 180 гра­ду­сов минус альфа .\"> Для тре­уголь­ни­ков <i>AMO</i> и <i>CFO</i> по тео­ре­ме ко­си­ну­сов:</p><p></p><div class=\"flex-math\"><p><img src=\"https://ege.sdamgia.ru/formula/svg/a0/a0ff84fc67efe9cdcbcbd0001d39cf61.svg\" class=\"tex\" style=\"vertical-align:-3.0pt\" alt=\"AO в квад­ра­те = 2x в квад­ра­те минус 2x в квад­ра­те ко­си­нус альфа ,\"> <img src=\"https://ege.sdamgia.ru/formula/svg/05/05399cdfb62fe91b2d12f3d12a64749e.svg\" class=\"tex\" style=\"vertical-align:-3.6pt\" alt=\"OC в квад­ра­те = 8x в квад­ра­те минус 8x в квад­ра­те умно­жить на ко­си­нус левая круг­лая скоб­ка 180 гра­ду­сов минус альфа пра­вая круг­лая скоб­ка . \"></p><p></p></div><p> Учи­ты­вая, что по усло­вию <i>AO</i>  =  <i>OC</i>, по­лу­ча­ем</p><p class=\"left_margin\"></p><center><p><span data-width=\"640\" data-formulahash=\"43663e1f92470bc50076b63348c1203d\" class=\"tex-span\" style=\"\"><img src=\"https://ege.sdamgia.ru/formula/svg/43/43663e1f92470bc50076b63348c1203d.svg\" class=\"tex\" style=\"vertical-align:-8.4pt\" alt=\"2x в квад­ра­те минус 2x в квад­ра­те ко­си­нус альфа = 8x в квад­ра­те минус 8x в квад­ра­те умно­жить на левая круг­лая скоб­ка минус ко­си­нус альфа пра­вая круг­лая скоб­ка рав­но­силь­но 10x в квад­ра­те ко­си­нус альфа = минус 6x в квад­ра­те рав­но­силь­но ко­си­нус альфа = минус дробь: чис­ли­тель: 3, зна­ме­на­тель: 5 конец дроби .\"></span><span data-width=\"465\" data-formulahash=\"43663e1f92470bc50076b63348c1203d\" class=\"tex-span\" style=\"display:none\"><img src=\"https://ege.sdamgia.ru/formula/svg/bd/bd2a8f1797f4fd3f97e3acc6328c2a6c.svg\" class=\"tex\" style=\"vertical-align:-3.6pt\" alt=\"2x в квад­ра­те минус 2x в квад­ра­те ко­си­нус альфа = 8x в квад­ра­те минус 8x в квад­ра­те умно­жить на левая круг­лая скоб­ка минус ко­си­нус альфа пра­вая круг­лая скоб­ка рав­но­силь­но \"><br><img src=\"https://ege.sdamgia.ru/formula/svg/d3/d3a00e9fe6e2cda265a770078918cd6b.svg\" class=\"tex\" style=\"vertical-align:-8.5pt\" alt=\" рав­но­силь­но 10x в квад­ра­те ко­си­нус альфа = минус 6x в квад­ра­те рав­но­силь­но ко­си­нус альфа = минус дробь: чис­ли­тель: 3, зна­ме­на­тель: 5 конец дроби .\"></span></p><p class=\"left_margin\"></p></center><p><img src=\"/get_file?id=136882\" style=\"float:right;margin:10px;max-width:100%\"></p><p class=\"left_margin\">От­сю­да <img src=\"https://ege.sdamgia.ru/formula/svg/7a/7a64ea586b20b0545e751d741f9a923f.svg\" class=\"tex\" style=\"vertical-align:-8.5pt\" alt=\" ко­си­нус \\angle BAD = дробь: чис­ли­тель: 3, зна­ме­на­тель: 5 конец дроби .\"> Имеем:</p><p class=\"left_margin\"></p><center><p><img src=\"https://ege.sdamgia.ru/formula/svg/6e/6ee98bef50fea8cdff9abf112e8ebcce.svg\" class=\"tex\" style=\"vertical-align:-8.5pt\" alt=\"MF = BC плюс 2BM умно­жить на ко­си­нус \\angle BAD = BC плюс 4x умно­жить на дробь: чис­ли­тель: 3, зна­ме­на­тель: 5 конец дроби ,\"></p><p class=\"left_margin\"></p></center><p>от­сю­да</p><p class=\"left_margin\"></p><center><p><img src=\"https://ege.sdamgia.ru/formula/svg/64/64ce76030e9506a3ede40354d03a1095.svg\" class=\"tex\" style=\"vertical-align:-8.5pt\" alt=\"BC = 3x минус дробь: чис­ли­тель: 12x, зна­ме­на­тель: 5 конец дроби = дробь: чис­ли­тель: 3, зна­ме­на­тель: 5 конец дроби x. \"></p><p class=\"left_margin\"></p></center><p class=\"left_margin\">Вы­ра­зим длину <i>AD</i>:</p><p class=\"left_margin\"></p><center><p><img src=\"https://ege.sdamgia.ru/formula/svg/7d/7d4e37a00de22c75bdfb72d9c6236085.svg\" class=\"tex\" style=\"vertical-align:-8.5pt\" alt=\"AD = MF плюс 2 умно­жить на AM умно­жить на дробь: чис­ли­тель: 3, зна­ме­на­тель: 5 конец дроби = 3x плюс 2x умно­жить на дробь: чис­ли­тель: 3, зна­ме­на­тель: 5 конец дроби = дробь: чис­ли­тель: 21x, зна­ме­на­тель: 5 конец дроби . \"></p><p class=\"left_margin\"></p></center><p> Най­дем от­но­ше­ние <i>BC</i> к <i>AD</i>:</p><p class=\"left_margin\"></p><center><p><img src=\"https://ege.sdamgia.ru/formula/svg/fa/faa2042bc72c1ef2fd19dfda0de8c45f.svg\" class=\"tex\" style=\"vertical-align:-13.2pt\" alt=\" дробь: чис­ли­тель: BC, зна­ме­на­тель: AD конец дроби = дробь: чис­ли­тель: дробь: чис­ли­тель: 3, зна­ме­на­тель: 5 конец дроби x, зна­ме­на­тель: дробь: чис­ли­тель: 21, зна­ме­на­тель: 5 конец дроби x конец дроби = дробь: чис­ли­тель: 1, зна­ме­на­тель: 7 конец дроби . \"></p><p class=\"left_margin\"></p></center><p>&nbsp;</p><p><span style=\"letter-spacing: 2px;\">Ответ:</span> 1 : 7.</p><p>&nbsp;</p><p><b>При­ведём ре­ше­ние Свет­ла­ны Шлыч­ко­вой (Москва).</b></p><p><img src=\"/get_file?id=137543\" style=\"float:right;margin:10px;max-width:100%\"></p><p class=\"left_margin\">а)  Пусть бис­сек­три­са угла <i>A</i> делит его на рав­ные части ве­ли­чи­ны α, а бис­сек­три­са угла <i>C</i> делит его на рав­ные части ве­ли­чи­ны β. За­ме­тим, что угол <i>D</i> равен 2β. Тогда сумма внут­рен­них од­но­сто­рон­них углов <i>BCD</i> и <i>ADC</i> <nobr>равна π,</nobr> то есть <img src=\"https://ege.sdamgia.ru/formula/svg/3b/3bbb8d4ab94744d03a78ac03612131f2.svg\" class=\"tex\" style=\"vertical-align:-3.3pt\" alt=\"2 альфа плюс 2 бета = Пи .\"> Зна­чит, <img src=\"https://ege.sdamgia.ru/formula/svg/67/677d0ab3dee7d7b83429b86e237940ee.svg\" class=\"tex\" style=\"vertical-align:-8.4pt\" alt=\" альфа плюс бета = дробь: чис­ли­тель: Пи , зна­ме­на­тель: 2 конец дроби . \"></p><p class=\"left_margin\">Пусть также пря­мая, про­ве­ден­ная через точку <i>O</i> па­рал­лель­но ос­но­ва­ни­ям, пе­ре­се­ка­ет бо­ко­вую сто­ро­ну <i>AB</i> в точке <i>M</i>, а бо­ко­вую сто­ро­ну <i>CD</i> в точке <i>M</i><sub>1</sub>. Тогда углы <i>MOA</i> и <i>OAD</i> равны как внут­рен­ние на­крест ле­жа­щие при па­рал­лель­ных пря­мых, а зна­чит, угол <i>MOA</i> равен α. Тогда тре­уголь­ник <i>AMO</i>  — рав­но­бед­рен­ный, тогда <i>AM</i>  =  <i>OM</i>. Ана­ло­гич­но тре­уголь­ник <i>CM</i><sub>1</sub><i>O</i>  — рав­но­бед­рен­ный и <i>CM</i><sub>1</sub>  =  <i>OM</i><sub>1</sub>.</p><p class=\"left_margin\">Те­перь за­ме­тим, что тра­пе­ция <i>ABCD</i>  — рав­но­бед­рен­ная по усло­вию, по­это­му углы при ос­но­ва­нии этой тра­пе­ции равны. Тогда тра­пе­ция <i>AMM</i><sub>1</sub><i>D</i> также рав­но­бед­рен­ная, и тра­пе­ция <i>MBCM</i><sub>1</sub>  — рав­но­бед­рен­ная. Зна­чит, <i>CM</i><sub>1</sub>  =  <i>BM</i>  =  <i>OM</i><sub>1</sub>. Тем самым ра­вен­ство <i>AB</i>  =  <i>AM</i> + <i>MB</i>, эк­ви­ва­лент­но ра­вен­ству <i>AB</i>  =  <i>MO</i> + <i>OM</i><sub>1</sub>, что и тре­бо­ва­лось до­ка­зать.</p><p class=\"left_margin\">б)  По до­ка­зан­но­му в пунк­те а) <i>MM</i><sub>1</sub>  =  <i>AB</i>. Про­ве­дем через точку <i>M</i><sub>1</sub> пря­мую па­рал­лель­но <i>AB</i>. Пусть такая пря­мая пе­ре­се­ка­ет про­дол­же­ние от­рез­ка <i>BC</i> в точке <i>N</i>, а от­ре­зок <i>AD</i>  — в точке <i>K</i>. Тогда <i>ABNK</i>  — ромб, тогда угол <img src=\"https://ege.sdamgia.ru/formula/svg/f9/f96dddc5ad8066b8d6eab95ec5304f82.svg\" class=\"tex\" style=\"vertical-align:-1.8pt\" alt=\"BNK=2 альфа .\"></p><p class=\"left_margin\">Пусть <img src=\"https://ege.sdamgia.ru/formula/svg/19/1901d03c8496b8d2ae9f6058e185fd9f.svg\" class=\"tex\" style=\"vertical-align:-3.0pt\" alt=\"AM = MO = M_1K = M_1D = x,\"> тогда </p><p class=\"left_margin\"></p><center><p><img src=\"https://ege.sdamgia.ru/formula/svg/a7/a737615ac0d1d5158efd407029231c40.svg\" class=\"tex\" style=\"vertical-align:-3.0pt\" alt=\"MB = CM_1 = NM_1 = M_1O = 2x,\"></p><p class=\"left_margin\"></p></center><p>а по­то­му <i>AK</i>  =  3<i>x</i>.<img src=\"/get_file?id=137544\" style=\"float:right;margin:10px;max-width:100%\"> </p><p class=\"left_margin\">Те­перь пусть <i>KD</i>  =  <i>y</i>. По­сколь­ку тре­уголь­ни­ки <i>KM</i><sub>1</sub><i>D</i> и <i>NM</i><sub>1</sub><i>C</i> по­доб­ны по двум углам (углы <i>CM</i><sub>1</sub><i>N</i> и <i>DM</i> <sub>1</sub><i>K</i> равны как вер­ти­каль­ные, а углы <i>CNM</i><sub>1</sub> и <i>DKM</i><sub>1</sub> равны как внут­рен­ние на­крест ле­жа­щие при па­рал­лель­ных пря­мых) с ко­эф­фи­ци­ен­том по­до­бия </p><p class=\"left_margin\"></p><center><p><img src=\"https://ege.sdamgia.ru/formula/svg/a7/a741941fb7e2af79fb2b1f0c8131a3e9.svg\" class=\"tex\" style=\"vertical-align:-10.1pt\" alt=\"k = дробь: чис­ли­тель: KM_1, зна­ме­на­тель: NM_1 конец дроби = дробь: чис­ли­тель: x, зна­ме­на­тель: 2x конец дроби = дробь: чис­ли­тель: 1, зна­ме­на­тель: 2 конец дроби , \"></p><p class=\"left_margin\"></p></center><p>от­ку­да за­клю­ча­ем, что <i>CN</i>  =  2<i>y</i>. Про­ве­дем вы­со­ту и ме­ди­а­ну <i>M</i><sub>1</sub><i>Q</i> в рав­но­бед­рен­ном тре­уголь­ни­ке <i>CM</i><sub>1</sub><i>N</i>. Тогда <i>NQ</i>  =  <i>CQ</i>  =  <i>y</i>.</p><p class=\"left_margin\">Пусть <i>AO</i>  =  2<i>z</i>  =  <i>OC</i>. Про­ве­дем вы­со­ты (они же ме­ди­а­ны) <i>ML</i> и <i>M</i><sub>1</sub><i>P</i> в рав­но­бед­рен­ных тре­уголь­ни­ках <i>AMO</i> и <i>OM</i><sub>1</sub><i>C</i> со­от­вет­ствен­но. Тогда </p><p class=\"left_margin\"></p><center><p><img src=\"https://ege.sdamgia.ru/formula/svg/89/89c0a90e5210bd6383f359295fa99718.svg\" class=\"tex\" style=\"vertical-align:-1.9pt\" alt=\"AL = OL = OP = PC = z.\"></p><p class=\"left_margin\"></p></center><p class=\"left_margin\">Вспом­ним, что <img src=\"https://ege.sdamgia.ru/formula/svg/67/677d0ab3dee7d7b83429b86e237940ee.svg\" class=\"tex\" style=\"vertical-align:-8.4pt\" alt=\" альфа плюс бета = дробь: чис­ли­тель: Пи , зна­ме­на­тель: 2 конец дроби . \"> Тогда тре­уголь­ни­ки <i>MLO</i> и <i>OPM</i><sub>1</sub> по­доб­ны по двум углам с ко­эф­фи­ци­ен­том по­до­бия</p><p class=\"left_margin\"></p><center><p><img src=\"https://ege.sdamgia.ru/formula/svg/0d/0df4c0b207e5066e783a44eb484a1a12.svg\" class=\"tex\" style=\"vertical-align:-10.0pt\" alt=\"k= дробь: чис­ли­тель: MO, зна­ме­на­тель: OM_1 конец дроби = дробь: чис­ли­тель: x, зна­ме­на­тель: 2x конец дроби = дробь: чис­ли­тель: 1, зна­ме­на­тель: 2 конец дроби . \"></p><p class=\"left_margin\"></p></center><p> Таким об­ра­зом, <i>PM</i><sub>1</sub>  =  2<i>z</i>. По тео­ре­ме Пи­фа­го­ра из тре­уголь­ни­ка <i>OPM</i><sub>1</sub>: <img src=\"https://ege.sdamgia.ru/formula/svg/fc/fc99783676a9d21d0f9020138fe8a6bd.svg\" class=\"tex\" style=\"vertical-align:-1.9pt\" alt=\"4x в квад­ра­те =z в квад­ра­те плюс 4z в квад­ра­те .\"> Зна­чит, <img src=\"https://ege.sdamgia.ru/formula/svg/42/42f80938d3bc344c8ae8683ceb323dea.svg\" class=\"tex\" style=\"vertical-align:-11.0pt\" alt=\"z= дробь: чис­ли­тель: 2x, зна­ме­на­тель: ко­рень из: на­ча­ло ар­гу­мен­та: 5 конец ар­гу­мен­та конец дроби . \"> Тогда из тре­уголь­ни­ка <i>MOL</i>:</p><p class=\"left_margin\"></p><center><p><img src=\"https://ege.sdamgia.ru/formula/svg/a5/a59afbef164c3424a066e990ee33fb6b.svg\" class=\"tex\" style=\"vertical-align:-11.0pt\" alt=\" ко­си­нус альфа = дробь: чис­ли­тель: z, зна­ме­на­тель: x конец дроби = дробь: чис­ли­тель: 2, зна­ме­на­тель: ко­рень из: на­ча­ло ар­гу­мен­та: 5 конец ар­гу­мен­та конец дроби . \"></p><p class=\"left_margin\"></p></center><p> Сле­до­ва­тель­но,</p><p class=\"left_margin\"></p><center><p><img src=\"https://ege.sdamgia.ru/formula/svg/2c/2c4e1f790a5fdcd488e9d23d811d75d5.svg\" class=\"tex\" style=\"vertical-align:-8.5pt\" alt=\" ко­си­нус \\angle QNM_1 = ко­си­нус 2 альфа = дробь: чис­ли­тель: 8, зна­ме­на­тель: 5 конец дроби минус 1 = дробь: чис­ли­тель: 3, зна­ме­на­тель: 5 конец дроби . \"></p><p class=\"left_margin\"></p></center><p class=\"left_margin\">Так как <img src=\"https://ege.sdamgia.ru/formula/svg/74/74e141ec636dd077877c3e817e5b6858.svg\" class=\"tex\" style=\"vertical-align:-8.5pt\" alt=\" ко­си­нус \\angle QNM_1 = дробь: чис­ли­тель: y, зна­ме­на­тель: 2x конец дроби , \"> то <img src=\"https://ege.sdamgia.ru/formula/svg/3f/3fe9fbad093c8a6ba3191334d0f39eb7.svg\" class=\"tex\" style=\"vertical-align:-8.5pt\" alt=\" дробь: чис­ли­тель: y, зна­ме­на­тель: 2x конец дроби = дробь: чис­ли­тель: 3, зна­ме­на­тель: 5 конец дроби , \"> от­ку­да <img src=\"https://ege.sdamgia.ru/formula/svg/72/728c711b22292ccb360a5a93fcc8031a.svg\" class=\"tex\" style=\"vertical-align:-8.4pt\" alt=\" y= дробь: чис­ли­тель: 6x, зна­ме­на­тель: 5 конец дроби . \"> Тогда:</p><p></p><div class=\"flex-math\"> <p><img src=\"https://ege.sdamgia.ru/formula/svg/03/03b975e6327b2bbad22350b68f96e405.svg\" class=\"tex\" style=\"vertical-align:-8.5pt\" alt=\"BC = 3x минус 2y = 3x минус дробь: чис­ли­тель: 12x, зна­ме­на­тель: 5 конец дроби = дробь: чис­ли­тель: 3x, зна­ме­на­тель: 5 конец дроби , \"> <img src=\"https://ege.sdamgia.ru/formula/svg/31/318e3741d02c877bfdd060fa583f05ff.svg\" class=\"tex\" style=\"vertical-align:-8.4pt\" alt=\"AD = 3x плюс y = 3x плюс дробь: чис­ли­тель: 6x, зна­ме­на­тель: 5 конец дроби = дробь: чис­ли­тель: 21x, зна­ме­на­тель: 5 конец дроби . \"></p><p></p></div> <p> Зна­чит,</p><p class=\"left_margin\"></p><center><p><img src=\"https://ege.sdamgia.ru/formula/svg/d1/d1893b7f605cc7c03e3d7371f8f36aaa.svg\" class=\"tex\" style=\"vertical-align:-8.4pt\" alt=\" дробь: чис­ли­тель: BC, зна­ме­на­тель: AD конец дроби = дробь: чис­ли­тель: 3x, зна­ме­на­тель: 5 конец дроби : дробь: чис­ли­тель: 21x, зна­ме­на­тель: 5 конец дроби =1 : 7. \"></p><p class=\"left_margin\"></p></center></div>",
        "image_urls": [
            "https://ege.sdamgia.ru/formula/svg/22/226a5dc41530ec90b2e01674dcea6902.svg",
            "https://ege.sdamgia.ru/formula/svg/c9/c9065c0e7a06fb9f28aabbbd39f52e87.svg",
            "https://ege.sdamgia.ru/formula/svg/a0/a0ff84fc67efe9cdcbcbd0001d39cf61.svg",
            "https://ege.sdamgia.ru/formula/svg/05/05399cdfb62fe91b2d12f3d12a64749e.svg",
            "https://ege.sdamgia.ru/formula/svg/43/43663e1f92470bc50076b63348c1203d.svg",
            "https://ege.sdamgia.ru/formula/svg/bd/bd2a8f1797f4fd3f97e3acc6328c2a6c.svg",
            "https://ege.sdamgia.ru/formula/svg/d3/d3a00e9fe6e2cda265a770078918cd6b.svg",
            "https://ege.sdamgia.ru/formula/svg/7a/7a64ea586b20b0545e751d741f9a923f.svg",
            "https://ege.sdamgia.ru/formula/svg/6e/6ee98bef50fea8cdff9abf112e8ebcce.svg",
            "https://ege.sdamgia.ru/formula/svg/64/64ce76030e9506a3ede40354d03a1095.svg",
            "https://ege.sdamgia.ru/formula/svg/7d/7d4e37a00de22c75bdfb72d9c6236085.svg",
            "https://ege.sdamgia.ru/formula/svg/fa/faa2042bc72c1ef2fd19dfda0de8c45f.svg",
            "https://ege.sdamgia.ru/formula/svg/3b/3bbb8d4ab94744d03a78ac03612131f2.svg",
            "https://ege.sdamgia.ru/formula/svg/67/677d0ab3dee7d7b83429b86e237940ee.svg",
            "https://ege.sdamgia.ru/formula/svg/f9/f96dddc5ad8066b8d6eab95ec5304f82.svg",
            "https://ege.sdamgia.ru/formula/svg/19/1901d03c8496b8d2ae9f6058e185fd9f.svg",
            "https://ege.sdamgia.ru/formula/svg/a7/a737615ac0d1d5158efd407029231c40.svg",
            "https://ege.sdamgia.ru/formula/svg/a7/a741941fb7e2af79fb2b1f0c8131a3e9.svg",
            "https://ege.sdamgia.ru/formula/svg/89/89c0a90e5210bd6383f359295fa99718.svg",
            "https://ege.sdamgia.ru/formula/svg/67/677d0ab3dee7d7b83429b86e237940ee.svg",
            "https://ege.sdamgia.ru/formula/svg/0d/0df4c0b207e5066e783a44eb484a1a12.svg",
            "https://ege.sdamgia.ru/formula/svg/fc/fc99783676a9d21d0f9020138fe8a6bd.svg",
            "https://ege.sdamgia.ru/formula/svg/42/42f80938d3bc344c8ae8683ceb323dea.svg",
            "https://ege.sdamgia.ru/formula/svg/a5/a59afbef164c3424a066e990ee33fb6b.svg",
            "https://ege.sdamgia.ru/formula/svg/2c/2c4e1f790a5fdcd488e9d23d811d75d5.svg",
            "https://ege.sdamgia.ru/formula/svg/74/74e141ec636dd077877c3e817e5b6858.svg",
            "https://ege.sdamgia.ru/formula/svg/3f/3fe9fbad093c8a6ba3191334d0f39eb7.svg",
            "https://ege.sdamgia.ru/formula/svg/72/728c711b22292ccb360a5a93fcc8031a.svg",
            "https://ege.sdamgia.ru/formula/svg/03/03b975e6327b2bbad22350b68f96e405.svg",
            "https://ege.sdamgia.ru/formula/svg/31/318e3741d02c877bfdd060fa583f05ff.svg",
            "https://ege.sdamgia.ru/formula/svg/d1/d1893b7f605cc7c03e3d7371f8f36aaa.svg",
            "/get_file?id=136883",
            "/get_file?id=136882",
            "/get_file?id=137543",
            "/get_file?id=137544"
        ]
    },
    "answer": "1 : 7.",
    "topic_id": 17,
    "analog_ids": [
        642782,
        643057
    ]
}