{
    "gia_type": "ege",
    "subject": "math",
    "id": 643680,
    "condition": {
        "text": "Стороны AB и AD квадрата ABCD касаются окружности, радиус которой втрое меньше стороны квадрата. а)  Докажите, что эта окружность разбивает диагональ BD на три равных отрезка.б)  Касательная к окружности, проведённая через точку B, пересекает сторону CD в точке E. Найдите длину отрезка DE, если сторона квадрата равна 18.",
        "html": "<div align=\"justify\" width=\"100%\" id=\"body507036\" class=\"pbody\"><p class=\"left_margin\">Сто­ро­ны <i>AB</i> и <i>AD</i> квад­ра­та <i>ABCD</i> ка­са­ют­ся окруж­но­сти, ра­ди­ус ко­то­рой втрое мень­ше сто­ро­ны квад­ра­та. </p><p class=\"left_margin\">а)  До­ка­жи­те, что эта окруж­ность раз­би­ва­ет диа­го­наль <i>BD</i> на три рав­ных от­рез­ка.</p><p class=\"left_margin\">б)  Ка­са­тель­ная к окруж­но­сти, про­ведённая через точку <i>B</i>, пе­ре­се­ка­ет сто­ро­ну <i>CD</i> в точке <i>E</i>. Най­ди­те длину от­рез­ка <i>DE</i>, если сто­ро­на квад­ра­та равна 18.</p></div>",
        "image_urls": []
    },
    "solution": {
        "text": "Решение. а)  Пусть окружность радиусом R касается стороны AB в точке M и стороны AD в точке L. Точка Q, диаметрально противоположная точке M, удалена от AB на расстояние 2R, удалена от CD на  и удалена от AD на R. Точка Q равноудалена от сторон AD и CD квадрата ABCD, значит, точка Q лежит на диагонали BD и делит её в отношении 1 : 2, считая от D. Аналогично точка P, диаметрально противоположная точке L, лежит на диагонали BD и делит её в отношении 1 : 2, считая от B. Следовательно, б)  Пусть окружность касается прямой BE в точке F. Продолжим BE до пересечения с прямой AD в точке K. Пусть  Тогда  и По теореме Пифагора:  то есть откуда x  =  18. Значит,  Прямоугольные треугольники EDK и ECB подобны с коэффициентом  следовательно, Ответ: б)   Приведем решение Анны Букиной.а)  Пусть R  — радиус окружности, тогда сторона квадрата равна 3R. Заметим, что центр окружности лежит на биссектрисе угла DAB, то есть на диагонали квадрата. Пусть P и Q  — точки пересечения окружности с диагональю BD, и K  — точка пересечения диагоналей квадрата. Заметим, что AK перпендикулярна BD, следовательно, QK  =  KP и DQ  =  PB. Найдем OK:Из прямоугольного треугольника OQK получим: Тогда:б)  Заметим, что BO  — биссектиса угла ABE. Из треугольника MBO получим: Тогда: Углы ABE и BEC равны как накрест лежащие, значит,  откуда находим: Приведем решение Василия Полинова (Москва).а)  В силу симметрии относительно прямой AC находим: DQ  =  PB.  Положим тогда   По теореме Пифагора в треугольнике ABD находим  По свойству касательной и секущей получаем:  то есть  Исключим а из системы уравнений  Получим однородное уравнение второй степени  Решением этого уравнения является  (не подходит) или  откуда DQ  =  QP  =  PB, что и требовалось доказать.б)  Центр окружности лежит на биссектрисе угла MBF, поэтому  Находим: По условию  следовательно,  Находим EC по теореме Пифагора: Таким образом, ",
        "html": "<div align=\"justify\" width=\"100%\" id=\"sol643680\" class=\"solution\" style=\"clear:both;\" class=\"pbody\"><p class=\"left_margin\"></p><b>Ре­ше­ние<!--rule_info-->. </b><p class=\"left_margin\"><img src=\"/get_file?id=182850\" style=\"float:right;margin:10px;max-width:100%\"></p><p class=\"left_margin\">а)  Пусть окруж­ность ра­ди­у­сом <i>R</i> ка­са­ет­ся сто­ро­ны <i>AB</i> в точке <i>M</i> и сто­ро­ны <i>AD</i> в точке <i>L</i>. Точка <i>Q</i>, диа­мет­раль­но про­ти­во­по­лож­ная точке <i>M</i>, уда­ле­на от <i>AB</i> на рас­сто­я­ние 2<i>R,</i> уда­ле­на от <i>CD</i> на <img src=\"https://ege.sdamgia.ru/formula/svg/5a/5a42a1aa48ce75a25eb8f8439be0dcb1.svg\" class=\"tex\" style=\"vertical-align:-1.8pt\" alt=\"A D минус 2 R = R\"> и уда­ле­на от <i>AD</i> на <i>R</i>. Точка <i>Q</i> рав­но­уда­ле­на от сто­рон <i>AD</i> и <i>CD</i> квад­ра­та <i>ABCD</i>, зна­чит, точка <i>Q</i> лежит на диа­го­на­ли <i>BD</i> и делит её в от­но­ше­нии 1 : 2, счи­тая от <i>D</i>. Ана­ло­гич­но точка <i>P</i>, диа­мет­раль­но про­ти­во­по­лож­ная точке <i>L</i>, лежит на диа­го­на­ли <i>BD</i> и делит её в от­но­ше­нии 1 : 2, счи­тая от <i>B</i>. Сле­до­ва­тель­но, <img src=\"https://ege.sdamgia.ru/formula/svg/44/44b6736c888b17ed1a3f130cdd8aa82f.svg\" class=\"tex\" style=\"vertical-align:-3.0pt\" alt=\"B P = D Q = P Q.\"></p><p class=\"left_margin\">б)  Пусть окруж­ность ка­са­ет­ся пря­мой <i>BE</i> в точке <i>F</i>. Про­дол­жим <i>BE</i> до пе­ре­се­че­ния с пря­мой <i>AD</i> в точке <i>K</i>. Пусть <img src=\"https://ege.sdamgia.ru/formula/svg/b2/b25063511ea6b6a01e7874991a2d6be5.svg\" class=\"tex\" style=\"vertical-align:-1.8pt\" alt=\"K F = K L = x.\"> Тогда <img src=\"https://ege.sdamgia.ru/formula/svg/c8/c8244591cd7df7ae183f2f85dbb1bf4e.svg\" class=\"tex\" style=\"vertical-align:-1.8pt\" alt=\" A K=A L плюс K L=6 плюс x \"> и</p><p class=\"left_margin\"></p><center><p><img src=\"https://ege.sdamgia.ru/formula/svg/e6/e6bf0b11b8268e7d30ede2ae223a8c20.svg\" class=\"tex\" style=\"vertical-align:-1.8pt\" alt=\" K B=B F плюс K F=B M плюс K F=12 плюс x . \"></p><p class=\"left_margin\"></p></center><p> По тео­ре­ме Пи­фа­го­ра: <img src=\"https://ege.sdamgia.ru/formula/svg/c8/c8c0a346d58239c4e06b8122492dc22e.svg\" class=\"tex\" style=\"vertical-align:-3.0pt\" alt=\" B K в квад­ра­те =A B в квад­ра­те плюс A K в квад­ра­те ,\"> то есть </p><p class=\"left_margin\"></p><center><p><img src=\"https://ege.sdamgia.ru/formula/svg/f1/f147290be66508841f72cbf1e1bc8702.svg\" class=\"tex\" style=\"vertical-align:-3.6pt\" alt=\" левая круг­лая скоб­ка 12 плюс x пра­вая круг­лая скоб­ка в квад­ра­те =18 в квад­ра­те плюс левая круг­лая скоб­ка 6 плюс x пра­вая круг­лая скоб­ка в квад­ра­те , \"></p><p class=\"left_margin\"></p></center><p>от­ку­да <i>x</i>  =  18. Зна­чит, <img src=\"https://ege.sdamgia.ru/formula/svg/5d/5da5e1d9c6b739a6fdcd16dd462956c8.svg\" class=\"tex\" style=\"vertical-align:-1.8pt\" alt=\"D K=x минус 12=6.\"> Пря­мо­уголь­ные тре­уголь­ни­ки <i>EDK</i> и <i>ECB</i> по­доб­ны с ко­эф­фи­ци­ен­том <img src=\"https://ege.sdamgia.ru/formula/svg/d4/d4edcbfee8e0fe9d825e725d85e148d0.svg\" class=\"tex\" style=\"vertical-align:-8.4pt\" alt=\" дробь: чис­ли­тель: D K, зна­ме­на­тель: B C конец дроби = дробь: чис­ли­тель: 6, зна­ме­на­тель: 18 конец дроби = дробь: чис­ли­тель: 1, зна­ме­на­тель: 3 конец дроби , \"> сле­до­ва­тель­но, </p><p class=\"left_margin\"></p><center><p><img src=\"https://ege.sdamgia.ru/formula/svg/9c/9cff0aa866325fd04c6229eae496dd64.svg\" class=\"tex\" style=\"vertical-align:-8.5pt\" alt=\" D E = дробь: чис­ли­тель: 1, зна­ме­на­тель: 3 конец дроби C E = дробь: чис­ли­тель: 1, зна­ме­на­тель: 4 конец дроби C D = дробь: чис­ли­тель: 1, зна­ме­на­тель: 4 конец дроби умно­жить на 18 = дробь: чис­ли­тель: 9, зна­ме­на­тель: 2 конец дроби . \"></p><p class=\"left_margin\"></p></center><p><span style=\"letter-spacing: 2px;\">Ответ:</span> б)  <img src=\"https://ege.sdamgia.ru/formula/svg/72/72dd47e2bc28fb54ce61e2920f356b8f.svg\" class=\"tex\" style=\"vertical-align:-8.4pt\" alt=\" дробь: чис­ли­тель: 9, зна­ме­на­тель: 2 конец дроби .\"></p><p>&nbsp;</p><p><img src=\"/get_file?id=182850\" style=\"float:right;margin:10px;max-width:100%\"></p><p><b>При­ве­дем ре­ше­ние Анны Бу­ки­ной.</b></p><p class=\"left_margin\">а)  Пусть <i>R</i>  — ра­ди­ус окруж­но­сти, тогда сто­ро­на квад­ра­та равна 3<i>R</i>. За­ме­тим, что центр окруж­но­сти лежит на бис­сек­три­се угла <i>DAB</i>, то есть на диа­го­на­ли квад­ра­та. Пусть <i>P</i> и <i>Q</i>  — точки пе­ре­се­че­ния окруж­но­сти с диа­го­на­лью <i>BD</i>, и <i>K</i>  — точка пе­ре­се­че­ния диа­го­на­лей квад­ра­та. За­ме­тим, что <i>AK</i> пер­пен­ди­ку­ляр­на <i>BD</i>, сле­до­ва­тель­но, <i>QK</i>  =  <i>KP</i> и <i>DQ</i>  =  <i>PB</i>. Най­дем <i>OK</i>:</p><p class=\"left_margin\"></p><center><p><img src=\"https://ege.sdamgia.ru/formula/svg/79/79665e2d8423629ffa5ce0878312f5d6.svg\" class=\"tex\" style=\"vertical-align:-8.4pt\" alt=\"AK= дробь: чис­ли­тель: AB ко­рень из: на­ча­ло ар­гу­мен­та: 2 конец ар­гу­мен­та , зна­ме­на­тель: 2 конец дроби = дробь: чис­ли­тель: 3R ко­рень из: на­ча­ло ар­гу­мен­та: 2 конец ар­гу­мен­та , зна­ме­на­тель: 2 конец дроби , AO=R ко­рень из: на­ча­ло ар­гу­мен­та: 2 конец ар­гу­мен­та , OK=AK минус AO= дробь: чис­ли­тель: R ко­рень из: на­ча­ло ар­гу­мен­та: 2 конец ар­гу­мен­та , зна­ме­на­тель: 2 конец дроби . \"></p><p class=\"left_margin\"></p></center><p class=\"left_margin\">Из пря­мо­уголь­но­го тре­уголь­ни­ка <i>OQK</i> по­лу­чим:</p><p class=\"left_margin\"></p><center><p><img src=\"https://ege.sdamgia.ru/formula/svg/c0/c0aea630a845d98c200478d3ef94b46f.svg\" class=\"tex\" style=\"vertical-align:-15.6pt\" alt=\"QK= ко­рень из: на­ча­ло ар­гу­мен­та: OQ в квад­ра­те минус OK в квад­ра­те конец ар­гу­мен­та = ко­рень из: на­ча­ло ар­гу­мен­та: R в квад­ра­те минус левая круг­лая скоб­ка дробь: чис­ли­тель: R ко­рень из: на­ча­ло ар­гу­мен­та: 2 конец ар­гу­мен­та , зна­ме­на­тель: 2 конец дроби пра­вая круг­лая скоб­ка в квад­ра­те конец ар­гу­мен­та = дробь: чис­ли­тель: R ко­рень из: на­ча­ло ар­гу­мен­та: 2 конец ар­гу­мен­та , зна­ме­на­тель: 2 конец дроби . \"></p><p class=\"left_margin\"></p></center><p> Тогда:</p><p></p><div class=\"flex-math\"><p><img src=\"https://ege.sdamgia.ru/formula/svg/14/143b4f6ff9e9861d751d5ba675eb849d.svg\" class=\"tex\" style=\"vertical-align:-8.5pt\" alt=\"BP=DQ=DK минус QK= дробь: чис­ли­тель: 3R ко­рень из: на­ча­ло ар­гу­мен­та: 2 конец ар­гу­мен­та , зна­ме­на­тель: 2 конец дроби минус дробь: чис­ли­тель: R ко­рень из: на­ча­ло ар­гу­мен­та: 2 конец ар­гу­мен­та , зна­ме­на­тель: 2 конец дроби =R ко­рень из: на­ча­ло ар­гу­мен­та: 2 конец ар­гу­мен­та , \"></p><p><img src=\"https://ege.sdamgia.ru/formula/svg/4b/4b12e81f3df86331baf92414ab1471de.svg\" class=\"tex\" style=\"vertical-align:-3.0pt\" alt=\" QP=2QK=R ко­рень из: на­ча­ло ар­гу­мен­та: 2 конец ар­гу­мен­та ,\"></p><p><img src=\"https://ege.sdamgia.ru/formula/svg/18/188867c64eef9435ea6f73c460c0a4ab.svg\" class=\"tex\" style=\"vertical-align:-3.0pt\" alt=\"DQ=QP=PB.\"></p><p></p></div><p class=\"left_margin\">б)  За­ме­тим, что <i>BO</i>  — бис­сек­ти­са угла <i>ABE</i>. Из тре­уголь­ни­ка <i>MBO</i> по­лу­чим:</p><p class=\"left_margin\"></p><center><p><img src=\"https://ege.sdamgia.ru/formula/svg/8a/8a9cbbc4220512552887db08ac1d0a32.svg\" class=\"tex\" style=\"vertical-align:-8.3pt\" alt=\" тан­генс \\angle MBO= дробь: чис­ли­тель: MO, зна­ме­на­тель: MB конец дроби = дробь: чис­ли­тель: R, зна­ме­на­тель: 2R конец дроби = дробь: чис­ли­тель: 1, зна­ме­на­тель: 2 конец дроби . \"></p><p class=\"left_margin\"></p></center><p> Тогда:</p><p class=\"left_margin\"></p><center><p><img src=\"https://ege.sdamgia.ru/formula/svg/2e/2e44da7d3b73c65034fd8cd744894e8d.svg\" class=\"tex\" style=\"vertical-align:-15.4pt\" alt=\" тан­генс \\angle ABE= тан­генс 2\\angle MBO= дробь: чис­ли­тель: 2 умно­жить на дробь: чис­ли­тель: 1, зна­ме­на­тель: 2 конец дроби , зна­ме­на­тель: 1 минус левая круг­лая скоб­ка дробь: чис­ли­тель: 1, зна­ме­на­тель: 2 конец дроби пра­вая круг­лая скоб­ка в квад­ра­те конец дроби = дробь: чис­ли­тель: 4, зна­ме­на­тель: 3 конец дроби . \"></p><p class=\"left_margin\"></p></center><p> Углы <i>ABE</i> и <i>BEC</i> равны как на­крест ле­жа­щие, зна­чит, <img src=\"https://ege.sdamgia.ru/formula/svg/be/bee71fb08f771c0062a29c715a23db45.svg\" class=\"tex\" style=\"vertical-align:-8.4pt\" alt=\" дробь: чис­ли­тель: BC, зна­ме­на­тель: CE конец дроби = дробь: чис­ли­тель: 4, зна­ме­на­тель: 3 конец дроби , \"> от­ку­да на­хо­дим:</p><p></p><div class=\"flex-math\"><p><img src=\"https://ege.sdamgia.ru/formula/svg/f2/f27ba1097f8e0e584f3ddd4acaf6fa40.svg\" class=\"tex\" style=\"vertical-align:-8.3pt\" alt=\"CE= дробь: чис­ли­тель: 3BC, зна­ме­на­тель: 4 конец дроби = дробь: чис­ли­тель: 18 умно­жить на 3, зна­ме­на­тель: 4 конец дроби =13,5, \"></p><p><img src=\"https://ege.sdamgia.ru/formula/svg/36/36f35f8da794e310797a4ad6f5f9222a.svg\" class=\"tex\" style=\"vertical-align:-3.0pt\" alt=\"DE=DC минус CE=4,5.\"></p><p></p></div><p>&nbsp;</p><p><img src=\"/get_file?id=182850\" style=\"float:right;margin:10px;max-width:100%\"></p><p><b>При­ве­дем ре­ше­ние Ва­си­лия По­ли­но­ва (Москва).</b></p><p class=\"left_margin\">а)  В силу сим­мет­рии от­но­си­тель­но пря­мой <i>AC</i> на­хо­дим: <i>DQ</i>  =  <i>PB</i>.  По­ло­жим </p><p></p><div class=\"flex-math\"><p><img src=\"https://ege.sdamgia.ru/formula/svg/f9/f95e2bfc5ead88a469136d5a82f5685d.svg\" class=\"tex\" style=\"vertical-align:-3.0pt\" alt=\"DQ = PB = x, \"></p><p><img src=\"https://ege.sdamgia.ru/formula/svg/ef/eff20c08b57808d213516a3705556d9c.svg\" class=\"tex\" style=\"vertical-align:-3.0pt\" alt=\"QP = y,\"></p><p><img src=\"https://ege.sdamgia.ru/formula/svg/5e/5ed2024d8fcfe2d4632b198d6b577be1.svg\" class=\"tex\" style=\"vertical-align:-3.0pt\" alt=\"AD = a,\"></p><p></p></div><p>тогда <img src=\"https://ege.sdamgia.ru/formula/svg/cd/cda50d7fb3e52e02a1e6ae0045634b6b.svg\" class=\"tex\" style=\"vertical-align:-8.5pt\" alt=\"DL = дробь: чис­ли­тель: 2, зна­ме­на­тель: 3 конец дроби a,\"> <img src=\"https://ege.sdamgia.ru/formula/svg/c8/c83ac088a5db2ff3041173c4ac5c3207.svg\" class=\"tex\" style=\"vertical-align:-3.0pt\" alt=\"DB = 2x плюс y.\"> По тео­ре­ме Пи­фа­го­ра в тре­уголь­ни­ке <i>ABD</i> на­хо­дим <img src=\"https://ege.sdamgia.ru/formula/svg/4d/4df372a6e145434f8592057af6489f7e.svg\" class=\"tex\" style=\"vertical-align:-1.8pt\" alt=\"BD в квад­ра­те = 2a в квад­ра­те . \"> По свой­ству ка­са­тель­ной и се­ку­щей по­лу­ча­ем: <img src=\"https://ege.sdamgia.ru/formula/svg/cc/ccf20fdf3240f530796cf4c76f3f349c.svg\" class=\"tex\" style=\"vertical-align:-3.0pt\" alt=\"DL в квад­ра­те = DQ умно­жить на DB,\"> то есть <img src=\"https://ege.sdamgia.ru/formula/svg/0f/0f0b5443205d12b142736088b256e3c5.svg\" class=\"tex\" style=\"vertical-align:-11.2pt\" alt=\" левая круг­лая скоб­ка дробь: чис­ли­тель: 2, зна­ме­на­тель: 3 конец дроби a пра­вая круг­лая скоб­ка в квад­ра­те = x левая круг­лая скоб­ка x плюс y пра­вая круг­лая скоб­ка .\"> </p><p class=\"left_margin\">Ис­клю­чим <i>а</i> из си­сте­мы урав­не­ний </p><p class=\"left_margin\"></p><center><p><img src=\"https://ege.sdamgia.ru/formula/svg/6e/6e2abdaf83de06d3557ba59958bbc668.svg\" class=\"tex\" style=\"vertical-align:-21.1pt\" alt=\" си­сте­ма вы­ра­же­ний левая круг­лая скоб­ка дробь: чис­ли­тель: 2, зна­ме­на­тель: 3 конец дроби a пра­вая круг­лая скоб­ка в квад­ра­те = x левая круг­лая скоб­ка x плюс y пра­вая круг­лая скоб­ка , 2a в квад­ра­те = левая круг­лая скоб­ка 2x плюс y пра­вая круг­лая скоб­ка в квад­ра­те . конец си­сте­мы . \"></p><p class=\"left_margin\"></p></center><p> По­лу­чим од­но­род­ное урав­не­ние вто­рой сте­пе­ни <img src=\"https://ege.sdamgia.ru/formula/svg/41/4104e84faf9d5b5737fd26b629f9ed68.svg\" class=\"tex\" style=\"vertical-align:-3.0pt\" alt=\"x в квад­ра­те плюс xy минус 2y в квад­ра­те = 0.\"> Ре­ше­ни­ем этого урав­не­ния яв­ля­ет­ся <img src=\"https://ege.sdamgia.ru/formula/svg/57/577a812db36dd32e84b5e5a7e18cc9ca.svg\" class=\"tex\" style=\"vertical-align:-3.0pt\" alt=\"x = минус 2 y\"> (не под­хо­дит) или <img src=\"https://ege.sdamgia.ru/formula/svg/1c/1c89d2f1eb3a740ca58deb1d95c7c8d8.svg\" class=\"tex\" style=\"vertical-align:-3.1pt\" alt=\"x = y,\"> от­ку­да <i>DQ</i>  =  <i>QP</i>  =  <i>PB</i>, что и тре­бо­ва­лось до­ка­зать.</p><p class=\"left_margin\">б)  Центр окруж­но­сти лежит на бис­сек­три­се угла <i>MBF</i>, по­это­му <img src=\"https://ege.sdamgia.ru/formula/svg/f8/f8fcb148bbe343a063ac8cee99a1dce8.svg\" class=\"tex\" style=\"vertical-align:-1.8pt\" alt=\" \\angle MBF = 2 \\angle MBO.\"> На­хо­дим:</p><p class=\"left_margin\"></p><center><p><img src=\"https://ege.sdamgia.ru/formula/svg/9d/9d6997570b88a1a843f86f95b6dbd8ef.svg\" class=\"tex\" style=\"vertical-align:-10.9pt\" alt=\" синус \\angle MBO = дробь: чис­ли­тель: OM, зна­ме­на­тель: ко­рень из: на­ча­ло ар­гу­мен­та: OM в квад­ра­те плюс BM в квад­ра­те конец ар­гу­мен­та конец дроби = дробь: чис­ли­тель: 6, зна­ме­на­тель: ко­рень из: на­ча­ло ар­гу­мен­та: 6 в квад­ра­те плюс 12 в квад­ра­те конец ар­гу­мен­та конец дроби = дробь: чис­ли­тель: 1, зна­ме­на­тель: ко­рень из 5 конец дроби , \"></p><p class=\"left_margin\"></p></center><p></p><div class=\"flex-math\"><p><img src=\"https://ege.sdamgia.ru/formula/svg/5a/5a68e4ce44a8d78ab137945a7f35c0ff.svg\" class=\"tex\" style=\"vertical-align:-11.0pt\" alt=\" ко­си­нус \\angle MBO = ко­рень из: на­ча­ло ар­гу­мен­та: 1 минус синус в квад­ра­те \\angle MBO конец ар­гу­мен­та = дробь: чис­ли­тель: 2, зна­ме­на­тель: ко­рень из 5 конец дроби . \"> </p><p><img src=\"https://ege.sdamgia.ru/formula/svg/10/101ae8fc49d8da6e35f70c1522ade0f0.svg\" class=\"tex\" style=\"vertical-align:-11.0pt\" alt=\" синус \\angle MBF = 2 умно­жить на дробь: чис­ли­тель: 1, зна­ме­на­тель: ко­рень из 5 конец дроби умно­жить на дробь: чис­ли­тель: 2, зна­ме­на­тель: ко­рень из 5 конец дроби = дробь: чис­ли­тель: 4, зна­ме­на­тель: 5 конец дроби . \"></p><p></p></div><p class=\"left_margin\">По усло­вию <img src=\"https://ege.sdamgia.ru/formula/svg/a5/a58485d9ceac29ebe9926fdbf92aa5ab.svg\" class=\"tex\" style=\"vertical-align:-3.0pt\" alt=\"a=18,\"> сле­до­ва­тель­но,</p><p class=\"left_margin\"></p><center><p><img src=\"https://ege.sdamgia.ru/formula/svg/6a/6a4dcb56c4fb13f49a93d0e4dd393526.svg\" class=\"tex\" style=\"vertical-align:-8.4pt\" alt=\"BE = дробь: чис­ли­тель: a, зна­ме­на­тель: синус \\angle MBF конец дроби = дробь: чис­ли­тель: 45, зна­ме­на­тель: 2 конец дроби . \"></p><p class=\"left_margin\"></p></center> <p> На­хо­дим <i>EC</i> по тео­ре­ме Пи­фа­го­ра:</p><p class=\"left_margin\"></p><center><p><img src=\"https://ege.sdamgia.ru/formula/svg/a3/a39936de5504e51e90220edfae523f7a.svg\" class=\"tex\" style=\"vertical-align:-9.3pt\" alt=\"EC = ко­рень из: на­ча­ло ар­гу­мен­та: BE в квад­ра­те минус BC в квад­ра­те конец ар­гу­мен­та = ко­рень из: на­ча­ло ар­гу­мен­та: дробь: чис­ли­тель: 2025, зна­ме­на­тель: 4 конец дроби минус 324 конец ар­гу­мен­та = дробь: чис­ли­тель: ко­рень из: на­ча­ло ар­гу­мен­та: 729 конец ар­гу­мен­та , зна­ме­на­тель: 4 конец дроби = дробь: чис­ли­тель: 27, зна­ме­на­тель: 2 конец дроби . \"></p><p class=\"left_margin\"></p></center><p> Таким об­ра­зом, </p><p class=\"left_margin\"></p><center><p><img src=\"https://ege.sdamgia.ru/formula/svg/77/77a37c2659e7bfe2dfece17a6735e4d9.svg\" class=\"tex\" style=\"vertical-align:-8.4pt\" alt=\"DE = DC минус CE = 18 минус дробь: чис­ли­тель: 27, зна­ме­на­тель: 2 конец дроби = дробь: чис­ли­тель: 9, зна­ме­на­тель: 2 конец дроби . \"></p><p class=\"left_margin\"></p></center></div>",
        "image_urls": [
            "https://ege.sdamgia.ru/formula/svg/5a/5a42a1aa48ce75a25eb8f8439be0dcb1.svg",
            "https://ege.sdamgia.ru/formula/svg/44/44b6736c888b17ed1a3f130cdd8aa82f.svg",
            "https://ege.sdamgia.ru/formula/svg/b2/b25063511ea6b6a01e7874991a2d6be5.svg",
            "https://ege.sdamgia.ru/formula/svg/c8/c8244591cd7df7ae183f2f85dbb1bf4e.svg",
            "https://ege.sdamgia.ru/formula/svg/e6/e6bf0b11b8268e7d30ede2ae223a8c20.svg",
            "https://ege.sdamgia.ru/formula/svg/c8/c8c0a346d58239c4e06b8122492dc22e.svg",
            "https://ege.sdamgia.ru/formula/svg/f1/f147290be66508841f72cbf1e1bc8702.svg",
            "https://ege.sdamgia.ru/formula/svg/5d/5da5e1d9c6b739a6fdcd16dd462956c8.svg",
            "https://ege.sdamgia.ru/formula/svg/d4/d4edcbfee8e0fe9d825e725d85e148d0.svg",
            "https://ege.sdamgia.ru/formula/svg/9c/9cff0aa866325fd04c6229eae496dd64.svg",
            "https://ege.sdamgia.ru/formula/svg/72/72dd47e2bc28fb54ce61e2920f356b8f.svg",
            "https://ege.sdamgia.ru/formula/svg/79/79665e2d8423629ffa5ce0878312f5d6.svg",
            "https://ege.sdamgia.ru/formula/svg/c0/c0aea630a845d98c200478d3ef94b46f.svg",
            "https://ege.sdamgia.ru/formula/svg/14/143b4f6ff9e9861d751d5ba675eb849d.svg",
            "https://ege.sdamgia.ru/formula/svg/4b/4b12e81f3df86331baf92414ab1471de.svg",
            "https://ege.sdamgia.ru/formula/svg/18/188867c64eef9435ea6f73c460c0a4ab.svg",
            "https://ege.sdamgia.ru/formula/svg/8a/8a9cbbc4220512552887db08ac1d0a32.svg",
            "https://ege.sdamgia.ru/formula/svg/2e/2e44da7d3b73c65034fd8cd744894e8d.svg",
            "https://ege.sdamgia.ru/formula/svg/be/bee71fb08f771c0062a29c715a23db45.svg",
            "https://ege.sdamgia.ru/formula/svg/f2/f27ba1097f8e0e584f3ddd4acaf6fa40.svg",
            "https://ege.sdamgia.ru/formula/svg/36/36f35f8da794e310797a4ad6f5f9222a.svg",
            "https://ege.sdamgia.ru/formula/svg/f9/f95e2bfc5ead88a469136d5a82f5685d.svg",
            "https://ege.sdamgia.ru/formula/svg/ef/eff20c08b57808d213516a3705556d9c.svg",
            "https://ege.sdamgia.ru/formula/svg/5e/5ed2024d8fcfe2d4632b198d6b577be1.svg",
            "https://ege.sdamgia.ru/formula/svg/cd/cda50d7fb3e52e02a1e6ae0045634b6b.svg",
            "https://ege.sdamgia.ru/formula/svg/c8/c83ac088a5db2ff3041173c4ac5c3207.svg",
            "https://ege.sdamgia.ru/formula/svg/4d/4df372a6e145434f8592057af6489f7e.svg",
            "https://ege.sdamgia.ru/formula/svg/cc/ccf20fdf3240f530796cf4c76f3f349c.svg",
            "https://ege.sdamgia.ru/formula/svg/0f/0f0b5443205d12b142736088b256e3c5.svg",
            "https://ege.sdamgia.ru/formula/svg/6e/6e2abdaf83de06d3557ba59958bbc668.svg",
            "https://ege.sdamgia.ru/formula/svg/41/4104e84faf9d5b5737fd26b629f9ed68.svg",
            "https://ege.sdamgia.ru/formula/svg/57/577a812db36dd32e84b5e5a7e18cc9ca.svg",
            "https://ege.sdamgia.ru/formula/svg/1c/1c89d2f1eb3a740ca58deb1d95c7c8d8.svg",
            "https://ege.sdamgia.ru/formula/svg/f8/f8fcb148bbe343a063ac8cee99a1dce8.svg",
            "https://ege.sdamgia.ru/formula/svg/9d/9d6997570b88a1a843f86f95b6dbd8ef.svg",
            "https://ege.sdamgia.ru/formula/svg/5a/5a68e4ce44a8d78ab137945a7f35c0ff.svg",
            "https://ege.sdamgia.ru/formula/svg/10/101ae8fc49d8da6e35f70c1522ade0f0.svg",
            "https://ege.sdamgia.ru/formula/svg/a5/a58485d9ceac29ebe9926fdbf92aa5ab.svg",
            "https://ege.sdamgia.ru/formula/svg/6a/6a4dcb56c4fb13f49a93d0e4dd393526.svg",
            "https://ege.sdamgia.ru/formula/svg/a3/a39936de5504e51e90220edfae523f7a.svg",
            "https://ege.sdamgia.ru/formula/svg/77/77a37c2659e7bfe2dfece17a6735e4d9.svg",
            "/get_file?id=182850"
        ]
    },
    "answer": "б)",
    "topic_id": 17,
    "analog_ids": []
}