{
    "gia_type": "ege",
    "subject": "math",
    "id": 646485,
    "condition": {
        "text": "В параллелограмме ABCD точки E и O  — середины сторон BC и АB соответственно, точка Q  — середина отрезка OD, точка F  — точка пересечения OC и ED. а)  Докажите, что прямая FQ делит AD в отношении 5 : 6.б)  Найдите отношение площади четырехугольника DQFC к площади ABCD.",
        "html": "<div align=\"justify\" width=\"100%\" id=\"body504745\" class=\"pbody\"><p class=\"left_margin\">В па­рал­ле­ло­грам­ме <i>ABCD</i> точки <i>E</i> и <i>O</i>  — се­ре­ди­ны сто­рон <i>BC</i> и <i>АB</i> со­от­вет­ствен­но, точка <i>Q</i>  — се­ре­ди­на от­рез­ка <i>OD</i>, точка <i>F</i>  — точка пе­ре­се­че­ния <i>OC</i> и <i>ED</i>. </p><p class=\"left_margin\">а)  До­ка­жи­те, что пря­мая <i>FQ</i> делит <i>AD</i> в от­но­ше­нии 5 : 6.</p><p class=\"left_margin\">б)  Най­ди­те от­но­ше­ние пло­ща­ди че­ты­рех­уголь­ни­ка <i>DQFC</i> к пло­ща­ди <i>ABCD</i>.</p></div>",
        "image_urls": []
    },
    "solution": {
        "text": "Решение. а)  Пусть прямая FQ пересекает сторону AB в точке K, сторону AD  — в точке L, сторону BC  — в точке M, сторону CD  — в точке P, и пусть прямая DE пересекает AB в точке P. Треугольники BPE и CDE равны по стороне и двум углам, следовательно, BP  =  CD, тогда Из подобия треугольников OPF и CDF следует, что  Значит,  поскольку треугольники KOF и NCF подобны, и  поскольку треугольники KOQ и NDQ равны. Если  то   и Из подобия треугольников KAL и NDL получаем:б)  Из пункта а) следует, что  Кроме того,  Тогда: В треугольнике OCD и параллелограмме ABCD общие сторона CD и высота, проведенная к ней. Следовательно,  а потомуОтвет: б)  7 : 20.",
        "html": "<div align=\"justify\" width=\"100%\" id=\"sol646485\" class=\"solution\" style=\"clear:both;\" class=\"pbody\"><p class=\"left_margin\"></p><b>Ре­ше­ние<!--rule_info-->. </b><p class=\"left_margin\"><img src=\"/get_file?id=146321\" style=\"float:right;margin:10px;max-width:100%\">а)  Пусть пря­мая <i>FQ</i> пе­ре­се­ка­ет сто­ро­ну <i>AB</i> в точке <i>K</i>, сто­ро­ну <i>AD</i>  — в точке <i>L</i>, сто­ро­ну <i>BC</i>  — в точке <i>M</i>, сто­ро­ну <i>CD</i>  — в точке <i>P</i>, и пусть пря­мая <i>DE</i> пе­ре­се­ка­ет <i>AB</i> в точке <i>P</i>. Тре­уголь­ни­ки <i>BPE</i> и <i>CDE</i> равны по сто­ро­не и двум углам, сле­до­ва­тель­но, <i>BP</i>  =  <i>CD</i>, тогда <img src=\"https://ege.sdamgia.ru/formula/svg/b6/b620ba3ef38343fa0527d2acca266e98.svg\" class=\"tex\" style=\"vertical-align:-1.8pt\" alt=\"OP : CD = 3 : 2.\"></p><p class=\"left_margin\">Из по­до­бия тре­уголь­ни­ков <i>OPF</i> и <i>CDF</i> сле­ду­ет, что <img src=\"https://ege.sdamgia.ru/formula/svg/73/736952fc96716cff6ac8ee49641b6c8a.svg\" class=\"tex\" style=\"vertical-align:-1.8pt\" alt=\" OF : FC = 3 : 2.\"> Зна­чит, <img src=\"https://ege.sdamgia.ru/formula/svg/f8/f807ade1c73a651d35f8a994de47fb51.svg\" class=\"tex\" style=\"vertical-align:-3.0pt\" alt=\"KO : NC = 3 : 2, \"> по­сколь­ку тре­уголь­ни­ки <i>KOF</i> и <i>NCF</i> по­доб­ны, и <img src=\"https://ege.sdamgia.ru/formula/svg/72/72b46f5d17bb935124b655c8c360272c.svg\" class=\"tex\" style=\"vertical-align:-3.0pt\" alt=\"KO : DN = 1 : 1,\"> по­сколь­ку тре­уголь­ни­ки <i>KOQ</i> и <i>NDQ</i> равны. Если <img src=\"https://ege.sdamgia.ru/formula/svg/72/72e7b19bec822ae7fab0ea0b40dd3858.svg\" class=\"tex\" style=\"vertical-align:-3.0pt\" alt=\"DC = 2x,\"> то <img src=\"https://ege.sdamgia.ru/formula/svg/f2/f29b63c990a8b8dc0a001862c948ddb2.svg\" class=\"tex\" style=\"vertical-align:-3.0pt\" alt=\"CN = 4x,\"> <img src=\"https://ege.sdamgia.ru/formula/svg/b5/b53468ad313020b645d58d04d7919596.svg\" class=\"tex\" style=\"vertical-align:-1.8pt\" alt=\"AO = x\"> и</p><p class=\"left_margin\"></p><center><p><img src=\"https://ege.sdamgia.ru/formula/svg/88/889588d519522700d3ecce5657133f99.svg\" class=\"tex\" style=\"vertical-align:-1.8pt\" alt=\"KA = KO минус AO = DN минус AD = 6x минус x = 5x.\"></p><p class=\"left_margin\"></p></center><p> Из по­до­бия тре­уголь­ни­ков <i>KAL</i> и <i>NDL</i> по­лу­ча­ем:</p><p class=\"left_margin\"></p><center><p><img src=\"https://ege.sdamgia.ru/formula/svg/68/688ef091652c2ab39841f19a4e3ab78e.svg\" class=\"tex\" style=\"vertical-align:-1.8pt\" alt=\"AL : LD = KA : ND = 5x : 6x = 5 : 6. \"></p><p class=\"left_margin\"></p></center><p class=\"left_margin\">б)  Из пунк­та а) сле­ду­ет, что <img src=\"https://ege.sdamgia.ru/formula/svg/af/afa7f9d6e07eb2a9f2a1761948784a61.svg\" class=\"tex\" style=\"vertical-align:-1.8pt\" alt=\"OF : OC = 3 : 5.\"> Кроме того, <img src=\"https://ege.sdamgia.ru/formula/svg/e6/e69622ef4e05a7814f57109ed08022e0.svg\" class=\"tex\" style=\"vertical-align:-3.0pt\" alt=\"OQ = QD.\"> Тогда: </p><p class=\"left_margin\"></p><center><p><img src=\"https://ege.sdamgia.ru/formula/svg/90/90b5c365109ce3376242897cda4c3f36.svg\" class=\"tex\" style=\"vertical-align:-4.2pt\" alt=\"S_\\triangle OFQ : S_\\triangle OCD = левая круг­лая скоб­ка OF умно­жить на OQ пра­вая круг­лая скоб­ка : левая круг­лая скоб­ка OC : OD пра­вая круг­лая скоб­ка = 3 : 10.\"></p><p class=\"left_margin\"></p></center><p class=\"left_margin\">В тре­уголь­ни­ке <i>OCD</i> и па­рал­ле­ло­грам­ме <i>ABCD</i> общие сто­ро­на <i>CD</i> и вы­со­та, про­ве­ден­ная к ней. Сле­до­ва­тель­но, <img src=\"https://ege.sdamgia.ru/formula/svg/ae/aeb2254cfe5357aaf6f3dd3c1b0c518d.svg\" class=\"tex\" style=\"vertical-align:-8.4pt\" alt=\"S_\\triangle OCD = дробь: чис­ли­тель: 1, зна­ме­на­тель: 2 конец дроби S_ABCD,\"> а по­то­му</p><p class=\"left_margin\"></p><center><p><img src=\"https://ege.sdamgia.ru/formula/svg/e1/e1a4a803ee688ca265979c1bb926e20d.svg\" class=\"tex\" style=\"vertical-align:-8.5pt\" alt=\"S_\\triangle DQF = дробь: чис­ли­тель: 7, зна­ме­на­тель: 10 конец дроби S_\\triangle OCD = дробь: чис­ли­тель: 7, зна­ме­на­тель: 20 конец дроби S _ABCD. \"></p><p class=\"left_margin\"></p></center><p><span style=\"letter-spacing: 2px;\">Ответ:</span> б)  7 : 20.</p></div>",
        "image_urls": [
            "https://ege.sdamgia.ru/formula/svg/b6/b620ba3ef38343fa0527d2acca266e98.svg",
            "https://ege.sdamgia.ru/formula/svg/73/736952fc96716cff6ac8ee49641b6c8a.svg",
            "https://ege.sdamgia.ru/formula/svg/f8/f807ade1c73a651d35f8a994de47fb51.svg",
            "https://ege.sdamgia.ru/formula/svg/72/72b46f5d17bb935124b655c8c360272c.svg",
            "https://ege.sdamgia.ru/formula/svg/72/72e7b19bec822ae7fab0ea0b40dd3858.svg",
            "https://ege.sdamgia.ru/formula/svg/f2/f29b63c990a8b8dc0a001862c948ddb2.svg",
            "https://ege.sdamgia.ru/formula/svg/b5/b53468ad313020b645d58d04d7919596.svg",
            "https://ege.sdamgia.ru/formula/svg/88/889588d519522700d3ecce5657133f99.svg",
            "https://ege.sdamgia.ru/formula/svg/68/688ef091652c2ab39841f19a4e3ab78e.svg",
            "https://ege.sdamgia.ru/formula/svg/af/afa7f9d6e07eb2a9f2a1761948784a61.svg",
            "https://ege.sdamgia.ru/formula/svg/e6/e69622ef4e05a7814f57109ed08022e0.svg",
            "https://ege.sdamgia.ru/formula/svg/90/90b5c365109ce3376242897cda4c3f36.svg",
            "https://ege.sdamgia.ru/formula/svg/ae/aeb2254cfe5357aaf6f3dd3c1b0c518d.svg",
            "https://ege.sdamgia.ru/formula/svg/e1/e1a4a803ee688ca265979c1bb926e20d.svg",
            "/get_file?id=146321"
        ]
    },
    "answer": "б)  7 : 20.",
    "topic_id": 17,
    "analog_ids": []
}