{
    "gia_type": "ege",
    "subject": "math",
    "id": 655324,
    "condition": {
        "text": "Боковые стороны трапеции лежат на перпендикулярных прямых.а)  Докажите, что четырехугольник с вершинами в серединах диагоналей и в серединах оснований трапеции  — прямоугольник.б)  Найдите площадь трапеции, если ее меньшее основание равно 7, а стороны рассмотренного выше прямоугольника равны 6 и 2,5.",
        "html": "<div align=\"justify\" width=\"100%\" id=\"body495904\" class=\"pbody\"><p class=\"left_margin\">Бо­ко­вые сто­ро­ны тра­пе­ции лежат на пер­пен­ди­ку­ляр­ных пря­мых.</p><p class=\"left_margin\">а)  До­ка­жи­те, что че­ты­рех­уголь­ник с вер­ши­на­ми в се­ре­ди­нах диа­го­на­лей и в се­ре­ди­нах ос­но­ва­ний тра­пе­ции  — пря­мо­уголь­ник.</p><p class=\"left_margin\">б)  Най­ди­те пло­щадь тра­пе­ции, если ее мень­шее ос­но­ва­ние <nobr>равно 7,</nobr> а сто­ро­ны рас­смот­рен­но­го выше пря­мо­уголь­ни­ка <nobr>равны 6</nobr> <nobr>и 2,5.</nobr></p></div>",
        "image_urls": []
    },
    "solution": {
        "text": "Решение. а)  Пусть стороны BC и AD  — основания трапеции, точка E  — пересечение прямых AB и CD. Точки K, L, M, N  — середины отрезков AC, BC, BD и AD соответственно. Отрезок KL параллелен стороне AB как средняя линия треугольника ABC. Аналогично, отрезок LM параллелен стороне CD. Но стороны AB и CD перпендикулярны по условию, значит,  Аналогично, все углы четырёхугольника KLMN прямые. Следовательно, это прямоугольник. б)  Пусть, без ограничения общности,   и  Заметим, что точки K и M лежат на средней линии трапеции PQ. Получаем  тогда  то есть  Находим:   Тогда  где  Значит,  и Треугольники BEC и AED подобны, следовательно,    Аналогично  Таким образом, Находим площадь трапеции ABCD:Ответ: б) ",
        "html": "<div align=\"justify\" width=\"100%\" id=\"sol655324\" class=\"solution\" style=\"clear:both;\" class=\"pbody\"><p class=\"left_margin\"></p><b>Ре­ше­ние<!--rule_info-->. </b><p class=\"left_margin\">а)  Пусть сто­ро­ны <i>BC</i> и <i>AD</i>  — ос­но­ва­ния тра­пе­ции, точка <i>E</i>  — пе­ре­се­че­ние пря­мых <i>AB</i> и <i>CD</i>. Точки <i>K</i>, <i>L</i>, <i>M</i>, <i>N</i>  — се­ре­ди­ны от­рез­ков <i>AC</i>, <i>BC</i>, <i>BD</i> и <i>AD</i> со­от­вет­ствен­но. От­ре­зок <i>KL</i> па­рал­ле­лен сто­ро­не <i>AB</i> как сред­няя линия тре­уголь­ни­ка <i>ABC</i>. Ана­ло­гич­но, от­ре­зок <i>LM</i> па­рал­ле­лен сто­ро­не <i>CD</i>. Но сто­ро­ны <i>AB</i> и <i>CD</i> пер­пен­ди­ку­ляр­ны по усло­вию, зна­чит, <img src=\"https://ege.sdamgia.ru/formula/svg/f8/f8717ddf670ea48972716df430babc23.svg\" class=\"tex\" style=\"vertical-align:-1.8pt\" alt=\"\\angle KLM = 90 гра­ду­сов .\"> Ана­ло­гич­но, все углы четырёхуголь­ни­ка <i>KLMN</i> пря­мые. Сле­до­ва­тель­но, это пря­мо­уголь­ник. <img src=\"/get_file?id=167517\" style=\"margin:10px auto;display:block;max-width:100%\"></p><p class=\"left_margin\">б)  Пусть, без огра­ни­че­ния общ­но­сти, <img src=\"https://ege.sdamgia.ru/formula/svg/06/06a84fa5073390586e0e949db4386cb8.svg\" class=\"tex\" style=\"vertical-align:-3.0pt\" alt=\"BC = 7,\"> <img src=\"https://ege.sdamgia.ru/formula/svg/ae/ae9356b3b435241a406e97bd3389ac35.svg\" class=\"tex\" style=\"vertical-align:-3.0pt\" alt=\"KL = 2,5\"> и <img src=\"https://ege.sdamgia.ru/formula/svg/7d/7db764b81e05d0c1ef92e104f0a38642.svg\" class=\"tex\" style=\"vertical-align:-1.8pt\" alt=\"LM = 6.\"> За­ме­тим, что точки <i>K</i> и <i>M</i> лежат на сред­ней линии тра­пе­ции <i>PQ</i>. По­лу­ча­ем <img src=\"https://ege.sdamgia.ru/formula/svg/c0/c0b67e3e39605f0541485767f7b87402.svg\" class=\"tex\" style=\"vertical-align:-3.0pt\" alt=\"\\angle KLM = 90 гра­ду­сов ,\"> тогда <img src=\"https://ege.sdamgia.ru/formula/svg/b3/b314a0b2a6a2f0c243ec847bcc8dbde7.svg\" class=\"tex\" style=\"vertical-align:-3.0pt\" alt=\"KM в квад­ра­те = 2,5 в квад­ра­те плюс 6 в квад­ра­те = 6,5 в квад­ра­те ,\"> то есть <img src=\"https://ege.sdamgia.ru/formula/svg/da/da7cee7febddacc97eaff2fe21e2f2ce.svg\" class=\"tex\" style=\"vertical-align:-3.0pt\" alt=\"KM = 6,5.\"> На­хо­дим:</p><p></p><div class=\"flex-math\"><p><img src=\"https://ege.sdamgia.ru/formula/svg/1d/1df5d542413571e0334777be5d98ba93.svg\" class=\"tex\" style=\"vertical-align:-8.4pt\" alt=\"PK = MQ = дробь: чис­ли­тель: 1, зна­ме­на­тель: 2 конец дроби BC = 3,5,\"> </p><p><img src=\"https://ege.sdamgia.ru/formula/svg/1d/1d0d62152e872c7b9aff9bdc7d075106.svg\" class=\"tex\" style=\"vertical-align:-3.0pt\" alt=\"PQ = 6,5 плюс 2 умно­жить на 3,5 = 13,5.\"> </p><p></p></div><p> Тогда <img src=\"https://ege.sdamgia.ru/formula/svg/38/386848e3ba93a1aa3f507a2b0ae7fe0d.svg\" class=\"tex\" style=\"vertical-align:-8.3pt\" alt=\" дробь: чис­ли­тель: AD плюс BC, зна­ме­на­тель: 2 конец дроби = 13,5, \"> где <img src=\"https://ege.sdamgia.ru/formula/svg/5a/5a106bf2269faf52cde054266f4bb44a.svg\" class=\"tex\" style=\"vertical-align:-1.8pt\" alt=\"AD = 27 минус 7 = 20.\"> Зна­чит, <img src=\"https://ege.sdamgia.ru/formula/svg/ad/adfaaf5a0e6f0eabaaa81c465811acaa.svg\" class=\"tex\" style=\"vertical-align:-1.8pt\" alt=\"AB = 2 KL = 5\"> и <img src=\"https://ege.sdamgia.ru/formula/svg/de/deac59053a4c3b5a96826750c717368b.svg\" class=\"tex\" style=\"vertical-align:-1.8pt\" alt=\"CD = 2 LM = 12.\"></p><p class=\"left_margin\">Тре­уголь­ни­ки <i>BEC</i> и <i>AED</i> по­доб­ны, сле­до­ва­тель­но, </p><p></p><div class=\"flex-math\"><p><img src=\"https://ege.sdamgia.ru/formula/svg/ae/ae89c6d36e3ee6c81fbd810f8c793d52.svg\" class=\"tex\" style=\"vertical-align:-8.5pt\" alt=\" дробь: чис­ли­тель: BE, зна­ме­на­тель: AE конец дроби = дробь: чис­ли­тель: 7, зна­ме­на­тель: 20 конец дроби , \"> </p><p><img src=\"https://ege.sdamgia.ru/formula/svg/d8/d8c9f878f0c4fd32b8dd8c89f355938c.svg\" class=\"tex\" style=\"vertical-align:-8.4pt\" alt=\" дробь: чис­ли­тель: AB, зна­ме­на­тель: BE конец дроби плюс 1 = дробь: чис­ли­тель: 20, зна­ме­на­тель: 7 конец дроби , \"> </p><p><img src=\"https://ege.sdamgia.ru/formula/svg/2c/2c38a133b524d6134553feb9a2aa6b69.svg\" class=\"tex\" style=\"vertical-align:-8.5pt\" alt=\"BE = дробь: чис­ли­тель: 7, зна­ме­на­тель: 13 конец дроби умно­жить на 5. \"></p><p></p></div><p> Ана­ло­гич­но <img src=\"https://ege.sdamgia.ru/formula/svg/47/479e3e857106c0a2612df67d0dee4590.svg\" class=\"tex\" style=\"vertical-align:-8.5pt\" alt=\"EC = дробь: чис­ли­тель: 7, зна­ме­на­тель: 13 конец дроби умно­жить на 12. \"> Таким об­ра­зом, </p><p></p><div class=\"flex-math\"><p><img src=\"https://ege.sdamgia.ru/formula/svg/e2/e2bbb885cffcf24097487a472899a43e.svg\" class=\"tex\" style=\"vertical-align:-11.2pt\" alt=\"S_BEC = левая круг­лая скоб­ка дробь: чис­ли­тель: 7, зна­ме­на­тель: 13 конец дроби пра­вая круг­лая скоб­ка в квад­ра­те умно­жить на дробь: чис­ли­тель: 5 умно­жить на 12 , зна­ме­на­тель: 2 конец дроби = дробь: чис­ли­тель: 30 умно­жить на 49, зна­ме­на­тель: 169 конец дроби , \"></p><p><img src=\"https://ege.sdamgia.ru/formula/svg/d2/d29c335696c714b3f137c27cc5d7babd.svg\" class=\"tex\" style=\"vertical-align:-11.2pt\" alt=\"S_AED = левая круг­лая скоб­ка дробь: чис­ли­тель: 20, зна­ме­на­тель: 7 конец дроби пра­вая круг­лая скоб­ка в квад­ра­те умно­жить на дробь: чис­ли­тель: 30 умно­жить на 49, зна­ме­на­тель: 169 конец дроби = дробь: чис­ли­тель: 12 000, зна­ме­на­тель: 169 конец дроби . \"></p><p></p></div><p class=\"left_margin\">На­хо­дим пло­щадь тра­пе­ции <i>ABCD</i>:</p><p class=\"left_margin\"></p><center><p><img src=\"https://ege.sdamgia.ru/formula/svg/b4/b46510f36ff59f99f1a7fa07fce30aec.svg\" class=\"tex\" style=\"vertical-align:-8.4pt\" alt=\"S_ABCD = S_AED минус S_BEC = дробь: чис­ли­тель: 12 000 минус 30 умно­жить на 49, зна­ме­на­тель: 169 конец дроби = дробь: чис­ли­тель: 30 умно­жить на 351, зна­ме­на­тель: 169 конец дроби = дробь: чис­ли­тель: 810, зна­ме­на­тель: 13 конец дроби . \"></p><p class=\"left_margin\"></p></center><p><span style=\"letter-spacing: 2px;\">Ответ:</span> б) <img src=\"https://ege.sdamgia.ru/formula/svg/8e/8ef6f6c11efeaff6953130780d8af8f6.svg\" class=\"tex\" style=\"vertical-align:-8.5pt\" alt=\" дробь: чис­ли­тель: 810, зна­ме­на­тель: 13 конец дроби . \"></p></div>",
        "image_urls": [
            "https://ege.sdamgia.ru/formula/svg/f8/f8717ddf670ea48972716df430babc23.svg",
            "https://ege.sdamgia.ru/formula/svg/06/06a84fa5073390586e0e949db4386cb8.svg",
            "https://ege.sdamgia.ru/formula/svg/ae/ae9356b3b435241a406e97bd3389ac35.svg",
            "https://ege.sdamgia.ru/formula/svg/7d/7db764b81e05d0c1ef92e104f0a38642.svg",
            "https://ege.sdamgia.ru/formula/svg/c0/c0b67e3e39605f0541485767f7b87402.svg",
            "https://ege.sdamgia.ru/formula/svg/b3/b314a0b2a6a2f0c243ec847bcc8dbde7.svg",
            "https://ege.sdamgia.ru/formula/svg/da/da7cee7febddacc97eaff2fe21e2f2ce.svg",
            "https://ege.sdamgia.ru/formula/svg/1d/1df5d542413571e0334777be5d98ba93.svg",
            "https://ege.sdamgia.ru/formula/svg/1d/1d0d62152e872c7b9aff9bdc7d075106.svg",
            "https://ege.sdamgia.ru/formula/svg/38/386848e3ba93a1aa3f507a2b0ae7fe0d.svg",
            "https://ege.sdamgia.ru/formula/svg/5a/5a106bf2269faf52cde054266f4bb44a.svg",
            "https://ege.sdamgia.ru/formula/svg/ad/adfaaf5a0e6f0eabaaa81c465811acaa.svg",
            "https://ege.sdamgia.ru/formula/svg/de/deac59053a4c3b5a96826750c717368b.svg",
            "https://ege.sdamgia.ru/formula/svg/ae/ae89c6d36e3ee6c81fbd810f8c793d52.svg",
            "https://ege.sdamgia.ru/formula/svg/d8/d8c9f878f0c4fd32b8dd8c89f355938c.svg",
            "https://ege.sdamgia.ru/formula/svg/2c/2c38a133b524d6134553feb9a2aa6b69.svg",
            "https://ege.sdamgia.ru/formula/svg/47/479e3e857106c0a2612df67d0dee4590.svg",
            "https://ege.sdamgia.ru/formula/svg/e2/e2bbb885cffcf24097487a472899a43e.svg",
            "https://ege.sdamgia.ru/formula/svg/d2/d29c335696c714b3f137c27cc5d7babd.svg",
            "https://ege.sdamgia.ru/formula/svg/b4/b46510f36ff59f99f1a7fa07fce30aec.svg",
            "https://ege.sdamgia.ru/formula/svg/8e/8ef6f6c11efeaff6953130780d8af8f6.svg",
            "/get_file?id=167517"
        ]
    },
    "answer": "б)",
    "topic_id": 17,
    "analog_ids": []
}