{
    "gia_type": "ege",
    "subject": "math",
    "id": 655788,
    "condition": {
        "text": "Точка E  — середина основания AD трапеции ABCD, а точка M  — середина стороны AB. Отрезки CE и DM пересекаются в точке О. а)  Докажите, что площади треугольника COD и четырехугольника AMOE равны.б)  Найдите отношение площади четырехугольника AMOE к площади трапеции ABCD, если  и ",
        "html": "<div align=\"justify\" width=\"100%\" id=\"body290640\" class=\"pbody\"><p class=\"left_margin\">Точка <i>E</i>  — се­ре­ди­на ос­но­ва­ния <i>AD</i> тра­пе­ции <i>ABCD</i>, а точка <i>M</i>  — се­ре­ди­на сто­ро­ны <i>AB</i>. От­рез­ки <i>CE</i> <nobr>и <i>DM</i></nobr> пе­ре­се­ка­ют­ся в точке <i>О</i>. </p><p class=\"left_margin\">а)  До­ка­жи­те, что пло­ща­ди тре­уголь­ни­ка <i>COD</i> и че­ты­рех­уголь­ни­ка <i>AMOE</i> равны.</p><p class=\"left_margin\">б)  Най­ди­те от­но­ше­ние пло­ща­ди че­ты­рех­уголь­ни­ка <i>AMOE</i> к пло­ща­ди тра­пе­ции <i>ABCD</i>, если <img src=\"https://ege.sdamgia.ru/formula/svg/fe/fe6975171b0c73f016d37a78e7f90e39.svg\" class=\"tex\" style=\"vertical-align:-1.8pt\" alt=\"B C = 2\"> и <img src=\"https://ege.sdamgia.ru/formula/svg/5f/5f841b708f43da8333915a0f6dc3db4b.svg\" class=\"tex\" style=\"vertical-align:-1.8pt\" alt=\" A D = 5.\"></p></div>",
        "image_urls": [
            "https://ege.sdamgia.ru/formula/svg/fe/fe6975171b0c73f016d37a78e7f90e39.svg",
            "https://ege.sdamgia.ru/formula/svg/5f/5f841b708f43da8333915a0f6dc3db4b.svg"
        ]
    },
    "solution": {
        "text": "Решение. а)  Пусть высота трапеции равна h. Тогда высота треугольника AMD, проведенная к AD, равна  Площадь треугольника AMD равна а потому б)  Пусть P  — точка пересечения лучей DM и CB. Тогда треугольники PBM и DAN равны, откуда  Треугольники PCO и DEO подобны, причем Откуда:  Найдем отношение площадей треугольников DOE и DAM: Таким образом, Отношение площади четырехугольника AMOE к площади трапеции ABCD равно  Ответ: ",
        "html": "<div align=\"justify\" width=\"100%\" id=\"sol655788\" class=\"solution\" style=\"clear:both;\" class=\"pbody\"><p class=\"left_margin\"></p><b>Ре­ше­ние<!--rule_info-->. </b><p class=\"left_margin\"><img src=\"/get_file?id=168547\" style=\"float:right;margin:10px;max-width:100%\"></p><p class=\"left_margin\">а)  Пусть вы­со­та тра­пе­ции равна <i>h</i>. Тогда вы­со­та тре­уголь­ни­ка <i>AMD</i>, про­ве­ден­ная к <i>AD</i>, равна <img src=\"https://ege.sdamgia.ru/formula/svg/ba/ba123a40155b88fa0b069ed6a309bce0.svg\" class=\"tex\" style=\"vertical-align:-8.4pt\" alt=\" дробь: чис­ли­тель: h, зна­ме­на­тель: 2 конец дроби . \"> Пло­щадь тре­уголь­ни­ка <i>AMD</i> равна</p><p class=\"left_margin\"></p><center><p><img src=\"https://ege.sdamgia.ru/formula/svg/ef/ef5cb9631ec19de499aea909fe4ec7d5.svg\" class=\"tex\" style=\"vertical-align:-8.4pt\" alt=\"S_AMD= дробь: чис­ли­тель: 1, зна­ме­на­тель: 2 конец дроби умно­жить на дробь: чис­ли­тель: h, зна­ме­на­тель: 2 конец дроби умно­жить на AD= дробь: чис­ли­тель: 1, зна­ме­на­тель: 2 конец дроби умно­жить на h умно­жить на дробь: чис­ли­тель: AD, зна­ме­на­тель: 2 конец дроби =S_CED, \"></p><p class=\"left_margin\"></p></center> <p>а по­то­му </p><p class=\"left_margin\"></p><center><p><img src=\"https://ege.sdamgia.ru/formula/svg/64/6463b48f0bd9bb15bfa8ae809ce23c3c.svg\" class=\"tex\" style=\"vertical-align:-2.5pt\" alt=\"S_AMOE=S_AMD минус S_OED=S_CED минус S_OED=S_COD.\"></p><p class=\"left_margin\"></p></center><p class=\"left_margin\">б)  Пусть <i>P</i>  — точка пе­ре­се­че­ния лучей <i>DM</i> и <i>CB</i>. Тогда тре­уголь­ни­ки <i>PBM</i> и <i>DAN</i> равны, от­ку­да <img src=\"https://ege.sdamgia.ru/formula/svg/cb/cbe11e27eed9860b7836a1785771c39f.svg\" class=\"tex\" style=\"vertical-align:-1.8pt\" alt=\"PB=5.\"> Тре­уголь­ни­ки <i>PCO</i> и <i>DEO</i> по­доб­ны, при­чем</p><p class=\"left_margin\"></p><center><p><img src=\"https://ege.sdamgia.ru/formula/svg/1b/1bf4a9dcbcd216f0e4d67225b87c7936.svg\" class=\"tex\" style=\"vertical-align:-8.4pt\" alt=\" дробь: чис­ли­тель: PO, зна­ме­на­тель: OD конец дроби = дробь: чис­ли­тель: PC, зна­ме­на­тель: ED конец дроби =7: дробь: чис­ли­тель: 5, зна­ме­на­тель: 2 конец дроби = дробь: чис­ли­тель: 14, зна­ме­на­тель: 5 конец дроби . \"></p><p class=\"left_margin\"></p></center> От­ку­да:<p></p><div class=\"flex-math\"><p><img src=\"https://ege.sdamgia.ru/formula/svg/b0/b0101e15cfc7f272fadecb317a6f34fd.svg\" class=\"tex\" style=\"vertical-align:-9.2pt\" alt=\" дробь: чис­ли­тель: MD плюс MO, зна­ме­на­тель: MD минус MO конец дроби = дробь: чис­ли­тель: 14, зна­ме­на­тель: 5 конец дроби , \"></p><p><img src=\"https://ege.sdamgia.ru/formula/svg/ae/aec0e27dd59c22ca0d776e7797d986a1.svg\" class=\"tex\" style=\"vertical-align:-8.5pt\" alt=\" дробь: чис­ли­тель: MD, зна­ме­на­тель: MO конец дроби = дробь: чис­ли­тель: 19, зна­ме­на­тель: 9 конец дроби , \"> <img src=\"https://ege.sdamgia.ru/formula/svg/2f/2fb4cd5b3ffa369f3c03b60f935fb5c4.svg\" class=\"tex\" style=\"vertical-align:-8.4pt\" alt=\" дробь: чис­ли­тель: OD, зна­ме­на­тель: MD конец дроби = дробь: чис­ли­тель: 10, зна­ме­на­тель: 19 конец дроби . \"></p><p></p></div> <p class=\"left_margin\">Най­дем от­но­ше­ние пло­ща­дей тре­уголь­ни­ков <i>DOE</i> и <i>DAM</i>:</p><p class=\"left_margin\"></p><center><p><img src=\"https://ege.sdamgia.ru/formula/svg/a6/a6e7bc3a80b59daa89b656a1bff92fc7.svg\" class=\"tex\" style=\"vertical-align:-10.0pt\" alt=\" дробь: чис­ли­тель: S_DOE, зна­ме­на­тель: S_DAM конец дроби = дробь: чис­ли­тель: OD умно­жить на DE, зна­ме­на­тель: MD умно­жить на DA конец дроби = дробь: чис­ли­тель: 10 умно­жить на 1, зна­ме­на­тель: 19 умно­жить на 2 конец дроби = дробь: чис­ли­тель: 5, зна­ме­на­тель: 19 конец дроби . \"></p><p class=\"left_margin\"></p></center><p> Таким об­ра­зом,</p><p class=\"left_margin\"></p><center><p><span data-width=\"640\" data-formulahash=\"3b0d152ff70a082e71a5bec44ae59a28\" class=\"tex-span\" style=\"\"><img src=\"https://ege.sdamgia.ru/formula/svg/3b/3b0d152ff70a082e71a5bec44ae59a28.svg\" class=\"tex\" style=\"vertical-align:-8.4pt\" alt=\"S_AMOE= дробь: чис­ли­тель: 14, зна­ме­на­тель: 19 конец дроби S_AMD= дробь: чис­ли­тель: 14, зна­ме­на­тель: 19 конец дроби умно­жить на дробь: чис­ли­тель: 1, зна­ме­на­тель: 2 конец дроби умно­жить на дробь: чис­ли­тель: h, зна­ме­на­тель: 2 конец дроби умно­жить на 5= дробь: чис­ли­тель: 14, зна­ме­на­тель: 19 конец дроби умно­жить на дробь: чис­ли­тель: 1, зна­ме­на­тель: 2 конец дроби умно­жить на дробь: чис­ли­тель: 5, зна­ме­на­тель: 7 конец дроби умно­жить на дробь: чис­ли­тель: 7 умно­жить на h, зна­ме­на­тель: 2 конец дроби = дробь: чис­ли­тель: 5, зна­ме­на­тель: 19 конец дроби умно­жить на дробь: чис­ли­тель: 7h, зна­ме­на­тель: 2 конец дроби = дробь: чис­ли­тель: 5, зна­ме­на­тель: 19 конец дроби S_ABCD. \"></span><span data-width=\"515\" data-formulahash=\"3b0d152ff70a082e71a5bec44ae59a28\" class=\"tex-span\" style=\"display:none\"><img src=\"https://ege.sdamgia.ru/formula/svg/35/35f4bace7457112ef108a378d42859b4.svg\" class=\"tex\" style=\"vertical-align:-8.5pt\" alt=\"S_AMOE= дробь: чис­ли­тель: 14, зна­ме­на­тель: 19 конец дроби S_AMD= дробь: чис­ли­тель: 14, зна­ме­на­тель: 19 конец дроби умно­жить на дробь: чис­ли­тель: 1, зна­ме­на­тель: 2 конец дроби умно­жить на дробь: чис­ли­тель: h, зна­ме­на­тель: 2 конец дроби умно­жить на 5= \"><br><img src=\"https://ege.sdamgia.ru/formula/svg/26/2634f595c2bc85df2a2e08c569b42aeb.svg\" class=\"tex\" style=\"vertical-align:-8.5pt\" alt=\"= дробь: чис­ли­тель: 14, зна­ме­на­тель: 19 конец дроби умно­жить на дробь: чис­ли­тель: 1, зна­ме­на­тель: 2 конец дроби умно­жить на дробь: чис­ли­тель: 5, зна­ме­на­тель: 7 конец дроби умно­жить на дробь: чис­ли­тель: 7 умно­жить на h, зна­ме­на­тель: 2 конец дроби = дробь: чис­ли­тель: 5, зна­ме­на­тель: 19 конец дроби умно­жить на дробь: чис­ли­тель: 7h, зна­ме­на­тель: 2 конец дроби = дробь: чис­ли­тель: 5, зна­ме­на­тель: 19 конец дроби S_ABCD. \"></span></p><p class=\"left_margin\"></p></center> От­но­ше­ние пло­ща­ди че­ты­рех­уголь­ни­ка <i>AMOE</i> к пло­ща­ди тра­пе­ции <i>ABCD</i> равно <img src=\"https://ege.sdamgia.ru/formula/svg/ec/ec9e1089c4522b2158084fd31be4e733.svg\" class=\"tex\" style=\"vertical-align:-8.4pt\" alt=\" дробь: чис­ли­тель: 5, зна­ме­на­тель: 19 конец дроби . \"><p>&nbsp;</p><p><span style=\"letter-spacing: 2px;\">Ответ:</span> <img src=\"https://ege.sdamgia.ru/formula/svg/ec/ec9e1089c4522b2158084fd31be4e733.svg\" class=\"tex\" style=\"vertical-align:-8.4pt\" alt=\" дробь: чис­ли­тель: 5, зна­ме­на­тель: 19 конец дроби . \"></p></div>",
        "image_urls": [
            "https://ege.sdamgia.ru/formula/svg/ba/ba123a40155b88fa0b069ed6a309bce0.svg",
            "https://ege.sdamgia.ru/formula/svg/ef/ef5cb9631ec19de499aea909fe4ec7d5.svg",
            "https://ege.sdamgia.ru/formula/svg/64/6463b48f0bd9bb15bfa8ae809ce23c3c.svg",
            "https://ege.sdamgia.ru/formula/svg/cb/cbe11e27eed9860b7836a1785771c39f.svg",
            "https://ege.sdamgia.ru/formula/svg/1b/1bf4a9dcbcd216f0e4d67225b87c7936.svg",
            "https://ege.sdamgia.ru/formula/svg/b0/b0101e15cfc7f272fadecb317a6f34fd.svg",
            "https://ege.sdamgia.ru/formula/svg/ae/aec0e27dd59c22ca0d776e7797d986a1.svg",
            "https://ege.sdamgia.ru/formula/svg/2f/2fb4cd5b3ffa369f3c03b60f935fb5c4.svg",
            "https://ege.sdamgia.ru/formula/svg/a6/a6e7bc3a80b59daa89b656a1bff92fc7.svg",
            "https://ege.sdamgia.ru/formula/svg/3b/3b0d152ff70a082e71a5bec44ae59a28.svg",
            "https://ege.sdamgia.ru/formula/svg/35/35f4bace7457112ef108a378d42859b4.svg",
            "https://ege.sdamgia.ru/formula/svg/26/2634f595c2bc85df2a2e08c569b42aeb.svg",
            "https://ege.sdamgia.ru/formula/svg/ec/ec9e1089c4522b2158084fd31be4e733.svg",
            "https://ege.sdamgia.ru/formula/svg/ec/ec9e1089c4522b2158084fd31be4e733.svg",
            "/get_file?id=168547"
        ]
    },
    "answer": "",
    "topic_id": 17,
    "analog_ids": []
}