{
    "gia_type": "ege",
    "subject": "math",
    "id": 657470,
    "condition": {
        "text": "В выпуклом четырёхугольнике ABCD диагонали AC и BD пересекаются в точке O. Сумма площадей треугольников AOB и COD равна сумме площадей треугольников BOC и AOD, а площадь треугольника BOC вдвое больше, чем площадь треугольника АОВ. Медианы BK и BL, треугольников ABD и DBC пересекают отрезок AC в точках M и N, соответственно.а)  Докажите, что б)  Найти KL, если ",
        "html": "<div align=\"justify\" width=\"100%\" id=\"body288450\" class=\"pbody\"><p class=\"left_margin\">В вы­пук­лом четырёхуголь­ни­ке <i>ABCD</i> диа­го­на­ли <i>AC</i> и <i>BD</i> пе­ре­се­ка­ют­ся в точке <i>O</i>. Сумма пло­ща­дей тре­уголь­ни­ков <i>AOB</i> и <i>COD</i> равна сумме пло­ща­дей тре­уголь­ни­ков <i>BOC</i> и <i>AOD</i>, а пло­щадь тре­уголь­ни­ка <i>BOC</i> вдвое боль­ше, чем пло­щадь тре­уголь­ни­ка <i>АОВ</i>. Ме­ди­а­ны <i>BK</i> и <i>BL</i>, тре­уголь­ни­ков <i>ABD</i> и <i>DBC</i> пе­ре­се­ка­ют от­ре­зок <i>AC</i> в точ­ках <i>M</i> и <i>N</i>, со­от­вет­ствен­но.</p><p class=\"left_margin\">а)  До­ка­жи­те, что <img src=\"https://ege.sdamgia.ru/formula/svg/88/8883fe1bab8156b269a2d2b38f10e434.svg\" class=\"tex\" style=\"vertical-align:-1.8pt\" alt=\" BO = OD \"></p><p class=\"left_margin\">б)  Найти <i>KL</i>, если <img src=\"https://ege.sdamgia.ru/formula/svg/60/6027c0b57acbc2a22ef0d35439c2d9f1.svg\" class=\"tex\" style=\"vertical-align:-1.8pt\" alt=\" NC = 4.\"></p></div>",
        "image_urls": [
            "https://ege.sdamgia.ru/formula/svg/88/8883fe1bab8156b269a2d2b38f10e434.svg",
            "https://ege.sdamgia.ru/formula/svg/60/6027c0b57acbc2a22ef0d35439c2d9f1.svg"
        ]
    },
    "solution": {
        "text": "Решение. а)  Пусть      По условию  Кроме того, Пусть далее  и  значит, S1 и S3  — корни уравнения  Корнями этого же уравнения являются S2 и S4, откуда следует, что  или  Из условия  получаем  следовательно, отрезок AO является медианой треугольника ABD.б)  Из пункта а) следует, что отрезок AO  — медиана треугольника ABD, отрезок CO  — медиана треугольника BСD, откуда   Заметим, что  а тогдаоткуда получаем, что  Так как  и  то  откуда находим:  Ответ: б) ",
        "html": "<div align=\"justify\" width=\"100%\" id=\"sol657470\" class=\"solution\" style=\"clear:both;\" class=\"pbody\"><p class=\"left_margin\"></p><b>Ре­ше­ние<!--rule_info-->. </b><p class=\"left_margin\"><img src=\"/get_file?id=175113\" style=\"float:right;margin:10px;max-width:100%\">а)  Пусть </p><p></p><div class=\"flex-math\"><p><img src=\"https://ege.sdamgia.ru/formula/svg/b6/b67b5713c197a478a1b2f82381b6b2e4.svg\" class=\"tex\" style=\"vertical-align:-3.0pt\" alt=\"S_AOB = S_1,\"> </p><p><img src=\"https://ege.sdamgia.ru/formula/svg/08/08ddbef33ff380643c00c92118e17d58.svg\" class=\"tex\" style=\"vertical-align:-3.0pt\" alt=\"S_BOC = S_2,\"> </p><p><img src=\"https://ege.sdamgia.ru/formula/svg/fe/fe8d451ac2609e28b13808680487fd9d.svg\" class=\"tex\" style=\"vertical-align:-3.0pt\" alt=\"S_COD = S_3,\"> </p><p><img src=\"https://ege.sdamgia.ru/formula/svg/fb/fbc2f04fe7bef492cb0fbb6034126dba.svg\" class=\"tex\" style=\"vertical-align:-2.5pt\" alt=\"S_AOD = S_4.\"> </p><p></p></div><p> По усло­вию <img src=\"https://ege.sdamgia.ru/formula/svg/bc/bc7c67d198e961a84aa9690f1806cf66.svg\" class=\"tex\" style=\"vertical-align:-2.6pt\" alt=\"S_1 плюс S_3 = S_2 плюс S_4.\"> Кроме того, </p><p class=\"left_margin\"></p><center><p><span data-width=\"640\" data-formulahash=\"86d41fa92b29ecd9a1c211ce120604ca\" class=\"tex-span\" style=\"\"><img src=\"https://ege.sdamgia.ru/formula/svg/e4/e467e056947276d4dc9a42b89d2a4c0b.svg\" class=\"tex\" style=\"vertical-align:-8.4pt\" alt=\"S_1 умно­жить на S_3 = дробь: чис­ли­тель: 1, зна­ме­на­тель: 2 конец дроби умно­жить на AO умно­жить на BO умно­жить на синус \\angle AOB умно­жить на дробь: чис­ли­тель: 1, зна­ме­на­тель: 2 конец дроби умно­жить на CO умно­жить на DO умно­жить на синус \\angle COD= \"><br><img src=\"https://ege.sdamgia.ru/formula/svg/32/32b31fa84b664fa3dc968fc50361237c.svg\" class=\"tex\" style=\"vertical-align:-8.4pt\" alt=\"= дробь: чис­ли­тель: 1, зна­ме­на­тель: 2 конец дроби умно­жить на BO умно­жить на CO умно­жить на синус \\angle BOC умно­жить на дробь: чис­ли­тель: 1, зна­ме­на­тель: 2 конец дроби умно­жить на DO умно­жить на AO умно­жить на синус \\angle AOD = S_2 умно­жить на S_4. \"></span><span data-width=\"340\" data-formulahash=\"86d41fa92b29ecd9a1c211ce120604ca\" class=\"tex-span\" style=\"display:none\"><img src=\"https://ege.sdamgia.ru/formula/svg/76/7683dc2a356f4ae5358d0e23673ca7aa.svg\" class=\"tex\" style=\"vertical-align:-2.6pt\" alt=\"S_1 умно­жить на S_3 =\"><br><img src=\"https://ege.sdamgia.ru/formula/svg/dd/dda40551fc8828fb9560499ae9c72832.svg\" class=\"tex\" style=\"vertical-align:-8.4pt\" alt=\"= дробь: чис­ли­тель: 1, зна­ме­на­тель: 2 конец дроби умно­жить на AO умно­жить на BO умно­жить на синус \\angle AOB умно­жить на дробь: чис­ли­тель: 1, зна­ме­на­тель: 2 конец дроби умно­жить на CO умно­жить на DO умно­жить на синус \\angle COD= \"><br><img src=\"https://ege.sdamgia.ru/formula/svg/0a/0a5529bc92a47495c24469ca885008f3.svg\" class=\"tex\" style=\"vertical-align:-8.4pt\" alt=\"= дробь: чис­ли­тель: 1, зна­ме­на­тель: 2 конец дроби умно­жить на BO умно­жить на CO умно­жить на синус \\angle BOC умно­жить на дробь: чис­ли­тель: 1, зна­ме­на­тель: 2 конец дроби умно­жить на DO умно­жить на AO умно­жить на синус \\angle AOD = \"><br><img src=\"https://ege.sdamgia.ru/formula/svg/0e/0e970be934c2ee7e0e4320fcbcc53664.svg\" class=\"tex\" style=\"vertical-align:-2.5pt\" alt=\"= S_2 умно­жить на S_4.\"></span></p><p class=\"left_margin\"></p></center><p class=\"left_margin\">Пусть далее <img src=\"https://ege.sdamgia.ru/formula/svg/26/26a701cd5cbdffbf721bb76cfde6c8a2.svg\" class=\"tex\" style=\"vertical-align:-3.0pt\" alt=\"S_1 плюс S_3 = p\"> и <img src=\"https://ege.sdamgia.ru/formula/svg/66/66290828fa97bc6fad68760d04ff0e11.svg\" class=\"tex\" style=\"vertical-align:-3.2pt\" alt=\"S_1 умно­жить на S_3 = q,\"> зна­чит, <i>S</i><sub>1</sub> и <i>S</i><sub>3</sub>  — корни урав­не­ния <img src=\"https://ege.sdamgia.ru/formula/svg/e6/e61c5a45e0fc896209c9a9946e5c7d5a.svg\" class=\"tex\" style=\"vertical-align:-3.2pt\" alt=\"x в квад­ра­те минус px плюс q = 0.\"> Кор­ня­ми этого же урав­не­ния яв­ля­ют­ся <i>S</i><sub>2</sub> и <i>S</i><sub>4</sub>, от­ку­да сле­ду­ет, что <img src=\"https://ege.sdamgia.ru/formula/svg/e2/e294c0256fc3da451b106b17ab86c88f.svg\" class=\"tex\" style=\"vertical-align:-2.5pt\" alt=\"S_1 = S_2\"> или <img src=\"https://ege.sdamgia.ru/formula/svg/1c/1c2a9d995d8d8e0ec683f1c32ababad5.svg\" class=\"tex\" style=\"vertical-align:-2.5pt\" alt=\"S_1 = S_4.\"> Из усло­вия <img src=\"https://ege.sdamgia.ru/formula/svg/84/8468a660bea0ed2557735327d4c662fb.svg\" class=\"tex\" style=\"vertical-align:-8.4pt\" alt=\"S_1 = дробь: чис­ли­тель: 1, зна­ме­на­тель: 2 конец дроби умно­жить на S_2, \"> по­лу­ча­ем <img src=\"https://ege.sdamgia.ru/formula/svg/df/df4513b3a4a826fec2e76d65e437c1d3.svg\" class=\"tex\" style=\"vertical-align:-3.0pt\" alt=\"S_1 = S_4,\"> сле­до­ва­тель­но, от­ре­зок <i>AO</i> яв­ля­ет­ся ме­ди­а­ной тре­уголь­ни­ка <i>ABD</i>.</p><p class=\"left_margin\">б)  Из пунк­та а) сле­ду­ет, что от­ре­зок <i>AO</i>  — ме­ди­а­на тре­уголь­ни­ка <i>ABD</i>, от­ре­зок <i>CO</i>  — ме­ди­а­на тре­уголь­ни­ка <i>BСD</i>, от­ку­да </p><p class=\"left_margin\"></p><center><p><img src=\"https://ege.sdamgia.ru/formula/svg/07/07b91f660075f3335323f2d561f4b2f6.svg\" class=\"tex\" style=\"vertical-align:-1.8pt\" alt=\"AM : MO = CN : NO = 2 : 1.\"> </p><p class=\"left_margin\"></p></center><p> За­ме­тим, что <img src=\"https://ege.sdamgia.ru/formula/svg/db/db88e9ee1f7e7db55e986bdf1ed647e6.svg\" class=\"tex\" style=\"vertical-align:-10.0pt\" alt=\" дробь: чис­ли­тель: S_AOB, зна­ме­на­тель: S_BOC конец дроби = дробь: чис­ли­тель: 1, зна­ме­на­тель: 2 конец дроби = дробь: чис­ли­тель: AO, зна­ме­на­тель: OC конец дроби , \"> а тогда</p><p class=\"left_margin\"></p><center><p><img src=\"https://ege.sdamgia.ru/formula/svg/dd/dd0b892d9b03f547f950f20681511f86.svg\" class=\"tex\" style=\"vertical-align:-8.4pt\" alt=\" дробь: чис­ли­тель: AM, зна­ме­на­тель: NC конец дроби = дробь: чис­ли­тель: 2, зна­ме­на­тель: 3 конец дроби AO : дробь: чис­ли­тель: 2, зна­ме­на­тель: 3 конец дроби CO = дробь: чис­ли­тель: AO, зна­ме­на­тель: CO конец дроби = дробь: чис­ли­тель: 1, зна­ме­на­тель: 2 конец дроби , \"></p><p class=\"left_margin\"></p></center><p>от­ку­да по­лу­ча­ем, что <img src=\"https://ege.sdamgia.ru/formula/svg/c6/c640bcba747837cfe0514dad1b9b4c63.svg\" class=\"tex\" style=\"vertical-align:-1.8pt\" alt=\"AM = 2.\"> Так как <img src=\"https://ege.sdamgia.ru/formula/svg/1e/1ede6b2154b352f8879feeb77c4d2f60.svg\" class=\"tex\" style=\"vertical-align:-8.4pt\" alt=\"AO = дробь: чис­ли­тель: 3, зна­ме­на­тель: 2 конец дроби AM \"> и <img src=\"https://ege.sdamgia.ru/formula/svg/e6/e6a67beb2931ca78e36328c1517ddb97.svg\" class=\"tex\" style=\"vertical-align:-8.4pt\" alt=\"CO = дробь: чис­ли­тель: 3, зна­ме­на­тель: 2 конец дроби CN, \"> то </p><p class=\"left_margin\"></p><center><p><img src=\"https://ege.sdamgia.ru/formula/svg/8e/8edfc65a548da4800745b6257e353d87.svg\" class=\"tex\" style=\"vertical-align:-8.4pt\" alt=\"AC = дробь: чис­ли­тель: 3, зна­ме­на­тель: 2 конец дроби умно­жить на 2 плюс дробь: чис­ли­тель: 3, зна­ме­на­тель: 2 конец дроби умно­жить на 4 = 9, \"></p><p class=\"left_margin\"></p></center><p> от­ку­да на­хо­дим: <img src=\"https://ege.sdamgia.ru/formula/svg/aa/aa34d95a0aea4cbeffcf375c6456af0b.svg\" class=\"tex\" style=\"vertical-align:-8.4pt\" alt=\"KL = дробь: чис­ли­тель: 1, зна­ме­на­тель: 2 конец дроби AC = дробь: чис­ли­тель: 9, зна­ме­на­тель: 2 конец дроби . \"></p><p>&nbsp;</p><p><span style=\"letter-spacing: 2px;\">Ответ:</span> б) <img src=\"https://ege.sdamgia.ru/formula/svg/65/656e964a3e23415dd0bd5ad615a9e78d.svg\" class=\"tex\" style=\"vertical-align:-8.4pt\" alt=\" дробь: чис­ли­тель: 9, зна­ме­на­тель: 2 конец дроби . \"></p></div>",
        "image_urls": [
            "https://ege.sdamgia.ru/formula/svg/b6/b67b5713c197a478a1b2f82381b6b2e4.svg",
            "https://ege.sdamgia.ru/formula/svg/08/08ddbef33ff380643c00c92118e17d58.svg",
            "https://ege.sdamgia.ru/formula/svg/fe/fe8d451ac2609e28b13808680487fd9d.svg",
            "https://ege.sdamgia.ru/formula/svg/fb/fbc2f04fe7bef492cb0fbb6034126dba.svg",
            "https://ege.sdamgia.ru/formula/svg/bc/bc7c67d198e961a84aa9690f1806cf66.svg",
            "https://ege.sdamgia.ru/formula/svg/e4/e467e056947276d4dc9a42b89d2a4c0b.svg",
            "https://ege.sdamgia.ru/formula/svg/32/32b31fa84b664fa3dc968fc50361237c.svg",
            "https://ege.sdamgia.ru/formula/svg/76/7683dc2a356f4ae5358d0e23673ca7aa.svg",
            "https://ege.sdamgia.ru/formula/svg/dd/dda40551fc8828fb9560499ae9c72832.svg",
            "https://ege.sdamgia.ru/formula/svg/0a/0a5529bc92a47495c24469ca885008f3.svg",
            "https://ege.sdamgia.ru/formula/svg/0e/0e970be934c2ee7e0e4320fcbcc53664.svg",
            "https://ege.sdamgia.ru/formula/svg/26/26a701cd5cbdffbf721bb76cfde6c8a2.svg",
            "https://ege.sdamgia.ru/formula/svg/66/66290828fa97bc6fad68760d04ff0e11.svg",
            "https://ege.sdamgia.ru/formula/svg/e6/e61c5a45e0fc896209c9a9946e5c7d5a.svg",
            "https://ege.sdamgia.ru/formula/svg/e2/e294c0256fc3da451b106b17ab86c88f.svg",
            "https://ege.sdamgia.ru/formula/svg/1c/1c2a9d995d8d8e0ec683f1c32ababad5.svg",
            "https://ege.sdamgia.ru/formula/svg/84/8468a660bea0ed2557735327d4c662fb.svg",
            "https://ege.sdamgia.ru/formula/svg/df/df4513b3a4a826fec2e76d65e437c1d3.svg",
            "https://ege.sdamgia.ru/formula/svg/07/07b91f660075f3335323f2d561f4b2f6.svg",
            "https://ege.sdamgia.ru/formula/svg/db/db88e9ee1f7e7db55e986bdf1ed647e6.svg",
            "https://ege.sdamgia.ru/formula/svg/dd/dd0b892d9b03f547f950f20681511f86.svg",
            "https://ege.sdamgia.ru/formula/svg/c6/c640bcba747837cfe0514dad1b9b4c63.svg",
            "https://ege.sdamgia.ru/formula/svg/1e/1ede6b2154b352f8879feeb77c4d2f60.svg",
            "https://ege.sdamgia.ru/formula/svg/e6/e6a67beb2931ca78e36328c1517ddb97.svg",
            "https://ege.sdamgia.ru/formula/svg/8e/8edfc65a548da4800745b6257e353d87.svg",
            "https://ege.sdamgia.ru/formula/svg/aa/aa34d95a0aea4cbeffcf375c6456af0b.svg",
            "https://ege.sdamgia.ru/formula/svg/65/656e964a3e23415dd0bd5ad615a9e78d.svg",
            "/get_file?id=175113"
        ]
    },
    "answer": "б)",
    "topic_id": 17,
    "analog_ids": []
}