{
    "gia_type": "ege",
    "subject": "math",
    "id": 660401,
    "condition": {
        "text": "Точка F лежит на продолжении стороны BC параллелограмма ABCD за точку C. Отрезок AF пересекает диагональ BD в точке E и сторону CD в точке G. Известно, что отрезок AE на 1 длиннее отрезка EG, а отрезок GF равен 3.а)  Докажите, что G  — середина CD.б)  Какую часть площади параллелограмма ABCD составляет площадь треугольника ADE?",
        "html": "<div align=\"justify\" width=\"100%\" id=\"body294221\" class=\"pbody\"><p class=\"left_margin\">Точка <i>F</i> лежит на про­дол­же­нии сто­ро­ны <i>BC</i> па­рал­ле­ло­грам­ма <i>ABCD</i> за точку <i>C</i>. От­ре­зок <i>AF</i> пе­ре­се­ка­ет диа­го­наль <i>BD</i> в точке <i>E</i> и сто­ро­ну <i>CD</i> в точке <i>G</i>. Из­вест­но, что от­ре­зок <i>AE</i> на 1 длин­нее от­рез­ка <i>EG</i>, а от­ре­зок <i>GF</i> равен 3.</p><p class=\"left_margin\">а)  До­ка­жи­те, что <i>G</i>  — се­ре­ди­на <i>CD</i>.</p><p class=\"left_margin\">б)  Какую часть пло­ща­ди па­рал­ле­ло­грам­ма <i>ABCD</i> со­став­ля­ет пло­щадь тре­уголь­ни­ка <i>ADE</i>?</p></div>",
        "image_urls": []
    },
    "solution": {
        "text": "Решение. а)  Пусть   и  Из подобия треугольников BEF и DEA получаем: Из подобия треугольников CFG и DAG следует, чтоЗаметим, что  значит,  Следовательно, б)  Из подобия треугольников ADE и FBE получаем, что  Но из пункта а) следует, что CF  =  ⁠AD, поэтому  значит,  Тогда треугольники  поскольку треугольник ABD равен треугольнику BCD. Таким образом,Ответ: б)  ",
        "html": "<div align=\"justify\" width=\"100%\" id=\"sol660401\" class=\"solution\" style=\"clear:both;\" class=\"pbody\"><p class=\"left_margin\"></p><b>Ре­ше­ние<!--rule_info-->. </b><p class=\"left_margin\"><img src=\"/get_file?id=179277\" style=\"float:right;margin:10px;max-width:100%\">а)  Пусть <img src=\"https://ege.sdamgia.ru/formula/svg/bd/bd33b10bc5e5089df1f1d51ac82f27a4.svg\" class=\"tex\" style=\"vertical-align:-1.8pt\" alt=\"AE = x плюс 1\">  и <img src=\"https://ege.sdamgia.ru/formula/svg/54/54c85e3cd70ce3a43862d0883a9355da.svg\" class=\"tex\" style=\"vertical-align:-1.8pt\" alt=\"EG = x.\"> Из по­до­бия тре­уголь­ни­ков <i>BEF</i> и <i>DEA</i> по­лу­ча­ем:</p><p class=\"left_margin\"></p><center><p><img src=\"https://ege.sdamgia.ru/formula/svg/b5/b512e65e1e2da87d7ba4c85eda28716e.svg\" class=\"tex\" style=\"vertical-align:-9.3pt\" alt=\" дробь: чис­ли­тель: BF, зна­ме­на­тель: AD конец дроби = дробь: чис­ли­тель: EF, зна­ме­на­тель: AE конец дроби = дробь: чис­ли­тель: x плюс 3, зна­ме­на­тель: x плюс 1 конец дроби . \"></p><p class=\"left_margin\"></p></center><p> Из по­до­бия тре­уголь­ни­ков <i>CFG</i> и <i>DAG</i> сле­ду­ет, что</p><p class=\"left_margin\"></p><center><p><img src=\"https://ege.sdamgia.ru/formula/svg/5f/5feaab2fa623c7b0a5b51ec6f5676326.svg\" class=\"tex\" style=\"vertical-align:-9.2pt\" alt=\" дробь: чис­ли­тель: CF, зна­ме­на­тель: AD конец дроби = дробь: чис­ли­тель: GF, зна­ме­на­тель: AG конец дроби = дробь: чис­ли­тель: 3, зна­ме­на­тель: 2x плюс 1 конец дроби . \"></p><p class=\"left_margin\"></p></center><p class=\"left_margin\">За­ме­тим, что <img src=\"https://ege.sdamgia.ru/formula/svg/ab/ab83db08fe804ef24b6e757f818db908.svg\" class=\"tex\" style=\"vertical-align:-8.3pt\" alt=\" дробь: чис­ли­тель: BF, зна­ме­на­тель: AD конец дроби минус дробь: чис­ли­тель: CF, зна­ме­на­тель: AD конец дроби = дробь: чис­ли­тель: BC, зна­ме­на­тель: AD конец дроби = 1, \"> зна­чит, </p><p class=\"left_margin\"></p><center><p><span data-width=\"640\" data-formulahash=\"3c993259d285d6275233d5a38b4cd026\" class=\"tex-span\" style=\"\"><img src=\"https://ege.sdamgia.ru/formula/svg/b8/b893d3b68ea27b983ffd6116d247831c.svg\" class=\"tex\" style=\"vertical-align:-9.2pt\" alt=\" дробь: чис­ли­тель: x плюс 3, зна­ме­на­тель: x плюс 1 конец дроби минус дробь: чис­ли­тель: 3, зна­ме­на­тель: 2 x плюс 1 конец дроби = 1 рав­но­силь­но левая круг­лая скоб­ка x плюс 3 пра­вая круг­лая скоб­ка левая круг­лая скоб­ка 2x плюс 1 пра­вая круг­лая скоб­ка минус 3 левая круг­лая скоб­ка x плюс 1 пра­вая круг­лая скоб­ка = левая круг­лая скоб­ка x плюс 1 пра­вая круг­лая скоб­ка левая круг­лая скоб­ка 2 x плюс 1 пра­вая круг­лая скоб­ка рав­но­силь­но \"><br><img src=\"https://ege.sdamgia.ru/formula/svg/67/679aaf68e301a3cc69589668d09d4470.svg\" class=\"tex\" style=\"vertical-align:-1.8pt\" alt=\" рав­но­силь­но 2 x в квад­ра­те плюс 4 x = 2 x в квад­ра­те плюс 3 x плюс 1 рав­но­силь­но x =1. \"></span><span data-width=\"415\" data-formulahash=\"3c993259d285d6275233d5a38b4cd026\" class=\"tex-span\" style=\"display:none\"><img src=\"https://ege.sdamgia.ru/formula/svg/04/0401744e1210feb7467fcf6f9afe2087.svg\" class=\"tex\" style=\"vertical-align:-9.3pt\" alt=\" дробь: чис­ли­тель: x плюс 3, зна­ме­на­тель: x плюс 1 конец дроби минус дробь: чис­ли­тель: 3, зна­ме­на­тель: 2 x плюс 1 конец дроби = 1 рав­но­силь­но \"><br><img src=\"https://ege.sdamgia.ru/formula/svg/6f/6fc8462dc58533569fccd5231f378207.svg\" class=\"tex\" style=\"vertical-align:-3.6pt\" alt=\" рав­но­силь­но левая круг­лая скоб­ка x плюс 3 пра­вая круг­лая скоб­ка левая круг­лая скоб­ка 2x плюс 1 пра­вая круг­лая скоб­ка минус 3 левая круг­лая скоб­ка x плюс 1 пра­вая круг­лая скоб­ка = левая круг­лая скоб­ка x плюс 1 пра­вая круг­лая скоб­ка левая круг­лая скоб­ка 2 x плюс 1 пра­вая круг­лая скоб­ка рав­но­силь­но \"><br><img src=\"https://ege.sdamgia.ru/formula/svg/67/679aaf68e301a3cc69589668d09d4470.svg\" class=\"tex\" style=\"vertical-align:-1.8pt\" alt=\" рав­но­силь­но 2 x в квад­ра­те плюс 4 x = 2 x в квад­ра­те плюс 3 x плюс 1 рав­но­силь­но x =1. \"></span></p><p class=\"left_margin\"></p></center><p> Сле­до­ва­тель­но, <img src=\"https://ege.sdamgia.ru/formula/svg/0d/0d509373b4f447bce4ffa209472f4321.svg\" class=\"tex\" style=\"vertical-align:-8.4pt\" alt=\" дробь: чис­ли­тель: CG, зна­ме­на­тель: GD конец дроби = дробь: чис­ли­тель: GF, зна­ме­на­тель: AG конец дроби = дробь: чис­ли­тель: 3, зна­ме­на­тель: 3 конец дроби = 1. \"></p><p class=\"left_margin\">б)  Из по­до­бия тре­уголь­ни­ков <i>ADE</i> и <i>FBE</i> по­лу­ча­ем, что <img src=\"https://ege.sdamgia.ru/formula/svg/84/8445e998087b6a7c09045e80f588df79.svg\" class=\"tex\" style=\"vertical-align:-1.8pt\" alt=\"BE : ED = BF : AD.\"> Но из пунк­та а) сле­ду­ет, что <i>CF</i>  =  ⁠<i>AD</i>, по­это­му <img src=\"https://ege.sdamgia.ru/formula/svg/8f/8f2f057fe9732a5240a9abb00163847a.svg\" class=\"tex\" style=\"vertical-align:-3.0pt\" alt=\"BF : AD = 2 : 1,\"> зна­чит, <img src=\"https://ege.sdamgia.ru/formula/svg/65/654ecef97d396535845b4f760604b190.svg\" class=\"tex\" style=\"vertical-align:-2.5pt\" alt=\"S_AED : S_ABE = 2 : 1.\"> Тогда тре­уголь­ни­ки <img src=\"https://ege.sdamgia.ru/formula/svg/2d/2da5eac1cfdd7a78d80d49fd90ab6732.svg\" class=\"tex\" style=\"vertical-align:-3.0pt\" alt=\"S_ABD = S_BCD,\"> по­сколь­ку тре­уголь­ник <i>ABD</i> равен тре­уголь­ни­ку <i>BCD</i>. Таким об­ра­зом,</p><p class=\"left_margin\"></p><center><p><img src=\"https://ege.sdamgia.ru/formula/svg/23/233543a779bbb60191b7b20710c0b37b.svg\" class=\"tex\" style=\"vertical-align:-10.1pt\" alt=\" дробь: чис­ли­тель: S_AED, зна­ме­на­тель: S_ABCD конец дроби = дробь: чис­ли­тель: дробь: чис­ли­тель: 1, зна­ме­на­тель: 3 конец дроби S_ABD, зна­ме­на­тель: 2 S_ABD конец дроби = дробь: чис­ли­тель: 1, зна­ме­на­тель: 6 конец дроби . \"></p><p class=\"left_margin\"></p></center><p><span style=\"letter-spacing: 2px;\">Ответ:</span> б)  <img src=\"https://ege.sdamgia.ru/formula/svg/c3/c3504176e94028988d4a5b54fa3f4023.svg\" class=\"tex\" style=\"vertical-align:-8.5pt\" alt=\" дробь: чис­ли­тель: 1, зна­ме­на­тель: 6 конец дроби .\"></p></div>",
        "image_urls": [
            "https://ege.sdamgia.ru/formula/svg/bd/bd33b10bc5e5089df1f1d51ac82f27a4.svg",
            "https://ege.sdamgia.ru/formula/svg/54/54c85e3cd70ce3a43862d0883a9355da.svg",
            "https://ege.sdamgia.ru/formula/svg/b5/b512e65e1e2da87d7ba4c85eda28716e.svg",
            "https://ege.sdamgia.ru/formula/svg/5f/5feaab2fa623c7b0a5b51ec6f5676326.svg",
            "https://ege.sdamgia.ru/formula/svg/ab/ab83db08fe804ef24b6e757f818db908.svg",
            "https://ege.sdamgia.ru/formula/svg/b8/b893d3b68ea27b983ffd6116d247831c.svg",
            "https://ege.sdamgia.ru/formula/svg/67/679aaf68e301a3cc69589668d09d4470.svg",
            "https://ege.sdamgia.ru/formula/svg/04/0401744e1210feb7467fcf6f9afe2087.svg",
            "https://ege.sdamgia.ru/formula/svg/6f/6fc8462dc58533569fccd5231f378207.svg",
            "https://ege.sdamgia.ru/formula/svg/67/679aaf68e301a3cc69589668d09d4470.svg",
            "https://ege.sdamgia.ru/formula/svg/0d/0d509373b4f447bce4ffa209472f4321.svg",
            "https://ege.sdamgia.ru/formula/svg/84/8445e998087b6a7c09045e80f588df79.svg",
            "https://ege.sdamgia.ru/formula/svg/8f/8f2f057fe9732a5240a9abb00163847a.svg",
            "https://ege.sdamgia.ru/formula/svg/65/654ecef97d396535845b4f760604b190.svg",
            "https://ege.sdamgia.ru/formula/svg/2d/2da5eac1cfdd7a78d80d49fd90ab6732.svg",
            "https://ege.sdamgia.ru/formula/svg/23/233543a779bbb60191b7b20710c0b37b.svg",
            "https://ege.sdamgia.ru/formula/svg/c3/c3504176e94028988d4a5b54fa3f4023.svg",
            "/get_file?id=179277"
        ]
    },
    "answer": "б)",
    "topic_id": 17,
    "analog_ids": []
}