{
    "gia_type": "ege",
    "subject": "math",
    "id": 661791,
    "condition": {
        "text": "На сторонах BC и CD квадрата ABCD отмечены точки E и K соответственно. Известно, что AE  =  3, EK  =  2, а)  Докажите, что б)  Найдите площадь четырехугольника ABCK.",
        "html": "<div align=\"justify\" width=\"100%\" id=\"body292835\" class=\"pbody\"><p class=\"left_margin\">На сто­ро­нах <i>BC</i> и <i>CD</i> квад­ра­та <i>ABCD</i> от­ме­че­ны точки <i>E</i> и <i>K</i> со­от­вет­ствен­но. Из­вест­но, что <i>AE</i>  =  3, <i>EK</i>  =  2, <img src=\"https://ege.sdamgia.ru/formula/svg/fe/feaef5f150fcb75dfc6eaf7d230f7a50.svg\" class=\"tex\" style=\"vertical-align:-1.8pt\" alt=\"AK = ко­рень из: на­ча­ло ар­гу­мен­та: 13 конец ар­гу­мен­та .\"></p><p class=\"left_margin\">а)  До­ка­жи­те, что <img src=\"https://ege.sdamgia.ru/formula/svg/74/7437c4f4d46a9d27e22f9e7833ed2fb3.svg\" class=\"tex\" style=\"vertical-align:-8.5pt\" alt=\"CK = дробь: чис­ли­тель: 2, зна­ме­на­тель: 3 конец дроби BE.\"></p><p class=\"left_margin\">б)  Най­ди­те пло­щадь че­ты­рех­уголь­ни­ка <i>ABCK</i>.</p></div>",
        "image_urls": [
            "https://ege.sdamgia.ru/formula/svg/fe/feaef5f150fcb75dfc6eaf7d230f7a50.svg",
            "https://ege.sdamgia.ru/formula/svg/74/7437c4f4d46a9d27e22f9e7833ed2fb3.svg"
        ]
    },
    "solution": {
        "text": "Решение. Заметим сначала, что  значит,  по обратной теореме Пифагора. Тогда  Следовательно, треугольники ABE и ECK подобны по двум углам. Из подобия имеем:б)  Коэффициент подобия треугольников ABE и ECK равен  Пусть AB  =  3x, BE  =  3y, EC  =  2x, CK  =  2y. Из равенства сторон квадрата получаем: Из прямоугольного треугольника ABE по теореме Пифагора находим:Так как ABCK  — прямоугольная трапеция, еe площадь равнаОтвет: б)  4,95.",
        "html": "<div align=\"justify\" width=\"100%\" id=\"sol661791\" class=\"solution\" style=\"clear:both;\" class=\"pbody\"><p class=\"left_margin\"></p><b>Ре­ше­ние<!--rule_info-->. </b><p class=\"left_margin\"><img src=\"/get_file?id=182167\" style=\"float:right;margin:10px;max-width:100%\">За­ме­тим сна­ча­ла, что <img src=\"https://ege.sdamgia.ru/formula/svg/4a/4aa78d944bc303c10ff53a5f2cd31a81.svg\" class=\"tex\" style=\"vertical-align:-3.0pt\" alt=\" AE в квад­ра­те плюс EK в квад­ра­те =9 плюс 4=13=AK в квад­ра­те ,\"> зна­чит, <img src=\"https://ege.sdamgia.ru/formula/svg/39/39e60142b42296d9bb5e1f310fdc1273.svg\" class=\"tex\" style=\"vertical-align:-1.8pt\" alt=\" \\angle AEK=90 гра­ду­сов \"> по об­рат­ной тео­ре­ме Пи­фа­го­ра. Тогда <img src=\"https://ege.sdamgia.ru/formula/svg/91/915b7c1ca20ba7b03588ffecb3cf9de8.svg\" class=\"tex\" style=\"vertical-align:-1.8pt\" alt=\" \\angle BEA=90 гра­ду­сов минус \\angle CEK=\\angle CKE. \"> Сле­до­ва­тель­но, тре­уголь­ни­ки <i>ABE</i> и <i>ECK</i> по­доб­ны по двум углам. Из по­до­бия имеем:</p><p class=\"left_margin\"></p><center><p><img src=\"https://ege.sdamgia.ru/formula/svg/46/46278620607ac0c320a6a79d9902c81a.svg\" class=\"tex\" style=\"vertical-align:-8.4pt\" alt=\" дробь: чис­ли­тель: BE, зна­ме­на­тель: CK конец дроби = дробь: чис­ли­тель: AE, зна­ме­на­тель: EK конец дроби = дробь: чис­ли­тель: 3, зна­ме­на­тель: 2 конец дроби рав­но­силь­но CK= дробь: чис­ли­тель: 2, зна­ме­на­тель: 3 конец дроби BE. \"></p><p class=\"left_margin\"></p></center><p class=\"left_margin\">б)  Ко­эф­фи­ци­ент по­до­бия тре­уголь­ни­ков <i>ABE</i> и <i>ECK</i> <nobr>равен <img src=\"https://ege.sdamgia.ru/formula/svg/66/6697f0535fbc456df877d9245ad150c7.svg\" class=\"tex\" style=\"vertical-align:-8.4pt\" alt=\" дробь: чис­ли­тель: 3, зна­ме­на­тель: 2 конец дроби .\"></nobr> Пусть <i>AB</i>  =  3<i>x</i>, <i>BE</i>  =  3<i>y</i>, <i>EC</i>  =  2<i>x</i>, <i>CK</i>  =  2<i>y</i>. Из ра­вен­ства сто­рон квад­ра­та по­лу­ча­ем:</p><p class=\"left_margin\"></p><center><p><img src=\"https://ege.sdamgia.ru/formula/svg/69/699cb2106775059e04b0dae54ea9efb0.svg\" class=\"tex\" style=\"vertical-align:-3.0pt\" alt=\" 3x=3y плюс 2x рав­но­силь­но x=3y.\"></p><p class=\"left_margin\"></p></center><p> Из пря­мо­уголь­но­го тре­уголь­ни­ка <i>ABE</i> по тео­ре­ме Пи­фа­го­ра на­хо­дим:</p><p class=\"left_margin\"></p><center><p><img src=\"https://ege.sdamgia.ru/formula/svg/c7/c79e488604034e599706de1d6f38f325.svg\" class=\"tex\" style=\"vertical-align:-8.5pt\" alt=\" левая круг­лая скоб­ка 3x пра­вая круг­лая скоб­ка в квад­ра­те плюс x в квад­ра­те =3 в квад­ра­те рав­но­силь­но x в квад­ра­те = дробь: чис­ли­тель: 9, зна­ме­на­тель: 10 конец дроби . \"></p><p class=\"left_margin\"></p></center><p class=\"left_margin\">Так как <i>ABCK</i>  — пря­мо­уголь­ная тра­пе­ция, еe пло­щадь равна</p><p class=\"left_margin\"></p><center><p><img src=\"https://ege.sdamgia.ru/formula/svg/21/21dcb1e02a201cd8ea0ee1f13a9d1a62.svg\" class=\"tex\" style=\"vertical-align:-8.5pt\" alt=\" S= дробь: чис­ли­тель: AB плюс CK, зна­ме­на­тель: 2 конец дроби умно­жить на BC= дробь: чис­ли­тель: 3x плюс дробь: чис­ли­тель: 2, зна­ме­на­тель: 3 конец дроби x, зна­ме­на­тель: 2 конец дроби умно­жить на 3x= дробь: чис­ли­тель: 11, зна­ме­на­тель: 2 конец дроби x в квад­ра­те = дробь: чис­ли­тель: 99, зна­ме­на­тель: 20 конец дроби =4,95. \"></p><p class=\"left_margin\"></p></center><p><span style=\"letter-spacing: 2px;\">Ответ:</span> б)  4,95.</p></div>",
        "image_urls": [
            "https://ege.sdamgia.ru/formula/svg/4a/4aa78d944bc303c10ff53a5f2cd31a81.svg",
            "https://ege.sdamgia.ru/formula/svg/39/39e60142b42296d9bb5e1f310fdc1273.svg",
            "https://ege.sdamgia.ru/formula/svg/91/915b7c1ca20ba7b03588ffecb3cf9de8.svg",
            "https://ege.sdamgia.ru/formula/svg/46/46278620607ac0c320a6a79d9902c81a.svg",
            "https://ege.sdamgia.ru/formula/svg/66/6697f0535fbc456df877d9245ad150c7.svg",
            "https://ege.sdamgia.ru/formula/svg/69/699cb2106775059e04b0dae54ea9efb0.svg",
            "https://ege.sdamgia.ru/formula/svg/c7/c79e488604034e599706de1d6f38f325.svg",
            "https://ege.sdamgia.ru/formula/svg/21/21dcb1e02a201cd8ea0ee1f13a9d1a62.svg",
            "/get_file?id=182167"
        ]
    },
    "answer": "б)  4,95.",
    "topic_id": 17,
    "analog_ids": [
        661791,
        661798
    ]
}