{
    "gia_type": "ege",
    "subject": "math",
    "id": 661829,
    "condition": {
        "text": "На сторонах квадрата BC и CD отмечены точки K и E соответственно. Известно, что AK  =  3, KE  =  2, а)  Докажите, что б)  Найдите площадь квадрата ABCD.",
        "html": "<div align=\"justify\" width=\"100%\" id=\"body292793\" class=\"pbody\"><p class=\"left_margin\">На сто­ро­нах квад­ра­та <i>BC</i> и <i>CD</i> от­ме­че­ны точки <i>K</i> и <i>E</i> со­от­вет­ствен­но. Из­вест­но, что <i>AK</i>  =  3, <i>KE</i>  =  2, <img src=\"https://ege.sdamgia.ru/formula/svg/7e/7e31b6645edaab8ed70eaf4cf2f3d89c.svg\" class=\"tex\" style=\"vertical-align:-1.8pt\" alt=\" AE= ко­рень из: на­ча­ло ар­гу­мен­та: 13 конец ар­гу­мен­та .\"></p><p class=\"left_margin\">а)  До­ка­жи­те, что <img src=\"https://ege.sdamgia.ru/formula/svg/0d/0decdb676ff385ef70368d78467fb84c.svg\" class=\"tex\" style=\"vertical-align:-1.8pt\" alt=\" \\angle BAK=\\angle EKC.\"></p><p class=\"left_margin\">б)  Най­ди­те пло­щадь квад­ра­та <i>ABCD</i>.</p></div>",
        "image_urls": [
            "https://ege.sdamgia.ru/formula/svg/7e/7e31b6645edaab8ed70eaf4cf2f3d89c.svg",
            "https://ege.sdamgia.ru/formula/svg/0d/0decdb676ff385ef70368d78467fb84c.svg"
        ]
    },
    "solution": {
        "text": "Решение. В треугольнике AKE выполнено соотношение  так как 13  =  9 + 4. Значит, треугольник AKE  — прямоугольный с прямым углом  по теореме, обратной теореме Пифагора. Из рисунка видно, что угол  является внешним для прямоугольного треугольника ABK  по определению квадрата), следовательно, он равен сумме двух несмежных с ним углов:б)  Из пункта а) следует, что треугольники ABK и KCE подобны по двум углам, причемПусть AB  =  3x, BK  =  3y, KC  =  2x, CE  =  2y. Из равенства сторон квадрата AB и BC:  откуда x  =  3y. По теореме Пифагора для треугольника ABK получаем: Вычислим площадь квадрата:Ответ: б)  8,1.",
        "html": "<div align=\"justify\" width=\"100%\" id=\"sol661829\" class=\"solution\" style=\"clear:both;\" class=\"pbody\"><p class=\"left_margin\"></p><b>Ре­ше­ние<!--rule_info-->. </b><p class=\"left_margin\"><img src=\"/get_file?id=182165\" style=\"float:right;margin:10px;max-width:100%\"></p><p class=\"left_margin\">В тре­уголь­ни­ке <i>AKE</i> вы­пол­не­но со­от­но­ше­ние <img src=\"https://ege.sdamgia.ru/formula/svg/9b/9b7fc5a6f50abd13994e6be55e0f715e.svg\" class=\"tex\" style=\"vertical-align:-3.0pt\" alt=\" AE в квад­ра­те =AK в квад­ра­те плюс KE в квад­ра­те ,\"> так как 13  =  9 + 4. Зна­чит, тре­уголь­ник <i>AKE</i>  — пря­мо­уголь­ный с пря­мым углом <img src=\"https://ege.sdamgia.ru/formula/svg/2e/2e13bcb1f4ab9903d93229097c6d4b06.svg\" class=\"tex\" style=\"vertical-align:-1.8pt\" alt=\" \\angle AKE\"> по тео­ре­ме, об­рат­ной тео­ре­ме Пи­фа­го­ра. Из ри­сун­ка видно, что угол <img src=\"https://ege.sdamgia.ru/formula/svg/40/403b6d05e9d120cec99ece49392e5c0a.svg\" class=\"tex\" style=\"vertical-align:-1.8pt\" alt=\" \\angle AKC\"> яв­ля­ет­ся внеш­ним для пря­мо­уголь­но­го тре­уголь­ни­ка <i>ABK</i> <img src=\"https://ege.sdamgia.ru/formula/svg/5f/5fd7211710af2bc17e75a9be0a3e0930.svg\" class=\"tex\" style=\"vertical-align:-3.6pt\" alt=\" левая круг­лая скоб­ка \\angle B=90 гра­ду­сов\"> по опре­де­ле­нию квад­ра­та), сле­до­ва­тель­но, он равен сумме двух не­смеж­ных с ним углов:</p><p class=\"left_margin\"></p><center><p><span data-width=\"640\" data-formulahash=\"1254e40fed04d52fe2b1378c6d9b6eef\" class=\"tex-span\" style=\"\"><img src=\"https://ege.sdamgia.ru/formula/svg/12/1254e40fed04d52fe2b1378c6d9b6eef.svg\" class=\"tex\" style=\"vertical-align:-1.7pt\" alt=\" \\angle AKC= \\angle ABK плюс \\angle BAK рав­но­силь­но 90 гра­ду­сов плюс \\angle EKC= 90 гра­ду­сов плюс \\angle BAK рав­но­силь­но \\angle EKC= \\angle BAK.\"></span><span data-width=\"490\" data-formulahash=\"1254e40fed04d52fe2b1378c6d9b6eef\" class=\"tex-span\" style=\"display:none\"><img src=\"https://ege.sdamgia.ru/formula/svg/5d/5d557007bdbdb8965fb7fd4dbcbc5255.svg\" class=\"tex\" style=\"vertical-align:-1.8pt\" alt=\" \\angle AKC= \\angle ABK плюс \\angle BAK рав­но­силь­но \"><br><img src=\"https://ege.sdamgia.ru/formula/svg/ea/eab0041fe0c0d7916f19afe0c2f34b1b.svg\" class=\"tex\" style=\"vertical-align:-1.8pt\" alt=\" рав­но­силь­но 90 гра­ду­сов плюс \\angle EKC= 90 гра­ду­сов плюс \\angle BAK рав­но­силь­но \\angle EKC= \\angle BAK.\"></span></p><p class=\"left_margin\"></p></center><p class=\"left_margin\">б)  Из пунк­та а) сле­ду­ет, что тре­уголь­ни­ки <i>ABK</i> и <i>KCE</i> по­доб­ны по двум углам, при­чем</p><p class=\"left_margin\"></p><center><p><img src=\"https://ege.sdamgia.ru/formula/svg/ac/acb3e8dc2edca71a04c93a6ddf1d5149.svg\" class=\"tex\" style=\"vertical-align:-8.4pt\" alt=\" дробь: чис­ли­тель: BK, зна­ме­на­тель: CE конец дроби = дробь: чис­ли­тель: AB, зна­ме­на­тель: KC конец дроби = дробь: чис­ли­тель: AK, зна­ме­на­тель: KE конец дроби = дробь: чис­ли­тель: 3, зна­ме­на­тель: 2 конец дроби . \"></p><p class=\"left_margin\"></p></center><p class=\"left_margin\">Пусть <i>AB</i>  =  3<i>x</i>, <i>BK</i>  =  3<i>y</i>, <i>KC</i>  =  2<i>x</i>, <i>CE</i>  =  2<i>y</i>. Из ра­вен­ства сто­рон квад­ра­та <i>AB</i> и <i>BC</i>: <img src=\"https://ege.sdamgia.ru/formula/svg/01/01376ab3f05124b09fb659e3a47d66ac.svg\" class=\"tex\" style=\"vertical-align:-3.0pt\" alt=\" 3x=3y плюс 2x,\"> от­ку­да <i>x</i>  =  3<i>y</i>. По тео­ре­ме Пи­фа­го­ра для тре­уголь­ни­ка <i>ABK</i> по­лу­ча­ем:</p><p class=\"left_margin\"></p><center><p><img src=\"https://ege.sdamgia.ru/formula/svg/0d/0dbe62619f9117f5dadf4b4a8ae12efb.svg\" class=\"tex\" style=\"vertical-align:-8.5pt\" alt=\" левая круг­лая скоб­ка 3x пра­вая круг­лая скоб­ка в квад­ра­те плюс x в квад­ра­те =9 рав­но­силь­но x в квад­ра­те = дробь: чис­ли­тель: 9, зна­ме­на­тель: 10 конец дроби . \"></p><p class=\"left_margin\"></p></center><p> Вы­чис­лим пло­щадь квад­ра­та:</p><p class=\"left_margin\"></p><center><p><img src=\"https://ege.sdamgia.ru/formula/svg/b9/b9510048ed36a4f4bb3cd09c6071ffb1.svg\" class=\"tex\" style=\"vertical-align:-8.5pt\" alt=\" S_ABCD=AB в квад­ра­те = левая круг­лая скоб­ка 3x пра­вая круг­лая скоб­ка в квад­ра­те =9x в квад­ра­те =9 умно­жить на дробь: чис­ли­тель: 9, зна­ме­на­тель: 10 конец дроби =8,1. \"></p><p class=\"left_margin\"></p></center><p><span style=\"letter-spacing: 2px;\">Ответ:</span> б)  8,1.</p></div>",
        "image_urls": [
            "https://ege.sdamgia.ru/formula/svg/9b/9b7fc5a6f50abd13994e6be55e0f715e.svg",
            "https://ege.sdamgia.ru/formula/svg/2e/2e13bcb1f4ab9903d93229097c6d4b06.svg",
            "https://ege.sdamgia.ru/formula/svg/40/403b6d05e9d120cec99ece49392e5c0a.svg",
            "https://ege.sdamgia.ru/formula/svg/5f/5fd7211710af2bc17e75a9be0a3e0930.svg",
            "https://ege.sdamgia.ru/formula/svg/12/1254e40fed04d52fe2b1378c6d9b6eef.svg",
            "https://ege.sdamgia.ru/formula/svg/5d/5d557007bdbdb8965fb7fd4dbcbc5255.svg",
            "https://ege.sdamgia.ru/formula/svg/ea/eab0041fe0c0d7916f19afe0c2f34b1b.svg",
            "https://ege.sdamgia.ru/formula/svg/ac/acb3e8dc2edca71a04c93a6ddf1d5149.svg",
            "https://ege.sdamgia.ru/formula/svg/01/01376ab3f05124b09fb659e3a47d66ac.svg",
            "https://ege.sdamgia.ru/formula/svg/0d/0dbe62619f9117f5dadf4b4a8ae12efb.svg",
            "https://ege.sdamgia.ru/formula/svg/b9/b9510048ed36a4f4bb3cd09c6071ffb1.svg",
            "/get_file?id=182165"
        ]
    },
    "answer": "б)  8,1.",
    "topic_id": 17,
    "analog_ids": []
}