{
    "gia_type": "ege",
    "subject": "math",
    "id": 670048,
    "condition": {
        "text": "Биссектриса AM острого угла A равнобедренной трапеции ABCD делит боковую сторону CD  пополам. Отрезок DN перпендикулярен отрезку AM и делит сторону AB в отношении AN : NB  =  5 : 1.а)  Докажите, что прямые BM и DN параллельны.б)  Найдите длину отрезка MN, если площадь трапеции ABCD равна ",
        "html": "<div align=\"justify\" width=\"100%\" id=\"body284572\" class=\"pbody\"><p class=\"left_margin\">Бис­сек­три­са <i>AM</i> остро­го угла <i>A</i> рав­но­бед­рен­ной тра­пе­ции <i>ABCD</i> делит бо­ко­вую сто­ро­ну <i>CD</i> <img src=\"https://ege.sdamgia.ru/formula/svg/0e/0e18edd0be7663d09d1c76de3a3a88ec.svg\" class=\"tex\" style=\"vertical-align:-3.6pt\" alt=\" левая круг­лая скоб­ка M при­над­ле­жит CD пра­вая круг­лая скоб­ка \"> по­по­лам. От­ре­зок <i>DN</i> пер­пен­ди­ку­ля­рен от­рез­ку <i>AM</i> и делит сто­ро­ну <i>AB</i> в от­но­ше­нии <i>AN</i> : <i>NB</i>  =  5 : 1.</p><p class=\"left_margin\">а)  До­ка­жи­те, что пря­мые <i>BM</i> и <i>DN</i> па­рал­лель­ны.</p><p class=\"left_margin\">б)  Най­ди­те длину от­рез­ка <i>MN</i>, если пло­щадь тра­пе­ции <i>ABCD</i> равна <img src=\"https://ege.sdamgia.ru/formula/svg/04/045eed1864989b65137b06f83995f16e.svg\" class=\"tex\" style=\"vertical-align:-1.8pt\" alt=\"12 ко­рень из 2 .\"></p></div>",
        "image_urls": [
            "https://ege.sdamgia.ru/formula/svg/0e/0e18edd0be7663d09d1c76de3a3a88ec.svg",
            "https://ege.sdamgia.ru/formula/svg/04/045eed1864989b65137b06f83995f16e.svg"
        ]
    },
    "solution": {
        "text": "Решение. а)  Пусть прямая BM пересекает основание AD в точке E, тогда треугольники BCM и EDM равны по стороне и двум прилежащим к ней углам. Следовательно, BM  =  ME как соответственные элементы равных фигур. В треугольнике ABE отрезок AM  — медиана и биссектриса, а значит, и высота, то есть отрезок AM перпендикулярен прямой BE. По условию отрезок AM перпендикулярен также прямой DN, поэтому прямая DN параллельна прямой BE по признаку параллельных прямых.б)  Из равенств AN  =  AD и AB  =  AE получаем, что BN  =  DE  =  BC. Пусть BC  =  x, тогда AB  =  6x, AD  =  5x. По теореме Пифагора найдем высоту BH трапеции: Выразим площадь трапеции:  откуда:а потомуОтвет: б)  3.",
        "html": "<div align=\"justify\" width=\"100%\" id=\"sol670048\" class=\"solution\" style=\"clear:both;\" class=\"pbody\"><p class=\"left_margin\"></p><b>Ре­ше­ние<!--rule_info-->. </b><p class=\"left_margin\"><img src=\"/get_file?id=190765\" style=\"float:right;margin:10px;max-width:100%\"></p><p class=\"left_margin\">а)  Пусть пря­мая <i>BM</i> пе­ре­се­ка­ет ос­но­ва­ние <i>AD</i> в точке <i>E</i>, тогда тре­уголь­ни­ки <i>BCM</i> и <i>EDM</i> равны по сто­ро­не и двум при­ле­жа­щим к ней углам. Сле­до­ва­тель­но, <i>BM</i>  =  <i>ME</i> как со­от­вет­ствен­ные эле­мен­ты рав­ных фигур. В тре­уголь­ни­ке <i>ABE</i> от­ре­зок <i>AM</i>  — ме­ди­а­на и бис­сек­три­са, а зна­чит, и вы­со­та, то есть от­ре­зок <i>AM</i> пер­пен­ди­ку­ля­рен пря­мой <i>BE</i>. По усло­вию от­ре­зок <i>AM</i> пер­пен­ди­ку­ля­рен также пря­мой <i>DN</i>, по­это­му пря­мая <i>DN</i> па­рал­лель­на пря­мой <i>BE</i> по при­зна­ку па­рал­лель­ных пря­мых.</p><p class=\"left_margin\">б)  Из ра­венств <i>AN</i>  =  <i>AD</i> и <i>AB</i>  =  <i>AE</i> по­лу­ча­ем, что <i>BN</i>  =  <i>DE</i>  =  <i>BC</i>. Пусть <i>BC</i>  =  <i>x</i>, тогда <i>AB</i>  =  6<i>x</i>, <i>AD</i>  =  5<i>x</i>. По тео­ре­ме Пи­фа­го­ра най­дем вы­со­ту <i>BH</i> тра­пе­ции:</p><p class=\"left_margin\"></p><center><p><img src=\"https://ege.sdamgia.ru/formula/svg/4a/4aa98bf0f89780ade542ceb9fab77dcd.svg\" class=\"tex\" style=\"vertical-align:-12.3pt\" alt=\" BH = ко­рень из: на­ча­ло ар­гу­мен­та: левая круг­лая скоб­ка 6x пра­вая круг­лая скоб­ка в квад­ра­те минус левая круг­лая скоб­ка дробь: чис­ли­тель: 5x минус x, зна­ме­на­тель: 2 конец дроби пра­вая круг­лая скоб­ка в квад­ра­те конец ар­гу­мен­та = 4 ко­рень из: на­ча­ло ар­гу­мен­та: 2 конец ар­гу­мен­та x. \"></p><p class=\"left_margin\"></p></center><p> Вы­ра­зим пло­щадь тра­пе­ции: <img src=\"https://ege.sdamgia.ru/formula/svg/23/23b3e13b957617f2a65983c8ee4edd39.svg\" class=\"tex\" style=\"vertical-align:-3.0pt\" alt=\"S_ABCD = 12 ко­рень из: на­ча­ло ар­гу­мен­та: 2 конец ар­гу­мен­та ,\"> от­ку­да:</p><p class=\"left_margin\"></p><center><p><img src=\"https://ege.sdamgia.ru/formula/svg/5e/5e7b1092bc3fef31e11319d88251c3a4.svg\" class=\"tex\" style=\"vertical-align:-8.4pt\" alt=\" дробь: чис­ли­тель: x плюс 5x, зна­ме­на­тель: 2 конец дроби умно­жить на 4 ко­рень из: на­ча­ло ар­гу­мен­та: 2 конец ар­гу­мен­та x = 12 ко­рень из: на­ча­ло ар­гу­мен­та: 2 конец ар­гу­мен­та рав­но­силь­но 12 ко­рень из: на­ча­ло ар­гу­мен­та: 2 конец ар­гу­мен­та x в квад­ра­те = 12 ко­рень из: на­ча­ло ар­гу­мен­та: 2 конец ар­гу­мен­та рав­но­силь­но x в квад­ра­те = 1 рав­но­силь­но x = 1, \"></p><p class=\"left_margin\"></p></center><p>а по­то­му</p><p class=\"left_margin\"></p><center><p><img src=\"https://ege.sdamgia.ru/formula/svg/3e/3e254f3cde33ee420d8c850b5bba94ce.svg\" class=\"tex\" style=\"vertical-align:-8.4pt\" alt=\" MN = MD = дробь: чис­ли­тель: 1, зна­ме­на­тель: 2 конец дроби умно­жить на CD = дробь: чис­ли­тель: 1, зна­ме­на­тель: 2 конец дроби умно­жить на 6x = 3.\"></p><p class=\"left_margin\"></p></center><p><span style=\"letter-spacing: 2px;\">Ответ:</span> б)  3.</p></div>",
        "image_urls": [
            "https://ege.sdamgia.ru/formula/svg/4a/4aa98bf0f89780ade542ceb9fab77dcd.svg",
            "https://ege.sdamgia.ru/formula/svg/23/23b3e13b957617f2a65983c8ee4edd39.svg",
            "https://ege.sdamgia.ru/formula/svg/5e/5e7b1092bc3fef31e11319d88251c3a4.svg",
            "https://ege.sdamgia.ru/formula/svg/3e/3e254f3cde33ee420d8c850b5bba94ce.svg",
            "/get_file?id=190765"
        ]
    },
    "answer": "б)  3.",
    "topic_id": 17,
    "analog_ids": []
}