{
    "gia_type": "ege",
    "subject": "math",
    "id": 671352,
    "condition": {
        "text": "В параллелограмме ABCD биссектриса угла BAD пересекает сторону BC в точке K, а продолжение стороны DC  — в точке P; диагональ AC является биссектрисой угла KAD.а)  Докажите, что б)  Найдите AC : AP, если AB : BC  =  3 : 8.",
        "html": "<div align=\"justify\" width=\"100%\" id=\"body282756\" class=\"pbody\"><p class=\"left_margin\">В па­рал­ле­ло­грам­ме <i>ABCD</i> бис­сек­три­са угла <i>BAD</i> пе­ре­се­ка­ет сто­ро­ну <i>BC</i> в точке <i>K</i>, а про­дол­же­ние сто­ро­ны <i>DC</i>  — в точке <i>P</i>; диа­го­наль <i>AC</i> яв­ля­ет­ся бис­сек­три­сой угла <i>KAD</i>.</p><p class=\"left_margin\">а)  До­ка­жи­те, что <img src=\"https://ege.sdamgia.ru/formula/svg/ed/ed9143ad0388e7a16e2d5a885c754bc4.svg\" class=\"tex\" style=\"vertical-align:-1.8pt\" alt=\" PC в квад­ра­те = CD умно­жить на PK.\"></p><p class=\"left_margin\">б)  Най­ди­те <i>AC</i> : <i>AP</i>, если <i>AB</i> : <i>BC</i>  =  3 : 8.</p></div>",
        "image_urls": [
            "https://ege.sdamgia.ru/formula/svg/ed/ed9143ad0388e7a16e2d5a885c754bc4.svg"
        ]
    },
    "solution": {
        "text": "Решение. а)  Пусть  тогда  Кроме того,  Треугольник ABK  — равнобедренный по свойству биссектрисы параллелограмма, AB  =  BK  =  CD, треугольник CKA  — равнобедренный по признаку, KC  =  KA. Угол  равен углу  как вертикальный, а углы  и  равны как накрест лежащие при пересечении параллельных прямых секущей, тогда равны и углы  и  Следовательно, подобны треугольники ABK и PCK по трем углам, а потому треугольник PCK  — равнобедренный. Запишем пропорцию: откуда получаем: б)  Пусть AB  =  3x, BC  =  8x, тогда BK  =  3x, KC  =  PC  =  AK  =  5x. По теореме косинусов в треугольнике ABK: Далее в треугольнике ABC:то есть  Треугольники ABK и ADP подобны по трем углам, поэтому  откудаи тогда Ответ: б) ",
        "html": "<div align=\"justify\" width=\"100%\" id=\"sol671352\" class=\"solution\" style=\"clear:both;\" class=\"pbody\"><p class=\"left_margin\"></p><b>Ре­ше­ние<!--rule_info-->. </b><p class=\"left_margin\"><img src=\"/get_file?id=192772\" style=\"float:right;margin:10px;max-width:100%\"></p><p class=\"left_margin\">а)  Пусть <img src=\"https://ege.sdamgia.ru/formula/svg/13/13f57ed8d83e003e87012a1cd11f8910.svg\" class=\"tex\" style=\"vertical-align:-3.0pt\" alt=\" \\angle BAK = 2 альфа ,\"> тогда <img src=\"https://ege.sdamgia.ru/formula/svg/55/55563703d11e5231cf3133b6fd9de009.svg\" class=\"tex\" style=\"vertical-align:-1.8pt\" alt=\" \\angle KAD = \\angle BKA = 2 альфа .\"> Кроме того, </p><p class=\"left_margin\"></p><center><p><img src=\"https://ege.sdamgia.ru/formula/svg/a3/a3e84138cefacf11a94079933675155d.svg\" class=\"tex\" style=\"vertical-align:-8.4pt\" alt=\" \\angle KAC = \\angle CAD = дробь: чис­ли­тель: 2 альфа , зна­ме­на­тель: 2 конец дроби = альфа = \\angle ACB. \"></p><p class=\"left_margin\"></p></center><p> Тре­уголь­ник <i>ABK</i>  — рав­но­бед­рен­ный по свой­ству бис­сек­три­сы па­рал­ле­ло­грам­ма, <i>AB</i>  =  <i>BK</i>  =  <i>CD</i>, тре­уголь­ник <i>CKA</i>  — рав­но­бед­рен­ный по при­зна­ку, <i>KC</i>  =  <i>KA</i>. Угол <img src=\"https://ege.sdamgia.ru/formula/svg/55/554e1179e1333aae5a2fdc4c7ad0c08e.svg\" class=\"tex\" style=\"vertical-align:-1.8pt\" alt=\" \\angle PKC\"> равен углу <img src=\"https://ege.sdamgia.ru/formula/svg/e1/e1cb051417208c37421faa897e8bb125.svg\" class=\"tex\" style=\"vertical-align:-1.8pt\" alt=\" \\angle BKA\"> как вер­ти­каль­ный, а углы <img src=\"https://ege.sdamgia.ru/formula/svg/75/75978f611d8b1818b2f6b895f8ca1dcd.svg\" class=\"tex\" style=\"vertical-align:-1.8pt\" alt=\" \\angle ABK\"> и <img src=\"https://ege.sdamgia.ru/formula/svg/a1/a1cb98ef60d39b0364541afefca8e86b.svg\" class=\"tex\" style=\"vertical-align:-1.8pt\" alt=\" \\angle PCK\"> равны как на­крест ле­жа­щие при пе­ре­се­че­нии па­рал­лель­ных пря­мых се­ку­щей, тогда равны и углы <img src=\"https://ege.sdamgia.ru/formula/svg/76/76ecbcb76bdf2db3892b806586848f92.svg\" class=\"tex\" style=\"vertical-align:-1.8pt\" alt=\" \\angle KPC\"> и <img src=\"https://ege.sdamgia.ru/formula/svg/d1/d1a7dcc1024c9fd4e48b4653d3f84f4d.svg\" class=\"tex\" style=\"vertical-align:-1.8pt\" alt=\" \\angle KBA.\"> Сле­до­ва­тель­но, по­доб­ны тре­уголь­ни­ки <i>ABK</i> и <i>PCK</i> по трем углам, а по­то­му тре­уголь­ник <i>PCK</i>  — рав­но­бед­рен­ный. За­пи­шем про­пор­цию:</p><p class=\"left_margin\"></p><center><p><img src=\"https://ege.sdamgia.ru/formula/svg/20/20333f6472beb52b9b51f98e0f6c4c15.svg\" class=\"tex\" style=\"vertical-align:-8.4pt\" alt=\" дробь: чис­ли­тель: AB, зна­ме­на­тель: PC конец дроби = дробь: чис­ли­тель: AK, зна­ме­на­тель: PK конец дроби = дробь: чис­ли­тель: BK, зна­ме­на­тель: CK конец дроби , \"></p><p class=\"left_margin\"></p></center><p> от­ку­да по­лу­ча­ем:</p><p class=\"left_margin\"></p><center><p><img src=\"https://ege.sdamgia.ru/formula/svg/af/afe37a8d9866a226a783064f86f9aab5.svg\" class=\"tex\" style=\"vertical-align:-8.4pt\" alt=\" дробь: чис­ли­тель: AB, зна­ме­на­тель: PC конец дроби = дробь: чис­ли­тель: PC, зна­ме­на­тель: PK конец дроби рав­но­силь­но PC в квад­ра­те = AB умно­жить на PK рав­но­силь­но PC в квад­ра­те = CD умно­жить на PK. \"></p><p class=\"left_margin\"></p></center><p>&nbsp;</p><p class=\"left_margin\">б)  Пусть <i>AB</i>  =  3<i>x</i>, <i>BC</i>  =  8<i>x</i>, тогда <i>BK</i>  =  3<i>x</i>, <i>KC</i>  =  <i>PC</i>  =  <i>AK</i>  =  5<i>x</i>. По тео­ре­ме ко­си­ну­сов в тре­уголь­ни­ке <i>ABK</i>:</p><p class=\"left_margin\"></p><center><p><img src=\"https://ege.sdamgia.ru/formula/svg/c3/c34801cf3b57615fa9f5755f52a3e286.svg\" class=\"tex\" style=\"vertical-align:-8.5pt\" alt=\" ко­си­нус \\angle ABK = дробь: чис­ли­тель: левая круг­лая скоб­ка 3x пра­вая круг­лая скоб­ка в квад­ра­те плюс левая круг­лая скоб­ка 3x пра­вая круг­лая скоб­ка в квад­ра­те минус левая круг­лая скоб­ка 5x пра­вая круг­лая скоб­ка в квад­ра­те , зна­ме­на­тель: 2 умно­жить на 3x умно­жить на 3x конец дроби = минус дробь: чис­ли­тель: 7, зна­ме­на­тель: 18 конец дроби . \"></p><p class=\"left_margin\"></p></center><p> Далее в тре­уголь­ни­ке <i>ABC</i>:</p><p class=\"left_margin\"></p><center><p><span data-width=\"640\" data-formulahash=\"a8dfa2702cfaaab512e8eccddd77f291\" class=\"tex-span\" style=\"\"><img src=\"https://ege.sdamgia.ru/formula/svg/a8/a8dfa2702cfaaab512e8eccddd77f291.svg\" class=\"tex\" style=\"vertical-align:-11.1pt\" alt=\" AC в квад­ра­те = левая круг­лая скоб­ка 3x пра­вая круг­лая скоб­ка в квад­ра­те плюс левая круг­лая скоб­ка 8x пра­вая круг­лая скоб­ка в квад­ра­те минус 2 умно­жить на 3x умно­жить на 8x умно­жить на левая круг­лая скоб­ка минус дробь: чис­ли­тель: 7, зна­ме­на­тель: 18 конец дроби пра­вая круг­лая скоб­ка = 9x в квад­ра­те плюс 64x в квад­ра­те плюс дробь: чис­ли­тель: 56x в квад­ра­те , зна­ме­на­тель: 3 конец дроби = дробь: чис­ли­тель: 275, зна­ме­на­тель: 3 конец дроби x в квад­ра­те , \"></span><span data-width=\"465\" data-formulahash=\"a8dfa2702cfaaab512e8eccddd77f291\" class=\"tex-span\" style=\"display:none\"><img src=\"https://ege.sdamgia.ru/formula/svg/56/566812d9d8fe96667455c25f4ca5b1cb.svg\" class=\"tex\" style=\"vertical-align:-11.1pt\" alt=\" AC в квад­ра­те = левая круг­лая скоб­ка 3x пра­вая круг­лая скоб­ка в квад­ра­те плюс левая круг­лая скоб­ка 8x пра­вая круг­лая скоб­ка в квад­ра­те минус 2 умно­жить на 3x умно­жить на 8x умно­жить на левая круг­лая скоб­ка минус дробь: чис­ли­тель: 7, зна­ме­на­тель: 18 конец дроби пра­вая круг­лая скоб­ка = \"><br><img src=\"https://ege.sdamgia.ru/formula/svg/c1/c119046186f6b808e38312cdbb002ba3.svg\" class=\"tex\" style=\"vertical-align:-8.5pt\" alt=\"= 9x в квад­ра­те плюс 64x в квад­ра­те плюс дробь: чис­ли­тель: 56x в квад­ра­те , зна­ме­на­тель: 3 конец дроби = дробь: чис­ли­тель: 275, зна­ме­на­тель: 3 конец дроби x в квад­ра­те , \"></span></p><p class=\"left_margin\"></p></center><p>то есть <img src=\"https://ege.sdamgia.ru/formula/svg/6c/6c8ee2747adb10ef33138122b38b8152.svg\" class=\"tex\" style=\"vertical-align:-11.1pt\" alt=\"AC = дробь: чис­ли­тель: 5 ко­рень из: на­ча­ло ар­гу­мен­та: 11 конец ар­гу­мен­та x, зна­ме­на­тель: ко­рень из: на­ча­ло ар­гу­мен­та: 3 конец ар­гу­мен­та конец дроби . \"> Тре­уголь­ни­ки <i>ABK</i> и <i>ADP</i> по­доб­ны по трем углам, по­это­му <img src=\"https://ege.sdamgia.ru/formula/svg/7f/7ffa6fc5b7f3677f157ed2cf64519d23.svg\" class=\"tex\" style=\"vertical-align:-8.3pt\" alt=\" дробь: чис­ли­тель: AP, зна­ме­на­тель: AK конец дроби = дробь: чис­ли­тель: AD, зна­ме­на­тель: AB конец дроби , \"> от­ку­да</p><p class=\"left_margin\"></p><center><p><img src=\"https://ege.sdamgia.ru/formula/svg/2c/2c47cc1549cbbfc00f9e5e8ce4e891c8.svg\" class=\"tex\" style=\"vertical-align:-8.5pt\" alt=\"AP = дробь: чис­ли­тель: 8, зна­ме­на­тель: 3 конец дроби AK = дробь: чис­ли­тель: 40, зна­ме­на­тель: 3 конец дроби x, \"></p><p class=\"left_margin\"></p></center><p>и тогда </p><p class=\"left_margin\"></p><center><p><img src=\"https://ege.sdamgia.ru/formula/svg/8b/8bc4f7c4becac087a8a8509fab69b5bf.svg\" class=\"tex\" style=\"vertical-align:-11.1pt\" alt=\" AC : AP = дробь: чис­ли­тель: 5 ко­рень из: на­ча­ло ар­гу­мен­та: 11 конец ар­гу­мен­та x, зна­ме­на­тель: ко­рень из: на­ча­ло ар­гу­мен­та: 3 конец ар­гу­мен­та конец дроби : дробь: чис­ли­тель: 40x, зна­ме­на­тель: 3 конец дроби = ко­рень из: на­ча­ло ар­гу­мен­та: 33 конец ар­гу­мен­та : 8. \"></p><p class=\"left_margin\"></p></center><p><span style=\"letter-spacing: 2px;\">Ответ:</span> <nobr>б) <img src=\"https://ege.sdamgia.ru/formula/svg/05/053533b92163942e7920bfb00689f511.svg\" class=\"tex\" style=\"vertical-align:-1.8pt\" alt=\" ко­рень из: на­ча­ло ар­гу­мен­та: 33 конец ар­гу­мен­та : 8.\"></nobr></p></div>",
        "image_urls": [
            "https://ege.sdamgia.ru/formula/svg/13/13f57ed8d83e003e87012a1cd11f8910.svg",
            "https://ege.sdamgia.ru/formula/svg/55/55563703d11e5231cf3133b6fd9de009.svg",
            "https://ege.sdamgia.ru/formula/svg/a3/a3e84138cefacf11a94079933675155d.svg",
            "https://ege.sdamgia.ru/formula/svg/55/554e1179e1333aae5a2fdc4c7ad0c08e.svg",
            "https://ege.sdamgia.ru/formula/svg/e1/e1cb051417208c37421faa897e8bb125.svg",
            "https://ege.sdamgia.ru/formula/svg/75/75978f611d8b1818b2f6b895f8ca1dcd.svg",
            "https://ege.sdamgia.ru/formula/svg/a1/a1cb98ef60d39b0364541afefca8e86b.svg",
            "https://ege.sdamgia.ru/formula/svg/76/76ecbcb76bdf2db3892b806586848f92.svg",
            "https://ege.sdamgia.ru/formula/svg/d1/d1a7dcc1024c9fd4e48b4653d3f84f4d.svg",
            "https://ege.sdamgia.ru/formula/svg/20/20333f6472beb52b9b51f98e0f6c4c15.svg",
            "https://ege.sdamgia.ru/formula/svg/af/afe37a8d9866a226a783064f86f9aab5.svg",
            "https://ege.sdamgia.ru/formula/svg/c3/c34801cf3b57615fa9f5755f52a3e286.svg",
            "https://ege.sdamgia.ru/formula/svg/a8/a8dfa2702cfaaab512e8eccddd77f291.svg",
            "https://ege.sdamgia.ru/formula/svg/56/566812d9d8fe96667455c25f4ca5b1cb.svg",
            "https://ege.sdamgia.ru/formula/svg/c1/c119046186f6b808e38312cdbb002ba3.svg",
            "https://ege.sdamgia.ru/formula/svg/6c/6c8ee2747adb10ef33138122b38b8152.svg",
            "https://ege.sdamgia.ru/formula/svg/7f/7ffa6fc5b7f3677f157ed2cf64519d23.svg",
            "https://ege.sdamgia.ru/formula/svg/2c/2c47cc1549cbbfc00f9e5e8ce4e891c8.svg",
            "https://ege.sdamgia.ru/formula/svg/8b/8bc4f7c4becac087a8a8509fab69b5bf.svg",
            "https://ege.sdamgia.ru/formula/svg/05/053533b92163942e7920bfb00689f511.svg",
            "/get_file?id=192772"
        ]
    },
    "answer": "б)",
    "topic_id": 17,
    "analog_ids": []
}