{
    "gia_type": "ege",
    "subject": "math",
    "id": 562061,
    "condition": {
        "text": " На рисунке изображён график функции вида  где числа a, b и c  — целые. Найдите значение дискриминанта уравнения ",
        "html": "<div align=\"justify\" width=\"100%\" id=\"body458097\" class=\"pbody\"><p class=\"left_margin\"><img src=\"https://ege.sdamgia.ru/get_file?id=109328\" style=\"float:right;margin:10px;max-width:100%\"> На ри­сун­ке изоб­ражён гра­фик функ­ции вида <img src=\"https://ege.sdamgia.ru/formula/svg/99/99a818af5f614744006562d49cc46ae3.svg\" class=\"tex\" style=\"vertical-align:-8.5pt\" alt=\"f левая круг­лая скоб­ка x пра­вая круг­лая скоб­ка = дробь: чис­ли­тель: x в квад­ра­те , зна­ме­на­тель: a конец дроби плюс bx плюс c, \"> где числа <i>a</i>, <i>b</i> и <i>c</i>  — целые. Най­ди­те зна­че­ние дис­кри­ми­нан­та урав­не­ния <img src=\"https://ege.sdamgia.ru/formula/svg/f8/f8e31d04d03706ed2426c569c8240568.svg\" class=\"tex\" style=\"vertical-align:-3.6pt\" alt=\"f левая круг­лая скоб­ка x пра­вая круг­лая скоб­ка =0.\"></p></div>",
        "image_urls": [
            "https://ege.sdamgia.ru/formula/svg/99/99a818af5f614744006562d49cc46ae3.svg",
            "https://ege.sdamgia.ru/formula/svg/f8/f8e31d04d03706ed2426c569c8240568.svg",
            "https://ege.sdamgia.ru/get_file?id=109328"
        ]
    },
    "solution": {
        "text": "Решение. По рисунку определяем, что  Дискриминант уравнения  равенОтвет: 8.",
        "html": "<div align=\"justify\" width=\"100%\" id=\"sol562061\" class=\"solution\" style=\"clear:both;\" class=\"pbody\"><p class=\"left_margin\"></p><b>Ре­ше­ние<!--rule_info-->. </b><p class=\"left_margin\">По ри­сун­ку опре­де­ля­ем, что  </p><p class=\"left_margin\"></p><center><p><img src=\"https://ege.sdamgia.ru/formula/svg/38/38ab9234d462707f6a9e9e597f5d21b4.svg\" class=\"tex\" style=\"vertical-align:-8.4pt\" alt=\"f левая круг­лая скоб­ка x пра­вая круг­лая скоб­ка = минус дробь: чис­ли­тель: левая круг­лая скоб­ка x минус 6 пра­вая круг­лая скоб­ка в квад­ра­те , зна­ме­на­тель: 4 конец дроби плюс 8 = минус дробь: чис­ли­тель: x в квад­ра­те , зна­ме­на­тель: 4 конец дроби плюс 3x минус 1. \"></p><p class=\"left_margin\"></p></center><p class=\"left_margin\">Дис­кри­ми­нант урав­не­ния <img src=\"https://ege.sdamgia.ru/formula/svg/ef/efc57c57999d1d3e3ac4ec476941fdef.svg\" class=\"tex\" style=\"vertical-align:-8.4pt\" alt=\" минус дробь: чис­ли­тель: x в квад­ра­те , зна­ме­на­тель: 4 конец дроби плюс 3x минус 1=0 \"> равен</p><p class=\"left_margin\"></p><center><p><img src=\"https://ege.sdamgia.ru/formula/svg/c2/c22164513265473fd64883a059c96524.svg\" class=\"tex\" style=\"vertical-align:-8.4pt\" alt=\"D=3 в квад­ра­те минус 4 умно­жить на дробь: чис­ли­тель: 1, зна­ме­на­тель: 4 конец дроби умно­жить на 1=8.\"></p><p class=\"left_margin\"></p></center><p><span style=\"letter-spacing: 2px;\">Ответ:</span> 8.</p></div>",
        "image_urls": [
            "https://ege.sdamgia.ru/formula/svg/38/38ab9234d462707f6a9e9e597f5d21b4.svg",
            "https://ege.sdamgia.ru/formula/svg/ef/efc57c57999d1d3e3ac4ec476941fdef.svg",
            "https://ege.sdamgia.ru/formula/svg/c2/c22164513265473fd64883a059c96524.svg"
        ]
    },
    "answer": "8",
    "topic_id": null,
    "analog_ids": []
}