{
    "gia_type": "ege",
    "subject": "math",
    "id": 562153,
    "condition": {
        "text": " На рисунке изображён график функции вида  где числа a, b и c  — целые. Найдите значение ",
        "html": "<div align=\"justify\" width=\"100%\" id=\"body458005\" class=\"pbody\"><p class=\"left_margin\"><img src=\"https://ege.sdamgia.ru/get_file?id=109328\" style=\"float:right;margin:10px;max-width:100%\"> На ри­сун­ке изоб­ражён гра­фик функ­ции вида <img src=\"https://ege.sdamgia.ru/formula/svg/99/99a818af5f614744006562d49cc46ae3.svg\" class=\"tex\" style=\"vertical-align:-8.5pt\" alt=\"f левая круг­лая скоб­ка x пра­вая круг­лая скоб­ка = дробь: чис­ли­тель: x в квад­ра­те , зна­ме­на­тель: a конец дроби плюс bx плюс c, \"> где числа <i>a</i>, <i>b</i> и <i>c</i>  — целые. Най­ди­те зна­че­ние <img src=\"https://ege.sdamgia.ru/formula/svg/0d/0dbb640d0e9bf8459c76c6a7bfbe8ad2.svg\" class=\"tex\" style=\"vertical-align:-3.6pt\" alt=\"f левая круг­лая скоб­ка 13 пра­вая круг­лая скоб­ка .\"></p></div>",
        "image_urls": [
            "https://ege.sdamgia.ru/formula/svg/99/99a818af5f614744006562d49cc46ae3.svg",
            "https://ege.sdamgia.ru/formula/svg/0d/0dbb640d0e9bf8459c76c6a7bfbe8ad2.svg",
            "https://ege.sdamgia.ru/get_file?id=109328"
        ]
    },
    "solution": {
        "text": "Решение. Уравнение параболы с вершиной в точке с координатами  имеет вид  По графику видно, что при смещении от вершины на 2 клетки вправо (или влево) график смещается на 1 клетку вниз, поэтому старший коэффициент  Вершина параболы находится в точке (6; 8), следовательно, уравнение параболы имеет вид Тогда  Ответ: −4,25.",
        "html": "<div align=\"justify\" width=\"100%\" id=\"sol562153\" class=\"solution\" style=\"clear:both;\" class=\"pbody\"><p class=\"left_margin\"></p><b>Ре­ше­ние<!--rule_info-->. </b><p class=\"left_margin\">Урав­не­ние па­ра­бо­лы с вер­ши­ной в точке с ко­ор­ди­на­та­ми <img src=\"https://ege.sdamgia.ru/formula/svg/34/34ebb2e99fed94ed20e5613f0baaef66.svg\" class=\"tex\" style=\"vertical-align:-3.6pt\" alt=\" левая круг­лая скоб­ка x_0; y_0 пра­вая круг­лая скоб­ка \"> имеет вид <img src=\"https://ege.sdamgia.ru/formula/svg/60/60e7e0a0b50ecd62e1a990cc9482674d.svg\" class=\"tex\" style=\"vertical-align:-3.6pt\" alt=\"y= k левая круг­лая скоб­ка x минус x_0 пра­вая круг­лая скоб­ка в квад­ра­те плюс y_0.\"> По гра­фи­ку видно, что при сме­ще­нии от вер­ши­ны на 2 клет­ки впра­во (или влево) гра­фик сме­ща­ет­ся на 1 клет­ку вниз, по­это­му стар­ший ко­эф­фи­ци­ент <img src=\"https://ege.sdamgia.ru/formula/svg/68/6882a1f831f33ce7179526fdb8a42d3c.svg\" class=\"tex\" style=\"vertical-align:-8.4pt\" alt=\"k = минус дробь: чис­ли­тель: 1, зна­ме­на­тель: 4 конец дроби .\"> Вер­ши­на па­ра­бо­лы на­хо­дит­ся в точке (6; 8), сле­до­ва­тель­но, урав­не­ние па­ра­бо­лы имеет вид</p><p class=\"left_margin\"></p><center><p><img src=\"https://ege.sdamgia.ru/formula/svg/6e/6e62e3c7ffe953562188360c86458d15.svg\" class=\"tex\" style=\"vertical-align:-8.4pt\" alt=\"y = минус дробь: чис­ли­тель: 1, зна­ме­на­тель: 4 конец дроби левая круг­лая скоб­ка x минус 6 пра­вая круг­лая скоб­ка в квад­ра­те плюс 8.\"></p><p class=\"left_margin\"></p></center><p> Тогда </p><p class=\"left_margin\"></p><center><p><img src=\"https://ege.sdamgia.ru/formula/svg/27/27e69dd2337e705eafbb0d29246bda6d.svg\" class=\"tex\" style=\"vertical-align:-8.3pt\" alt=\"y левая круг­лая скоб­ка 13 пра­вая круг­лая скоб­ка = минус дробь: чис­ли­тель: 1, зна­ме­на­тель: 4 конец дроби левая круг­лая скоб­ка 13 минус 6 пра­вая круг­лая скоб­ка в квад­ра­те плюс 8 = минус дробь: чис­ли­тель: 49, зна­ме­на­тель: 4 конец дроби плюс 8= минус 12,25 плюс 8= минус 4,25. \"></p><p class=\"left_margin\"></p></center><p>&nbsp;</p><p><span style=\"letter-spacing: 2px;\">Ответ:</span> −4,25.</p></div>",
        "image_urls": [
            "https://ege.sdamgia.ru/formula/svg/34/34ebb2e99fed94ed20e5613f0baaef66.svg",
            "https://ege.sdamgia.ru/formula/svg/60/60e7e0a0b50ecd62e1a990cc9482674d.svg",
            "https://ege.sdamgia.ru/formula/svg/68/6882a1f831f33ce7179526fdb8a42d3c.svg",
            "https://ege.sdamgia.ru/formula/svg/6e/6e62e3c7ffe953562188360c86458d15.svg",
            "https://ege.sdamgia.ru/formula/svg/27/27e69dd2337e705eafbb0d29246bda6d.svg"
        ]
    },
    "answer": "-4,25",
    "topic_id": null,
    "analog_ids": [
        562153,
        562060,
        562154,
        562155,
        562060,
        562154,
        562155,
        562156,
        562157,
        562158,
        562159,
        562160,
        562161,
        562162,
        562163
    ]
}