{
    "gia_type": "ege",
    "subject": "math",
    "id": 562283,
    "condition": {
        "text": " На рисунке изображён график функции вида  где числа a, b и c  — целые. Найдите значение дискриминанта уравнения ",
        "html": "<div align=\"justify\" width=\"100%\" id=\"body457367\" class=\"pbody\"><p class=\"left_margin\"><img src=\"https://ege.sdamgia.ru/get_file?id=109345\" style=\"float:right;margin:10px;max-width:100%\"> На ри­сун­ке изоб­ражён гра­фик функ­ции вида <img src=\"https://ege.sdamgia.ru/formula/svg/2d/2dd638553299ee866a14b2c0495c7997.svg\" class=\"tex\" style=\"vertical-align:-3.6pt\" alt=\"f левая круг­лая скоб­ка x пра­вая круг­лая скоб­ка =ax в квад­ра­те плюс bx плюс c,\"> где числа <i>a</i>, <i>b</i> и <i>c</i>  — целые. Най­ди­те зна­че­ние дис­кри­ми­нан­та урав­не­ния <img src=\"https://ege.sdamgia.ru/formula/svg/f8/f8e31d04d03706ed2426c569c8240568.svg\" class=\"tex\" style=\"vertical-align:-3.6pt\" alt=\"f левая круг­лая скоб­ка x пра­вая круг­лая скоб­ка =0.\"></p></div>",
        "image_urls": [
            "https://ege.sdamgia.ru/formula/svg/2d/2dd638553299ee866a14b2c0495c7997.svg",
            "https://ege.sdamgia.ru/formula/svg/f8/f8e31d04d03706ed2426c569c8240568.svg",
            "https://ege.sdamgia.ru/get_file?id=109345"
        ]
    },
    "solution": {
        "text": "Решение. По рисунку определяем, что   значит,  Тогда дискриминант уравнения  равенОтвет: 28.",
        "html": "<div align=\"justify\" width=\"100%\" id=\"sol562283\" class=\"solution\" style=\"clear:both;\" class=\"pbody\"><p class=\"left_margin\"></p><b>Ре­ше­ние<!--rule_info-->. </b><p class=\"left_margin\">По ри­сун­ку опре­де­ля­ем, что  <img src=\"https://ege.sdamgia.ru/formula/svg/c0/c0da60929af2a40528d546332e59b734.svg\" class=\"tex\" style=\"vertical-align:-3.6pt\" alt=\"f левая круг­лая скоб­ка x пра­вая круг­лая скоб­ка = минус левая круг­лая скоб­ка x минус 5 пра­вая круг­лая скоб­ка в квад­ра­те плюс 7 = минус x в квад­ра­те плюс 10x минус 18,\"> зна­чит,  <img src=\"https://ege.sdamgia.ru/formula/svg/45/45a4cf354e23b5991f3e8c1a791b2a76.svg\" class=\"tex\" style=\"vertical-align:-3.0pt\" alt=\"a= минус 1, b=10, c= минус 18.\"></p><p class=\"left_margin\">Тогда дис­кри­ми­нант урав­не­ния <img src=\"https://ege.sdamgia.ru/formula/svg/0c/0c1a3b37e5d111228a97895cbbfab2e3.svg\" class=\"tex\" style=\"vertical-align:-1.8pt\" alt=\" минус x в квад­ра­те плюс 10x минус 18=0\"> равен</p><p class=\"left_margin\"></p><center><p><img src=\"https://ege.sdamgia.ru/formula/svg/13/13f43f5399195d076b030e3330e224fe.svg\" class=\"tex\" style=\"vertical-align:-3.6pt\" alt=\"D=10 в квад­ра­те минус 4 умно­жить на левая круг­лая скоб­ка минус 1 пра­вая круг­лая скоб­ка умно­жить на левая круг­лая скоб­ка минус 18 пра­вая круг­лая скоб­ка =28.\"></p><p class=\"left_margin\"></p></center><p><span style=\"letter-spacing: 2px;\">Ответ:</span> 28.</p></div>",
        "image_urls": [
            "https://ege.sdamgia.ru/formula/svg/c0/c0da60929af2a40528d546332e59b734.svg",
            "https://ege.sdamgia.ru/formula/svg/45/45a4cf354e23b5991f3e8c1a791b2a76.svg",
            "https://ege.sdamgia.ru/formula/svg/0c/0c1a3b37e5d111228a97895cbbfab2e3.svg",
            "https://ege.sdamgia.ru/formula/svg/13/13f43f5399195d076b030e3330e224fe.svg"
        ]
    },
    "answer": "28",
    "topic_id": null,
    "analog_ids": [
        562283,
        562290,
        562291,
        562292,
        562290,
        562291,
        562292,
        562293,
        562294,
        562295,
        562296,
        628363,
        628481
    ]
}