{
    "gia_type": "ege",
    "subject": "math",
    "id": 635152,
    "condition": {
        "text": "На рисунке изображён график фуıкции вида  где a, b и c  — целые числа. Найдите значение f(4).",
        "html": "<div align=\"justify\" width=\"100%\" id=\"body516076\" class=\"pbody\"><p class=\"left_margin\"><img src=\"https://ege.sdamgia.ru/get_file?id=119226\" style=\"float:right;margin:10px;max-width:100%\">На ри­сун­ке изоб­ражён гра­фик фуıкции вида <img src=\"https://ege.sdamgia.ru/formula/svg/7f/7f99f76e347b894ab10d569f88a66f38.svg\" class=\"tex\" style=\"vertical-align:-4.7pt\" alt=\"f левая круг­лая скоб­ка x пра­вая круг­лая скоб­ка =\\left|a x в квад­ра­те плюс b x плюс c|,\"> где <i>a, b</i> и <i>c</i>  — целые числа. Най­ди­те зна­че­ние <i>f</i>(4).</p></div>",
        "image_urls": [
            "https://ege.sdamgia.ru/formula/svg/7f/7f99f76e347b894ab10d569f88a66f38.svg",
            "https://ege.sdamgia.ru/get_file?id=119226"
        ]
    },
    "solution": {
        "text": "Решение. По рисунку определяем, что  значит,   и  Тогда  Ответ: 15.",
        "html": "<div align=\"justify\" width=\"100%\" id=\"sol635152\" class=\"solution\" style=\"clear:both;\" class=\"pbody\"><p class=\"left_margin\"></p><b>Ре­ше­ние<!--rule_info-->. </b><p class=\"left_margin\">По ри­сун­ку опре­де­ля­ем, что <img src=\"https://ege.sdamgia.ru/formula/svg/e0/e0dd43c150c0eae5c9e58360d5728920.svg\" class=\"tex\" style=\"vertical-align:-4.7pt\" alt=\"f левая круг­лая скоб­ка x пра­вая круг­лая скоб­ка =\\absx в квад­ра­те минус 1,\"> зна­чит, <img src=\"https://ege.sdamgia.ru/formula/svg/dc/dc9791942c5716d51249089473cef5ed.svg\" class=\"tex\" style=\"vertical-align:-3.0pt\" alt=\"a=1,\"> <img src=\"https://ege.sdamgia.ru/formula/svg/f6/f6d5eef5ee5e51fc839bb54201c62e3b.svg\" class=\"tex\" style=\"vertical-align:-1.8pt\" alt=\"b=0\"> и <img src=\"https://ege.sdamgia.ru/formula/svg/b6/b61f34dcd2e4a693d93fdb147a89b2b0.svg\" class=\"tex\" style=\"vertical-align:-1.8pt\" alt=\"c= минус 1.\"> Тогда <img src=\"https://ege.sdamgia.ru/formula/svg/d5/d5d1f5b72ccc6b4d3b483e2e68382cf6.svg\" class=\"tex\" style=\"vertical-align:-4.7pt\" alt=\"f левая круг­лая скоб­ка 4 пра­вая круг­лая скоб­ка =\\abs4 в квад­ра­те минус 1=15.\"></p><p>&nbsp;</p><p><span style=\"letter-spacing: 2px;\">Ответ:</span> 15.</p></div>",
        "image_urls": [
            "https://ege.sdamgia.ru/formula/svg/e0/e0dd43c150c0eae5c9e58360d5728920.svg",
            "https://ege.sdamgia.ru/formula/svg/dc/dc9791942c5716d51249089473cef5ed.svg",
            "https://ege.sdamgia.ru/formula/svg/f6/f6d5eef5ee5e51fc839bb54201c62e3b.svg",
            "https://ege.sdamgia.ru/formula/svg/b6/b61f34dcd2e4a693d93fdb147a89b2b0.svg",
            "https://ege.sdamgia.ru/formula/svg/d5/d5d1f5b72ccc6b4d3b483e2e68382cf6.svg"
        ]
    },
    "answer": "15",
    "topic_id": null,
    "analog_ids": []
}