{
    "gia_type": "ege",
    "subject": "math",
    "id": 508895,
    "condition": {
        "text": "На рисунке изображён график функции  Найдите ",
        "html": "<div align=\"justify\" width=\"100%\" id=\"body634147\" class=\"pbody\"><p class=\"left_margin\"><img src=\"/get_file?id=144403\" style=\"float:right;margin:10px;max-width:100%\">На ри­сун­ке изоб­ражён гра­фик функ­ции <img src=\"https://ege.sdamgia.ru/formula/svg/b8/b87614abecb533400ec97ef94f724663.svg\" class=\"tex\" style=\"vertical-align:-3.6pt\" alt=\"f левая круг­лая скоб­ка x пра­вая круг­лая скоб­ка =kx плюс b.\"> Най­ди­те <img src=\"https://ege.sdamgia.ru/formula/svg/ab/ab9d7890eb5d79310fa04fad9f46464a.svg\" class=\"tex\" style=\"vertical-align:-3.6pt\" alt=\"f левая круг­лая скоб­ка минус 5 пра­вая круг­лая скоб­ка .\"></p></div>",
        "image_urls": [
            "https://ege.sdamgia.ru/formula/svg/b8/b87614abecb533400ec97ef94f724663.svg",
            "https://ege.sdamgia.ru/formula/svg/ab/ab9d7890eb5d79310fa04fad9f46464a.svg",
            "/get_file?id=144403"
        ]
    },
    "solution": {
        "text": "Решение. Из графика находим, что угловой коэффициент прямой  С другой стороныоткуда  и потому  Ответ:  Приведем другое решение.Заметим, что для линейной функции Для точки с координатами (3; 4)  получим:Тогда  а потому",
        "html": "<div align=\"justify\" width=\"100%\" id=\"sol508895\" class=\"solution\" style=\"clear:both;\" class=\"pbody\"><p class=\"left_margin\"></p><b>Ре­ше­ние<!--rule_info-->. </b><p class=\"left_margin\">Из гра­фи­ка на­хо­дим, что уг­ло­вой ко­эф­фи­ци­ент пря­мой <img src=\"https://ege.sdamgia.ru/formula/svg/82/82b31ea39c28f2aa3f12992a1da9366c.svg\" class=\"tex\" style=\"vertical-align:-8.4pt\" alt=\"k = дробь: чис­ли­тель: 7, зна­ме­на­тель: 4 конец дроби .\"> С дру­гой сто­ро­ны</p><p class=\"left_margin\"></p><center><p><img src=\"https://ege.sdamgia.ru/formula/svg/83/83d1261c66f7165bfd69b1a78359be48.svg\" class=\"tex\" style=\"vertical-align:-11.1pt\" alt=\"k = дробь: чис­ли­тель: \\Delta y, зна­ме­на­тель: \\Delta x конец дроби = дробь: чис­ли­тель: f левая круг­лая скоб­ка минус 1 пра­вая круг­лая скоб­ка минус f левая круг­лая скоб­ка минус 5 пра­вая круг­лая скоб­ка , зна­ме­на­тель: минус 1 минус левая круг­лая скоб­ка минус 5 пра­вая круг­лая скоб­ка конец дроби = дробь: чис­ли­тель: минус 3 минус f левая круг­лая скоб­ка минус 5 пра­вая круг­лая скоб­ка , зна­ме­на­тель: 4 конец дроби , \"></p><p class=\"left_margin\"></p></center><p>от­ку­да <img src=\"https://ege.sdamgia.ru/formula/svg/9b/9bb41f9553591bc63eaa78d9b72f018e.svg\" class=\"tex\" style=\"vertical-align:-8.4pt\" alt=\" дробь: чис­ли­тель: минус 3 минус f левая круг­лая скоб­ка минус 5 пра­вая круг­лая скоб­ка , зна­ме­на­тель: 4 конец дроби = дробь: чис­ли­тель: 7, зна­ме­на­тель: 4 конец дроби , \"> и по­то­му <img src=\"https://ege.sdamgia.ru/formula/svg/5b/5b9f9f83959d4980f288eb002204051c.svg\" class=\"tex\" style=\"vertical-align:-3.6pt\" alt=\"f левая круг­лая скоб­ка минус 5 пра­вая круг­лая скоб­ка = минус 10.\"></p><p>&nbsp;</p><p><span style=\"letter-spacing: 2px;\">Ответ:</span> <img src=\"https://ege.sdamgia.ru/formula/svg/5b/5b9f9f83959d4980f288eb002204051c.svg\" class=\"tex\" style=\"vertical-align:-3.6pt\" alt=\"f левая круг­лая скоб­ка минус 5 пра­вая круг­лая скоб­ка = минус 10.\"></p><p>&nbsp;</p><p><b>При­ве­дем дру­гое ре­ше­ние.</b></p><p class=\"left_margin\">За­ме­тим, что для ли­ней­ной функ­ции</p><p class=\"left_margin\"></p><center><p><img src=\"https://ege.sdamgia.ru/formula/svg/96/960cae67310b96bd6f5035b77b5e4dea.svg\" class=\"tex\" style=\"vertical-align:-11.1pt\" alt=\" k= дробь: чис­ли­тель: f левая круг­лая скоб­ка x_1 пра­вая круг­лая скоб­ка минус f левая круг­лая скоб­ка x_2 пра­вая круг­лая скоб­ка , зна­ме­на­тель: x_1 минус x_2 конец дроби = дробь: чис­ли­тель: 4 минус левая круг­лая скоб­ка минус 3 пра­вая круг­лая скоб­ка , зна­ме­на­тель: 3 минус левая круг­лая скоб­ка минус 1 пра­вая круг­лая скоб­ка конец дроби = дробь: чис­ли­тель: 7, зна­ме­на­тель: 4 конец дроби . \"></p><p class=\"left_margin\"></p></center><p> Для точки с ко­ор­ди­на­та­ми (3; 4)  по­лу­чим:</p><p class=\"left_margin\"></p><center><p><img src=\"https://ege.sdamgia.ru/formula/svg/44/444c325a3a55abc1a551e5d1a5796ed7.svg\" class=\"tex\" style=\"vertical-align:-8.3pt\" alt=\" 4= дробь: чис­ли­тель: 7, зна­ме­на­тель: 4 конец дроби умно­жить на 3 плюс b рав­но­силь­но b= минус дробь: чис­ли­тель: 5, зна­ме­на­тель: 4 конец дроби . \"></p><p class=\"left_margin\"></p></center><p class=\"left_margin\">Тогда <img src=\"https://ege.sdamgia.ru/formula/svg/39/391d8156f5958c8551980b2a39f4c2a0.svg\" class=\"tex\" style=\"vertical-align:-8.3pt\" alt=\"f левая круг­лая скоб­ка x пра­вая круг­лая скоб­ка = дробь: чис­ли­тель: 7, зна­ме­на­тель: 4 конец дроби x минус дробь: чис­ли­тель: 5, зна­ме­на­тель: 4 конец дроби ,\"> а по­то­му</p><p class=\"left_margin\"></p><center><p><img src=\"https://ege.sdamgia.ru/formula/svg/02/02e190dbdd11cb5e92f63f1eb8c6d494.svg\" class=\"tex\" style=\"vertical-align:-8.3pt\" alt=\" f левая круг­лая скоб­ка минус 5 пра­вая круг­лая скоб­ка = дробь: чис­ли­тель: 7, зна­ме­на­тель: 4 конец дроби умно­жить на левая круг­лая скоб­ка минус 5 пра­вая круг­лая скоб­ка минус дробь: чис­ли­тель: 5, зна­ме­на­тель: 4 конец дроби = минус 10. \"></p><p class=\"left_margin\"></p></center></div>",
        "image_urls": [
            "https://ege.sdamgia.ru/formula/svg/82/82b31ea39c28f2aa3f12992a1da9366c.svg",
            "https://ege.sdamgia.ru/formula/svg/83/83d1261c66f7165bfd69b1a78359be48.svg",
            "https://ege.sdamgia.ru/formula/svg/9b/9bb41f9553591bc63eaa78d9b72f018e.svg",
            "https://ege.sdamgia.ru/formula/svg/5b/5b9f9f83959d4980f288eb002204051c.svg",
            "https://ege.sdamgia.ru/formula/svg/5b/5b9f9f83959d4980f288eb002204051c.svg",
            "https://ege.sdamgia.ru/formula/svg/96/960cae67310b96bd6f5035b77b5e4dea.svg",
            "https://ege.sdamgia.ru/formula/svg/44/444c325a3a55abc1a551e5d1a5796ed7.svg",
            "https://ege.sdamgia.ru/formula/svg/39/391d8156f5958c8551980b2a39f4c2a0.svg",
            "https://ege.sdamgia.ru/formula/svg/02/02e190dbdd11cb5e92f63f1eb8c6d494.svg"
        ]
    },
    "answer": "-10",
    "topic_id": 11,
    "analog_ids": [
        508895,
        508896,
        508897,
        508898,
        508896,
        508897,
        508898,
        508899,
        508900,
        508901,
        508902,
        642298
    ]
}