{
    "gia_type": "ege",
    "subject": "math",
    "id": 509241,
    "condition": {
        "text": "На рисунке изображены графики двух линейных функций. Найдите ординату точки пересечения графиков.",
        "html": "<div align=\"justify\" width=\"100%\" id=\"body633797\" class=\"pbody\"><p class=\"left_margin\"><img src=\"/get_file?id=151944\" style=\"float:right;margin:10px;max-width:100%;height:144px; overflow:hidden\">На ри­сун­ке изоб­ра­же­ны гра­фи­ки двух ли­ней­ных функ­ций. Най­ди­те ор­ди­на­ту точки пе­ре­се­че­ния гра­фи­ков.</p></div>",
        "image_urls": [
            "/get_file?id=151944"
        ]
    },
    "solution": {
        "text": "Решение. Заметим, что уравнение прямой имеет вид y  =  kx + b. Найдём уравнение прямой, отмеченной на рисунке оранжевым цветом. Заметим, что k  — тангенс угла наклона прямой, тогда  По графику, y(−1)  =  −1, отсюда  Следовательно, уравнение прямой имеет вид Найдём уравнение прямой, отмеченной на рисунке синим цветом. Заметим, что k  — тангенс угла наклона прямой, тогда  По графику, y(2)  =  −1, отсюда  Следовательно, уравнение прямой имеет вид Теперь найдём абсциссу точки пересечения функций: Тогда ордината точки пересечения графиков функций равна  Ответ: 2,75.",
        "html": "<div align=\"justify\" width=\"100%\" id=\"sol509241\" class=\"solution\" style=\"clear:both;\" class=\"pbody\"><p class=\"left_margin\"></p><b>Ре­ше­ние<!--rule_info-->. </b><p class=\"left_margin\">За­ме­тим, что урав­не­ние пря­мой имеет вид <i>y</i>  =  <i>kx</i> + <i>b</i>. </p><p class=\"left_margin\">Найдём урав­не­ние пря­мой, от­ме­чен­ной на ри­сун­ке оран­же­вым цве­том. За­ме­тим, что <i>k</i>  — тан­генс угла на­кло­на пря­мой, <nobr>тогда <img src=\"https://ege.sdamgia.ru/formula/svg/8f/8feaccfc27d337d2296c4e70621aef94.svg\" class=\"tex\" style=\"vertical-align:-8.3pt\" alt=\"k= минус дробь: чис­ли­тель: 5, зна­ме­на­тель: 1 конец дроби = минус 5. \"></nobr> По гра­фи­ку, <i>y</i>(−1)  =  −1, от­сю­да <img src=\"https://ege.sdamgia.ru/formula/svg/cb/cbdea91f92546b16db396dd944e76f57.svg\" class=\"tex\" style=\"vertical-align:-3.6pt\" alt=\" минус 5 умно­жить на левая круг­лая скоб­ка минус 1 пра­вая круг­лая скоб­ка плюс b= минус 1 рав­но­силь­но b= минус 6.\"> Сле­до­ва­тель­но, урав­не­ние пря­мой имеет <nobr>вид <img src=\"https://ege.sdamgia.ru/formula/svg/8b/8b0546dc5349c3b3259bf55233227a1f.svg\" class=\"tex\" style=\"vertical-align:-3.0pt\" alt=\"y= минус 5x минус 6.\"></nobr></p><p class=\"left_margin\">Найдём урав­не­ние пря­мой, от­ме­чен­ной на ри­сун­ке синим цве­том. За­ме­тим, что <i>k</i>  — тан­генс угла на­кло­на пря­мой, <nobr>тогда <img src=\"https://ege.sdamgia.ru/formula/svg/90/90eaa55e5706d4ca2d3f12680b7adeac.svg\" class=\"tex\" style=\"vertical-align:-8.5pt\" alt=\"k= минус дробь: чис­ли­тель: 3, зна­ме­на­тель: 3 конец дроби = минус 1. \"></nobr> По гра­фи­ку, <i>y</i>(2)  =  −1, от­сю­да <img src=\"https://ege.sdamgia.ru/formula/svg/3c/3cf5eea0097a7685d43bb80eb9f6e252.svg\" class=\"tex\" style=\"vertical-align:-1.8pt\" alt=\" минус 1 умно­жить на 2 плюс b= минус 1 рав­но­силь­но b=1.\"> Сле­до­ва­тель­но, урав­не­ние пря­мой имеет вид <img src=\"https://ege.sdamgia.ru/formula/svg/8f/8fc841e2ef83573e41895d482ae0600a.svg\" class=\"tex\" style=\"vertical-align:-3.0pt\" alt=\"y= минус x плюс 1.\"></p><p class=\"left_margin\">Те­перь найдём абс­цис­су точки пе­ре­се­че­ния функ­ций:</p><p class=\"left_margin\"></p><center><p><img src=\"https://ege.sdamgia.ru/formula/svg/a5/a5edac71447b418379f74bb8e090a47c.svg\" class=\"tex\" style=\"vertical-align:-8.4pt\" alt=\" минус 5x минус 6= минус x плюс 1 рав­но­силь­но минус 4x=7 рав­но­силь­но x= минус дробь: чис­ли­тель: 7, зна­ме­на­тель: 4 конец дроби = минус 1,75.\"></p><p class=\"left_margin\"></p></center><p> Тогда ор­ди­на­та точки пе­ре­се­че­ния гра­фи­ков функ­ций равна <img src=\"https://ege.sdamgia.ru/formula/svg/ff/ffc22bf35e5a3ace28e035def8f7e646.svg\" class=\"tex\" style=\"vertical-align:-3.6pt\" alt=\"y левая круг­лая скоб­ка минус 1,75 пра­вая круг­лая скоб­ка = минус левая круг­лая скоб­ка минус 1,75 пра­вая круг­лая скоб­ка плюс 1=2,75.\"></p><p>&nbsp;</p><p><span style=\"letter-spacing: 2px;\">Ответ:</span> 2,75.</p></div>",
        "image_urls": [
            "https://ege.sdamgia.ru/formula/svg/8f/8feaccfc27d337d2296c4e70621aef94.svg",
            "https://ege.sdamgia.ru/formula/svg/cb/cbdea91f92546b16db396dd944e76f57.svg",
            "https://ege.sdamgia.ru/formula/svg/8b/8b0546dc5349c3b3259bf55233227a1f.svg",
            "https://ege.sdamgia.ru/formula/svg/90/90eaa55e5706d4ca2d3f12680b7adeac.svg",
            "https://ege.sdamgia.ru/formula/svg/3c/3cf5eea0097a7685d43bb80eb9f6e252.svg",
            "https://ege.sdamgia.ru/formula/svg/8f/8fc841e2ef83573e41895d482ae0600a.svg",
            "https://ege.sdamgia.ru/formula/svg/a5/a5edac71447b418379f74bb8e090a47c.svg",
            "https://ege.sdamgia.ru/formula/svg/ff/ffc22bf35e5a3ace28e035def8f7e646.svg"
        ]
    },
    "answer": "2,75",
    "topic_id": 11,
    "analog_ids": [
        509241,
        509242,
        509243,
        509244,
        509242,
        509243,
        509244,
        509245,
        509246,
        509247,
        509248,
        509249,
        509250,
        509251,
        509252
    ]
}