{
    "gia_type": "ege",
    "subject": "math",
    "id": 509582,
    "condition": {
        "text": "Окружность с центром O, расположенном внутри прямоугольной трапеции ABCD, проходит через вершины B и C большей боковой стороны этой трапеции  и касается боковой стороны AD в точке T.а)  Докажите, что угол BOC вдвое больше угла BTC.б)  Найдите расстояние от точки T до прямой BC, если основания трапеции AB и CD равны 4 и 9 соответственно.",
        "html": "<div align=\"justify\" width=\"100%\" id=\"body632946\" class=\"pbody\"><p class=\"left_margin\">Окруж­ность с цен­тром <i>O</i>, рас­по­ло­жен­ном внут­ри пря­мо­уголь­ной тра­пе­ции <i>ABCD</i>, про­хо­дит через вер­ши­ны <i>B</i> и <i>C</i> боль­шей бо­ко­вой сто­ро­ны этой тра­пе­ции  и ка­са­ет­ся бо­ко­вой сто­ро­ны <i>AD</i> в точке <i>T</i>.</p><p class=\"left_margin\">а)  До­ка­жи­те, что угол <i>BOC</i> вдвое боль­ше угла <i>BTC</i>.</p><p class=\"left_margin\">б)  Най­ди­те рас­сто­я­ние от точки <i>T</i> до пря­мой <i>BC</i>, если ос­но­ва­ния тра­пе­ции <i>AB</i> и <i>CD</i> равны 4 и 9 со­от­вет­ствен­но.</p></div>",
        "image_urls": []
    },
    "solution": {
        "text": "Решение. а)  Угол BTC вписан в окружность, а угол BOC  — соответствующий ему центральный угол. Следовательно, ∠BOC  =  2∠BTC.б)  Из условия касания окружности и стороны AD следует, что прямые OT и AD перпендикулярны. Пусть окружность вторично пересекает прямую AB в точке L и сторону CD  — в точке M. Тогда диаметр окружности, перпендикулярный стороне AB, делит каждую из хорд BL и CM пополам. Обозначим OT = r, тогда AL = 2r − AB = 2r − 4,     DM = 2r − DC = 2r − 9.По теореме Пифагора  По теореме о касательной и секущей  Следовательно, Аналогично Из теоремы синусов следует, что BC = 2r · sin ∠BTC. Пусть h  — искомоерасстояние от точки T до прямой BC . Выразим площадь треугольника BTC двумя способами:Отсюда получаем, что  Следовательно,  Ответ:  6. Примечание.Заметим, что AL больше радиуса окружности, а DC меньше диаметра, поэтому DC < 2AL. В данной задаче АВ  =  4, CD  =  9, поэтому точка В лежит на отрезке AL. При других числовых данных точка В может лежать на продолжении отрезка АL за точку L. Приведенное решение остается верным и для такого случая. Приведем решение пункта б) Сергей Николаева.Пусть K  — точка пересечения прямых AD и ВC, точка S  — основание перпендикуляра, опущенного из точки T на прямую BC. Треугольники DKC и AKB подобны по двум углам, поэтому  По теореме об отрезках секущей  тогда  и  Треугольники KTS и KCD подобны по двум углам, поэтому  откуда  Еще один способ решения  приведен нами на сайте Решу ОГЭ в задании 340855.",
        "html": "<div align=\"justify\" width=\"100%\" id=\"sol509582\" class=\"solution\" style=\"clear:both;\" class=\"pbody\"><p class=\"left_margin\"></p><b>Ре­ше­ние<!--rule_info-->. </b><p class=\"left_margin\"><img src=\"/get_file?id=150049\" style=\"float:right;margin:10px;max-width:100%\">а)  Угол <i>BTC</i> впи­сан в окруж­ность, а угол <i>BOC</i>  — со­от­вет­ству­ю­щий ему цен­траль­ный угол. Сле­до­ва­тель­но, ∠<i>BOC</i>  =  2∠<i>BTC</i>.</p><p class=\"left_margin\">б)  Из усло­вия ка­са­ния окруж­но­сти и сто­ро­ны <i>AD</i> сле­ду­ет, что пря­мые <i>OT</i> и <i>AD</i> пер­пен­ди­ку­ляр­ны. Пусть окруж­ность вто­рич­но пе­ре­се­ка­ет пря­мую <i>AB</i> в точке <i>L</i> и сто­ро­ну <i>CD</i>  — в точке <i>M</i>. Тогда диа­метр окруж­но­сти, пер­пен­ди­ку­ляр­ный сто­ро­не <i>AB</i>, делит каж­дую из хорд <i>BL</i> и <i>CM</i> по­по­лам. Обо­зна­чим <i>OT</i> = <i>r</i>, тогда </p><p class=\"left_margin\"></p><center><p><i>AL</i> = 2<i>r</i> − <i>AB</i> = 2<i>r</i> − 4,     <i>DM</i> = 2<i>r</i> − <i>DC</i> = 2<i>r</i> − 9.</p><p class=\"left_margin\"></p></center><p class=\"left_margin\">По тео­ре­ме Пи­фа­го­ра <img src=\"https://ege.sdamgia.ru/formula/svg/d4/d4b68b9add1d5c325cdefd4538a8c56f.svg\" class=\"tex\" style=\"vertical-align:-1.8pt\" alt=\"TB в квад­ра­те =AT в квад­ра­те плюс AB в квад­ра­те \"> По тео­ре­ме о ка­са­тель­ной и се­ку­щей <img src=\"https://ege.sdamgia.ru/formula/svg/db/dbf5f30ef6103edb7022c6efb31d7193.svg\" class=\"tex\" style=\"vertical-align:-3.6pt\" alt=\"AT в квад­ра­те =AB умно­жить на AL = 4 левая круг­лая скоб­ка 2r минус 4 пра­вая круг­лая скоб­ка .\"> Сле­до­ва­тель­но, <img src=\"https://ege.sdamgia.ru/formula/svg/24/2418bc46f931e5c424803b348b640e43.svg\" class=\"tex\" style=\"vertical-align:-3.6pt\" alt=\"TB в квад­ра­те = 4 левая круг­лая скоб­ка 2r минус 4 пра­вая круг­лая скоб­ка плюс 4 в квад­ра­те = 8r.\"></p><p class=\"left_margin\">Ана­ло­гич­но <img src=\"https://ege.sdamgia.ru/formula/svg/0c/0c7ed6412bf9142430a41207b21930cc.svg\" class=\"tex\" style=\"vertical-align:-1.8pt\" alt=\"TC в квад­ра­те = 18r.\"></p><p class=\"left_margin\">Из тео­ре­мы си­ну­сов сле­ду­ет, что <i>BC</i> = 2<i>r</i> · sin&nbsp;∠<i>BTC</i>. Пусть <i>h</i>  — ис­ко­мое</p><p>рас­сто­я­ние от точки <i>T</i> до пря­мой <i>BC</i> . Вы­ра­зим пло­щадь тре­уголь­ни­ка <i>BTC</i> двумя спо­со­ба­ми:</p><p class=\"left_margin\"></p><center><p><img src=\"https://ege.sdamgia.ru/formula/svg/ef/ef73b893e353370f52691bcd297eb2a8.svg\" class=\"tex\" style=\"vertical-align:-8.4pt\" alt=\"S_BTC= дробь: чис­ли­тель: 1, зна­ме­на­тель: 2 конец дроби h умно­жить на BC= дробь: чис­ли­тель: 1, зна­ме­на­тель: 2 конец дроби TB умно­жить на TC умно­жить на синус \\angle BTC.\"></p><p class=\"left_margin\"></p></center><p class=\"left_margin\">От­сю­да по­лу­ча­ем, что <img src=\"https://ege.sdamgia.ru/formula/svg/ab/ab9ba7acbb97720a88ebd91a211b9e6d.svg\" class=\"tex\" style=\"vertical-align:-1.8pt\" alt=\"h умно­жить на 2r умно­жить на синус \\angle BTC = ко­рень из: на­ча­ло ар­гу­мен­та: 8r конец ар­гу­мен­та умно­жить на ко­рень из: на­ча­ло ар­гу­мен­та: 18r конец ар­гу­мен­та умно­жить на синус \\angle BTC.\"> Сле­до­ва­тель­но, <img src=\"https://ege.sdamgia.ru/formula/svg/f7/f7638c1032c12e766d8b8a394cfc0c14.svg\" class=\"tex\" style=\"vertical-align:-1.8pt\" alt=\"h= ко­рень из: на­ча­ло ар­гу­мен­та: 4 умно­жить на 9 конец ар­гу­мен­та = 6.\"></p><p>&nbsp;</p><p><span style=\"letter-spacing: 2px;\">Ответ:</span>  6.</p><p>&nbsp;</p><p><b>При­ме­ча­ние.</b></p><p class=\"left_margin\">За­ме­тим, что <i>AL</i> боль­ше ра­ди­у­са окруж­но­сти, а <i>DC</i> мень­ше диа­мет­ра, по­это­му <i>DC</i> &lt; 2<i>AL</i>. В дан­ной за­да­че <i>АВ</i>  =  4, <i>CD</i>  =  9, по­это­му точка <i>В</i> лежит на от­рез­ке <i>AL</i>. При дру­гих чис­ло­вых дан­ных точка <i>В</i> может ле­жать на про­дол­же­нии от­рез­ка <i>АL</i> за точку <i>L</i>. При­ве­ден­ное ре­ше­ние оста­ет­ся вер­ным и для та­ко­го слу­чая.</p><p><img src=\"/get_file?id=150051\" style=\"float:right;margin:10px;max-width:100%\"></p><p>&nbsp;</p><p><b>При­ве­дем ре­ше­ние пунк­та б) Сер­гей Ни­ко­ла­е­ва.</b></p><p class=\"left_margin\">Пусть <i>K</i>  — точка пе­ре­се­че­ния пря­мых <i>AD</i> и <i>ВC</i>, точка <i>S</i>  — ос­но­ва­ние пер­пен­ди­ку­ля­ра, опу­щен­но­го из точки <i>T</i> на пря­мую <i>BC</i>. Тре­уголь­ни­ки <i>DKC</i> и <i>AKB</i> по­доб­ны по двум углам, по­это­му <img src=\"https://ege.sdamgia.ru/formula/svg/4e/4e5bcdc702326274af4e07aed87924eb.svg\" class=\"tex\" style=\"vertical-align:-1.8pt\" alt=\"KB:KC = AB:DC = 4:9.\"> По тео­ре­ме об от­рез­ках се­ку­щей <img src=\"https://ege.sdamgia.ru/formula/svg/b3/b335c706cfe2d4ee7009a8c3afd4ccbd.svg\" class=\"tex\" style=\"vertical-align:-3.0pt\" alt=\" KT в квад­ра­те =KB умно­жить на KC, \"> тогда <img src=\"https://ege.sdamgia.ru/formula/svg/8e/8e33991c53a947897778895cd928d125.svg\" class=\"tex\" style=\"vertical-align:-8.5pt\" alt=\" KT в квад­ра­те = дробь: чис­ли­тель: 4, зна­ме­на­тель: 9 конец дроби умно­жить на KC в квад­ра­те , \"> и <img src=\"https://ege.sdamgia.ru/formula/svg/d4/d4fbaf03ab9dee4864b864c27b281faf.svg\" class=\"tex\" style=\"vertical-align:-1.8pt\" alt=\"KT:KC = 2:3.\"> Тре­уголь­ни­ки <i>KTS</i> и <i>KCD</i> по­доб­ны по двум углам, по­это­му <img src=\"https://ege.sdamgia.ru/formula/svg/d6/d6a3fc75e1a0d03d16170e41795756b2.svg\" class=\"tex\" style=\"vertical-align:-3.0pt\" alt=\"TS:DC = KT:KC = 2:3,\"> от­ку­да <img src=\"https://ege.sdamgia.ru/formula/svg/16/162e0511464591bdc440a1adb3c47708.svg\" class=\"tex\" style=\"vertical-align:-8.5pt\" alt=\"TS= дробь: чис­ли­тель: 2, зна­ме­на­тель: 3 конец дроби умно­жить на 9 = 6. \"></p><p>&nbsp;</p><p><b>Еще один спо­соб ре­ше­ния</b> </p><p> при­ве­ден нами на сайте Решу ОГЭ в за­да­нии <a href=\"https://oge.sdamgia.ru/problem?id=340855\" target=\"_blank\">340855</a>.</p></div>",
        "image_urls": [
            "https://ege.sdamgia.ru/formula/svg/d4/d4b68b9add1d5c325cdefd4538a8c56f.svg",
            "https://ege.sdamgia.ru/formula/svg/db/dbf5f30ef6103edb7022c6efb31d7193.svg",
            "https://ege.sdamgia.ru/formula/svg/24/2418bc46f931e5c424803b348b640e43.svg",
            "https://ege.sdamgia.ru/formula/svg/0c/0c7ed6412bf9142430a41207b21930cc.svg",
            "https://ege.sdamgia.ru/formula/svg/ef/ef73b893e353370f52691bcd297eb2a8.svg",
            "https://ege.sdamgia.ru/formula/svg/ab/ab9ba7acbb97720a88ebd91a211b9e6d.svg",
            "https://ege.sdamgia.ru/formula/svg/f7/f7638c1032c12e766d8b8a394cfc0c14.svg",
            "https://ege.sdamgia.ru/formula/svg/4e/4e5bcdc702326274af4e07aed87924eb.svg",
            "https://ege.sdamgia.ru/formula/svg/b3/b335c706cfe2d4ee7009a8c3afd4ccbd.svg",
            "https://ege.sdamgia.ru/formula/svg/8e/8e33991c53a947897778895cd928d125.svg",
            "https://ege.sdamgia.ru/formula/svg/d4/d4fbaf03ab9dee4864b864c27b281faf.svg",
            "https://ege.sdamgia.ru/formula/svg/d6/d6a3fc75e1a0d03d16170e41795756b2.svg",
            "https://ege.sdamgia.ru/formula/svg/16/162e0511464591bdc440a1adb3c47708.svg",
            "/get_file?id=150049",
            "/get_file?id=150051"
        ]
    },
    "answer": "6.",
    "topic_id": 17,
    "analog_ids": []
}