{
    "gia_type": "ege",
    "subject": "math",
    "id": 514097,
    "condition": {
        "text": "Одна окружность вписана в прямоугольную трапецию, а вторая касается большей боковой стороны и продолжений оснований.а)  Докажите, что расстояние между центрами окружностей равно большей боковой стороне трапеции.б)  Найдите расстояние от вершины одного из прямых углов трапеции до центра второй окружности, если точка касания первой окружности с большей боковой стороной трапеции делит её на отрезки, равные 2 и 50.",
        "html": "<div align=\"justify\" width=\"100%\" id=\"body636621\" class=\"pbody\"><p class=\"left_margin\">Одна окруж­ность впи­са­на в пря­мо­уголь­ную тра­пе­цию, а вто­рая ка­са­ет­ся боль­шей бо­ко­вой сто­ро­ны и про­дол­же­ний ос­но­ва­ний.</p><p class=\"left_margin\">а)  До­ка­жи­те, что рас­сто­я­ние между цен­тра­ми окруж­но­стей равно боль­шей бо­ко­вой сто­ро­не тра­пе­ции.</p><p class=\"left_margin\">б)  Най­ди­те рас­сто­я­ние от вер­ши­ны од­но­го из пря­мых углов тра­пе­ции до цен­тра вто­рой окруж­но­сти, если точка ка­са­ния пер­вой окруж­но­сти с боль­шей бо­ко­вой сто­ро­ной тра­пе­ции делит её на от­рез­ки, рав­ные 2 и 50.</p></div>",
        "image_urls": []
    },
    "solution": {
        "text": "Решение. а)  Пусть O  — центр окружности, вписанной в прямоугольную трапецию ABCD с основаниями AD и BC, O1  — центр окружности, касающейся большей боковой стороны и продолжений оснований трапеции (рис. 1).Точка O лежит на биссектрисах углов BCD и ADC, следовательно,Точка O1 лежит на биссектрисе угла, смежного с углом BCD, значит,  Аналогично, углы CO1D и ODO1  — прямые. Значит, OCO1D  — прямоугольник, поэтому CD  =  OO1.б)  Пусть окружность, вписанная в трапецию ABCD, касается стороны AD в точке P, а стороны CD  — в точке M, вторая окружность касается прямой AD в точке Q (рис. 2).Радиусы окружностей OP и O1Q равны половине расстояния между параллельными прямыми AD и BC. Получаем, что OO1QP  — прямоугольник, следовательно, OO1  =  PQ.В прямоугольном треугольнике COD имеем:В прямоугольном треугольнике AQO1 имеем:Расстояние от вершины прямого угла трапеции до центра второй окружности равно Ответ: ",
        "html": "<div align=\"justify\" width=\"100%\" id=\"sol514097\" class=\"solution\" style=\"clear:both;\" class=\"pbody\"><p class=\"left_margin\"></p><b>Ре­ше­ние<!--rule_info-->. </b><p class=\"left_margin\"><img src=\"/get_file?id=150090\" style=\"float:right;margin:10px;max-width:100%\">а)  Пусть <i>O</i>  — центр окруж­но­сти, впи­сан­ной в пря­мо­уголь­ную тра­пе­цию <i>ABCD</i> с ос­но­ва­ни­я­ми <i>AD</i> и <i>BC</i>, <i>O</i><sub>1</sub>  — центр окруж­но­сти, ка­са­ю­щей­ся боль­шей бо­ко­вой сто­ро­ны и про­дол­же­ний ос­но­ва­ний тра­пе­ции (рис. 1).</p><p class=\"left_margin\">Точка <i>O</i> лежит на бис­сек­три­сах углов <i>BCD</i> и <i>ADC</i>, сле­до­ва­тель­но,</p><p class=\"left_margin\"></p><center><p><img src=\"https://ege.sdamgia.ru/formula/svg/cd/cd25dbbd627aa27f81fc368cbbb6f2a9.svg\" class=\"tex\" style=\"vertical-align:-8.4pt\" alt=\"\\angle COD=180 гра­ду­сов минус дробь: чис­ли­тель: 1, зна­ме­на­тель: 2 конец дроби \\angle BCD минус дробь: чис­ли­тель: 1, зна­ме­на­тель: 2 конец дроби \\algle ADC=90 гра­ду­сов\"></p><p class=\"left_margin\"></p></center><p class=\"left_margin\">Точка <i>O</i><sub>1</sub> лежит на бис­сек­три­се угла, смеж­но­го с углом <i>BCD</i>, зна­чит, <img src=\"https://ege.sdamgia.ru/formula/svg/26/264f655ae991716f4d84a347d0526803.svg\" class=\"tex\" style=\"vertical-align:-2.6pt\" alt=\"\\angle OCO_1=90 гра­ду­сов.\"> Ана­ло­гич­но, углы <i>CO</i><sub>1</sub><i>D</i> и <i>ODO</i><sub>1</sub>  — пря­мые. Зна­чит, <i>OCO</i><sub>1</sub><i>D</i>  — пря­мо­уголь­ник, по­это­му <i>CD</i>  =  <i>OO</i><sub>1</sub>.</p><p><img src=\"/get_file?id=150089\" style=\"float:right;margin:10px;max-width:100%\">б)  Пусть окруж­ность, впи­сан­ная в тра­пе­цию <i>ABCD</i>, ка­са­ет­ся сто­ро­ны <i>AD</i> в точке <i>P</i>, а сто­ро­ны <i>CD</i>  — в точке <i>M</i>, вто­рая окруж­ность ка­са­ет­ся пря­мой <i>AD</i> в точке <i>Q</i> (рис. 2).</p><p class=\"left_margin\">Ра­ди­у­сы окруж­но­стей <i>OP</i> и <i>O</i><sub>1</sub><i>Q</i> равны по­ло­ви­не рас­сто­я­ния между па­рал­лель­ны­ми пря­мы­ми <i>AD</i> и <i>BC</i>. По­лу­ча­ем, что <i>OO</i><sub>1</sub><i>QP</i>  — пря­мо­уголь­ник, сле­до­ва­тель­но, <i>OO</i><sub>1</sub>  =  <i>PQ</i>.</p><p class=\"left_margin\">В пря­мо­уголь­ном тре­уголь­ни­ке <i>COD</i> имеем:</p><p class=\"left_margin\"></p><center><p><img src=\"https://ege.sdamgia.ru/formula/svg/9e/9e2765e3c7ea33d483f52065236ce62c.svg\" class=\"tex\" style=\"vertical-align:-1.8pt\" alt=\"OM= ко­рень из: на­ча­ло ар­гу­мен­та: CM умно­жить на MD конец ар­гу­мен­та =10.\"></p><p><img src=\"https://ege.sdamgia.ru/formula/svg/6a/6a77015874f351d174475725880ac4c2.svg\" class=\"tex\" style=\"vertical-align:-3.0pt\" alt=\"AQ=AP плюс PQ=OP плюс OO_1=OM плюс CD=62.\"></p><p class=\"left_margin\"></p></center><p class=\"left_margin\">В пря­мо­уголь­ном тре­уголь­ни­ке <i>AQO</i><sub>1</sub> имеем:</p><p class=\"left_margin\"></p><center><p><img src=\"https://ege.sdamgia.ru/formula/svg/6e/6e537d11a1d0254b8d6719ae59a93a46.svg\" class=\"tex\" style=\"vertical-align:-6.8pt\" alt=\"AO_1= ко­рень из: на­ча­ло ар­гу­мен­та: AQ в квад­ра­те плюс QO в квад­ра­те _1 конец ар­гу­мен­та =2 ко­рень из: на­ча­ло ар­гу­мен­та: 986 конец ар­гу­мен­та .\"></p><p class=\"left_margin\"></p></center><p class=\"left_margin\">Рас­сто­я­ние от вер­ши­ны пря­мо­го угла тра­пе­ции до цен­тра вто­рой окруж­но­сти равно</p><p class=\"left_margin\"></p><center><p><img src=\"https://ege.sdamgia.ru/formula/svg/46/46ef008abe9a109a4702845b40dfc5d0.svg\" class=\"tex\" style=\"vertical-align:-2.5pt\" alt=\"BO_1=AO_1=2 ко­рень из: на­ча­ло ар­гу­мен­та: 986 конец ар­гу­мен­та .\"></p><p class=\"left_margin\"></p></center><p>&nbsp;</p><p><span style=\"letter-spacing: 2px;\">Ответ:</span> <img src=\"https://ege.sdamgia.ru/formula/svg/38/3823d6d50d8af0b3743bb6c0cf205b27.svg\" class=\"tex\" style=\"vertical-align:-1.8pt\" alt=\"2 ко­рень из: на­ча­ло ар­гу­мен­та: 986 конец ар­гу­мен­та .\"></p></div>",
        "image_urls": [
            "https://ege.sdamgia.ru/formula/svg/cd/cd25dbbd627aa27f81fc368cbbb6f2a9.svg",
            "https://ege.sdamgia.ru/formula/svg/26/264f655ae991716f4d84a347d0526803.svg",
            "https://ege.sdamgia.ru/formula/svg/9e/9e2765e3c7ea33d483f52065236ce62c.svg",
            "https://ege.sdamgia.ru/formula/svg/6a/6a77015874f351d174475725880ac4c2.svg",
            "https://ege.sdamgia.ru/formula/svg/6e/6e537d11a1d0254b8d6719ae59a93a46.svg",
            "https://ege.sdamgia.ru/formula/svg/46/46ef008abe9a109a4702845b40dfc5d0.svg",
            "https://ege.sdamgia.ru/formula/svg/38/3823d6d50d8af0b3743bb6c0cf205b27.svg",
            "/get_file?id=150090",
            "/get_file?id=150089"
        ]
    },
    "answer": "",
    "topic_id": 17,
    "analog_ids": []
}