{
    "gia_type": "ege",
    "subject": "math",
    "id": 514373,
    "condition": {
        "text": "В прямоугольной трапеции ABCD с прямым углом при вершине A расположены две окружности. Одна из них касается боковых сторон  и большего основания AD, вторая  — боковых сторон, меньшего основания BC и первой окружности.а)  Прямая, проходящая через центры окружностей, пересекает основание AD в точке P. Докажите, что б)  Найдите площадь трапеции, если радиусы окружностей равны 3 и 1.",
        "html": "<div align=\"justify\" width=\"100%\" id=\"body636857\" class=\"pbody\"><p class=\"left_margin\">В пря­мо­уголь­ной тра­пе­ции <i>ABCD</i> с пря­мым углом при вер­ши­не <i>A</i> рас­по­ло­же­ны две окруж­но­сти. Одна из них ка­са­ет­ся бо­ко­вых сто­рон  и боль­ше­го ос­но­ва­ния <i>AD</i>, вто­рая  — бо­ко­вых сто­рон, мень­ше­го ос­но­ва­ния <i>BC</i> и пер­вой окруж­но­сти.</p><p class=\"left_margin\">а)  Пря­мая, про­хо­дя­щая через цен­тры окруж­но­стей, пе­ре­се­ка­ет ос­но­ва­ние <i>AD</i> в точке <i>P</i>. До­ка­жи­те, что <img src=\"https://ege.sdamgia.ru/formula/svg/22/22dcdab12a9b7687d1f10f73f94d5478.svg\" class=\"tex\" style=\"vertical-align:-8.3pt\" alt=\" дробь: чис­ли­тель: AP, зна­ме­на­тель: PD конец дроби = синус D. \"></p><p class=\"left_margin\">б)  Най­ди­те пло­щадь тра­пе­ции, если ра­ди­у­сы окруж­но­стей равны 3 и 1.</p></div>",
        "image_urls": [
            "https://ege.sdamgia.ru/formula/svg/22/22dcdab12a9b7687d1f10f73f94d5478.svg"
        ]
    },
    "solution": {
        "text": "Решение. а)  Пусть Q  — точка пересечения продолжений боковых сторон. Точка Q, центры окружностей и точка P лежат на одной прямой, причём QP  — биссектриса прямоугольного треугольника AQD. Следовательно, по свойству биссектрисы треугольника б)  Пусть окружность с центром O1 радиуса R  =  3 касается боковой стороны AB в точке E, а основания AD  — в точке M; окружность радиуса r  =  1 с центром O2 касается боковой стороны AB в точке F, а основания BC  — в точке N. Отпустим перпендикуляр O2H из центра меньшей окружности на отрезок O1E.Тогдаа так как линия центров окружностей проходит через точку их касания,Значит, Обозначим  Тогда  Получаем:  Из треугольника O2CN находим:Следовательно,  Аналогично,  Учитывая, что  получаем Ответ: б) ",
        "html": "<div align=\"justify\" width=\"100%\" id=\"sol514373\" class=\"solution\" style=\"clear:both;\" class=\"pbody\"><p class=\"left_margin\"></p><b>Ре­ше­ние<!--rule_info-->. </b><p class=\"left_margin\"><img src=\"/get_file?id=150091\" style=\"float:right;margin:10px;max-width:100%\">а)  Пусть <i>Q</i>  — точка пе­ре­се­че­ния про­дол­же­ний бо­ко­вых сто­рон. Точка <i>Q</i>, цен­тры окруж­но­стей и точка <i>P</i> лежат на одной пря­мой, причём <i>QP</i>  — бис­сек­три­са пря­мо­уголь­но­го тре­уголь­ни­ка <i>AQD</i>. Сле­до­ва­тель­но, по свой­ству бис­сек­три­сы тре­уголь­ни­ка <img src=\"https://ege.sdamgia.ru/formula/svg/63/6369d50742ba852f31151f15b7777d6e.svg\" class=\"tex\" style=\"vertical-align:-10.4pt\" alt=\" дробь: чис­ли­тель: AP, зна­ме­на­тель: PD конец дроби = дробь: чис­ли­тель: QA, зна­ме­на­тель: QD конец дроби = синус D. \"></p><p class=\"left_margin\">б)  Пусть окруж­ность с цен­тром <i>O</i><sub>1</sub> ра­ди­у­са <i>R</i>  =  3 ка­са­ет­ся бо­ко­вой сто­ро­ны <i>AB</i> в точке <i>E</i>, а ос­но­ва­ния <i>AD</i>  — в точке <i>M</i>; окруж­ность ра­ди­у­са <i>r</i>  =  1 с цен­тром <i>O</i><sub>2</sub> ка­са­ет­ся бо­ко­вой сто­ро­ны <i>AB</i> в точке <i>F</i>, а ос­но­ва­ния <i>BC</i>  — в точке <i>N</i>. От­пу­стим пер­пен­ди­ку­ляр <i>O</i><sub>2</sub><i>H</i> из цен­тра мень­шей окруж­но­сти на от­ре­зок <i>O</i><sub>1</sub><i>E</i>.</p><p class=\"left_margin\">Тогда</p><p class=\"left_margin\"></p><center><p><img src=\"https://ege.sdamgia.ru/formula/svg/06/0662c38752f0cb976dde6e2a16a08482.svg\" class=\"tex\" style=\"vertical-align:-3.0pt\" alt=\"O_1H=O_1E минус HE=O_1E минус O_2F=R минус r=3 минус 1=2,\"></p><p class=\"left_margin\"></p></center><p>а так как линия цен­тров окруж­но­стей про­хо­дит через точку их ка­са­ния,</p><p class=\"left_margin\"></p><center><p><img src=\"https://ege.sdamgia.ru/formula/svg/07/079dbeced31e2f1c4e12cd514af83c18.svg\" class=\"tex\" style=\"vertical-align:-2.5pt\" alt=\"O_1O_2=R плюс r=3 плюс 1=4.\"></p><p class=\"left_margin\"></p></center><p class=\"left_margin\">Зна­чит, <img src=\"https://ege.sdamgia.ru/formula/svg/38/3892e5921d326c66ac19cb2998785689.svg\" class=\"tex\" style=\"vertical-align:-6.8pt\" alt=\"EF=O_2H= ко­рень из: на­ча­ло ар­гу­мен­та: O_1O_2 в квад­ра­те минус O_1H в квад­ра­те конец ар­гу­мен­та = ко­рень из: на­ча­ло ар­гу­мен­та: 16 минус 4 конец ар­гу­мен­та =2 ко­рень из 3 .\"></p><p class=\"left_margin\">Обо­зна­чим <img src=\"https://ege.sdamgia.ru/formula/svg/39/39cb30211619ec798e03cfb02a3bef58.svg\" class=\"tex\" style=\"vertical-align:-2.9pt\" alt=\"\\angle AQP=\\angle HO_2O_1= альфа .\"> Тогда <img src=\"https://ege.sdamgia.ru/formula/svg/d7/d750a3563d99f611e26d9e785402fbb5.svg\" class=\"tex\" style=\"vertical-align:-10.1pt\" alt=\" тан­генс альфа = дробь: чис­ли­тель: O_1H, зна­ме­на­тель: O_2H конец дроби = дробь: чис­ли­тель: ко­рень из 3 , зна­ме­на­тель: 3 конец дроби . \"> По­лу­ча­ем:</p><p class=\"left_margin\"></p><center><p><img src=\"https://ege.sdamgia.ru/formula/svg/64/64772972d5699a6a950885c08de793c7.svg\" class=\"tex\" style=\"vertical-align:-3.0pt\" alt=\"\\angle BQC=2 альфа ,\"></p><p>&nbsp;</p><p><img src=\"https://ege.sdamgia.ru/formula/svg/2c/2c9388da9bab94520552108e63e617f3.svg\" class=\"tex\" style=\"vertical-align:-3.0pt\" alt=\"\\angle BCD=90 гра­ду­сов плюс 2 альфа ,\"></p><p>&nbsp;</p><p><img src=\"https://ege.sdamgia.ru/formula/svg/38/3837a6f46f1bc675f11cd7ed20cc0294.svg\" class=\"tex\" style=\"vertical-align:-8.4pt\" alt=\"\\angle O_2CN= дробь: чис­ли­тель: 1, зна­ме­на­тель: 2 конец дроби \\angle BCD=45 гра­ду­сов плюс альфа .\"></p><p class=\"left_margin\"></p></center><p class=\"left_margin\">Из тре­уголь­ни­ка <i>O</i><sub>2</sub><i>CN</i> на­хо­дим:</p><p class=\"left_margin\"></p><center><p><span data-width=\"640\" data-formulahash=\"4b9747b310747b723af8b1bf90419ab3\" class=\"tex-span\" style=\"\"><img src=\"https://ege.sdamgia.ru/formula/svg/4b/4b9747b310747b723af8b1bf90419ab3.svg\" class=\"tex\" style=\"vertical-align:-11.0pt\" alt=\"NC=O_2N\\ctg левая круг­лая скоб­ка 45 гра­ду­сов плюс альфа пра­вая круг­лая скоб­ка =O_2N тан­генс левая круг­лая скоб­ка 45 гра­ду­сов минус альфа пра­вая круг­лая скоб­ка = дробь: чис­ли­тель: 1 минус тан­генс альфа , зна­ме­на­тель: 1 плюс тан­генс альфа конец дроби = дробь: чис­ли­тель: 3 минус ко­рень из 3 , зна­ме­на­тель: 3 плюс ко­рень из 3 конец дроби =2 минус ко­рень из 3 . \"></span><span data-width=\"515\" data-formulahash=\"4b9747b310747b723af8b1bf90419ab3\" class=\"tex-span\" style=\"display:none\"><img src=\"https://ege.sdamgia.ru/formula/svg/43/43fa4bb36edc762971d7d5e5d7393b76.svg\" class=\"tex\" style=\"vertical-align:-3.6pt\" alt=\"NC=O_2N\\ctg левая круг­лая скоб­ка 45 гра­ду­сов плюс альфа пра­вая круг­лая скоб­ка =O_2N тан­генс левая круг­лая скоб­ка 45 гра­ду­сов минус альфа пра­вая круг­лая скоб­ка =\"><br><img src=\"https://ege.sdamgia.ru/formula/svg/5b/5b7e6df947b8849e79ea39b2f11dc159.svg\" class=\"tex\" style=\"vertical-align:-11.1pt\" alt=\"= дробь: чис­ли­тель: 1 минус тан­генс альфа , зна­ме­на­тель: 1 плюс тан­генс альфа конец дроби = дробь: чис­ли­тель: 3 минус ко­рень из 3 , зна­ме­на­тель: 3 плюс ко­рень из 3 конец дроби =2 минус ко­рень из 3 . \"></span></p><p class=\"left_margin\"></p></center><p class=\"left_margin\">Сле­до­ва­тель­но, <img src=\"https://ege.sdamgia.ru/formula/svg/fc/fc679ef520bd6c128282e0215128d7c2.svg\" class=\"tex\" style=\"vertical-align:-1.8pt\" alt=\"BC=BN плюс NC=1 плюс 2 минус ко­рень из 3 =3 минус ко­рень из 3 .\"> Ана­ло­гич­но, <img src=\"https://ege.sdamgia.ru/formula/svg/45/457eb40426c2c13353c582da2f5e1a0c.svg\" class=\"tex\" style=\"vertical-align:-3.0pt\" alt=\"\\angle O_1DM=45 гра­ду­сов минус альфа ,\"></p><p class=\"left_margin\"></p><center><p><span data-width=\"640\" data-formulahash=\"0686bf5521dc03eb71363abe1249a8a5\" class=\"tex-span\" style=\"\"><img src=\"https://ege.sdamgia.ru/formula/svg/06/0686bf5521dc03eb71363abe1249a8a5.svg\" class=\"tex\" style=\"vertical-align:-11.0pt\" alt=\"MD=O_1M\\ctg левая круг­лая скоб­ка 45 гра­ду­сов минус альфа пра­вая круг­лая скоб­ка =O_1M тан­генс левая круг­лая скоб­ка 45 гра­ду­сов плюс альфа пра­вая круг­лая скоб­ка =3 умно­жить на дробь: чис­ли­тель: 1 плюс тан­генс альфа , зна­ме­на­тель: 1 минус тан­генс альфа конец дроби =3 умно­жить на дробь: чис­ли­тель: 3 плюс ко­рень из 3 , зна­ме­на­тель: 3 минус ко­рень из 3 конец дроби =6 плюс 3 ко­рень из 3 ; \"></span><span data-width=\"565\" data-formulahash=\"0686bf5521dc03eb71363abe1249a8a5\" class=\"tex-span\" style=\"display:none\"><img src=\"https://ege.sdamgia.ru/formula/svg/67/67b3d3aaf26ec498421355c50ef3a84b.svg\" class=\"tex\" style=\"vertical-align:-3.6pt\" alt=\"MD=O_1M\\ctg левая круг­лая скоб­ка 45 гра­ду­сов минус альфа пра­вая круг­лая скоб­ка =O_1M тан­генс левая круг­лая скоб­ка 45 гра­ду­сов плюс альфа пра­вая круг­лая скоб­ка =\"><br><img src=\"https://ege.sdamgia.ru/formula/svg/2a/2a93df66dca1b3c9f516dfaab276907f.svg\" class=\"tex\" style=\"vertical-align:-11.1pt\" alt=\"=3 умно­жить на дробь: чис­ли­тель: 1 плюс тан­генс альфа , зна­ме­на­тель: 1 минус тан­генс альфа конец дроби =3 умно­жить на дробь: чис­ли­тель: 3 плюс ко­рень из 3 , зна­ме­на­тель: 3 минус ко­рень из 3 конец дроби =6 плюс 3 ко­рень из 3 ; \"></span></p><p>&nbsp;</p><p><img src=\"https://ege.sdamgia.ru/formula/svg/3d/3df532b1179bd7388a88af151b4a46b1.svg\" class=\"tex\" style=\"vertical-align:-1.8pt\" alt=\"AD=AM плюс MD=3 плюс 6 плюс 3 ко­рень из 3 =9 плюс 3 ко­рень из 3 .\"></p><p class=\"left_margin\"></p></center><p class=\"left_margin\">Учи­ты­вая, что <img src=\"https://ege.sdamgia.ru/formula/svg/1d/1d8421f711888282219a053da9ed0dd8.svg\" class=\"tex\" style=\"vertical-align:-3.0pt\" alt=\"AB=AE плюс EF плюс FB=R плюс O_2H плюс r=3 плюс 2 ко­рень из 3 плюс 1=4 плюс 2 ко­рень из 3 ,\"> по­лу­ча­ем</p><p class=\"left_margin\"></p><center><p><img src=\"https://ege.sdamgia.ru/formula/svg/0a/0aa17ad107ab45ef269699b46badcdaa.svg\" class=\"tex\" style=\"vertical-align:-8.4pt\" alt=\"S_ABCD= дробь: чис­ли­тель: 1, зна­ме­на­тель: 2 конец дроби левая круг­лая скоб­ка AD плюс BC пра­вая круг­лая скоб­ка умно­жить на AB= дробь: чис­ли­тель: 12 плюс 2 ко­рень из 3 , зна­ме­на­тель: 2 конец дроби умно­жить на левая круг­лая скоб­ка 4 плюс 2 ко­рень из 3 пра­вая круг­лая скоб­ка =30 плюс 16 ко­рень из 3 . \"></p><p class=\"left_margin\"></p></center><p>&nbsp;</p><p><span style=\"letter-spacing: 2px;\">Ответ:</span> б) <img src=\"https://ege.sdamgia.ru/formula/svg/c9/c94d6fbb21a1cc42e6b1f6cf39a1e141.svg\" class=\"tex\" style=\"vertical-align:-1.8pt\" alt=\"30 плюс 16 ко­рень из 3 .\"></p></div>",
        "image_urls": [
            "https://ege.sdamgia.ru/formula/svg/63/6369d50742ba852f31151f15b7777d6e.svg",
            "https://ege.sdamgia.ru/formula/svg/06/0662c38752f0cb976dde6e2a16a08482.svg",
            "https://ege.sdamgia.ru/formula/svg/07/079dbeced31e2f1c4e12cd514af83c18.svg",
            "https://ege.sdamgia.ru/formula/svg/38/3892e5921d326c66ac19cb2998785689.svg",
            "https://ege.sdamgia.ru/formula/svg/39/39cb30211619ec798e03cfb02a3bef58.svg",
            "https://ege.sdamgia.ru/formula/svg/d7/d750a3563d99f611e26d9e785402fbb5.svg",
            "https://ege.sdamgia.ru/formula/svg/64/64772972d5699a6a950885c08de793c7.svg",
            "https://ege.sdamgia.ru/formula/svg/2c/2c9388da9bab94520552108e63e617f3.svg",
            "https://ege.sdamgia.ru/formula/svg/38/3837a6f46f1bc675f11cd7ed20cc0294.svg",
            "https://ege.sdamgia.ru/formula/svg/4b/4b9747b310747b723af8b1bf90419ab3.svg",
            "https://ege.sdamgia.ru/formula/svg/43/43fa4bb36edc762971d7d5e5d7393b76.svg",
            "https://ege.sdamgia.ru/formula/svg/5b/5b7e6df947b8849e79ea39b2f11dc159.svg",
            "https://ege.sdamgia.ru/formula/svg/fc/fc679ef520bd6c128282e0215128d7c2.svg",
            "https://ege.sdamgia.ru/formula/svg/45/457eb40426c2c13353c582da2f5e1a0c.svg",
            "https://ege.sdamgia.ru/formula/svg/06/0686bf5521dc03eb71363abe1249a8a5.svg",
            "https://ege.sdamgia.ru/formula/svg/67/67b3d3aaf26ec498421355c50ef3a84b.svg",
            "https://ege.sdamgia.ru/formula/svg/2a/2a93df66dca1b3c9f516dfaab276907f.svg",
            "https://ege.sdamgia.ru/formula/svg/3d/3df532b1179bd7388a88af151b4a46b1.svg",
            "https://ege.sdamgia.ru/formula/svg/1d/1d8421f711888282219a053da9ed0dd8.svg",
            "https://ege.sdamgia.ru/formula/svg/0a/0aa17ad107ab45ef269699b46badcdaa.svg",
            "https://ege.sdamgia.ru/formula/svg/c9/c94d6fbb21a1cc42e6b1f6cf39a1e141.svg",
            "/get_file?id=150091"
        ]
    },
    "answer": "б)",
    "topic_id": 17,
    "analog_ids": []
}