{
    "gia_type": "ege",
    "subject": "math",
    "id": 516403,
    "condition": {
        "text": "Точки P, Q, W делят стороны выпуклого четырехугольника ABCD в отношении AP : PB  =  CQ : QB  =  CW : WD  =  3 : 4, радиус окружности, описанной около треугольника PQW, равен 10, PQ = 16, QW = 12, угол PWQ  — острый.а)  Докажите, что треугольник PQW  — прямоугольный.б)  Найдите площадь четырёхугольника ABCD.",
        "html": "<div align=\"justify\" width=\"100%\" id=\"body626639\" class=\"pbody\"><p class=\"left_margin\">Точки <i>P, Q, W</i> делят сто­ро­ны вы­пук­ло­го че­ты­рех­уголь­ни­ка <i>ABCD</i> в от­но­ше­нии <i>AP : PB  =  CQ : QB  =  CW : WD  =  3 : 4</i>, ра­ди­ус окруж­но­сти, опи­сан­ной около тре­уголь­ни­ка <i>PQW,</i> равен 10, <i>PQ</i> = 16, <i>QW</i> = 12, угол <i>PWQ</i>  — ост­рый.</p><p class=\"left_margin\">а)  До­ка­жи­те, что тре­уголь­ник <i>PQW</i>  — пря­мо­уголь­ный.</p><p class=\"left_margin\">б)  Най­ди­те пло­щадь четырёхуголь­ни­ка <i>ABCD</i>.</p></div>",
        "image_urls": []
    },
    "solution": {
        "text": "Решение. а)  По теореме синусов в треугольнике PQW имеемОтсюда Следовательно,  откуда, учитывая, что угол W острый, находим, что  и, значит,  то есть  треугольник PQW прямоугольный.б)  Треугольники ABC и PBQ подобны с коэффициентом подобия  Отсюда следует, что PQ и AC параллельны и  Аналогично треугольники CQW и CBD подобны с коэффициентом подобия  следовательно, QW и BD параллельны и BD = 28. Угол между прямыми AC и BD равен углу между прямыми PQ и QW. Угол между диагоналями четырёхугольника ABCD прямой. Поэтому его площадь равна  Ответ: 392.",
        "html": "<div align=\"justify\" width=\"100%\" id=\"sol516403\" class=\"solution\" style=\"clear:both;\" class=\"pbody\"><p class=\"left_margin\"></p><b>Ре­ше­ние<!--rule_info-->. </b><p class=\"left_margin\"><img src=\"/get_file?id=150094\" style=\"float:right;margin:10px;max-width:100%\"></p><p class=\"left_margin\">а)  По тео­ре­ме си­ну­сов в тре­уголь­ни­ке <i>PQW</i> имеем</p><p class=\"left_margin\"></p><center><p><img src=\"https://ege.sdamgia.ru/formula/svg/bb/bb036dfb79c5c8d2ec453cda783c6aec.svg\" class=\"tex\" style=\"vertical-align:-10.5pt\" alt=\"2R= дробь: чис­ли­тель: PQ, зна­ме­на­тель: синус \\angle QWP конец дроби = дробь: чис­ли­тель: QW, зна­ме­на­тель: синус \\angle QPW конец дроби рав­но­силь­но 20= дробь: чис­ли­тель: 16, зна­ме­на­тель: синус \\angle QWP конец дроби = дробь: чис­ли­тель: 12, зна­ме­на­тель: синус \\angle QPW конец дроби . \"></p><p class=\"left_margin\"></p></center><p class=\"left_margin\">От­сю­да </p><p class=\"left_margin\"></p><center><p><img src=\"https://ege.sdamgia.ru/formula/svg/d3/d38cb50a95099f0939e7ee8f7f2ef9ec.svg\" class=\"tex\" style=\"vertical-align:-8.4pt\" alt=\" синус в квад­ра­те \\angle QWP плюс синус в квад­ра­те \\angle QPW= дробь: чис­ли­тель: 256, зна­ме­на­тель: 400 конец дроби плюс дробь: чис­ли­тель: 144, зна­ме­на­тель: 400 конец дроби =1. \"></p><p class=\"left_margin\"></p></center><p class=\"left_margin\">Сле­до­ва­тель­но, <img src=\"https://ege.sdamgia.ru/formula/svg/9f/9f77b9bf06e5a317ab24cd418f3d307a.svg\" class=\"tex\" style=\"vertical-align:-3.0pt\" alt=\" синус в квад­ра­те \\angle QPW= ко­си­нус в квад­ра­те \\angle QWP,\"> от­ку­да, учи­ты­вая, что угол <i>W</i> ост­рый, на­хо­дим, что <img src=\"https://ege.sdamgia.ru/formula/svg/af/afa7034539d78ae10eff3e328138b53d.svg\" class=\"tex\" style=\"vertical-align:-3.0pt\" alt=\" синус \\angle QPW= ко­си­нус \\angle QWP,\"> и, зна­чит, <img src=\"https://ege.sdamgia.ru/formula/svg/86/8608f0dc052d610dcbef7edbdb876880.svg\" class=\"tex\" style=\"vertical-align:-8.4pt\" alt=\"\\angle QPW плюс \\angle QWP= дробь: чис­ли­тель: Пи , зна­ме­на­тель: 2 конец дроби , \"> то есть <img src=\"https://ege.sdamgia.ru/formula/svg/e1/e15453ba7ec88228a689ea0c27eefee3.svg\" class=\"tex\" style=\"vertical-align:-8.4pt\" alt=\"\\angle PQW= дробь: чис­ли­тель: Пи , зна­ме­на­тель: 2 конец дроби , \"> тре­уголь­ник <i>PQW</i> пря­мо­уголь­ный.</p><p class=\"left_margin\">б)  Тре­уголь­ни­ки <i>ABC</i> и <i>PBQ</i> по­доб­ны с ко­эф­фи­ци­ен­том по­до­бия <img src=\"https://ege.sdamgia.ru/formula/svg/54/548d4d98f3ab238de5f54eab15cd5f37.svg\" class=\"tex\" style=\"vertical-align:-10.4pt\" alt=\"k= дробь: чис­ли­тель: AB, зна­ме­на­тель: PB конец дроби = дробь: чис­ли­тель: CB, зна­ме­на­тель: QB конец дроби = дробь: чис­ли­тель: 7, зна­ме­на­тель: 4 конец дроби . \"> От­сю­да сле­ду­ет, что <i>PQ</i> и <i>AC</i> па­рал­лель­ны и <img src=\"https://ege.sdamgia.ru/formula/svg/d2/d29db2b17784ab099ded925720d50601.svg\" class=\"tex\" style=\"vertical-align:-8.4pt\" alt=\"AC=k умно­жить на PQ= дробь: чис­ли­тель: 7, зна­ме­на­тель: 4 конец дроби умно­жить на 16=28.\"> Ана­ло­гич­но тре­уголь­ни­ки <i>CQW</i> и <i>CBD</i> по­доб­ны с ко­эф­фи­ци­ен­том по­до­бия <img src=\"https://ege.sdamgia.ru/formula/svg/af/af4373b16f4bfec9b8bb32171fdfdc42.svg\" class=\"tex\" style=\"vertical-align:-10.4pt\" alt=\"k= дробь: чис­ли­тель: CB, зна­ме­на­тель: CQ конец дроби = дробь: чис­ли­тель: CD, зна­ме­на­тель: CW конец дроби = дробь: чис­ли­тель: 7, зна­ме­на­тель: 3 конец дроби , \"> сле­до­ва­тель­но, <i>QW</i> и <i>BD</i> па­рал­лель­ны и <i>BD</i> = 28. Угол между пря­мы­ми <i>AC</i> и <i>BD</i> равен углу между пря­мы­ми <i>PQ</i> и <i>QW</i>. Угол между диа­го­на­ля­ми четырёхуголь­ни­ка <i>ABCD</i> пря­мой. По­это­му его пло­щадь равна <img src=\"https://ege.sdamgia.ru/formula/svg/db/dbf6eb521a25bf594d1140fcf6d5c2c1.svg\" class=\"tex\" style=\"vertical-align:-8.4pt\" alt=\"S_ABCD= дробь: чис­ли­тель: 1, зна­ме­на­тель: 2 конец дроби AC умно­жить на BD= дробь: чис­ли­тель: 1, зна­ме­на­тель: 2 конец дроби умно­жить на 28 умно­жить на 28=392.\"></p><p>&nbsp;</p><p><span style=\"letter-spacing: 2px;\">Ответ:</span> 392.</p></div>",
        "image_urls": [
            "https://ege.sdamgia.ru/formula/svg/bb/bb036dfb79c5c8d2ec453cda783c6aec.svg",
            "https://ege.sdamgia.ru/formula/svg/d3/d38cb50a95099f0939e7ee8f7f2ef9ec.svg",
            "https://ege.sdamgia.ru/formula/svg/9f/9f77b9bf06e5a317ab24cd418f3d307a.svg",
            "https://ege.sdamgia.ru/formula/svg/af/afa7034539d78ae10eff3e328138b53d.svg",
            "https://ege.sdamgia.ru/formula/svg/86/8608f0dc052d610dcbef7edbdb876880.svg",
            "https://ege.sdamgia.ru/formula/svg/e1/e15453ba7ec88228a689ea0c27eefee3.svg",
            "https://ege.sdamgia.ru/formula/svg/54/548d4d98f3ab238de5f54eab15cd5f37.svg",
            "https://ege.sdamgia.ru/formula/svg/d2/d29db2b17784ab099ded925720d50601.svg",
            "https://ege.sdamgia.ru/formula/svg/af/af4373b16f4bfec9b8bb32171fdfdc42.svg",
            "https://ege.sdamgia.ru/formula/svg/db/dbf6eb521a25bf594d1140fcf6d5c2c1.svg",
            "/get_file?id=150094"
        ]
    },
    "answer": "392.",
    "topic_id": 17,
    "analog_ids": [
        516403,
        516383
    ]
}