{
    "gia_type": "ege",
    "subject": "math",
    "id": 517523,
    "condition": {
        "text": "В трапеции АBCD угол BAD прямой. Окружность, построенная на большем основании АD как на диаметре, пересекает меньшее основание BC в точке C и M.а)  Докажите, что угол BАM равен углу CАD.б)  Диагонали трапеции АBCD пересекаются в точке O.Найдите площадь треугольника АOB, если АB = 6, а BC = 4BM.",
        "html": "<div align=\"justify\" width=\"100%\" id=\"body625519\" class=\"pbody\"><p class=\"left_margin\">В тра­пе­ции <i>АBCD</i> угол <i>BAD</i> пря­мой. Окруж­ность, по­стро­ен­ная на боль­шем ос­но­ва­нии <i>АD</i> как на диа­мет­ре, пе­ре­се­ка­ет мень­шее ос­но­ва­ние <i>BC</i> в точке <i>C</i> и <i>M</i>.</p><p class=\"left_margin\">а)  До­ка­жи­те, что угол <i>BАM</i> равен углу <i>CАD</i>.</p><p class=\"left_margin\">б)  Диа­го­на­ли тра­пе­ции <i>АBCD</i> пе­ре­се­ка­ют­ся в точке <i>O</i>.</p><p class=\"left_margin\">Най­ди­те пло­щадь тре­уголь­ни­ка <i>АOB</i>, если <i>АB</i> = 6, а <i>BC</i> = 4<i>BM</i>.</p></div>",
        "image_urls": []
    },
    "solution": {
        "text": "Решение. а)  Трапеция AMCD вписана в окружность, тогда  углы CAD и MDA равны. Так как углы CAD и BAM равны половине дуги AM, то они равны между собой, что и требовалось доказать. б)   откуда  тогда  а  Так как треугольники AOD и COB подобны, то  тогда  Ответ: б) ",
        "html": "<div align=\"justify\" width=\"100%\" id=\"sol517523\" class=\"solution\" style=\"clear:both;\" class=\"pbody\"><p class=\"left_margin\"></p><b>Ре­ше­ние<!--rule_info-->. </b><p class=\"left_margin\"><img src=\"/get_file?id=150102\" style=\"float:right;margin:10px;max-width:100%\"></p><p class=\"left_margin\">а)  Тра­пе­ция <i>AMCD</i> впи­са­на в окруж­ность, тогда <img src=\"https://ege.sdamgia.ru/formula/svg/6e/6e5e17f838f4c2c25478ade21b3fc95a.svg\" class=\"tex\" style=\"vertical-align:-3.0pt\" alt=\"AM=CD,\"> углы <i>CAD</i> и <i>MDA</i> равны. Так как углы <i>CAD</i> и <i>BAM</i> равны по­ло­ви­не дуги <i>AM</i>, то они равны между собой, что и тре­бо­ва­лось до­ка­зать.</p><p>&nbsp;</p><p><img src=\"/get_file?id=150101\" style=\"float:right;margin:10px;max-width:100%\">б)  <img src=\"https://ege.sdamgia.ru/formula/svg/b2/b2341516a9bc2ec573bd8d30d6354668.svg\" class=\"tex\" style=\"vertical-align:-3.0pt\" alt=\"AB в квад­ра­те =BM умно­жить на BC=x умно­жить на 4x,\"> от­ку­да <img src=\"https://ege.sdamgia.ru/formula/svg/50/50b8bd4730b0e35c88481f8b866d193a.svg\" class=\"tex\" style=\"vertical-align:-3.0pt\" alt=\"x=3,\"> тогда <img src=\"https://ege.sdamgia.ru/formula/svg/8b/8bb0804e142f0ed9d5c49a7b17b818cd.svg\" class=\"tex\" style=\"vertical-align:-3.0pt\" alt=\"BC=12,\"> а <img src=\"https://ege.sdamgia.ru/formula/svg/99/9984832245d29a578ac76a15c8d185a7.svg\" class=\"tex\" style=\"vertical-align:-1.8pt\" alt=\"AD=15.\"> Так как тре­уголь­ни­ки <i>AOD</i> и <i>COB</i> по­доб­ны, то <img src=\"https://ege.sdamgia.ru/formula/svg/fc/fc25d8eba1d2938d656cec36747234f8.svg\" class=\"tex\" style=\"vertical-align:-8.4pt\" alt=\" дробь: чис­ли­тель: AO, зна­ме­на­тель: OC конец дроби = дробь: чис­ли­тель: AD, зна­ме­на­тель: BC конец дроби = дробь: чис­ли­тель: 5, зна­ме­на­тель: 4 конец дроби , \"> тогда <img src=\"https://ege.sdamgia.ru/formula/svg/34/343009d58a093c638b732c79698920d6.svg\" class=\"tex\" style=\"vertical-align:-8.4pt\" alt=\"S_AOB= дробь: чис­ли­тель: 5, зна­ме­на­тель: 9 конец дроби S_ABC= дробь: чис­ли­тель: 5, зна­ме­на­тель: 9 конец дроби умно­жить на дробь: чис­ли­тель: 1, зна­ме­на­тель: 2 конец дроби умно­жить на 6 умно­жить на 12=20. \"></p><p>&nbsp;</p><p><span style=\"letter-spacing: 2px;\">Ответ:</span> б) <img src=\"https://ege.sdamgia.ru/formula/svg/81/81eb1aafe187d1d6102537b21e3b3b4f.svg\" class=\"tex\" style=\"vertical-align:-1.8pt\" alt=\"20.\"></p></div>",
        "image_urls": [
            "https://ege.sdamgia.ru/formula/svg/6e/6e5e17f838f4c2c25478ade21b3fc95a.svg",
            "https://ege.sdamgia.ru/formula/svg/b2/b2341516a9bc2ec573bd8d30d6354668.svg",
            "https://ege.sdamgia.ru/formula/svg/50/50b8bd4730b0e35c88481f8b866d193a.svg",
            "https://ege.sdamgia.ru/formula/svg/8b/8bb0804e142f0ed9d5c49a7b17b818cd.svg",
            "https://ege.sdamgia.ru/formula/svg/99/9984832245d29a578ac76a15c8d185a7.svg",
            "https://ege.sdamgia.ru/formula/svg/fc/fc25d8eba1d2938d656cec36747234f8.svg",
            "https://ege.sdamgia.ru/formula/svg/34/343009d58a093c638b732c79698920d6.svg",
            "https://ege.sdamgia.ru/formula/svg/81/81eb1aafe187d1d6102537b21e3b3b4f.svg",
            "/get_file?id=150102",
            "/get_file?id=150101"
        ]
    },
    "answer": "б)",
    "topic_id": 17,
    "analog_ids": []
}