{
    "gia_type": "ege",
    "subject": "math",
    "id": 520805,
    "condition": {
        "text": "Окружность с центром О1 касается оснований ВС и AD и боковой стороны АВ трапеции ABCD. Окружность с центром O2 касается сторон ВС, CD и AD. Известно, что АВ  =  10, ВС  =  9, CD  =  30, AD  =  39.а)  Докажите, что прямая О1О2 параллельна основаниям трапеции АВСD.б)  Найдите О1О2.",
        "html": "<div align=\"justify\" width=\"100%\" id=\"body629913\" class=\"pbody\"><p class=\"left_margin\">Окруж­ность с цен­тром <i>О</i><sub>1</sub> ка­са­ет­ся ос­но­ва­ний <i>ВС</i> и <i>AD</i> и бо­ко­вой сто­ро­ны <i>АВ</i> тра­пе­ции <i>ABCD</i>. Окруж­ность с цен­тром <i>O</i><sub>2</sub> ка­са­ет­ся сто­рон <i>ВС</i>, <i>CD</i> и <i>AD</i>. Из­вест­но, что <i>АВ</i>  =  10, <i>ВС</i>  =  9,<i> CD</i>  =  30, <i>AD</i>  =  39.</p><p class=\"left_margin\">а)  До­ка­жи­те, что пря­мая <i>О</i><sub>1</sub><i>О</i><sub>2</sub> па­рал­лель­на ос­но­ва­ни­ям тра­пе­ции <i>АВСD</i>.</p><p class=\"left_margin\">б)  Най­ди­те <i>О</i><sub>1</sub><i>О</i><sub>2</sub>.</p></div>",
        "image_urls": []
    },
    "solution": {
        "text": "Решение. а)  Точка О1 равноудалена от прямых AD и ВС. Значит, точка О1 лежит на средней линии трапеции АВСD. Аналогично точка О2 лежит на средней линии трапеции АВСD, а значит, прямая О1О2 параллельна основаниям трапеции АВСD.б)  Пусть К  — середина стороны АВ, а L  — середина стороны CD. Точка О1 равноудалена от прямых АВ, ВС и AD, поэтому лучи АО1 и ВО1 являются биссектрисами углов DAB и ABC соответственно. Значит,то есть  Следовательно, КО1  — медиана, проведенная к гипотенузе АВ прямоугольного треугольника АО1В.Аналогично треугольник СО2D прямоугольный, а LO2  — медиана, проведенная к его гипотенузе CD. Точки К, О1, О2 и L лежат на средней линии трапеции АВСD. Значит,Ответ: 4. Приведем решение Ивана Иванова (Владивосток).а)  Из центра первой окружности проведём радиусы O1M и O1N к точкам касания этой окружности с основаниями BC и AD соответственно, из центра второй окружности проведём радиусы O2K и O2P к точкам касания этой окружности с основаниями BC и AD соответственно. Радиус O1M перпендикулярен BC, а радиус O1N перпендикулярен AD; основания трапеции параллельны, поэтому точки M, O1 и N лежат на одной прямой и  где h  — высота трапеции. Радиус O2K перпендикулярен BC, а радиус O2P перпендикулярен AD; основания трапеции параллельны, поэтому точки K, O2 и P лежат на одной прямой и  где h  — высота трапеции. Следовательно, четырёхугольник O1MKO2  — прямоугольник, а прямая O1O2, содержащая его сторону, параллельна основаниям трапеции.б)  Из O1 проведём радиус O1F к точке касания c AB, а из O2 проведём радиус O2E к точке касания c CD. Пусть AF  =  a, тогда AN  =  a и BM  =  BF  =  10  –  a по свойству отрезков касательных. Пусть DE  =  b, тогда DP  =  b и CK  =  CE  =  30 – b по свойству отрезков касательных. Пусть  Получаем систему уравнений: Складывая уравнения, получаем  откуда ",
        "html": "<div align=\"justify\" width=\"100%\" id=\"sol520805\" class=\"solution\" style=\"clear:both;\" class=\"pbody\"><p class=\"left_margin\"></p><b>Ре­ше­ние<!--rule_info-->. </b><p class=\"left_margin\"><img src=\"/get_file?id=150245\" style=\"float:right;margin:10px;max-width:100%\"></p><p class=\"left_margin\">а)  Точка <i>О</i><sub>1</sub> рав­но­уда­ле­на от пря­мых <i>AD</i> и <i>ВС</i>. Зна­чит, точка <i>О</i><sub>1</sub> лежит на сред­ней линии тра­пе­ции <i>АВСD</i>. Ана­ло­гич­но точка <i>О</i><sub>2</sub> лежит на сред­ней линии тра­пе­ции <i>АВСD</i>, а зна­чит, пря­мая <i>О</i><sub>1</sub><i>О</i><sub>2</sub> па­рал­лель­на ос­но­ва­ни­ям тра­пе­ции <i>АВСD</i>.</p><p class=\"left_margin\">б)  Пусть <i>К</i>  — се­ре­ди­на сто­ро­ны <i>АВ</i>, а <i>L</i>  — се­ре­ди­на сто­ро­ны <i>CD</i>. Точка <i>О</i><sub>1</sub> рав­но­уда­ле­на от пря­мых <i>АВ</i>, <i>ВС</i> и <i>AD</i>, по­это­му лучи <i>АО</i><sub>1</sub> и <i>ВО</i><sub>1</sub> яв­ля­ют­ся бис­сек­три­са­ми углов <i>DAB</i> и <i>ABC</i> со­от­вет­ствен­но. Зна­чит,</p><p class=\"left_margin\"></p><center><p><img src=\"https://ege.sdamgia.ru/formula/svg/ef/efd6bdb712067fc4192970eb8645e7f9.svg\" class=\"tex\" style=\"vertical-align:-8.3pt\" alt=\"\\angleBAO_1 плюс \\angleABO_1= дробь: чис­ли­тель: \\angleBAD плюс \\angleABC, зна­ме­на­тель: 2 конец дроби =90 гра­ду­сов \"></p><p class=\"left_margin\"></p></center><p>то есть <img src=\"https://ege.sdamgia.ru/formula/svg/08/08d31a4f7ec687cb38deb9f825b7b351.svg\" class=\"tex\" style=\"vertical-align:-2.6pt\" alt=\"\\angleAO_1B=90 гра­ду­сов.\"> Сле­до­ва­тель­но, <i>КО</i><sub>1</sub>  — ме­ди­а­на, про­ве­ден­ная к ги­по­те­ну­зе <i>АВ</i> пря­мо­уголь­но­го тре­уголь­ни­ка <i>АО</i><sub>1</sub><i>В</i>.</p><p class=\"left_margin\">Ана­ло­гич­но тре­уголь­ник <i>СО</i><sub>2</sub><i>D</i> пря­мо­уголь­ный, а <i>LO</i><sub>2</sub>  — ме­ди­а­на, про­ве­ден­ная к его ги­по­те­ну­зе <i>CD</i>. Точки <i>К</i>, <i>О</i><sub>1</sub>, <i>О</i><sub>2</sub> и <i>L</i> лежат на сред­ней линии тра­пе­ции <i>АВСD</i>. Зна­чит,</p><p class=\"left_margin\"></p><center><p><img src=\"https://ege.sdamgia.ru/formula/svg/9c/9c4b25e537a50def0fdc27dde4245326.svg\" class=\"tex\" style=\"vertical-align:-11.2pt\" alt=\"O_1O_2=|KL минус левая круг­лая скоб­ка KO_1 плюс LO_2 пра­вая круг­лая скоб­ка |=\\left| дробь: чис­ли­тель: AD плюс BC, зна­ме­на­тель: 2 конец дроби минус дробь: чис­ли­тель: AB, зна­ме­на­тель: 2 конец дроби минус дробь: чис­ли­тель: CD, зна­ме­на­тель: 2 конец дроби |=4. \"></p><p class=\"left_margin\"></p></center><p><span style=\"letter-spacing: 2px;\">Ответ:</span> 4.</p><p>&nbsp;</p><p><img src=\"/get_file?id=195700\" style=\"float:right;margin:10px;max-width:100%\"></p><p><b>При­ве­дем ре­ше­ние Ивана Ива­но­ва (Вла­ди­во­сток)</b>.</p><p class=\"left_margin\">а)  Из цен­тра пер­вой окруж­но­сти про­ведём ра­ди­у­сы <i>O</i><sub>1</sub><i>M</i> и <i>O</i><sub>1</sub><i>N</i> к точ­кам ка­са­ния этой окруж­но­сти с ос­но­ва­ни­я­ми <i>BC</i> и <i>AD</i> со­от­вет­ствен­но, из цен­тра вто­рой окруж­но­сти про­ведём ра­ди­у­сы <i>O</i><sub>2</sub><i>K</i> и <i>O</i><sub>2</sub><i>P</i> к точ­кам ка­са­ния этой окруж­но­сти с ос­но­ва­ни­я­ми <i>BC</i> и <i>AD</i> со­от­вет­ствен­но. Ра­ди­ус <i>O</i><sub>1</sub><i>M</i> пер­пен­ди­ку­ля­рен <i>BC</i>, а ра­ди­ус <i>O</i><sub>1</sub><i>N</i> пер­пен­ди­ку­ля­рен <i>AD</i>; ос­но­ва­ния тра­пе­ции па­рал­лель­ны, по­это­му точки <i>M</i>, <i>O</i><sub>1</sub> и <i>N</i> лежат на одной пря­мой и <img src=\"https://ege.sdamgia.ru/formula/svg/29/294ac8cf3ce068574c1d294887ee8982.svg\" class=\"tex\" style=\"vertical-align:-8.4pt\" alt=\" O_1M = O_1N = дробь: чис­ли­тель: h, зна­ме­на­тель: 2 конец дроби , \"> где <i>h</i>  — вы­со­та тра­пе­ции. Ра­ди­ус <i>O</i><sub>2</sub><i>K</i> пер­пен­ди­ку­ля­рен <i>BC</i>, а ра­ди­ус <i>O</i><sub>2</sub><i>P</i> пер­пен­ди­ку­ля­рен <i>AD</i>; ос­но­ва­ния тра­пе­ции па­рал­лель­ны, по­это­му точки <i>K</i>, <i>O</i><sub>2</sub> и <i>P</i> лежат на одной пря­мой и <img src=\"https://ege.sdamgia.ru/formula/svg/dc/dc68963165fadc5e9c9aedd126dcaa73.svg\" class=\"tex\" style=\"vertical-align:-8.4pt\" alt=\" O_2K = O_2P = дробь: чис­ли­тель: h, зна­ме­на­тель: 2 конец дроби , \"> где <i>h</i>  — вы­со­та тра­пе­ции. </p><p class=\"left_margin\">Сле­до­ва­тель­но, четырёхуголь­ник <i>O</i><sub>1</sub><i>MKO</i><sub>2</sub>  — пря­мо­уголь­ник, а пря­мая <i>O</i><sub>1</sub><i>O</i><sub>2</sub>, со­дер­жа­щая его сто­ро­ну, па­рал­лель­на ос­но­ва­ни­ям тра­пе­ции.</p><p class=\"left_margin\">б)  Из <i>O</i><sub>1</sub> про­ведём ра­ди­ус <i>O</i><sub>1</sub><i>F</i> к точке ка­са­ния c <i>AB</i>, а из <i>O</i><sub>2</sub> про­ведём ра­ди­ус <i>O</i><sub>2</sub><i>E</i> к точке ка­са­ния c <i>CD</i>. Пусть <i>AF</i>  =  <i>a</i>, тогда <i>AN</i>  =  <i>a</i> и <i>BM</i>  =  <i>BF</i>  =  10  –  <i>a</i> по свой­ству от­рез­ков ка­са­тель­ных. Пусть <i>DE</i>  =  <i>b</i>, тогда <i>DP</i>  =  <i>b</i> и <i>CK</i>  =  <i>CE</i>  =  30 – <i>b</i> по свой­ству от­рез­ков ка­са­тель­ных. Пусть <img src=\"https://ege.sdamgia.ru/formula/svg/c1/c1c780dd11ff88e9c13208e2deaa8082.svg\" class=\"tex\" style=\"vertical-align:-2.5pt\" alt=\" O_1O_2 = MK = NP = x.\"> По­лу­ча­ем си­сте­му урав­не­ний:</p><p class=\"left_margin\"></p><center><p><img src=\"https://ege.sdamgia.ru/formula/svg/b9/b9444dff8cb66de654c8dc122f81677f.svg\" class=\"tex\" style=\"vertical-align:-14.4pt\" alt=\" си­сте­ма вы­ра­же­ний a плюс x плюс b = 39, 10 минус a плюс x плюс 30 минус b = 9. конец си­сте­мы . \"></p><p class=\"left_margin\"></p></center><p> Скла­ды­вая урав­не­ния, по­лу­ча­ем <img src=\"https://ege.sdamgia.ru/formula/svg/90/902ff0042aee56a7b32d7a2236bc4bf1.svg\" class=\"tex\" style=\"vertical-align:-3.0pt\" alt=\" 2x плюс 40 = 48,\"> от­ку­да <img src=\"https://ege.sdamgia.ru/formula/svg/ac/acb13687e4908128633204420a1277ad.svg\" class=\"tex\" style=\"vertical-align:-1.8pt\" alt=\" x = 4.\"></p></div>",
        "image_urls": [
            "https://ege.sdamgia.ru/formula/svg/ef/efd6bdb712067fc4192970eb8645e7f9.svg",
            "https://ege.sdamgia.ru/formula/svg/08/08d31a4f7ec687cb38deb9f825b7b351.svg",
            "https://ege.sdamgia.ru/formula/svg/9c/9c4b25e537a50def0fdc27dde4245326.svg",
            "https://ege.sdamgia.ru/formula/svg/29/294ac8cf3ce068574c1d294887ee8982.svg",
            "https://ege.sdamgia.ru/formula/svg/dc/dc68963165fadc5e9c9aedd126dcaa73.svg",
            "https://ege.sdamgia.ru/formula/svg/c1/c1c780dd11ff88e9c13208e2deaa8082.svg",
            "https://ege.sdamgia.ru/formula/svg/b9/b9444dff8cb66de654c8dc122f81677f.svg",
            "https://ege.sdamgia.ru/formula/svg/90/902ff0042aee56a7b32d7a2236bc4bf1.svg",
            "https://ege.sdamgia.ru/formula/svg/ac/acb13687e4908128633204420a1277ad.svg",
            "/get_file?id=150245",
            "/get_file?id=195700"
        ]
    },
    "answer": "4.",
    "topic_id": 17,
    "analog_ids": [
        520805,
        520855
    ]
}