{
    "gia_type": "ege",
    "subject": "math",
    "id": 520917,
    "condition": {
        "text": "Окружность с центром в точке O высекает на всех сторонах трапеции ABCD равные хорды.а)  Докажите, что биссектрисы всех углов трапеции пересекаются в одной и той же точке.б)  Найдите высоту трапеции, если окружность пересекает боковую сторону AB в точках K и L так, что AK  =  11, KL  =  10, LB  =  4.",
        "html": "<div align=\"justify\" width=\"100%\" id=\"body629801\" class=\"pbody\"><p class=\"left_margin\">Окруж­ность с цен­тром в точке <i>O</i> вы­се­ка­ет на всех сто­ро­нах тра­пе­ции <i>ABCD</i> рав­ные хорды.</p><p class=\"left_margin\">а)  До­ка­жи­те, что бис­сек­три­сы всех углов тра­пе­ции пе­ре­се­ка­ют­ся в одной и той же точке.</p><p class=\"left_margin\">б)  Най­ди­те вы­со­ту тра­пе­ции, если окруж­ность пе­ре­се­ка­ет бо­ко­вую сто­ро­ну <i>AB</i> в точ­ках <i>K</i> и <i>L</i> так, что <i>AK</i>  =  11, <i>KL</i>  =  10, <i>LB</i>  =  4.</p></div>",
        "image_urls": []
    },
    "solution": {
        "text": "Решение. a)  Расстояние от центра окружности до хорд одинаковой длины равны. Следовательно, точка O равноудалена от прямых AB, BC, CD и AD. Значит, она лежит на биссектрисе каждого из углов трапеции.б)  Опустим из точки O перпендикуляры OU, OV и OW на стороны AD, AB и BC соответственно. Тогда  UW  — высота трапеции, а точка V  — середина отрезка KL. Значит,Пусть BH  — высота трапеции. В прямоугольном треугольнике ABH имеем: Приведем решение Максима Волкова.Опустим из точки O перпендикуляры OU, OV и OW на стороны AD, AB и BC соответственно. Тогда   UW  — высота трапеции, а точка V  — середина отрезка KL. Тогда Проведем отрезки АО и ОВ. Заметим, что треугольник AOB прямоугольный, так как АО и ВО  — биссектрисы углов трапеции при боковой стороне. Тогда по свойству высоты прямоугольного треугольника находим:Следовательно, для высоты трапеции получаем:Ответ: б) 24",
        "html": "<div align=\"justify\" width=\"100%\" id=\"sol520917\" class=\"solution\" style=\"clear:both;\" class=\"pbody\"><p class=\"left_margin\"></p><b>Ре­ше­ние<!--rule_info-->. </b><p class=\"left_margin\"><img src=\"/get_file?id=150246\" style=\"float:right;margin:10px;max-width:100%\">a)  Рас­сто­я­ние от цен­тра окруж­но­сти до хорд оди­на­ко­вой длины равны. Сле­до­ва­тель­но, точка <i>O</i> рав­но­уда­ле­на от пря­мых <i>AB</i>, <i>BC</i>, <i>CD</i> и <i>AD</i>. Зна­чит, она лежит на бис­сек­три­се каж­до­го из углов тра­пе­ции.</p><p class=\"left_margin\">б)  Опу­стим из точки <i>O</i> пер­пен­ди­ку­ля­ры <i>OU</i>, <i>OV</i> и <i>OW</i> на сто­ро­ны <i>AD</i>, <i>AB</i> и <i>BC</i> со­от­вет­ствен­но. Тогда <img src=\"https://ege.sdamgia.ru/formula/svg/23/2383ac0e959f1a012d6a6a593c6ffdbc.svg\" class=\"tex\" style=\"vertical-align:-3.0pt\" alt=\"OU=OV=OW,BV=BW,\"> <i>UW</i>  — вы­со­та тра­пе­ции, а точка <i>V</i>  — се­ре­ди­на от­рез­ка <i>KL</i>. Зна­чит,</p><p class=\"left_margin\"></p><center><p><img src=\"https://ege.sdamgia.ru/formula/svg/11/1138534a9649ee456698e788cea5ad6f.svg\" class=\"tex\" style=\"vertical-align:-8.4pt\" alt=\"AU=AV=AK плюс дробь: чис­ли­тель: KL, зна­ме­на­тель: 2 конец дроби =16, \"></p><p><img src=\"https://ege.sdamgia.ru/formula/svg/d5/d5f3ddb6de6e98286e2d32a20dfa3f2e.svg\" class=\"tex\" style=\"vertical-align:-8.4pt\" alt=\"BW=BV=BL плюс дробь: чис­ли­тель: KL, зна­ме­на­тель: 2 конец дроби =9. \"></p><p class=\"left_margin\"></p></center><p class=\"left_margin\">Пусть <i>BH</i>  — вы­со­та тра­пе­ции. В пря­мо­уголь­ном тре­уголь­ни­ке <i>ABH</i> имеем:</p><p class=\"left_margin\"></p><center><p><img src=\"https://ege.sdamgia.ru/formula/svg/56/56f55293716a2313d657e3cfec36e39a.svg\" class=\"tex\" style=\"vertical-align:-3.0pt\" alt=\"AB=AK плюс KL плюс LB=25,\"></p><p><img src=\"https://ege.sdamgia.ru/formula/svg/a6/a65717807d6462a0d87fd16b80c6ebd5.svg\" class=\"tex\" style=\"vertical-align:-3.0pt\" alt=\"AH=AU минус UH=AU минус BW=7,\"></p><p><img src=\"https://ege.sdamgia.ru/formula/svg/16/16015b3a3966206d53da13cb5b4c8171.svg\" class=\"tex\" style=\"vertical-align:-2.5pt\" alt=\"BH= ко­рень из: на­ча­ло ар­гу­мен­та: AB в квад­ра­те минус AH в квад­ра­те конец ар­гу­мен­та =24.\"></p><p class=\"left_margin\"></p></center><p>&nbsp;</p><p><b>При­ве­дем ре­ше­ние Мак­си­ма Вол­ко­ва.</b></p><p class=\"left_margin\">Опу­стим из точки <i>O</i> пер­пен­ди­ку­ля­ры <i>OU</i>, <i>OV</i> и <i>OW</i> на сто­ро­ны <i>AD</i>, <i>AB</i> и <i>BC</i> со­от­вет­ствен­но. Тогда <img src=\"https://ege.sdamgia.ru/formula/svg/b9/b9b78aef13a3b49c9b11b505d54b1a5d.svg\" class=\"tex\" style=\"vertical-align:-3.0pt\" alt=\"OU=OV=OW,\"> <img src=\"https://ege.sdamgia.ru/formula/svg/78/7867182ee1f22dcc9a2cb59ce365bad1.svg\" class=\"tex\" style=\"vertical-align:-3.0pt\" alt=\"BV=BW,\"> <i>UW</i>  — вы­со­та тра­пе­ции, а точка <i>V</i>  — се­ре­ди­на от­рез­ка <i>KL</i>. Тогда </p><p class=\"left_margin\"></p><center><p><img src=\"https://ege.sdamgia.ru/formula/svg/36/36c3af2fbee689fc69af6cce33cb3151.svg\" class=\"tex\" style=\"vertical-align:-8.4pt\" alt=\"KV=VL= дробь: чис­ли­тель: KL, зна­ме­на­тель: 2 конец дроби =5. \"></p><p class=\"left_margin\"></p></center><p class=\"left_margin\">Про­ве­дем от­рез­ки <i>АО</i> и <i>ОВ</i>. За­ме­тим, что тре­уголь­ник <i>AOB</i> пря­мо­уголь­ный, так как <i>АО</i> и <i>ВО</i>  — бис­сек­три­сы углов тра­пе­ции при бо­ко­вой сто­ро­не. Тогда по свой­ству вы­со­ты пря­мо­уголь­но­го тре­уголь­ни­ка на­хо­дим:</p><p class=\"left_margin\"></p><center><p><img src=\"https://ege.sdamgia.ru/formula/svg/0e/0e23bab25ec48fe1602ac4d9524bc797.svg\" class=\"tex\" style=\"vertical-align:-3.6pt\" alt=\" OV= ко­рень из: на­ча­ло ар­гу­мен­та: AV умно­жить на VB конец ар­гу­мен­та = ко­рень из: на­ча­ло ар­гу­мен­та: левая круг­лая скоб­ка AK плюс KL пра­вая круг­лая скоб­ка умно­жить на левая круг­лая скоб­ка VL плюс BL пра­вая круг­лая скоб­ка конец ар­гу­мен­та = ко­рень из: на­ча­ло ар­гу­мен­та: левая круг­лая скоб­ка 11 плюс 5 пра­вая круг­лая скоб­ка левая круг­лая скоб­ка 5 плюс 4 пра­вая круг­лая скоб­ка конец ар­гу­мен­та = 12.\"></p><p class=\"left_margin\"></p></center><p class=\"left_margin\">Сле­до­ва­тель­но, для вы­со­ты тра­пе­ции по­лу­ча­ем:</p><p class=\"left_margin\"></p><center><p><img src=\"https://ege.sdamgia.ru/formula/svg/f0/f0a62a78568151a7884a799763c933e8.svg\" class=\"tex\" style=\"vertical-align:-1.8pt\" alt=\"UW = OU плюс OW = 2 OU = 2 OV = 2 умно­жить на 12 = 24.\"></p><p class=\"left_margin\"></p></center><p><span style=\"letter-spacing: 2px;\">Ответ:</span> б) 24</p></div>",
        "image_urls": [
            "https://ege.sdamgia.ru/formula/svg/23/2383ac0e959f1a012d6a6a593c6ffdbc.svg",
            "https://ege.sdamgia.ru/formula/svg/11/1138534a9649ee456698e788cea5ad6f.svg",
            "https://ege.sdamgia.ru/formula/svg/d5/d5f3ddb6de6e98286e2d32a20dfa3f2e.svg",
            "https://ege.sdamgia.ru/formula/svg/56/56f55293716a2313d657e3cfec36e39a.svg",
            "https://ege.sdamgia.ru/formula/svg/a6/a65717807d6462a0d87fd16b80c6ebd5.svg",
            "https://ege.sdamgia.ru/formula/svg/16/16015b3a3966206d53da13cb5b4c8171.svg",
            "https://ege.sdamgia.ru/formula/svg/b9/b9b78aef13a3b49c9b11b505d54b1a5d.svg",
            "https://ege.sdamgia.ru/formula/svg/78/7867182ee1f22dcc9a2cb59ce365bad1.svg",
            "https://ege.sdamgia.ru/formula/svg/36/36c3af2fbee689fc69af6cce33cb3151.svg",
            "https://ege.sdamgia.ru/formula/svg/0e/0e23bab25ec48fe1602ac4d9524bc797.svg",
            "https://ege.sdamgia.ru/formula/svg/f0/f0a62a78568151a7884a799763c933e8.svg",
            "/get_file?id=150246"
        ]
    },
    "answer": "б) 24",
    "topic_id": 17,
    "analog_ids": [
        520917,
        520881
    ]
}