{
    "gia_type": "ege",
    "subject": "math",
    "id": 525243,
    "condition": {
        "text": "Дана трапеция ABCD с основаниями BC и AD. Точки M и N являются серединами сторон AB и CD соответственно. Окружность, проходящая через точки B и С, пересекает отрезки BM и CN в точках P и Q (отличных от концов отрезков).а)  Докажите, что точки M, N, P и Q лежат на одной окружности.б)  Найдите длину отрезка QN, если BC  =  4,5, AD  =  21,5, AB  =  26, CD  =  25, а угол CPD  — прямой.",
        "html": "<div align=\"justify\" width=\"100%\" id=\"body421191\" class=\"pbody\"><p class=\"left_margin\">Дана тра­пе­ция <i>ABCD</i> с ос­но­ва­ни­я­ми <i>BC</i> и <i>AD</i>. Точки <i>M</i> и <i>N</i> яв­ля­ют­ся се­ре­ди­на­ми сто­рон <i>AB</i> и <i>CD</i> со­от­вет­ствен­но. Окруж­ность, про­хо­дя­щая через точки <i>B</i> и <i>С</i>, пе­ре­се­ка­ет от­рез­ки <i>BM</i> и <i>CN</i> в точ­ках <i>P</i> и <i>Q</i> (от­лич­ных от кон­цов от­рез­ков).</p><p class=\"left_margin\">а)  До­ка­жи­те, что точки <i>M</i>, <i>N</i>, <i>P</i> и <i>Q</i> лежат на одной окруж­но­сти.</p><p class=\"left_margin\">б)  Най­ди­те длину от­рез­ка <i>QN</i>, если <i>BC</i>  =  4,5, <i>AD</i>  =  21,5, <i>AB</i>  =  26, <i>CD</i>  =  25, а угол <i>CPD</i>  — пря­мой.</p></div>",
        "image_urls": []
    },
    "solution": {
        "text": "Решение. а)  Пусть угол BPQ равен γ. Четырёхугольник PBCQ  — вписанный, сумма его противоположных углов равна 180°, поэтому  Угол MPQ смежный с углом BPQ, поэтому  Отрезок MN  — средняя линия трапеции ABCD, она параллельна BC, поэтому  Тем самым, в четырехугольнике MPQN сумма противоположных углов равна 180°:  а значит, он вписанный.б)  В прямоугольном треугольнике CPD проведенная к гипотенузе медиана равна ее половине:   Средняя линия трапеции равна полусумме оснований:  Через вершину трапеции B проведем прямую, параллельную боковой стороне CD, пусть L  — точка ее пересечения с основанием AD. Стороны треугольника ABL равны 26, 17 и 25. Найдем его площадь по формуле Герона, затем найдем высоту h, проведенную к стороне AL, она будет являться также высотой трапеции ABCD: Отсюда находим:   Поскольку  по теореме синусов для треугольника MPN найдем радиус окружности, описанной около треугольника MPQ:   Так как  можно найти MQ по теореме синусов для треугольника MQN: Таким образом, треугольник MQN  — равнобедренный, тогдаОтвет: а) доказано, б)   Приведём другое решение пункта б).Продолжим боковые стороны трапеции до пересечения в точке R. Заметим, что треугольники MNR и BCR подобны с коэффициентом  Тогда  откуда  и   откуда  Через вершину B проведем отрезок BL, параллельный CN, получим треугольник MBL со сторонами 13, 12,5 и 8,5, к которому применим теорему косинусов. Для удобства можно рассмотреть подобный ему треугольник со сторонами 26, 25 и 17, для которого  откуда По условию, треугольник CPD прямоугольный, отрезок PN является в нем медианой, проведенной к гипотенузе. Поэтому  В треугольнике MPN угол M равен углу А, тогда по теореме косинусов имеем:   откуда  или  Далее из подобия получаем:    откуда  или  откуда  Приведём ещё одно решение пункта б).По условию, четырехугольник PBCQ вписанный. Из этого следует, что углы PBQ и PCQ равны, как опирающиеся на одну и ту же дугу. Заметим, что поскольку углы QNM и CDA равны, сумма противоположных углов АPQ и ADQ четырехугольника APQD также равна 180°, а значит, он тоже вписанный. Из этого следует, что углы PAQ и PDQ равны, как опирающиеся на одну и ту же дугу. Объединяя эти наблюдения, заключаем, что в треугольниках CPD и BQA есть две пары равных углов: Но по условию, угол CPD прямой. Следовательно, угол BQA тоже прямой. В прямоугольном треугольнике BQA проведенная к гипотенузе BA медиана равна ее половине:   Средняя линия трапеции  ABCD равна полусумме оснований:  Следовательно, треугольник MQN  — равнобедренный. Тогда  Через вершину трапеции C проведем прямую, параллельную боковой стороне AB, и пусть S  — точка ее пересечения с основанием трапеции AD. Стороны треугольника SCD равны 26, 17 и 25. Применим теорему косинусов:  откудаТем самым,  ",
        "html": "<div align=\"justify\" width=\"100%\" id=\"sol525243\" class=\"solution\" style=\"clear:both;\" class=\"pbody\"><p class=\"left_margin\"></p><b>Ре­ше­ние<!--rule_info-->. </b><p class=\"left_margin\"><img src=\"/get_file?id=150265\" style=\"float:right;margin:10px;max-width:100%\"></p><p class=\"left_margin\">а)  Пусть угол <i>BPQ</i> равен γ. Четырёхуголь­ник <i>PBCQ</i>  — впи­сан­ный, сумма его про­ти­во­по­лож­ных углов равна 180°, по­это­му <img src=\"https://ege.sdamgia.ru/formula/svg/9b/9b09fa80d21cfab416a4fe1818ad0dc9.svg\" class=\"tex\" style=\"vertical-align:-3.4pt\" alt=\"\\angle BCQ = 180 гра­ду­сов минус гамма .\"> Угол <i>MPQ</i> смеж­ный с углом <i>BPQ</i>, по­это­му <img src=\"https://ege.sdamgia.ru/formula/svg/0c/0c58c8343a11865473e8973130f2b101.svg\" class=\"tex\" style=\"vertical-align:-3.4pt\" alt=\"\\angle MPQ = 180 гра­ду­сов минус гамма .\"> От­ре­зок <i>MN</i>  — сред­няя линия тра­пе­ции <i>ABCD</i>, она па­рал­лель­на <i>BC</i>, по­это­му <img src=\"https://ege.sdamgia.ru/formula/svg/98/98e8a63cfddbb0207cf066af9e097773.svg\" class=\"tex\" style=\"vertical-align:-3.6pt\" alt=\"\\angle MNC = 180 гра­ду­сов минус \\angle BCN = 180 гра­ду­сов минус левая круг­лая скоб­ка 180 гра­ду­сов минус гамма пра­вая круг­лая скоб­ка = гамма .\"> Тем самым, в че­ты­рех­уголь­ни­ке <i>MPQN</i> сумма про­ти­во­по­лож­ных углов равна 180°: <img src=\"https://ege.sdamgia.ru/formula/svg/cb/cb5c4af38b2904a465faa03371a4f039.svg\" class=\"tex\" style=\"vertical-align:-3.4pt\" alt=\"\\angle MPQ плюс \\angle MQN = 180 гра­ду­сов минус гамма плюс гамма = 180 гра­ду­сов,\"> а зна­чит, он впи­сан­ный.</p><p class=\"left_margin\">б)  В пря­мо­уголь­ном тре­уголь­ни­ке <i>CPD</i> про­ве­ден­ная к ги­по­те­ну­зе ме­ди­а­на равна ее по­ло­ви­не:  <img src=\"https://ege.sdamgia.ru/formula/svg/d1/d1c6f9dfc8cf31b72d98ccf3e623322d.svg\" class=\"tex\" style=\"vertical-align:-8.3pt\" alt=\"PN= дробь: чис­ли­тель: 25, зна­ме­на­тель: 2 конец дроби . \"> Сред­няя линия тра­пе­ции равна по­лу­сум­ме ос­но­ва­ний: <img src=\"https://ege.sdamgia.ru/formula/svg/82/823575cb580cf3c8562d12e3d204fb0c.svg\" class=\"tex\" style=\"vertical-align:-8.3pt\" alt=\"MN= дробь: чис­ли­тель: 21,5 плюс 4,5, зна­ме­на­тель: 2 конец дроби =13. \"> Через вер­ши­ну тра­пе­ции <i>B</i> про­ве­дем пря­мую, па­рал­лель­ную бо­ко­вой сто­ро­не <i>CD</i>, пусть <i>L</i>  — точка ее пе­ре­се­че­ния с ос­но­ва­ни­ем <i>AD</i>. Сто­ро­ны тре­уголь­ни­ка <i>ABL</i> равны 26, 17 и 25. Най­дем его пло­щадь по фор­му­ле Ге­ро­на, затем най­дем вы­со­ту <i>h</i>, про­ве­ден­ную к сто­ро­не <i>AL</i>, она будет яв­лять­ся также вы­со­той тра­пе­ции <i>ABCD</i>:</p><p class=\"left_margin\"></p><center><p><img src=\"https://ege.sdamgia.ru/formula/svg/59/59f806f7b859965213ebd45c914dbd38.svg\" class=\"tex\" style=\"vertical-align:-8.5pt\" alt=\"h= дробь: чис­ли­тель: 2S, зна­ме­на­тель: AL конец дроби = дробь: чис­ли­тель: 2 ко­рень из: на­ча­ло ар­гу­мен­та: 34 умно­жить на 8 умно­жить на 17 умно­жить на 9 конец ар­гу­мен­та , зна­ме­на­тель: 17 конец дроби = 24. \"></p><p class=\"left_margin\"></p></center><p> От­сю­да на­хо­дим: <img src=\"https://ege.sdamgia.ru/formula/svg/9a/9a13ca92d8d3ff6b0901a9fd1ff168a5.svg\" class=\"tex\" style=\"vertical-align:-8.5pt\" alt=\" синус \\angle BAD= дробь: чис­ли­тель: h, зна­ме­на­тель: AB конец дроби = дробь: чис­ли­тель: 12, зна­ме­на­тель: 13 конец дроби , \"> <img src=\"https://ege.sdamgia.ru/formula/svg/65/6512d59558a6bc7548513cb739437728.svg\" class=\"tex\" style=\"vertical-align:-8.5pt\" alt=\" синус \\angle CDA= дробь: чис­ли­тель: h, зна­ме­на­тель: CD конец дроби = дробь: чис­ли­тель: 24, зна­ме­на­тель: 25 конец дроби . \"> </p><p class=\"left_margin\">По­сколь­ку <img src=\"https://ege.sdamgia.ru/formula/svg/0d/0d80fee2a70c04483b16dbe830c4a37c.svg\" class=\"tex\" style=\"vertical-align:-1.8pt\" alt=\"\\angle PMN=\\angle BAD\"> по тео­ре­ме си­ну­сов для тре­уголь­ни­ка <i>MPN</i> най­дем ра­ди­ус окруж­но­сти, опи­сан­ной около тре­уголь­ни­ка <i>MPQ</i>:  </p><p class=\"left_margin\"></p><center><p><img src=\"https://ege.sdamgia.ru/formula/svg/32/32ad0b55870ae956666f0af643412b1d.svg\" class=\"tex\" style=\"vertical-align:-13.1pt\" alt=\"R = дробь: чис­ли­тель: PN, зна­ме­на­тель: 2 синус \\angle PMN конец дроби = дробь: чис­ли­тель: 25, зна­ме­на­тель: 4 умно­жить на дробь: чис­ли­тель: 12, зна­ме­на­тель: 13 конец дроби конец дроби = дробь: чис­ли­тель: 325, зна­ме­на­тель: 48 конец дроби . \"> </p><p class=\"left_margin\"></p></center><p class=\"left_margin\">Так как <img src=\"https://ege.sdamgia.ru/formula/svg/20/20afc1e8dd122dd5ad13e7fb12a2eeb7.svg\" class=\"tex\" style=\"vertical-align:-3.0pt\" alt=\"\\angle QNM=\\angle CDA,\"> можно найти <i>MQ</i> по тео­ре­ме си­ну­сов для тре­уголь­ни­ка <i>MQN</i>: </p><p class=\"left_margin\"></p><center><p><img src=\"https://ege.sdamgia.ru/formula/svg/df/df4a841210051dcd34d35ff8fa6b96d9.svg\" class=\"tex\" style=\"vertical-align:-8.4pt\" alt=\"MQ=2R синус \\angle QNM=2 умно­жить на дробь: чис­ли­тель: 325, зна­ме­на­тель: 48 конец дроби умно­жить на дробь: чис­ли­тель: 24, зна­ме­на­тель: 25 конец дроби =13. \"></p><p class=\"left_margin\"></p></center><p class=\"left_margin\">Таким об­ра­зом, тре­уголь­ник <i>MQN</i>  — рав­но­бед­рен­ный, тогда</p><p class=\"left_margin\"></p><center><p><span data-width=\"640\" data-formulahash=\"2da5e0659f327a121cb1022311a0b89d\" class=\"tex-span\" style=\"\"><img src=\"https://ege.sdamgia.ru/formula/svg/2d/2da5e0659f327a121cb1022311a0b89d.svg\" class=\"tex\" style=\"vertical-align:-12.2pt\" alt=\"QN=2MN ко­си­нус \\angle MNQ=2 умно­жить на 13 умно­жить на ко­рень из: на­ча­ло ар­гу­мен­та: 1 минус левая круг­лая скоб­ка дробь: чис­ли­тель: 24, зна­ме­на­тель: 25 конец дроби пра­вая круг­лая скоб­ка в квад­ра­те конец ар­гу­мен­та =26 умно­жить на дробь: чис­ли­тель: ко­рень из: на­ча­ло ар­гу­мен­та: 25 в квад­ра­те минус 24 в квад­ра­те конец ар­гу­мен­та , зна­ме­на­тель: 25 конец дроби = 26 умно­жить на дробь: чис­ли­тель: 7, зна­ме­на­тель: 25 конец дроби = дробь: чис­ли­тель: 182, зна­ме­на­тель: 25 конец дроби . \"></span><span data-width=\"565\" data-formulahash=\"2da5e0659f327a121cb1022311a0b89d\" class=\"tex-span\" style=\"display:none\"><img src=\"https://ege.sdamgia.ru/formula/svg/b7/b78a693c7a4c196af9db46670d3c31f7.svg\" class=\"tex\" style=\"vertical-align:-12.3pt\" alt=\"QN=2MN ко­си­нус \\angle MNQ=2 умно­жить на 13 умно­жить на ко­рень из: на­ча­ло ар­гу­мен­та: 1 минус левая круг­лая скоб­ка дробь: чис­ли­тель: 24, зна­ме­на­тель: 25 конец дроби пра­вая круг­лая скоб­ка в квад­ра­те конец ар­гу­мен­та = \"><br><img src=\"https://ege.sdamgia.ru/formula/svg/ea/eac063c3f4baa5eda177149658eaed58.svg\" class=\"tex\" style=\"vertical-align:-8.5pt\" alt=\"=26 умно­жить на дробь: чис­ли­тель: ко­рень из: на­ча­ло ар­гу­мен­та: 25 в квад­ра­те минус 24 в квад­ра­те конец ар­гу­мен­та , зна­ме­на­тель: 25 конец дроби = 26 умно­жить на дробь: чис­ли­тель: 7, зна­ме­на­тель: 25 конец дроби = дробь: чис­ли­тель: 182, зна­ме­на­тель: 25 конец дроби . \"></span></p><p class=\"left_margin\"></p></center><p><span style=\"letter-spacing: 2px;\">Ответ:</span> а) до­ка­за­но, б) <img src=\"https://ege.sdamgia.ru/formula/svg/9f/9f932d0a64a9592ee349cf856b10ca78.svg\" class=\"tex\" style=\"vertical-align:-8.5pt\" alt=\" дробь: чис­ли­тель: 182, зна­ме­на­тель: 25 конец дроби . \"></p><p>&nbsp;</p><p>&nbsp;</p><p><img src=\"/get_file?id=150264\" style=\"float:right;margin:10px;max-width:100%\"></p><p><b>При­ведём дру­гое ре­ше­ние пунк­та б).</b></p><p class=\"left_margin\">Про­дол­жим бо­ко­вые сто­ро­ны тра­пе­ции до пе­ре­се­че­ния в точке <i>R</i>. За­ме­тим, что тре­уголь­ни­ки <i>MNR</i> и <i>BCR</i> по­доб­ны с ко­эф­фи­ци­ен­том <img src=\"https://ege.sdamgia.ru/formula/svg/bb/bb84485d4faca42141472a2bb4ba49ea.svg\" class=\"tex\" style=\"vertical-align:-8.4pt\" alt=\"k= дробь: чис­ли­тель: 4,5, зна­ме­на­тель: 13 конец дроби = дробь: чис­ли­тель: 9, зна­ме­на­тель: конец дроби 26. \"> Тогда <img src=\"https://ege.sdamgia.ru/formula/svg/d2/d204dcfaa84c9a9e6814344ae2a1cd33.svg\" class=\"tex\" style=\"vertical-align:-9.3pt\" alt=\" дробь: чис­ли­тель: x, зна­ме­на­тель: конец дроби x плюс 13 = дробь: чис­ли­тель: 9, зна­ме­на­тель: конец дроби 26,\"> от­ку­да <img src=\"https://ege.sdamgia.ru/formula/svg/86/86f241e72124ef0c733f91b166229df1.svg\" class=\"tex\" style=\"vertical-align:-8.5pt\" alt=\"x= дробь: чис­ли­тель: 117, зна­ме­на­тель: 17 конец дроби \"> и  <img src=\"https://ege.sdamgia.ru/formula/svg/9c/9cd52a0fcd975923b73c79151c685c7a.svg\" class=\"tex\" style=\"vertical-align:-10.6pt\" alt=\" дробь: чис­ли­тель: y, зна­ме­на­тель: конец дроби y плюс 12,5 = дробь: чис­ли­тель: 9, зна­ме­на­тель: конец дроби 26,\"> от­ку­да <img src=\"https://ege.sdamgia.ru/formula/svg/c7/c7b136d2f3420653326ae524d64b3313.svg\" class=\"tex\" style=\"vertical-align:-8.4pt\" alt=\"y= дробь: чис­ли­тель: 225, зна­ме­на­тель: 34 конец дроби . \"> </p><p class=\"left_margin\">Через вер­ши­ну <i>B</i> про­ве­дем от­ре­зок <i>BL</i>, па­рал­лель­ный <i>CN</i>, по­лу­чим тре­уголь­ник <i>MBL</i> со сто­ро­на­ми 13, 12,5 и 8,5, к ко­то­ро­му при­ме­ним тео­ре­му ко­си­ну­сов. Для удоб­ства можно рас­смот­реть по­доб­ный ему тре­уголь­ник со сто­ро­на­ми 26, 25 и 17, для ко­то­ро­го <img src=\"https://ege.sdamgia.ru/formula/svg/65/65c706b63ef6a3d509378f0a9c28b685.svg\" class=\"tex\" style=\"vertical-align:-3.0pt\" alt=\"25 в квад­ра­те = 26 в квад­ра­те плюс 17 в квад­ра­те минус 2 умно­жить на 26 умно­жить на 17 ко­си­нус A,\"> от­ку­да <img src=\"https://ege.sdamgia.ru/formula/svg/8c/8c55c429708f675c0917a83db7528cdf.svg\" class=\"tex\" style=\"vertical-align:-8.4pt\" alt=\" ко­си­нус A = дробь: чис­ли­тель: 5, зна­ме­на­тель: конец дроби 13.\"></p><p class=\"left_margin\">По усло­вию, тре­уголь­ник <i>CPD</i> пря­мо­уголь­ный, от­ре­зок <i>PN</i> яв­ля­ет­ся в нем ме­ди­а­ной, про­ве­ден­ной к ги­по­те­ну­зе. По­это­му <img src=\"https://ege.sdamgia.ru/formula/svg/15/15b290e6be2f47219826f992d7b6ce5b.svg\" class=\"tex\" style=\"vertical-align:-8.4pt\" alt=\"PN = дробь: чис­ли­тель: 1, зна­ме­на­тель: 2 конец дроби CD = 12,5.\"> В тре­уголь­ни­ке <i>MPN</i> угол <i>M</i> равен углу <i>А</i>, тогда по тео­ре­ме ко­си­ну­сов имеем: </p><p><img src=\"/get_file?id=150263\" style=\"float:right;margin:10px;max-width:100%\"></p><p class=\"left_margin\"></p><center><p><span data-width=\"640\" data-formulahash=\"b1ea47b9d1f839cae02c5a8179827208\" class=\"tex-span\" style=\"\"><img src=\"https://ege.sdamgia.ru/formula/svg/b1/b1ea47b9d1f839cae02c5a8179827208.svg\" class=\"tex\" style=\"vertical-align:-8.5pt\" alt=\" PN в квад­ра­те = MP в квад­ра­те плюс MN в квад­ра­те минус 2 MP умно­жить на MN ко­си­нус A рав­но­силь­но 12,5 в квад­ра­те = MP в квад­ра­те плюс 13 в квад­ра­те минус 2 умно­жить на 13 умно­жить на MP умно­жить на дробь: чис­ли­тель: 5, зна­ме­на­тель: конец дроби 13 рав­но­силь­но \"></span><span data-width=\"490\" data-formulahash=\"b1ea47b9d1f839cae02c5a8179827208\" class=\"tex-span\" style=\"display:none\"><img src=\"https://ege.sdamgia.ru/formula/svg/fc/fca80680d52d572b5a46f365ecc49731.svg\" class=\"tex\" style=\"vertical-align:-1.8pt\" alt=\" PN в квад­ра­те = MP в квад­ра­те плюс MN в квад­ра­те минус 2 MP умно­жить на MN ко­си­нус A рав­но­силь­но \"><br><img src=\"https://ege.sdamgia.ru/formula/svg/28/289232f9ec6c422e6a9872afe0e7f683.svg\" class=\"tex\" style=\"vertical-align:-8.4pt\" alt=\" рав­но­силь­но 12,5 в квад­ра­те = MP в квад­ра­те плюс 13 в квад­ра­те минус 2 умно­жить на 13 умно­жить на MP умно­жить на дробь: чис­ли­тель: 5, зна­ме­на­тель: конец дроби 13 рав­но­силь­но \"></span> </p><p><img src=\"https://ege.sdamgia.ru/formula/svg/4b/4bb48b9b06ab5f54fe8640eb8f7ddb2e.svg\" class=\"tex\" style=\"vertical-align:-3.0pt\" alt=\" рав­но­силь­но MP в квад­ра­те минус 10 MP плюс 12,75 = 0, \"> от­ку­да <img src=\"https://ege.sdamgia.ru/formula/svg/34/343db06dc508804ddc4e9e221fe410b9.svg\" class=\"tex\" style=\"vertical-align:-8.4pt\" alt=\"MP = дробь: чис­ли­тель: 3, зна­ме­на­тель: 2 конец дроби \"> или <img src=\"https://ege.sdamgia.ru/formula/svg/4b/4ba2070bdf63db69012150d634d3cdb2.svg\" class=\"tex\" style=\"vertical-align:-8.4pt\" alt=\"MP = дробь: чис­ли­тель: 17, зна­ме­на­тель: 2 конец дроби .\"> </p><p class=\"left_margin\"></p></center><p class=\"left_margin\">Далее из по­до­бия по­лу­ча­ем: </p><p class=\"left_margin\"></p><center><p><img src=\"https://ege.sdamgia.ru/formula/svg/4d/4dab1d5fd0d59b34587e3ce3bffeb751.svg\" class=\"tex\" style=\"vertical-align:-13.3pt\" alt=\" дробь: чис­ли­тель: RQ, зна­ме­на­тель: RM конец дроби = дробь: чис­ли­тель: RP, зна­ме­на­тель: RN конец дроби рав­но­силь­но дробь: чис­ли­тель: RQ, зна­ме­на­тель: 13 плюс дробь: чис­ли­тель: 117, зна­ме­на­тель: 17 конец дроби конец дроби = дробь: чис­ли­тель: 13 плюс дробь: чис­ли­тель: 117, зна­ме­на­тель: 17 конец дроби минус дробь: чис­ли­тель: 3, зна­ме­на­тель: 2 конец дроби , зна­ме­на­тель: 12,5 плюс дробь: чис­ли­тель: 225, зна­ме­на­тель: 34 конец дроби конец дроби рав­но­силь­но RQ = дробь: чис­ли­тель: 325, зна­ме­на­тель: 17 конец дроби , \"> </p><p class=\"left_margin\"></p></center><p>&nbsp;</p><p> от­ку­да <img src=\"https://ege.sdamgia.ru/formula/svg/9a/9ab52ec298026e9c4b7870be7726584a.svg\" class=\"tex\" style=\"vertical-align:-8.4pt\" alt=\"QN = RN минус RQ = 12,5 плюс дробь: чис­ли­тель: 225, зна­ме­на­тель: 34 конец дроби минус дробь: чис­ли­тель: 325, зна­ме­на­тель: 17 конец дроби = 0, \"> или</p><p class=\"left_margin\"></p><center><p><img src=\"https://ege.sdamgia.ru/formula/svg/18/1872e6d23d05002d923e348f9f3cfc88.svg\" class=\"tex\" style=\"vertical-align:-13.3pt\" alt=\" дробь: чис­ли­тель: RQ, зна­ме­на­тель: RM конец дроби = дробь: чис­ли­тель: RP, зна­ме­на­тель: RN конец дроби рав­но­силь­но дробь: чис­ли­тель: RQ, зна­ме­на­тель: 13 плюс дробь: чис­ли­тель: 117, зна­ме­на­тель: 17 конец дроби конец дроби = дробь: чис­ли­тель: 13 плюс дробь: чис­ли­тель: 117, зна­ме­на­тель: 17 конец дроби минус дробь: чис­ли­тель: 17}2, зна­ме­на­тель: 12,5 плюс дробь: чис­ли­тель: 225, зна­ме­на­тель: 34 конец дроби конец дроби рав­но­силь­но RQ = дробь: чис­ли­тель: {, зна­ме­на­тель: 5 конец дроби 031, зна­ме­на­тель: 425 конец дроби , \"> </p><p class=\"left_margin\"></p></center><p> от­ку­да <img src=\"https://ege.sdamgia.ru/formula/svg/86/863834705e5e00940a76ca1eeb1560d5.svg\" class=\"tex\" style=\"vertical-align:-8.4pt\" alt=\"QN = RN минус RQ = 12,5 плюс дробь: чис­ли­тель: 225, зна­ме­на­тель: 34 конец дроби минус дробь: чис­ли­тель: 5031, зна­ме­на­тель: 425 конец дроби = дробь: чис­ли­тель: 182, зна­ме­на­тель: 25 конец дроби . \"></p><p>&nbsp;</p><p><img src=\"/get_file?id=150262\" style=\"float:right;margin:10px;max-width:100%\"></p><p><b>При­ведём ещё одно ре­ше­ние пунк­та б).</b></p><p class=\"left_margin\">По усло­вию, че­ты­рех­уголь­ник <i>PBCQ</i> впи­сан­ный. Из этого сле­ду­ет, что углы <i>PBQ</i> и <i>PCQ</i> равны, как опи­ра­ю­щи­е­ся на одну и ту же дугу. </p><p class=\"left_margin\">За­ме­тим, что по­сколь­ку углы <i>QNM</i> и <i>CDA</i> равны, сумма про­ти­во­по­лож­ных углов <i>АPQ</i> и <i>ADQ</i> че­ты­рех­уголь­ни­ка <i>APQD</i> также равна 180°, а зна­чит, он тоже впи­сан­ный. Из этого сле­ду­ет, что углы <i>PAQ</i> и <i>PDQ</i> равны, как опи­ра­ю­щи­е­ся на одну и ту же дугу. </p><p class=\"left_margin\">Объ­еди­няя эти на­блю­де­ния, за­клю­ча­ем, что в тре­уголь­ни­ках <i>CPD</i> и <i>BQA</i> есть две пары рав­ных углов:</p><p class=\"left_margin\"></p><center><p><img src=\"https://ege.sdamgia.ru/formula/svg/6c/6ca5b5ce864db68d24ce8e967e4dac9a.svg\" class=\"tex\" style=\"vertical-align:-3.0pt\" alt=\"\\widehatABQ = \\widehatPBQ = \\widehatPCQ = \\widehatPCD,\"></p><p><img src=\"https://ege.sdamgia.ru/formula/svg/30/307601cd9123dbd3097798841d658f01.svg\" class=\"tex\" style=\"vertical-align:-3.0pt\" alt=\"\\widehatBAQ = \\widehatPAQ = \\widehatPDQ = \\widehatPDC,\"></p><p class=\"left_margin\"></p></center><p> Но по усло­вию, угол <i>CPD</i> пря­мой. Сле­до­ва­тель­но, угол <i>BQA</i> тоже пря­мой. </p><p class=\"left_margin\">В пря­мо­уголь­ном тре­уголь­ни­ке <i>BQA</i> про­ве­ден­ная к ги­по­те­ну­зе <i>BA</i> ме­ди­а­на равна ее по­ло­ви­не:  <img src=\"https://ege.sdamgia.ru/formula/svg/d1/d19d7487b78aef8a463795b0f07d2778.svg\" class=\"tex\" style=\"vertical-align:-3.0pt\" alt=\"MQ=13.\"> Сред­няя линия тра­пе­ции  <i>ABCD</i> равна по­лу­сум­ме ос­но­ва­ний: <img src=\"https://ege.sdamgia.ru/formula/svg/9f/9f97651c830fcfd08c2dde7ee34f70e6.svg\" class=\"tex\" style=\"vertical-align:-1.8pt\" alt=\"MN=13.\"> Сле­до­ва­тель­но, тре­уголь­ник <i>MQN</i>  — рав­но­бед­рен­ный. Тогда  <img src=\"https://ege.sdamgia.ru/formula/svg/ba/bad2d3902b8744f0fa3edc16bd60dab8.svg\" class=\"tex\" style=\"vertical-align:-3.0pt\" alt=\"QN=2MN ко­си­нус \\widehatMNQ =26 ко­си­нус \\widehatADC.\"></p><p><img src=\"/get_file?id=150261\" style=\"float:right;margin:10px;max-width:100%\"></p><p class=\"left_margin\">Через вер­ши­ну тра­пе­ции <i>C</i> про­ве­дем пря­мую, па­рал­лель­ную бо­ко­вой сто­ро­не <i>AB</i>, и пусть <i>S</i>  — точка ее пе­ре­се­че­ния с ос­но­ва­ни­ем тра­пе­ции <i>AD</i>. Сто­ро­ны тре­уголь­ни­ка <i>SCD</i> равны 26, 17 и 25. При­ме­ним тео­ре­му ко­си­ну­сов: <img src=\"https://ege.sdamgia.ru/formula/svg/0d/0d92336e94bd3934c713bf623f0a7998.svg\" class=\"tex\" style=\"vertical-align:-3.0pt\" alt=\" CS в квад­ра­те = SD в квад­ра­те плюс DC в квад­ра­те минус 2 умно­жить на SD умно­жить на BC умно­жить на ко­си­нус \\widehatADC,\"> от­ку­да</p><p class=\"left_margin\"></p><center><p><img src=\"https://ege.sdamgia.ru/formula/svg/26/2613554f80ca33edf69a12f38e600d12.svg\" class=\"tex\" style=\"vertical-align:-8.5pt\" alt=\" ко­си­нус \\widehatADC = дробь: чис­ли­тель: 17 в квад­ра­те плюс 25 в квад­ра­те минус 26 в квад­ра­те , зна­ме­на­тель: 2 умно­жить на 17 умно­жить на 25 конец дроби = дробь: чис­ли­тель: 17 в квад­ра­те минус 51, зна­ме­на­тель: 2 умно­жить на 17 умно­жить на 25 конец дроби = дробь: чис­ли­тель: 7, зна­ме­на­тель: 25 конец дроби . \"></p><p class=\"left_margin\"></p></center><p class=\"left_margin\">Тем самым,  <img src=\"https://ege.sdamgia.ru/formula/svg/cf/cfb243396ee0952ae8e7db4e4e440f78.svg\" class=\"tex\" style=\"vertical-align:-8.5pt\" alt=\"QN=26 умно­жить на дробь: чис­ли­тель: 7, зна­ме­на­тель: 25 конец дроби = дробь: чис­ли­тель: 182, зна­ме­на­тель: 25 конец дроби . \"></p></div>",
        "image_urls": [
            "https://ege.sdamgia.ru/formula/svg/9b/9b09fa80d21cfab416a4fe1818ad0dc9.svg",
            "https://ege.sdamgia.ru/formula/svg/0c/0c58c8343a11865473e8973130f2b101.svg",
            "https://ege.sdamgia.ru/formula/svg/98/98e8a63cfddbb0207cf066af9e097773.svg",
            "https://ege.sdamgia.ru/formula/svg/cb/cb5c4af38b2904a465faa03371a4f039.svg",
            "https://ege.sdamgia.ru/formula/svg/d1/d1c6f9dfc8cf31b72d98ccf3e623322d.svg",
            "https://ege.sdamgia.ru/formula/svg/82/823575cb580cf3c8562d12e3d204fb0c.svg",
            "https://ege.sdamgia.ru/formula/svg/59/59f806f7b859965213ebd45c914dbd38.svg",
            "https://ege.sdamgia.ru/formula/svg/9a/9a13ca92d8d3ff6b0901a9fd1ff168a5.svg",
            "https://ege.sdamgia.ru/formula/svg/65/6512d59558a6bc7548513cb739437728.svg",
            "https://ege.sdamgia.ru/formula/svg/0d/0d80fee2a70c04483b16dbe830c4a37c.svg",
            "https://ege.sdamgia.ru/formula/svg/32/32ad0b55870ae956666f0af643412b1d.svg",
            "https://ege.sdamgia.ru/formula/svg/20/20afc1e8dd122dd5ad13e7fb12a2eeb7.svg",
            "https://ege.sdamgia.ru/formula/svg/df/df4a841210051dcd34d35ff8fa6b96d9.svg",
            "https://ege.sdamgia.ru/formula/svg/2d/2da5e0659f327a121cb1022311a0b89d.svg",
            "https://ege.sdamgia.ru/formula/svg/b7/b78a693c7a4c196af9db46670d3c31f7.svg",
            "https://ege.sdamgia.ru/formula/svg/ea/eac063c3f4baa5eda177149658eaed58.svg",
            "https://ege.sdamgia.ru/formula/svg/9f/9f932d0a64a9592ee349cf856b10ca78.svg",
            "https://ege.sdamgia.ru/formula/svg/bb/bb84485d4faca42141472a2bb4ba49ea.svg",
            "https://ege.sdamgia.ru/formula/svg/d2/d204dcfaa84c9a9e6814344ae2a1cd33.svg",
            "https://ege.sdamgia.ru/formula/svg/86/86f241e72124ef0c733f91b166229df1.svg",
            "https://ege.sdamgia.ru/formula/svg/9c/9cd52a0fcd975923b73c79151c685c7a.svg",
            "https://ege.sdamgia.ru/formula/svg/c7/c7b136d2f3420653326ae524d64b3313.svg",
            "https://ege.sdamgia.ru/formula/svg/65/65c706b63ef6a3d509378f0a9c28b685.svg",
            "https://ege.sdamgia.ru/formula/svg/8c/8c55c429708f675c0917a83db7528cdf.svg",
            "https://ege.sdamgia.ru/formula/svg/15/15b290e6be2f47219826f992d7b6ce5b.svg",
            "https://ege.sdamgia.ru/formula/svg/b1/b1ea47b9d1f839cae02c5a8179827208.svg",
            "https://ege.sdamgia.ru/formula/svg/fc/fca80680d52d572b5a46f365ecc49731.svg",
            "https://ege.sdamgia.ru/formula/svg/28/289232f9ec6c422e6a9872afe0e7f683.svg",
            "https://ege.sdamgia.ru/formula/svg/4b/4bb48b9b06ab5f54fe8640eb8f7ddb2e.svg",
            "https://ege.sdamgia.ru/formula/svg/34/343db06dc508804ddc4e9e221fe410b9.svg",
            "https://ege.sdamgia.ru/formula/svg/4b/4ba2070bdf63db69012150d634d3cdb2.svg",
            "https://ege.sdamgia.ru/formula/svg/4d/4dab1d5fd0d59b34587e3ce3bffeb751.svg",
            "https://ege.sdamgia.ru/formula/svg/9a/9ab52ec298026e9c4b7870be7726584a.svg",
            "https://ege.sdamgia.ru/formula/svg/18/1872e6d23d05002d923e348f9f3cfc88.svg",
            "https://ege.sdamgia.ru/formula/svg/86/863834705e5e00940a76ca1eeb1560d5.svg",
            "https://ege.sdamgia.ru/formula/svg/6c/6ca5b5ce864db68d24ce8e967e4dac9a.svg",
            "https://ege.sdamgia.ru/formula/svg/30/307601cd9123dbd3097798841d658f01.svg",
            "https://ege.sdamgia.ru/formula/svg/d1/d19d7487b78aef8a463795b0f07d2778.svg",
            "https://ege.sdamgia.ru/formula/svg/9f/9f97651c830fcfd08c2dde7ee34f70e6.svg",
            "https://ege.sdamgia.ru/formula/svg/ba/bad2d3902b8744f0fa3edc16bd60dab8.svg",
            "https://ege.sdamgia.ru/formula/svg/0d/0d92336e94bd3934c713bf623f0a7998.svg",
            "https://ege.sdamgia.ru/formula/svg/26/2613554f80ca33edf69a12f38e600d12.svg",
            "https://ege.sdamgia.ru/formula/svg/cf/cfb243396ee0952ae8e7db4e4e440f78.svg",
            "/get_file?id=150265",
            "/get_file?id=150264",
            "/get_file?id=150263",
            "/get_file?id=150262",
            "/get_file?id=150261"
        ]
    },
    "answer": "а) до­ка­за­но, б)",
    "topic_id": 17,
    "analog_ids": []
}