{
    "gia_type": "ege",
    "subject": "math",
    "id": 526016,
    "condition": {
        "text": "Дана трапеция ABCD с основаниями AD и BC. Точки M и N  — середины сторон AB и CD соответственно. Окружность проходит через точки B и C и пересекает отрезки BM и CN в точках P и Q, отличных от концов отрезка, соответственно.а)  Докажите, что точки M, N, P и Q лежат на одной окружности.б)  Найдите PM, если отрезки AQ и BQ перпендикулярны, AB  =  15, BC  =  1, CD  =  17, AD  =  9.",
        "html": "<div align=\"justify\" width=\"100%\" id=\"body419900\" class=\"pbody\"><p class=\"left_margin\">Дана тра­пе­ция <i>ABCD</i> с ос­но­ва­ни­я­ми <i>AD</i> и <i>BC</i>. Точки <i>M</i> и <i>N</i>  — се­ре­ди­ны сто­рон <i>AB</i> и <i>CD</i> со­от­вет­ствен­но. Окруж­ность про­хо­дит через точки <i>B</i> и <i>C</i> и пе­ре­се­ка­ет от­рез­ки <i>BM</i> и <i>CN</i> в точ­ках <i>P</i> и <i>Q</i>, от­лич­ных от кон­цов от­рез­ка, со­от­вет­ствен­но.</p><p class=\"left_margin\">а)  До­ка­жи­те, что точки <i>M</i>, <i>N</i>, <i>P</i> и <i>Q</i> лежат на одной окруж­но­сти.</p><p class=\"left_margin\">б)  Най­ди­те <i>PM</i>, если от­рез­ки <i>AQ</i> и <i>BQ</i> пер­пен­ди­ку­ляр­ны, <i>AB</i>  =  15, <i>BC</i>  =  1, <i>CD</i>  =  17, <i>AD</i>  =  9.</p></div>",
        "image_urls": []
    },
    "solution": {
        "text": "Решение. a)  По условию, четырёхугольник PBCQ вписанный. Значит,  Отрезок MN  — средняя линия трапеции ABCD, она параллельна основанию  BC, а тогда  как односторонние углы при параллельных прямых. Следовательно,  Для смежных углов справедливо равенство  а значит,  В четырёхугольнике MPQN сумма противоположных углов равна 180°, поэтому вокруг него можно описать окружность. Тем самым, точки M, N, P и Q лежат на одной окружности, что и требовалось доказать. б)  Пусть  (эти углы равны как соответственные углы при параллельных прямых). В пункте а) было показано, что  это означает, что  и, следовательно, точки A, D, P и Q тоже лежат на одной окружности.  Вписанные углы, опирающиеся на одну и ту же дугу окружности, равны. Следовательно,  и  Значит, треугольники DPC и AQB подобны по двум углам. Следовательно,  так как по условию AQ и BQ перпендикулярны. В прямоугольном треугольнике CPD точка N  — середина гипотенузы. Следовательно,  С другой стороны, средняя линия трапеции  Покажем, что угол   — прямой. Для этого на отрезке AD отметим точку E, так что  тогда   Заметим, что  следовательно, по теореме обратной теореме Пифагора треугольник ABE  — прямоугольный, с прямым углом BAE. Значит, треугольник PNM также прямоугольный. Применяя теорему Пифагора, получаем: Ответ: ",
        "html": "<div align=\"justify\" width=\"100%\" id=\"sol526016\" class=\"solution\" style=\"clear:both;\" class=\"pbody\"><p class=\"left_margin\"></p><b>Ре­ше­ние<!--rule_info-->. </b><p class=\"left_margin\"><img src=\"/get_file?id=150266\" style=\"float:right;margin:10px;max-width:100%\">a)  По усло­вию, четырёхуголь­ник <i>PBCQ</i> впи­сан­ный. Зна­чит, <img src=\"https://ege.sdamgia.ru/formula/svg/82/82c59a8b334d2e95a9421cd1535262a4.svg\" class=\"tex\" style=\"vertical-align:-3.0pt\" alt=\"\\angle BCQ плюс \\angle BPQ =180 гра­ду­сов.\"> От­ре­зок <i>MN</i>  — сред­няя линия тра­пе­ции <i>ABCD</i>, она па­рал­лель­на ос­но­ва­нию <i> BC</i>, а тогда <img src=\"https://ege.sdamgia.ru/formula/svg/f8/f8148a1a34a3bf2e8a72f060cfe9f940.svg\" class=\"tex\" style=\"vertical-align:-3.0pt\" alt=\"\\angle BCQ плюс \\angle QNM =180 гра­ду­сов \"> как од­но­сто­рон­ние углы при па­рал­лель­ных пря­мых. Сле­до­ва­тель­но, <img src=\"https://ege.sdamgia.ru/formula/svg/8c/8c5e98aa45dec28c7a25f07862426c2f.svg\" class=\"tex\" style=\"vertical-align:-2.9pt\" alt=\"\\angle BPQ =\\angle QNM.\"> Для смеж­ных углов спра­вед­ли­во ра­вен­ство <img src=\"https://ege.sdamgia.ru/formula/svg/25/250cf63af89bc608af5cc43fa1eb9b6e.svg\" class=\"tex\" style=\"vertical-align:-3.0pt\" alt=\"\\angle BPQ плюс \\angle MPQ=180 гра­ду­сов,\"> а зна­чит, <img src=\"https://ege.sdamgia.ru/formula/svg/e8/e8e83e9e8289ebc22e2a1a5958e4b699.svg\" class=\"tex\" style=\"vertical-align:-3.0pt\" alt=\"\\angle QNM плюс \\angle MPQ=180 гра­ду­сов.\"> В четырёхуголь­ни­ке <i>MPQN</i> сумма про­ти­во­по­лож­ных углов равна 180°, по­это­му во­круг него можно опи­сать окруж­ность. Тем самым, точки <i>M</i>, <i>N</i>, <i>P</i> и <i>Q</i> лежат на одной окруж­но­сти, что и тре­бо­ва­лось до­ка­зать. </p><p class=\"left_margin\">б)  Пусть <img src=\"https://ege.sdamgia.ru/formula/svg/81/8123b2ebb14be2cc217cdc53baff721b.svg\" class=\"tex\" style=\"vertical-align:-1.8pt\" alt=\"\\angle PMN = \\angle PAD= альфа \"> (эти углы равны как со­от­вет­ствен­ные углы при па­рал­лель­ных пря­мых). В пунк­те а) было по­ка­за­но, что <img src=\"https://ege.sdamgia.ru/formula/svg/4d/4d0fbae668ece347146062b9c9059552.svg\" class=\"tex\" style=\"vertical-align:-3.0pt\" alt=\"\\angle QNM плюс \\angle MPQ=180 гра­ду­сов,\"> это озна­ча­ет, что <img src=\"https://ege.sdamgia.ru/formula/svg/18/182fef9614a888482ee6f124dc58c3a0.svg\" class=\"tex\" style=\"vertical-align:-3.0pt\" alt=\"\\angle QDA плюс \\angle MPQ=180 гра­ду­сов,\"> и, сле­до­ва­тель­но, точки <i>A</i>, <i>D</i>, <i>P</i> и <i>Q</i> тоже лежат на одной окруж­но­сти. </p><p>&nbsp;</p><p class=\"left_margin\">Впи­сан­ные углы, опи­ра­ю­щи­е­ся на одну и ту же дугу окруж­но­сти, равны. Сле­до­ва­тель­но, <img src=\"https://ege.sdamgia.ru/formula/svg/d0/d090316343f13a7874cb651612ed00c2.svg\" class=\"tex\" style=\"vertical-align:-2.9pt\" alt=\"\\angle PBQ = \\angle PCQ \"> и <img src=\"https://ege.sdamgia.ru/formula/svg/47/4764c1ab96dd0e0c97b0fe509f54d2fc.svg\" class=\"tex\" style=\"vertical-align:-2.9pt\" alt=\"\\angle PAQ = \\angle PDQ .\"> Зна­чит, тре­уголь­ни­ки <i>DPC</i> и <i>AQB</i> по­доб­ны по двум углам. Сле­до­ва­тель­но, <img src=\"https://ege.sdamgia.ru/formula/svg/ed/ed1f6a394c8270d7ea5116d8bca37a83.svg\" class=\"tex\" style=\"vertical-align:-3.0pt\" alt=\"\\angle DPC = \\angle AQB = 90 гра­ду­сов,\"> так как по усло­вию <i>AQ</i> и <i>BQ</i> пер­пен­ди­ку­ляр­ны. <img src=\"/get_file?id=150268\" style=\"float:right;margin:10px;max-width:100%\"></p><p class=\"left_margin\">В пря­мо­уголь­ном тре­уголь­ни­ке <i>CPD</i> точка <i>N</i>  — се­ре­ди­на ги­по­те­ну­зы. Сле­до­ва­тель­но, <img src=\"https://ege.sdamgia.ru/formula/svg/d4/d4b511ffb6327f02fddc8d99db4528f7.svg\" class=\"tex\" style=\"vertical-align:-8.3pt\" alt=\"PN= CN=ND= дробь: чис­ли­тель: CD, зна­ме­на­тель: 2 конец дроби = дробь: чис­ли­тель: 17, зна­ме­на­тель: 2 конец дроби =8,5. \"> С дру­гой сто­ро­ны, сред­няя линия тра­пе­ции <img src=\"https://ege.sdamgia.ru/formula/svg/b9/b9f9dd7dbc97e72fc7d544bb78393572.svg\" class=\"tex\" style=\"vertical-align:-8.3pt\" alt=\"MN = дробь: чис­ли­тель: AD плюс BC, зна­ме­на­тель: 2 конец дроби = дробь: чис­ли­тель: 9 плюс 1, зна­ме­на­тель: 2 конец дроби =5. \"> </p><p class=\"left_margin\">По­ка­жем, что угол <img src=\"https://ege.sdamgia.ru/formula/svg/7b/7b7f9dbfea05c83784f8b85149852f08.svg\" class=\"tex\" style=\"vertical-align:-1.8pt\" alt=\" альфа \">  — пря­мой. Для этого на от­рез­ке <i>AD</i> от­ме­тим точку <i>E</i>, так что <img src=\"https://ege.sdamgia.ru/formula/svg/f1/f1a08c6528440b39ed91591b2c10d115.svg\" class=\"tex\" style=\"vertical-align:-3.0pt\" alt=\"ED=BC=1,\"> тогда <img src=\"https://ege.sdamgia.ru/formula/svg/cc/ccf4e09e4e862f3e16ff8a355e3062c5.svg\" class=\"tex\" style=\"vertical-align:-3.0pt\" alt=\"AE=8,\"> <img src=\"https://ege.sdamgia.ru/formula/svg/ae/aeb5bf09ba4ba97d66b8a477d4b71999.svg\" class=\"tex\" style=\"vertical-align:-1.8pt\" alt=\"BE=17.\"> За­ме­тим, что <img src=\"https://ege.sdamgia.ru/formula/svg/2e/2e1762cebeed4b761b89c6691a41ad35.svg\" class=\"tex\" style=\"vertical-align:-3.0pt\" alt=\"BE в квад­ра­те = AE в квад­ра­те плюс AB в квад­ра­те ,\"> сле­до­ва­тель­но, по тео­ре­ме об­рат­ной тео­ре­ме Пи­фа­го­ра тре­уголь­ник <i>ABE</i>  — пря­мо­уголь­ный, с пря­мым углом <i>BAE</i>. Зна­чит, тре­уголь­ник <i>PNM</i> также пря­мо­уголь­ный. При­ме­няя тео­ре­му Пи­фа­го­ра, по­лу­ча­ем: </p><p class=\"left_margin\"></p><center><p><img src=\"https://ege.sdamgia.ru/formula/svg/0b/0b1a66ebef2189711fb09817be2913a1.svg\" class=\"tex\" style=\"vertical-align:-9.3pt\" alt=\"PM = ко­рень из: на­ча­ло ар­гу­мен­та: PN в квад­ра­те минус MN в квад­ра­те конец ар­гу­мен­та = ко­рень из: на­ча­ло ар­гу­мен­та: дробь: чис­ли­тель: 289, зна­ме­на­тель: 4 конец дроби минус 25 конец ар­гу­мен­та = дробь: чис­ли­тель: ко­рень из: на­ча­ло ар­гу­мен­та: 189 конец ар­гу­мен­та , зна­ме­на­тель: 2 конец дроби = дробь: чис­ли­тель: 3 ко­рень из: на­ча­ло ар­гу­мен­та: 21 конец ар­гу­мен­та , зна­ме­на­тель: 2 конец дроби . \"></p><p class=\"left_margin\"></p></center><p><span style=\"letter-spacing: 2px;\">Ответ:</span> <img src=\"https://ege.sdamgia.ru/formula/svg/bd/bd326d3d0f4362f1a3695bdf69c0f32a.svg\" class=\"tex\" style=\"vertical-align:-8.5pt\" alt=\" дробь: чис­ли­тель: 3 ко­рень из: на­ча­ло ар­гу­мен­та: 21 конец ар­гу­мен­та , зна­ме­на­тель: 2 конец дроби . \"></p></div>",
        "image_urls": [
            "https://ege.sdamgia.ru/formula/svg/82/82c59a8b334d2e95a9421cd1535262a4.svg",
            "https://ege.sdamgia.ru/formula/svg/f8/f8148a1a34a3bf2e8a72f060cfe9f940.svg",
            "https://ege.sdamgia.ru/formula/svg/8c/8c5e98aa45dec28c7a25f07862426c2f.svg",
            "https://ege.sdamgia.ru/formula/svg/25/250cf63af89bc608af5cc43fa1eb9b6e.svg",
            "https://ege.sdamgia.ru/formula/svg/e8/e8e83e9e8289ebc22e2a1a5958e4b699.svg",
            "https://ege.sdamgia.ru/formula/svg/81/8123b2ebb14be2cc217cdc53baff721b.svg",
            "https://ege.sdamgia.ru/formula/svg/4d/4d0fbae668ece347146062b9c9059552.svg",
            "https://ege.sdamgia.ru/formula/svg/18/182fef9614a888482ee6f124dc58c3a0.svg",
            "https://ege.sdamgia.ru/formula/svg/d0/d090316343f13a7874cb651612ed00c2.svg",
            "https://ege.sdamgia.ru/formula/svg/47/4764c1ab96dd0e0c97b0fe509f54d2fc.svg",
            "https://ege.sdamgia.ru/formula/svg/ed/ed1f6a394c8270d7ea5116d8bca37a83.svg",
            "https://ege.sdamgia.ru/formula/svg/d4/d4b511ffb6327f02fddc8d99db4528f7.svg",
            "https://ege.sdamgia.ru/formula/svg/b9/b9f9dd7dbc97e72fc7d544bb78393572.svg",
            "https://ege.sdamgia.ru/formula/svg/7b/7b7f9dbfea05c83784f8b85149852f08.svg",
            "https://ege.sdamgia.ru/formula/svg/f1/f1a08c6528440b39ed91591b2c10d115.svg",
            "https://ege.sdamgia.ru/formula/svg/cc/ccf4e09e4e862f3e16ff8a355e3062c5.svg",
            "https://ege.sdamgia.ru/formula/svg/ae/aeb5bf09ba4ba97d66b8a477d4b71999.svg",
            "https://ege.sdamgia.ru/formula/svg/2e/2e1762cebeed4b761b89c6691a41ad35.svg",
            "https://ege.sdamgia.ru/formula/svg/0b/0b1a66ebef2189711fb09817be2913a1.svg",
            "https://ege.sdamgia.ru/formula/svg/bd/bd326d3d0f4362f1a3695bdf69c0f32a.svg",
            "/get_file?id=150266",
            "/get_file?id=150268"
        ]
    },
    "answer": "",
    "topic_id": 17,
    "analog_ids": []
}