{
    "gia_type": "ege",
    "subject": "math",
    "id": 561854,
    "condition": {
        "text": "В четырёхугольнике ABCD противоположные стороны не параллельны. Диагонали четырёхугольника ABCD пересекаются в точке O под прямым углом и образуют четыре подобных треугольника, у каждого из которых одна из вершин  — точка O.а)  Докажите, что около четырёхугольника ABCD можно описать окружность.б)  Найдите радиус вписанной окружности, если AC  =  10, BD  =  26.",
        "html": "<div align=\"justify\" width=\"100%\" id=\"body457794\" class=\"pbody\"><p class=\"left_margin\">В четырёхуголь­ни­ке <i>ABCD</i> про­ти­во­по­лож­ные сто­ро­ны не па­рал­лель­ны. Диа­го­на­ли четырёхуголь­ни­ка <i>ABCD</i> пе­ре­се­ка­ют­ся в точке <i>O</i> под пря­мым углом и об­ра­зу­ют че­ты­ре по­доб­ных тре­уголь­ни­ка, у каж­до­го из ко­то­рых одна из вер­шин  — точка <i>O</i>.</p><p class=\"left_margin\">а)  До­ка­жи­те, что около четырёхуголь­ни­ка <i>ABCD</i> можно опи­сать окруж­ность.</p><p class=\"left_margin\">б)  Най­ди­те ра­ди­ус впи­сан­ной окруж­но­сти, если <i>AC</i>  =  10, <i>BD</i>  =  26.</p></div>",
        "image_urls": []
    },
    "solution": {
        "text": "Решение. а)  Рассмотрим треугольники ABO и COD: углы ABD и BDC при секущей BD не равны. Тогда, так как треугольники ABO и COD подобны, углы ABO и DCO, а также BAO и CDO равны. Аналогично для треугольников AOD и BDC. Сумма углов ABO и OBC не равна 90°, следовательно, конфигурацию можно представить приведенным рисунком.Заметим, что  cледовательно, вокруг четырехугольника ABCD можно описать окружность.б)  Пусть   тогда:  Из этого следует, что стороны AO и OC равны: Пусть  тогда  при  Тогда: С учетом симметрии, можно выбрать любое из найденных значений x. Пусть длина OB равна 1, длина  OD равна 25, тогда:  Найдем полупериметр четырехугольника ABCD: Найдем площадь четырехугольника ABCD: Вычислим искомый радиус:Осталось отметить, что диагональ АС может является другой диагональю дельтоида и биссектрисой его углов. В этом случае аналогичное приведенному выше квадратное уравнение имеет вид  и не имеет корней. Следовательно, такая конфигураций невозможна. Ответ: ",
        "html": "<div align=\"justify\" width=\"100%\" id=\"sol561854\" class=\"solution\" style=\"clear:both;\" class=\"pbody\"><p class=\"left_margin\"></p><b>Ре­ше­ние<!--rule_info-->. </b><p class=\"left_margin\"><img src=\"/get_file?id=150426\" style=\"float:right;margin:10px;max-width:100%\"></p><p class=\"left_margin\">а)  Рас­смот­рим тре­уголь­ни­ки <i>ABO</i> и <i>COD:</i> углы <i>ABD</i> и <i>BDC</i> при се­ку­щей <i>BD</i> не равны. Тогда, так как тре­уголь­ни­ки <i>ABO</i> и <i>COD</i> по­доб­ны, углы <i>ABO</i> и <i>DCO</i>, а также <i>BAO</i> и <i>CDO</i> равны. Ана­ло­гич­но для тре­уголь­ни­ков <i>AOD</i> и <i>BDC.</i> Сумма углов <i>ABO</i> и <i>OBC</i> не равна 90°, сле­до­ва­тель­но, кон­фи­гу­ра­цию можно пред­ста­вить при­ве­ден­ным ри­сун­ком.За­ме­тим, что <img src=\"https://ege.sdamgia.ru/formula/svg/77/77089ff4a35a82d2b0c61e9a2a69c2b4.svg\" class=\"tex\" style=\"vertical-align:-3.0pt\" alt=\"\\widehatABD = \\widehatACD,\"> cле­до­ва­тель­но, во­круг че­ты­рех­уголь­ни­ка <i>ABCD</i> можно опи­сать окруж­ность.</p><p class=\"left_margin\">б)  Пусть <img src=\"https://ege.sdamgia.ru/formula/svg/98/98bbdd6b695653e4007b04803d655837.svg\" class=\"tex\" style=\"vertical-align:-3.0pt\" alt=\"BO = a,\"> <img src=\"https://ege.sdamgia.ru/formula/svg/83/83d4c6cf482f19fbcd48a002ffec6d4f.svg\" class=\"tex\" style=\"vertical-align:-3.0pt\" alt=\"OC = b,\"> тогда: <img src=\"https://ege.sdamgia.ru/formula/svg/cc/ccb98db3418bece2cc5ad1b4402957a5.svg\" class=\"tex\" style=\"vertical-align:-8.5pt\" alt=\"OD = OC умно­жить на дробь: чис­ли­тель: b, зна­ме­на­тель: a конец дроби = дробь: чис­ли­тель: b в квад­ра­те , зна­ме­на­тель: a конец дроби , \"></p><p class=\"left_margin\"></p><center><p><img src=\"https://ege.sdamgia.ru/formula/svg/6c/6c9d2afc3bfc97aab4a324e91f197834.svg\" class=\"tex\" style=\"vertical-align:-8.5pt\" alt=\"BO = OA умно­жить на дробь: чис­ли­тель: AO, зна­ме­на­тель: OD конец дроби рав­но­силь­но a = дробь: чис­ли­тель: AO в квад­ра­те , зна­ме­на­тель: b в квад­ра­те конец дроби рав­но­силь­но AO = b. \"></p><p class=\"left_margin\"></p></center><p> Из этого сле­ду­ет, что сто­ро­ны <i>AO</i> и <i>OC</i> равны: <img src=\"https://ege.sdamgia.ru/formula/svg/4e/4efae7cbfa857705174e815961152aa0.svg\" class=\"tex\" style=\"vertical-align:-1.8pt\" alt=\"AO = OC = 5.\"></p><p class=\"left_margin\">Пусть <img src=\"https://ege.sdamgia.ru/formula/svg/e1/e1e421e1e12fbf8385617c9ab57cd5b9.svg\" class=\"tex\" style=\"vertical-align:-3.0pt\" alt=\"OB = x,\"> тогда <img src=\"https://ege.sdamgia.ru/formula/svg/70/70e94a75064aee98b7ecd6111fa1876f.svg\" class=\"tex\" style=\"vertical-align:-8.4pt\" alt=\"OD = дробь: чис­ли­тель: 25, зна­ме­на­тель: x конец дроби = 26 минус x \"> при <img src=\"https://ege.sdamgia.ru/formula/svg/b1/b12002e8e135c79e59a04a038d1f85cd.svg\" class=\"tex\" style=\"vertical-align:-1.8pt\" alt=\"x боль­ше 0.\"> Тогда:</p><p class=\"left_margin\"></p><center><p><img src=\"https://ege.sdamgia.ru/formula/svg/a0/a01aaf5be142820046a6c27615c9924f.svg\" class=\"tex\" style=\"vertical-align:-14.4pt\" alt=\"x в квад­ра­те минус 26x плюс 25 = 0 рав­но­силь­но со­во­куп­ность вы­ра­же­ний x = 1,x = 25. конец со­во­куп­но­сти . \"></p><p class=\"left_margin\"></p></center><p> С уче­том сим­мет­рии, можно вы­брать любое из най­ден­ных зна­че­ний <i>x.</i> Пусть длина <i>OB</i> равна 1, длина  <i>OD</i> равна 25, тогда: </p><p class=\"left_margin\"></p><center><p><img src=\"https://ege.sdamgia.ru/formula/svg/28/280e80eb797b03f1a07599ca46a23641.svg\" class=\"tex\" style=\"vertical-align:-3.0pt\" alt=\"AB = BC = ко­рень из: на­ча­ло ар­гу­мен­та: 25 плюс 1 конец ар­гу­мен­та = ко­рень из: на­ча­ло ар­гу­мен­та: 26 конец ар­гу­мен­та ,\"></p><p><img src=\"https://ege.sdamgia.ru/formula/svg/02/02522082c9d700dedd217f499a08ec24.svg\" class=\"tex\" style=\"vertical-align:-2.0pt\" alt=\"AD = DC = ко­рень из: на­ча­ло ар­гу­мен­та: 25 плюс 625 конец ар­гу­мен­та = ко­рень из: на­ча­ло ар­гу­мен­та: 650 конец ар­гу­мен­та = 5 ко­рень из: на­ча­ло ар­гу­мен­та: 26 конец ар­гу­мен­та .\"></p><p class=\"left_margin\"></p></center><p> Най­дем по­лу­пе­ри­метр че­ты­рех­уголь­ни­ка <i>ABCD:</i></p><p class=\"left_margin\"></p><center><p><img src=\"https://ege.sdamgia.ru/formula/svg/44/44bb6075c252d6c6deb4dce9b1c3acfc.svg\" class=\"tex\" style=\"vertical-align:-8.5pt\" alt=\"p_ABCD = дробь: чис­ли­тель: 2 умно­жить на ко­рень из: на­ча­ло ар­гу­мен­та: 26 конец ар­гу­мен­та плюс 2 умно­жить на 5 ко­рень из: на­ча­ло ар­гу­мен­та: 26 конец ар­гу­мен­та , зна­ме­на­тель: 2 конец дроби = 6 ко­рень из: на­ча­ло ар­гу­мен­та: 26 конец ар­гу­мен­та . \"></p><p class=\"left_margin\"></p></center><p> Най­дем пло­щадь че­ты­рех­уголь­ни­ка <i>ABCD:</i></p><p class=\"left_margin\"></p><center><p><img src=\"https://ege.sdamgia.ru/formula/svg/e0/e026ba095e28c394b9429aa3a36d0658.svg\" class=\"tex\" style=\"vertical-align:-8.4pt\" alt=\"S_ABCD = 2S_BAD = 2 умно­жить на дробь: чис­ли­тель: 1, зна­ме­на­тель: 2 конец дроби умно­жить на AO умно­жить на BD = 5 умно­жить на 26 = 130. \"></p><p class=\"left_margin\"></p></center><p> Вы­чис­лим ис­ко­мый ра­ди­ус:</p><p class=\"left_margin\"></p><center><p><img src=\"https://ege.sdamgia.ru/formula/svg/bd/bd18d5ccfc0b0907684498c5cd528222.svg\" class=\"tex\" style=\"vertical-align:-11.1pt\" alt=\"r= дробь: чис­ли­тель: S_ABCD, зна­ме­на­тель: p_ABCD конец дроби = дробь: чис­ли­тель: 130, зна­ме­на­тель: 6 ко­рень из: на­ча­ло ар­гу­мен­та: 26 конец ар­гу­мен­та конец дроби = дробь: чис­ли­тель: 65 ко­рень из: на­ча­ло ар­гу­мен­та: 26 конец ар­гу­мен­та , зна­ме­на­тель: 3 умно­жить на 26 конец дроби = дробь: чис­ли­тель: 5 ко­рень из: на­ча­ло ар­гу­мен­та: 26 конец ар­гу­мен­та , зна­ме­на­тель: 6 конец дроби . \"></p><p class=\"left_margin\"></p></center><p class=\"left_margin\">Оста­лось от­ме­тить, что диа­го­наль <i>АС</i> может яв­ля­ет­ся дру­гой диа­го­на­лью дель­то­и­да и бис­сек­три­сой его углов. В этом слу­чае ана­ло­гич­ное при­ве­ден­но­му выше квад­рат­ное урав­не­ние имеет вид <img src=\"https://ege.sdamgia.ru/formula/svg/d3/d33bd72150c8e172e1c2834fe56958b6.svg\" class=\"tex\" style=\"vertical-align:-3.0pt\" alt=\"x в квад­ра­те минус 5x плюс 169=0,\"> и не имеет кор­ней. Сле­до­ва­тель­но, такая кон­фи­гу­ра­ций не­воз­мож­на.</p><p>&nbsp;</p><p><span style=\"letter-spacing: 2px;\">Ответ:</span> <img src=\"https://ege.sdamgia.ru/formula/svg/e9/e9b7533b12fb40c5f9d1f14c59fb1d69.svg\" class=\"tex\" style=\"vertical-align:-8.5pt\" alt=\" дробь: чис­ли­тель: 5 ко­рень из: на­ча­ло ар­гу­мен­та: 26 конец ар­гу­мен­та , зна­ме­на­тель: 6 конец дроби . \"></p></div>",
        "image_urls": [
            "https://ege.sdamgia.ru/formula/svg/77/77089ff4a35a82d2b0c61e9a2a69c2b4.svg",
            "https://ege.sdamgia.ru/formula/svg/98/98bbdd6b695653e4007b04803d655837.svg",
            "https://ege.sdamgia.ru/formula/svg/83/83d4c6cf482f19fbcd48a002ffec6d4f.svg",
            "https://ege.sdamgia.ru/formula/svg/cc/ccb98db3418bece2cc5ad1b4402957a5.svg",
            "https://ege.sdamgia.ru/formula/svg/6c/6c9d2afc3bfc97aab4a324e91f197834.svg",
            "https://ege.sdamgia.ru/formula/svg/4e/4efae7cbfa857705174e815961152aa0.svg",
            "https://ege.sdamgia.ru/formula/svg/e1/e1e421e1e12fbf8385617c9ab57cd5b9.svg",
            "https://ege.sdamgia.ru/formula/svg/70/70e94a75064aee98b7ecd6111fa1876f.svg",
            "https://ege.sdamgia.ru/formula/svg/b1/b12002e8e135c79e59a04a038d1f85cd.svg",
            "https://ege.sdamgia.ru/formula/svg/a0/a01aaf5be142820046a6c27615c9924f.svg",
            "https://ege.sdamgia.ru/formula/svg/28/280e80eb797b03f1a07599ca46a23641.svg",
            "https://ege.sdamgia.ru/formula/svg/02/02522082c9d700dedd217f499a08ec24.svg",
            "https://ege.sdamgia.ru/formula/svg/44/44bb6075c252d6c6deb4dce9b1c3acfc.svg",
            "https://ege.sdamgia.ru/formula/svg/e0/e026ba095e28c394b9429aa3a36d0658.svg",
            "https://ege.sdamgia.ru/formula/svg/bd/bd18d5ccfc0b0907684498c5cd528222.svg",
            "https://ege.sdamgia.ru/formula/svg/d3/d33bd72150c8e172e1c2834fe56958b6.svg",
            "https://ege.sdamgia.ru/formula/svg/e9/e9b7533b12fb40c5f9d1f14c59fb1d69.svg",
            "/get_file?id=150426"
        ]
    },
    "answer": "",
    "topic_id": 17,
    "analog_ids": [
        561854,
        562036
    ]
}