{
    "gia_type": "ege",
    "subject": "math",
    "id": 562004,
    "condition": {
        "text": "В прямоугольнике ABCD, в котором  а AB  =  6, расположены две окружности. Окружность с центром в точке K, радиус которой равен 2, касается сторон AB и AD. Окружность с центром в точке L, радиус которой равен 1, касается стороны CD и первой окружности.а)  Докажите, что точки A, K, L лежат на одной прямой.б)  Найдите  площадь  треугольника CLM, если M  — основание  перпендикуляра, опущенного из вершины B  на прямую, проходящую через точки K и L.",
        "html": "<div align=\"justify\" width=\"100%\" id=\"body458152\" class=\"pbody\"><p class=\"left_margin\">В пря­мо­уголь­ни­ке <i>ABCD</i>, в ко­то­ром <img src=\"https://ege.sdamgia.ru/formula/svg/50/503b6e5f979c03bec5d6318b5f3cdcfd.svg\" class=\"tex\" style=\"vertical-align:-8.5pt\" alt=\"AD=3 плюс дробь: чис­ли­тель: 3 ко­рень из: на­ча­ло ар­гу­мен­та: 2 конец ар­гу­мен­та , зна­ме­на­тель: 2 конец дроби , \"> а <i>AB</i>  =  6, рас­по­ло­же­ны две окруж­но­сти. Окруж­ность с цен­тром в точке <i>K</i>, ра­ди­ус ко­то­рой равен 2, ка­са­ет­ся сто­рон <i>AB</i> и <i>AD</i>. Окруж­ность с цен­тром в точке <i>L</i>, ра­ди­ус ко­то­рой равен 1, ка­са­ет­ся сто­ро­ны <i>CD</i> и пер­вой окруж­но­сти.</p><p class=\"left_margin\">а)  До­ка­жи­те, что точки <i>A</i>, <i>K</i>, <i>L</i> лежат на одной пря­мой.</p><p class=\"left_margin\">б)  Най­ди­те  пло­щадь  тре­уголь­ни­ка <i>CLM</i>, если <i>M</i>  — ос­но­ва­ние  пер­пен­ди­ку­ля­ра, опу­щен­но­го из вер­ши­ны <i>B</i>  на пря­мую, про­хо­дя­щую через точки <i>K</i> и <i>L</i>.</p></div>",
        "image_urls": [
            "https://ege.sdamgia.ru/formula/svg/50/503b6e5f979c03bec5d6318b5f3cdcfd.svg"
        ]
    },
    "solution": {
        "text": "Решение. а)  Пусть первая окружность касается стороны AB в точке E, первая окружность касается второй окружности в точке H, вторая окружность касается стороны CD в точке G. Проекция отрезка KL на сторону AD равна  Это означает, что прямая KL составляет с прямой AD угол 45°. Угол KAD из очевидных соображений тоже равен 45°, а значит, точки A, K, L лежат на одной прямой.б)  Пусть прямая AK и прямая BC пересекаются в точке I. Тогда ABI  — равнобедренный треугольник и  Обозначим h расстояние от точки C до прямой AI. Тогда Заметим, что  Теперь можно найти площадь треугольника CLM: Ответ: б) ",
        "html": "<div align=\"justify\" width=\"100%\" id=\"sol562004\" class=\"solution\" style=\"clear:both;\" class=\"pbody\"><p class=\"left_margin\"></p><b>Ре­ше­ние<!--rule_info-->. </b><p class=\"left_margin\"><img src=\"/get_file?id=150435\" style=\"float:right;margin:10px;max-width:100%\"></p><p class=\"left_margin\">а)  Пусть пер­вая окруж­ность ка­са­ет­ся сто­ро­ны <i>AB</i> в точке <i>E</i>, пер­вая окруж­ность ка­са­ет­ся вто­рой окруж­но­сти в точке <i>H</i>, вто­рая окруж­ность ка­са­ет­ся сто­ро­ны <i>CD</i> в точке <i>G</i>. Про­ек­ция от­рез­ка <i>KL</i> на сто­ро­ну <i>AD</i> равна </p><p class=\"left_margin\"></p><center><p><img src=\"https://ege.sdamgia.ru/formula/svg/7c/7ca0a552c99ba138aa3f813c15a94b13.svg\" class=\"tex\" style=\"vertical-align:-8.5pt\" alt=\"AD минус KE минус LG= дробь: чис­ли­тель: 3 ко­рень из: на­ча­ло ар­гу­мен­та: 2 конец ар­гу­мен­та , зна­ме­на­тель: 2 конец дроби =KL умно­жить на ко­си­нус 45 гра­ду­сов. \"></p><p class=\"left_margin\"></p></center><p> Это озна­ча­ет, что пря­мая <i>KL</i> со­став­ля­ет с пря­мой <i>AD</i> угол 45°. Угол <i>KAD</i> из оче­вид­ных со­об­ра­же­ний тоже равен 45°, а зна­чит, точки <i>A</i>, <i>K</i>, <i>L</i> лежат на одной пря­мой.</p><p class=\"left_margin\">б)  Пусть пря­мая <i>AK</i> и пря­мая <i>BC</i> пе­ре­се­ка­ют­ся в точке <i>I</i>. Тогда <i>ABI</i>  — рав­но­бед­рен­ный тре­уголь­ник и </p><p class=\"left_margin\"></p><center><p><img src=\"https://ege.sdamgia.ru/formula/svg/f3/f37700cd67acd3ce749c635a358d5c78.svg\" class=\"tex\" style=\"vertical-align:-8.5pt\" alt=\"CI=AB минус BC=3 минус 3 дробь: чис­ли­тель: ко­рень из: на­ча­ло ар­гу­мен­та: 2 конец ар­гу­мен­та , зна­ме­на­тель: 2 конец дроби . \"></p><p class=\"left_margin\"></p></center><p> Обо­зна­чим <i>h</i> рас­сто­я­ние от точки <i>C</i> до пря­мой <i>AI</i>. Тогда </p><p class=\"left_margin\"></p><center><p><img src=\"https://ege.sdamgia.ru/formula/svg/56/569a40321545e3880470cd784dbc8300.svg\" class=\"tex\" style=\"vertical-align:-8.5pt\" alt=\"h=CI умно­жить на синус 45 в сте­пе­ни левая круг­лая скоб­ка \\circ пра­вая круг­лая скоб­ка =3 умно­жить на дробь: чис­ли­тель: ко­рень из: на­ча­ло ар­гу­мен­та: 2 конец ар­гу­мен­та минус 1, зна­ме­на­тель: 2 конец дроби . \"></p><p class=\"left_margin\"></p></center><p class=\"left_margin\">За­ме­тим, что </p><p class=\"left_margin\"></p><center><p><img src=\"https://ege.sdamgia.ru/formula/svg/2c/2ccd7cf2bfc8c1910f8bbfad20a383f6.svg\" class=\"tex\" style=\"vertical-align:-8.3pt\" alt=\"ML=AL минус AM=AK плюс KL минус дробь: чис­ли­тель: 1, зна­ме­на­тель: 2 конец дроби AI=2 ко­рень из: на­ча­ло ар­гу­мен­та: 2 конец ар­гу­мен­та плюс 3 минус дробь: чис­ли­тель: 1, зна­ме­на­тель: 2 конец дроби умно­жить на 6 умно­жить на ко­рень из: на­ча­ло ар­гу­мен­та: 2 конец ар­гу­мен­та =3 минус ко­рень из: на­ча­ло ар­гу­мен­та: 2 конец ар­гу­мен­та . \"></p><p class=\"left_margin\"></p></center><p> Те­перь можно найти пло­щадь тре­уголь­ни­ка <i>CLM</i>:</p><p class=\"left_margin\"></p><center><p><img src=\"https://ege.sdamgia.ru/formula/svg/e9/e9e7cda771b4def4291d28afe61434f3.svg\" class=\"tex\" style=\"vertical-align:-14.4pt\" alt=\"S= дробь: чис­ли­тель: 1, зна­ме­на­тель: 2 конец дроби умно­жить на h умно­жить на ML= дробь: чис­ли­тель: 1, зна­ме­на­тель: 2 конец дроби умно­жить на левая круг­лая скоб­ка 3 минус ко­рень из: на­ча­ло ар­гу­мен­та: 2 конец ар­гу­мен­та пра­вая круг­лая скоб­ка умно­жить на левая круг­лая скоб­ка 3 умно­жить на дробь: чис­ли­тель: ко­рень из: на­ча­ло ар­гу­мен­та: 2 конец ар­гу­мен­та минус 1, зна­ме­на­тель: 2 конец дроби пра­вая круг­лая скоб­ка = дробь: чис­ли­тель: 12 ко­рень из: на­ча­ло ар­гу­мен­та: 2 конец ар­гу­мен­та минус 15, зна­ме­на­тель: 4 конец дроби . \"></p><p class=\"left_margin\"></p></center><p>&nbsp;</p><p><span style=\"letter-spacing: 2px;\">Ответ:</span> б) <img src=\"https://ege.sdamgia.ru/formula/svg/23/23e54013a3bedf53126ffb777858d282.svg\" class=\"tex\" style=\"vertical-align:-8.5pt\" alt=\" дробь: чис­ли­тель: 12 ко­рень из: на­ча­ло ар­гу­мен­та: 2 конец ар­гу­мен­та минус 15, зна­ме­на­тель: 4 конец дроби . \"></p></div>",
        "image_urls": [
            "https://ege.sdamgia.ru/formula/svg/7c/7ca0a552c99ba138aa3f813c15a94b13.svg",
            "https://ege.sdamgia.ru/formula/svg/f3/f37700cd67acd3ce749c635a358d5c78.svg",
            "https://ege.sdamgia.ru/formula/svg/56/569a40321545e3880470cd784dbc8300.svg",
            "https://ege.sdamgia.ru/formula/svg/2c/2ccd7cf2bfc8c1910f8bbfad20a383f6.svg",
            "https://ege.sdamgia.ru/formula/svg/e9/e9e7cda771b4def4291d28afe61434f3.svg",
            "https://ege.sdamgia.ru/formula/svg/23/23e54013a3bedf53126ffb777858d282.svg",
            "/get_file?id=150435"
        ]
    },
    "answer": "б)",
    "topic_id": 17,
    "analog_ids": []
}