{
    "gia_type": "ege",
    "subject": "math",
    "id": 624298,
    "condition": {
        "text": "Сторона  AB  квадрата  ABCD  равна  1  и  является  хордой  некоторой  окружности, причем  остальные  стороны квадрата  лежат вне этой окружности. Длина касательной CK, проведенной из вершины C к этой окружности, равна 2.а)  Докажите,  что  длина  отрезка,  соединяющего  центр  квадрата  и  центр  окружности равна длине отрезка CK.б)  Найдите диаметр окружности.",
        "html": "<div align=\"justify\" width=\"100%\" id=\"body518230\" class=\"pbody\"><p class=\"left_margin\">Сто­ро­на  <i>AB</i>  квад­ра­та  <i>ABCD</i>  равна  1  и  яв­ля­ет­ся  хор­дой  не­ко­то­рой  окруж­но­сти, при­чем  осталь­ные  сто­ро­ны квад­ра­та  лежат вне этой окруж­но­сти. Длина ка­са­тель­ной <i>CK</i>, про­ве­ден­ной из вер­ши­ны <i>C</i> к этой окруж­но­сти, равна 2.</p><p class=\"left_margin\">а)  До­ка­жи­те,  что  длина  от­рез­ка,  со­еди­ня­ю­ще­го  центр  квад­ра­та  и  центр  окруж­но­сти равна длине от­рез­ка <i>CK</i>.</p><p class=\"left_margin\">б)  Най­ди­те диа­метр окруж­но­сти.</p></div>",
        "image_urls": []
    },
    "solution": {
        "text": "Решение. а)  Пусть E  — центр окружности, F  — центр квадрата. Прямая CB вторично пересекает окружность в точке G. По теореме о квадрате касательной получаем, что  Отсюда CG  =  4. Заметим теперь, что EF  — средняя линия треугольника ACG, значит,  Что и требовалось доказать.б)  Пусть радиус окружности равен R. По теореме Пифагора  С другой стороны, из треугольника ECK получаем, что  Отсюда Тогда диаметр окружности  Ответ: б) ",
        "html": "<div align=\"justify\" width=\"100%\" id=\"sol624298\" class=\"solution\" style=\"clear:both;\" class=\"pbody\"><p class=\"left_margin\"></p><b>Ре­ше­ние<!--rule_info-->. </b><p class=\"left_margin\"><img src=\"/get_file?id=150488\" style=\"float:right;margin:10px;max-width:100%\"></p><p class=\"left_margin\">а)  Пусть <i>E</i>  — центр окруж­но­сти, <i>F</i>  — центр квад­ра­та. Пря­мая <i>CB</i> вто­рич­но пе­ре­се­ка­ет окруж­ность в точке <i>G</i>. По тео­ре­ме о квад­ра­те ка­са­тель­ной по­лу­ча­ем, что <img src=\"https://ege.sdamgia.ru/formula/svg/37/375f203c0e825d9493403863f843c95c.svg\" class=\"tex\" style=\"vertical-align:-1.8pt\" alt=\"CK в квад­ра­те =CB умно­жить на CG.\"> От­сю­да <i>CG</i>  =  4. За­ме­тим те­перь, что <i>EF</i>  — сред­няя линия тре­уголь­ни­ка <i>ACG</i>, зна­чит, <img src=\"https://ege.sdamgia.ru/formula/svg/c6/c656040da62692efb1be70df47dd8425.svg\" class=\"tex\" style=\"vertical-align:-8.3pt\" alt=\"EF= дробь: чис­ли­тель: GC, зна­ме­на­тель: 2 конец дроби =2. \"> Что и тре­бо­ва­лось до­ка­зать.</p><p class=\"left_margin\">б)  Пусть ра­ди­ус окруж­но­сти равен <i>R</i>. По тео­ре­ме Пи­фа­го­ра </p><p class=\"left_margin\"></p><center><p><img src=\"https://ege.sdamgia.ru/formula/svg/fe/fe78bb6f4320e52ef07f85fcd663a1a7.svg\" class=\"tex\" style=\"vertical-align:-3.6pt\" alt=\"EC в квад­ра­те = левая круг­лая скоб­ка EF плюс 0,5 пра­вая круг­лая скоб­ка в квад­ра­те плюс левая круг­лая скоб­ка 0,5 пра­вая круг­лая скоб­ка в квад­ра­те =2,5 в квад­ра­те плюс 0,5 в квад­ра­те =6,5.\"></p><p class=\"left_margin\"></p></center><p> С дру­гой сто­ро­ны, из тре­уголь­ни­ка <i>ECK</i> по­лу­ча­ем, что <img src=\"https://ege.sdamgia.ru/formula/svg/b2/b20e2ef1277656a9cef845771cf29cf0.svg\" class=\"tex\" style=\"vertical-align:-1.8pt\" alt=\"EC в квад­ра­те =R в квад­ра­те плюс CK в квад­ра­те .\"> От­сю­да <img src=\"https://ege.sdamgia.ru/formula/svg/29/2931ac09b080524c0d65e9296d7d9358.svg\" class=\"tex\" style=\"vertical-align:-8.5pt\" alt=\"R в квад­ра­те =2,5 рав­но­силь­но R= дробь: чис­ли­тель: ко­рень из: на­ча­ло ар­гу­мен­та: 10 конец ар­гу­мен­та , зна­ме­на­тель: 2 конец дроби . \"></p><p class=\"left_margin\">Тогда диа­метр окруж­но­сти <img src=\"https://ege.sdamgia.ru/formula/svg/21/2127b92f4d6a8248ec8e7f798754ca37.svg\" class=\"tex\" style=\"vertical-align:-1.8pt\" alt=\"D=2R= ко­рень из: на­ча­ло ар­гу­мен­та: 10 конец ар­гу­мен­та .\"></p><p>&nbsp;</p><p><span style=\"letter-spacing: 2px;\">Ответ:</span> б) <img src=\"https://ege.sdamgia.ru/formula/svg/89/89fd7bdfa33437cd870dc38d6c602dbf.svg\" class=\"tex\" style=\"vertical-align:-1.8pt\" alt=\" ко­рень из: на­ча­ло ар­гу­мен­та: 10 конец ар­гу­мен­та .\"></p></div>",
        "image_urls": [
            "https://ege.sdamgia.ru/formula/svg/37/375f203c0e825d9493403863f843c95c.svg",
            "https://ege.sdamgia.ru/formula/svg/c6/c656040da62692efb1be70df47dd8425.svg",
            "https://ege.sdamgia.ru/formula/svg/fe/fe78bb6f4320e52ef07f85fcd663a1a7.svg",
            "https://ege.sdamgia.ru/formula/svg/b2/b20e2ef1277656a9cef845771cf29cf0.svg",
            "https://ege.sdamgia.ru/formula/svg/29/2931ac09b080524c0d65e9296d7d9358.svg",
            "https://ege.sdamgia.ru/formula/svg/21/2127b92f4d6a8248ec8e7f798754ca37.svg",
            "https://ege.sdamgia.ru/formula/svg/89/89fd7bdfa33437cd870dc38d6c602dbf.svg",
            "/get_file?id=150488"
        ]
    },
    "answer": "б)",
    "topic_id": 17,
    "analog_ids": []
}