{
    "gia_type": "ege",
    "subject": "math",
    "id": 628138,
    "condition": {
        "text": "В  равнобедренной  трапеции  ABCD    угол  BCD  — тупой.  Через  точку  B  проведена прямая,  параллельная  прямой  CD  и  пересекающая  прямую  AD  в  точке  E.  На продолжении BE за точку E отмечена точка F такая, что DE  =  DF.а)  Докажите, что точки A, F, C и D лежат на одной окружности.б)  Найдите расстояние от точки C до прямой AF, если BD  =  10 и ",
        "html": "<div align=\"justify\" width=\"100%\" id=\"body523094\" class=\"pbody\"><p class=\"left_margin\">В  рав­но­бед­рен­ной  тра­пе­ции  <i>ABCD</i>    угол  <i>BCD</i>  — тупой.  Через  точку  <i>B</i>  про­ве­де­на пря­мая,  па­рал­лель­ная  пря­мой  <i>CD</i>  и  пе­ре­се­ка­ю­щая  пря­мую  <i>AD</i>  в  точке  <i>E</i>.  На про­дол­же­нии <i>BE</i> за точку <i>E</i> от­ме­че­на точка <i>F</i> такая, что <i>DE</i>  =  <i>DF</i>.</p><p class=\"left_margin\">а)  До­ка­жи­те, что точки <i>A</i>, <i>F</i>, <i>C</i> и <i>D</i> лежат на одной окруж­но­сти.</p><p class=\"left_margin\">б)  Най­ди­те рас­сто­я­ние от точки <i>C</i> до пря­мой <i>AF</i>, если <i>BD</i>  =  10 и <img src=\"https://ege.sdamgia.ru/formula/svg/98/98c0c479df6efea5d3763c11be53c9dc.svg\" class=\"tex\" style=\"vertical-align:-3.0pt\" alt=\" ко­си­нус \\angle ADC=0,6.\"></p></div>",
        "image_urls": [
            "https://ege.sdamgia.ru/formula/svg/98/98c0c479df6efea5d3763c11be53c9dc.svg"
        ]
    },
    "solution": {
        "text": "Решение. а)  Заметим, что углы DEF и DFE равны как углы при основании равнобедренного треугольника. Углы DEF и BEA равны как вертикальные. Углы BEA и CDE равны как соответственные при параллельных прямых, а углы BAE и CDE равны как углы при основании равнобокой трапеции. Значит, углы BAE и DFE равны, поэтому точки A, B, D, F лежат на одной окружности. Но равнобедренная трапеция тоже вписана в окружность. Поэтому точки A, B, C, D, F лежат на одной окружности. Что и требовалось доказать.б)  Заметим, что BCDF  — равнобедренная трапеция, поскольку она вписана в окружность. Тогда CF  =  BD  =  AC. Углы ADC и CAF равны как опирающиеся на равные хорды (и, соответственно, дуги). Обозначим проекцию точки C на AF как точку G. Тогда искомое расстояние Ответ: б) 8.",
        "html": "<div align=\"justify\" width=\"100%\" id=\"sol628138\" class=\"solution\" style=\"clear:both;\" class=\"pbody\"><p class=\"left_margin\"></p><b>Ре­ше­ние<!--rule_info-->. </b><p class=\"left_margin\"><img src=\"/get_file?id=150492\" style=\"float:right;margin:10px;max-width:100%\"></p><p class=\"left_margin\">а)  За­ме­тим, что углы <i>DEF</i> и <i>DFE</i> равны как углы при ос­но­ва­нии рав­но­бед­рен­но­го тре­уголь­ни­ка. Углы <i>DEF</i> и <i>BEA</i> равны как вер­ти­каль­ные. Углы <i>BEA</i> и <i>CDE</i> равны как со­от­вет­ствен­ные при па­рал­лель­ных пря­мых, а углы <i>BAE</i> и <i>CDE</i> равны как углы при ос­но­ва­нии рав­но­бо­кой тра­пе­ции. Зна­чит, углы <i>BAE</i> и <i>DFE</i> равны, по­это­му точки <i>A</i>, <i>B</i>, <i>D</i>, <i>F</i> лежат на одной окруж­но­сти. Но рав­но­бед­рен­ная тра­пе­ция тоже впи­са­на в окруж­ность. По­это­му точки <i>A</i>, <i>B</i>, <i>C</i>, <i>D</i>, <i>F</i> лежат на одной окруж­но­сти. Что и тре­бо­ва­лось до­ка­зать.</p><p class=\"left_margin\">б)  За­ме­тим, что <i>BCDF</i>  — рав­но­бед­рен­ная тра­пе­ция, по­сколь­ку она впи­са­на в окруж­ность. Тогда <i>CF</i>  =  <i>BD</i>  =  <i>AC</i>. Углы <i>ADC</i> и <i>CAF</i> равны как опи­ра­ю­щи­е­ся на рав­ные хорды (и, со­от­вет­ствен­но, дуги). Обо­зна­чим про­ек­цию точки <i>C</i> на <i>AF</i> как точку <i>G</i>. Тогда ис­ко­мое рас­сто­я­ние </p><p class=\"left_margin\"></p><center><p><img src=\"https://ege.sdamgia.ru/formula/svg/63/6328f52e4e7e4fb6d0a95de242fc42d9.svg\" class=\"tex\" style=\"vertical-align:-3.1pt\" alt=\"CG=AC умно­жить на синус \\angle CAG= BD умно­жить на синус \\angle ADC= 10 умно­жить на ко­рень из: на­ча­ло ар­гу­мен­та: 1 минус 0,6 в квад­ра­те конец ар­гу­мен­та =8.\"></p><p class=\"left_margin\"></p></center><p><span style=\"letter-spacing: 2px;\">Ответ:</span> б) 8.</p></div>",
        "image_urls": [
            "https://ege.sdamgia.ru/formula/svg/63/6328f52e4e7e4fb6d0a95de242fc42d9.svg",
            "/get_file?id=150492"
        ]
    },
    "answer": "б) 8.",
    "topic_id": 17,
    "analog_ids": []
}