{
    "gia_type": "ege",
    "subject": "math",
    "id": 634246,
    "condition": {
        "text": "В четырехугольнике ABCD противоположные стороны не параллельны. Диагонали четырехугольника ABCD пересекаются в точке О под прямым углом и образуют четыре подобных треугольника, у каждого из которых одна из вершин  — точка О.а)  Докажите, что около четырехугольника АBCD можно описать окружность.б)  Найдите радиус окружности, вписанной в четырехугольник ABCD, если AC  =  10 и BD  =  26.",
        "html": "<div align=\"justify\" width=\"100%\" id=\"body508794\" class=\"pbody\"><p class=\"left_margin\">В че­ты­рех­уголь­ни­ке <i>ABCD</i> про­ти­во­по­лож­ные сто­ро­ны не па­рал­лель­ны. Диа­го­на­ли че­ты­рех­уголь­ни­ка <i>ABCD</i> пе­ре­се­ка­ют­ся в точке <i>О</i> под пря­мым углом и об­ра­зу­ют че­ты­ре по­доб­ных тре­уголь­ни­ка, у каж­до­го из ко­то­рых одна из вер­шин  — точка <i>О</i>.</p><p class=\"left_margin\">а)  До­ка­жи­те, что около че­ты­рех­уголь­ни­ка <i>АBCD</i> можно опи­сать окруж­ность.</p><p class=\"left_margin\">б)  Най­ди­те ра­ди­ус окруж­но­сти, впи­сан­ной в че­ты­рех­уголь­ник <i>ABCD,</i> если <i>AC</i>  =  10 и <i>BD</i>  =  26.</p></div>",
        "image_urls": []
    },
    "solution": {
        "text": "Решение. а)  Заметим, что углы BAO и DCO не равны, так как стороны AB и CD не параллельны. Значит, углы BAC и BDC равны, следовательно, четырехугольник АBCD вписанный.б)  Треугольники AOB и AOD подобны. Пусть  тогда из вписанности четырехугольника ABCD следует, что  а значит,  и  Пусть теперь  тогда  откуда   и  В любом случае,  следовательно, в четырехугольник АBCD можно вписать окружность. Пусть  и  тогда  и  следовательно, в треугольнике ABC высота BO больше гипотенузы, что невозможно. Таким образом,  и  откуда  и  В треугольнике BAD медиана  из чего следует, что  и  тогда   Пусть радиус вписанной окружности равен x, тогда С другой стороны,  следовательно, Ответ: б) ",
        "html": "<div align=\"justify\" width=\"100%\" id=\"sol634246\" class=\"solution\" style=\"clear:both;\" class=\"pbody\"><p class=\"left_margin\"></p><b>Ре­ше­ние<!--rule_info-->. </b><p class=\"left_margin\"><img src=\"/get_file?id=118490\" style=\"float:right;margin:10px;max-width:100%\">а)  За­ме­тим, что углы <i>BAO</i> и <i>DCO</i> не равны, так как сто­ро­ны <i>AB</i> и <i>CD</i> не па­рал­лель­ны. Зна­чит, углы <i>BAC</i> и <i>BDC</i> равны, сле­до­ва­тель­но, че­ты­рех­уголь­ник <i>АBCD</i> впи­сан­ный.</p><p class=\"left_margin\">б)  Тре­уголь­ни­ки <i>AOB</i> и <i>AOD</i> по­доб­ны. Пусть <img src=\"https://ege.sdamgia.ru/formula/svg/f6/f61e867ac1ab5f67258e417770e927db.svg\" class=\"tex\" style=\"vertical-align:-3.0pt\" alt=\"\\angle BAO= \\angle DAO,\"> тогда из впи­сан­но­сти че­ты­рех­уголь­ни­ка <i>ABCD</i> сле­ду­ет, что <img src=\"https://ege.sdamgia.ru/formula/svg/ca/ca7331980863a0f05f1ebd0783cde918.svg\" class=\"tex\" style=\"vertical-align:-3.0pt\" alt=\"\\angle DAO=\\angle DBC=\\angle BDC,\"> а зна­чит, <img src=\"https://ege.sdamgia.ru/formula/svg/ef/ef11b7d5bbf8004a130f4ee075f90518.svg\" class=\"tex\" style=\"vertical-align:-1.8pt\" alt=\"AB=AD\"> и <img src=\"https://ege.sdamgia.ru/formula/svg/7e/7e85e336a4521b151041975d7d895daf.svg\" class=\"tex\" style=\"vertical-align:-1.8pt\" alt=\"BC=CD.\"> Пусть те­перь <img src=\"https://ege.sdamgia.ru/formula/svg/5b/5b8a7b2d989b60e9c9b4ac9acfe2d113.svg\" class=\"tex\" style=\"vertical-align:-3.0pt\" alt=\"\\angle BAO =\\angle ADO,\"> тогда <img src=\"https://ege.sdamgia.ru/formula/svg/4b/4b8728901218938cc3ce3a606b8aa6bb.svg\" class=\"tex\" style=\"vertical-align:-3.0pt\" alt=\"\\angle ADO=\\angle BDC=\\angle ACB,\"> от­ку­да <img src=\"https://ege.sdamgia.ru/formula/svg/94/94623831cd335a1267dd5f75f120b4f5.svg\" class=\"tex\" style=\"vertical-align:-1.8pt\" alt=\"AB=BC\">  и <img src=\"https://ege.sdamgia.ru/formula/svg/35/35b1bd117c2643a565bf7a632a9bebec.svg\" class=\"tex\" style=\"vertical-align:-1.8pt\" alt=\"AD=DC.\"> В любом слу­чае, <img src=\"https://ege.sdamgia.ru/formula/svg/65/65f9e13a2607ea49a30ac2447e6bad80.svg\" class=\"tex\" style=\"vertical-align:-3.0pt\" alt=\"AB плюс CD=BC плюс AD,\"> сле­до­ва­тель­но, в че­ты­рех­уголь­ник <i>АBCD</i> можно впи­сать окруж­ность. </p><p class=\"left_margin\">Пусть <img src=\"https://ege.sdamgia.ru/formula/svg/ef/ef11b7d5bbf8004a130f4ee075f90518.svg\" class=\"tex\" style=\"vertical-align:-1.8pt\" alt=\"AB=AD\"> и <img src=\"https://ege.sdamgia.ru/formula/svg/84/84d91e1cb0241acd8a4da12617dec131.svg\" class=\"tex\" style=\"vertical-align:-3.0pt\" alt=\"BC=CD,\"> тогда </p><p class=\"left_margin\"></p><center><p><img src=\"https://ege.sdamgia.ru/formula/svg/d4/d48155d485a41424e2d9fdf271b8928a.svg\" class=\"tex\" style=\"vertical-align:-8.4pt\" alt=\"\\angle ABC=\\angle ADC= дробь: чис­ли­тель: 180 гра­ду­сов , зна­ме­на­тель: 2 конец дроби =90 гра­ду­сов, \"></p><p class=\"left_margin\"></p></center><p> и <img src=\"https://ege.sdamgia.ru/formula/svg/d2/d287d09b01878595ef32492270927170.svg\" class=\"tex\" style=\"vertical-align:-3.0pt\" alt=\"BO=OD=13,\"> сле­до­ва­тель­но, в тре­уголь­ни­ке <i>ABC</i> вы­со­та <i>BO</i> боль­ше ги­по­те­ну­зы, что не­воз­мож­но. Таким об­ра­зом, <img src=\"https://ege.sdamgia.ru/formula/svg/94/94623831cd335a1267dd5f75f120b4f5.svg\" class=\"tex\" style=\"vertical-align:-1.8pt\" alt=\"AB=BC\"> и <img src=\"https://ege.sdamgia.ru/formula/svg/e7/e7fc160fd97bd1cf2ed1802dec772014.svg\" class=\"tex\" style=\"vertical-align:-3.0pt\" alt=\"AD=DC,\"> от­ку­да <img src=\"https://ege.sdamgia.ru/formula/svg/0f/0f2671c632dca5c610e3ce70632081d2.svg\" class=\"tex\" style=\"vertical-align:-1.8pt\" alt=\"\\angle BAD=\\angle BCD=90 гра­ду­сов \"> и <img src=\"https://ege.sdamgia.ru/formula/svg/3e/3e134f73328b79b2dd71c3c03b56d420.svg\" class=\"tex\" style=\"vertical-align:-1.8pt\" alt=\"AO=OC=5.\"> </p><p class=\"left_margin\">В тре­уголь­ни­ке <i>BAD</i> ме­ди­а­на <img src=\"https://ege.sdamgia.ru/formula/svg/0b/0b346b1d91e9e50c73c7bb1e227d4502.svg\" class=\"tex\" style=\"vertical-align:-8.4pt\" alt=\"AM= дробь: чис­ли­тель: BD, зна­ме­на­тель: 2 конец дроби =13, \"> из чего сле­ду­ет, что <img src=\"https://ege.sdamgia.ru/formula/svg/ff/ff3b9831f52c3238164b950af9e0a40b.svg\" class=\"tex\" style=\"vertical-align:-1.8pt\" alt=\"OM= ко­рень из: на­ча­ло ар­гу­мен­та: 13 в квад­ра­те умно­жить на 5 в квад­ра­те конец ар­гу­мен­та =12\"> и <img src=\"https://ege.sdamgia.ru/formula/svg/20/20d7aeca729307464d4f38f183a654a8.svg\" class=\"tex\" style=\"vertical-align:-3.0pt\" alt=\"BO=1,\"> тогда </p><p></p><div class=\"flex-math\"><p><img src=\"https://ege.sdamgia.ru/formula/svg/77/77213172e0bcaa670c6b043c9eef94e9.svg\" class=\"tex\" style=\"vertical-align:-3.0pt\" alt=\"AB= ко­рень из: на­ча­ло ар­гу­мен­та: 25 плюс 1 конец ар­гу­мен­та = ко­рень из: на­ча­ло ар­гу­мен­та: 26 конец ар­гу­мен­та =BC,\"> <img src=\"https://ege.sdamgia.ru/formula/svg/f9/f93c12fb6a5e78b1ba47c8b18d5aa4d1.svg\" class=\"tex\" style=\"vertical-align:-2.5pt\" alt=\"AD= ко­рень из: на­ча­ло ар­гу­мен­та: 5 в квад­ра­те плюс 25 в квад­ра­те конец ар­гу­мен­та =5 ко­рень из: на­ча­ло ар­гу­мен­та: 26 конец ар­гу­мен­та .\"> </p><p></p></div><p class=\"left_margin\">Пусть ра­ди­ус впи­сан­ной окруж­но­сти равен <i>x</i>, тогда</p><p class=\"left_margin\"></p><center><p><img src=\"https://ege.sdamgia.ru/formula/svg/43/433d0bc5fa7ef5fd005373ff2a8dfdcc.svg\" class=\"tex\" style=\"vertical-align:-8.4pt\" alt=\"S_ABCD= дробь: чис­ли­тель: 1, зна­ме­на­тель: 2 конец дроби умно­жить на x умно­жить на P_ABCD=6 ко­рень из: на­ча­ло ар­гу­мен­та: 26 конец ар­гу­мен­та x.\"></p><p class=\"left_margin\"></p></center><p> С дру­гой сто­ро­ны, <img src=\"https://ege.sdamgia.ru/formula/svg/05/05e9745180ed05f25918f1262e599d68.svg\" class=\"tex\" style=\"vertical-align:-8.3pt\" alt=\"S_ABCD= дробь: чис­ли­тель: AC умно­жить на BD, зна­ме­на­тель: 2 конец дроби =130, \"> сле­до­ва­тель­но, </p><p class=\"left_margin\"></p><center><p><img src=\"https://ege.sdamgia.ru/formula/svg/9d/9d2976061419995721ab6f692fff940d.svg\" class=\"tex\" style=\"vertical-align:-11.1pt\" alt=\"x= дробь: чис­ли­тель: 130, зна­ме­на­тель: 6 ко­рень из: на­ча­ло ар­гу­мен­та: 26 конец ар­гу­мен­та конец дроби = дробь: чис­ли­тель: 5 ко­рень из: на­ча­ло ар­гу­мен­та: 26 конец ар­гу­мен­та , зна­ме­на­тель: 6 конец дроби . \"></p><p class=\"left_margin\"></p></center><p><span style=\"letter-spacing: 2px;\">Ответ:</span> б) <img src=\"https://ege.sdamgia.ru/formula/svg/65/653fe5cabe50287dcc23014fb7464456.svg\" class=\"tex\" style=\"vertical-align:-8.5pt\" alt=\" дробь: чис­ли­тель: 5 ко­рень из: на­ча­ло ар­гу­мен­та: 26 конец ар­гу­мен­та , зна­ме­на­тель: 6 конец дроби . \"></p></div>",
        "image_urls": [
            "https://ege.sdamgia.ru/formula/svg/f6/f61e867ac1ab5f67258e417770e927db.svg",
            "https://ege.sdamgia.ru/formula/svg/ca/ca7331980863a0f05f1ebd0783cde918.svg",
            "https://ege.sdamgia.ru/formula/svg/ef/ef11b7d5bbf8004a130f4ee075f90518.svg",
            "https://ege.sdamgia.ru/formula/svg/7e/7e85e336a4521b151041975d7d895daf.svg",
            "https://ege.sdamgia.ru/formula/svg/5b/5b8a7b2d989b60e9c9b4ac9acfe2d113.svg",
            "https://ege.sdamgia.ru/formula/svg/4b/4b8728901218938cc3ce3a606b8aa6bb.svg",
            "https://ege.sdamgia.ru/formula/svg/94/94623831cd335a1267dd5f75f120b4f5.svg",
            "https://ege.sdamgia.ru/formula/svg/35/35b1bd117c2643a565bf7a632a9bebec.svg",
            "https://ege.sdamgia.ru/formula/svg/65/65f9e13a2607ea49a30ac2447e6bad80.svg",
            "https://ege.sdamgia.ru/formula/svg/ef/ef11b7d5bbf8004a130f4ee075f90518.svg",
            "https://ege.sdamgia.ru/formula/svg/84/84d91e1cb0241acd8a4da12617dec131.svg",
            "https://ege.sdamgia.ru/formula/svg/d4/d48155d485a41424e2d9fdf271b8928a.svg",
            "https://ege.sdamgia.ru/formula/svg/d2/d287d09b01878595ef32492270927170.svg",
            "https://ege.sdamgia.ru/formula/svg/94/94623831cd335a1267dd5f75f120b4f5.svg",
            "https://ege.sdamgia.ru/formula/svg/e7/e7fc160fd97bd1cf2ed1802dec772014.svg",
            "https://ege.sdamgia.ru/formula/svg/0f/0f2671c632dca5c610e3ce70632081d2.svg",
            "https://ege.sdamgia.ru/formula/svg/3e/3e134f73328b79b2dd71c3c03b56d420.svg",
            "https://ege.sdamgia.ru/formula/svg/0b/0b346b1d91e9e50c73c7bb1e227d4502.svg",
            "https://ege.sdamgia.ru/formula/svg/ff/ff3b9831f52c3238164b950af9e0a40b.svg",
            "https://ege.sdamgia.ru/formula/svg/20/20d7aeca729307464d4f38f183a654a8.svg",
            "https://ege.sdamgia.ru/formula/svg/77/77213172e0bcaa670c6b043c9eef94e9.svg",
            "https://ege.sdamgia.ru/formula/svg/f9/f93c12fb6a5e78b1ba47c8b18d5aa4d1.svg",
            "https://ege.sdamgia.ru/formula/svg/43/433d0bc5fa7ef5fd005373ff2a8dfdcc.svg",
            "https://ege.sdamgia.ru/formula/svg/05/05e9745180ed05f25918f1262e599d68.svg",
            "https://ege.sdamgia.ru/formula/svg/9d/9d2976061419995721ab6f692fff940d.svg",
            "https://ege.sdamgia.ru/formula/svg/65/653fe5cabe50287dcc23014fb7464456.svg",
            "/get_file?id=118490"
        ]
    },
    "answer": "б)",
    "topic_id": 17,
    "analog_ids": []
}