{
    "gia_type": "ege",
    "subject": "math",
    "id": 635089,
    "condition": {
        "text": "B прямоугольнике ABCD на стороне AB как на диаметре построена окружность C центром О. Отрезок OD пересекает окружность в точке М. Известно, что а)  Докажите, что стороны прямоугольника относятся как 5 : 2.б)  Найдите MC, если известно, что ",
        "html": "<div align=\"justify\" width=\"100%\" id=\"body515629\" class=\"pbody\"><p class=\"left_margin\">B пря­мо­уголь­ни­ке <i>ABCD</i> на сто­ро­не <i>AB</i> как на диа­мет­ре по­стро­е­на окруж­ность <i>C</i> цен­тром <i>О</i>. От­ре­зок <i>OD</i> пе­ре­се­ка­ет окруж­ность в точке <i>М</i>. Из­вест­но, что <img src=\"https://ege.sdamgia.ru/formula/svg/83/8395cc606ee3ad5d9bc57ff6fc131b80.svg\" class=\"tex\" style=\"vertical-align:-8.5pt\" alt=\" дробь: чис­ли­тель: D M, зна­ме­на­тель: A B конец дроби = дробь: чис­ли­тель: ко­рень из: на­ча­ло ар­гу­мен­та: 26 конец ар­гу­мен­та минус 1, зна­ме­на­тель: 2 конец дроби . \"></p><p class=\"left_margin\">а)  До­ка­жи­те, что сто­ро­ны пря­мо­уголь­ни­ка от­но­сят­ся как 5 : 2.</p><p class=\"left_margin\">б)  Най­ди­те <i>MC</i>, если из­вест­но, что <img src=\"https://ege.sdamgia.ru/formula/svg/38/389bc0a353968ce5837f6e6fd4a5a122.svg\" class=\"tex\" style=\"vertical-align:-13.9pt\" alt=\"A M= ко­рень из: на­ча­ло ар­гу­мен­та: 2 минус дробь: чис­ли­тель: 2, зна­ме­на­тель: ко­рень из: на­ча­ло ар­гу­мен­та: 26 конец ар­гу­мен­та конец дроби конец ар­гу­мен­та . \"></p></div>",
        "image_urls": [
            "https://ege.sdamgia.ru/formula/svg/83/8395cc606ee3ad5d9bc57ff6fc131b80.svg",
            "https://ege.sdamgia.ru/formula/svg/38/389bc0a353968ce5837f6e6fd4a5a122.svg"
        ]
    },
    "solution": {
        "text": "Решение. а)  Пусть  тогда  откуда  то есть  Следовательно, б)  Поскольку по теореме косинусов находим отрезок AM:Из условия следует, что  следовательно,  Таким образом,  поэтому отрезок CM также найдем из теореме косинусов:Ответ: б) ",
        "html": "<div align=\"justify\" width=\"100%\" id=\"sol635089\" class=\"solution\" style=\"clear:both;\" class=\"pbody\"><p class=\"left_margin\"></p><b>Ре­ше­ние<!--rule_info-->. </b><p class=\"left_margin\"><img src=\"/get_file?id=119230\" style=\"float:right;margin:10px;max-width:100%\"></p><p class=\"left_margin\">а)  Пусть <img src=\"https://ege.sdamgia.ru/formula/svg/08/08a87d9686d0b8bdd51aae672bcfc799.svg\" class=\"tex\" style=\"vertical-align:-3.0pt\" alt=\"AB=2x,\"> тогда <img src=\"https://ege.sdamgia.ru/formula/svg/e4/e4542a25e30f07ca6529a0fd0f2e24dc.svg\" class=\"tex\" style=\"vertical-align:-3.6pt\" alt=\"DM= левая круг­лая скоб­ка ко­рень из: на­ча­ло ар­гу­мен­та: 26 конец ар­гу­мен­та минус 1 пра­вая круг­лая скоб­ка x,\"></p><p class=\"left_margin\"></p><center><p><img src=\"https://ege.sdamgia.ru/formula/svg/5b/5bb92d9181e69f7d8b14014037c91ef3.svg\" class=\"tex\" style=\"vertical-align:-3.6pt\" alt=\"DO= левая круг­лая скоб­ка ко­рень из: на­ча­ло ар­гу­мен­та: 26 конец ар­гу­мен­та минус 1 пра­вая круг­лая скоб­ка x плюс x= ко­рень из: на­ча­ло ар­гу­мен­та: 26 конец ар­гу­мен­та умно­жить на x,\"></p><p class=\"left_margin\"></p></center><p> от­ку­да <img src=\"https://ege.sdamgia.ru/formula/svg/0a/0a21b8a37a9d820448d36e7c4841eebe.svg\" class=\"tex\" style=\"vertical-align:-3.0pt\" alt=\" AD в квад­ра­те =26x в квад­ра­те минус x в квад­ра­те =25x в квад­ра­те ,\"> то есть <img src=\"https://ege.sdamgia.ru/formula/svg/f6/f689b228e2b2a4392d5e601e48b06bda.svg\" class=\"tex\" style=\"vertical-align:-1.8pt\" alt=\"AD=5x.\"> Сле­до­ва­тель­но, <img src=\"https://ege.sdamgia.ru/formula/svg/0f/0f58230645f00c3cb0f9b40b889a9870.svg\" class=\"tex\" style=\"vertical-align:-1.8pt\" alt=\"AD:AB=5:2.\"></p><p class=\"left_margin\">б)  По­сколь­ку </p><p class=\"left_margin\"></p><center><p><img src=\"https://ege.sdamgia.ru/formula/svg/95/954e9933ea19bd3174a704fff8222ba7.svg\" class=\"tex\" style=\"vertical-align:-10.9pt\" alt=\" ко­си­нус \\angle AOM= дробь: чис­ли­тель: AO, зна­ме­на­тель: OD конец дроби = дробь: чис­ли­тель: 1, зна­ме­на­тель: ко­рень из: на­ча­ло ар­гу­мен­та: 26 конец ар­гу­мен­та конец дроби , \"></p><p class=\"left_margin\"></p></center><p>по тео­ре­ме ко­си­ну­сов на­хо­дим от­ре­зок <i>AM</i>:</p><p class=\"left_margin\"></p><center><p><img src=\"https://ege.sdamgia.ru/formula/svg/23/23a9b737e928508ec4d2b611deed8212.svg\" class=\"tex\" style=\"vertical-align:-11.1pt\" alt=\"AM в квад­ра­те =x в квад­ра­те плюс x в квад­ра­те минус 2 умно­жить на x умно­жить на x умно­жить на дробь: чис­ли­тель: 1, зна­ме­на­тель: ко­рень из: на­ча­ло ар­гу­мен­та: 26 конец ар­гу­мен­та конец дроби =2x в квад­ра­те левая круг­лая скоб­ка 1 минус дробь: чис­ли­тель: 1, зна­ме­на­тель: ко­рень из: на­ча­ло ар­гу­мен­та: 26 конец ар­гу­мен­та конец дроби пра­вая круг­лая скоб­ка . \"></p><p class=\"left_margin\"></p></center><p class=\"left_margin\">Из усло­вия сле­ду­ет, что <img src=\"https://ege.sdamgia.ru/formula/svg/c8/c8394b0bba94ce70020eee425b614f9d.svg\" class=\"tex\" style=\"vertical-align:-11.0pt\" alt=\"AM в квад­ра­те =2 минус дробь: чис­ли­тель: 2, зна­ме­на­тель: ко­рень из: на­ча­ло ар­гу­мен­та: 26 конец ар­гу­мен­та конец дроби , \"> сле­до­ва­тель­но, <img src=\"https://ege.sdamgia.ru/formula/svg/9d/9d88b92d4028b19946b047f9809641f6.svg\" class=\"tex\" style=\"vertical-align:-1.8pt\" alt=\" x в квад­ра­те =1.\"> Таким об­ра­зом, <img src=\"https://ege.sdamgia.ru/formula/svg/33/331d63fcf5366d8175db1766641aa14f.svg\" class=\"tex\" style=\"vertical-align:-3.0pt\" alt=\"\\angle CDM=\\angle AOM,\"> по­это­му от­ре­зок <i>CM</i> также най­дем из тео­ре­ме ко­си­ну­сов:</p><p class=\"left_margin\"></p><center><p><span data-width=\"640\" data-formulahash=\"aa6cf84d15515be5d9d593337fc918c5\" class=\"tex-span\" style=\"\"><img src=\"https://ege.sdamgia.ru/formula/svg/d0/d00467a84e70b639ced10df10b4f13c7.svg\" class=\"tex\" style=\"vertical-align:-11.0pt\" alt=\"CM в квад­ра­те =DM в квад­ра­те плюс CD в квад­ра­те минус 2 умно­жить на DM умно­жить на CD умно­жить на дробь: чис­ли­тель: 1, зна­ме­на­тель: ко­рень из: на­ча­ло ар­гу­мен­та: 26 конец ар­гу­мен­та конец дроби = левая круг­лая скоб­ка ко­рень из: на­ча­ло ар­гу­мен­та: 26 конец ар­гу­мен­та минус 1 пра­вая круг­лая скоб­ка в квад­ра­те плюс 2 в квад­ра­те минус дробь: чис­ли­тель: 2 умно­жить на 2 умно­жить на левая круг­лая скоб­ка ко­рень из: на­ча­ло ар­гу­мен­та: 26 конец ар­гу­мен­та минус 1 пра­вая круг­лая скоб­ка , зна­ме­на­тель: ко­рень из: на­ча­ло ар­гу­мен­та: 26 конец ар­гу­мен­та конец дроби = \"><br><img src=\"https://ege.sdamgia.ru/formula/svg/c5/c53da00def168c30a4fe6a35da2f7eef.svg\" class=\"tex\" style=\"vertical-align:-11.0pt\" alt=\"=26 минус 2 ко­рень из: на­ча­ло ар­гу­мен­та: 26 конец ар­гу­мен­та плюс 1 плюс 4 минус 4 плюс дробь: чис­ли­тель: 4, зна­ме­на­тель: ко­рень из: на­ча­ло ар­гу­мен­та: 26 конец ар­гу­мен­та конец дроби =27 минус 2 ко­рень из: на­ча­ло ар­гу­мен­та: 26 конец ар­гу­мен­та плюс дробь: чис­ли­тель: 4, зна­ме­на­тель: ко­рень из: на­ча­ло ар­гу­мен­та: 26 конец ар­гу­мен­та конец дроби =27 минус дробь: чис­ли­тель: 24 ко­рень из: на­ча­ло ар­гу­мен­та: 26 конец ар­гу­мен­та , зна­ме­на­тель: 13 конец дроби . \"></span><span data-width=\"490\" data-formulahash=\"aa6cf84d15515be5d9d593337fc918c5\" class=\"tex-span\" style=\"display:none\"><img src=\"https://ege.sdamgia.ru/formula/svg/0e/0e4157bae47ee6cbcbdee046da9191e7.svg\" class=\"tex\" style=\"vertical-align:-11.0pt\" alt=\"CM в квад­ра­те =DM в квад­ра­те плюс CD в квад­ра­те минус 2 умно­жить на DM умно­жить на CD умно­жить на дробь: чис­ли­тель: 1, зна­ме­на­тель: ко­рень из: на­ча­ло ар­гу­мен­та: 26 конец ар­гу­мен­та конец дроби = \"><br><img src=\"https://ege.sdamgia.ru/formula/svg/c1/c190252b5842d9759f0ec15a4e82fd0e.svg\" class=\"tex\" style=\"vertical-align:-11.0pt\" alt=\"= левая круг­лая скоб­ка ко­рень из: на­ча­ло ар­гу­мен­та: 26 конец ар­гу­мен­та минус 1 пра­вая круг­лая скоб­ка в квад­ра­те плюс 2 в квад­ра­те минус дробь: чис­ли­тель: 2 умно­жить на 2 умно­жить на левая круг­лая скоб­ка ко­рень из: на­ча­ло ар­гу­мен­та: 26 конец ар­гу­мен­та минус 1 пра­вая круг­лая скоб­ка , зна­ме­на­тель: ко­рень из: на­ча­ло ар­гу­мен­та: 26 конец ар­гу­мен­та конец дроби =26 минус 2 ко­рень из: на­ча­ло ар­гу­мен­та: 26 конец ар­гу­мен­та плюс 1 плюс 4 минус 4 плюс дробь: чис­ли­тель: 4, зна­ме­на­тель: ко­рень из: на­ча­ло ар­гу­мен­та: 26 конец ар­гу­мен­та конец дроби = \"><br><img src=\"https://ege.sdamgia.ru/formula/svg/c5/c505f7d092e4b9f174920d5f7636f644.svg\" class=\"tex\" style=\"vertical-align:-11.1pt\" alt=\"=27 минус 2 ко­рень из: на­ча­ло ар­гу­мен­та: 26 конец ар­гу­мен­та плюс дробь: чис­ли­тель: 4, зна­ме­на­тель: ко­рень из: на­ча­ло ар­гу­мен­та: 26 конец ар­гу­мен­та конец дроби =27 минус дробь: чис­ли­тель: 24 ко­рень из: на­ча­ло ар­гу­мен­та: 26 конец ар­гу­мен­та , зна­ме­на­тель: 13 конец дроби . \"></span><span data-width=\"440\" data-formulahash=\"aa6cf84d15515be5d9d593337fc918c5\" class=\"tex-span\" style=\"display:none\"><img src=\"https://ege.sdamgia.ru/formula/svg/0e/0e4157bae47ee6cbcbdee046da9191e7.svg\" class=\"tex\" style=\"vertical-align:-11.0pt\" alt=\"CM в квад­ра­те =DM в квад­ра­те плюс CD в квад­ра­те минус 2 умно­жить на DM умно­жить на CD умно­жить на дробь: чис­ли­тель: 1, зна­ме­на­тель: ко­рень из: на­ча­ло ар­гу­мен­та: 26 конец ар­гу­мен­та конец дроби = \"><br><img src=\"https://ege.sdamgia.ru/formula/svg/8e/8e3f94fc46c34b7781ddac801a4afcb7.svg\" class=\"tex\" style=\"vertical-align:-11.1pt\" alt=\"= левая круг­лая скоб­ка ко­рень из: на­ча­ло ар­гу­мен­та: 26 конец ар­гу­мен­та минус 1 пра­вая круг­лая скоб­ка в квад­ра­те плюс 2 в квад­ра­те минус дробь: чис­ли­тель: 2 умно­жить на 2 умно­жить на левая круг­лая скоб­ка ко­рень из: на­ча­ло ар­гу­мен­та: 26 конец ар­гу­мен­та минус 1 пра­вая круг­лая скоб­ка , зна­ме­на­тель: ко­рень из: на­ча­ло ар­гу­мен­та: 26 конец ар­гу­мен­та конец дроби = \"><br><img src=\"https://ege.sdamgia.ru/formula/svg/78/78743897d8d3b0c0c49f07a00b509d6f.svg\" class=\"tex\" style=\"vertical-align:-11.0pt\" alt=\"=26 минус 2 ко­рень из: на­ча­ло ар­гу­мен­та: 26 конец ар­гу­мен­та плюс 1 плюс 4 минус 4 плюс дробь: чис­ли­тель: 4, зна­ме­на­тель: ко­рень из: на­ча­ло ар­гу­мен­та: 26 конец ар­гу­мен­та конец дроби = \"><br><img src=\"https://ege.sdamgia.ru/formula/svg/c5/c505f7d092e4b9f174920d5f7636f644.svg\" class=\"tex\" style=\"vertical-align:-11.1pt\" alt=\"=27 минус 2 ко­рень из: на­ча­ло ар­гу­мен­та: 26 конец ар­гу­мен­та плюс дробь: чис­ли­тель: 4, зна­ме­на­тель: ко­рень из: на­ча­ло ар­гу­мен­та: 26 конец ар­гу­мен­та конец дроби =27 минус дробь: чис­ли­тель: 24 ко­рень из: на­ча­ло ар­гу­мен­та: 26 конец ар­гу­мен­та , зна­ме­на­тель: 13 конец дроби . \"></span></p><p class=\"left_margin\"></p></center><p><span style=\"letter-spacing: 2px;\">Ответ:</span> б) <img src=\"https://ege.sdamgia.ru/formula/svg/cf/cf7f88ba2bf9d99c6403d3628d660ada.svg\" class=\"tex\" style=\"vertical-align:-11.3pt\" alt=\" ко­рень из: на­ча­ло ар­гу­мен­та: 27 минус дробь: чис­ли­тель: 24 ко­рень из: на­ча­ло ар­гу­мен­та: 26 конец ар­гу­мен­та , зна­ме­на­тель: 13 конец дроби конец ар­гу­мен­та . \"></p></div>",
        "image_urls": [
            "https://ege.sdamgia.ru/formula/svg/08/08a87d9686d0b8bdd51aae672bcfc799.svg",
            "https://ege.sdamgia.ru/formula/svg/e4/e4542a25e30f07ca6529a0fd0f2e24dc.svg",
            "https://ege.sdamgia.ru/formula/svg/5b/5bb92d9181e69f7d8b14014037c91ef3.svg",
            "https://ege.sdamgia.ru/formula/svg/0a/0a21b8a37a9d820448d36e7c4841eebe.svg",
            "https://ege.sdamgia.ru/formula/svg/f6/f689b228e2b2a4392d5e601e48b06bda.svg",
            "https://ege.sdamgia.ru/formula/svg/0f/0f58230645f00c3cb0f9b40b889a9870.svg",
            "https://ege.sdamgia.ru/formula/svg/95/954e9933ea19bd3174a704fff8222ba7.svg",
            "https://ege.sdamgia.ru/formula/svg/23/23a9b737e928508ec4d2b611deed8212.svg",
            "https://ege.sdamgia.ru/formula/svg/c8/c8394b0bba94ce70020eee425b614f9d.svg",
            "https://ege.sdamgia.ru/formula/svg/9d/9d88b92d4028b19946b047f9809641f6.svg",
            "https://ege.sdamgia.ru/formula/svg/33/331d63fcf5366d8175db1766641aa14f.svg",
            "https://ege.sdamgia.ru/formula/svg/d0/d00467a84e70b639ced10df10b4f13c7.svg",
            "https://ege.sdamgia.ru/formula/svg/c5/c53da00def168c30a4fe6a35da2f7eef.svg",
            "https://ege.sdamgia.ru/formula/svg/0e/0e4157bae47ee6cbcbdee046da9191e7.svg",
            "https://ege.sdamgia.ru/formula/svg/c1/c190252b5842d9759f0ec15a4e82fd0e.svg",
            "https://ege.sdamgia.ru/formula/svg/c5/c505f7d092e4b9f174920d5f7636f644.svg",
            "https://ege.sdamgia.ru/formula/svg/0e/0e4157bae47ee6cbcbdee046da9191e7.svg",
            "https://ege.sdamgia.ru/formula/svg/8e/8e3f94fc46c34b7781ddac801a4afcb7.svg",
            "https://ege.sdamgia.ru/formula/svg/78/78743897d8d3b0c0c49f07a00b509d6f.svg",
            "https://ege.sdamgia.ru/formula/svg/c5/c505f7d092e4b9f174920d5f7636f644.svg",
            "https://ege.sdamgia.ru/formula/svg/cf/cf7f88ba2bf9d99c6403d3628d660ada.svg",
            "/get_file?id=119230"
        ]
    },
    "answer": "б)",
    "topic_id": 17,
    "analog_ids": []
}