{
    "gia_type": "ege",
    "subject": "math",
    "id": 655099,
    "condition": {
        "text": "В окружности с центром O построен квадрат KOFD так, что его вершина D лежит на окружности. Из точки B, диаметрально противоположной точке D, проведены две хорды АВ и ВC, проходящие через вершины K и F квадрата соответственно.а)  Докажите, что б)  Найдите площадь четырехугольника ABCD, если радиус окружности равен 5.",
        "html": "<div align=\"justify\" width=\"100%\" id=\"body495623\" class=\"pbody\"><p class=\"left_margin\">В окруж­но­сти с цен­тром <i>O</i> по­стро­ен квад­рат <i>KOFD</i> так, что его вер­ши­на <i>D</i> лежит на окруж­но­сти. Из точки <i>B</i>, диа­мет­раль­но про­ти­во­по­лож­ной точке <i>D</i>, про­ве­де­ны две хорды <i>АВ</i> и <i>ВC</i>, про­хо­дя­щие через вер­ши­ны <i>K</i> и <i>F</i> квад­ра­та со­от­вет­ствен­но.</p><p class=\"left_margin\">а)  До­ка­жи­те, что <img src=\"https://ege.sdamgia.ru/formula/svg/09/0952d3d8f991f782eeec5d34f723a14f.svg\" class=\"tex\" style=\"vertical-align:-1.8pt\" alt=\"AK : KB = 1 : 5.\"></p><p class=\"left_margin\">б)  Най­ди­те пло­щадь че­ты­рех­уголь­ни­ка <i>ABCD</i>, если ра­ди­ус окруж­но­сти <nobr>равен 5.</nobr></p></div>",
        "image_urls": [
            "https://ege.sdamgia.ru/formula/svg/09/0952d3d8f991f782eeec5d34f723a14f.svg"
        ]
    },
    "solution": {
        "text": "Решение. а)  Пусть диагонали квадрата пересекаются в точке E. Тогда  где R  — радиус окружности.  Значит,  откуда Заметим, что  Таким образом, находим:б)  Найдем площадь четырехугольника ABCD:Ответ: 30.",
        "html": "<div align=\"justify\" width=\"100%\" id=\"sol655099\" class=\"solution\" style=\"clear:both;\" class=\"pbody\"><p class=\"left_margin\"></p><b>Ре­ше­ние<!--rule_info-->. </b><p class=\"left_margin\"><img src=\"/get_file?id=166670\" style=\"float:right;margin:10px;max-width:100%\">а)  Пусть диа­го­на­ли квад­ра­та пе­ре­се­ка­ют­ся в точке <i>E</i>. Тогда <img src=\"https://ege.sdamgia.ru/formula/svg/80/80b8fba04be52379f2ec3088e4c9e965.svg\" class=\"tex\" style=\"vertical-align:-8.4pt\" alt=\" KE = дробь: чис­ли­тель: R, зна­ме­на­тель: 2 конец дроби , \"> где <i>R</i>  — ра­ди­ус окруж­но­сти.  Зна­чит, <img src=\"https://ege.sdamgia.ru/formula/svg/ea/ea929d4569d092a7d34bfe486f56c511.svg\" class=\"tex\" style=\"vertical-align:-8.5pt\" alt=\" тан­генс \\angle KBE = дробь: чис­ли­тель: KE, зна­ме­на­тель: EB конец дроби = дробь: чис­ли­тель: 1, зна­ме­на­тель: 3 конец дроби , \"> от­ку­да</p><p class=\"left_margin\"></p><center><p><img src=\"https://ege.sdamgia.ru/formula/svg/c1/c1e67e47b391a1a51ca3411d525dbd2b.svg\" class=\"tex\" style=\"vertical-align:-16.1pt\" alt=\" ко­си­нус \\angle KBE = ко­рень из: на­ча­ло ар­гу­мен­та: дробь: чис­ли­тель: 1, зна­ме­на­тель: левая круг­лая скоб­ка дробь: чис­ли­тель: 1, зна­ме­на­тель: 3 конец дроби пра­вая круг­лая скоб­ка в квад­ра­те плюс 1 конец дроби конец ар­гу­мен­та = дробь: чис­ли­тель: 3 , зна­ме­на­тель: ко­рень из: на­ча­ло ар­гу­мен­та: 10 конец ар­гу­мен­та конец дроби . \"></p><p class=\"left_margin\"></p></center><p> За­ме­тим, что </p><p class=\"left_margin\"></p><center><p><img src=\"https://ege.sdamgia.ru/formula/svg/df/dfd9af09b56603c45c7a8d7eeaad60de.svg\" class=\"tex\" style=\"vertical-align:-10.9pt\" alt=\"AB = BD умно­жить на ко­си­нус \\angle KBE = дробь: чис­ли­тель: 6 R, зна­ме­на­тель: ко­рень из: на­ча­ло ар­гу­мен­та: 10 конец ар­гу­мен­та конец дроби , \"></p><p><img src=\"https://ege.sdamgia.ru/formula/svg/b1/b1bf869fbddc33c8492b987aed8838c8.svg\" class=\"tex\" style=\"vertical-align:-15.6pt\" alt=\"KB = дробь: чис­ли­тель: BE, зна­ме­на­тель: ко­си­нус \\angle KBE конец дроби = дробь: чис­ли­тель: 3 R, зна­ме­на­тель: 2 умно­жить на дробь: чис­ли­тель: 3, зна­ме­на­тель: ко­рень из: на­ча­ло ар­гу­мен­та: 10 конец ар­гу­мен­та конец дроби конец дроби = дробь: чис­ли­тель: ко­рень из: на­ча­ло ар­гу­мен­та: 10 конец ар­гу­мен­та R, зна­ме­на­тель: 2 конец дроби . \"></p><p class=\"left_margin\"></p></center><p> Таким об­ра­зом, на­хо­дим:</p><p class=\"left_margin\"></p><center><p><img src=\"https://ege.sdamgia.ru/formula/svg/5f/5f7cec6a4c3586af3f79c7591a234faf.svg\" class=\"tex\" style=\"vertical-align:-15.1pt\" alt=\"AK : KB = левая круг­лая скоб­ка AB минус KB пра­вая круг­лая скоб­ка : KB = дробь: чис­ли­тель: R левая круг­лая скоб­ка дробь: чис­ли­тель: 6, зна­ме­на­тель: ко­рень из: на­ча­ло ар­гу­мен­та: 10 конец ар­гу­мен­та конец дроби минус дробь: чис­ли­тель: ко­рень из: на­ча­ло ар­гу­мен­та: 10 конец ар­гу­мен­та , зна­ме­на­тель: 2 конец дроби пра­вая круг­лая скоб­ка , зна­ме­на­тель: дробь: чис­ли­тель: ко­рень из: на­ча­ло ар­гу­мен­та: 10 конец ар­гу­мен­та , зна­ме­на­тель: 2 конец дроби R конец дроби =  дробь: чис­ли­тель: R умно­жить на дробь: чис­ли­тель: 1 , зна­ме­на­тель: ко­рень из: на­ча­ло ар­гу­мен­та: 10 конец ар­гу­мен­та конец дроби , зна­ме­на­тель: дробь: чис­ли­тель: ко­рень из: на­ча­ло ар­гу­мен­та: 10 конец ар­гу­мен­та , зна­ме­на­тель: 2 конец дроби R конец дроби = дробь: чис­ли­тель: 1, зна­ме­на­тель: 5 конец дроби . \"></p><p class=\"left_margin\"></p></center><p class=\"left_margin\">б)  Най­дем пло­щадь че­ты­рех­уголь­ни­ка <i>ABCD</i>:</p><p class=\"left_margin\"></p><center><p><span data-width=\"640\" data-formulahash=\"87c676017eeeb972a5f97406bb3e1b13\" class=\"tex-span\" style=\"\"><img src=\"https://ege.sdamgia.ru/formula/svg/87/87c676017eeeb972a5f97406bb3e1b13.svg\" class=\"tex\" style=\"vertical-align:-12.2pt\" alt=\"S_ABCD = 2 S_ABCD = AB умно­жить на BD умно­жить на синус \\angle KBE = дробь: чис­ли­тель: 6R, зна­ме­на­тель: ко­рень из: на­ча­ло ар­гу­мен­та: 10 конец ар­гу­мен­та конец дроби умно­жить на 2 R умно­жить на ко­рень из: на­ча­ло ар­гу­мен­та: 1 минус левая круг­лая скоб­ка дробь: чис­ли­тель: 3, зна­ме­на­тель: ко­рень из: на­ча­ло ар­гу­мен­та: 10 конец ар­гу­мен­та конец дроби пра­вая круг­лая скоб­ка в квад­ра­те конец ар­гу­мен­та = дробь: чис­ли­тель: 12 R в квад­ра­те , зна­ме­на­тель: 10 конец дроби = дробь: чис­ли­тель: 6, зна­ме­на­тель: 5 конец дроби умно­жить на 25 = 30. \"></span><span data-width=\"615\" data-formulahash=\"87c676017eeeb972a5f97406bb3e1b13\" class=\"tex-span\" style=\"display:none\"><img src=\"https://ege.sdamgia.ru/formula/svg/4a/4a186447ba1b8f50334bda4f5c8e786e.svg\" class=\"tex\" style=\"vertical-align:-2.5pt\" alt=\"S_ABCD = 2 S_ABCD = AB умно­жить на BD умно­жить на синус \\angle KBE =\"><br><img src=\"https://ege.sdamgia.ru/formula/svg/be/bef8475094a799bb34a3e7f0859be0a2.svg\" class=\"tex\" style=\"vertical-align:-12.3pt\" alt=\"= дробь: чис­ли­тель: 6R, зна­ме­на­тель: ко­рень из: на­ча­ло ар­гу­мен­та: 10 конец ар­гу­мен­та конец дроби умно­жить на 2 R умно­жить на ко­рень из: на­ча­ло ар­гу­мен­та: 1 минус левая круг­лая скоб­ка дробь: чис­ли­тель: 3, зна­ме­на­тель: ко­рень из: на­ча­ло ар­гу­мен­та: 10 конец ар­гу­мен­та конец дроби пра­вая круг­лая скоб­ка в квад­ра­те конец ар­гу­мен­та = дробь: чис­ли­тель: 12 R в квад­ра­те , зна­ме­на­тель: 10 конец дроби = дробь: чис­ли­тель: 6, зна­ме­на­тель: 5 конец дроби умно­жить на 25 = 30. \"></span><span data-width=\"340\" data-formulahash=\"87c676017eeeb972a5f97406bb3e1b13\" class=\"tex-span\" style=\"display:none\"><img src=\"https://ege.sdamgia.ru/formula/svg/4a/4a186447ba1b8f50334bda4f5c8e786e.svg\" class=\"tex\" style=\"vertical-align:-2.5pt\" alt=\"S_ABCD = 2 S_ABCD = AB умно­жить на BD умно­жить на синус \\angle KBE =\"><br><img src=\"https://ege.sdamgia.ru/formula/svg/b5/b57ca10e2e4222ebf4ce3373d9350037.svg\" class=\"tex\" style=\"vertical-align:-12.3pt\" alt=\"= дробь: чис­ли­тель: 6R, зна­ме­на­тель: ко­рень из: на­ча­ло ар­гу­мен­та: 10 конец ар­гу­мен­та конец дроби умно­жить на 2 R умно­жить на ко­рень из: на­ча­ло ар­гу­мен­та: 1 минус левая круг­лая скоб­ка дробь: чис­ли­тель: 3, зна­ме­на­тель: ко­рень из: на­ча­ло ар­гу­мен­та: 10 конец ар­гу­мен­та конец дроби пра­вая круг­лая скоб­ка в квад­ра­те конец ар­гу­мен­та = \"><br><img src=\"https://ege.sdamgia.ru/formula/svg/33/332e7f2dae71df5a278004b0008c1021.svg\" class=\"tex\" style=\"vertical-align:-8.5pt\" alt=\"= дробь: чис­ли­тель: 12 R в квад­ра­те , зна­ме­на­тель: 10 конец дроби = дробь: чис­ли­тель: 6, зна­ме­на­тель: 5 конец дроби умно­жить на 25 = 30. \"></span></p><p class=\"left_margin\"></p></center><p><span style=\"letter-spacing: 2px;\">Ответ:</span> 30.</p></div>",
        "image_urls": [
            "https://ege.sdamgia.ru/formula/svg/80/80b8fba04be52379f2ec3088e4c9e965.svg",
            "https://ege.sdamgia.ru/formula/svg/ea/ea929d4569d092a7d34bfe486f56c511.svg",
            "https://ege.sdamgia.ru/formula/svg/c1/c1e67e47b391a1a51ca3411d525dbd2b.svg",
            "https://ege.sdamgia.ru/formula/svg/df/dfd9af09b56603c45c7a8d7eeaad60de.svg",
            "https://ege.sdamgia.ru/formula/svg/b1/b1bf869fbddc33c8492b987aed8838c8.svg",
            "https://ege.sdamgia.ru/formula/svg/5f/5f7cec6a4c3586af3f79c7591a234faf.svg",
            "https://ege.sdamgia.ru/formula/svg/87/87c676017eeeb972a5f97406bb3e1b13.svg",
            "https://ege.sdamgia.ru/formula/svg/4a/4a186447ba1b8f50334bda4f5c8e786e.svg",
            "https://ege.sdamgia.ru/formula/svg/be/bef8475094a799bb34a3e7f0859be0a2.svg",
            "https://ege.sdamgia.ru/formula/svg/4a/4a186447ba1b8f50334bda4f5c8e786e.svg",
            "https://ege.sdamgia.ru/formula/svg/b5/b57ca10e2e4222ebf4ce3373d9350037.svg",
            "https://ege.sdamgia.ru/formula/svg/33/332e7f2dae71df5a278004b0008c1021.svg",
            "/get_file?id=166670"
        ]
    },
    "answer": "30.",
    "topic_id": 17,
    "analog_ids": []
}