{
    "gia_type": "ege",
    "subject": "math",
    "id": 656197,
    "condition": {
        "text": "Диагональ трапеции делит ее на два подобных прямоугольных треугольника, в каждый из которых вписана окружность.а)  Докажите, что произведение оснований трапеции равно квадрату этой диагонали.б)  Найдите расстояние между центрами окружностей, вписанных в эти треугольники, если основания трапеции равны 9 и 25.",
        "html": "<div align=\"justify\" width=\"100%\" id=\"body290233\" class=\"pbody\"><p class=\"left_margin\">Диа­го­наль тра­пе­ции делит ее на два по­доб­ных пря­мо­уголь­ных тре­уголь­ни­ка, в каж­дый из ко­то­рых впи­са­на окруж­ность.</p><p class=\"left_margin\">а)  До­ка­жи­те, что про­из­ве­де­ние ос­но­ва­ний тра­пе­ции равно квад­ра­ту этой диа­го­на­ли.</p><p class=\"left_margin\">б)  Най­ди­те рас­сто­я­ние между цен­тра­ми окруж­но­стей, впи­сан­ных в эти тре­уголь­ни­ки, если ос­но­ва­ния тра­пе­ции равны 9 и 25.</p></div>",
        "image_urls": []
    },
    "solution": {
        "text": "Решение. а)  Пусть основания трапеции  — стороны AD и BC. Треугольники ABC и DCA подобны. Заметим, что если  то  но тогда трапеция ABCD  —  параллелограмм. Значит,  а тогда б)  Пусть точки O1 и O2  — центры окружностей, точки P и Q  —  их точки касания с отрезком AC. Из пункта а) следует, что  откуда  Пусть для определенности  и  Тогда:  По формуле радиуса вписанной в прямоугольный треугольник окружности находим: Тогда  Таким образом, находим:Ответ: б) ",
        "html": "<div align=\"justify\" width=\"100%\" id=\"sol656197\" class=\"solution\" style=\"clear:both;\" class=\"pbody\"><p class=\"left_margin\"></p><b>Ре­ше­ние<!--rule_info-->. </b><p class=\"left_margin\"><img src=\"/get_file?id=169971\" style=\"float:right;margin:10px;max-width:100%\">а)  Пусть ос­но­ва­ния тра­пе­ции  — сто­ро­ны <i>AD</i> и <i>BC</i>. Тре­уголь­ни­ки <i>ABC</i> и <i>DCA</i> по­доб­ны. За­ме­тим, что если <img src=\"https://ege.sdamgia.ru/formula/svg/e1/e14ab77429d97b3e3321656f86c5a88f.svg\" class=\"tex\" style=\"vertical-align:-8.4pt\" alt=\" дробь: чис­ли­тель: BC, зна­ме­на­тель: AC конец дроби = дробь: чис­ли­тель: AD, зна­ме­на­тель: AC конец дроби , \"> то <img src=\"https://ege.sdamgia.ru/formula/svg/9a/9accd47d5191ea84b4b1ac3b65907d84.svg\" class=\"tex\" style=\"vertical-align:-3.0pt\" alt=\"BC = AD,\"> но тогда тра­пе­ция <nobr><i>ABCD</i>  — </nobr> па­рал­ле­ло­грамм. Зна­чит, <img src=\"https://ege.sdamgia.ru/formula/svg/ec/eca6d1ece731a8bd41b023a13ce7b6c9.svg\" class=\"tex\" style=\"vertical-align:-8.4pt\" alt=\" дробь: чис­ли­тель: BC, зна­ме­на­тель: AC конец дроби = дробь: чис­ли­тель: AC, зна­ме­на­тель: AD конец дроби , \"> а тогда <img src=\"https://ege.sdamgia.ru/formula/svg/c7/c72f142c084809cb61ff3e708305ec91.svg\" class=\"tex\" style=\"vertical-align:-1.8pt\" alt=\"AC в квад­ра­те = BC умно­жить на AD.\"></p><p class=\"left_margin\">б)  Пусть точки <i>O</i><sub>1</sub> и <i>O</i><sub>2</sub>  — цен­тры окруж­но­стей, точки <i>P</i> и <nobr><i>Q</i>  — </nobr> их точки ка­са­ния с от­рез­ком <i>AC</i>. Из пунк­та а) сле­ду­ет, что <img src=\"https://ege.sdamgia.ru/formula/svg/8d/8d32783f5a463977745673fe801ce29c.svg\" class=\"tex\" style=\"vertical-align:-3.0pt\" alt=\"AC в квад­ра­те = 9 умно­жить на 25 = 15 в квад­ра­те ,\"> от­ку­да <img src=\"https://ege.sdamgia.ru/formula/svg/d2/d29de745763e269017b2aed9153b069c.svg\" class=\"tex\" style=\"vertical-align:-1.8pt\" alt=\"AC = 15.\"> Пусть для опре­де­лен­но­сти <img src=\"https://ege.sdamgia.ru/formula/svg/e4/e4ec01b307c3ed4132c530643b18473b.svg\" class=\"tex\" style=\"vertical-align:-1.8pt\" alt=\"BC = 9\"> и <img src=\"https://ege.sdamgia.ru/formula/svg/54/545ab8825af3e58bd664178b0bd14345.svg\" class=\"tex\" style=\"vertical-align:-1.8pt\" alt=\"AD = 25.\"> Тогда: </p><p></p><div class=\"flex-math\"><p><img src=\"https://ege.sdamgia.ru/formula/svg/2a/2a1bccf10abb9a4c6c15d86bee4f1e5a.svg\" class=\"tex\" style=\"vertical-align:-3.0pt\" alt=\"AB = ко­рень из: на­ча­ло ар­гу­мен­та: 9 в квад­ра­те плюс 15 в квад­ра­те конец ар­гу­мен­та = 3 ко­рень из: на­ча­ло ар­гу­мен­та: 34 конец ар­гу­мен­та ,\"></p><p><img src=\"https://ege.sdamgia.ru/formula/svg/e3/e3f74dffdbb3c05c24fb1321aa430997.svg\" class=\"tex\" style=\"vertical-align:-2.5pt\" alt=\"CD = ко­рень из: на­ча­ло ар­гу­мен­та: 15 в квад­ра­те плюс 25 в квад­ра­те конец ар­гу­мен­та = 5 ко­рень из: на­ча­ло ар­гу­мен­та: 34 конец ар­гу­мен­та .\"></p><p></p></div><p> По фор­му­ле ра­ди­у­са впи­сан­ной в пря­мо­уголь­ный тре­уголь­ник окруж­но­сти на­хо­дим:</p><p></p><div class=\"flex-math\"><p><img src=\"https://ege.sdamgia.ru/formula/svg/39/39d24c5516e7a13526c8d7eb7e109f06.svg\" class=\"tex\" style=\"vertical-align:-8.5pt\" alt=\"O_1P = CP = дробь: чис­ли­тель: 9 плюс 15 минус 3 ко­рень из: на­ча­ло ар­гу­мен­та: 34 конец ар­гу­мен­та , зна­ме­на­тель: 2 конец дроби = 12 минус дробь: чис­ли­тель: 3 ко­рень из: на­ча­ло ар­гу­мен­та: 34 конец ар­гу­мен­та , зна­ме­на­тель: 2 конец дроби , \"></p><p><img src=\"https://ege.sdamgia.ru/formula/svg/79/79ad8c23f0f208db89ef5d4e7e40f069.svg\" class=\"tex\" style=\"vertical-align:-8.5pt\" alt=\"O_2Q = AQ = дробь: чис­ли­тель: 15 плюс 25 минус 5 ко­рень из: на­ча­ло ар­гу­мен­та: 34 конец ар­гу­мен­та , зна­ме­на­тель: 2 конец дроби = 20 минус дробь: чис­ли­тель: 5, зна­ме­на­тель: 2 конец дроби умно­жить на ко­рень из: на­ча­ло ар­гу­мен­та: 34 конец ар­гу­мен­та . \"></p><p></p></div><p> Тогда </p><p class=\"left_margin\"></p><center><p><img src=\"https://ege.sdamgia.ru/formula/svg/5c/5c0fe9fe950a2e5aea0c26aa642941d2.svg\" class=\"tex\" style=\"vertical-align:-3.1pt\" alt=\"PQ = 15 минус CP минус AQ = 4 ко­рень из: на­ча­ло ар­гу­мен­та: 34 конец ар­гу­мен­та минус 17,\"></p><p><span data-width=\"640\" data-formulahash=\"fba27cb338ef024573e545e752ffc8de\" class=\"tex-span\" style=\"\"><img src=\"https://ege.sdamgia.ru/formula/svg/06/0630d30b579d2d8d67c2e2ab1bbe8698.svg\" class=\"tex\" style=\"vertical-align:-3.6pt\" alt=\"O_1O_2 в квад­ра­те = PQ в квад­ра­те плюс левая круг­лая скоб­ка O_1P плюс O_2 Q пра­вая круг­лая скоб­ка в квад­ра­те = левая круг­лая скоб­ка 4 ко­рень из: на­ча­ло ар­гу­мен­та: 34 конец ар­гу­мен­та минус 17 пра­вая круг­лая скоб­ка в квад­ра­те плюс левая круг­лая скоб­ка 32 минус 4 ко­рень из: на­ча­ло ар­гу­мен­та: 34 конец ар­гу­мен­та пра­вая круг­лая скоб­ка в квад­ра­те =\"><br><img src=\"https://ege.sdamgia.ru/formula/svg/7e/7e26b0465edef4dd6e64c91c274fc2dc.svg\" class=\"tex\" style=\"vertical-align:-1.7pt\" alt=\"= 16 умно­жить на 34 минус 8 умно­жить на 17 ко­рень из: на­ча­ло ар­гу­мен­та: 34 конец ар­гу­мен­та плюс 289 плюс 1024 минус 8 умно­жить на 32 ко­рень из: на­ча­ло ар­гу­мен­та: 34 конец ар­гу­мен­та плюс 16 умно­жить на 34 = 2401 минус 392 ко­рень из: на­ча­ло ар­гу­мен­та: 34 конец ар­гу­мен­та .\"></span><span data-width=\"440\" data-formulahash=\"fba27cb338ef024573e545e752ffc8de\" class=\"tex-span\" style=\"display:none\"><img src=\"https://ege.sdamgia.ru/formula/svg/06/0630d30b579d2d8d67c2e2ab1bbe8698.svg\" class=\"tex\" style=\"vertical-align:-3.6pt\" alt=\"O_1O_2 в квад­ра­те = PQ в квад­ра­те плюс левая круг­лая скоб­ка O_1P плюс O_2 Q пра­вая круг­лая скоб­ка в квад­ра­те = левая круг­лая скоб­ка 4 ко­рень из: на­ча­ло ар­гу­мен­та: 34 конец ар­гу­мен­та минус 17 пра­вая круг­лая скоб­ка в квад­ра­те плюс левая круг­лая скоб­ка 32 минус 4 ко­рень из: на­ча­ло ар­гу­мен­та: 34 конец ар­гу­мен­та пра­вая круг­лая скоб­ка в квад­ра­те =\"><br><img src=\"https://ege.sdamgia.ru/formula/svg/04/044c95b99543cdbca4c57ca5f6ba86a1.svg\" class=\"tex\" style=\"vertical-align:-1.8pt\" alt=\"= 16 умно­жить на 34 минус 8 умно­жить на 17 ко­рень из: на­ча­ло ар­гу­мен­та: 34 конец ар­гу­мен­та плюс 289 плюс 1024 минус 8 умно­жить на 32 ко­рень из: на­ча­ло ар­гу­мен­та: 34 конец ар­гу­мен­та плюс 16 умно­жить на 34 =\"><br><img src=\"https://ege.sdamgia.ru/formula/svg/8a/8aa11033c47e53e7ae6ecf57b3134eb2.svg\" class=\"tex\" style=\"vertical-align:-1.8pt\" alt=\"= 2401 минус 392 ко­рень из: на­ча­ло ар­гу­мен­та: 34 конец ар­гу­мен­та .\"></span><span data-width=\"415\" data-formulahash=\"fba27cb338ef024573e545e752ffc8de\" class=\"tex-span\" style=\"display:none\"><img src=\"https://ege.sdamgia.ru/formula/svg/98/98dcad704898f02b96bfe4259472a0f6.svg\" class=\"tex\" style=\"vertical-align:-3.6pt\" alt=\"O_1O_2 в квад­ра­те = PQ в квад­ра­те плюс левая круг­лая скоб­ка O_1P плюс O_2 Q пра­вая круг­лая скоб­ка в квад­ра­те =\"><br><img src=\"https://ege.sdamgia.ru/formula/svg/16/167b460c6e58b1186a1a47f41e948c83.svg\" class=\"tex\" style=\"vertical-align:-3.7pt\" alt=\"= левая круг­лая скоб­ка 4 ко­рень из: на­ча­ло ар­гу­мен­та: 34 конец ар­гу­мен­та минус 17 пра­вая круг­лая скоб­ка в квад­ра­те плюс левая круг­лая скоб­ка 32 минус 4 ко­рень из: на­ча­ло ар­гу­мен­та: 34 конец ар­гу­мен­та пра­вая круг­лая скоб­ка в квад­ра­те =\"><br><img src=\"https://ege.sdamgia.ru/formula/svg/04/044c95b99543cdbca4c57ca5f6ba86a1.svg\" class=\"tex\" style=\"vertical-align:-1.8pt\" alt=\"= 16 умно­жить на 34 минус 8 умно­жить на 17 ко­рень из: на­ча­ло ар­гу­мен­та: 34 конец ар­гу­мен­та плюс 289 плюс 1024 минус 8 умно­жить на 32 ко­рень из: на­ча­ло ар­гу­мен­та: 34 конец ар­гу­мен­та плюс 16 умно­жить на 34 =\"><br><img src=\"https://ege.sdamgia.ru/formula/svg/8a/8aa11033c47e53e7ae6ecf57b3134eb2.svg\" class=\"tex\" style=\"vertical-align:-1.8pt\" alt=\"= 2401 минус 392 ко­рень из: на­ча­ло ар­гу­мен­та: 34 конец ар­гу­мен­та .\"></span></p><p class=\"left_margin\"></p></center><p> Таким об­ра­зом, на­хо­дим:</p><p class=\"left_margin\"></p><center><p><img src=\"https://ege.sdamgia.ru/formula/svg/8c/8c299cc9bec2577f2bc29d0651946e85.svg\" class=\"tex\" style=\"vertical-align:-4.9pt\" alt=\"O_1O_2 = ко­рень из: на­ча­ло ар­гу­мен­та: 2401 минус 392 ко­рень из: на­ча­ло ар­гу­мен­та: 34 конец ар­гу­мен­та конец ар­гу­мен­та = 7 ко­рень из: на­ча­ло ар­гу­мен­та: 49 минус 8 ко­рень из: на­ча­ло ар­гу­мен­та: 34 конец ар­гу­мен­та конец ар­гу­мен­та = 7 левая круг­лая скоб­ка 4 ко­рень из: на­ча­ло ар­гу­мен­та: 2 конец ар­гу­мен­та минус ко­рень из: на­ча­ло ар­гу­мен­та: 17 конец ар­гу­мен­та пра­вая круг­лая скоб­ка .\"></p><p class=\"left_margin\"></p></center><p><span style=\"letter-spacing: 2px;\">Ответ:</span> б) <img src=\"https://ege.sdamgia.ru/formula/svg/c0/c0448c38aeeb68793ec674fc9dc3ba3e.svg\" class=\"tex\" style=\"vertical-align:-3.6pt\" alt=\" 7 левая круг­лая скоб­ка 4 ко­рень из: на­ча­ло ар­гу­мен­та: 2 конец ар­гу­мен­та минус ко­рень из: на­ча­ло ар­гу­мен­та: 17 конец ар­гу­мен­та пра­вая круг­лая скоб­ка .\"></p></div>",
        "image_urls": [
            "https://ege.sdamgia.ru/formula/svg/e1/e14ab77429d97b3e3321656f86c5a88f.svg",
            "https://ege.sdamgia.ru/formula/svg/9a/9accd47d5191ea84b4b1ac3b65907d84.svg",
            "https://ege.sdamgia.ru/formula/svg/ec/eca6d1ece731a8bd41b023a13ce7b6c9.svg",
            "https://ege.sdamgia.ru/formula/svg/c7/c72f142c084809cb61ff3e708305ec91.svg",
            "https://ege.sdamgia.ru/formula/svg/8d/8d32783f5a463977745673fe801ce29c.svg",
            "https://ege.sdamgia.ru/formula/svg/d2/d29de745763e269017b2aed9153b069c.svg",
            "https://ege.sdamgia.ru/formula/svg/e4/e4ec01b307c3ed4132c530643b18473b.svg",
            "https://ege.sdamgia.ru/formula/svg/54/545ab8825af3e58bd664178b0bd14345.svg",
            "https://ege.sdamgia.ru/formula/svg/2a/2a1bccf10abb9a4c6c15d86bee4f1e5a.svg",
            "https://ege.sdamgia.ru/formula/svg/e3/e3f74dffdbb3c05c24fb1321aa430997.svg",
            "https://ege.sdamgia.ru/formula/svg/39/39d24c5516e7a13526c8d7eb7e109f06.svg",
            "https://ege.sdamgia.ru/formula/svg/79/79ad8c23f0f208db89ef5d4e7e40f069.svg",
            "https://ege.sdamgia.ru/formula/svg/5c/5c0fe9fe950a2e5aea0c26aa642941d2.svg",
            "https://ege.sdamgia.ru/formula/svg/06/0630d30b579d2d8d67c2e2ab1bbe8698.svg",
            "https://ege.sdamgia.ru/formula/svg/7e/7e26b0465edef4dd6e64c91c274fc2dc.svg",
            "https://ege.sdamgia.ru/formula/svg/06/0630d30b579d2d8d67c2e2ab1bbe8698.svg",
            "https://ege.sdamgia.ru/formula/svg/04/044c95b99543cdbca4c57ca5f6ba86a1.svg",
            "https://ege.sdamgia.ru/formula/svg/8a/8aa11033c47e53e7ae6ecf57b3134eb2.svg",
            "https://ege.sdamgia.ru/formula/svg/98/98dcad704898f02b96bfe4259472a0f6.svg",
            "https://ege.sdamgia.ru/formula/svg/16/167b460c6e58b1186a1a47f41e948c83.svg",
            "https://ege.sdamgia.ru/formula/svg/04/044c95b99543cdbca4c57ca5f6ba86a1.svg",
            "https://ege.sdamgia.ru/formula/svg/8a/8aa11033c47e53e7ae6ecf57b3134eb2.svg",
            "https://ege.sdamgia.ru/formula/svg/8c/8c299cc9bec2577f2bc29d0651946e85.svg",
            "https://ege.sdamgia.ru/formula/svg/c0/c0448c38aeeb68793ec674fc9dc3ba3e.svg",
            "/get_file?id=169971"
        ]
    },
    "answer": "б)",
    "topic_id": 17,
    "analog_ids": []
}