{
    "gia_type": "ege",
    "subject": "math",
    "id": 669750,
    "condition": {
        "text": "Диагонали равнобедренной трапеции ABCD с основаниями AD и BC перпендикулярны. Окружность с диаметром AD пересекает боковую сторону CD в точке L, а окружность с диаметром AC пересекает основание AD в точке K. Отрезки AL и CK пересекаются в точке M.а)  Докажите, что точка M лежит на диагонали BD трапеции ABCD.б)  Найдите расстояние от точки M до боковой стороны AB, если BC  =  4, AD  =  28.",
        "html": "<div align=\"justify\" width=\"100%\" id=\"body284362\" class=\"pbody\"><p class=\"left_margin\">Диа­го­на­ли рав­но­бед­рен­ной тра­пе­ции <i>ABCD</i> с ос­но­ва­ни­я­ми <i>AD</i> и <i>BC</i> пер­пен­ди­ку­ляр­ны. Окруж­ность с диа­мет­ром <i>AD</i> пе­ре­се­ка­ет бо­ко­вую сто­ро­ну <i>CD</i> в точке <i>L</i>, а окруж­ность с диа­мет­ром <i>AC</i> пе­ре­се­ка­ет ос­но­ва­ние <i>AD</i> в точке <i>K</i>. От­рез­ки <i>AL</i> и <i>CK</i> пе­ре­се­ка­ют­ся в точке <i>M</i>.</p><p class=\"left_margin\">а)  До­ка­жи­те, что точка <i>M</i> лежит на диа­го­на­ли <i>BD</i> тра­пе­ции <i>ABCD</i>.</p><p class=\"left_margin\">б)  Най­ди­те рас­сто­я­ние от точки <i>M</i> до бо­ко­вой сто­ро­ны <i>AB</i>, если <i>BC</i>  =  4, <i>AD</i>  =  28.</p></div>",
        "image_urls": []
    },
    "solution": {
        "text": "Решение. а)  Пусть диагонали трапеции пересекаются в точке O. Из условия следует, что  и  Тогда точка M  — точка пересечения высот треугольника ACD. Cледовательно, точка M лежит на прямой BD.б)  Из условия следует, что  Из подобия треугольников BCM и DKM получаем, что BM : MD  =  1 : 3. Имеем:       А тогда: Тем самым длина отрезка MH, где H  — основание перпендикуляра, проведенного из точки M на AB, равна Ответ: ",
        "html": "<div align=\"justify\" width=\"100%\" id=\"sol669750\" class=\"solution\" style=\"clear:both;\" class=\"pbody\"><p class=\"left_margin\"></p><b>Ре­ше­ние<!--rule_info-->. </b><p class=\"left_margin\"><img src=\"/get_file?id=190183\" style=\"float:right;margin:10px;max-width:100%\"></p><p class=\"left_margin\">а)  Пусть диа­го­на­ли тра­пе­ции пе­ре­се­ка­ют­ся в точке <i>O</i>. Из усло­вия сле­ду­ет, что <img src=\"https://ege.sdamgia.ru/formula/svg/5c/5c45ff919f94fc767aa5bf02438265ea.svg\" class=\"tex\" style=\"vertical-align:-1.8pt\" alt=\"\\angle ALD = 90 гра­ду­сов \"> и <img src=\"https://ege.sdamgia.ru/formula/svg/23/235685696e7ff0cc19f851aa39f0faa6.svg\" class=\"tex\" style=\"vertical-align:-1.8pt\" alt=\"\\angle ARC = 90 гра­ду­сов .\"> Тогда точка <i>M</i>  — точка пе­ре­се­че­ния высот тре­уголь­ни­ка <i>ACD</i>. Cле­до­ва­тель­но, точка <i>M</i> лежит на пря­мой <i>BD</i>.</p><p class=\"left_margin\">б)  Из усло­вия сле­ду­ет, что </p><p class=\"left_margin\"></p><center><p><img src=\"https://ege.sdamgia.ru/formula/svg/46/46b79127add2d06f9ef6622158ce8d48.svg\" class=\"tex\" style=\"vertical-align:-8.3pt\" alt=\"KD = дробь: чис­ли­тель: AD минус BC, зна­ме­на­тель: 2 конец дроби = дробь: чис­ли­тель: 28 минус 4, зна­ме­на­тель: 2 конец дроби = 12. \"></p><p class=\"left_margin\"></p></center><p> Из по­до­бия тре­уголь­ни­ков <i>BCM</i> и <i>DKM</i> по­лу­ча­ем, что <i>BM</i> : <i>MD</i>  =  1 : 3. Имеем: </p><p></p><div class=\"flex-math\"><p><img src=\"https://ege.sdamgia.ru/formula/svg/1f/1f416b13c8e79fe44bc991df981804b9.svg\" class=\"tex\" style=\"vertical-align:-3.0pt\" alt=\"\\angle ODA = \\angle OAD = \\angle BCO = \\angle CBO = 45 гра­ду­сов ,\"></p><p><img src=\"https://ege.sdamgia.ru/formula/svg/08/082c783131a9a9dbf67412dbdeeb45f5.svg\" class=\"tex\" style=\"vertical-align:-3.0pt\" alt=\"BO = OC = 2 ко­рень из 2 ,\"> </p><p><img src=\"https://ege.sdamgia.ru/formula/svg/a4/a41d767b34e1465ab0219eee96eacbc4.svg\" class=\"tex\" style=\"vertical-align:-3.0pt\" alt=\"AO = OD = 14 ко­рень из 2 ,\"> </p><p><img src=\"https://ege.sdamgia.ru/formula/svg/05/056ad53372215fa50aa4ab28b02fc287.svg\" class=\"tex\" style=\"vertical-align:-3.0pt\" alt=\"BD = 16 ко­рень из 2 ,\"> </p><p><img src=\"https://ege.sdamgia.ru/formula/svg/c5/c50001dfdb45c268e99024242b065b8b.svg\" class=\"tex\" style=\"vertical-align:-8.4pt\" alt=\"BM = дробь: чис­ли­тель: 1, зна­ме­на­тель: 4 конец дроби BD = 4 ко­рень из 2 .\"> </p><p></p></div> <p> А тогда:</p><p></p><div class=\"flex-math\"><p><img src=\"https://ege.sdamgia.ru/formula/svg/91/919e58a91caec7b1224abc317692be8c.svg\" class=\"tex\" style=\"vertical-align:-8.4pt\" alt=\" тан­генс \\angle ABO = дробь: чис­ли­тель: AO, зна­ме­на­тель: OB конец дроби = 7, \"></p><p><img src=\"https://ege.sdamgia.ru/formula/svg/27/278ac074bcfa8676f188f85259c235c0.svg\" class=\"tex\" style=\"vertical-align:-11.1pt\" alt=\" ко­си­нус \\angle ABO = ко­рень из: на­ча­ло ар­гу­мен­та: дробь: чис­ли­тель: 1, зна­ме­на­тель: 7 в квад­ра­те плюс 1 конец дроби конец ар­гу­мен­та = дробь: чис­ли­тель: 1, зна­ме­на­тель: 5 ко­рень из 2 конец дроби , \"></p><p><img src=\"https://ege.sdamgia.ru/formula/svg/5a/5ac2aadc3429bda5a625958e09064f8f.svg\" class=\"tex\" style=\"vertical-align:-11.0pt\" alt=\" синус \\angle ABO = ко­рень из: на­ча­ло ар­гу­мен­та: 1 минус дробь: чис­ли­тель: 1, зна­ме­на­тель: 50 конец дроби конец ар­гу­мен­та = дробь: чис­ли­тель: 7, зна­ме­на­тель: 5 ко­рень из 2 конец дроби . \"></p><p></p></div><p> Тем самым длина от­рез­ка <i>MH</i>, где <i>H</i>  — ос­но­ва­ние пер­пен­ди­ку­ля­ра, про­ве­ден­но­го из точки <i>M</i> на <i>AB</i>, равна </p><p class=\"left_margin\"></p><center><p><img src=\"https://ege.sdamgia.ru/formula/svg/c0/c07cf7e744f7c9a300acc423b26b205c.svg\" class=\"tex\" style=\"vertical-align:-11.0pt\" alt=\"BM умно­жить на синус \\angle ABD = 4 ко­рень из 2 умно­жить на дробь: чис­ли­тель: 7, зна­ме­на­тель: 5 ко­рень из 2 конец дроби = дробь: чис­ли­тель: 28, зна­ме­на­тель: 5 конец дроби . \"></p><p class=\"left_margin\"></p></center><p><span style=\"letter-spacing: 2px;\">Ответ:</span> <img src=\"https://ege.sdamgia.ru/formula/svg/b5/b5d9dbe5e8c782bd9d48a0d997acc9c0.svg\" class=\"tex\" style=\"vertical-align:-8.5pt\" alt=\" дробь: чис­ли­тель: 28, зна­ме­на­тель: 5 конец дроби . \"></p></div>",
        "image_urls": [
            "https://ege.sdamgia.ru/formula/svg/5c/5c45ff919f94fc767aa5bf02438265ea.svg",
            "https://ege.sdamgia.ru/formula/svg/23/235685696e7ff0cc19f851aa39f0faa6.svg",
            "https://ege.sdamgia.ru/formula/svg/46/46b79127add2d06f9ef6622158ce8d48.svg",
            "https://ege.sdamgia.ru/formula/svg/1f/1f416b13c8e79fe44bc991df981804b9.svg",
            "https://ege.sdamgia.ru/formula/svg/08/082c783131a9a9dbf67412dbdeeb45f5.svg",
            "https://ege.sdamgia.ru/formula/svg/a4/a41d767b34e1465ab0219eee96eacbc4.svg",
            "https://ege.sdamgia.ru/formula/svg/05/056ad53372215fa50aa4ab28b02fc287.svg",
            "https://ege.sdamgia.ru/formula/svg/c5/c50001dfdb45c268e99024242b065b8b.svg",
            "https://ege.sdamgia.ru/formula/svg/91/919e58a91caec7b1224abc317692be8c.svg",
            "https://ege.sdamgia.ru/formula/svg/27/278ac074bcfa8676f188f85259c235c0.svg",
            "https://ege.sdamgia.ru/formula/svg/5a/5ac2aadc3429bda5a625958e09064f8f.svg",
            "https://ege.sdamgia.ru/formula/svg/c0/c07cf7e744f7c9a300acc423b26b205c.svg",
            "https://ege.sdamgia.ru/formula/svg/b5/b5d9dbe5e8c782bd9d48a0d997acc9c0.svg",
            "/get_file?id=190183"
        ]
    },
    "answer": "",
    "topic_id": 17,
    "analog_ids": []
}