{
    "gia_type": "ege",
    "subject": "math",
    "id": 509113,
    "condition": {
        "text": "На рисунке изображён график функции  Найдите ",
        "html": "<div align=\"justify\" width=\"100%\" id=\"body633413\" class=\"pbody\"><p class=\"left_margin\"><img src=\"/get_file?id=91952\" style=\"float:right;margin:10px;max-width:100%\">На ри­сун­ке изоб­ражён гра­фик функ­ции <img src=\"https://ege.sdamgia.ru/formula/svg/59/59f392d4310b90a59dc047cfe2060340.svg\" class=\"tex\" style=\"vertical-align:-3.6pt\" alt=\"f левая круг­лая скоб­ка x пра­вая круг­лая скоб­ка =k ко­рень из: на­ча­ло ар­гу­мен­та: x конец ар­гу­мен­та .\"> Най­ди­те <img src=\"https://ege.sdamgia.ru/formula/svg/8b/8b0d28cc8201e3d12119339f1657a72d.svg\" class=\"tex\" style=\"vertical-align:-3.6pt\" alt=\"f левая круг­лая скоб­ка 6,76 пра­вая круг­лая скоб­ка .\"></p></div>",
        "image_urls": [
            "https://ege.sdamgia.ru/formula/svg/59/59f392d4310b90a59dc047cfe2060340.svg",
            "https://ege.sdamgia.ru/formula/svg/8b/8b0d28cc8201e3d12119339f1657a72d.svg",
            "/get_file?id=91952"
        ]
    },
    "solution": {
        "text": "Решение. По графику, f(4)  =  5, тогда  Таким образом, Ответ: 6,5.",
        "html": "<div align=\"justify\" width=\"100%\" id=\"sol509113\" class=\"solution\" style=\"clear:both;\" class=\"pbody\"><p class=\"left_margin\"></p><b>Ре­ше­ние<!--rule_info-->. </b><p class=\"left_margin\">По гра­фи­ку, <i>f</i>(4)  =  5, тогда <img src=\"https://ege.sdamgia.ru/formula/svg/df/df052b98db07a3a1e98a6645375f9d54.svg\" class=\"tex\" style=\"vertical-align:-3.0pt\" alt=\"k умно­жить на ко­рень из: на­ча­ло ар­гу­мен­та: 4 конец ар­гу­мен­та =5 рав­но­силь­но 2k=5 рав­но­силь­но k=2,5.\"> Таким об­ра­зом, </p><p class=\"left_margin\"></p><center><p><img src=\"https://ege.sdamgia.ru/formula/svg/ea/ead670f1a6815a31e9663dfdd883aa1f.svg\" class=\"tex\" style=\"vertical-align:-3.7pt\" alt=\"f левая круг­лая скоб­ка 6,76 пра­вая круг­лая скоб­ка =2,5 умно­жить на ко­рень из: на­ча­ло ар­гу­мен­та: 6,76 конец ар­гу­мен­та =2,5 умно­жить на 2,6=6,5.\"></p><p class=\"left_margin\"></p></center><p><span style=\"letter-spacing: 2px;\">Ответ:</span> 6,5.</p></div>",
        "image_urls": [
            "https://ege.sdamgia.ru/formula/svg/df/df052b98db07a3a1e98a6645375f9d54.svg",
            "https://ege.sdamgia.ru/formula/svg/ea/ead670f1a6815a31e9663dfdd883aa1f.svg"
        ]
    },
    "answer": "6,5",
    "topic_id": 11,
    "analog_ids": [
        509113,
        509114,
        509115,
        509116,
        509114,
        509115,
        509116,
        509117
    ]
}