{
    "gia_type": "ege",
    "subject": "math",
    "id": 504832,
    "condition": {
        "text": "Окружность с центром O, вписанная в треугольник ABC, касается стороны BC в точке P и пересекает отрезок BO в точке Q. При этом отрезки OC и QP параллельны.а)  Докажите, что треугольник ABC ― равнобедренный.б)  Найдите площадь треугольника BQP, если точка O делит высоту BD треугольника в отношении BO : OD  =  3 : 1 и AC  =  2a.",
        "html": "<div align=\"justify\" width=\"100%\" id=\"body645884\" class=\"pbody\"><p class=\"left_margin\">Окруж­ность с цен­тром <i>O</i>, впи­сан­ная в тре­уголь­ник <i>ABC</i>, ка­са­ет­ся сто­ро­ны <i>BC</i> в точке <i>P</i> и пе­ре­се­ка­ет от­ре­зок <i>BO</i> в точке <i>Q</i>. При этом от­рез­ки <i>OC</i> и <i>QP</i> па­рал­лель­ны.</p><p class=\"left_margin\">а)  До­ка­жи­те, что тре­уголь­ник <i>ABC</i> ― рав­но­бед­рен­ный.</p><p class=\"left_margin\">б)  Най­ди­те пло­щадь тре­уголь­ни­ка <i>BQP</i>, если точка <i>O</i> делит вы­со­ту <i>BD</i> тре­уголь­ни­ка в от­но­ше­нии <i>BO</i> : <i>OD</i>  =  3 : 1 и <i>AC</i>  =  2<i>a</i>.</p></div>",
        "image_urls": []
    },
    "solution": {
        "text": "Решение.  Пусть луч BO пересекает сторону AC в точке D. Введем следующие обозначения: ∠BCO = ∠DCO  =  α, ∠COP  =  x. Прямые OC и QP параллельны, а углы COP и OPQ ― накрест лежащие при пересечении прямых PQ и OC секущей OP, следовательно, ∠OPQ  =  x. Далее, из прямоугольного треугольника OPC находим  а из равнобедренного треугольника OPQ находим ∠POQ  =  π − 2x  =  2α. Таким образом, треугольники BOP и BCD подобны, и, значит, биссектриса BD треугольника ABC является его высотой, откуда следует, что треугольник ABC ― равнобедренный треугольник, что и требовалось доказать.б)  Отрезок CO ― биссектриса треугольника BCD, следовательно:откуда BC  =  3DC  =  3a.Далее CP  =  DC  =  a, значит, BP  =  2a и, следовательно,  Откуда   следовательно  По формуле Герона находим:  Значит,  Ответ:   Приведем решение пункта б) Данила Касьяненко.По условию  тогда  так как  Проведем через точку Q прямую, параллельную прямой АС, пусть она пересечет сторону  ВС в точке N. Тогда QN  — средняя линия треугольника BDC, поэтому  а  По свойству касательных  и  тогда Из прямоугольного треугольника BQN найдем BQ:Проведем QT перпендикулярно CB. Из прямоугольного треугольника BQN найдем QT:Найдем площадь треугольника BQP:",
        "html": "<div align=\"justify\" width=\"100%\" id=\"sol504832\" class=\"solution\" style=\"clear:both;\" class=\"pbody\"><p class=\"left_margin\"></p><b>Ре­ше­ние<!--rule_info-->. </b><p class=\"left_margin\"><img src=\"/get_file?id=148389\" style=\"float:right;margin:10px;max-width:100%\"> Пусть луч <i>BO</i> пе­ре­се­ка­ет сто­ро­ну <i>AC</i> в точке <i>D.</i> Вве­дем сле­ду­ю­щие обо­зна­че­ния: ∠<i>BCO</i> = ∠<i>DCO</i>  =  α, ∠<i>COP</i>  =  <i>x</i>. Пря­мые <i>OC</i> и <i>QP</i> па­рал­лель­ны, а углы <i>COP</i> и <i>OPQ</i> ― на­крест ле­жа­щие при пе­ре­се­че­нии пря­мых <i>PQ</i> и <i>OC</i> се­ку­щей <i>OP,</i> сле­до­ва­тель­но, ∠<i>OPQ</i>  =  <i>x</i>. Далее, из пря­мо­уголь­но­го тре­уголь­ни­ка <i>OPC</i> на­хо­дим <img src=\"https://ege.sdamgia.ru/formula/svg/b1/b121bd0fa077119a3cc7494911e9b77f.svg\" class=\"tex\" style=\"vertical-align:-8.4pt\" alt=\"x= дробь: чис­ли­тель: Пи , зна­ме­на­тель: 2 конец дроби минус альфа , \"> а из рав­но­бед­рен­но­го тре­уголь­ни­ка <i>OPQ</i> на­хо­дим ∠<i>POQ</i>  =  π − 2<i>x</i>  =  2α. Таким об­ра­зом, тре­уголь­ни­ки <i>BOP</i> и <i>BCD</i> по­доб­ны, и, зна­чит, бис­сек­три­са <i>BD</i> тре­уголь­ни­ка <i>ABC</i> яв­ля­ет­ся его вы­со­той, от­ку­да сле­ду­ет, что тре­уголь­ник <i>ABC</i> ― рав­но­бед­рен­ный тре­уголь­ник, что и тре­бо­ва­лось до­ка­зать.</p><p class=\"left_margin\">б)  От­ре­зок <i>CO</i> ― бис­сек­три­са тре­уголь­ни­ка <i>BCD</i>, сле­до­ва­тель­но:</p><p class=\"left_margin\"></p><center><p><img src=\"https://ege.sdamgia.ru/formula/svg/84/84319d5b7c5b353d91f8fb55bc93d774.svg\" class=\"tex\" style=\"vertical-align:-8.4pt\" alt=\" дробь: чис­ли­тель: DC, зна­ме­на­тель: BC конец дроби = дробь: чис­ли­тель: OD, зна­ме­на­тель: OB конец дроби = дробь: чис­ли­тель: 1, зна­ме­на­тель: 3 конец дроби , \"></p><p class=\"left_margin\"></p></center><p>от­ку­да <i>BC</i>  =  3<i>DC</i>  =  3<i>a</i>.</p><p class=\"left_margin\">Далее <i>CP</i>  =  <i>DC</i>  =  <i>a</i>, зна­чит, <i>BP</i>  =  2<i>a</i> и, сле­до­ва­тель­но, <img src=\"https://ege.sdamgia.ru/formula/svg/ef/efd833af7aae6c10a8aa853e3d6b529e.svg\" class=\"tex\" style=\"vertical-align:-2.6pt\" alt=\"S_\\Delta BPO=2S_\\Delta CPO=S_CPOD.\"> От­ку­да </p><p class=\"left_margin\"></p><center><p><img src=\"https://ege.sdamgia.ru/formula/svg/22/22d901b1cd0802b0a8300adb8ee4c719.svg\" class=\"tex\" style=\"vertical-align:-8.4pt\" alt=\"S_\\Delta BOP= дробь: чис­ли­тель: 1, зна­ме­на­тель: 2 конец дроби S_\\Delta BCD= дробь: чис­ли­тель: 1, зна­ме­на­тель: 4 конец дроби S_\\Delta ABC. \"> <img src=\"https://ege.sdamgia.ru/formula/svg/a1/a1347d48e3c4651018f67cb039f1ad39.svg\" class=\"tex\" style=\"vertical-align:-8.5pt\" alt=\"BQ= дробь: чис­ли­тель: 2, зна­ме­на­тель: 3 конец дроби BO, \"> </p><p class=\"left_margin\"></p></center><p>сле­до­ва­тель­но <img src=\"https://ege.sdamgia.ru/formula/svg/03/034ed70e2789be7dfe772350ff00801b.svg\" class=\"tex\" style=\"vertical-align:-8.5pt\" alt=\"S_\\Delta BQP= дробь: чис­ли­тель: 2, зна­ме­на­тель: 3 конец дроби S_\\Delta BOP= дробь: чис­ли­тель: 1, зна­ме­на­тель: 6 конец дроби S_\\Delta ABC. \"> </p><p class=\"left_margin\">По фор­му­ле Ге­ро­на на­хо­дим: <img src=\"https://ege.sdamgia.ru/formula/svg/77/775351677971894335850a21907cf123.svg\" class=\"tex\" style=\"vertical-align:-2.7pt\" alt=\"S_\\Delta ABC= ко­рень из: на­ча­ло ар­гу­мен­та: 4a умно­жить на 2a умно­жить на a умно­жить на a конец ар­гу­мен­та =2 ко­рень из: на­ча­ло ар­гу­мен­та: 2 конец ар­гу­мен­та a в квад­ра­те .\"> Зна­чит, <img src=\"https://ege.sdamgia.ru/formula/svg/ee/ee01a30b2d48238857c4e4ed6f4cd8bc.svg\" class=\"tex\" style=\"vertical-align:-8.5pt\" alt=\"S_\\Delta BQP= дробь: чис­ли­тель: a в квад­ра­те ко­рень из: на­ча­ло ар­гу­мен­та: 2 конец ар­гу­мен­та , зна­ме­на­тель: 3 конец дроби . \"></p><p>&nbsp;</p><p><span style=\"letter-spacing:2px \">Ответ</span>: <img src=\"https://ege.sdamgia.ru/formula/svg/64/645399d02d9e926e333618d31a2995a6.svg\" class=\"tex\" style=\"vertical-align:-8.5pt\" alt=\" дробь: чис­ли­тель: a в квад­ра­те ко­рень из: на­ча­ло ар­гу­мен­та: 2 конец ар­гу­мен­та , зна­ме­на­тель: 3 конец дроби . \"></p><p>&nbsp;</p><p>&nbsp;</p><p><b>При­ве­дем ре­ше­ние пунк­та б) Да­ни­ла Ка­сья­нен­ко.</b></p><p class=\"left_margin\">По усло­вию <img src=\"https://ege.sdamgia.ru/formula/svg/89/89e46400ff8b83f4cd795a9091651cb8.svg\" class=\"tex\" style=\"vertical-align:-3.0pt\" alt=\" BO:OD=3:1,\"> тогда <img src=\"https://ege.sdamgia.ru/formula/svg/17/17968d96e8d77544473d0438d1fc7854.svg\" class=\"tex\" style=\"vertical-align:-3.0pt\" alt=\"BQ=QD,,\"> так как <img src=\"https://ege.sdamgia.ru/formula/svg/82/82408081c1b3aa1de45dd5b4e5c46acd.svg\" class=\"tex\" style=\"vertical-align:-3.0pt\" alt=\" DO=OQ.\"> Про­ве­дем через точку <i>Q</i> пря­мую, па­рал­лель­ную пря­мой <i>АС</i>, пусть она пе­ре­се­чет сто­ро­ну  <i>ВС</i> в точке <i>N</i>. Тогда <i>QN</i>  — сред­няя линия тре­уголь­ни­ка <i>BDC</i>, по­это­му <img src=\"https://ege.sdamgia.ru/formula/svg/19/19ab8e79996ad9841acad05d36d40f85.svg\" class=\"tex\" style=\"vertical-align:-8.3pt\" alt=\"QN= дробь: чис­ли­тель: DC, зна­ме­на­тель: 2 конец дроби = дробь: чис­ли­тель: a, зна­ме­на­тель: 2 конец дроби , \"> а <img src=\"https://ege.sdamgia.ru/formula/svg/93/93bc1a70f28dd6db6a829feecff031f8.svg\" class=\"tex\" style=\"vertical-align:-1.8pt\" alt=\" BN=CN.\"> По свой­ству ка­са­тель­ных <img src=\"https://ege.sdamgia.ru/formula/svg/2b/2b7c33f13f5a03974b616b31475ba96c.svg\" class=\"tex\" style=\"vertical-align:-8.4pt\" alt=\"NP=QN= дробь: чис­ли­тель: a, зна­ме­на­тель: 2 конец дроби \"> и <img src=\"https://ege.sdamgia.ru/formula/svg/26/26b09e1b9a1e393d81f8e9fdf7deea69.svg\" class=\"tex\" style=\"vertical-align:-3.0pt\" alt=\"CP=DC=a,\"> тогда <img src=\"https://ege.sdamgia.ru/formula/svg/90/90ed0c7e66b0386819bb7f383d0e353c.svg\" class=\"tex\" style=\"vertical-align:-8.4pt\" alt=\"BN=CN= дробь: чис­ли­тель: 3a, зна­ме­на­тель: 2 конец дроби . \"></p><p class=\"left_margin\">Из пря­мо­уголь­но­го тре­уголь­ни­ка <i>BQN</i> най­дем <i>BQ</i>:</p><p class=\"left_margin\"></p><center><p><img src=\"https://ege.sdamgia.ru/formula/svg/68/688e5c0f193080f60a70963af90d9780.svg\" class=\"tex\" style=\"vertical-align:-8.7pt\" alt=\"BQ= ко­рень из: на­ча­ло ар­гу­мен­та: BN в квад­ра­те минус QN в квад­ра­те конец ар­гу­мен­та = ко­рень из: на­ча­ло ар­гу­мен­та: дробь: чис­ли­тель: 9а в квад­ра­те , зна­ме­на­тель: 4 конец дроби минус дробь: чис­ли­тель: a в квад­ра­те , зна­ме­на­тель: 4 конец дроби конец ар­гу­мен­та = ко­рень из: на­ча­ло ар­гу­мен­та: 2 конец ар­гу­мен­та а. \"></p><p class=\"left_margin\"></p></center><p class=\"left_margin\">Про­ве­дем <i>QT</i> пер­пен­ди­ку­ляр­но <i>CB</i>. Из пря­мо­уголь­но­го тре­уголь­ни­ка <i>BQN</i> най­дем <i>QT</i>:</p><p class=\"left_margin\"></p><center><p><img src=\"https://ege.sdamgia.ru/formula/svg/e7/e7ce305519fd04bfb74f0c869b42f893.svg\" class=\"tex\" style=\"vertical-align:-13.1pt\" alt=\"QT= дробь: чис­ли­тель: BQ умно­жить на QN, зна­ме­на­тель: BN конец дроби = дробь: чис­ли­тель: ко­рень из: на­ча­ло ар­гу­мен­та: 2 конец ар­гу­мен­та a умно­жить на дробь: чис­ли­тель: a, зна­ме­на­тель: 2 конец дроби , зна­ме­на­тель: дробь: чис­ли­тель: 3a, зна­ме­на­тель: 2 конец дроби конец дроби = дробь: чис­ли­тель: ко­рень из: на­ча­ло ар­гу­мен­та: 2 конец ар­гу­мен­та a, зна­ме­на­тель: 3 конец дроби . \"></p><p class=\"left_margin\"></p></center><p class=\"left_margin\">Най­дем пло­щадь тре­уголь­ни­ка <i>BQP</i>:</p><p class=\"left_margin\"></p><center><p><img src=\"https://ege.sdamgia.ru/formula/svg/6b/6bc86abab331c433fc669ee232d69a99.svg\" class=\"tex\" style=\"vertical-align:-8.5pt\" alt=\"S_\\Delta BQP= дробь: чис­ли­тель: 1, зна­ме­на­тель: 2 конец дроби умно­жить на BP умно­жить на QT= дробь: чис­ли­тель: 1, зна­ме­на­тель: 2 конец дроби умно­жить на 2a умно­жить на дробь: чис­ли­тель: ко­рень из: на­ча­ло ар­гу­мен­та: 2 конец ар­гу­мен­та a, зна­ме­на­тель: 3 конец дроби = дробь: чис­ли­тель: a в квад­ра­те ко­рень из: на­ча­ло ар­гу­мен­та: 2 конец ар­гу­мен­та , зна­ме­на­тель: 3 конец дроби . \"></p><p class=\"left_margin\"></p></center></div>",
        "image_urls": [
            "https://ege.sdamgia.ru/formula/svg/b1/b121bd0fa077119a3cc7494911e9b77f.svg",
            "https://ege.sdamgia.ru/formula/svg/84/84319d5b7c5b353d91f8fb55bc93d774.svg",
            "https://ege.sdamgia.ru/formula/svg/ef/efd833af7aae6c10a8aa853e3d6b529e.svg",
            "https://ege.sdamgia.ru/formula/svg/22/22d901b1cd0802b0a8300adb8ee4c719.svg",
            "https://ege.sdamgia.ru/formula/svg/a1/a1347d48e3c4651018f67cb039f1ad39.svg",
            "https://ege.sdamgia.ru/formula/svg/03/034ed70e2789be7dfe772350ff00801b.svg",
            "https://ege.sdamgia.ru/formula/svg/77/775351677971894335850a21907cf123.svg",
            "https://ege.sdamgia.ru/formula/svg/ee/ee01a30b2d48238857c4e4ed6f4cd8bc.svg",
            "https://ege.sdamgia.ru/formula/svg/64/645399d02d9e926e333618d31a2995a6.svg",
            "https://ege.sdamgia.ru/formula/svg/89/89e46400ff8b83f4cd795a9091651cb8.svg",
            "https://ege.sdamgia.ru/formula/svg/17/17968d96e8d77544473d0438d1fc7854.svg",
            "https://ege.sdamgia.ru/formula/svg/82/82408081c1b3aa1de45dd5b4e5c46acd.svg",
            "https://ege.sdamgia.ru/formula/svg/19/19ab8e79996ad9841acad05d36d40f85.svg",
            "https://ege.sdamgia.ru/formula/svg/93/93bc1a70f28dd6db6a829feecff031f8.svg",
            "https://ege.sdamgia.ru/formula/svg/2b/2b7c33f13f5a03974b616b31475ba96c.svg",
            "https://ege.sdamgia.ru/formula/svg/26/26b09e1b9a1e393d81f8e9fdf7deea69.svg",
            "https://ege.sdamgia.ru/formula/svg/90/90ed0c7e66b0386819bb7f383d0e353c.svg",
            "https://ege.sdamgia.ru/formula/svg/68/688e5c0f193080f60a70963af90d9780.svg",
            "https://ege.sdamgia.ru/formula/svg/e7/e7ce305519fd04bfb74f0c869b42f893.svg",
            "https://ege.sdamgia.ru/formula/svg/6b/6bc86abab331c433fc669ee232d69a99.svg",
            "/get_file?id=148389"
        ]
    },
    "answer": "",
    "topic_id": 17,
    "analog_ids": [
        504832,
        511393
    ]
}