{
    "gia_type": "ege",
    "subject": "math",
    "id": 504853,
    "condition": {
        "text": "Дан равнобедренный треугольник ABC с основанием AC. Вписанная в него окружность с центром O касается боковой стороны BC в точке P и пересекает биссектрису угла B в точке Q.а)  Докажите, что отрезки PQ и OC параллельны.б)  Найдите площадь треугольника OBC, если точка O делит высоту BD треугольника в отношении BO : OD  =  3 : 1 и AC  =  2m.",
        "html": "<div align=\"justify\" width=\"100%\" id=\"body645865\" class=\"pbody\"><p class=\"left_margin\">Дан рав­но­бед­рен­ный тре­уголь­ник <i>ABC</i> с ос­но­ва­ни­ем <i>AC</i>. Впи­сан­ная в него окруж­ность с цен­тром <i>O</i> ка­са­ет­ся бо­ко­вой сто­ро­ны <i>BC</i> в точке <i>P</i> и пе­ре­се­ка­ет бис­сек­три­су угла <i>B</i> в точке <i>Q</i>.</p><p class=\"left_margin\">а)  До­ка­жи­те, что от­рез­ки <i>PQ</i> и <i>OC</i> па­рал­лель­ны.</p><p class=\"left_margin\">б)  Най­ди­те пло­щадь тре­уголь­ни­ка <i>OBC</i>, если точка <i>O</i> делит вы­со­ту <i>BD</i> тре­уголь­ни­ка в от­но­ше­нии <i>BO</i> : <i>OD</i>  =  3 : 1 и <i>AC</i>  =  2<i>m</i>.</p></div>",
        "image_urls": []
    },
    "solution": {
        "text": "Решение. Пусть отрезок BD  — высота данного треугольника. Тогда O ∈ BD в силу того, что ABC  — равнобедренный треугольник. Введем следующие обозначения: ∠BCO = ∠DCO  =  α, ∠COP  =  x, ∠OPQ  =  y, Прямоугольные треугольники BOP и BCD подобны, следовательно, ∠BOP  =  2α. Из прямоугольного треугольника OPC находим  а из равнобедренного треугольника OPQ находим  Углы COP и OPQ ― накрест лежащие при пересечении прямых PQ и OC секущей OP, значит, отрезки PQ и OC параллельны, что и требовалось доказать.б)  Отрезок CO ― биссектриса треугольника BCD, следовательно:Откуда BC  =  3DC  =  3m. CP  =  DC  =  m, значит, BP  =  2m и, следовательно:Откуда  По формуле Герона находим: откуда  Ответ: ",
        "html": "<div align=\"justify\" width=\"100%\" id=\"sol504853\" class=\"solution\" style=\"clear:both;\" class=\"pbody\"><p class=\"left_margin\"></p><b>Ре­ше­ние<!--rule_info-->. </b><p class=\"left_margin\"><img src=\"/get_file?id=155366\" style=\"float:right;margin:10px;max-width:100%\"></p><p class=\"left_margin\">Пусть от­ре­зок <i>BD</i>  — вы­со­та дан­но­го тре­уголь­ни­ка. Тогда <i>O</i> ∈ <i>BD</i> в силу того, что <i>ABC</i>  — рав­но­бед­рен­ный тре­уголь­ник. Вве­дем сле­ду­ю­щие обо­зна­че­ния: ∠<i>BCO</i> = ∠<i>DCO</i>  =  α, ∠<i>COP</i>  =  <i>x</i>, ∠<i>OPQ</i>  =  <i>y</i>, Пря­мо­уголь­ные тре­уголь­ни­ки <i>BOP</i> и <i>BCD</i> по­доб­ны, сле­до­ва­тель­но, ∠<i>BOP</i>  =  2α. Из пря­мо­уголь­но­го тре­уголь­ни­ка <i>OPC</i> на­хо­дим <img src=\"https://ege.sdamgia.ru/formula/svg/b1/b121bd0fa077119a3cc7494911e9b77f.svg\" class=\"tex\" style=\"vertical-align:-8.4pt\" alt=\"x= дробь: чис­ли­тель: Пи , зна­ме­на­тель: 2 конец дроби минус альфа , \"> а из рав­но­бед­рен­но­го тре­уголь­ни­ка <i>OPQ</i> на­хо­дим <img src=\"https://ege.sdamgia.ru/formula/svg/f8/f875ec996dbe9583aa82c8f0b202e0df.svg\" class=\"tex\" style=\"vertical-align:-8.4pt\" alt=\"y= дробь: чис­ли­тель: Пи минус 2 альфа , зна­ме­на­тель: 2 конец дроби = дробь: чис­ли­тель: Пи , зна­ме­на­тель: 2 конец дроби минус альфа . \"> Углы <i>COP</i> и <i>OPQ</i> ― на­крест ле­жа­щие при пе­ре­се­че­нии пря­мых <i>PQ</i> и <i>OC</i> се­ку­щей <i>OP</i>, зна­чит, от­рез­ки <i>PQ</i> и <i>OC</i> па­рал­лель­ны, что и тре­бо­ва­лось до­ка­зать.</p><p class=\"left_margin\">б)  От­ре­зок <i>CO</i> ― бис­сек­три­са тре­уголь­ни­ка <i>BCD,</i> сле­до­ва­тель­но:</p><p class=\"left_margin\"></p><center><p><img src=\"https://ege.sdamgia.ru/formula/svg/85/85e4ab5454ee6c086ac61d0942435f9b.svg\" class=\"tex\" style=\"vertical-align:-8.4pt\" alt=\" дробь: чис­ли­тель: DC, зна­ме­на­тель: BC конец дроби = дробь: чис­ли­тель: OD, зна­ме­на­тель: OB конец дроби = дробь: чис­ли­тель: 1, зна­ме­на­тель: 3 конец дроби . \"></p><p class=\"left_margin\"></p></center><p class=\"left_margin\">От­ку­да <i>BC</i>  =  3<i>DC</i>  =  3<i>m</i>. </p><p><i>CP</i>  =  <i>DC</i>  =  <i>m</i>, зна­чит, <i>BP</i>  =  2<i>m</i> и, сле­до­ва­тель­но:</p><p class=\"left_margin\"></p><center><p><img src=\"https://ege.sdamgia.ru/formula/svg/61/6188c00ae19864464b0a345e8e8e7eb2.svg\" class=\"tex\" style=\"vertical-align:-3.0pt\" alt=\"S_\\Delta BPO=2S_\\Delta CPO=2S_\\Delta CDO,\"></p><p class=\"left_margin\"></p></center><p class=\"left_margin\">От­ку­да <img src=\"https://ege.sdamgia.ru/formula/svg/62/62e9e05e051a09866986a2a0b5f4d8ea.svg\" class=\"tex\" style=\"vertical-align:-8.5pt\" alt=\"S_\\Delta OBC= дробь: чис­ли­тель: 3, зна­ме­на­тель: 4 конец дроби S_\\Delta BCD= дробь: чис­ли­тель: 3, зна­ме­на­тель: 8 конец дроби S_\\Delta ABC. \"> По фор­му­ле Ге­ро­на на­хо­дим:</p><p class=\"left_margin\"></p><center><p><img src=\"https://ege.sdamgia.ru/formula/svg/e7/e70746db4a695d8a49ef2d302257910b.svg\" class=\"tex\" style=\"vertical-align:-3.0pt\" alt=\"S_\\Delta ABC= ко­рень из: на­ча­ло ар­гу­мен­та: 4m умно­жить на 2m умно­жить на m умно­жить на m конец ар­гу­мен­та =2m в квад­ра­те ко­рень из: на­ча­ло ар­гу­мен­та: 2 конец ар­гу­мен­та ,\"> </p><p class=\"left_margin\"></p></center><p>от­ку­да <img src=\"https://ege.sdamgia.ru/formula/svg/d8/d8d7f9726461582d206e121d98b6ef38.svg\" class=\"tex\" style=\"vertical-align:-8.5pt\" alt=\"S_\\Delta OBC= дробь: чис­ли­тель: 3m в квад­ра­те ко­рень из: на­ча­ло ар­гу­мен­та: 2 конец ар­гу­мен­та , зна­ме­на­тель: 4 конец дроби . \"></p><p>&nbsp;</p><p><span style=\"letter-spacing:2px \">Ответ</span>: <img src=\"https://ege.sdamgia.ru/formula/svg/26/269060d7efed9ce003e6a8969896090a.svg\" class=\"tex\" style=\"vertical-align:-8.5pt\" alt=\" дробь: чис­ли­тель: 3m в квад­ра­те ко­рень из: на­ча­ло ар­гу­мен­та: 2 конец ар­гу­мен­та , зна­ме­на­тель: 4 конец дроби . \"></p></div>",
        "image_urls": [
            "https://ege.sdamgia.ru/formula/svg/b1/b121bd0fa077119a3cc7494911e9b77f.svg",
            "https://ege.sdamgia.ru/formula/svg/f8/f875ec996dbe9583aa82c8f0b202e0df.svg",
            "https://ege.sdamgia.ru/formula/svg/85/85e4ab5454ee6c086ac61d0942435f9b.svg",
            "https://ege.sdamgia.ru/formula/svg/61/6188c00ae19864464b0a345e8e8e7eb2.svg",
            "https://ege.sdamgia.ru/formula/svg/62/62e9e05e051a09866986a2a0b5f4d8ea.svg",
            "https://ege.sdamgia.ru/formula/svg/e7/e70746db4a695d8a49ef2d302257910b.svg",
            "https://ege.sdamgia.ru/formula/svg/d8/d8d7f9726461582d206e121d98b6ef38.svg",
            "https://ege.sdamgia.ru/formula/svg/26/269060d7efed9ce003e6a8969896090a.svg",
            "/get_file?id=155366"
        ]
    },
    "answer": "",
    "topic_id": 17,
    "analog_ids": [
        504853,
        511395
    ]
}