{
    "gia_type": "ege",
    "subject": "math",
    "id": 513349,
    "condition": {
        "text": "Первая окружность с центром O, вписанная в равнобедренный треугольник KLM, касается боковой стороны KL в точке B, а основания ML  — в точке A. Вторая окружность с центром O1 касается основания ML и продолжений боковых сторон.а)  Докажите, что треугольник OLO1 прямоугольный.б)  Найдите радиус второй окружности, если известно, что радиус первой равен 6 и AK  =  16.",
        "html": "<div align=\"justify\" width=\"100%\" id=\"body637881\" class=\"pbody\"><p class=\"left_margin\">Пер­вая окруж­ность с цен­тром <i>O</i>, впи­сан­ная в рав­но­бед­рен­ный тре­уголь­ник <i>KLM</i>, ка­са­ет­ся бо­ко­вой сто­ро­ны <i>KL</i> в точке <i>B</i>, а ос­но­ва­ния <i>ML</i>  — в точке A. Вто­рая окруж­ность с цен­тром <i>O</i><sub>1</sub> ка­са­ет­ся ос­но­ва­ния <i>ML</i> и про­дол­же­ний бо­ко­вых сто­рон.</p><p class=\"left_margin\">а)  До­ка­жи­те, что тре­уголь­ник <i>OLO</i><sub>1</sub> пря­мо­уголь­ный.</p><p class=\"left_margin\">б)  Най­ди­те ра­ди­ус вто­рой окруж­но­сти, если из­вест­но, что ра­ди­ус пер­вой равен 6 и <i>AK</i>  =  16.</p></div>",
        "image_urls": []
    },
    "solution": {
        "text": "Решение. а)  Пусть окружность с центром O1 касается продолжения боковой стороны KL в точке C. Центр окружности, вписанной в угол, лежит на его биссектрисе, поэтому LO и LO1  — биссектрисы смежных углов KLM и CLM. Следовательно, ∠OLO1  =  90°.б)  Прямоугольные треугольники KBO и KAL подобны, поэтомуЗначит,Пусть радиус окружности с центром O1 равен r1. Треугольник KLMравнобедренный, поэтому окружности с центрами O и O1 касаются основания ML в одной и той же точке A. Значит, точка A лежит на отрезке OO1, причём LA  — высота прямоугольного треугольника OLO1, проведённая из вершины прямого угла. Следовательно,Ответ: б) 24.",
        "html": "<div align=\"justify\" width=\"100%\" id=\"sol513349\" class=\"solution\" style=\"clear:both;\" class=\"pbody\"><p class=\"left_margin\"></p><b>Ре­ше­ние<!--rule_info-->. </b><p class=\"left_margin\"><img src=\"/get_file?id=148391\" style=\"float:right;margin:10px;max-width:100%\">а)  Пусть окруж­ность с цен­тром <i>O</i><sub>1</sub> ка­са­ет­ся про­дол­же­ния бо­ко­вой сто­ро­ны <i>KL</i> в точке <i>C</i>. Центр окруж­но­сти, впи­сан­ной в угол, лежит на его бис­сек­три­се, по­это­му <i>LO</i> и <i>LO</i><sub>1</sub>  — бис­сек­три­сы смеж­ных углов <i>KLM</i> и <i>CLM</i>. Сле­до­ва­тель­но, ∠<i>OLO</i><sub>1</sub>  =  90°.</p><p class=\"left_margin\">б)  Пря­мо­уголь­ные тре­уголь­ни­ки <i>KBO</i> и <i>KAL</i> по­доб­ны, по­это­му</p><p class=\"left_margin\"></p><center><p><img src=\"https://ege.sdamgia.ru/formula/svg/49/49d4e3434005528e7e488022c5e1b71d.svg\" class=\"tex\" style=\"vertical-align:-8.4pt\" alt=\" дробь: чис­ли­тель: AL, зна­ме­на­тель: OB конец дроби = дробь: чис­ли­тель: AK, зна­ме­на­тель: KB конец дроби . \"></p><p class=\"left_margin\"></p></center><p class=\"left_margin\">Зна­чит,</p><p class=\"left_margin\"></p><center><p><img src=\"https://ege.sdamgia.ru/formula/svg/41/4128f30a5eb57aff019b40e2380c0ae4.svg\" class=\"tex\" style=\"vertical-align:-10.9pt\" alt=\"AL= дробь: чис­ли­тель: AK умно­жить на OB, зна­ме­на­тель: KB конец дроби = дробь: чис­ли­тель: AK умно­жить на OB, зна­ме­на­тель: ко­рень из: на­ча­ло ар­гу­мен­та: OK в квад­ра­те минус OB в квад­ра­те конец ар­гу­мен­та конец дроби = дробь: чис­ли­тель: 16 умно­жить на 6, зна­ме­на­тель: ко­рень из: на­ча­ло ар­гу­мен­та: 10 в квад­ра­те минус 6 в квад­ра­те конец ар­гу­мен­та конец дроби = дробь: чис­ли­тель: 16 умно­жить на 6, зна­ме­на­тель: 8 конец дроби =12. \"></p><p class=\"left_margin\"></p></center><p class=\"left_margin\">Пусть ра­ди­ус окруж­но­сти с цен­тром <i>O</i><sub>1</sub> равен <i>r</i><sub>1</sub>. Тре­уголь­ник <i>KLM</i></p><p>рав­но­бед­рен­ный, по­это­му окруж­но­сти с цен­тра­ми <i>O</i> и <i>O</i><sub>1</sub> ка­са­ют­ся ос­но­ва­ния <i>ML</i> в одной и той же точке <i>A</i>. Зна­чит, точка <i>A</i> лежит на от­рез­ке <i>OO</i><sub>1</sub>, причём <i>LA</i>  — вы­со­та пря­мо­уголь­но­го тре­уголь­ни­ка <i>OLO</i><sub>1</sub>, про­ведённая из вер­ши­ны пря­мо­го угла. Сле­до­ва­тель­но,</p><p class=\"left_margin\"></p><center><p><img src=\"https://ege.sdamgia.ru/formula/svg/ad/ad283546d98ed2af44c3408eb29b1f86.svg\" class=\"tex\" style=\"vertical-align:-8.5pt\" alt=\"r_1=O_1A= дробь: чис­ли­тель: AL в квад­ра­те , зна­ме­на­тель: OA конец дроби = дробь: чис­ли­тель: 12 в квад­ра­те , зна­ме­на­тель: 6 конец дроби =24. \"></p><p class=\"left_margin\"></p></center><span style=\"letter-spacing: 2px;\">Ответ:</span> б) 24.</div>",
        "image_urls": [
            "https://ege.sdamgia.ru/formula/svg/49/49d4e3434005528e7e488022c5e1b71d.svg",
            "https://ege.sdamgia.ru/formula/svg/41/4128f30a5eb57aff019b40e2380c0ae4.svg",
            "https://ege.sdamgia.ru/formula/svg/ad/ad283546d98ed2af44c3408eb29b1f86.svg",
            "/get_file?id=148391"
        ]
    },
    "answer": "б) 24.",
    "topic_id": 17,
    "analog_ids": [
        513349,
        513368
    ]
}