{
    "gia_type": "ege",
    "subject": "math",
    "id": 518914,
    "condition": {
        "text": "Окружность с центром O, вписанная в треугольник ABC, касается его сторон BC, AB и AC в точках K, L и M соответственно. Прямая KM вторично пересекает в точке P окружность радиуса AM с центром A.а)  Докажите, что прямая AP параллельна прямой BC.б)  Пусть    Q  — точка пересечения прямых KM и AB, а T  — такая точка на отрезке PQ, что  Найдите QT .",
        "html": "<div align=\"justify\" width=\"100%\" id=\"body624126\" class=\"pbody\"><p class=\"left_margin\">Окруж­ность с цен­тром <i>O</i>, впи­сан­ная в тре­уголь­ник <i>ABC</i>, ка­са­ет­ся его сто­рон <i>BC</i>, <i>AB</i> и <i>AC</i> в точ­ках <i>K</i>, <i>L</i> и <i>M</i> со­от­вет­ствен­но. Пря­мая <i>KM</i> вто­рич­но пе­ре­се­ка­ет в точке <i>P</i> окруж­ность ра­ди­у­са <i>AM</i> с цен­тром <i>A</i>.</p><p class=\"left_margin\">а)  До­ка­жи­те, что пря­мая <i>AP</i> па­рал­лель­на пря­мой <i>BC</i>.</p><p class=\"left_margin\">б)  Пусть <img src=\"https://ege.sdamgia.ru/formula/svg/f0/f0011a84fad365c4bad928e7b1405547.svg\" class=\"tex\" style=\"vertical-align:-3.0pt\" alt=\"\\angleABC = 90 гра­ду­сов,\"> <img src=\"https://ege.sdamgia.ru/formula/svg/ca/cae2fa408a80b2c98fbb6e89c54a085c.svg\" class=\"tex\" style=\"vertical-align:-3.0pt\" alt=\"AM = 3,\"> <img src=\"https://ege.sdamgia.ru/formula/svg/3c/3ceeeb6b0d4e10208d93924821cf1d0e.svg\" class=\"tex\" style=\"vertical-align:-3.0pt\" alt=\"CM = 2,\"> <i>Q</i>  — точка пе­ре­се­че­ния пря­мых <i>KM</i> и <i>AB</i>, а <i>T</i>  — такая точка на от­рез­ке <i>PQ</i>, что <img src=\"https://ege.sdamgia.ru/formula/svg/2d/2d18ec44e8b984b194783bc58fb3d2a4.svg\" class=\"tex\" style=\"vertical-align:-1.8pt\" alt=\"\\angleOAT = 45 гра­ду­сов.\"> Най­ди­те <i>QT</i> .</p></div>",
        "image_urls": [
            "https://ege.sdamgia.ru/formula/svg/f0/f0011a84fad365c4bad928e7b1405547.svg",
            "https://ege.sdamgia.ru/formula/svg/ca/cae2fa408a80b2c98fbb6e89c54a085c.svg",
            "https://ege.sdamgia.ru/formula/svg/3c/3ceeeb6b0d4e10208d93924821cf1d0e.svg",
            "https://ege.sdamgia.ru/formula/svg/2d/2d18ec44e8b984b194783bc58fb3d2a4.svg"
        ]
    },
    "solution": {
        "text": "Решение. а)  Поскольку  и  треугольники MCK и PAM равнобедренные, причём   — углы при их основаниях MK и  Значит,  Следовательно, прямая AP параллельна прямой б)  Обозначим  Тогда    По теореме Пифагора  или  откуда  Значит,  Поскольку  и  четырёхугольник ABCP  — прямоугольник, значит,  Треугольник AMQ подобен треугольнику CMP с коэффициентом  поэтому  По теореме Пифагора Обозначим  Тогда   поэтому AT  — биссектриса, а значит, и высота равнобедренного треугольника Таким образом, AT  — высота прямоугольного треугольника PAQ, проведённая из вершины прямого угла, следовательно,  Ответ: ",
        "html": "<div align=\"justify\" width=\"100%\" id=\"sol518914\" class=\"solution\" style=\"clear:both;\" class=\"pbody\"><p class=\"left_margin\"></p><b>Ре­ше­ние<!--rule_info-->. </b><p class=\"left_margin\"><img src=\"/get_file?id=148593\" style=\"float:right;margin:10px;max-width:100%\"></p><p class=\"left_margin\">а)  По­сколь­ку <img src=\"https://ege.sdamgia.ru/formula/svg/98/980ddc101c1ab5f5800c6e4414e7d107.svg\" class=\"tex\" style=\"vertical-align:-1.8pt\" alt=\"CK=CM\"> и <img src=\"https://ege.sdamgia.ru/formula/svg/2a/2a5889744f890a5ae16d26a7faee9a58.svg\" class=\"tex\" style=\"vertical-align:-3.0pt\" alt=\"AP=AM,\"> тре­уголь­ни­ки <i>MCK</i> и <i>PAM</i> рав­но­бед­рен­ные, причём <img src=\"https://ege.sdamgia.ru/formula/svg/6c/6ceacf761b5aae5eee0f34656cd97775.svg\" class=\"tex\" style=\"vertical-align:-1.8pt\" alt=\"\\angle CMK=\\angle AMP\">  — углы при их ос­но­ва­ни­ях <i>MK</i> и <img src=\"https://ege.sdamgia.ru/formula/svg/03/03aafd7855819e19ac2bd7b2943911c7.svg\" class=\"tex\" style=\"vertical-align:-1.8pt\" alt=\"MP.\"> Зна­чит, <img src=\"https://ege.sdamgia.ru/formula/svg/5e/5e3a1c1e9cd68eb28e448010dc69b81e.svg\" class=\"tex\" style=\"vertical-align:-1.8pt\" alt=\"\\angle MKC=\\angle MPA.\"> Сле­до­ва­тель­но, пря­мая <i>AP</i> па­рал­лель­на пря­мой <img src=\"https://ege.sdamgia.ru/formula/svg/90/90b425c2898f0ee7d2629aad1e09646f.svg\" class=\"tex\" style=\"vertical-align:-1.8pt\" alt=\"BC.\"></p><p class=\"left_margin\">б)  Обо­зна­чим <img src=\"https://ege.sdamgia.ru/formula/svg/c7/c777a2d9e21b3f61bf6ac630c57bbc20.svg\" class=\"tex\" style=\"vertical-align:-1.8pt\" alt=\"BK=BL=x.\"> Тогда <img src=\"https://ege.sdamgia.ru/formula/svg/4c/4cb64fa6a741d06750950fe8f764b68b.svg\" class=\"tex\" style=\"vertical-align:-3.0pt\" alt=\"CK=CM=2,\"> <img src=\"https://ege.sdamgia.ru/formula/svg/e0/e05bf3793c57386dea6ca90e53e8f2d2.svg\" class=\"tex\" style=\"vertical-align:-3.0pt\" alt=\"AL=AM=3,\"> <img src=\"https://ege.sdamgia.ru/formula/svg/bf/bfb7539cbb945dc74850e8a2e923b97a.svg\" class=\"tex\" style=\"vertical-align:-3.0pt\" alt=\"BC=2 плюс x,\"> <img src=\"https://ege.sdamgia.ru/formula/svg/01/01a4d8f566df9944c904ed2194900cfe.svg\" class=\"tex\" style=\"vertical-align:-1.8pt\" alt=\"AB=3 плюс x.\"></p><p class=\"left_margin\">По тео­ре­ме Пи­фа­го­ра <img src=\"https://ege.sdamgia.ru/formula/svg/0b/0b6a10cd2e5a853027953a1d76995fe5.svg\" class=\"tex\" style=\"vertical-align:-3.0pt\" alt=\"AC в квад­ра­те =BC в квад­ра­те плюс AB в квад­ра­те ,\"> или <img src=\"https://ege.sdamgia.ru/formula/svg/bc/bcc0ec5f4a13e7179c932743ee8fa22e.svg\" class=\"tex\" style=\"vertical-align:-3.6pt\" alt=\"25= левая круг­лая скоб­ка 2 плюс x пра­вая круг­лая скоб­ка в квад­ра­те плюс левая круг­лая скоб­ка 3 плюс x пра­вая круг­лая скоб­ка в квад­ра­те ,\"> от­ку­да <img src=\"https://ege.sdamgia.ru/formula/svg/e4/e4a8c40487338b4f5a4a879f405da4c1.svg\" class=\"tex\" style=\"vertical-align:-1.8pt\" alt=\"x=1.\"> Зна­чит, <img src=\"https://ege.sdamgia.ru/formula/svg/8f/8f4208c24109cc9069b071bed5c9b035.svg\" class=\"tex\" style=\"vertical-align:-3.0pt\" alt=\"BC=3,\"> <img src=\"https://ege.sdamgia.ru/formula/svg/9f/9f7413115b8b470629f7ab8c4151dab3.svg\" class=\"tex\" style=\"vertical-align:-1.8pt\" alt=\"AB=4.\"></p><p class=\"left_margin\">По­сколь­ку <img src=\"https://ege.sdamgia.ru/formula/svg/f2/f20bb75956b1e9c96abc64ede926a6f0.svg\" class=\"tex\" style=\"vertical-align:-1.8pt\" alt=\"BC=AP=3\"> и <img src=\"https://ege.sdamgia.ru/formula/svg/d8/d8a128b306cc4056dfc87784e63a2a46.svg\" class=\"tex\" style=\"vertical-align:-3.6pt\" alt=\"BC\\parallel AP,\"> четырёхуголь­ник <i>ABCP</i>  — пря­мо­уголь­ник, зна­чит, <img src=\"https://ege.sdamgia.ru/formula/svg/e8/e8a89063c8a80dd6abbd6acb756f8e65.svg\" class=\"tex\" style=\"vertical-align:-1.8pt\" alt=\"CP=AB=4.\"> Тре­уголь­ник <i>AMQ</i> по­до­бен тре­уголь­ни­ку <i>CMP</i> с ко­эф­фи­ци­ен­том <img src=\"https://ege.sdamgia.ru/formula/svg/1f/1f9397895dfff0e0c5291712a8e5e87c.svg\" class=\"tex\" style=\"vertical-align:-8.4pt\" alt=\" дробь: чис­ли­тель: AM, зна­ме­на­тель: MC конец дроби = дробь: чис­ли­тель: 3, зна­ме­на­тель: 2 конец дроби , \"> по­это­му <img src=\"https://ege.sdamgia.ru/formula/svg/03/03961a6de74f43bbd7ada0361d103b92.svg\" class=\"tex\" style=\"vertical-align:-8.4pt\" alt=\"AQ= дробь: чис­ли­тель: 3, зна­ме­на­тель: 2 конец дроби CP= дробь: чис­ли­тель: 3, зна­ме­на­тель: 2 конец дроби умно­жить на 4=6. \"></p><p>&nbsp;</p><p class=\"left_margin\">По тео­ре­ме Пи­фа­го­ра <img src=\"https://ege.sdamgia.ru/formula/svg/cf/cfc5015ea016d6ff5095108d0aaacd45.svg\" class=\"tex\" style=\"vertical-align:-3.1pt\" alt=\"PQ= ко­рень из: на­ча­ло ар­гу­мен­та: AP в квад­ра­те плюс AQ в квад­ра­те конец ар­гу­мен­та = ко­рень из: на­ча­ло ар­гу­мен­та: 9 плюс 36 конец ар­гу­мен­та =3 ко­рень из: на­ча­ло ар­гу­мен­та: 5 конец ар­гу­мен­та .\"></p><p class=\"left_margin\">Обо­зна­чим <img src=\"https://ege.sdamgia.ru/formula/svg/4c/4c7e037fd99110252e3e60d11819c628.svg\" class=\"tex\" style=\"vertical-align:-1.8pt\" alt=\"\\angle BAC= альфа .\"> Тогда <img src=\"https://ege.sdamgia.ru/formula/svg/97/9704f5ca4890c08fce7bc17784a9722d.svg\" class=\"tex\" style=\"vertical-align:-8.4pt\" alt=\"\\angle MAO= дробь: чис­ли­тель: альфа , зна­ме­на­тель: 2 конец дроби , \"> <img src=\"https://ege.sdamgia.ru/formula/svg/b6/b60c2fd4264d75172491787d8a8de39a.svg\" class=\"tex\" style=\"vertical-align:-8.4pt\" alt=\"\\angle MAT=45 гра­ду­сов минус дробь: чис­ли­тель: альфа , зна­ме­на­тель: 2 конец дроби , \"> <img src=\"https://ege.sdamgia.ru/formula/svg/58/585795db8a778f54a105dd59b456f81f.svg\" class=\"tex\" style=\"vertical-align:-8.3pt\" alt=\"\\angle PAT=90 гра­ду­сов минус \\angle QAT=90 гра­ду­сов минус левая круг­лая скоб­ка 45 гра­ду­сов плюс дробь: чис­ли­тель: альфа , зна­ме­на­тель: 2 конец дроби пра­вая круг­лая скоб­ка =45 гра­ду­сов минус дробь: чис­ли­тель: альфа , зна­ме­на­тель: 2 конец дроби , \"></p><p>по­это­му <i>AT</i>  — бис­сек­три­са, а зна­чит, и вы­со­та рав­но­бед­рен­но­го тре­уголь­ни­ка <img src=\"https://ege.sdamgia.ru/formula/svg/7b/7b87752a3a99009889d310980106dc44.svg\" class=\"tex\" style=\"vertical-align:-1.8pt\" alt=\"MAP.\"></p><p class=\"left_margin\">Таким об­ра­зом, <i>AT</i>  — вы­со­та пря­мо­уголь­но­го тре­уголь­ни­ка <i>PAQ</i>, про­ведённая из вер­ши­ны пря­мо­го угла, сле­до­ва­тель­но, <img src=\"https://ege.sdamgia.ru/formula/svg/68/68efd39f62d46b002f955002f18d6a6a.svg\" class=\"tex\" style=\"vertical-align:-11.0pt\" alt=\"QT= дробь: чис­ли­тель: AQ в квад­ра­те , зна­ме­на­тель: PQ конец дроби = дробь: чис­ли­тель: 36, зна­ме­на­тель: 3 ко­рень из: на­ча­ло ар­гу­мен­та: 5 конец ар­гу­мен­та конец дроби = дробь: чис­ли­тель: 12, зна­ме­на­тель: ко­рень из: на­ча­ло ар­гу­мен­та: 5 конец ар­гу­мен­та конец дроби . \"></p><p>&nbsp;</p><p><span style=\"letter-spacing: 2px;\">Ответ:</span> <img src=\"https://ege.sdamgia.ru/formula/svg/51/51ff5ce095bc4e4df271a449d11d9e28.svg\" class=\"tex\" style=\"vertical-align:-11.0pt\" alt=\" дробь: чис­ли­тель: 12, зна­ме­на­тель: ко­рень из: на­ча­ло ар­гу­мен­та: 5 конец ар­гу­мен­та конец дроби . \"></p></div>",
        "image_urls": [
            "https://ege.sdamgia.ru/formula/svg/98/980ddc101c1ab5f5800c6e4414e7d107.svg",
            "https://ege.sdamgia.ru/formula/svg/2a/2a5889744f890a5ae16d26a7faee9a58.svg",
            "https://ege.sdamgia.ru/formula/svg/6c/6ceacf761b5aae5eee0f34656cd97775.svg",
            "https://ege.sdamgia.ru/formula/svg/03/03aafd7855819e19ac2bd7b2943911c7.svg",
            "https://ege.sdamgia.ru/formula/svg/5e/5e3a1c1e9cd68eb28e448010dc69b81e.svg",
            "https://ege.sdamgia.ru/formula/svg/90/90b425c2898f0ee7d2629aad1e09646f.svg",
            "https://ege.sdamgia.ru/formula/svg/c7/c777a2d9e21b3f61bf6ac630c57bbc20.svg",
            "https://ege.sdamgia.ru/formula/svg/4c/4cb64fa6a741d06750950fe8f764b68b.svg",
            "https://ege.sdamgia.ru/formula/svg/e0/e05bf3793c57386dea6ca90e53e8f2d2.svg",
            "https://ege.sdamgia.ru/formula/svg/bf/bfb7539cbb945dc74850e8a2e923b97a.svg",
            "https://ege.sdamgia.ru/formula/svg/01/01a4d8f566df9944c904ed2194900cfe.svg",
            "https://ege.sdamgia.ru/formula/svg/0b/0b6a10cd2e5a853027953a1d76995fe5.svg",
            "https://ege.sdamgia.ru/formula/svg/bc/bcc0ec5f4a13e7179c932743ee8fa22e.svg",
            "https://ege.sdamgia.ru/formula/svg/e4/e4a8c40487338b4f5a4a879f405da4c1.svg",
            "https://ege.sdamgia.ru/formula/svg/8f/8f4208c24109cc9069b071bed5c9b035.svg",
            "https://ege.sdamgia.ru/formula/svg/9f/9f7413115b8b470629f7ab8c4151dab3.svg",
            "https://ege.sdamgia.ru/formula/svg/f2/f20bb75956b1e9c96abc64ede926a6f0.svg",
            "https://ege.sdamgia.ru/formula/svg/d8/d8a128b306cc4056dfc87784e63a2a46.svg",
            "https://ege.sdamgia.ru/formula/svg/e8/e8a89063c8a80dd6abbd6acb756f8e65.svg",
            "https://ege.sdamgia.ru/formula/svg/1f/1f9397895dfff0e0c5291712a8e5e87c.svg",
            "https://ege.sdamgia.ru/formula/svg/03/03961a6de74f43bbd7ada0361d103b92.svg",
            "https://ege.sdamgia.ru/formula/svg/cf/cfc5015ea016d6ff5095108d0aaacd45.svg",
            "https://ege.sdamgia.ru/formula/svg/4c/4c7e037fd99110252e3e60d11819c628.svg",
            "https://ege.sdamgia.ru/formula/svg/97/9704f5ca4890c08fce7bc17784a9722d.svg",
            "https://ege.sdamgia.ru/formula/svg/b6/b60c2fd4264d75172491787d8a8de39a.svg",
            "https://ege.sdamgia.ru/formula/svg/58/585795db8a778f54a105dd59b456f81f.svg",
            "https://ege.sdamgia.ru/formula/svg/7b/7b87752a3a99009889d310980106dc44.svg",
            "https://ege.sdamgia.ru/formula/svg/68/68efd39f62d46b002f955002f18d6a6a.svg",
            "https://ege.sdamgia.ru/formula/svg/51/51ff5ce095bc4e4df271a449d11d9e28.svg",
            "/get_file?id=148593"
        ]
    },
    "answer": "",
    "topic_id": 17,
    "analog_ids": [
        518914,
        518961
    ]
}