{
    "gia_type": "ege",
    "subject": "math",
    "id": 519517,
    "condition": {
        "text": "Угол BAC треугольника ABC равен  Сторона BC является хордой такой окружности с центром O и радиусом R, которая проходит через центр окружности, вписанной в треугольник ABC.а)  Докажите, что около четырёхугольника ABOC можно описать окружность.б)  Известно, что в четырёхугольник ABOC можно вписать окружность. Найдите радиус r  этой окружности, если R  =  6, ",
        "html": "<div align=\"justify\" width=\"100%\" id=\"body623521\" class=\"pbody\"><p class=\"left_margin\">Угол <i>BAC </i>тре­уголь­ни­ка <i>ABC </i>равен <img src=\"https://ege.sdamgia.ru/formula/svg/47/4732a703569514c5db685bc796a7ebaf.svg\" class=\"tex\" style=\"vertical-align:-1.8pt\" alt=\" альфа .\"> Сто­ро­на <i>BC </i>яв­ля­ет­ся хор­дой такой окруж­но­сти с цен­тром <i>O </i>и ра­ди­у­сом <i>R</i>, ко­то­рая про­хо­дит через центр окруж­но­сти, впи­сан­ной в тре­уголь­ник <i>ABC</i>.</p><p class=\"left_margin\">а)  До­ка­жи­те, что около четырёхуголь­ни­ка <i>ABOC </i>можно опи­сать окруж­ность.</p><p class=\"left_margin\">б)  Из­вест­но, что в четырёхуголь­ник <i>ABOC </i>можно впи­сать окруж­ность. Най­ди­те ра­ди­ус <i>r </i> этой окруж­но­сти, если <i>R</i>  =  6, <img src=\"https://ege.sdamgia.ru/formula/svg/46/4626dcca1b9c9e0ea2d378aca837fdf8.svg\" class=\"tex\" style=\"vertical-align:-1.8pt\" alt=\" альфа =60 гра­ду­сов.\"></p></div>",
        "image_urls": [
            "https://ege.sdamgia.ru/formula/svg/47/4732a703569514c5db685bc796a7ebaf.svg",
            "https://ege.sdamgia.ru/formula/svg/46/4626dcca1b9c9e0ea2d378aca837fdf8.svg"
        ]
    },
    "solution": {
        "text": "Решение.  а)  Пусть точка Q ― центр окружности, вписанной в треугольник ABC  (см. рис.). Тогда  и  Получаем, что Углы BCQ и CBQ вписаны в окружность O(R), поэтому  Значит,  и  Следовательно, около четырёхугольника ABOC можно описать окружность, что и требовалось доказать.б)  В четырёхугольник ABOC можно вписать окружность, следовательно,  откуда AC = AB. Таким образом, треугольник ABC ― правильный треугольник со стороной  Далее находим:  Учитывая, что  окончательно получаем  Ответ: ",
        "html": "<div align=\"justify\" width=\"100%\" id=\"sol519517\" class=\"solution\" style=\"clear:both;\" class=\"pbody\"><p class=\"left_margin\"></p><b>Ре­ше­ние<!--rule_info-->. </b><p class=\"left_margin\"><img src=\"/get_file?id=148613\" style=\"float:right;margin:10px;max-width:100%\"> а)  Пусть точка <i>Q </i>― центр окруж­но­сти, впи­сан­ной в тре­уголь­ник <i>ABC </i> (см. рис.). Тогда <img src=\"https://ege.sdamgia.ru/formula/svg/99/991dff9a431800010e41c32cab2d02e2.svg\" class=\"tex\" style=\"vertical-align:-2.9pt\" alt=\"\\angle ACQ=\\angle BCQ\"> и <img src=\"https://ege.sdamgia.ru/formula/svg/a2/a23cdf860548c28eee95c118c87f08de.svg\" class=\"tex\" style=\"vertical-align:-2.9pt\" alt=\"\\angle ABQ=\\angle CBQ.\"> По­лу­ча­ем, что </p><p class=\"left_margin\"></p><center><p><img src=\"https://ege.sdamgia.ru/formula/svg/87/8701db6d5f5971f55be7606682df58f3.svg\" class=\"tex\" style=\"vertical-align:-8.3pt\" alt=\"\\angle BCQ плюс \\angle CBQ= дробь: чис­ли­тель: \\angle ACB плюс \\angle ABC, зна­ме­на­тель: 2 конец дроби = дробь: чис­ли­тель: Пи минус альфа , зна­ме­на­тель: 2 конец дроби . \"></p><p class=\"left_margin\"></p></center><p class=\"left_margin\">Углы <i>BCQ </i>и <i>CBQ </i>впи­са­ны в окруж­ность <i>O(R)</i>, по­это­му <img src=\"https://ege.sdamgia.ru/formula/svg/35/352997bfa27e8e544c400f17d2b5b925.svg\" class=\"tex\" style=\"vertical-align:-2.9pt\" alt=\"\\overset\\frownBQC=\\overset\\frownCQ плюс \\overset\\frownBQ= Пи минус альфа .\"> Зна­чит, <img src=\"https://ege.sdamgia.ru/formula/svg/3e/3ebb95ebc01332a8b0c2ab276f169396.svg\" class=\"tex\" style=\"vertical-align:-1.8pt\" alt=\"\\angle BOC= Пи минус альфа \"> и <img src=\"https://ege.sdamgia.ru/formula/svg/c0/c0d8f7ec9443df9a3411aca9b32d919d.svg\" class=\"tex\" style=\"vertical-align:-1.8pt\" alt=\"\\angle BAC плюс \\angle COB= Пи .\"> Сле­до­ва­тель­но, около четырёхуголь­ни­ка <i>ABOC </i>можно опи­сать окруж­ность, что и тре­бо­ва­лось до­ка­зать.</p><p class=\"left_margin\">б)  В четырёхуголь­ник <i>ABOC </i>можно впи­сать окруж­ность, сле­до­ва­тель­но, <img src=\"https://ege.sdamgia.ru/formula/svg/ae/ae7c1b1eb2cceba1579d8bdd8b018d6e.svg\" class=\"tex\" style=\"vertical-align:-3.0pt\" alt=\"AC плюс OB=AB плюс OC,\"> от­ку­да <i>AC = AB</i>. Таким об­ра­зом, тре­уголь­ник <i>ABC</i> ― пра­виль­ный тре­уголь­ник со сто­ро­ной <img src=\"https://ege.sdamgia.ru/formula/svg/5f/5f1fbba771106f446d0c85f33f58c2bd.svg\" class=\"tex\" style=\"vertical-align:-1.8pt\" alt=\"BC=OB ко­рень из: на­ча­ло ар­гу­мен­та: 3 конец ар­гу­мен­та =R ко­рень из: на­ча­ло ар­гу­мен­та: 3 конец ар­гу­мен­та .\"> Далее на­хо­дим:</p><p class=\"left_margin\"></p><center><p><img src=\"https://ege.sdamgia.ru/formula/svg/84/84888a4777b6d637a342068ad77ba36e.svg\" class=\"tex\" style=\"vertical-align:-8.5pt\" alt=\"S_ABOC=S_ABC плюс S_BOC= дробь: чис­ли­тель: левая круг­лая скоб­ка R ко­рень из: на­ча­ло ар­гу­мен­та: 3 конец ар­гу­мен­та пра­вая круг­лая скоб­ка в квад­ра­те ко­рень из: на­ча­ло ар­гу­мен­та: 3 конец ар­гу­мен­та , зна­ме­на­тель: 4 конец дроби плюс дробь: чис­ли­тель: R в квад­ра­те ко­рень из: на­ча­ло ар­гу­мен­та: 3 конец ар­гу­мен­та , зна­ме­на­тель: 4 конец дроби =R в квад­ра­те ко­рень из: на­ча­ло ар­гу­мен­та: 3 конец ар­гу­мен­та , \"></p><p><img src=\"https://ege.sdamgia.ru/formula/svg/97/9774617a85bb424aecbd6de0ced2eeb7.svg\" class=\"tex\" style=\"vertical-align:-3.7pt\" alt=\"p_ABOC=R левая круг­лая скоб­ка ко­рень из: на­ча­ло ар­гу­мен­та: 3 конец ар­гу­мен­та плюс 1 пра­вая круг­лая скоб­ка ,\"></p><p><img src=\"https://ege.sdamgia.ru/formula/svg/da/dab21400b9a1e17aefed06c37c836518.svg\" class=\"tex\" style=\"vertical-align:-12.4pt\" alt=\"r= дробь: чис­ли­тель: S, зна­ме­на­тель: p конец дроби = дробь: чис­ли­тель: R в квад­ра­те ко­рень из: на­ча­ло ар­гу­мен­та: 3 конец ар­гу­мен­та , зна­ме­на­тель: R левая круг­лая скоб­ка ко­рень из: на­ча­ло ар­гу­мен­та: 3 конец ар­гу­мен­та плюс 1 пра­вая круг­лая скоб­ка конец дроби = дробь: чис­ли­тель: R левая круг­лая скоб­ка 3 минус ко­рень из: на­ча­ло ар­гу­мен­та: 3 конец ар­гу­мен­та пра­вая круг­лая скоб­ка , зна­ме­на­тель: 2 конец дроби . \"></p><p class=\"left_margin\"></p></center> <p> Учи­ты­вая, что <img src=\"https://ege.sdamgia.ru/formula/svg/7d/7da68ce98d1cab77fc4ae8ea7b96cc13.svg\" class=\"tex\" style=\"vertical-align:-3.0pt\" alt=\"R=6,\"> окон­ча­тель­но по­лу­ча­ем <img src=\"https://ege.sdamgia.ru/formula/svg/d7/d7d6d1f3ad832e89d2f66e031d69a3ac.svg\" class=\"tex\" style=\"vertical-align:-3.7pt\" alt=\"r=3 левая круг­лая скоб­ка 3 минус ко­рень из: на­ча­ло ар­гу­мен­та: 3 конец ар­гу­мен­та пра­вая круг­лая скоб­ка .\"></p><p>&nbsp;</p><p><span style=\"letter-spacing: 2px;\">Ответ:</span> <img src=\"https://ege.sdamgia.ru/formula/svg/7d/7d830e234559302d375d7f57b449bd6c.svg\" class=\"tex\" style=\"vertical-align:-3.7pt\" alt=\"3 левая круг­лая скоб­ка 3 минус ко­рень из: на­ча­ло ар­гу­мен­та: 3 конец ар­гу­мен­та пра­вая круг­лая скоб­ка .\"></p></div>",
        "image_urls": [
            "https://ege.sdamgia.ru/formula/svg/99/991dff9a431800010e41c32cab2d02e2.svg",
            "https://ege.sdamgia.ru/formula/svg/a2/a23cdf860548c28eee95c118c87f08de.svg",
            "https://ege.sdamgia.ru/formula/svg/87/8701db6d5f5971f55be7606682df58f3.svg",
            "https://ege.sdamgia.ru/formula/svg/35/352997bfa27e8e544c400f17d2b5b925.svg",
            "https://ege.sdamgia.ru/formula/svg/3e/3ebb95ebc01332a8b0c2ab276f169396.svg",
            "https://ege.sdamgia.ru/formula/svg/c0/c0d8f7ec9443df9a3411aca9b32d919d.svg",
            "https://ege.sdamgia.ru/formula/svg/ae/ae7c1b1eb2cceba1579d8bdd8b018d6e.svg",
            "https://ege.sdamgia.ru/formula/svg/5f/5f1fbba771106f446d0c85f33f58c2bd.svg",
            "https://ege.sdamgia.ru/formula/svg/84/84888a4777b6d637a342068ad77ba36e.svg",
            "https://ege.sdamgia.ru/formula/svg/97/9774617a85bb424aecbd6de0ced2eeb7.svg",
            "https://ege.sdamgia.ru/formula/svg/da/dab21400b9a1e17aefed06c37c836518.svg",
            "https://ege.sdamgia.ru/formula/svg/7d/7da68ce98d1cab77fc4ae8ea7b96cc13.svg",
            "https://ege.sdamgia.ru/formula/svg/d7/d7d6d1f3ad832e89d2f66e031d69a3ac.svg",
            "https://ege.sdamgia.ru/formula/svg/7d/7d830e234559302d375d7f57b449bd6c.svg",
            "/get_file?id=148613"
        ]
    },
    "answer": "",
    "topic_id": 17,
    "analog_ids": [
        519517,
        519543
    ]
}