{
    "gia_type": "ege",
    "subject": "math",
    "id": 525729,
    "condition": {
        "text": "Окружность с центром O, вписанная в треугольник ABC, касается стороны BC в точке K. К этой окружности проведена касательная, параллельная биссектрисе AP треугольника и пересекающая стороны AC и BC в точках M и N соответственно.а)  Докажите, что угол MOC равен углу NOK.б)  Найдите периметр треугольника ABC, если отношение площадей трапеции AMNP и треугольника ABC равно 2:7, MN  =  2, AM + PN  =  6 .",
        "html": "<div align=\"justify\" width=\"100%\" id=\"body420701\" class=\"pbody\"><p class=\"left_margin\">Окруж­ность с цен­тром <i>O</i>, впи­сан­ная в тре­уголь­ник <i>ABC</i>, ка­са­ет­ся сто­ро­ны <i>BC</i> в точке <i>K</i>. К этой окруж­но­сти про­ве­де­на ка­са­тель­ная, па­рал­лель­ная бис­сек­три­се <i>AP</i> тре­уголь­ни­ка и пе­ре­се­ка­ю­щая сто­ро­ны <i>AC</i> и <i>BC</i> в точ­ках <i>M</i> и <i>N</i> со­от­вет­ствен­но.</p><p class=\"left_margin\">а)  До­ка­жи­те, что угол <i>MOC</i> равен углу <i>NOK</i>.</p><p class=\"left_margin\">б)  Най­ди­те пе­ри­метр тре­уголь­ни­ка <i>ABC</i>, если от­но­ше­ние пло­ща­дей тра­пе­ции <i>AMNP</i> и тре­уголь­ни­ка <i>ABC</i> равно 2:7, <i>MN</i>  =  2, <i>AM</i> + <i>PN</i>  =  6 .</p></div>",
        "image_urls": []
    },
    "solution": {
        "text": "Решение. а)  Обозначим  Центр окружности, вписанной в угол, лежит на его биссектрисе, поэтому MO и NO  — биссектрисы внешних углов при вершинах M и N треугольника MCN. Значит,  а так как CO  — биссектриса угла ACP, получаем, что Следовательно,  б)  Луч MO  — биссектриса угла AMN, поэтому  Значит, треугольник AOM равнобедренный, AM  =  AO. Аналогично PN  =  OP. Пусть радиус вписанной окружности треугольника ABC равен r, а полупериметр треугольника ABC равен p. Точка O лежит на основании AP трапеции AMNP, поэтому высота трапеции равна r. ТогдаПоскольку  получаем, что p  =  14, а периметр равен 28. Ответ: б) 28.",
        "html": "<div align=\"justify\" width=\"100%\" id=\"sol525729\" class=\"solution\" style=\"clear:both;\" class=\"pbody\"><p class=\"left_margin\"></p><b>Ре­ше­ние<!--rule_info-->. </b><p class=\"left_margin\"><img src=\"/get_file?id=148620\" style=\"float:right;margin:10px;max-width:100%\">а)  Обо­зна­чим <img src=\"https://ege.sdamgia.ru/formula/svg/c9/c936bdfc6711dcd25de69641a33de8a5.svg\" class=\"tex\" style=\"vertical-align:-1.8pt\" alt=\"\\angle ACB = альфа .\"> Центр окруж­но­сти, впи­сан­ной в угол, лежит на его бис­сек­три­се, по­это­му <i>MO</i> и <i>NO</i>  — бис­сек­три­сы внеш­них углов при вер­ши­нах <i>M</i> и <i>N</i> тре­уголь­ни­ка <i>MCN</i>. Зна­чит, <img src=\"https://ege.sdamgia.ru/formula/svg/2b/2ba08f7453ce557d074b59296646a750.svg\" class=\"tex\" style=\"vertical-align:-8.4pt\" alt=\"\\angle MON = 90 гра­ду­сов минус дробь: чис­ли­тель: альфа , зна­ме­на­тель: 2 конец дроби , \"> а так как <i>C</i>O  — бис­сек­три­са угла <i>ACP</i>, по­лу­ча­ем, что <img src=\"https://ege.sdamgia.ru/formula/svg/8b/8b8f7b452ab289ef633517045c3129e5.svg\" class=\"tex\" style=\"vertical-align:-8.4pt\" alt=\"\\angle OCK = дробь: чис­ли­тель: альфа , зна­ме­на­тель: 2 конец дроби ,\\angle COK=90 гра­ду­сов минус дробь: чис­ли­тель: альфа , зна­ме­на­тель: 2 конец дроби = \\angle MON. \"></p><p class=\"left_margin\">Сле­до­ва­тель­но, <img src=\"https://ege.sdamgia.ru/formula/svg/ef/efaf91350f11369eddfc8cda4f144e66.svg\" class=\"tex\" style=\"vertical-align:-1.8pt\" alt=\"\\angle MOC = \\angle MON минус \\angle CON = \\angle COK минус \\angle CON = \\angle NOK.\"></p><p>&nbsp;</p><p class=\"left_margin\">б)  Луч <i>MO</i>  — бис­сек­три­са угла <i>AMN</i>, по­это­му <img src=\"https://ege.sdamgia.ru/formula/svg/39/3947554908a3ac281c6f8482b16106cf.svg\" class=\"tex\" style=\"vertical-align:-1.8pt\" alt=\"\\angle AOM =\\angle NMO = \\angle AMO.\"> Зна­чит, тре­уголь­ник <i>AOM</i> рав­но­бед­рен­ный, <i>AM</i>  =  <i>AO</i>. Ана­ло­гич­но <i>PN</i>  =  <i>OP</i>. </p><p class=\"left_margin\">Пусть ра­ди­ус впи­сан­ной окруж­но­сти тре­уголь­ни­ка <i>ABC</i> равен <i>r</i>, а по­лу­пе­ри­метр тре­уголь­ни­ка <i>ABC</i> равен <i>p</i>. Точка <i>O</i> лежит на ос­но­ва­нии <i>AP</i> тра­пе­ции <i>AMNP</i>, по­это­му вы­со­та тра­пе­ции равна <i>r</i>. Тогда</p><p class=\"left_margin\"></p><center><p><span data-width=\"640\" data-formulahash=\"3b29d289692e4ff7134e5876f69a579d\" class=\"tex-span\" style=\"\"><img src=\"https://ege.sdamgia.ru/formula/svg/3b/3b29d289692e4ff7134e5876f69a579d.svg\" class=\"tex\" style=\"vertical-align:-8.3pt\" alt=\"S_AMNP = дробь: чис­ли­тель: AP плюс MN, зна­ме­на­тель: 2 конец дроби умно­жить на r = дробь: чис­ли­тель: левая круг­лая скоб­ка AO плюс OP пра­вая круг­лая скоб­ка плюс MN, зна­ме­на­тель: 2 конец дроби умно­жить на r = дробь: чис­ли­тель: левая круг­лая скоб­ка AM плюс PN пра­вая круг­лая скоб­ка плюс MN, зна­ме­на­тель: 2 конец дроби умно­жить на r = 4r, \"></span><span data-width=\"490\" data-formulahash=\"3b29d289692e4ff7134e5876f69a579d\" class=\"tex-span\" style=\"display:none\"><img src=\"https://ege.sdamgia.ru/formula/svg/70/7041d82173de5780156d2f0fa9d5d8f0.svg\" class=\"tex\" style=\"vertical-align:-8.4pt\" alt=\"S_AMNP = дробь: чис­ли­тель: AP плюс MN, зна­ме­на­тель: 2 конец дроби умно­жить на r = дробь: чис­ли­тель: левая круг­лая скоб­ка AO плюс OP пра­вая круг­лая скоб­ка плюс MN, зна­ме­на­тель: 2 конец дроби умно­жить на r = \"><br><img src=\"https://ege.sdamgia.ru/formula/svg/94/94da124b9b0b9d431231f1595a1a34ee.svg\" class=\"tex\" style=\"vertical-align:-8.4pt\" alt=\"= дробь: чис­ли­тель: левая круг­лая скоб­ка AM плюс PN пра­вая круг­лая скоб­ка плюс MN, зна­ме­на­тель: 2 конец дроби умно­жить на r = 4r, \"></span></p><p><img src=\"https://ege.sdamgia.ru/formula/svg/0e/0ee8759059724e5c4ab4669e240a806b.svg\" class=\"tex\" style=\"vertical-align:-8.4pt\" alt=\"S_ABC= дробь: чис­ли­тель: 1, зна­ме­на­тель: 2 конец дроби левая круг­лая скоб­ка AB плюс BC плюс AC пра­вая круг­лая скоб­ка умно­жить на r=pr. \"></p><p class=\"left_margin\"></p></center><p class=\"left_margin\">По­сколь­ку <img src=\"https://ege.sdamgia.ru/formula/svg/21/21e9bb331011955d477268ab89669fb0.svg\" class=\"tex\" style=\"vertical-align:-10.4pt\" alt=\" дробь: чис­ли­тель: S_AMNP, зна­ме­на­тель: S_ABC конец дроби = дробь: чис­ли­тель: 4r, зна­ме­на­тель: pr конец дроби = дробь: чис­ли­тель: 4, зна­ме­на­тель: p конец дроби = дробь: чис­ли­тель: 2, зна­ме­на­тель: 7 конец дроби , \"> по­лу­ча­ем, что <i>p</i>  =  14, а пе­ри­метр равен 28.</p><p>&nbsp;</p><p><span style=\"letter-spacing: 2px;\">Ответ:</span> б) 28.</p></div>",
        "image_urls": [
            "https://ege.sdamgia.ru/formula/svg/c9/c936bdfc6711dcd25de69641a33de8a5.svg",
            "https://ege.sdamgia.ru/formula/svg/2b/2ba08f7453ce557d074b59296646a750.svg",
            "https://ege.sdamgia.ru/formula/svg/8b/8b8f7b452ab289ef633517045c3129e5.svg",
            "https://ege.sdamgia.ru/formula/svg/ef/efaf91350f11369eddfc8cda4f144e66.svg",
            "https://ege.sdamgia.ru/formula/svg/39/3947554908a3ac281c6f8482b16106cf.svg",
            "https://ege.sdamgia.ru/formula/svg/3b/3b29d289692e4ff7134e5876f69a579d.svg",
            "https://ege.sdamgia.ru/formula/svg/70/7041d82173de5780156d2f0fa9d5d8f0.svg",
            "https://ege.sdamgia.ru/formula/svg/94/94da124b9b0b9d431231f1595a1a34ee.svg",
            "https://ege.sdamgia.ru/formula/svg/0e/0ee8759059724e5c4ab4669e240a806b.svg",
            "https://ege.sdamgia.ru/formula/svg/21/21e9bb331011955d477268ab89669fb0.svg",
            "/get_file?id=148620"
        ]
    },
    "answer": "б) 28.",
    "topic_id": 17,
    "analog_ids": [
        525729,
        525748
    ]
}