{
    "gia_type": "ege",
    "subject": "math",
    "id": 529581,
    "condition": {
        "text": "Вписанная в треугольник ABC окружность с центром O касается сторон AB и AC в точках  M  и  N  соответственно.  Прямая  BO  пересекает  окружность,  описанную  около треугольника CON вторично в точке P. а)   Докажите, что точка P лежит на прямой MN.б)  Найдите площадь треугольника ABP, если площадь треугольника ABC равна 24.",
        "html": "<div align=\"justify\" width=\"100%\" id=\"body424529\" class=\"pbody\"><p class=\"left_margin\">Впи­сан­ная в тре­уголь­ник <i>ABC</i> окруж­ность с цен­тром <i>O</i> ка­са­ет­ся сто­рон <i>AB</i> и <i>AC</i> в точ­ках  <i>M</i>  и  <i>N</i>  со­от­вет­ствен­но.  Пря­мая  <i>BO</i>  пе­ре­се­ка­ет  окруж­ность,  опи­сан­ную  около тре­уголь­ни­ка <i>CON</i> вто­рич­но в точке <i>P</i>. </p><p class=\"left_margin\">а)   До­ка­жи­те, что точка <i>P</i> лежит на пря­мой <i>MN</i>.</p><p class=\"left_margin\">б)  Най­ди­те пло­щадь тре­уголь­ни­ка <i>ABP</i>, если пло­щадь тре­уголь­ни­ка <i>ABC</i> равна 24.</p></div>",
        "image_urls": []
    },
    "solution": {
        "text": "Решение. а)  Заметим, что угол ONC равен 90°. Тогда OC  — диаметр описанной окружности треугольника ONC. Продлим BO до пересечения с MN в точке K. Докажем, что угол BKC равен 90°, тогда точка K будет лежать на окружности с диаметром OC, а, значит, совпадёт с точкой P. Пусть   Тогда  т. к. треугольник AMN  — равнобедренный. Тогда: Точка K лежит на окружности с диаметром OC, значит,  а точка K совпадает с точкой P. б)  Продлим CP до пересечения с AB в точке L. Тогда  в треугольнике LBC BP является биссектрисой и высотой, следовательно, точка P  — середина LC. Пусть h1  — перпендикуляр, опущенный из C на AB, а h2  — перпендикуляр, опущенный из P на AB. Тогда  Теперь найдём площадь треугольника ABP:Ответ: б) 12.",
        "html": "<div align=\"justify\" width=\"100%\" id=\"sol529581\" class=\"solution\" style=\"clear:both;\" class=\"pbody\"><p class=\"left_margin\"></p><b>Ре­ше­ние<!--rule_info-->. </b><p class=\"left_margin\"><img src=\"/get_file?id=148625\" style=\"float:right;margin:10px;max-width:100%\"></p><p class=\"left_margin\">а)  За­ме­тим, что угол <i>ONC</i> равен 90°. Тогда <i>OC</i>  — диа­метр опи­сан­ной окруж­но­сти тре­уголь­ни­ка <i>ONC</i>. Про­длим <i>BO</i> до пе­ре­се­че­ния с <i>MN</i> в точке <i>K</i>. До­ка­жем, что угол <i>BKC</i> равен 90°, тогда точка <i>K</i> будет ле­жать на окруж­но­сти с диа­мет­ром <i>OC</i>, а, зна­чит, сов­падёт с точ­кой <i>P</i>. Пусть <img src=\"https://ege.sdamgia.ru/formula/svg/27/27f097b7c7c8a63a7036ad4ad80dc999.svg\" class=\"tex\" style=\"vertical-align:-3.3pt\" alt=\"\\angle B=2 бета ,\"> <img src=\"https://ege.sdamgia.ru/formula/svg/99/99d1dbc46eb3ec713a9f7e6f8b61f6e2.svg\" class=\"tex\" style=\"vertical-align:-1.8pt\" alt=\"\\angle A=2 альфа .\"> Тогда <img src=\"https://ege.sdamgia.ru/formula/svg/ce/ce8e19df7498d573e57b965920e45dc2.svg\" class=\"tex\" style=\"vertical-align:-3.0pt\" alt=\"\\angle AMN=90 гра­ду­сов минус альфа ,\"> т. к. тре­уголь­ник <i>AMN</i>  — рав­но­бед­рен­ный. Тогда: </p><p class=\"left_margin\"></p><center><p><img src=\"https://ege.sdamgia.ru/formula/svg/59/59371d849ad1531d0886cb18abc809f9.svg\" class=\"tex\" style=\"vertical-align:-3.4pt\" alt=\"\\angle BKM=\\angle AMN минус \\angle MBK=90 гра­ду­сов минус альфа минус бета ,\"></p><p><img src=\"https://ege.sdamgia.ru/formula/svg/fb/fb3569276517e65837256efbc53be803.svg\" class=\"tex\" style=\"vertical-align:-3.4pt\" alt=\"\\angle ACB=180 гра­ду­сов минус 2 альфа минус 2 бета ,\"></p><p><img src=\"https://ege.sdamgia.ru/formula/svg/67/67761e71263c316b1ccac98c66dead93.svg\" class=\"tex\" style=\"vertical-align:-3.4pt\" alt=\"\\angle OCN=90 гра­ду­сов минус альфа минус бета ,\"></p><p><img src=\"https://ege.sdamgia.ru/formula/svg/af/af29f8318d2e9d531a600a7f1826e91a.svg\" class=\"tex\" style=\"vertical-align:-1.8pt\" alt=\"\\angle OKN плюс \\angle OCN=180 гра­ду­сов.\"></p><p class=\"left_margin\"></p></center><p class=\"left_margin\">Точка <i>K</i> лежит на окруж­но­сти с диа­мет­ром <i>OC</i>, зна­чит, <img src=\"https://ege.sdamgia.ru/formula/svg/f8/f870b09c5ed13a8c7e5e0ce0c1535ff2.svg\" class=\"tex\" style=\"vertical-align:-3.0pt\" alt=\"\\angle OKC=90 гра­ду­сов,\"> а точка <i>K</i> сов­па­да­ет с точ­кой <i>P</i>.</p><p>&nbsp;</p><p><img src=\"/get_file?id=148624\" style=\"float:right;margin:10px;max-width:100%\">б)  Про­длим <i>CP</i> до пе­ре­се­че­ния с <i>AB</i> в точке <i>L</i>. Тогда  в тре­уголь­ни­ке <i>LBC</i> <i>BP</i> яв­ля­ет­ся бис­сек­три­сой и вы­со­той, сле­до­ва­тель­но, точка <i>P</i>  — се­ре­ди­на <i>LC</i>. Пусть <i>h</i><sub>1</sub>  — пер­пен­ди­ку­ляр, опу­щен­ный из <i>C</i> на <i>AB</i>, а <i>h</i><sub>2</sub>  — пер­пен­ди­ку­ляр, опу­щен­ный из <i>P</i> на <i>AB</i>. Тогда <img src=\"https://ege.sdamgia.ru/formula/svg/f6/f6f37cc32da9c4478191b15d0e5aca09.svg\" class=\"tex\" style=\"vertical-align:-2.5pt\" alt=\"h_1=2h_2.\"> Те­перь найдём пло­щадь тре­уголь­ни­ка <i>ABP</i>:</p><p class=\"left_margin\"></p><center><p><img src=\"https://ege.sdamgia.ru/formula/svg/01/01bf63d02b2cd88433278a6554baa4db.svg\" class=\"tex\" style=\"vertical-align:-8.4pt\" alt=\"S_ABP= дробь: чис­ли­тель: 1, зна­ме­на­тель: 2 конец дроби AB умно­жить на h_2= дробь: чис­ли­тель: 1, зна­ме­на­тель: 4 конец дроби AB умно­жить на h_1= дробь: чис­ли­тель: 1, зна­ме­на­тель: 2 конец дроби S_ABC= дробь: чис­ли­тель: 1, зна­ме­на­тель: 2 конец дроби умно­жить на 24=12.\"></p><p class=\"left_margin\"></p></center><p><span style=\"letter-spacing: 2px;\">Ответ:</span> б) 12.</p></div>",
        "image_urls": [
            "https://ege.sdamgia.ru/formula/svg/27/27f097b7c7c8a63a7036ad4ad80dc999.svg",
            "https://ege.sdamgia.ru/formula/svg/99/99d1dbc46eb3ec713a9f7e6f8b61f6e2.svg",
            "https://ege.sdamgia.ru/formula/svg/ce/ce8e19df7498d573e57b965920e45dc2.svg",
            "https://ege.sdamgia.ru/formula/svg/59/59371d849ad1531d0886cb18abc809f9.svg",
            "https://ege.sdamgia.ru/formula/svg/fb/fb3569276517e65837256efbc53be803.svg",
            "https://ege.sdamgia.ru/formula/svg/67/67761e71263c316b1ccac98c66dead93.svg",
            "https://ege.sdamgia.ru/formula/svg/af/af29f8318d2e9d531a600a7f1826e91a.svg",
            "https://ege.sdamgia.ru/formula/svg/f8/f870b09c5ed13a8c7e5e0ce0c1535ff2.svg",
            "https://ege.sdamgia.ru/formula/svg/f6/f6f37cc32da9c4478191b15d0e5aca09.svg",
            "https://ege.sdamgia.ru/formula/svg/01/01bf63d02b2cd88433278a6554baa4db.svg",
            "/get_file?id=148625",
            "/get_file?id=148624"
        ]
    },
    "answer": "б) 12.",
    "topic_id": 17,
    "analog_ids": []
}