{
    "gia_type": "ege",
    "subject": "math",
    "id": 530675,
    "condition": {
        "text": "В треугольнике ABC проведена биссектриса BK.а)  Докажите, что б)  Найдите площадь треугольника ABC, если AB  =  13, BC  =  7 и ",
        "html": "<div align=\"justify\" width=\"100%\" id=\"body423439\" class=\"pbody\"><p class=\"left_margin\">В тре­уголь­ни­ке <i>ABC</i> про­ве­де­на бис­сек­три­са <i>BK</i>.</p><p class=\"left_margin\">а)  До­ка­жи­те, что <img src=\"https://ege.sdamgia.ru/formula/svg/bf/bf884c49b23852b86246d360ca5e170c.svg\" class=\"tex\" style=\"vertical-align:-8.4pt\" alt=\" дробь: чис­ли­тель: AK, зна­ме­на­тель: AB конец дроби = дробь: чис­ли­тель: CK, зна­ме­на­тель: BC конец дроби . \"></p><p class=\"left_margin\">б)  Най­ди­те пло­щадь тре­уголь­ни­ка <i>ABC</i>, если <i>AB</i>  =  13, <i>BC</i>  =  7 и <img src=\"https://ege.sdamgia.ru/formula/svg/7e/7ec5aba3f484e3bb3ddd13fe50bc49d5.svg\" class=\"tex\" style=\"vertical-align:-8.5pt\" alt=\"BK= дробь: чис­ли­тель: 7 ко­рень из: на­ча­ло ар­гу­мен­та: 13 конец ар­гу­мен­та , зна­ме­на­тель: 4 конец дроби . \"></p></div>",
        "image_urls": [
            "https://ege.sdamgia.ru/formula/svg/bf/bf884c49b23852b86246d360ca5e170c.svg",
            "https://ege.sdamgia.ru/formula/svg/7e/7ec5aba3f484e3bb3ddd13fe50bc49d5.svg"
        ]
    },
    "solution": {
        "text": "Решение. а)  Пусть  Площади треугольников ABK и CBK равны:Тогда  Опустим из точки B высоту BH. Тогда   откуда  Следовательно, б)  По теореме косинусов  откуда тогда  Следовательно,Тогда для площади треугольника ABC получаем:Ответ: ",
        "html": "<div align=\"justify\" width=\"100%\" id=\"sol530675\" class=\"solution\" style=\"clear:both;\" class=\"pbody\"><p class=\"left_margin\"></p><b>Ре­ше­ние<!--rule_info-->. </b><p class=\"left_margin\"><img src=\"/get_file?id=148627\" style=\"float:right;margin:10px;max-width:100%\"></p><p class=\"left_margin\">а)  Пусть <img src=\"https://ege.sdamgia.ru/formula/svg/7f/7fab2e9e61a828a4ff8bb68b524501f2.svg\" class=\"tex\" style=\"vertical-align:-1.8pt\" alt=\"\\angle ABC=2a.\"> Пло­ща­ди тре­уголь­ни­ков <i>ABK</i> и <i>CBK</i> равны:</p><p class=\"left_margin\"></p><center><p><img src=\"https://ege.sdamgia.ru/formula/svg/35/35d6e2e0d4847b9a7684645eb0bbe699.svg\" class=\"tex\" style=\"vertical-align:-8.4pt\" alt=\"S_ABK= дробь: чис­ли­тель: 1, зна­ме­на­тель: 2 конец дроби умно­жить на AB умно­жить на BK умно­жить на синус альфа ,\"></p><p><img src=\"https://ege.sdamgia.ru/formula/svg/22/22ceb1b907a8fc0a93d0e6c78015c04c.svg\" class=\"tex\" style=\"vertical-align:-8.4pt\" alt=\"S_CBK= дробь: чис­ли­тель: 1, зна­ме­на­тель: 2 конец дроби умно­жить на BC умно­жить на BK умно­жить на синус альфа .\"></p><p class=\"left_margin\"></p></center><p class=\"left_margin\">Тогда <img src=\"https://ege.sdamgia.ru/formula/svg/42/4292e9d516471b4e0f9b709e27e5476c.svg\" class=\"tex\" style=\"vertical-align:-10.0pt\" alt=\" дробь: чис­ли­тель: S_ABK, зна­ме­на­тель: S_CBK конец дроби = дробь: чис­ли­тель: AB, зна­ме­на­тель: BC конец дроби . \"> Опу­стим из точки <i>B</i> вы­со­ту <i>BH</i>. Тогда <img src=\"https://ege.sdamgia.ru/formula/svg/c9/c95c4ca6206ee1ff3a2f5028ebed63ee.svg\" class=\"tex\" style=\"vertical-align:-8.4pt\" alt=\"S_ABK= дробь: чис­ли­тель: 1, зна­ме­на­тель: 2 конец дроби умно­жить на AK умно­жить на BH,\"> <img src=\"https://ege.sdamgia.ru/formula/svg/79/79be386167a1bc42afe0a26ae90c0836.svg\" class=\"tex\" style=\"vertical-align:-8.4pt\" alt=\"S_CBK= дробь: чис­ли­тель: 1, зна­ме­на­тель: 2 конец дроби умно­жить на CK умно­жить на BH,\"> от­ку­да <img src=\"https://ege.sdamgia.ru/formula/svg/b9/b98d8550e4514940fe81391c68abf17e.svg\" class=\"tex\" style=\"vertical-align:-10.0pt\" alt=\" дробь: чис­ли­тель: S_ABK, зна­ме­на­тель: S_CBK конец дроби = дробь: чис­ли­тель: AK, зна­ме­на­тель: CK конец дроби . \"> Сле­до­ва­тель­но, <img src=\"https://ege.sdamgia.ru/formula/svg/6f/6f696d79afafb8cf15f380012486ef05.svg\" class=\"tex\" style=\"vertical-align:-8.4pt\" alt=\" дробь: чис­ли­тель: CK, зна­ме­на­тель: BC конец дроби = дробь: чис­ли­тель: AK, зна­ме­на­тель: AB конец дроби . \"></p><p class=\"left_margin\">б)  По тео­ре­ме ко­си­ну­сов <img src=\"https://ege.sdamgia.ru/formula/svg/33/33e10590fb40c46aa02f1289e6bbeb05.svg\" class=\"tex\" style=\"vertical-align:-3.0pt\" alt=\"CK в квад­ра­те =BC в квад­ра­те плюс BK в квад­ра­те минус 2BC умно­жить на BK умно­жить на ко­си­нус альфа ,\"></p><p><img src=\"https://ege.sdamgia.ru/formula/svg/27/27026e9e36ed7b83494ee1e2de1ec012.svg\" class=\"tex\" style=\"vertical-align:-3.0pt\" alt=\"AK в квад­ра­те =AB в квад­ра­те плюс BK в квад­ра­те минус 2AB умно­жить на BK умно­жить на ко­си­нус альфа ,\"> от­ку­да</p><p class=\"left_margin\"></p><center><p><img src=\"https://ege.sdamgia.ru/formula/svg/60/60daa9a00fd932cc2b105dbb3fea812d.svg\" class=\"tex\" style=\"vertical-align:-9.3pt\" alt=\" дробь: чис­ли­тель: CK в квад­ра­те , зна­ме­на­тель: AK в квад­ра­те конец дроби = дробь: чис­ли­тель: BC в квад­ра­те , зна­ме­на­тель: AB в квад­ра­те конец дроби = дробь: чис­ли­тель: BC в квад­ра­те плюс BK в квад­ра­те минус 2BC умно­жить на BK умно­жить на ко­си­нус альфа , зна­ме­на­тель: AB в квад­ра­те плюс BK в квад­ра­те минус 2AB умно­жить на BK умно­жить на ко­си­нус альфа конец дроби , \"></p><p><img src=\"https://ege.sdamgia.ru/formula/svg/f8/f89311d3185bc26bb222b2b597bc08cb.svg\" class=\"tex\" style=\"vertical-align:-3.6pt\" alt=\"BK левая круг­лая скоб­ка AB в квад­ра­те минус BC в квад­ра­те пра­вая круг­лая скоб­ка =2AB умно­жить на BC умно­жить на левая круг­лая скоб­ка AB минус BC пра­вая круг­лая скоб­ка умно­жить на ко­си­нус альфа ,\"></p><p><img src=\"https://ege.sdamgia.ru/formula/svg/ac/ac351d941b1190b84d9dbe7c5c499246.svg\" class=\"tex\" style=\"vertical-align:-11.1pt\" alt=\" ко­си­нус альфа = дробь: чис­ли­тель: левая круг­лая скоб­ка AB плюс BC пра­вая круг­лая скоб­ка умно­жить на BK, зна­ме­на­тель: 2AB умно­жить на BC конец дроби = дробь: чис­ли­тель: левая круг­лая скоб­ка 13 плюс 7 пра­вая круг­лая скоб­ка умно­жить на 7 ко­рень из: на­ча­ло ар­гу­мен­та: 13 конец ар­гу­мен­та , зна­ме­на­тель: 2 умно­жить на 7 умно­жить на 13 умно­жить на 4 конец дроби = дробь: чис­ли­тель: 5, зна­ме­на­тель: 2 ко­рень из: на­ча­ло ар­гу­мен­та: 13 конец ар­гу­мен­та конец дроби , \"></p><p class=\"left_margin\"></p></center><p> тогда <img src=\"https://ege.sdamgia.ru/formula/svg/f9/f9f5d83d77c0d035bd6fe2074e2643a7.svg\" class=\"tex\" style=\"vertical-align:-11.1pt\" alt=\" синус альфа = дробь: чис­ли­тель: 3 ко­рень из: на­ча­ло ар­гу­мен­та: 3 конец ар­гу­мен­та , зна­ме­на­тель: 2 ко­рень из: на­ча­ло ар­гу­мен­та: 13 конец ар­гу­мен­та конец дроби . \"> Сле­до­ва­тель­но,</p><p class=\"left_margin\"></p><center><p><img src=\"https://ege.sdamgia.ru/formula/svg/a9/a9c6ae1d657d7c7bc8015852fc14af51.svg\" class=\"tex\" style=\"vertical-align:-11.1pt\" alt=\" синус \\angle ABC= синус 2 альфа =2 умно­жить на дробь: чис­ли­тель: 5, зна­ме­на­тель: 2 ко­рень из: на­ча­ло ар­гу­мен­та: 13 конец ар­гу­мен­та конец дроби умно­жить на дробь: чис­ли­тель: 3 ко­рень из: на­ча­ло ар­гу­мен­та: 3 конец ар­гу­мен­та , зна­ме­на­тель: 2 ко­рень из: на­ча­ло ар­гу­мен­та: 13 конец ар­гу­мен­та конец дроби = дробь: чис­ли­тель: 15 ко­рень из: на­ча­ло ар­гу­мен­та: 3 конец ар­гу­мен­та , зна­ме­на­тель: 26 конец дроби . \"></p><p class=\"left_margin\"></p></center><p class=\"left_margin\">Тогда для пло­ща­ди тре­уголь­ни­ка <i>ABC</i> по­лу­ча­ем:</p><p class=\"left_margin\"></p><center><p><img src=\"https://ege.sdamgia.ru/formula/svg/a3/a3440b08a8750dd30aa6e0b8f31ad70a.svg\" class=\"tex\" style=\"vertical-align:-8.6pt\" alt=\"S_ABC= дробь: чис­ли­тель: 1, зна­ме­на­тель: 2 конец дроби AB умно­жить на BC умно­жить на синус \\angle ABC= дробь: чис­ли­тель: 1, зна­ме­на­тель: 2 конец дроби умно­жить на 13 умно­жить на 7 умно­жить на дробь: чис­ли­тель: 15 ко­рень из: на­ча­ло ар­гу­мен­та: 3 конец ар­гу­мен­та , зна­ме­на­тель: 26 конец дроби = дробь: чис­ли­тель: 105 ко­рень из: на­ча­ло ар­гу­мен­та: 3 конец ар­гу­мен­та , зна­ме­на­тель: 4 конец дроби . \"></p><p class=\"left_margin\"></p></center><p><span style=\"letter-spacing: 2px;\">Ответ:</span> <img src=\"https://ege.sdamgia.ru/formula/svg/6d/6dd60b0a3fbc0927335eb06bcfdd4eab.svg\" class=\"tex\" style=\"vertical-align:-8.5pt\" alt=\" дробь: чис­ли­тель: 105 ко­рень из: на­ча­ло ар­гу­мен­та: 3 конец ар­гу­мен­та , зна­ме­на­тель: 4 конец дроби . \"></p></div>",
        "image_urls": [
            "https://ege.sdamgia.ru/formula/svg/7f/7fab2e9e61a828a4ff8bb68b524501f2.svg",
            "https://ege.sdamgia.ru/formula/svg/35/35d6e2e0d4847b9a7684645eb0bbe699.svg",
            "https://ege.sdamgia.ru/formula/svg/22/22ceb1b907a8fc0a93d0e6c78015c04c.svg",
            "https://ege.sdamgia.ru/formula/svg/42/4292e9d516471b4e0f9b709e27e5476c.svg",
            "https://ege.sdamgia.ru/formula/svg/c9/c95c4ca6206ee1ff3a2f5028ebed63ee.svg",
            "https://ege.sdamgia.ru/formula/svg/79/79be386167a1bc42afe0a26ae90c0836.svg",
            "https://ege.sdamgia.ru/formula/svg/b9/b98d8550e4514940fe81391c68abf17e.svg",
            "https://ege.sdamgia.ru/formula/svg/6f/6f696d79afafb8cf15f380012486ef05.svg",
            "https://ege.sdamgia.ru/formula/svg/33/33e10590fb40c46aa02f1289e6bbeb05.svg",
            "https://ege.sdamgia.ru/formula/svg/27/27026e9e36ed7b83494ee1e2de1ec012.svg",
            "https://ege.sdamgia.ru/formula/svg/60/60daa9a00fd932cc2b105dbb3fea812d.svg",
            "https://ege.sdamgia.ru/formula/svg/f8/f89311d3185bc26bb222b2b597bc08cb.svg",
            "https://ege.sdamgia.ru/formula/svg/ac/ac351d941b1190b84d9dbe7c5c499246.svg",
            "https://ege.sdamgia.ru/formula/svg/f9/f9f5d83d77c0d035bd6fe2074e2643a7.svg",
            "https://ege.sdamgia.ru/formula/svg/a9/a9c6ae1d657d7c7bc8015852fc14af51.svg",
            "https://ege.sdamgia.ru/formula/svg/a3/a3440b08a8750dd30aa6e0b8f31ad70a.svg",
            "https://ege.sdamgia.ru/formula/svg/6d/6dd60b0a3fbc0927335eb06bcfdd4eab.svg",
            "/get_file?id=148627"
        ]
    },
    "answer": "",
    "topic_id": 17,
    "analog_ids": [
        530675,
        530695
    ]
}