{
    "gia_type": "ege",
    "subject": "math",
    "id": 530827,
    "condition": {
        "text": "В треугольник ABC вписана окружность радиуса 4, касающаяся стороны AC в точке M, причём AM  =  8 и CM  =  12.а)  Докажите, что треугольник ABC прямоугольный.б)  Найдите расстояние между центрами вписанной и описанной окружностей треугольника ABC.",
        "html": "<div align=\"justify\" width=\"100%\" id=\"body423799\" class=\"pbody\"><p class=\"left_margin\">В тре­уголь­ник <i>ABC</i> впи­са­на окруж­ность ра­ди­у­са 4, ка­са­ю­ща­я­ся сто­ро­ны <i>AC</i> в точке <i>M</i>, причём <i>AM</i>  =  8 и <i>CM</i>  =  12.</p><p class=\"left_margin\">а)  До­ка­жи­те, что тре­уголь­ник <i>ABC</i> пря­мо­уголь­ный.</p><p class=\"left_margin\">б)  Най­ди­те рас­сто­я­ние между цен­тра­ми впи­сан­ной и опи­сан­ной окруж­но­стей тре­уголь­ни­ка <i>ABC</i>.</p></div>",
        "image_urls": []
    },
    "solution": {
        "text": "Решение. а)  Пусть вписанная окружность касается стороны BC в точке K. Обозначим  Пусть S  — площадь треугольника, p  — полупериметр. ТогдаС другой стороны, по формуле ГеронаИз уравнения  получаем, что  Стороны треугольника ABC равны 20, 16 и 12, следовательно, этот треугольник прямоугольный с прямым углом при вершине B.б)  Пусть I и O  — центры вписанной и описанной окружностей треугольника ABC соответственно. Точка O  — середина гипотенузы  и  ТогдаОтвет: б) ",
        "html": "<div align=\"justify\" width=\"100%\" id=\"sol530827\" class=\"solution\" style=\"clear:both;\" class=\"pbody\"><p class=\"left_margin\"></p><b>Ре­ше­ние<!--rule_info-->. </b><p class=\"left_margin\"><img src=\"/get_file?id=148628\" style=\"float:right;margin:10px;max-width:100%\"></p><p class=\"left_margin\">а)  Пусть впи­сан­ная окруж­ность ка­са­ет­ся сто­ро­ны <i>BC</i> в точке <i>K</i>. Обо­зна­чим <img src=\"https://ege.sdamgia.ru/formula/svg/03/03e78a6fdc0d4468809dab8713421a31.svg\" class=\"tex\" style=\"vertical-align:-1.8pt\" alt=\"BK=x.\"> Пусть <i>S</i>  — пло­щадь тре­уголь­ни­ка, <i>p</i>  — по­лу­пе­ри­метр. Тогда</p><p class=\"left_margin\"></p><center><p><img src=\"https://ege.sdamgia.ru/formula/svg/f5/f541dfaa395314a35625e9711417ae41.svg\" class=\"tex\" style=\"vertical-align:-3.0pt\" alt=\"p=8 плюс 12 плюс x=20 плюс x,\"></p><p><img src=\"https://ege.sdamgia.ru/formula/svg/87/878af5459a8216b00a0a841fc8cdfdfa.svg\" class=\"tex\" style=\"vertical-align:-3.6pt\" alt=\"S=pR=4 левая круг­лая скоб­ка 20 плюс x пра­вая круг­лая скоб­ка =80 плюс 4x.\"></p><p class=\"left_margin\"></p></center><p class=\"left_margin\">С дру­гой сто­ро­ны, по фор­му­ле Ге­ро­на</p><p class=\"left_margin\"></p><center><p><span data-width=\"640\" data-formulahash=\"4b2723fbd9c1d162c575c7200c46ba7b\" class=\"tex-span\" style=\"\"><img src=\"https://ege.sdamgia.ru/formula/svg/4b/4b2723fbd9c1d162c575c7200c46ba7b.svg\" class=\"tex\" style=\"vertical-align:-3.6pt\" alt=\"S= ко­рень из: на­ча­ло ар­гу­мен­та: p левая круг­лая скоб­ка p минус AB пра­вая круг­лая скоб­ка левая круг­лая скоб­ка p минус BC пра­вая круг­лая скоб­ка левая круг­лая скоб­ка p минус AC пра­вая круг­лая скоб­ка конец ар­гу­мен­та = ко­рень из: на­ча­ло ар­гу­мен­та: левая круг­лая скоб­ка 20 плюс x пра­вая круг­лая скоб­ка умно­жить на 8 умно­жить на 12 умно­жить на x конец ар­гу­мен­та =4 ко­рень из: на­ча­ло ар­гу­мен­та: 6x левая круг­лая скоб­ка 20 плюс x пра­вая круг­лая скоб­ка конец ар­гу­мен­та .\"></span><span data-width=\"490\" data-formulahash=\"4b2723fbd9c1d162c575c7200c46ba7b\" class=\"tex-span\" style=\"display:none\"><img src=\"https://ege.sdamgia.ru/formula/svg/73/73f66736e6609af9ecc505bd3fe6c181.svg\" class=\"tex\" style=\"vertical-align:-3.6pt\" alt=\"S= ко­рень из: на­ча­ло ар­гу­мен­та: p левая круг­лая скоб­ка p минус AB пра­вая круг­лая скоб­ка левая круг­лая скоб­ка p минус BC пра­вая круг­лая скоб­ка левая круг­лая скоб­ка p минус AC пра­вая круг­лая скоб­ка конец ар­гу­мен­та =\"><br><img src=\"https://ege.sdamgia.ru/formula/svg/94/944893ec255b6aca3e7a05c3f9f6d65c.svg\" class=\"tex\" style=\"vertical-align:-3.6pt\" alt=\"= ко­рень из: на­ча­ло ар­гу­мен­та: левая круг­лая скоб­ка 20 плюс x пра­вая круг­лая скоб­ка умно­жить на 8 умно­жить на 12 умно­жить на x конец ар­гу­мен­та =4 ко­рень из: на­ча­ло ар­гу­мен­та: 6x левая круг­лая скоб­ка 20 плюс x пра­вая круг­лая скоб­ка конец ар­гу­мен­та .\"></span></p><p class=\"left_margin\"></p></center><p class=\"left_margin\">Из урав­не­ния <img src=\"https://ege.sdamgia.ru/formula/svg/6c/6c27ccdbdd60bba3bc0f0057148452ee.svg\" class=\"tex\" style=\"vertical-align:-3.6pt\" alt=\"4 левая круг­лая скоб­ка 20 плюс x пра­вая круг­лая скоб­ка =4 ко­рень из: на­ча­ло ар­гу­мен­та: 6x левая круг­лая скоб­ка 20 плюс x пра­вая круг­лая скоб­ка конец ар­гу­мен­та \"> по­лу­ча­ем, что <img src=\"https://ege.sdamgia.ru/formula/svg/d9/d9d1e6c3a49998deef7ad36a6e1bb0d9.svg\" class=\"tex\" style=\"vertical-align:-1.8pt\" alt=\"x=4.\"> Сто­ро­ны тре­уголь­ни­ка <i>ABC</i> равны 20, 16 и 12, сле­до­ва­тель­но, этот тре­уголь­ник пря­мо­уголь­ный с пря­мым углом при вер­ши­не <i>B</i>.</p><p class=\"left_margin\">б)  Пусть <i>I</i> и <i>O</i>  — цен­тры впи­сан­ной и опи­сан­ной окруж­но­стей тре­уголь­ни­ка <i>ABC</i> со­от­вет­ствен­но. Точка <i>O</i>  — се­ре­ди­на ги­по­те­ну­зы <img src=\"https://ege.sdamgia.ru/formula/svg/27/2700068a25221f8d832f67523cb58ede.svg\" class=\"tex\" style=\"vertical-align:-3.0pt\" alt=\"AC=20,\"> и <img src=\"https://ege.sdamgia.ru/formula/svg/9f/9f9a58048434200c10f6430fac567e17.svg\" class=\"tex\" style=\"vertical-align:-1.8pt\" alt=\"OM=AO минус AM=10 минус 8=2.\"> Тогда</p><p class=\"left_margin\"></p><center><p><img src=\"https://ege.sdamgia.ru/formula/svg/dd/dd794c3ab3d5809abd80b9fc6bba8bd6.svg\" class=\"tex\" style=\"vertical-align:-2.5pt\" alt=\"IO= ко­рень из: на­ча­ло ар­гу­мен­та: OM в квад­ра­те плюс MI в квад­ра­те конец ар­гу­мен­та = ко­рень из: на­ча­ло ар­гу­мен­та: 2 в квад­ра­те плюс 4 в квад­ра­те конец ар­гу­мен­та =2 ко­рень из: на­ча­ло ар­гу­мен­та: 5 конец ар­гу­мен­та .\"></p><p class=\"left_margin\"></p></center><p><span style=\"letter-spacing: 2px;\">Ответ:</span> б) <img src=\"https://ege.sdamgia.ru/formula/svg/b9/b90ad7d8b16aebc87984c7c948f3521e.svg\" class=\"tex\" style=\"vertical-align:-1.8pt\" alt=\"2 ко­рень из: на­ча­ло ар­гу­мен­та: 5 конец ар­гу­мен­та .\"></p></div>",
        "image_urls": [
            "https://ege.sdamgia.ru/formula/svg/03/03e78a6fdc0d4468809dab8713421a31.svg",
            "https://ege.sdamgia.ru/formula/svg/f5/f541dfaa395314a35625e9711417ae41.svg",
            "https://ege.sdamgia.ru/formula/svg/87/878af5459a8216b00a0a841fc8cdfdfa.svg",
            "https://ege.sdamgia.ru/formula/svg/4b/4b2723fbd9c1d162c575c7200c46ba7b.svg",
            "https://ege.sdamgia.ru/formula/svg/73/73f66736e6609af9ecc505bd3fe6c181.svg",
            "https://ege.sdamgia.ru/formula/svg/94/944893ec255b6aca3e7a05c3f9f6d65c.svg",
            "https://ege.sdamgia.ru/formula/svg/6c/6c27ccdbdd60bba3bc0f0057148452ee.svg",
            "https://ege.sdamgia.ru/formula/svg/d9/d9d1e6c3a49998deef7ad36a6e1bb0d9.svg",
            "https://ege.sdamgia.ru/formula/svg/27/2700068a25221f8d832f67523cb58ede.svg",
            "https://ege.sdamgia.ru/formula/svg/9f/9f9a58048434200c10f6430fac567e17.svg",
            "https://ege.sdamgia.ru/formula/svg/dd/dd794c3ab3d5809abd80b9fc6bba8bd6.svg",
            "https://ege.sdamgia.ru/formula/svg/b9/b90ad7d8b16aebc87984c7c948f3521e.svg",
            "/get_file?id=148628"
        ]
    },
    "answer": "б)",
    "topic_id": 17,
    "analog_ids": [
        530827,
        530902
    ]
}