{
    "gia_type": "ege",
    "subject": "math",
    "id": 551764,
    "condition": {
        "text": "Окружность с центром О, вписанная в треугольник АВС, касается его сторон ВС, АВ и АС в точках K, L и М соответственно. Прямая КМ вторично пересекает в точке Р окружность радиуса АМ с центром А.а)  Докажите, что прямая АР параллельна прямой ВС.б)  Пусть  AM  =  3, CM  =  2, Q  — точка пересечения прямых КМ и АВ, а Т  — такая точка на отрезке РQ, что  Найдите QT.",
        "html": "<div align=\"justify\" width=\"100%\" id=\"body394664\" class=\"pbody\"><p class=\"left_margin\">Окруж­ность с цен­тром <i>О</i>, впи­сан­ная в тре­уголь­ник <i>АВС</i>, ка­са­ет­ся его сто­рон <i>ВС</i>, <i>АВ</i> и <i>АС</i> в точ­ках <i>K</i>, <i>L</i> и <i>М</i> со­от­вет­ствен­но. Пря­мая <i>КМ</i> вто­рич­но пе­ре­се­ка­ет в точке <i>Р</i> окруж­ность ра­ди­у­са <i>АМ</i> с цен­тром <i>А</i>.</p><p class=\"left_margin\">а)  До­ка­жи­те, что пря­мая <i>АР</i> па­рал­лель­на пря­мой <i>ВС</i>.</p><p class=\"left_margin\">б)  Пусть <img src=\"https://ege.sdamgia.ru/formula/svg/b4/b49cf981628936b2b54350437a70e387.svg\" class=\"tex\" style=\"vertical-align:-3.0pt\" alt=\"\\angle ABC=90 гра­ду­сов,\"> <i>AM</i>  =  3, <i>CM</i>  =  2, <i>Q</i>  — точка пе­ре­се­че­ния пря­мых <i>КМ</i> и <i>АВ</i>, а <i>Т</i>  — такая точка на от­рез­ке <i>РQ</i>, что <img src=\"https://ege.sdamgia.ru/formula/svg/30/30e6363240128d40bf734570e22b124e.svg\" class=\"tex\" style=\"vertical-align:-1.8pt\" alt=\"\\angle OAT=45 гра­ду­сов.\"> Най­ди­те <i>QT</i>.</p></div>",
        "image_urls": [
            "https://ege.sdamgia.ru/formula/svg/b4/b49cf981628936b2b54350437a70e387.svg",
            "https://ege.sdamgia.ru/formula/svg/30/30e6363240128d40bf734570e22b124e.svg"
        ]
    },
    "solution": {
        "text": "Решение. а)  Отрезки CK и CM являются отрезками касательных, проведенных из точки C к окружности с центром в O, следовательно, они равны, значит, равны углы CKM и CMK. Отрезки AM и AP равны, поскольку являются радиусами окружности с центром в точке A. Следовательно, треугольник PAM  — равнобедренный, углы APM и AMP при его основании равны. Углы AMP и KMC равны как вертикальные, а углы KMC и CMK равны как углы при основании равнобедренного треугольника CMK.  Итак, а потому прямые AP и BC параллельны. б)   Отрезки BK и BL равны, обозначим их длины x. Тогда: Из подобия треугольников BKQ и APQ следует: Воспользуемся теоремой Пифагора в треугольнике APQ:Далее, AO является биссектрисой угла BAC, а угол OAT по условию равен половине угла BAP, поэтому AT  — биссектриса угла  Треугольник MAP равнобедренный, поэтому AT перпендикулярно  Теперь, используя подобие треугольников QAP и QTA, получаем:Ответ: б) ",
        "html": "<div align=\"justify\" width=\"100%\" id=\"sol551764\" class=\"solution\" style=\"clear:both;\" class=\"pbody\"><p class=\"left_margin\"></p><b>Ре­ше­ние<!--rule_info-->. </b><p class=\"left_margin\"><img src=\"/get_file?id=70085\" style=\"float:right;margin:10px;max-width:100%\">а)  От­рез­ки <i>CK</i> и <i>CM</i> яв­ля­ют­ся от­рез­ка­ми ка­са­тель­ных, про­ве­ден­ных из точки <i>C</i> к окруж­но­сти с цен­тром в <i>O</i>, сле­до­ва­тель­но, они равны, зна­чит, равны углы <i>CKM</i> и <i>CMK</i>. От­рез­ки <i>AM</i> и <i>AP</i> равны, по­сколь­ку яв­ля­ют­ся ра­ди­у­са­ми окруж­но­сти с цен­тром в точке <i>A</i>. Сле­до­ва­тель­но, тре­уголь­ник <i>PAM</i>  — рав­но­бед­рен­ный, углы <i>APM</i> и <i>AMP</i> при его ос­но­ва­нии равны. Углы <i>AMP</i> и <i>KMC</i> равны как вер­ти­каль­ные, а углы <i>KMC</i> и <i>CMK</i> равны как углы при ос­но­ва­нии рав­но­бед­рен­но­го тре­уголь­ни­ка <i>CMK</i>. </p><p> Итак,</p><p class=\"left_margin\"></p><center><p><img src=\"https://ege.sdamgia.ru/formula/svg/4f/4fa70a25e7bd002d2cb4ae2bd25cd077.svg\" class=\"tex\" style=\"vertical-align:-3.0pt\" alt=\"\\angle APM = \\angle AMP = \\angle KMC = \\angle CMK,\"></p><p class=\"left_margin\"></p></center><p> а по­то­му пря­мые <i>AP</i> и <i>BC</i> па­рал­лель­ны.</p><p>&nbsp;</p><p class=\"left_margin\">б)   От­рез­ки <i>BK</i> и <i>BL</i> равны, обо­зна­чим их длины <i>x</i>. Тогда:</p><p><img src=\"/get_file?id=70262\" style=\"float:right;margin:10px;max-width:100%\"></p><p class=\"left_margin\"></p><center><p><img src=\"https://ege.sdamgia.ru/formula/svg/15/154e70fa1a4af7315b279a51be98e9e9.svg\" class=\"tex\" style=\"vertical-align:-3.6pt\" alt=\" левая круг­лая скоб­ка x плюс 3 пра­вая круг­лая скоб­ка в квад­ра­те плюс левая круг­лая скоб­ка x плюс 2 пра­вая круг­лая скоб­ка в квад­ра­те = левая круг­лая скоб­ка 3 плюс 2 пра­вая круг­лая скоб­ка в квад­ра­те рав­но­силь­но x=1.\"></p><p class=\"left_margin\"></p></center><p> Из по­до­бия тре­уголь­ни­ков <i>BKQ</i> и <i>APQ</i> сле­ду­ет:</p><p class=\"left_margin\"></p><center><p><img src=\"https://ege.sdamgia.ru/formula/svg/a7/a70f5303704b83dd941dcc928bd774d2.svg\" class=\"tex\" style=\"vertical-align:-10.4pt\" alt=\" дробь: чис­ли­тель: BK, зна­ме­на­тель: AP конец дроби = дробь: чис­ли­тель: 1, зна­ме­на­тель: 3 конец дроби \\Rightarrow дробь: чис­ли­тель: BQ, зна­ме­на­тель: AQ конец дроби = дробь: чис­ли­тель: 1, зна­ме­на­тель: 3 конец дроби \\Rightarrow BQ=2,AQ=6. \"></p><p class=\"left_margin\"></p></center><p> Вос­поль­зу­ем­ся тео­ре­мой Пи­фа­го­ра в тре­уголь­ни­ке <i>APQ</i>:</p><p class=\"left_margin\"></p><center><p><img src=\"https://ege.sdamgia.ru/formula/svg/29/2942929530dea1e0733c21a27ff2e0a5.svg\" class=\"tex\" style=\"vertical-align:-2.9pt\" alt=\"PQ в квад­ра­те =AP в квад­ра­те плюс AQ в квад­ра­те =AM в квад­ра­те плюс AQ в квад­ра­те =36 плюс 9=45 рав­но­силь­но PQ=3 ко­рень из 5 .\"></p><p class=\"left_margin\"></p></center><p class=\"left_margin\">Далее, <i>AO</i> яв­ля­ет­ся бис­сек­три­сой угла <i>BAC</i>, а угол <i>OAT</i> по усло­вию равен по­ло­ви­не угла <i>BAP</i>, по­это­му <i>AT</i>  — бис­сек­три­са угла <img src=\"https://ege.sdamgia.ru/formula/svg/7b/7b87752a3a99009889d310980106dc44.svg\" class=\"tex\" style=\"vertical-align:-1.8pt\" alt=\"MAP.\"> Тре­уголь­ник <i>MAP</i> рав­но­бед­рен­ный, по­это­му <i>AT</i> пер­пен­ди­ку­ляр­но <img src=\"https://ege.sdamgia.ru/formula/svg/51/5171236b44ba5272415ba7fd9b14f851.svg\" class=\"tex\" style=\"vertical-align:-3.0pt\" alt=\"PQ.\"> Те­перь, ис­поль­зуя по­до­бие тре­уголь­ни­ков <i>QAP</i> и <i>QTA</i>, по­лу­ча­ем:</p><p class=\"left_margin\"></p><center><p><img src=\"https://ege.sdamgia.ru/formula/svg/28/28464adbf1f5159ec0ed72aac96b2c2d.svg\" class=\"tex\" style=\"vertical-align:-11.1pt\" alt=\" дробь: чис­ли­тель: AQ, зна­ме­на­тель: TQ конец дроби = дробь: чис­ли­тель: PQ, зна­ме­на­тель: AQ конец дроби рав­но­силь­но QT= дробь: чис­ли­тель: AQ в квад­ра­те , зна­ме­на­тель: PQ конец дроби = дробь: чис­ли­тель: 36, зна­ме­на­тель: 3 ко­рень из 5 конец дроби = дробь: чис­ли­тель: 12 ко­рень из 5 , зна­ме­на­тель: 5 конец дроби . \"></p><p class=\"left_margin\"></p></center><p><span style=\"letter-spacing: 2px;\">Ответ:</span> б) <img src=\"https://ege.sdamgia.ru/formula/svg/d2/d2333ea02a2b698b74be645f8134690f.svg\" class=\"tex\" style=\"vertical-align:-8.5pt\" alt=\" дробь: чис­ли­тель: 12 ко­рень из 5 , зна­ме­на­тель: 5 конец дроби . \"></p></div>",
        "image_urls": [
            "https://ege.sdamgia.ru/formula/svg/4f/4fa70a25e7bd002d2cb4ae2bd25cd077.svg",
            "https://ege.sdamgia.ru/formula/svg/15/154e70fa1a4af7315b279a51be98e9e9.svg",
            "https://ege.sdamgia.ru/formula/svg/a7/a70f5303704b83dd941dcc928bd774d2.svg",
            "https://ege.sdamgia.ru/formula/svg/29/2942929530dea1e0733c21a27ff2e0a5.svg",
            "https://ege.sdamgia.ru/formula/svg/7b/7b87752a3a99009889d310980106dc44.svg",
            "https://ege.sdamgia.ru/formula/svg/51/5171236b44ba5272415ba7fd9b14f851.svg",
            "https://ege.sdamgia.ru/formula/svg/28/28464adbf1f5159ec0ed72aac96b2c2d.svg",
            "https://ege.sdamgia.ru/formula/svg/d2/d2333ea02a2b698b74be645f8134690f.svg",
            "/get_file?id=70085",
            "/get_file?id=70262"
        ]
    },
    "answer": "б)",
    "topic_id": 17,
    "analog_ids": []
}