{
    "gia_type": "ege",
    "subject": "math",
    "id": 553832,
    "condition": {
        "text": "В треугольнике ABC AB  =  3,  Хорда KN окружности, описанной около треугольника ABC, пересекает отрезки AC и BC в точках M и L соответственно. Известно, что  площадь четырёхугольника ABLM равна 2, LM  =  1.а)  Докажите, что треугольник KNC равнобедренный.б)  Найдите площадь треугольника KNC.",
        "html": "<div align=\"justify\" width=\"100%\" id=\"body400788\" class=\"pbody\"><p class=\"left_margin\">В тре­уголь­ни­ке <i>ABC</i> <i>AB</i>  =  3, <img src=\"https://ege.sdamgia.ru/formula/svg/49/497e495fe50214d3d3e32a3c66f2eedf.svg\" class=\"tex\" style=\"vertical-align:-8.5pt\" alt=\"\\angleACB= арк­си­нус дробь: чис­ли­тель: 3, зна­ме­на­тель: 5 конец дроби .\"> Хорда <i>KN</i> окруж­но­сти, опи­сан­ной около тре­уголь­ни­ка <i>ABC</i>, пе­ре­се­ка­ет от­рез­ки <i>AC</i> и <i>BC</i> в точ­ках <i>M</i> и <i>L</i> со­от­вет­ствен­но. Из­вест­но, что <img src=\"https://ege.sdamgia.ru/formula/svg/b1/b1d6ce1dc995cb1b52ab0cf8331b156e.svg\" class=\"tex\" style=\"vertical-align:-3.0pt\" alt=\"\\angleABC=\\angleCML,\"> пло­щадь четырёхуголь­ни­ка <i>ABLM</i> равна 2, <i>LM</i>  =  1.</p><p class=\"left_margin\">а)  До­ка­жи­те, что тре­уголь­ник <i>KNC</i> рав­но­бед­рен­ный.</p><p class=\"left_margin\">б)  Най­ди­те пло­щадь тре­уголь­ни­ка <i>KNC</i>.</p></div>",
        "image_urls": [
            "https://ege.sdamgia.ru/formula/svg/49/497e495fe50214d3d3e32a3c66f2eedf.svg",
            "https://ege.sdamgia.ru/formula/svg/b1/b1d6ce1dc995cb1b52ab0cf8331b156e.svg"
        ]
    },
    "solution": {
        "text": "Решение.  а)  Угол ABC равен половине дуги ANC. Угол CML равен сумме углов CNK и ACN (как внешний для треугольника CMN). Таким образом, угол CML равен полусумме дуг KC и AN. Из условия угол CML равен углу ABC. Градусные меры дуг KC и CN равны, значит, равны и вписанные углы CKN и CNK, которые на них опираются, следовательно, треугольник KCN равнобедренный.б)  Треугольники ABC и LMC подобны по двум углам, коэффициент подобия равен отношению сторон AB к LM, то есть равен 3. Поэтому площадь треугольника LMC равна  площади треугольника ABC. Найдем площадь треугольника ABC:Высота h треугольника ABC, проведенная к AB равна  Значит, высота CH треугольника CLM, проведенная к LM равна  Найдем радиус окружности по теореме синусов: Таким образом, длина отрезка OH составляет 2. Воспользуемся теоремой Пифагора: Вычислим искомую площадь:Ответ: б) ",
        "html": "<div align=\"justify\" width=\"100%\" id=\"sol553832\" class=\"solution\" style=\"clear:both;\" class=\"pbody\"><p class=\"left_margin\"></p><b>Ре­ше­ние<!--rule_info-->. </b><p class=\"left_margin\"><img src=\"/get_file?id=148907\" style=\"float:right;margin:10px;max-width:100%\"> а)  Угол <i>ABC</i> равен по­ло­ви­не дуги <i>ANC</i>. Угол <i>CML</i> равен сумме углов <i>CNK</i> и <i>ACN</i> (как внеш­ний для тре­уголь­ни­ка <i>CMN</i>). Таким об­ра­зом, угол <i>CML</i> равен по­лу­сум­ме дуг <i>KC</i> и <i>AN</i>. Из усло­вия угол <i>CML</i> равен углу <i>ABC</i>. Гра­дус­ные меры дуг <i>KC</i> и <i>CN</i> равны, зна­чит, равны и впи­сан­ные углы <i>CKN</i> и <i>CNK</i>, ко­то­рые на них опи­ра­ют­ся, сле­до­ва­тель­но, тре­уголь­ник <i>KCN</i> рав­но­бед­рен­ный.</p><p class=\"left_margin\">б)  Тре­уголь­ни­ки <i>ABC</i> и <i>LMC</i> по­доб­ны по двум углам, ко­эф­фи­ци­ент по­до­бия равен от­но­ше­нию сто­рон <i>AB</i> к <i>LM</i>, то есть равен 3. По­это­му пло­щадь тре­уголь­ни­ка <i>LMC</i> равна <img src=\"https://ege.sdamgia.ru/formula/svg/7a/7a3343cfc9a4a1e43bc1a34b14694187.svg\" class=\"tex\" style=\"vertical-align:-8.5pt\" alt=\" дробь: чис­ли­тель: 1, зна­ме­на­тель: 9 конец дроби \"> пло­ща­ди тре­уголь­ни­ка <i>ABC</i>. Най­дем пло­щадь тре­уголь­ни­ка <i>ABC</i>:</p><p class=\"left_margin\"></p><center><p><img src=\"https://ege.sdamgia.ru/formula/svg/44/44ae6286cc3d9aa03bd72095799364da.svg\" class=\"tex\" style=\"vertical-align:-8.5pt\" alt=\" дробь: чис­ли­тель: 8, зна­ме­на­тель: 9 конец дроби S_ABC =2 рав­но­силь­но S_ABC= дробь: чис­ли­тель: 9, зна­ме­на­тель: 4 конец дроби .\"></p><p class=\"left_margin\"></p></center><p class=\"left_margin\">Вы­со­та <i>h</i> тре­уголь­ни­ка <i>ABC</i>, про­ве­ден­ная к <i>AB</i> равна <img src=\"https://ege.sdamgia.ru/formula/svg/be/be178399da5ac7c9b5d106d5f161ee44.svg\" class=\"tex\" style=\"vertical-align:-8.3pt\" alt=\" дробь: чис­ли­тель: 2S_ABC, зна­ме­на­тель: AB конец дроби = дробь: чис­ли­тель: 3, зна­ме­на­тель: 2 конец дроби . \"> Зна­чит, вы­со­та <i>CH</i> тре­уголь­ни­ка <i>CLM</i>, про­ве­ден­ная к <i>LM</i> равна <img src=\"https://ege.sdamgia.ru/formula/svg/3c/3c4fd42463d5c28497d53ff6b05de5cc.svg\" class=\"tex\" style=\"vertical-align:-8.4pt\" alt=\" дробь: чис­ли­тель: 1, зна­ме­на­тель: 2 конец дроби .\"> Най­дем ра­ди­ус окруж­но­сти по тео­ре­ме си­ну­сов:</p><p class=\"left_margin\"></p><center><p><img src=\"https://ege.sdamgia.ru/formula/svg/0a/0ac6631eaee615749cd91fc3d4454b14.svg\" class=\"tex\" style=\"vertical-align:-13.1pt\" alt=\" дробь: чис­ли­тель: 1, зна­ме­на­тель: 2 конец дроби умно­жить на дробь: чис­ли­тель: AB, зна­ме­на­тель: синус C конец дроби = дробь: чис­ли­тель: 1, зна­ме­на­тель: 2 конец дроби умно­жить на дробь: чис­ли­тель: 3, зна­ме­на­тель: дробь: чис­ли­тель: 3, зна­ме­на­тель: 5 конец дроби конец дроби = дробь: чис­ли­тель: 5, зна­ме­на­тель: 2 конец дроби . \"> </p><p class=\"left_margin\"></p></center><p class=\"left_margin\">Таким об­ра­зом, длина от­рез­ка <i>OH</i> со­став­ля­ет 2. Вос­поль­зу­ем­ся тео­ре­мой Пи­фа­го­ра:</p><p class=\"left_margin\"></p><center><p><img src=\"https://ege.sdamgia.ru/formula/svg/d2/d22cb5fda3c3094180a6ab47c5a21640.svg\" class=\"tex\" style=\"vertical-align:-12.3pt\" alt=\"KH=NH= ко­рень из: на­ча­ло ар­гу­мен­та: левая круг­лая скоб­ка дробь: чис­ли­тель: 5, зна­ме­на­тель: 2 конец дроби пра­вая круг­лая скоб­ка в квад­ра­те минус 2 в квад­ра­те конец ар­гу­мен­та = дробь: чис­ли­тель: 3, зна­ме­на­тель: 2 конец дроби .\"></p><p class=\"left_margin\"></p></center><p> Вы­чис­лим ис­ко­мую пло­щадь:</p><p class=\"left_margin\"></p><center><p><img src=\"https://ege.sdamgia.ru/formula/svg/5c/5caacd0249268360a2adb7b64122cee0.svg\" class=\"tex\" style=\"vertical-align:-8.4pt\" alt=\"S_CNK= дробь: чис­ли­тель: 1, зна­ме­на­тель: 2 конец дроби умно­жить на дробь: чис­ли­тель: 1, зна­ме­на­тель: 2 конец дроби умно­жить на 3= дробь: чис­ли­тель: 3, зна­ме­на­тель: 4 конец дроби .\"></p><p class=\"left_margin\"></p></center><p><span style=\"letter-spacing: 2px;\">Ответ:</span> б) <img src=\"https://ege.sdamgia.ru/formula/svg/e0/e0928137298d51a1e97583b72d0e1faf.svg\" class=\"tex\" style=\"vertical-align:-8.4pt\" alt=\" дробь: чис­ли­тель: 3, зна­ме­на­тель: 4 конец дроби .\"></p></div>",
        "image_urls": [
            "https://ege.sdamgia.ru/formula/svg/7a/7a3343cfc9a4a1e43bc1a34b14694187.svg",
            "https://ege.sdamgia.ru/formula/svg/44/44ae6286cc3d9aa03bd72095799364da.svg",
            "https://ege.sdamgia.ru/formula/svg/be/be178399da5ac7c9b5d106d5f161ee44.svg",
            "https://ege.sdamgia.ru/formula/svg/3c/3c4fd42463d5c28497d53ff6b05de5cc.svg",
            "https://ege.sdamgia.ru/formula/svg/0a/0ac6631eaee615749cd91fc3d4454b14.svg",
            "https://ege.sdamgia.ru/formula/svg/d2/d22cb5fda3c3094180a6ab47c5a21640.svg",
            "https://ege.sdamgia.ru/formula/svg/5c/5caacd0249268360a2adb7b64122cee0.svg",
            "https://ege.sdamgia.ru/formula/svg/e0/e0928137298d51a1e97583b72d0e1faf.svg",
            "/get_file?id=148907"
        ]
    },
    "answer": "б)",
    "topic_id": 17,
    "analog_ids": []
}