{
    "gia_type": "ege",
    "subject": "math",
    "id": 558931,
    "condition": {
        "text": "В каждый угол равнобедренного треугольника ABC, в котором AB  =  10, AC  =  BC  =  13, вписана окружность единичного радиуса, точки О1, О2 и О3 центры этих окружностей. Найдите: а)  радиус окружности, вписанной в треугольник ABC; б)  площадь треугольника О1, О2, О3.",
        "html": "<div align=\"justify\" width=\"100%\" id=\"body453039\" class=\"pbody\"><p class=\"left_margin\">В каж­дый угол рав­но­бед­рен­но­го тре­уголь­ни­ка <i>ABC</i>, в ко­то­ром <nobr><i>AB</i>  =  10,</nobr> <nobr><i>AC</i>  =  <i>BC</i>  =  13,</nobr> впи­са­на окруж­ность еди­нич­но­го ра­ди­у­са, точки <i>О</i><sub>1</sub>, <i>О</i><sub>2</sub> и <i>О</i><sub>3</sub> цен­тры этих окруж­но­стей. Най­ди­те: </p><p class=\"left_margin\">а)  ра­ди­ус окруж­но­сти, впи­сан­ной в тре­уголь­ник <i>ABC</i>; </p><p class=\"left_margin\">б)  пло­щадь тре­уголь­ни­ка <i>О</i><sub>1</sub>, <i>О</i><sub>2</sub>, <i>О</i><sub>3</sub>.</p></div>",
        "image_urls": []
    },
    "solution": {
        "text": "Решение. а)  По теореме Пифагора высота CH треугольника ABC, проведенная к основанию AB, равна 12. Значит, площадь  С другой стороны,  откуда б)  Высота  треугольника  равна  Заметим, что четырехугольник   — прямоугольник. Действительно, прямые  параллельны   как радиусы, прямая  перпендикулярна прямой  как радиус, проведенный в точку касания. Поскольку прямые XH и  перпендикулярны,  Прямая   — гипотенуза прямоугольного треугольника  Поскольку  а  получаем, что  Следовательно,   Треугольник ABC подобен треугольнику  по двум углам (поскольку соответствующие стороны параллельны) с коэффициентом подобия, равным Площади подобных треугольников относятся как квадрат коэффициента подобия, поэтому  Подставляя, получаем  откуда  Ответ: б) 29,4.",
        "html": "<div align=\"justify\" width=\"100%\" id=\"sol558931\" class=\"solution\" style=\"clear:both;\" class=\"pbody\"><p class=\"left_margin\"></p><b>Ре­ше­ние<!--rule_info-->. </b><p class=\"left_margin\"><img src=\"/get_file?id=148912\" style=\"float:right;margin:10px;max-width:100%\"></p><p class=\"left_margin\">а)  По тео­ре­ме Пи­фа­го­ра вы­со­та <i>CH</i> тре­уголь­ни­ка <i>ABC</i>, про­ве­ден­ная к ос­но­ва­нию <i>AB</i>, равна 12. Зна­чит, пло­щадь <img src=\"https://ege.sdamgia.ru/formula/svg/70/70dcab2a96225d95c3dd256b54cd08ba.svg\" class=\"tex\" style=\"vertical-align:-2.5pt\" alt=\"S_ABC=60.\"> С дру­гой сто­ро­ны, <img src=\"https://ege.sdamgia.ru/formula/svg/91/91fb79eee445d6414a9508f423097023.svg\" class=\"tex\" style=\"vertical-align:-3.0pt\" alt=\"S_ABC=p r=18r,\"> от­ку­да <img src=\"https://ege.sdamgia.ru/formula/svg/d2/d2d853dd407b863a235c278878c2bd64.svg\" class=\"tex\" style=\"vertical-align:-8.5pt\" alt=\"r= дробь: чис­ли­тель: 10, зна­ме­на­тель: 3 конец дроби . \"></p><p class=\"left_margin\">б)  Вы­со­та <img src=\"https://ege.sdamgia.ru/formula/svg/0b/0bf4aed71b2f864c7b96c9588d881be9.svg\" class=\"tex\" style=\"vertical-align:-2.5pt\" alt=\"O_2X\"> тре­уголь­ни­ка <img src=\"https://ege.sdamgia.ru/formula/svg/6e/6e7858395256a541c9e3b58bb1d549cb.svg\" class=\"tex\" style=\"vertical-align:-2.6pt\" alt=\"O_1O_2O_3\"> равна <img src=\"https://ege.sdamgia.ru/formula/svg/06/06f44c3c7258f65d8bfa581183a313d4.svg\" class=\"tex\" style=\"vertical-align:-2.5pt\" alt=\"CH минус CO_2 минус XH.\"> За­ме­тим, что че­ты­рех­уголь­ник <img src=\"https://ege.sdamgia.ru/formula/svg/b2/b22fd3c5e4910505b6d4105f3ef8a691.svg\" class=\"tex\" style=\"vertical-align:-2.6pt\" alt=\"O_1O_3H_3H_1\">  — пря­мо­уголь­ник. Дей­стви­тель­но, пря­мые <img src=\"https://ege.sdamgia.ru/formula/svg/dd/dd0730ae23b13d2b2d53529b16d78552.svg\" class=\"tex\" style=\"vertical-align:-2.6pt\" alt=\"O_3H_3\"> па­рал­лель­ны <img src=\"https://ege.sdamgia.ru/formula/svg/6b/6b8a3260880637bdcf7123022b45044d.svg\" class=\"tex\" style=\"vertical-align:-3.0pt\" alt=\"O_1H_1,\"> <img src=\"https://ege.sdamgia.ru/formula/svg/db/db3287323f179538ede42e7778c18b28.svg\" class=\"tex\" style=\"vertical-align:-2.6pt\" alt=\"O_3H_3=O_1H_1\"> как ра­ди­у­сы, пря­мая <img src=\"https://ege.sdamgia.ru/formula/svg/dd/dd0730ae23b13d2b2d53529b16d78552.svg\" class=\"tex\" style=\"vertical-align:-2.6pt\" alt=\"O_3H_3\"> пер­пен­ди­ку­ляр­на пря­мой <img src=\"https://ege.sdamgia.ru/formula/svg/9b/9bcafcf7571ccc8490c0bb2fce396695.svg\" class=\"tex\" style=\"vertical-align:-2.6pt\" alt=\"H_1H_3\"> как ра­ди­ус, про­ве­ден­ный в точку ка­са­ния. По­сколь­ку пря­мые <i>XH</i> и <img src=\"https://ege.sdamgia.ru/formula/svg/9b/9bcafcf7571ccc8490c0bb2fce396695.svg\" class=\"tex\" style=\"vertical-align:-2.6pt\" alt=\"H_1H_3\"> пер­пен­ди­ку­ляр­ны, <img src=\"https://ege.sdamgia.ru/formula/svg/76/766362e94129b589b17b7da43fb2f1e7.svg\" class=\"tex\" style=\"vertical-align:-1.8pt\" alt=\"XH=1.\"> Пря­мая <img src=\"https://ege.sdamgia.ru/formula/svg/1f/1f97ded0269589e6de9986986596b429.svg\" class=\"tex\" style=\"vertical-align:-2.4pt\" alt=\"CO_2\">  — ги­по­те­ну­за пря­мо­уголь­но­го тре­уголь­ни­ка <img src=\"https://ege.sdamgia.ru/formula/svg/49/49ec3fad5f1c704825e2263c6c8b25b4.svg\" class=\"tex\" style=\"vertical-align:-2.5pt\" alt=\"CO_2H_2.\"> По­сколь­ку <img src=\"https://ege.sdamgia.ru/formula/svg/3c/3ccacdf7e1b12d210ae1b7ca0989e6f2.svg\" class=\"tex\" style=\"vertical-align:-3.0pt\" alt=\"O_2H_2=1,\"> а </p><p class=\"left_margin\"></p><center><p><img src=\"https://ege.sdamgia.ru/formula/svg/aa/aa8f83465c336167908b4dab9f3045cb.svg\" class=\"tex\" style=\"vertical-align:-10.0pt\" alt=\" синус \\angle H_2CO_2= дробь: чис­ли­тель: O_2H_2, зна­ме­на­тель: CO_2 конец дроби = дробь: чис­ли­тель: AH, зна­ме­на­тель: AC конец дроби = дробь: чис­ли­тель: 5, зна­ме­на­тель: 13 конец дроби , \"> </p><p class=\"left_margin\"></p></center><p>по­лу­ча­ем, что <img src=\"https://ege.sdamgia.ru/formula/svg/7e/7edf6f64d72603eb6796f80bcad3658d.svg\" class=\"tex\" style=\"vertical-align:-8.5pt\" alt=\"CO_2= дробь: чис­ли­тель: 13, зна­ме­на­тель: 5 конец дроби . \"> Сле­до­ва­тель­но, </p><p class=\"left_margin\"></p><center><p><img src=\"https://ege.sdamgia.ru/formula/svg/41/41aec82349fd221bb8f5e1701f57c805.svg\" class=\"tex\" style=\"vertical-align:-8.5pt\" alt=\"O_2X=12 минус 1 минус дробь: чис­ли­тель: 13, зна­ме­на­тель: 5 конец дроби = дробь: чис­ли­тель: 42, зна­ме­на­тель: 5 конец дроби . \"> </p><p class=\"left_margin\"></p></center><p> Тре­уголь­ник <i>ABC</i> по­до­бен тре­уголь­ни­ку <img src=\"https://ege.sdamgia.ru/formula/svg/6e/6e7858395256a541c9e3b58bb1d549cb.svg\" class=\"tex\" style=\"vertical-align:-2.6pt\" alt=\"O_1O_2O_3\"> по двум углам (по­сколь­ку со­от­вет­ству­ю­щие сто­ро­ны па­рал­лель­ны) с ко­эф­фи­ци­ен­том по­до­бия, рав­ным </p><p class=\"left_margin\"></p><center><p><img src=\"https://ege.sdamgia.ru/formula/svg/f4/f439ff9bead31e0d4739c95c078e676d.svg\" class=\"tex\" style=\"vertical-align:-10.0pt\" alt=\"k= дробь: чис­ли­тель: CH, зна­ме­на­тель: O_2X конец дроби =12: дробь: чис­ли­тель: 42, зна­ме­на­тель: 5 конец дроби = дробь: чис­ли­тель: 10, зна­ме­на­тель: 7 конец дроби . \"></p><p class=\"left_margin\"></p></center><p class=\"left_margin\">Пло­ща­ди по­доб­ных тре­уголь­ни­ков от­но­сят­ся как квад­рат ко­эф­фи­ци­ен­та по­до­бия, по­это­му <img src=\"https://ege.sdamgia.ru/formula/svg/85/85dfc5e3cea0c088df051ced7ddad27f.svg\" class=\"tex\" style=\"vertical-align:-11.3pt\" alt=\"k в квад­ра­те = дробь: чис­ли­тель: S_ABC, зна­ме­на­тель: S_O_1O_2O_3 конец дроби . \"> Под­став­ляя, по­лу­ча­ем <img src=\"https://ege.sdamgia.ru/formula/svg/71/71832389c383ce895d9ce69744852d74.svg\" class=\"tex\" style=\"vertical-align:-11.3pt\" alt=\" дробь: чис­ли­тель: 100, зна­ме­на­тель: 49 конец дроби = дробь: чис­ли­тель: 60, зна­ме­на­тель: S_O_1O_2O_3 конец дроби , \"> от­ку­да <img src=\"https://ege.sdamgia.ru/formula/svg/46/4601de5d5a82c9f207c90675392c8c41.svg\" class=\"tex\" style=\"vertical-align:-3.8pt\" alt=\"S_O_1O_2O_3=29,4.\"></p><p>&nbsp;</p><p><span style=\"letter-spacing: 2px;\">Ответ:</span> б) 29,4.</p></div>",
        "image_urls": [
            "https://ege.sdamgia.ru/formula/svg/70/70dcab2a96225d95c3dd256b54cd08ba.svg",
            "https://ege.sdamgia.ru/formula/svg/91/91fb79eee445d6414a9508f423097023.svg",
            "https://ege.sdamgia.ru/formula/svg/d2/d2d853dd407b863a235c278878c2bd64.svg",
            "https://ege.sdamgia.ru/formula/svg/0b/0bf4aed71b2f864c7b96c9588d881be9.svg",
            "https://ege.sdamgia.ru/formula/svg/6e/6e7858395256a541c9e3b58bb1d549cb.svg",
            "https://ege.sdamgia.ru/formula/svg/06/06f44c3c7258f65d8bfa581183a313d4.svg",
            "https://ege.sdamgia.ru/formula/svg/b2/b22fd3c5e4910505b6d4105f3ef8a691.svg",
            "https://ege.sdamgia.ru/formula/svg/dd/dd0730ae23b13d2b2d53529b16d78552.svg",
            "https://ege.sdamgia.ru/formula/svg/6b/6b8a3260880637bdcf7123022b45044d.svg",
            "https://ege.sdamgia.ru/formula/svg/db/db3287323f179538ede42e7778c18b28.svg",
            "https://ege.sdamgia.ru/formula/svg/dd/dd0730ae23b13d2b2d53529b16d78552.svg",
            "https://ege.sdamgia.ru/formula/svg/9b/9bcafcf7571ccc8490c0bb2fce396695.svg",
            "https://ege.sdamgia.ru/formula/svg/9b/9bcafcf7571ccc8490c0bb2fce396695.svg",
            "https://ege.sdamgia.ru/formula/svg/76/766362e94129b589b17b7da43fb2f1e7.svg",
            "https://ege.sdamgia.ru/formula/svg/1f/1f97ded0269589e6de9986986596b429.svg",
            "https://ege.sdamgia.ru/formula/svg/49/49ec3fad5f1c704825e2263c6c8b25b4.svg",
            "https://ege.sdamgia.ru/formula/svg/3c/3ccacdf7e1b12d210ae1b7ca0989e6f2.svg",
            "https://ege.sdamgia.ru/formula/svg/aa/aa8f83465c336167908b4dab9f3045cb.svg",
            "https://ege.sdamgia.ru/formula/svg/7e/7edf6f64d72603eb6796f80bcad3658d.svg",
            "https://ege.sdamgia.ru/formula/svg/41/41aec82349fd221bb8f5e1701f57c805.svg",
            "https://ege.sdamgia.ru/formula/svg/6e/6e7858395256a541c9e3b58bb1d549cb.svg",
            "https://ege.sdamgia.ru/formula/svg/f4/f439ff9bead31e0d4739c95c078e676d.svg",
            "https://ege.sdamgia.ru/formula/svg/85/85dfc5e3cea0c088df051ced7ddad27f.svg",
            "https://ege.sdamgia.ru/formula/svg/71/71832389c383ce895d9ce69744852d74.svg",
            "https://ege.sdamgia.ru/formula/svg/46/4601de5d5a82c9f207c90675392c8c41.svg",
            "/get_file?id=148912"
        ]
    },
    "answer": "б) 29,4.",
    "topic_id": 17,
    "analog_ids": []
}