{
    "gia_type": "ege",
    "subject": "math",
    "id": 563110,
    "condition": {
        "text": "Окружность,  вписанная  в  треугольник ABC,   делит  медиану BM на  три  равные части.а)  Докажите, что BC : CA : AB  =  5 : 10 : 13.б)  Найдите радиус вписанной окружности, если BM  =  12.",
        "html": "<div align=\"justify\" width=\"100%\" id=\"body457050\" class=\"pbody\"><p class=\"left_margin\">Окруж­ность,  впи­сан­ная  в  тре­уголь­ник <i>ABC</i>,   делит  ме­ди­а­ну <i>BM</i> на  три  рав­ные части.</p><p class=\"left_margin\">а)  До­ка­жи­те, что <i>BC</i> : <i>CA</i> : <i>AB</i>  =  5 : 10 : 13.</p><p class=\"left_margin\">б)  Най­ди­те ра­ди­ус впи­сан­ной окруж­но­сти, если <i>BM</i>  =  12.</p></div>",
        "image_urls": []
    },
    "solution": {
        "text": "Решение. а)  Пусть прямая BM пересекает вписанную окружность в точках N, O, а точки касания окружности и сторон треугольника AB, BC, AC  — это точки R, P, S соответственно. Пусть еще BN  =  NO  =  OM  =  x. Тогда по теореме о квадрате касательной получаем, что  откуда  Обозначим длину отрезка PC за y. Получаем, что  Запишем теперь формулу для длины медианы:  Получаем:  Тогда    Что и требовалось доказать.б)  Из условия следует, что x  =  4, значит,  Тогда полупериметр треугольника ABC равен  По формуле Герона получаем площадь треугольника ABC: Выражая площадь по-другому, получим: Ответ: б) ",
        "html": "<div align=\"justify\" width=\"100%\" id=\"sol563110\" class=\"solution\" style=\"clear:both;\" class=\"pbody\"><p class=\"left_margin\"></p><b>Ре­ше­ние<!--rule_info-->. </b><p class=\"left_margin\">а)  Пусть пря­мая <i>BM</i> пе­ре­се­ка­ет впи­сан­ную окруж­ность в точ­ках <i>N</i>, <i>O</i>, а точки ка­са­ния окруж­но­сти и сто­рон тре­уголь­ни­ка <i>AB</i>, <i>BC</i>, <i>AC</i>  — это точки <i>R</i>, <i>P</i>, <i>S</i> со­от­вет­ствен­но. Пусть еще <i>BN</i>  =  <i>NO</i>  =  <i>OM</i>  =  <i>x</i>. Тогда по тео­ре­ме о квад­ра­те ка­са­тель­ной по­лу­ча­ем, что </p><p class=\"left_margin\"></p><center><p><img src=\"https://ege.sdamgia.ru/formula/svg/4a/4a9258146dd2473dd12bb36bc9e58bc1.svg\" class=\"tex\" style=\"vertical-align:-3.0pt\" alt=\"BR в квад­ра­те =BP в квад­ра­те =MS в квад­ра­те =x умно­жить на 2x=2x в квад­ра­те ,\"></p><p class=\"left_margin\"></p></center><p><img src=\"/get_file?id=86861\" style=\"margin:10px auto;display:block;max-width:100%\"></p><p> от­ку­да <img src=\"https://ege.sdamgia.ru/formula/svg/77/77178ba383920d6fa36fe8ee224d9971.svg\" class=\"tex\" style=\"vertical-align:-1.8pt\" alt=\"BP=BR=MS= ко­рень из: на­ча­ло ар­гу­мен­та: 2 конец ар­гу­мен­та x.\"> Обо­зна­чим длину от­рез­ка <i>PC</i> за <i>y</i>. По­лу­ча­ем, что  </p><p class=\"left_margin\"></p><center><p><img src=\"https://ege.sdamgia.ru/formula/svg/a2/a2e322e4975c4fa3b88f4fba98453363.svg\" class=\"tex\" style=\"vertical-align:-3.0pt\" alt=\"BC= ко­рень из: на­ча­ло ар­гу­мен­та: 2 конец ар­гу­мен­та x плюс y,\"></p><p><img src=\"https://ege.sdamgia.ru/formula/svg/c6/c6cbefa28cbd8be4ef8d9968b3bc3f32.svg\" class=\"tex\" style=\"vertical-align:-3.6pt\" alt=\"AC=2MC=2 левая круг­лая скоб­ка ко­рень из: на­ча­ло ар­гу­мен­та: 2 конец ар­гу­мен­та x плюс y пра­вая круг­лая скоб­ка ,\"></p><p><img src=\"https://ege.sdamgia.ru/formula/svg/ae/aebe1d2deef346a1444508d234faf6d4.svg\" class=\"tex\" style=\"vertical-align:-2.9pt\" alt=\"AB=BR плюс RA= ко­рень из: на­ча­ло ар­гу­мен­та: 2 конец ар­гу­мен­та x плюс AS= ко­рень из: на­ча­ло ар­гу­мен­та: 2 конец ар­гу­мен­та x плюс ко­рень из: на­ча­ло ар­гу­мен­та: 2 конец ар­гу­мен­та x плюс ко­рень из: на­ча­ло ар­гу­мен­та: 2 конец ар­гу­мен­та x плюс y=3 ко­рень из: на­ча­ло ар­гу­мен­та: 2 конец ар­гу­мен­та x плюс y.\"></p><p class=\"left_margin\"></p></center><p class=\"left_margin\">За­пи­шем те­перь фор­му­лу для длины ме­ди­а­ны: </p><p class=\"left_margin\"></p><center><p><img src=\"https://ege.sdamgia.ru/formula/svg/58/58f19c1bc28296b8992bd675626f0ce4.svg\" class=\"tex\" style=\"vertical-align:-8.4pt\" alt=\"BM в квад­ра­те = дробь: чис­ли­тель: 2BC в квад­ра­те плюс 2BA в квад­ра­те минус AC в квад­ра­те , зна­ме­на­тель: 4 конец дроби . \"></p><p class=\"left_margin\"></p></center><p> По­лу­ча­ем: </p><p class=\"left_margin\"></p><center><p><img src=\"https://ege.sdamgia.ru/formula/svg/dc/dc177e37d548dfae6134f91e4d5f5ec9.svg\" class=\"tex\" style=\"vertical-align:-8.4pt\" alt=\"9x в квад­ра­те = дробь: чис­ли­тель: 2 левая круг­лая скоб­ка 2x в квад­ра­те плюс 2 ко­рень из: на­ча­ло ар­гу­мен­та: 2 конец ар­гу­мен­та xy плюс y в квад­ра­те пра­вая круг­лая скоб­ка плюс 2 левая круг­лая скоб­ка 18x в квад­ра­те плюс 6 ко­рень из: на­ча­ло ар­гу­мен­та: 2 конец ар­гу­мен­та xy плюс y в квад­ра­те пра­вая круг­лая скоб­ка минус 8x в квад­ра­те минус 8 ко­рень из: на­ча­ло ар­гу­мен­та: 2 конец ар­гу­мен­та xy минус 4y в квад­ра­те , зна­ме­на­тель: 4 конец дроби рав­но­силь­но \"></p><p><img src=\"https://ege.sdamgia.ru/formula/svg/c7/c7d394596688792d9dfd64c577d3614e.svg\" class=\"tex\" style=\"vertical-align:-3.0pt\" alt=\" рав­но­силь­но 36x в квад­ра­те =32x в квад­ра­те плюс 8 ко­рень из: на­ча­ло ар­гу­мен­та: 2 конец ар­гу­мен­та xy рав­но­силь­но 2 ко­рень из: на­ча­ло ар­гу­мен­та: 2 конец ар­гу­мен­та y=x.\"></p><p class=\"left_margin\"></p></center><p> Тогда </p><p class=\"left_margin\"></p><center><p><img src=\"https://ege.sdamgia.ru/formula/svg/f0/f0cf896d447d1f04ebcc52fa049c6834.svg\" class=\"tex\" style=\"vertical-align:-3.0pt\" alt=\"BC= ко­рень из: на­ча­ло ар­гу­мен­та: 2 конец ар­гу­мен­та умно­жить на 2 ко­рень из: на­ча­ло ар­гу­мен­та: 2 конец ар­гу­мен­та y плюс y=5y,\"> </p><p><img src=\"https://ege.sdamgia.ru/formula/svg/88/88f69eba23ad2d3956e318ffdd2b4b3a.svg\" class=\"tex\" style=\"vertical-align:-3.0pt\" alt=\"AC=2BC=10y,\"> </p><p><img src=\"https://ege.sdamgia.ru/formula/svg/2f/2faaacd5b325c77c22361b7f8f988d55.svg\" class=\"tex\" style=\"vertical-align:-3.0pt\" alt=\"AB=3 ко­рень из: на­ча­ло ар­гу­мен­та: 2 конец ар­гу­мен­та умно­жить на 2 ко­рень из: на­ча­ло ар­гу­мен­та: 2 конец ар­гу­мен­та y плюс y=13y.\"></p><p class=\"left_margin\"></p></center><p> Что и тре­бо­ва­лось до­ка­зать.</p><p class=\"left_margin\">б)  Из усло­вия сле­ду­ет, что <i>x</i>  =  4, зна­чит, <img src=\"https://ege.sdamgia.ru/formula/svg/41/4114eabd23303b59672fda0cc705e539.svg\" class=\"tex\" style=\"vertical-align:-3.0pt\" alt=\"y= ко­рень из: на­ча­ло ар­гу­мен­та: 2 конец ар­гу­мен­та .\"> Тогда по­лу­пе­ри­метр тре­уголь­ни­ка <i>ABC</i> равен </p><p class=\"left_margin\"></p><center><p><img src=\"https://ege.sdamgia.ru/formula/svg/96/96f958266ba2c051142eb8fa00d2cbdc.svg\" class=\"tex\" style=\"vertical-align:-3.6pt\" alt=\"p= левая круг­лая скоб­ка 5 ко­рень из: на­ча­ло ар­гу­мен­та: 2 конец ар­гу­мен­та плюс 10 ко­рень из: на­ча­ло ар­гу­мен­та: 2 конец ар­гу­мен­та плюс 13 ко­рень из: на­ча­ло ар­гу­мен­та: 2 конец ар­гу­мен­та пра­вая круг­лая скоб­ка :2=14 ко­рень из: на­ча­ло ар­гу­мен­та: 2 конец ар­гу­мен­та .\"></p><p class=\"left_margin\"></p></center><p> По фор­му­ле Ге­ро­на по­лу­ча­ем пло­щадь тре­уголь­ни­ка <i>ABC</i>:</p><p class=\"left_margin\"></p><center><p><img src=\"https://ege.sdamgia.ru/formula/svg/5c/5c39c2caf88b33cffc1d3648d6aab0fb.svg\" class=\"tex\" style=\"vertical-align:-4.8pt\" alt=\"S= ко­рень из: на­ча­ло ар­гу­мен­та: 14 ко­рень из: на­ча­ло ар­гу­мен­та: 2 конец ар­гу­мен­та умно­жить на ко­рень из: на­ча­ло ар­гу­мен­та: 2 конец ар­гу­мен­та умно­жить на 9 ко­рень из: на­ча­ло ар­гу­мен­та: 2 конец ар­гу­мен­та умно­жить на 4 ко­рень из: на­ча­ло ар­гу­мен­та: 2 конец ар­гу­мен­та конец ар­гу­мен­та =12 ко­рень из: на­ча­ло ар­гу­мен­та: 14 конец ар­гу­мен­та .\"></p><p class=\"left_margin\"></p></center><p> Вы­ра­жая пло­щадь по-дру­го­му, по­лу­чим: </p><p class=\"left_margin\"></p><center><p><img src=\"https://ege.sdamgia.ru/formula/svg/63/63d09e413324cd663eafd650d74ca43b.svg\" class=\"tex\" style=\"vertical-align:-11.1pt\" alt=\"r= дробь: чис­ли­тель: S, зна­ме­на­тель: p конец дроби = дробь: чис­ли­тель: 12 ко­рень из: на­ча­ло ар­гу­мен­та: 14 конец ар­гу­мен­та , зна­ме­на­тель: 14 ко­рень из: на­ча­ло ар­гу­мен­та: 2 конец ар­гу­мен­та конец дроби = дробь: чис­ли­тель: 6 ко­рень из: на­ча­ло ар­гу­мен­та: 7 конец ар­гу­мен­та , зна­ме­на­тель: 7 конец дроби . \"></p><p class=\"left_margin\"></p></center><p><span style=\"letter-spacing: 2px;\">Ответ:</span> б) <img src=\"https://ege.sdamgia.ru/formula/svg/27/2778864d2a280b87cf2f6f00e621460d.svg\" class=\"tex\" style=\"vertical-align:-8.5pt\" alt=\" дробь: чис­ли­тель: 6 ко­рень из: на­ча­ло ар­гу­мен­та: 7 конец ар­гу­мен­та , зна­ме­на­тель: 7 конец дроби . \"></p></div>",
        "image_urls": [
            "https://ege.sdamgia.ru/formula/svg/4a/4a9258146dd2473dd12bb36bc9e58bc1.svg",
            "https://ege.sdamgia.ru/formula/svg/77/77178ba383920d6fa36fe8ee224d9971.svg",
            "https://ege.sdamgia.ru/formula/svg/a2/a2e322e4975c4fa3b88f4fba98453363.svg",
            "https://ege.sdamgia.ru/formula/svg/c6/c6cbefa28cbd8be4ef8d9968b3bc3f32.svg",
            "https://ege.sdamgia.ru/formula/svg/ae/aebe1d2deef346a1444508d234faf6d4.svg",
            "https://ege.sdamgia.ru/formula/svg/58/58f19c1bc28296b8992bd675626f0ce4.svg",
            "https://ege.sdamgia.ru/formula/svg/dc/dc177e37d548dfae6134f91e4d5f5ec9.svg",
            "https://ege.sdamgia.ru/formula/svg/c7/c7d394596688792d9dfd64c577d3614e.svg",
            "https://ege.sdamgia.ru/formula/svg/f0/f0cf896d447d1f04ebcc52fa049c6834.svg",
            "https://ege.sdamgia.ru/formula/svg/88/88f69eba23ad2d3956e318ffdd2b4b3a.svg",
            "https://ege.sdamgia.ru/formula/svg/2f/2faaacd5b325c77c22361b7f8f988d55.svg",
            "https://ege.sdamgia.ru/formula/svg/41/4114eabd23303b59672fda0cc705e539.svg",
            "https://ege.sdamgia.ru/formula/svg/96/96f958266ba2c051142eb8fa00d2cbdc.svg",
            "https://ege.sdamgia.ru/formula/svg/5c/5c39c2caf88b33cffc1d3648d6aab0fb.svg",
            "https://ege.sdamgia.ru/formula/svg/63/63d09e413324cd663eafd650d74ca43b.svg",
            "https://ege.sdamgia.ru/formula/svg/27/2778864d2a280b87cf2f6f00e621460d.svg",
            "/get_file?id=86861"
        ]
    },
    "answer": "б)",
    "topic_id": 17,
    "analog_ids": []
}