{
    "gia_type": "ege",
    "subject": "math",
    "id": 620972,
    "condition": {
        "text": "На  стороне  KM  остроугольного  треугольника  PKM  (PK ≠ PM)  как  на  диаметре построена  полуокружность,  пересекающая высоту  PS в  точке T,  PS  =  8, TS  =  6, H  — точка пересечения высот треугольника PKM. а)  Найдите PH. б)   Полуокружность  пересекает  стороны  PK  и  PM  в  точках  L  и  N  соответственно. Найдите  коэффициент  подобия  треугольников  PKM  и  PNL,  если  радиус полуокружности равен 20.",
        "html": "<div align=\"justify\" width=\"100%\" id=\"body464720\" class=\"pbody\"><p class=\"left_margin\">На  сто­ро­не  <i>KM</i>  ост­ро­уголь­но­го  тре­уголь­ни­ка  <i>PKM</i>  (<i>PK</i> ≠ <i>PM</i>)  как  на  диа­мет­ре по­стро­е­на  по­лу­окруж­ность,  пе­ре­се­ка­ю­щая вы­со­ту  <i>PS</i> в  точке <i>T</i>,  <i>PS</i>  =  8, <i>TS</i>  =  6, <i>H</i>  — точка пе­ре­се­че­ния высот тре­уголь­ни­ка <i>PKM</i>. </p><p class=\"left_margin\">а)  Най­ди­те <i>PH</i>. </p><p class=\"left_margin\">б)   По­лу­окруж­ность  пе­ре­се­ка­ет  сто­ро­ны  <i>PK</i>  и  <i>PM</i>  в  точ­ках  <i>L</i>  и  <i>N</i>  со­от­вет­ствен­но. Най­ди­те  ко­эф­фи­ци­ент  по­до­бия  тре­уголь­ни­ков  <i>PKM</i>  и  <i>PNL</i>,  если  ра­ди­ус по­лу­окруж­но­сти равен 20.</p></div>",
        "image_urls": []
    },
    "solution": {
        "text": "Решение. а)  Достроим полуокружность до окружности. Пусть прямая PT второй раз пересекает эту окружность в точке B. По теореме о произведении секущей на её внешнюю часть получаем, что  Треугольники PHL и PKS подобны по двум углам, поэтому  откуда  Таким образом,  то есть  Отсюда PH  =  3,5.б)  По теореме синусов диаметр окружности, описанной около треугольника PKM равен  Диаметр окружности, описанной около треугольника PNL  — это отрезок PH. Поэтому искомый коэффициент подобия равен  C другой стороны, искомый коэффициент подобия равен  Получаем равенство:  Отсюда  Тогда  Значит, искомый коэффициент подобия равен  Ответ: ",
        "html": "<div align=\"justify\" width=\"100%\" id=\"sol620972\" class=\"solution\" style=\"clear:both;\" class=\"pbody\"><p class=\"left_margin\"></p><b>Ре­ше­ние<!--rule_info-->. </b><p class=\"left_margin\"><img src=\"/get_file?id=150042\" style=\"float:right;margin:10px;max-width:100%\"></p><p class=\"left_margin\">а)  До­стро­им по­лу­окруж­ность до окруж­но­сти. Пусть пря­мая <i>PT</i> вто­рой раз пе­ре­се­ка­ет эту окруж­ность в точке <i>B</i>. По тео­ре­ме о про­из­ве­де­нии се­ку­щей на её внеш­нюю часть по­лу­ча­ем, что <img src=\"https://ege.sdamgia.ru/formula/svg/0f/0f2317f02502df82eb8c20f984fcf036.svg\" class=\"tex\" style=\"vertical-align:-1.8pt\" alt=\"PT умно­жить на PB=PL умно­жить на PK.\"> Тре­уголь­ни­ки <i>PHL</i> и <i>PKS</i> по­доб­ны по двум углам, по­это­му <img src=\"https://ege.sdamgia.ru/formula/svg/58/58768295ffcb653f88228765fa5bd030.svg\" class=\"tex\" style=\"vertical-align:-3.0pt\" alt=\"PH:PK=PL:PS,\"> от­ку­да <img src=\"https://ege.sdamgia.ru/formula/svg/99/992c8193ada5add58ef46eaf1e042a8c.svg\" class=\"tex\" style=\"vertical-align:-1.8pt\" alt=\"PL умно­жить на PK=PH умно­жить на PS.\"> Таким об­ра­зом, <img src=\"https://ege.sdamgia.ru/formula/svg/84/84d3f5fdf64d6106418ced87c856995c.svg\" class=\"tex\" style=\"vertical-align:-3.0pt\" alt=\"PH умно­жить на PS=PT умно­жить на PB,\"> то есть <img src=\"https://ege.sdamgia.ru/formula/svg/06/066de8891568272f4d3f3c9a291d3908.svg\" class=\"tex\" style=\"vertical-align:-3.6pt\" alt=\"PH умно­жить на 8= левая круг­лая скоб­ка 8 минус 6 пра­вая круг­лая скоб­ка левая круг­лая скоб­ка 8 плюс 6 пра­вая круг­лая скоб­ка .\"> От­сю­да <i>PH</i>  =  3,5.</p><p class=\"left_margin\">б)  По тео­ре­ме си­ну­сов диа­метр окруж­но­сти, опи­сан­ной около тре­уголь­ни­ка <i>PKM</i> равен <img src=\"https://ege.sdamgia.ru/formula/svg/cd/cda6cc159cc09cdbd0adc161c94d25d2.svg\" class=\"tex\" style=\"vertical-align:-8.5pt\" alt=\" дробь: чис­ли­тель: KM, зна­ме­на­тель: синус P конец дроби . \"> Диа­метр окруж­но­сти, опи­сан­ной около тре­уголь­ни­ка <i>PNL</i>  — это от­ре­зок <i>PH</i>. По­это­му ис­ко­мый ко­эф­фи­ци­ент по­до­бия равен <img src=\"https://ege.sdamgia.ru/formula/svg/35/35d4256d04a5ec69bf109d2b7fa16524.svg\" class=\"tex\" style=\"vertical-align:-8.5pt\" alt=\" дробь: чис­ли­тель: KM, зна­ме­на­тель: PH синус P конец дроби = дробь: чис­ли­тель: 80, зна­ме­на­тель: 7 синус P конец дроби . \"> C дру­гой сто­ро­ны, ис­ко­мый ко­эф­фи­ци­ент по­до­бия равен <img src=\"https://ege.sdamgia.ru/formula/svg/f1/f1440fda3d7540588bad98313f773ec1.svg\" class=\"tex\" style=\"vertical-align:-8.5pt\" alt=\" дробь: чис­ли­тель: PM, зна­ме­на­тель: PL конец дроби = дробь: чис­ли­тель: 1, зна­ме­на­тель: ко­си­нус P конец дроби . \"> По­лу­ча­ем ра­вен­ство: <img src=\"https://ege.sdamgia.ru/formula/svg/05/050402a4441b10f440bf7beb1505743c.svg\" class=\"tex\" style=\"vertical-align:-8.5pt\" alt=\" дробь: чис­ли­тель: 80, зна­ме­на­тель: 7 синус P конец дроби = дробь: чис­ли­тель: 1, зна­ме­на­тель: ко­си­нус P конец дроби . \"> От­сю­да <img src=\"https://ege.sdamgia.ru/formula/svg/16/163430d670661f2a0bc478a0a427e069.svg\" class=\"tex\" style=\"vertical-align:-8.5pt\" alt=\" тан­генс P= дробь: чис­ли­тель: 80, зна­ме­на­тель: 7 конец дроби . \"> Тогда </p><p class=\"left_margin\"></p><center><p><img src=\"https://ege.sdamgia.ru/formula/svg/f0/f02513b37280375a1d88a2b0331ed378.svg\" class=\"tex\" style=\"vertical-align:-8.4pt\" alt=\" дробь: чис­ли­тель: 1, зна­ме­на­тель: ко­си­нус в квад­ра­те P конец дроби = 1 плюс тан­генс в квад­ра­те P=1 плюс дробь: чис­ли­тель: 6400, зна­ме­на­тель: 49 конец дроби = дробь: чис­ли­тель: 6449, зна­ме­на­тель: 49 конец дроби . \"></p><p class=\"left_margin\"></p></center><p> Зна­чит, ис­ко­мый ко­эф­фи­ци­ент по­до­бия равен <img src=\"https://ege.sdamgia.ru/formula/svg/33/339ae382dfb6565dfdd9b6578b866fc6.svg\" class=\"tex\" style=\"vertical-align:-8.5pt\" alt=\" дробь: чис­ли­тель: ко­рень из: на­ча­ло ар­гу­мен­та: 6449 конец ар­гу­мен­та , зна­ме­на­тель: 7 конец дроби . \"></p><p>&nbsp;</p><p><span style=\"letter-spacing: 2px;\">Ответ:</span> <img src=\"https://ege.sdamgia.ru/formula/svg/33/339ae382dfb6565dfdd9b6578b866fc6.svg\" class=\"tex\" style=\"vertical-align:-8.5pt\" alt=\" дробь: чис­ли­тель: ко­рень из: на­ча­ло ар­гу­мен­та: 6449 конец ар­гу­мен­та , зна­ме­на­тель: 7 конец дроби . \"></p></div>",
        "image_urls": [
            "https://ege.sdamgia.ru/formula/svg/0f/0f2317f02502df82eb8c20f984fcf036.svg",
            "https://ege.sdamgia.ru/formula/svg/58/58768295ffcb653f88228765fa5bd030.svg",
            "https://ege.sdamgia.ru/formula/svg/99/992c8193ada5add58ef46eaf1e042a8c.svg",
            "https://ege.sdamgia.ru/formula/svg/84/84d3f5fdf64d6106418ced87c856995c.svg",
            "https://ege.sdamgia.ru/formula/svg/06/066de8891568272f4d3f3c9a291d3908.svg",
            "https://ege.sdamgia.ru/formula/svg/cd/cda6cc159cc09cdbd0adc161c94d25d2.svg",
            "https://ege.sdamgia.ru/formula/svg/35/35d4256d04a5ec69bf109d2b7fa16524.svg",
            "https://ege.sdamgia.ru/formula/svg/f1/f1440fda3d7540588bad98313f773ec1.svg",
            "https://ege.sdamgia.ru/formula/svg/05/050402a4441b10f440bf7beb1505743c.svg",
            "https://ege.sdamgia.ru/formula/svg/16/163430d670661f2a0bc478a0a427e069.svg",
            "https://ege.sdamgia.ru/formula/svg/f0/f02513b37280375a1d88a2b0331ed378.svg",
            "https://ege.sdamgia.ru/formula/svg/33/339ae382dfb6565dfdd9b6578b866fc6.svg",
            "https://ege.sdamgia.ru/formula/svg/33/339ae382dfb6565dfdd9b6578b866fc6.svg",
            "/get_file?id=150042"
        ]
    },
    "answer": "",
    "topic_id": 17,
    "analog_ids": []
}