{
    "gia_type": "ege",
    "subject": "math",
    "id": 627992,
    "condition": {
        "text": "Окружность вписана в треугольник ABC, P  — точка касания окружности со стороной AB, точка M  — середина AB.а)  Докажите, что б)  Найдите углы треугольника, если MC  =  MA, AC > BC, ",
        "html": "<div align=\"justify\" width=\"100%\" id=\"body523236\" class=\"pbody\"><p class=\"left_margin\">Окруж­ность впи­са­на в тре­уголь­ник <i>ABC</i>, <i>P</i>  — точка ка­са­ния окруж­но­сти со сто­ро­ной <i>AB</i>, точка <i>M</i>  — се­ре­ди­на <i>AB</i>.</p><p class=\"left_margin\">а)  До­ка­жи­те, что <img src=\"https://ege.sdamgia.ru/formula/svg/ce/ce247c796ee81f2b33103808dbe6e05c.svg\" class=\"tex\" style=\"vertical-align:-8.4pt\" alt=\"MP= дробь: чис­ли­тель: |AC минус CB|, зна­ме­на­тель: 2 конец дроби . \"></p><p class=\"left_margin\">б)  Най­ди­те углы тре­уголь­ни­ка, если <i>MC</i>  =  <i>MA</i>, <i>AC</i> &gt; <i>BC</i>, <img src=\"https://ege.sdamgia.ru/formula/svg/ed/edbed19a97e1e03a6b4b7955f7062493.svg\" class=\"tex\" style=\"vertical-align:-8.4pt\" alt=\"MP= дробь: чис­ли­тель: r, зна­ме­на­тель: 2 конец дроби . \"></p></div>",
        "image_urls": [
            "https://ege.sdamgia.ru/formula/svg/ce/ce247c796ee81f2b33103808dbe6e05c.svg",
            "https://ege.sdamgia.ru/formula/svg/ed/edbed19a97e1e03a6b4b7955f7062493.svg"
        ]
    },
    "solution": {
        "text": "Решение. а)  Без ограничения общности можно считать, что  Пусть N и K  — точки касания окружности со сторонами AC и BC. Тогда CN  =  CK, BK  =  BP, AN  =  AP. Заметим, что  откуда  В случае AC < BC решение аналогично. Что и требовалось доказать.б)  Если AM  =  MC, то по признаку прямоугольного треугольника угол C равен 90°. Пусть O  — центр окружности. Тогда CNOK  — квадрат, поскольку все его углы прямые и соседние стороны равны. Пусть CK  =  r, BK  =  x. Тогда  Отсюда  Запишем теорему Пифагора для треугольника ABC: Тогда  откуда    Ответ: б)   ",
        "html": "<div align=\"justify\" width=\"100%\" id=\"sol627992\" class=\"solution\" style=\"clear:both;\" class=\"pbody\"><p class=\"left_margin\"></p><b>Ре­ше­ние<!--rule_info-->. </b><p class=\"left_margin\"><img src=\"/get_file?id=105153\" style=\"float:right;margin:10px;max-width:100%\"></p><p class=\"left_margin\">а)  Без огра­ни­че­ния общ­но­сти можно счи­тать, что <img src=\"https://ege.sdamgia.ru/formula/svg/76/763343f12b3f939747667e857682d120.svg\" class=\"tex\" style=\"vertical-align:-2.4pt\" alt=\"AC боль­ше или равно BC.\"> Пусть <i>N</i> и <i>K</i>  — точки ка­са­ния окруж­но­сти со сто­ро­на­ми <i>AC</i> и <i>BC</i>. Тогда <i>CN</i>  =  <i>CK</i>, <i>BK</i>  =  <i>BP</i>, <i>AN</i>  =  <i>AP</i>. За­ме­тим, что </p><p class=\"left_margin\"></p><center><p><img src=\"https://ege.sdamgia.ru/formula/svg/8f/8f5ef29b0da0a0bb01ccd42694f97362.svg\" class=\"tex\" style=\"vertical-align:-3.6pt\" alt=\"AC минус BC=AN минус BK=AP минус BP=AM плюс MP минус левая круг­лая скоб­ка BM минус MP пра­вая круг­лая скоб­ка =2MP,\"></p><p class=\"left_margin\"></p></center><p> от­ку­да <img src=\"https://ege.sdamgia.ru/formula/svg/19/196c48653d88a53de6bea5b53816fab3.svg\" class=\"tex\" style=\"vertical-align:-8.3pt\" alt=\"MP= дробь: чис­ли­тель: AC минус BC, зна­ме­на­тель: 2 конец дроби . \"> В слу­чае <i>AC</i> &lt; <i>BC</i> ре­ше­ние ана­ло­гич­но. Что и тре­бо­ва­лось до­ка­зать.</p><p class=\"left_margin\">б)  Если <i>AM</i>  =  <i>MC</i>, то по при­зна­ку пря­мо­уголь­но­го тре­уголь­ни­ка угол <i>C</i> равен 90°. Пусть <i>O</i>  — центр окруж­но­сти. Тогда <i>CNOK</i>  — квад­рат, по­сколь­ку все его углы пря­мые и со­сед­ние сто­ро­ны равны. Пусть <i>CK</i>  =  <i>r</i>, <i>BK</i>  =  <i>x</i>. Тогда <img src=\"https://ege.sdamgia.ru/formula/svg/0a/0aa665eccd01bc465adc1b5a970d3a1e.svg\" class=\"tex\" style=\"vertical-align:-8.4pt\" alt=\"BM=AM=x плюс дробь: чис­ли­тель: r, зна­ме­на­тель: 2 конец дроби . \"> От­сю­да </p><p><img src=\"/get_file?id=105152\" style=\"float:right;margin:10px;max-width:100%\"></p><p class=\"left_margin\"></p><center><p><img src=\"https://ege.sdamgia.ru/formula/svg/e4/e43cb0a3ee7c39791d3560c9e28fd617.svg\" class=\"tex\" style=\"vertical-align:-8.4pt\" alt=\"AP=AN=x плюс дробь: чис­ли­тель: r, зна­ме­на­тель: 2 конец дроби плюс дробь: чис­ли­тель: r, зна­ме­на­тель: 2 конец дроби =x плюс r. \"></p><p class=\"left_margin\"></p></center><p> За­пи­шем тео­ре­му Пи­фа­го­ра для тре­уголь­ни­ка <i>ABC</i>:</p><p class=\"left_margin\"></p><center><p><span data-width=\"640\" data-formulahash=\"1fdb1a161f775299d9e22ac364ae8f37\" class=\"tex-span\" style=\"\"><img src=\"https://ege.sdamgia.ru/formula/svg/1f/1fdb1a161f775299d9e22ac364ae8f37.svg\" class=\"tex\" style=\"vertical-align:-3.6pt\" alt=\" левая круг­лая скоб­ка x плюс r пра­вая круг­лая скоб­ка в квад­ра­те плюс левая круг­лая скоб­ка x плюс 2r пра­вая круг­лая скоб­ка в квад­ра­те = левая круг­лая скоб­ка 2x плюс r пра­вая круг­лая скоб­ка в квад­ра­те рав­но­силь­но 2x в квад­ра­те =2xr плюс 4r в квад­ра­те рав­но­силь­но левая круг­лая скоб­ка x минус 2r пра­вая круг­лая скоб­ка левая круг­лая скоб­ка x плюс r пра­вая круг­лая скоб­ка =0 рав­но­силь­но x=2r.\"></span><span data-width=\"540\" data-formulahash=\"1fdb1a161f775299d9e22ac364ae8f37\" class=\"tex-span\" style=\"display:none\"><img src=\"https://ege.sdamgia.ru/formula/svg/8a/8a5441ebdc0e523d16bf67fbbf9b9cc2.svg\" class=\"tex\" style=\"vertical-align:-3.6pt\" alt=\" левая круг­лая скоб­ка x плюс r пра­вая круг­лая скоб­ка в квад­ра­те плюс левая круг­лая скоб­ка x плюс 2r пра­вая круг­лая скоб­ка в квад­ра­те = левая круг­лая скоб­ка 2x плюс r пра­вая круг­лая скоб­ка в квад­ра­те рав­но­силь­но 2x в квад­ра­те =2xr плюс 4r в квад­ра­те рав­но­силь­но \"><br><img src=\"https://ege.sdamgia.ru/formula/svg/cb/cb1d2b0874d9bac6b249ba834c714f06.svg\" class=\"tex\" style=\"vertical-align:-3.6pt\" alt=\" рав­но­силь­но левая круг­лая скоб­ка x минус 2r пра­вая круг­лая скоб­ка левая круг­лая скоб­ка x плюс r пра­вая круг­лая скоб­ка =0 рав­но­силь­но x=2r.\"></span></p><p class=\"left_margin\"></p></center><p> Тогда <img src=\"https://ege.sdamgia.ru/formula/svg/85/859ccdee1d1991df4e6dc65bc3d6230a.svg\" class=\"tex\" style=\"vertical-align:-3.0pt\" alt=\"BC:AC:AB=3:4:5,\"> от­ку­да <img src=\"https://ege.sdamgia.ru/formula/svg/e0/e0279a526a4e0f80b496c514f24d12cb.svg\" class=\"tex\" style=\"vertical-align:-8.5pt\" alt=\"\\angle A= арк­ко­си­нус дробь: чис­ли­тель: 4, зна­ме­на­тель: 5 конец дроби ,\"> <img src=\"https://ege.sdamgia.ru/formula/svg/8b/8be3a3cc766a48c69392562b4e6f0654.svg\" class=\"tex\" style=\"vertical-align:-8.5pt\" alt=\"\\angle B арк­ко­си­нус дробь: чис­ли­тель: 3, зна­ме­на­тель: 5 конец дроби ,\"> <img src=\"https://ege.sdamgia.ru/formula/svg/f8/f80fae1192cb8fe181fa0b48259bc5e2.svg\" class=\"tex\" style=\"vertical-align:-1.8pt\" alt=\"\\angle C=90 гра­ду­сов.\"></p><p>&nbsp;</p><p><span style=\"letter-spacing: 2px;\">Ответ:</span> б) <img src=\"https://ege.sdamgia.ru/formula/svg/e0/e0279a526a4e0f80b496c514f24d12cb.svg\" class=\"tex\" style=\"vertical-align:-8.5pt\" alt=\"\\angle A= арк­ко­си­нус дробь: чис­ли­тель: 4, зна­ме­на­тель: 5 конец дроби ,\"> <img src=\"https://ege.sdamgia.ru/formula/svg/8b/8be3a3cc766a48c69392562b4e6f0654.svg\" class=\"tex\" style=\"vertical-align:-8.5pt\" alt=\"\\angle B арк­ко­си­нус дробь: чис­ли­тель: 3, зна­ме­на­тель: 5 конец дроби ,\"> <img src=\"https://ege.sdamgia.ru/formula/svg/f8/f80fae1192cb8fe181fa0b48259bc5e2.svg\" class=\"tex\" style=\"vertical-align:-1.8pt\" alt=\"\\angle C=90 гра­ду­сов.\"></p></div>",
        "image_urls": [
            "https://ege.sdamgia.ru/formula/svg/76/763343f12b3f939747667e857682d120.svg",
            "https://ege.sdamgia.ru/formula/svg/8f/8f5ef29b0da0a0bb01ccd42694f97362.svg",
            "https://ege.sdamgia.ru/formula/svg/19/196c48653d88a53de6bea5b53816fab3.svg",
            "https://ege.sdamgia.ru/formula/svg/0a/0aa665eccd01bc465adc1b5a970d3a1e.svg",
            "https://ege.sdamgia.ru/formula/svg/e4/e43cb0a3ee7c39791d3560c9e28fd617.svg",
            "https://ege.sdamgia.ru/formula/svg/1f/1fdb1a161f775299d9e22ac364ae8f37.svg",
            "https://ege.sdamgia.ru/formula/svg/8a/8a5441ebdc0e523d16bf67fbbf9b9cc2.svg",
            "https://ege.sdamgia.ru/formula/svg/cb/cb1d2b0874d9bac6b249ba834c714f06.svg",
            "https://ege.sdamgia.ru/formula/svg/85/859ccdee1d1991df4e6dc65bc3d6230a.svg",
            "https://ege.sdamgia.ru/formula/svg/e0/e0279a526a4e0f80b496c514f24d12cb.svg",
            "https://ege.sdamgia.ru/formula/svg/8b/8be3a3cc766a48c69392562b4e6f0654.svg",
            "https://ege.sdamgia.ru/formula/svg/f8/f80fae1192cb8fe181fa0b48259bc5e2.svg",
            "https://ege.sdamgia.ru/formula/svg/e0/e0279a526a4e0f80b496c514f24d12cb.svg",
            "https://ege.sdamgia.ru/formula/svg/8b/8be3a3cc766a48c69392562b4e6f0654.svg",
            "https://ege.sdamgia.ru/formula/svg/f8/f80fae1192cb8fe181fa0b48259bc5e2.svg",
            "/get_file?id=105153",
            "/get_file?id=105152"
        ]
    },
    "answer": "б)",
    "topic_id": 17,
    "analog_ids": [
        627992,
        628009
    ]
}