{
    "gia_type": "ege",
    "subject": "math",
    "id": 630038,
    "condition": {
        "text": "В  прямоугольном  треугольнике  ABC  на  гипотенузу  AB  опущена  высота  CH.  В треугольнике ACH проведена биссектриса CE угла ACH.а)  Докажите, что треугольник  BCE  — равнобедренный.б)  Найдите EO,  где O  — центр  окружности, вписанной в  треугольник ABC,  и  известно, что  AC  =  8, BC  =  6.",
        "html": "<div align=\"justify\" width=\"100%\" id=\"body521194\" class=\"pbody\"><p class=\"left_margin\">В  пря­мо­уголь­ном  тре­уголь­ни­ке  <i>ABC</i>  на  ги­по­те­ну­зу  <i>AB</i>  опу­ще­на  вы­со­та  <i>CH</i>.  В тре­уголь­ни­ке <i>ACH</i> про­ве­де­на бис­сек­три­са <i>CE</i> угла <i>ACH</i>.</p><p class=\"left_margin\">а)  До­ка­жи­те, что тре­уголь­ник  <i>BCE</i>  — рав­но­бед­рен­ный.</p><p class=\"left_margin\">б)  Най­ди­те <i>EO</i>,  где <i>O</i>  — центр  окруж­но­сти, впи­сан­ной в  тре­уголь­ник <i>ABC</i>,  и  из­вест­но, что  <i>AC</i>  =  8, <i>BC</i>  =  6.</p></div>",
        "image_urls": []
    },
    "solution": {
        "text": "Решение. а)  Заметим, что  Тогда  Отсюда получаем, что треугольник BEC равнобедренный. Что и требовалось доказать.б)  Точка O лежит на биссектрисе угла B, а треугольник BCE равнобедренный, значит, EO  =  CO. Найдем CO. Это диагональ квадрата, сторона которого равна радиусу окружности, вписанной в треугольник ABC. Этот радиус, в свою очередь, можно найти из формулы  откуда  Тогда площадь треугольника ABC равна 24, а полупериметр равен  Значит, радиус вписанной окружности равен 2, а отрезок  Ответ: б) ",
        "html": "<div align=\"justify\" width=\"100%\" id=\"sol630038\" class=\"solution\" style=\"clear:both;\" class=\"pbody\"><p class=\"left_margin\"></p><b>Ре­ше­ние<!--rule_info-->. </b><p class=\"left_margin\"><img src=\"/get_file?id=150048\" style=\"float:right;margin:10px;max-width:100%\"></p><p class=\"left_margin\">а)  За­ме­тим, что <img src=\"https://ege.sdamgia.ru/formula/svg/1f/1f83acb8425131ea2475da4d63a42c8a.svg\" class=\"tex\" style=\"vertical-align:-1.8pt\" alt=\"\\angle ACH=90 в сте­пе­ни левая круг­лая скоб­ка \\circ пра­вая круг­лая скоб­ка минус \\angle BCH=\\angle B.\"> Тогда </p><p class=\"left_margin\"></p><center><p><img src=\"https://ege.sdamgia.ru/formula/svg/21/21e099ed113cf7252e3870a05419c830.svg\" class=\"tex\" style=\"vertical-align:-8.4pt\" alt=\"\\angle BCE=90 в сте­пе­ни левая круг­лая скоб­ка \\circ пра­вая круг­лая скоб­ка минус \\angle B плюс дробь: чис­ли­тель: 1, зна­ме­на­тель: 2 конец дроби \\angle B=90 в сте­пе­ни левая круг­лая скоб­ка \\circ пра­вая круг­лая скоб­ка минус дробь: чис­ли­тель: 1, зна­ме­на­тель: 2 конец дроби \\angle B=\\angle BEC.\"></p><p class=\"left_margin\"></p></center><p> От­сю­да по­лу­ча­ем, что тре­уголь­ник <i>BEC</i> рав­но­бед­рен­ный. Что и тре­бо­ва­лось до­ка­зать.</p><p class=\"left_margin\">б)  Точка <i>O</i> лежит на бис­сек­три­се угла <i>B</i>, а тре­уголь­ник <i>BCE</i> рав­но­бед­рен­ный, зна­чит, <i>EO</i>  =  <i>CO</i>. Най­дем <i>CO</i>. Это диа­го­наль квад­ра­та, сто­ро­на ко­то­ро­го равна ра­ди­у­су окруж­но­сти, впи­сан­ной в тре­уголь­ник <i>ABC</i>. Этот ра­ди­ус, в свою оче­редь, можно найти из фор­му­лы <img src=\"https://ege.sdamgia.ru/formula/svg/5f/5f6daf5553578941266c61327ce19856.svg\" class=\"tex\" style=\"vertical-align:-3.0pt\" alt=\"S=pr,\"> от­ку­да <img src=\"https://ege.sdamgia.ru/formula/svg/7b/7bff313a98c57ca06fcf789769046f37.svg\" class=\"tex\" style=\"vertical-align:-2.5pt\" alt=\"AB= ко­рень из: на­ча­ло ар­гу­мен­та: 8 в квад­ра­те плюс 6 в квад­ра­те конец ар­гу­мен­та =10.\"> Тогда пло­щадь тре­уголь­ни­ка <i>ABC</i> равна 24, а по­лу­пе­ри­метр равен <img src=\"https://ege.sdamgia.ru/formula/svg/9d/9df1751e67f14e8892fc4dc342b71038.svg\" class=\"tex\" style=\"vertical-align:-8.3pt\" alt=\"\\dfrac6 плюс 8 плюс 102=12.\"> Зна­чит, ра­ди­ус впи­сан­ной окруж­но­сти равен 2, а от­ре­зок <img src=\"https://ege.sdamgia.ru/formula/svg/4b/4bfbfd9bf5da8b8e0e6c485525d723a9.svg\" class=\"tex\" style=\"vertical-align:-1.8pt\" alt=\"EO=CO=2 ко­рень из: на­ча­ло ар­гу­мен­та: 2 конец ар­гу­мен­та .\"></p><p>&nbsp;</p><p><span style=\"letter-spacing: 2px;\">Ответ:</span> б) <img src=\"https://ege.sdamgia.ru/formula/svg/f4/f4d37e7851c16136e1b284902603ca2e.svg\" class=\"tex\" style=\"vertical-align:-1.8pt\" alt=\"2 ко­рень из: на­ча­ло ар­гу­мен­та: 2 конец ар­гу­мен­та .\"></p></div>",
        "image_urls": [
            "https://ege.sdamgia.ru/formula/svg/1f/1f83acb8425131ea2475da4d63a42c8a.svg",
            "https://ege.sdamgia.ru/formula/svg/21/21e099ed113cf7252e3870a05419c830.svg",
            "https://ege.sdamgia.ru/formula/svg/5f/5f6daf5553578941266c61327ce19856.svg",
            "https://ege.sdamgia.ru/formula/svg/7b/7bff313a98c57ca06fcf789769046f37.svg",
            "https://ege.sdamgia.ru/formula/svg/9d/9df1751e67f14e8892fc4dc342b71038.svg",
            "https://ege.sdamgia.ru/formula/svg/4b/4bfbfd9bf5da8b8e0e6c485525d723a9.svg",
            "https://ege.sdamgia.ru/formula/svg/f4/f4d37e7851c16136e1b284902603ca2e.svg",
            "/get_file?id=150048"
        ]
    },
    "answer": "б)",
    "topic_id": 17,
    "analog_ids": []
}