{
    "gia_type": "ege",
    "subject": "math",
    "id": 635310,
    "condition": {
        "text": "Первая окружность проходит через вершины А и В треугольника ABC и пересекает стороны AC и BC в точках D и E соответственно. Вторая окружность проходит через точки D и E и пересекает продолжения сторон BC и AC за вершину C в точках M и N соответственно.а)  Докажите, что прямая MN параллельна прямой AB.б)  Прямые MD и NE вторично пересекают первую окружность в точках X и Y соответственно. Найдите ее радиус, если  a AB  =  4.",
        "html": "<div align=\"justify\" width=\"100%\" id=\"body515922\" class=\"pbody\"><p class=\"left_margin\">Пер­вая окруж­ность про­хо­дит через вер­ши­ны <i>А</i> и <i>В</i> тре­уголь­ни­ка <i>ABC</i> и пе­ре­се­ка­ет сто­ро­ны <i>AC</i> и <i>BC</i> в точ­ках <i>D</i> и <i>E</i> со­от­вет­ствен­но. Вто­рая окруж­ность про­хо­дит через точки <i>D</i> и <i>E</i> и пе­ре­се­ка­ет про­дол­же­ния сто­рон <i>BC</i> и <i>AC</i> за вер­ши­ну <i>C</i> в точ­ках <i>M</i> и <i>N</i> со­от­вет­ствен­но.</p><p class=\"left_margin\">а)  До­ка­жи­те, что пря­мая <i>MN</i> па­рал­лель­на пря­мой <i>AB</i>.</p><p class=\"left_margin\">б)  Пря­мые <i>MD</i> и <i>NE</i> вто­рич­но пе­ре­се­ка­ют первую окруж­ность в точ­ках <i>X</i> и <i>Y</i> со­от­вет­ствен­но. Най­ди­те ее ра­ди­ус, если <img src=\"https://ege.sdamgia.ru/formula/svg/07/077860bc584596124d94f34d2bd1f18b.svg\" class=\"tex\" style=\"vertical-align:-3.0pt\" alt=\"A X=X Y=2,\"> a <i>AB</i>  =  4.</p></div>",
        "image_urls": [
            "https://ege.sdamgia.ru/formula/svg/07/077860bc584596124d94f34d2bd1f18b.svg"
        ]
    },
    "solution": {
        "text": "Решение. а)  Заметим, что углы CDE и CMN равны как вписанные, опирающиеся на одну дугу. По свойству смежных углов Отсюда получаем, что прямые MN и AB параллельны между собой. Что и требовалось доказать.б)  Заметим, что   Значит, по признаку параллельности прямые MN и XY параллельны. Тогда четырехугольник AXYB трапеция, вписанная в окружность. Следовательно,  В равнобокой трапеции AXYB проведем высоту XH, найдем  Значит,  По теореме Пифагора получаем, что  и  По теореме синусов  отсюда R  =  2. Ответ: б) 2.",
        "html": "<div align=\"justify\" width=\"100%\" id=\"sol635310\" class=\"solution\" style=\"clear:both;\" class=\"pbody\"><p class=\"left_margin\"></p><b>Ре­ше­ние<!--rule_info-->. </b><p class=\"left_margin\"><img src=\"/get_file?id=119468\" style=\"float:right;margin:10px;max-width:100%\">а)  За­ме­тим, что углы <i>CDE</i> и <i>CMN</i> равны как впи­сан­ные, опи­ра­ю­щи­е­ся на одну дугу. По свой­ству смеж­ных углов</p><p class=\"left_margin\"></p><center><p><img src=\"https://ege.sdamgia.ru/formula/svg/29/293f54bc1fef0cd71d2411df79ca96ca.svg\" class=\"tex\" style=\"vertical-align:-3.6pt\" alt=\"\\angle CDE=180 в сте­пе­ни левая круг­лая скоб­ка \\circ пра­вая круг­лая скоб­ка минус \\angle ADE=180 в сте­пе­ни левая круг­лая скоб­ка \\circ пра­вая круг­лая скоб­ка минус левая круг­лая скоб­ка 180 в сте­пе­ни левая круг­лая скоб­ка \\circ пра­вая круг­лая скоб­ка минус \\angle ABE пра­вая круг­лая скоб­ка =\\angle ABE.\"></p><p class=\"left_margin\"></p></center><p> От­сю­да по­лу­ча­ем, что пря­мые <i>MN</i> и <i>AB</i> па­рал­лель­ны между собой. Что и тре­бо­ва­лось до­ка­зать.</p><p class=\"left_margin\">б)  За­ме­тим, что </p><p class=\"left_margin\"></p><center><p><img src=\"https://ege.sdamgia.ru/formula/svg/93/93a306cbc69b07e52cdc192c55502fef.svg\" class=\"tex\" style=\"vertical-align:-1.8pt\" alt=\"\\angle DMN=180 в сте­пе­ни левая круг­лая скоб­ка \\circ пра­вая круг­лая скоб­ка минус \\angle DEN=\\angle DEY=180 в сте­пе­ни левая круг­лая скоб­ка \\circ пра­вая круг­лая скоб­ка минус \\angle DXY.\"></p><p class=\"left_margin\"></p></center> <p> Зна­чит, по при­зна­ку па­рал­лель­но­сти пря­мые <i>MN</i> и <i>XY</i> па­рал­лель­ны. Тогда че­ты­рех­уголь­ник <i>AXYB</i> тра­пе­ция, впи­сан­ная в окруж­ность. Сле­до­ва­тель­но, <img src=\"https://ege.sdamgia.ru/formula/svg/f1/f110ae411f20cf9e94551bcf6fdc6aae.svg\" class=\"tex\" style=\"vertical-align:-1.8pt\" alt=\"AX=YB=2.\"> </p><p class=\"left_margin\">В рав­но­бо­кой тра­пе­ции <i>AXYB</i> про­ве­дем вы­со­ту <i>XH</i>, най­дем <img src=\"https://ege.sdamgia.ru/formula/svg/c2/c2651ec5feffc0f03d9bea01ce7e06e3.svg\" class=\"tex\" style=\"vertical-align:-8.4pt\" alt=\"AH= дробь: чис­ли­тель: 4 минус 2, зна­ме­на­тель: 2 конец дроби =1. \"> Зна­чит, <img src=\"https://ege.sdamgia.ru/formula/svg/71/718f6da030e46a9f13f62e78f8108ceb.svg\" class=\"tex\" style=\"vertical-align:-1.8pt\" alt=\"\\angle XAH=60 в сте­пе­ни левая круг­лая скоб­ка \\circ пра­вая круг­лая скоб­ка .\"> По тео­ре­ме Пи­фа­го­ра по­лу­ча­ем, что <img src=\"https://ege.sdamgia.ru/formula/svg/82/8295e547cabbf45a093cdd6312149495.svg\" class=\"tex\" style=\"vertical-align:-1.8pt\" alt=\"XH= ко­рень из: на­ча­ло ар­гу­мен­та: 3 конец ар­гу­мен­та \"> и <img src=\"https://ege.sdamgia.ru/formula/svg/56/5608e89dddb166a82de335a10ea842b1.svg\" class=\"tex\" style=\"vertical-align:-2.1pt\" alt=\"XB= ко­рень из: на­ча­ло ар­гу­мен­та: 9 плюс 3 конец ар­гу­мен­та =2 ко­рень из: на­ча­ло ар­гу­мен­та: 3 конец ар­гу­мен­та .\"> По тео­ре­ме си­ну­сов </p><p class=\"left_margin\"></p><center><p><img src=\"https://ege.sdamgia.ru/formula/svg/54/54b9439433d7fa8559d546bee27847c0.svg\" class=\"tex\" style=\"vertical-align:-15.2pt\" alt=\"2R= дробь: чис­ли­тель: XB, зна­ме­на­тель: синус \\angle A конец дроби = дробь: чис­ли­тель: 2 ко­рень из: на­ча­ло ар­гу­мен­та: 3 конец ар­гу­мен­та , зна­ме­на­тель: \\tfrac ко­рень из: на­ча­ло ар­гу­мен­та: 3 конец ар­гу­мен­та 2 конец дроби =4, \"></p><p class=\"left_margin\"></p></center><p> от­сю­да <i>R</i>  =  2.</p><p>&nbsp;</p><p><span style=\"letter-spacing: 2px;\">Ответ:</span> б) 2.</p></div>",
        "image_urls": [
            "https://ege.sdamgia.ru/formula/svg/29/293f54bc1fef0cd71d2411df79ca96ca.svg",
            "https://ege.sdamgia.ru/formula/svg/93/93a306cbc69b07e52cdc192c55502fef.svg",
            "https://ege.sdamgia.ru/formula/svg/f1/f110ae411f20cf9e94551bcf6fdc6aae.svg",
            "https://ege.sdamgia.ru/formula/svg/c2/c2651ec5feffc0f03d9bea01ce7e06e3.svg",
            "https://ege.sdamgia.ru/formula/svg/71/718f6da030e46a9f13f62e78f8108ceb.svg",
            "https://ege.sdamgia.ru/formula/svg/82/8295e547cabbf45a093cdd6312149495.svg",
            "https://ege.sdamgia.ru/formula/svg/56/5608e89dddb166a82de335a10ea842b1.svg",
            "https://ege.sdamgia.ru/formula/svg/54/54b9439433d7fa8559d546bee27847c0.svg",
            "/get_file?id=119468"
        ]
    },
    "answer": "б) 2.",
    "topic_id": 17,
    "analog_ids": []
}