{
    "gia_type": "ege",
    "subject": "math",
    "id": 639871,
    "condition": {
        "text": "Окружность с центром O вписана в треугольник ABC. Касательная к окружности пересекает стороны AC и BC в точках D и E соответственно.а)  Докажите, что сумма углов AOD и BOE равна 180°.б)  Найдите DE, если AC  =  BC, радиус окружности равен 3,  а разность углов AOD и BOE равна 60°.",
        "html": "<div align=\"justify\" width=\"100%\" id=\"body503171\" class=\"pbody\"><p class=\"left_margin\">Окруж­ность с цен­тром <i>O</i> впи­са­на в тре­уголь­ник <i>ABC</i>. Ка­са­тель­ная к окруж­но­сти пе­ре­се­ка­ет сто­ро­ны <i>AC</i> и <i>BC</i> в точ­ках <i>D</i> и <i>E</i> со­от­вет­ствен­но.</p><p class=\"left_margin\">а)  До­ка­жи­те, что сумма углов <i>AOD</i> и <i>BOE</i> равна 180°.</p><p class=\"left_margin\">б)  Най­ди­те <i>DE</i>, если <i>AC</i>  =  <i>BC</i>, ра­ди­ус окруж­но­сти равен 3, <img src=\"https://ege.sdamgia.ru/formula/svg/8c/8c1d598292cc795c74df5b41101c0fa3.svg\" class=\"tex\" style=\"vertical-align:-11.3pt\" alt=\" тан­генс левая круг­лая скоб­ка дробь: чис­ли­тель: 1, зна­ме­на­тель: 2 конец дроби \\angle BAC пра­вая круг­лая скоб­ка = дробь: чис­ли­тель: 5 ко­рень из 3 , зна­ме­на­тель: 11 конец дроби , \"> а раз­ность углов <i>AOD</i> и <i>BOE</i> равна 60°.</p></div>",
        "image_urls": [
            "https://ege.sdamgia.ru/formula/svg/8c/8c1d598292cc795c74df5b41101c0fa3.svg"
        ]
    },
    "solution": {
        "text": "Решение. а) Центр окружности, вписанной в угол, лежит на биссектрисе этого угла, поэтому AO и BO  — биссектрисы углов A и B треугольника ABC, а DO и EO  — биссектрисы внешних углов при вершинах D и E треугольника DEC. Тогда  и  следовательно, б)  Пусть вписанная окружность радиусом 3 касается боковых сторон AC и BC в точках M и N соответственно, а отрезка DE  — в точке K. По свойству отрезков касательных, проведённых из одной точки, DK  =  DM и KE  =  EN, откуда следует, что DE  =  DK + KE  =  DM + EN. Из условия  и доказанного равенства в пункте а)  получаем:  и  Поскольку AC  =  BC, углы OAD и OBE равны как половины углов при основании равнобедренного треугольника ABC. Обозначим  тогда  и  В прямоугольном треугольнике DOM известно, что OM  =  3, следовательно,Аналогично в прямоугольном треугольнике EONПолучаем Ответ: б) ",
        "html": "<div align=\"justify\" width=\"100%\" id=\"sol639871\" class=\"solution\" style=\"clear:both;\" class=\"pbody\"><p class=\"left_margin\"></p><b>Ре­ше­ние<!--rule_info-->. </b><p class=\"left_margin\"><img src=\"/get_file?id=130837\" style=\"float:right;margin:10px;max-width:100%\">а) Центр окруж­но­сти, впи­сан­ной в угол, лежит на бис­сек­три­се этого угла, по­это­му <i>AO</i> и <i>BO</i>  — бис­сек­три­сы углов <i>A</i> и <i>B</i> тре­уголь­ни­ка <i>ABC</i>, а <i>DO</i> и <i>EO</i>  — бис­сек­три­сы внеш­них углов при вер­ши­нах <i>D</i> и <i>E</i> тре­уголь­ни­ка <i>DEC</i>. Тогда <img src=\"https://ege.sdamgia.ru/formula/svg/36/36ee987c7f4a08983e25c28a286be348.svg\" class=\"tex\" style=\"vertical-align:-8.4pt\" alt=\"\\angle AOD = 180 гра­ду­сов минус дробь: чис­ли­тель: 1, зна­ме­на­тель: 2 конец дроби \\angle ADE минус дробь: чис­ли­тель: 1, зна­ме­на­тель: 2 конец дроби \\angle BAD\"> и <img src=\"https://ege.sdamgia.ru/formula/svg/45/45588e77c2b0be36ed673d87a08905c6.svg\" class=\"tex\" style=\"vertical-align:-8.4pt\" alt=\"\\angle BOE = 180 гра­ду­сов минус дробь: чис­ли­тель: 1, зна­ме­на­тель: 2 конец дроби \\angle BED минус дробь: чис­ли­тель: 1, зна­ме­на­тель: 2 конец дроби \\angle ABE,\"> сле­до­ва­тель­но, </p><p class=\"left_margin\"></p><center><p><img src=\"https://ege.sdamgia.ru/formula/svg/d6/d6d140dd84139a54236e532f0eccd2ce.svg\" class=\"tex\" style=\"vertical-align:-8.4pt\" alt=\"\\angle AOD плюс \\angle BOE = 360 гра­ду­сов минус дробь: чис­ли­тель: 1, зна­ме­на­тель: 2 конец дроби умно­жить на 360 гра­ду­сов = 180 гра­ду­сов .\"></p><p class=\"left_margin\"></p></center><p class=\"left_margin\">б)  Пусть впи­сан­ная окруж­ность ра­ди­у­сом 3 ка­са­ет­ся бо­ко­вых сто­рон <i>AC</i> и <i>BC</i> в точ­ках <i>M</i> и <i>N</i> со­от­вет­ствен­но, а от­рез­ка <i>DE</i>  — в точке <i>K</i>. По свой­ству от­рез­ков ка­са­тель­ных, про­ведённых из одной точки, <i>DK</i>  =  <i>DM</i> и <i>KE</i>  =  <i>EN</i>, от­ку­да сле­ду­ет, что <i>DE</i>  =  <i>DK</i> + <i>KE</i>  =  <i>DM</i> + <i>EN</i>. Из усло­вия <img src=\"https://ege.sdamgia.ru/formula/svg/66/66eb43c218c0aa410cc3ad6210e61fe9.svg\" class=\"tex\" style=\"vertical-align:-1.8pt\" alt=\"\\angle AOD минус \\angle BOE = 60 гра­ду­сов \"> и до­ка­зан­но­го ра­вен­ства в пунк­те а) <img src=\"https://ege.sdamgia.ru/formula/svg/5d/5dbc5776b6b846c74fb9033b4aa35bf6.svg\" class=\"tex\" style=\"vertical-align:-1.8pt\" alt=\"\\angle AOD плюс \\angle BOE = 180 гра­ду­сов \"> по­лу­ча­ем: <img src=\"https://ege.sdamgia.ru/formula/svg/75/75b1f40112d5b61da169427c30e8131e.svg\" class=\"tex\" style=\"vertical-align:-1.8pt\" alt=\"\\angle AOD = 120 гра­ду­сов \"> и <img src=\"https://ege.sdamgia.ru/formula/svg/db/db196a3632bea857a5785a877e4f402d.svg\" class=\"tex\" style=\"vertical-align:-1.8pt\" alt=\"\\angle BOE = 60 гра­ду­сов .\"> По­сколь­ку <i>AC</i>  =  <i>BC</i>, углы <i>OAD</i> и <i>OBE</i> равны как по­ло­ви­ны углов при ос­но­ва­нии рав­но­бед­рен­но­го тре­уголь­ни­ка <i>ABC</i>. Обо­зна­чим <img src=\"https://ege.sdamgia.ru/formula/svg/6f/6fb0fe5ea043a8f45bde9e8608b216ec.svg\" class=\"tex\" style=\"vertical-align:-3.0pt\" alt=\"\\angle OAD = \\angle OBE = альфа ,\"> тогда <img src=\"https://ege.sdamgia.ru/formula/svg/f6/f6cc227d816cf1b7781dd09b4699c08f.svg\" class=\"tex\" style=\"vertical-align:-3.6pt\" alt=\"\\angle DOM = 120 гра­ду­сов минус левая круг­лая скоб­ка 90 гра­ду­сов минус альфа пра­вая круг­лая скоб­ка = 30 гра­ду­сов плюс альфа \"> и <img src=\"https://ege.sdamgia.ru/formula/svg/11/114d9d5b7882f56be6e562ade303cfe7.svg\" class=\"tex\" style=\"vertical-align:-3.6pt\" alt=\"\\angle EON = 60 гра­ду­сов минус левая круг­лая скоб­ка 90 гра­ду­сов минус альфа пра­вая круг­лая скоб­ка = альфа минус 30 гра­ду­сов .\"> В пря­мо­уголь­ном тре­уголь­ни­ке <i>DOM</i> из­вест­но, что <i>OM</i>  =  3, сле­до­ва­тель­но,</p><p class=\"left_margin\"></p><center><p><img src=\"https://ege.sdamgia.ru/formula/svg/26/26599e7c0d178f40e0a5585f4f8b7c5a.svg\" class=\"tex\" style=\"vertical-align:-17.5pt\" alt=\" D M=3 умно­жить на тан­генс левая круг­лая скоб­ка 30 в сте­пе­ни левая круг­лая скоб­ка \\circ пра­вая круг­лая скоб­ка плюс альфа пра­вая круг­лая скоб­ка =3 умно­жить на дробь: чис­ли­тель: тан­генс 30 в сте­пе­ни левая круг­лая скоб­ка \\circ пра­вая круг­лая скоб­ка плюс тан­генс альфа , зна­ме­на­тель: 1 минус тан­генс 30 в сте­пе­ни левая круг­лая скоб­ка \\circ пра­вая круг­лая скоб­ка тан­генс альфа конец дроби =3 умно­жить на дробь: чис­ли­тель: дробь: чис­ли­тель: 1, зна­ме­на­тель: ко­рень из: на­ча­ло ар­гу­мен­та: 3 конец ар­гу­мен­та конец дроби плюс дробь: чис­ли­тель: 5 ко­рень из: на­ча­ло ар­гу­мен­та: 3 конец ар­гу­мен­та , зна­ме­на­тель: 11 конец дроби , зна­ме­на­тель: 1 минус дробь: чис­ли­тель: 1, зна­ме­на­тель: ко­рень из: на­ча­ло ар­гу­мен­та: 3 конец ар­гу­мен­та конец дроби умно­жить на дробь: чис­ли­тель: 5 ко­рень из: на­ча­ло ар­гу­мен­та: 3 конец ар­гу­мен­та , зна­ме­на­тель: 11 конец дроби конец дроби = дробь: чис­ли­тель: 13 ко­рень из: на­ча­ло ар­гу­мен­та: 3 конец ар­гу­мен­та , зна­ме­на­тель: 3 конец дроби . \"></p><p class=\"left_margin\"></p></center><p class=\"left_margin\">Ана­ло­гич­но в пря­мо­уголь­ном тре­уголь­ни­ке <i>EON</i></p><p class=\"left_margin\"></p><center><p><img src=\"https://ege.sdamgia.ru/formula/svg/2e/2e6e61ccfa4a9e9964e069ea6bf0a68e.svg\" class=\"tex\" style=\"vertical-align:-17.5pt\" alt=\" E N=3 умно­жить на тан­генс левая круг­лая скоб­ка альфа минус 30 в сте­пе­ни левая круг­лая скоб­ка \\circ пра­вая круг­лая скоб­ка пра­вая круг­лая скоб­ка =3 умно­жить на дробь: чис­ли­тель: тан­генс альфа минус тан­генс 30 в сте­пе­ни левая круг­лая скоб­ка \\circ пра­вая круг­лая скоб­ка , зна­ме­на­тель: 1 плюс тан­генс альфа тан­генс 30 в сте­пе­ни левая круг­лая скоб­ка \\circ пра­вая круг­лая скоб­ка конец дроби =3 умно­жить на дробь: чис­ли­тель: дробь: чис­ли­тель: 5 ко­рень из: на­ча­ло ар­гу­мен­та: 3 конец ар­гу­мен­та , зна­ме­на­тель: 11 конец дроби минус дробь: чис­ли­тель: 1, зна­ме­на­тель: ко­рень из: на­ча­ло ар­гу­мен­та: 3 конец ар­гу­мен­та конец дроби , зна­ме­на­тель: 1 плюс дробь: чис­ли­тель: 5 ко­рень из: на­ча­ло ар­гу­мен­та: 3 конец ар­гу­мен­та , зна­ме­на­тель: 11 конец дроби умно­жить на дробь: чис­ли­тель: 1, зна­ме­на­тель: ко­рень из: на­ча­ло ар­гу­мен­та: 3 конец ар­гу­мен­та конец дроби конец дроби = дробь: чис­ли­тель: ко­рень из: на­ча­ло ар­гу­мен­та: 3 конец ар­гу­мен­та , зна­ме­на­тель: 4 конец дроби . \"></p><p class=\"left_margin\"></p></center><p class=\"left_margin\">По­лу­ча­ем </p><p class=\"left_margin\"></p><center><p><img src=\"https://ege.sdamgia.ru/formula/svg/4b/4b7d8f45f8b69a919352bdfce63ff744.svg\" class=\"tex\" style=\"vertical-align:-8.6pt\" alt=\"DE = DM плюс EN = дробь: чис­ли­тель: 13 ко­рень из 3 , зна­ме­на­тель: 3 конец дроби плюс дробь: чис­ли­тель: ко­рень из 3 , зна­ме­на­тель: 4 конец дроби = дробь: чис­ли­тель: 55 ко­рень из 3 , зна­ме­на­тель: 12 конец дроби . \"></p><p class=\"left_margin\"></p></center><p><span style=\"letter-spacing: 2px;\">Ответ:</span> б) <img src=\"https://ege.sdamgia.ru/formula/svg/4c/4c9f16dbf3e8932a262e9e2811be62b6.svg\" class=\"tex\" style=\"vertical-align:-8.5pt\" alt=\" дробь: чис­ли­тель: 55 ко­рень из 3 , зна­ме­на­тель: 12 конец дроби . \"></p></div>",
        "image_urls": [
            "https://ege.sdamgia.ru/formula/svg/36/36ee987c7f4a08983e25c28a286be348.svg",
            "https://ege.sdamgia.ru/formula/svg/45/45588e77c2b0be36ed673d87a08905c6.svg",
            "https://ege.sdamgia.ru/formula/svg/d6/d6d140dd84139a54236e532f0eccd2ce.svg",
            "https://ege.sdamgia.ru/formula/svg/66/66eb43c218c0aa410cc3ad6210e61fe9.svg",
            "https://ege.sdamgia.ru/formula/svg/5d/5dbc5776b6b846c74fb9033b4aa35bf6.svg",
            "https://ege.sdamgia.ru/formula/svg/75/75b1f40112d5b61da169427c30e8131e.svg",
            "https://ege.sdamgia.ru/formula/svg/db/db196a3632bea857a5785a877e4f402d.svg",
            "https://ege.sdamgia.ru/formula/svg/6f/6fb0fe5ea043a8f45bde9e8608b216ec.svg",
            "https://ege.sdamgia.ru/formula/svg/f6/f6cc227d816cf1b7781dd09b4699c08f.svg",
            "https://ege.sdamgia.ru/formula/svg/11/114d9d5b7882f56be6e562ade303cfe7.svg",
            "https://ege.sdamgia.ru/formula/svg/26/26599e7c0d178f40e0a5585f4f8b7c5a.svg",
            "https://ege.sdamgia.ru/formula/svg/2e/2e6e61ccfa4a9e9964e069ea6bf0a68e.svg",
            "https://ege.sdamgia.ru/formula/svg/4b/4b7d8f45f8b69a919352bdfce63ff744.svg",
            "https://ege.sdamgia.ru/formula/svg/4c/4c9f16dbf3e8932a262e9e2811be62b6.svg",
            "/get_file?id=130837"
        ]
    },
    "answer": "б)",
    "topic_id": 17,
    "analog_ids": [
        639871,
        639922
    ]
}