{
    "gia_type": "ege",
    "subject": "math",
    "id": 640017,
    "condition": {
        "text": "Биссектриса AD большего угла треугольника ABC со сторонами 24, 40 и 56 делит его на два треугольника, в каждый из них вписана окружность.а)  Докажите, что радиусы этих окружностей относятся как 9 : 10.б)  Найдите расстояние между точками касания этих окружностей с биссектрисой AD.",
        "html": "<div align=\"justify\" width=\"100%\" id=\"body502509\" class=\"pbody\"><p class=\"left_margin\">Бис­сек­три­са <i>AD</i> боль­ше­го угла тре­уголь­ни­ка <i>ABC</i> со сто­ро­на­ми 24, 40 и 56 делит его на два тре­уголь­ни­ка, в каж­дый из них впи­са­на окруж­ность.</p><p class=\"left_margin\">а)  До­ка­жи­те, что ра­ди­у­сы этих окруж­но­стей от­но­сят­ся как 9 : 10.</p><p class=\"left_margin\">б)  Най­ди­те рас­сто­я­ние между точ­ка­ми ка­са­ния этих окруж­но­стей с бис­сек­три­сой <i>AD</i>.</p></div>",
        "image_urls": []
    },
    "solution": {
        "text": "Решение. а)  Пусть AB  =  24, AC  =  40 и BC  =  56. По свойству биссектрисы следовательно, BD  =  21 и DC  =  35. По теореме косинусовоткуда  то есть AD  =  15.По формуле  получаем, что:б)  Пусть первая окружность касается AD в точке P, а вторая в точке Q. Тогда: Итого:  Ответ: 1.",
        "html": "<div align=\"justify\" width=\"100%\" id=\"sol640017\" class=\"solution\" style=\"clear:both;\" class=\"pbody\"><p class=\"left_margin\"></p><b>Ре­ше­ние<!--rule_info-->. </b><p class=\"left_margin\"><img src=\"/get_file?id=129540\" style=\"float:right;margin:10px;max-width:100%\">а)  Пусть <i>AB</i>  =  24, <i>AC</i>  =  40 и <i>BC</i>  =  56. По свой­ству бис­сек­три­сы</p><p class=\"left_margin\"></p><center><p><img src=\"https://ege.sdamgia.ru/formula/svg/f2/f2de5b2780b6eaec363ec3ef4ab93c5e.svg\" class=\"tex\" style=\"vertical-align:-8.5pt\" alt=\" дробь: чис­ли­тель: BD, зна­ме­на­тель: DC конец дроби = дробь: чис­ли­тель: 24, зна­ме­на­тель: 40 конец дроби = дробь: чис­ли­тель: 3, зна­ме­на­тель: 5 конец дроби , \"></p><p class=\"left_margin\"></p></center><p> сле­до­ва­тель­но, <i>BD</i>  =  21 и <i>DC</i>  =  35. По тео­ре­ме ко­си­ну­сов</p><p class=\"left_margin\"></p><center><p><img src=\"https://ege.sdamgia.ru/formula/svg/19/1981520592b70d1db216e93cfef8179e.svg\" class=\"tex\" style=\"vertical-align:-8.5pt\" alt=\" ко­си­нус \\angle B= дробь: чис­ли­тель: 24 в квад­ра­те плюс 56 в квад­ра­те минус 40 в квад­ра­те , зна­ме­на­тель: 2 умно­жить на 24 умно­жить на 56 конец дроби = дробь: чис­ли­тель: 11, зна­ме­на­тель: 14 конец дроби , \"></p><p class=\"left_margin\"></p></center><p>от­ку­да</p><p class=\"left_margin\"></p><center><p><span data-width=\"640\" data-formulahash=\"b223675d3484fd4d91be462d00ebd3c2\" class=\"tex-span\" style=\"\"><img src=\"https://ege.sdamgia.ru/formula/svg/b2/b223675d3484fd4d91be462d00ebd3c2.svg\" class=\"tex\" style=\"vertical-align:-8.3pt\" alt=\"AD в квад­ра­те = AB в квад­ра­те плюс BD в квад­ра­те минус 2 умно­жить на AB умно­жить на BD умно­жить на ко­си­нус \\angle B = 24 в квад­ра­те плюс 21 в квад­ра­те минус 2 умно­жить на 24 умно­жить на 21 умно­жить на дробь: чис­ли­тель: 11, зна­ме­на­тель: 14 конец дроби = 576 плюс 441 минус 792 = 225, \"></span><span data-width=\"615\" data-formulahash=\"b223675d3484fd4d91be462d00ebd3c2\" class=\"tex-span\" style=\"display:none\"><img src=\"https://ege.sdamgia.ru/formula/svg/4b/4bd3a696384a92e6a4b96267e163a1da.svg\" class=\"tex\" style=\"vertical-align:-1.8pt\" alt=\"AD в квад­ра­те = AB в квад­ра­те плюс BD в квад­ра­те минус 2 умно­жить на AB умно­жить на BD умно­жить на ко­си­нус \\angle B =\"><br><img src=\"https://ege.sdamgia.ru/formula/svg/84/84d56040f81c3300bb3f7fcc5cdbd0d2.svg\" class=\"tex\" style=\"vertical-align:-8.4pt\" alt=\"= 24 в квад­ра­те плюс 21 в квад­ра­те минус 2 умно­жить на 24 умно­жить на 21 умно­жить на дробь: чис­ли­тель: 11, зна­ме­на­тель: 14 конец дроби = 576 плюс 441 минус 792 = 225, \"></span><span data-width=\"340\" data-formulahash=\"b223675d3484fd4d91be462d00ebd3c2\" class=\"tex-span\" style=\"display:none\"><img src=\"https://ege.sdamgia.ru/formula/svg/4b/4bd3a696384a92e6a4b96267e163a1da.svg\" class=\"tex\" style=\"vertical-align:-1.8pt\" alt=\"AD в квад­ра­те = AB в квад­ра­те плюс BD в квад­ра­те минус 2 умно­жить на AB умно­жить на BD умно­жить на ко­си­нус \\angle B =\"><br><img src=\"https://ege.sdamgia.ru/formula/svg/b8/b8fe3ac8e0e46a52fa6755436b39ec31.svg\" class=\"tex\" style=\"vertical-align:-8.4pt\" alt=\"= 24 в квад­ра­те плюс 21 в квад­ра­те минус 2 умно­жить на 24 умно­жить на 21 умно­жить на дробь: чис­ли­тель: 11, зна­ме­на­тель: 14 конец дроби = \"><br><img src=\"https://ege.sdamgia.ru/formula/svg/20/2079dbf8013c2296775ffd3c1c9f672d.svg\" class=\"tex\" style=\"vertical-align:-3.0pt\" alt=\"= 576 плюс 441 минус 792 = 225,\"></span></p><p class=\"left_margin\"></p></center> <p> то есть <i>AD</i>  =  15.</p><p class=\"left_margin\">По фор­му­ле <img src=\"https://ege.sdamgia.ru/formula/svg/ce/ced61a55f4dd34148311f65279562227.svg\" class=\"tex\" style=\"vertical-align:-3.0pt\" alt=\"S = p умно­жить на r\"> по­лу­ча­ем, что:</p><p class=\"left_margin\"></p><center><p><img src=\"https://ege.sdamgia.ru/formula/svg/6a/6a47b7aef518b39dde42b2e83bf7c196.svg\" class=\"tex\" style=\"vertical-align:-10.0pt\" alt=\" дробь: чис­ли­тель: r_1, зна­ме­на­тель: r_2 конец дроби = дробь: чис­ли­тель: S_ABD, зна­ме­на­тель: S_ADC конец дроби умно­жить на дробь: чис­ли­тель: P_ADC, зна­ме­на­тель: P_ABD конец дроби = дробь: чис­ли­тель: BD, зна­ме­на­тель: DC конец дроби умно­жить на дробь: чис­ли­тель: P_ADC, зна­ме­на­тель: P_ABD конец дроби = дробь: чис­ли­тель: 3, зна­ме­на­тель: 5 конец дроби умно­жить на дробь: чис­ли­тель: 45, зна­ме­на­тель: 30 конец дроби = дробь: чис­ли­тель: 9, зна­ме­на­тель: 10 конец дроби . \"></p><p class=\"left_margin\"></p></center><p class=\"left_margin\">б)  Пусть пер­вая окруж­ность ка­са­ет­ся <i>AD</i> в точке <i>P</i>, а вто­рая в точке <i>Q</i>. Тогда:</p><p class=\"left_margin\"></p><center><p><img src=\"https://ege.sdamgia.ru/formula/svg/c7/c7fdad28ec5016cda5db99a28e2ac3d4.svg\" class=\"tex\" style=\"vertical-align:-3.6pt\" alt=\"AP = p левая круг­лая скоб­ка ABD пра­вая круг­лая скоб­ка минус BD = 30 минус 21 = 9,\"></p><p><img src=\"https://ege.sdamgia.ru/formula/svg/43/4388f8969e602e74ee59b876dccd51d2.svg\" class=\"tex\" style=\"vertical-align:-3.6pt\" alt=\"AQ = p левая круг­лая скоб­ка ADC пра­вая круг­лая скоб­ка минус DC=45 минус 35 = 10.\"></p><p class=\"left_margin\"></p></center><p> Итого: <img src=\"https://ege.sdamgia.ru/formula/svg/b6/b6676719c2046260e6883c91125fb8c5.svg\" class=\"tex\" style=\"vertical-align:-3.6pt\" alt=\"PQ = |AP минус AQ| = 1.\"></p><p>&nbsp;</p><p><span style=\"letter-spacing: 2px;\">Ответ:</span> 1.</p></div>",
        "image_urls": [
            "https://ege.sdamgia.ru/formula/svg/f2/f2de5b2780b6eaec363ec3ef4ab93c5e.svg",
            "https://ege.sdamgia.ru/formula/svg/19/1981520592b70d1db216e93cfef8179e.svg",
            "https://ege.sdamgia.ru/formula/svg/b2/b223675d3484fd4d91be462d00ebd3c2.svg",
            "https://ege.sdamgia.ru/formula/svg/4b/4bd3a696384a92e6a4b96267e163a1da.svg",
            "https://ege.sdamgia.ru/formula/svg/84/84d56040f81c3300bb3f7fcc5cdbd0d2.svg",
            "https://ege.sdamgia.ru/formula/svg/4b/4bd3a696384a92e6a4b96267e163a1da.svg",
            "https://ege.sdamgia.ru/formula/svg/b8/b8fe3ac8e0e46a52fa6755436b39ec31.svg",
            "https://ege.sdamgia.ru/formula/svg/20/2079dbf8013c2296775ffd3c1c9f672d.svg",
            "https://ege.sdamgia.ru/formula/svg/ce/ced61a55f4dd34148311f65279562227.svg",
            "https://ege.sdamgia.ru/formula/svg/6a/6a47b7aef518b39dde42b2e83bf7c196.svg",
            "https://ege.sdamgia.ru/formula/svg/c7/c7fdad28ec5016cda5db99a28e2ac3d4.svg",
            "https://ege.sdamgia.ru/formula/svg/43/4388f8969e602e74ee59b876dccd51d2.svg",
            "https://ege.sdamgia.ru/formula/svg/b6/b6676719c2046260e6883c91125fb8c5.svg",
            "/get_file?id=129540"
        ]
    },
    "answer": "1.",
    "topic_id": 17,
    "analog_ids": []
}