{
    "gia_type": "ege",
    "subject": "math",
    "id": 642161,
    "condition": {
        "text": "Дан треугольник ABC. Серединный перпендикуляр к стороне AB пересекается с биссектрисой угла BAC в точке K, лежащей на стороне BC.а)  Докажите, что б)  Найдите радиус окружности, вписанной в треугольник AKC, если  и сторона AC  =  24.",
        "html": "<div align=\"justify\" width=\"100%\" id=\"body500365\" class=\"pbody\"><p class=\"left_margin\">Дан тре­уголь­ник <i>ABC</i>. Се­ре­дин­ный пер­пен­ди­ку­ляр к сто­ро­не <i>AB</i> пе­ре­се­ка­ет­ся с бис­сек­три­сой угла <i>BAC</i> в точке <i>K</i>, ле­жа­щей на сто­ро­не <i>BC</i>.</p><p class=\"left_margin\">а)  До­ка­жи­те, что <img src=\"https://ege.sdamgia.ru/formula/svg/83/83694c77241a7cdda51e64d95e526259.svg\" class=\"tex\" style=\"vertical-align:-1.8pt\" alt=\"A C в квад­ра­те = B C умно­жить на C K.\"></p><p class=\"left_margin\">б)  Най­ди­те ра­ди­ус окруж­но­сти, впи­сан­ной в тре­уголь­ник <i>AKC</i>, если <img src=\"https://ege.sdamgia.ru/formula/svg/58/5841ce4794084c510f7d21d74e941aff.svg\" class=\"tex\" style=\"vertical-align:-3.0pt\" alt=\" синус B = 0,6\"> и сто­ро­на <i>AC</i>  =  24.</p></div>",
        "image_urls": [
            "https://ege.sdamgia.ru/formula/svg/83/83694c77241a7cdda51e64d95e526259.svg",
            "https://ege.sdamgia.ru/formula/svg/58/5841ce4794084c510f7d21d74e941aff.svg"
        ]
    },
    "solution": {
        "text": "Решение. а)  Пусть  тогда из равнобедренности треугольника BKA следует, что  Значит, треугольники ACK и BCA подобны по двум углам (угол С  — общий). Из подобия получаем:  откуда  б)  Заметим, что  следовательно,  Тогда по теореме синусов получаем, что  откуда KC  =  15. Находим:  Высота CH треугольника CKA равна  Поэтому Найдём радиус вписанной окружности:Ответ: б)  ",
        "html": "<div align=\"justify\" width=\"100%\" id=\"sol642161\" class=\"solution\" style=\"clear:both;\" class=\"pbody\"><p class=\"left_margin\"></p><b>Ре­ше­ние<!--rule_info-->. </b><p class=\"left_margin\"><img src=\"/get_file?id=136191\" style=\"float:right;margin:10px;max-width:100%\">а)  Пусть <img src=\"https://ege.sdamgia.ru/formula/svg/55/55319cca44bf93cb3fa0a4301ce37da9.svg\" class=\"tex\" style=\"vertical-align:-3.0pt\" alt=\"\\angle BAK = альфа ,\"> тогда из рав­но­бед­рен­но­сти тре­уголь­ни­ка <i>BKA</i> сле­ду­ет, что <img src=\"https://ege.sdamgia.ru/formula/svg/bf/bf06667a317f1a984bb49f523aeed59f.svg\" class=\"tex\" style=\"vertical-align:-1.8pt\" alt=\"\\angle KBA = альфа .\"> Зна­чит, тре­уголь­ни­ки <i>ACK</i> и <i>BCA</i> по­доб­ны по двум углам (угол <i>С</i>  — общий). Из по­до­бия по­лу­ча­ем: <img src=\"https://ege.sdamgia.ru/formula/svg/41/41333f3901bbbb86fe6670a70f78b97d.svg\" class=\"tex\" style=\"vertical-align:-8.4pt\" alt=\" дробь: чис­ли­тель: AC, зна­ме­на­тель: BC конец дроби = дробь: чис­ли­тель: CK, зна­ме­на­тель: CA конец дроби , \"> от­ку­да <img src=\"https://ege.sdamgia.ru/formula/svg/46/46d144128f61621ef39260ab68cf897b.svg\" class=\"tex\" style=\"vertical-align:-1.8pt\" alt=\"AC в квад­ра­те = BC умно­жить на CK.\"> </p><p class=\"left_margin\">б)  За­ме­тим, что <img src=\"https://ege.sdamgia.ru/formula/svg/8a/8a86eab1ea15d005d4f9c75c6f3f91d5.svg\" class=\"tex\" style=\"vertical-align:-3.0pt\" alt=\"\\angle CKA = 2 альфа ,\"> сле­до­ва­тель­но, </p><p class=\"left_margin\"></p><center><p><img src=\"https://ege.sdamgia.ru/formula/svg/af/af6494378f4a0e54ffbaf128c350f368.svg\" class=\"tex\" style=\"vertical-align:-3.1pt\" alt=\" синус \\angle CKA = 2 синус альфа ко­си­нус альфа = 2 умно­жить на 0,6 умно­жить на ко­рень из: на­ча­ло ар­гу­мен­та: 1 минус 0,6 в квад­ра­те конец ар­гу­мен­та = 0,96.\"></p><p class=\"left_margin\"></p></center><p> Тогда по тео­ре­ме си­ну­сов по­лу­ча­ем, что <img src=\"https://ege.sdamgia.ru/formula/svg/d0/d00431ce109900dd78642005e45a9776.svg\" class=\"tex\" style=\"vertical-align:-10.5pt\" alt=\" дробь: чис­ли­тель: KC, зна­ме­на­тель: 0,6 конец дроби = дробь: чис­ли­тель: 24, зна­ме­на­тель: 0,96 конец дроби , \"> от­ку­да <i>KC</i>  =  15. На­хо­дим: </p><p class=\"left_margin\"></p><center><p><span data-width=\"640\" data-formulahash=\"1df9c0164c43a228727f6e487355c70b\" class=\"tex-span\" style=\"\"><img src=\"https://ege.sdamgia.ru/formula/svg/1d/1df9c0164c43a228727f6e487355c70b.svg\" class=\"tex\" style=\"vertical-align:-8.4pt\" alt=\"AK = KC умно­жить на ко­си­нус 2 альфа плюс AC умно­жить на ко­си­нус альфа = 15 ко­рень из: на­ча­ло ар­гу­мен­та: 1 минус 0,96 в квад­ра­те конец ар­гу­мен­та плюс 24 умно­жить на ко­рень из: на­ча­ло ар­гу­мен­та: 1 минус 0,6 в квад­ра­те конец ар­гу­мен­та = 15 умно­жить на дробь: чис­ли­тель: 7, зна­ме­на­тель: 25 конец дроби плюс 24 умно­жить на дробь: чис­ли­тель: 4, зна­ме­на­тель: 5 конец дроби = дробь: чис­ли­тель: 117, зна­ме­на­тель: 5 конец дроби . \"></span><span data-width=\"590\" data-formulahash=\"1df9c0164c43a228727f6e487355c70b\" class=\"tex-span\" style=\"display:none\"><img src=\"https://ege.sdamgia.ru/formula/svg/53/53ed4b6970d8c9737a0ab611ab7ae9b7.svg\" class=\"tex\" style=\"vertical-align:-1.8pt\" alt=\"AK = KC умно­жить на ко­си­нус 2 альфа плюс AC умно­жить на ко­си­нус альфа =\"><br><img src=\"https://ege.sdamgia.ru/formula/svg/e4/e40fa51d0b4b5ff46290fb8bbbb54fc0.svg\" class=\"tex\" style=\"vertical-align:-8.5pt\" alt=\"= 15 ко­рень из: на­ча­ло ар­гу­мен­та: 1 минус 0,96 в квад­ра­те конец ар­гу­мен­та плюс 24 умно­жить на ко­рень из: на­ча­ло ар­гу­мен­та: 1 минус 0,6 в квад­ра­те конец ар­гу­мен­та = 15 умно­жить на дробь: чис­ли­тель: 7, зна­ме­на­тель: 25 конец дроби плюс 24 умно­жить на дробь: чис­ли­тель: 4, зна­ме­на­тель: 5 конец дроби = дробь: чис­ли­тель: 117, зна­ме­на­тель: 5 конец дроби . \"></span><span data-width=\"390\" data-formulahash=\"1df9c0164c43a228727f6e487355c70b\" class=\"tex-span\" style=\"display:none\"><img src=\"https://ege.sdamgia.ru/formula/svg/53/53ed4b6970d8c9737a0ab611ab7ae9b7.svg\" class=\"tex\" style=\"vertical-align:-1.8pt\" alt=\"AK = KC умно­жить на ко­си­нус 2 альфа плюс AC умно­жить на ко­си­нус альфа =\"><br><img src=\"https://ege.sdamgia.ru/formula/svg/b4/b41b7579d35166970846d30d2b326d8c.svg\" class=\"tex\" style=\"vertical-align:-3.1pt\" alt=\"= 15 ко­рень из: на­ча­ло ар­гу­мен­та: 1 минус 0,96 в квад­ра­те конец ар­гу­мен­та плюс 24 умно­жить на ко­рень из: на­ча­ло ар­гу­мен­та: 1 минус 0,6 в квад­ра­те конец ар­гу­мен­та =\"><br><img src=\"https://ege.sdamgia.ru/formula/svg/b9/b9859d53591faaec9ac8916b73e28e94.svg\" class=\"tex\" style=\"vertical-align:-8.5pt\" alt=\"= 15 умно­жить на дробь: чис­ли­тель: 7, зна­ме­на­тель: 25 конец дроби плюс 24 умно­жить на дробь: чис­ли­тель: 4, зна­ме­на­тель: 5 конец дроби = дробь: чис­ли­тель: 117, зна­ме­на­тель: 5 конец дроби . \"></span></p><p class=\"left_margin\"></p></center><p> Вы­со­та <i>CH</i> тре­уголь­ни­ка <i>CKA</i> равна </p><p class=\"left_margin\"></p><center><p><img src=\"https://ege.sdamgia.ru/formula/svg/7f/7f63cdfcfce968af8f58e9a1e83746a6.svg\" class=\"tex\" style=\"vertical-align:-8.4pt\" alt=\"CK умно­жить на синус 2 альфа = дробь: чис­ли­тель: 15 умно­жить на 24, зна­ме­на­тель: 25 конец дроби = дробь: чис­ли­тель: 72, зна­ме­на­тель: 5 конец дроби . \"></p><p class=\"left_margin\"></p></center><p> По­это­му </p><p class=\"left_margin\"></p><center><p><img src=\"https://ege.sdamgia.ru/formula/svg/30/305a392e6b957423c86ec8478b146dfc.svg\" class=\"tex\" style=\"vertical-align:-8.4pt\" alt=\"S_CKA = дробь: чис­ли­тель: 1, зна­ме­на­тель: 2 конец дроби умно­жить на дробь: чис­ли­тель: 117, зна­ме­на­тель: 5 конец дроби умно­жить на дробь: чис­ли­тель: 72, зна­ме­на­тель: 5 конец дроби = дробь: чис­ли­тель: 117 умно­жить на 36, зна­ме­на­тель: 25 конец дроби . \"></p><p class=\"left_margin\"></p></center><p class=\"left_margin\">Найдём ра­ди­ус впи­сан­ной окруж­но­сти:</p><p class=\"left_margin\"></p><center><p><img src=\"https://ege.sdamgia.ru/formula/svg/25/25eed60378474aaadb2b2177b716a1ba.svg\" class=\"tex\" style=\"vertical-align:-14.4pt\" alt=\"r = дробь: чис­ли­тель: S, зна­ме­на­тель: p конец дроби = дробь: чис­ли­тель: 117 умно­жить на 36, зна­ме­на­тель: 25 конец дроби : левая круг­лая скоб­ка дробь: чис­ли­тель: 15 плюс 24 плюс дробь: чис­ли­тель: 117, зна­ме­на­тель: 5 конец дроби , зна­ме­на­тель: 2 конец дроби пра­вая круг­лая скоб­ка = дробь: чис­ли­тель: 117 умно­жить на 36, зна­ме­на­тель: 25 конец дроби умно­жить на дробь: чис­ли­тель: 5, зна­ме­на­тель: 4 умно­жить на 39 конец дроби = дробь: чис­ли­тель: 27, зна­ме­на­тель: 5 конец дроби . \"></p><p class=\"left_margin\"></p></center><p><span style=\"letter-spacing: 2px;\">Ответ:</span> <nobr>б)  <img src=\"https://ege.sdamgia.ru/formula/svg/5c/5c397020d93066baf68f14b2edbb10d6.svg\" class=\"tex\" style=\"vertical-align:-8.5pt\" alt=\" дробь: чис­ли­тель: 27, зна­ме­на­тель: 5 конец дроби . \"></nobr></p></div>",
        "image_urls": [
            "https://ege.sdamgia.ru/formula/svg/55/55319cca44bf93cb3fa0a4301ce37da9.svg",
            "https://ege.sdamgia.ru/formula/svg/bf/bf06667a317f1a984bb49f523aeed59f.svg",
            "https://ege.sdamgia.ru/formula/svg/41/41333f3901bbbb86fe6670a70f78b97d.svg",
            "https://ege.sdamgia.ru/formula/svg/46/46d144128f61621ef39260ab68cf897b.svg",
            "https://ege.sdamgia.ru/formula/svg/8a/8a86eab1ea15d005d4f9c75c6f3f91d5.svg",
            "https://ege.sdamgia.ru/formula/svg/af/af6494378f4a0e54ffbaf128c350f368.svg",
            "https://ege.sdamgia.ru/formula/svg/d0/d00431ce109900dd78642005e45a9776.svg",
            "https://ege.sdamgia.ru/formula/svg/1d/1df9c0164c43a228727f6e487355c70b.svg",
            "https://ege.sdamgia.ru/formula/svg/53/53ed4b6970d8c9737a0ab611ab7ae9b7.svg",
            "https://ege.sdamgia.ru/formula/svg/e4/e40fa51d0b4b5ff46290fb8bbbb54fc0.svg",
            "https://ege.sdamgia.ru/formula/svg/53/53ed4b6970d8c9737a0ab611ab7ae9b7.svg",
            "https://ege.sdamgia.ru/formula/svg/b4/b41b7579d35166970846d30d2b326d8c.svg",
            "https://ege.sdamgia.ru/formula/svg/b9/b9859d53591faaec9ac8916b73e28e94.svg",
            "https://ege.sdamgia.ru/formula/svg/7f/7f63cdfcfce968af8f58e9a1e83746a6.svg",
            "https://ege.sdamgia.ru/formula/svg/30/305a392e6b957423c86ec8478b146dfc.svg",
            "https://ege.sdamgia.ru/formula/svg/25/25eed60378474aaadb2b2177b716a1ba.svg",
            "https://ege.sdamgia.ru/formula/svg/5c/5c397020d93066baf68f14b2edbb10d6.svg",
            "/get_file?id=136191"
        ]
    },
    "answer": "б)",
    "topic_id": 17,
    "analog_ids": []
}