{
    "gia_type": "ege",
    "subject": "math",
    "id": 658696,
    "condition": {
        "text": "В треугольнике АВС угол АВС равен 60°. Окружность, вписанная в треугольник, касается стороны AC в точке M.а)  Докажите, что отрезок BM не больше утроенного радиуса вписанной в треугольник окружности.б)  Найдите  если известно, что отрезок ВМ в 2,8 раза больше радиуса вписанной в треугольник окружности.",
        "html": "<div align=\"justify\" width=\"100%\" id=\"body287732\" class=\"pbody\"><p class=\"left_margin\">В тре­уголь­ни­ке <i>АВС</i> угол <i>АВС</i> равен 60°. Окруж­ность, впи­сан­ная в тре­уголь­ник, ка­са­ет­ся сто­ро­ны <i>AC</i> в точке <i>M</i>.</p><p class=\"left_margin\">а)  До­ка­жи­те, что от­ре­зок <i>BM</i> не боль­ше утро­ен­но­го ра­ди­у­са впи­сан­ной в тре­уголь­ник окруж­но­сти.</p><p class=\"left_margin\">б)  Най­ди­те <img src=\"https://ege.sdamgia.ru/formula/svg/d6/d63a9c0396962126b1597d6ec390c396.svg\" class=\"tex\" style=\"vertical-align:-3.0pt\" alt=\" синус \\angle BMC,\"> если из­вест­но, что от­ре­зок <i>ВМ</i> в 2,8 раза боль­ше ра­ди­у­са впи­сан­ной в тре­уголь­ник окруж­но­сти.</p></div>",
        "image_urls": [
            "https://ege.sdamgia.ru/formula/svg/d6/d63a9c0396962126b1597d6ec390c396.svg"
        ]
    },
    "solution": {
        "text": "Решение. а)  Пусть окружность касается стороны в точке N, точка I  — центр вписанной окружности. Точка I лежит на биссектрисе угла ABC, значит,   и  Тогда по неравенству треугольника  где IM  =  IN  — радиус окружности. Что и требовалось доказать.б)  Пусть радиус вписанной окружности равен r. Тогда    По теореме косинусов для треугольника BIM получаем: Таким образом, Ответ: б) ",
        "html": "<div align=\"justify\" width=\"100%\" id=\"sol658696\" class=\"solution\" style=\"clear:both;\" class=\"pbody\"><p class=\"left_margin\"></p><b>Ре­ше­ние<!--rule_info-->. </b><p class=\"left_margin\"><img src=\"/get_file?id=181406\" style=\"float:right;margin:10px;max-width:100%\"></p><p class=\"left_margin\">а)  Пусть окруж­ность ка­са­ет­ся сто­ро­ны в точке <i>N</i>, точка <i>I</i>  — центр впи­сан­ной окруж­но­сти. Точка <i>I</i> лежит на бис­сек­три­се угла <i>ABC</i>, зна­чит,  <img src=\"https://ege.sdamgia.ru/formula/svg/a2/a265f56ddc17691efe6697349b4415ea.svg\" class=\"tex\" style=\"vertical-align:-1.8pt\" alt=\"\\angle NBI = 30 гра­ду­сов \"> и <img src=\"https://ege.sdamgia.ru/formula/svg/e2/e23c6ab8e3c1cc3e4fb5e7962b71f999.svg\" class=\"tex\" style=\"vertical-align:-1.8pt\" alt=\"BI = 2 IN.\"> Тогда по не­ра­вен­ству тре­уголь­ни­ка </p><p class=\"left_margin\"></p><center><p><img src=\"https://ege.sdamgia.ru/formula/svg/1b/1b3621ff1ec6d75b95c38caad8f2c9be.svg\" class=\"tex\" style=\"vertical-align:-3.0pt\" alt=\"BM мень­ше или равно BI плюс IM = 2 IN плюс IM,\"></p><p class=\"left_margin\"></p></center><p> где <i>IM</i>  =  <i>IN</i>  — ра­ди­ус окруж­но­сти. Что и тре­бо­ва­лось до­ка­зать.</p><p class=\"left_margin\">б)  Пусть ра­ди­ус впи­сан­ной окруж­но­сти равен <i>r</i>. Тогда <img src=\"https://ege.sdamgia.ru/formula/svg/ee/eecf631f612f8797a8bcc54ef146f072.svg\" class=\"tex\" style=\"vertical-align:-3.0pt\" alt=\"BI = 2r,\"> <img src=\"https://ege.sdamgia.ru/formula/svg/7d/7dfbaa7434c2c16722c61cf1ef8a0630.svg\" class=\"tex\" style=\"vertical-align:-3.0pt\" alt=\"IM = r,\"> <img src=\"https://ege.sdamgia.ru/formula/svg/55/55e410e3e80f1ee70c5b508c368fb183.svg\" class=\"tex\" style=\"vertical-align:-3.0pt\" alt=\"BM = 2,8 r.\"> По тео­ре­ме ко­си­ну­сов для тре­уголь­ни­ка <i>BIM</i> по­лу­ча­ем:</p><p class=\"left_margin\"></p><center><p><span data-width=\"640\" data-formulahash=\"0c601cccf82d628b6ab7c9fa25310a7f\" class=\"tex-span\" style=\"\"><img src=\"https://ege.sdamgia.ru/formula/svg/0c/0c601cccf82d628b6ab7c9fa25310a7f.svg\" class=\"tex\" style=\"vertical-align:-10.4pt\" alt=\" ко­си­нус \\angle I M B = дробь: чис­ли­тель: IM в квад­ра­те плюс BM в квад­ра­те минус BI в квад­ра­те , зна­ме­на­тель: 2 умно­жить на IM умно­жить на BM конец дроби = дробь: чис­ли­тель: r в квад­ра­те плюс 7,84 r в квад­ра­те минус 4 r в квад­ра­те , зна­ме­на­тель: 2 умно­жить на r умно­жить на 2,8 r конец дроби = дробь: чис­ли­тель: 4,84, зна­ме­на­тель: 5,6 конец дроби = дробь: чис­ли­тель: 1,21, зна­ме­на­тель: 1,4 конец дроби = дробь: чис­ли­тель: 121, зна­ме­на­тель: 140 конец дроби . \"></span><span data-width=\"515\" data-formulahash=\"0c601cccf82d628b6ab7c9fa25310a7f\" class=\"tex-span\" style=\"display:none\"><img src=\"https://ege.sdamgia.ru/formula/svg/a5/a51b420854c047c1d30be1489cb08301.svg\" class=\"tex\" style=\"vertical-align:-8.4pt\" alt=\" ко­си­нус \\angle I M B = дробь: чис­ли­тель: IM в квад­ра­те плюс BM в квад­ра­те минус BI в квад­ра­те , зна­ме­на­тель: 2 умно­жить на IM умно­жить на BM конец дроби = \"><br><img src=\"https://ege.sdamgia.ru/formula/svg/99/99d97ab8beede5567ffbc667048476d1.svg\" class=\"tex\" style=\"vertical-align:-10.5pt\" alt=\"= дробь: чис­ли­тель: r в квад­ра­те плюс 7,84 r в квад­ра­те минус 4 r в квад­ра­те , зна­ме­на­тель: 2 умно­жить на r умно­жить на 2,8 r конец дроби = дробь: чис­ли­тель: 4,84, зна­ме­на­тель: 5,6 конец дроби = дробь: чис­ли­тель: 1,21, зна­ме­на­тель: 1,4 конец дроби = дробь: чис­ли­тель: 121, зна­ме­на­тель: 140 конец дроби . \"></span></p><p class=\"left_margin\"></p></center> Таким об­ра­зом, <p class=\"left_margin\"></p><center><p><img src=\"https://ege.sdamgia.ru/formula/svg/f2/f2b1c68d05c4af6b2d65e1ee175d7a93.svg\" class=\"tex\" style=\"vertical-align:-8.5pt\" alt=\" синус \\angle BMC= синус левая круг­лая скоб­ка 90 гра­ду­сов минус \\angle BMI пра­вая круг­лая скоб­ка = ко­си­нус \\angle IMB = дробь: чис­ли­тель: 121, зна­ме­на­тель: 140 конец дроби . \"></p><p class=\"left_margin\"></p></center><p><span style=\"letter-spacing: 2px;\">Ответ:</span> б) <img src=\"https://ege.sdamgia.ru/formula/svg/f4/f48e5f6294ab0638d797ac1e7bdaf6ae.svg\" class=\"tex\" style=\"vertical-align:-8.5pt\" alt=\" дробь: чис­ли­тель: 121, зна­ме­на­тель: 140 конец дроби . \"></p></div>",
        "image_urls": [
            "https://ege.sdamgia.ru/formula/svg/a2/a265f56ddc17691efe6697349b4415ea.svg",
            "https://ege.sdamgia.ru/formula/svg/e2/e23c6ab8e3c1cc3e4fb5e7962b71f999.svg",
            "https://ege.sdamgia.ru/formula/svg/1b/1b3621ff1ec6d75b95c38caad8f2c9be.svg",
            "https://ege.sdamgia.ru/formula/svg/ee/eecf631f612f8797a8bcc54ef146f072.svg",
            "https://ege.sdamgia.ru/formula/svg/7d/7dfbaa7434c2c16722c61cf1ef8a0630.svg",
            "https://ege.sdamgia.ru/formula/svg/55/55e410e3e80f1ee70c5b508c368fb183.svg",
            "https://ege.sdamgia.ru/formula/svg/0c/0c601cccf82d628b6ab7c9fa25310a7f.svg",
            "https://ege.sdamgia.ru/formula/svg/a5/a51b420854c047c1d30be1489cb08301.svg",
            "https://ege.sdamgia.ru/formula/svg/99/99d97ab8beede5567ffbc667048476d1.svg",
            "https://ege.sdamgia.ru/formula/svg/f2/f2b1c68d05c4af6b2d65e1ee175d7a93.svg",
            "https://ege.sdamgia.ru/formula/svg/f4/f48e5f6294ab0638d797ac1e7bdaf6ae.svg",
            "/get_file?id=181406"
        ]
    },
    "answer": "б)",
    "topic_id": 17,
    "analog_ids": []
}