{
    "gia_type": "ege",
    "subject": "math",
    "id": 505105,
    "condition": {
        "text": "Около остроугольного треугольника ABC описана окружность с центром O. На продолжении отрезка AO за точку O отмечена точка K так, что BAC + AKC=90°.а)  Докажите, что четырёхугольник OBKC вписанный.б)  Найдите радиус окружности, описанной около четырёхугольника OBKC, если  а ",
        "html": "<div align=\"justify\" width=\"100%\" id=\"body646125\" class=\"pbody\"><p class=\"left_margin\">Около ост­ро­уголь­но­го тре­уголь­ни­ка <i>ABC</i> опи­са­на окруж­ность с цен­тром <i>O</i>. На про­дол­же­нии от­рез­ка <i>AO</i> за точку <i>O</i> от­ме­че­на точка <i>K</i> так, что <img src=\"https://ege.sdamgia.ru/formula/svg/b7/b7fd7223347aaf8dbc22fc2fcd70072d.svg\" class=\"tex\" style=\"vertical-align:-1.8pt\" alt=\"\\angle\"><i>BAC</i> + <img src=\"https://ege.sdamgia.ru/formula/svg/b7/b7fd7223347aaf8dbc22fc2fcd70072d.svg\" class=\"tex\" style=\"vertical-align:-1.8pt\" alt=\"\\angle\"><i>AKC</i>=90°.</p><p class=\"left_margin\">а)  До­ка­жи­те, что четырёхуголь­ник <i>OBKC</i> впи­сан­ный.</p><p class=\"left_margin\">б)  Най­ди­те ра­ди­ус окруж­но­сти, опи­сан­ной около четырёхуголь­ни­ка <i>OBKC</i>, если <img src=\"https://ege.sdamgia.ru/formula/svg/1f/1ffa38fd6bff8df2d01c6d5f6b993d72.svg\" class=\"tex\" style=\"vertical-align:-8.5pt\" alt=\" ко­си­нус \\angle BAC = дробь: чис­ли­тель: 3, зна­ме­на­тель: 5 конец дроби , \"> а <img src=\"https://ege.sdamgia.ru/formula/svg/4a/4a8e266d54277e886bf2c1825613f5c8.svg\" class=\"tex\" style=\"vertical-align:-1.8pt\" alt=\"BC=48.\"></p></div>",
        "image_urls": [
            "https://ege.sdamgia.ru/formula/svg/b7/b7fd7223347aaf8dbc22fc2fcd70072d.svg",
            "https://ege.sdamgia.ru/formula/svg/b7/b7fd7223347aaf8dbc22fc2fcd70072d.svg",
            "https://ege.sdamgia.ru/formula/svg/1f/1ffa38fd6bff8df2d01c6d5f6b993d72.svg",
            "https://ege.sdamgia.ru/formula/svg/4a/4a8e266d54277e886bf2c1825613f5c8.svg"
        ]
    },
    "solution": {
        "text": "Решение. а)  Пусть  тогда  и  Треугольник BOC равнобедренный, следовательноСледовательно, точки O, B, K и C лежат на одной  окружности. Следовательно, четырёхугольник OBKC вписанный.б)  По условию  поэтому Из теоремы синусов, получаем соотношение для радиуса окружности, описанной около треугольника ABC, таким образом,Пусть R  — радиус окружности, описанной около четырёхугольника OBKC.  В треугольнике OCK имеем: Ответ: 25.",
        "html": "<div align=\"justify\" width=\"100%\" id=\"sol505105\" class=\"solution\" style=\"clear:both;\" class=\"pbody\"><p class=\"left_margin\"></p><b>Ре­ше­ние<!--rule_info-->. </b><p class=\"left_margin\"><img src=\"/get_file?id=148387\" style=\"float:right;margin:10px;max-width:100%\">а)  Пусть <img src=\"https://ege.sdamgia.ru/formula/svg/67/675d3013470af928a51709fe5ca4b413.svg\" class=\"tex\" style=\"vertical-align:-3.0pt\" alt=\"\\angle BAC = альфа ,\"> тогда <img src=\"https://ege.sdamgia.ru/formula/svg/a7/a7910b5836b2875eac533a62b094cad7.svg\" class=\"tex\" style=\"vertical-align:-1.8pt\" alt=\"\\angle OKC = \\angle AKC =90 в сте­пе­ни левая круг­лая скоб­ка \\circ пра­вая круг­лая скоб­ка минус альфа \"> и <img src=\"https://ege.sdamgia.ru/formula/svg/c6/c65601f82d231748684ed07274c070a4.svg\" class=\"tex\" style=\"vertical-align:-1.8pt\" alt=\"\\angle BOC = 2\\angle BAC = 2 альфа .\"> Тре­уголь­ник <i>BOC</i> рав­но­бед­рен­ный, сле­до­ва­тель­но</p><p class=\"left_margin\"></p><center><p><img src=\"https://ege.sdamgia.ru/formula/svg/b1/b160e1b6ed93bef7d20166a81a98d8c6.svg\" class=\"tex\" style=\"vertical-align:-8.4pt\" alt=\"\\angle OBC = \\angle OCB = дробь: чис­ли­тель: 180 гра­ду­сов минус 2 альфа , зна­ме­на­тель: 2 конец дроби = 90 гра­ду­сов минус альфа , \"></p><p><img src=\"https://ege.sdamgia.ru/formula/svg/00/004b96071345ebd1b5907c8ae8e381a6.svg\" class=\"tex\" style=\"vertical-align:-1.8pt\" alt=\"\\angle OBC = \\angle OKC.\"></p><p class=\"left_margin\"></p></center><p class=\"left_margin\">Сле­до­ва­тель­но, точки <i>O</i>, <i>B</i>, <i>K</i> и <i>C</i> лежат на одной  окруж­но­сти. Сле­до­ва­тель­но, четырёхуголь­ник <i>OBKC</i> впи­сан­ный.</p><p class=\"left_margin\">б)  По усло­вию <img src=\"https://ege.sdamgia.ru/formula/svg/1f/1ffa38fd6bff8df2d01c6d5f6b993d72.svg\" class=\"tex\" style=\"vertical-align:-8.5pt\" alt=\" ко­си­нус \\angle BAC = дробь: чис­ли­тель: 3, зна­ме­на­тель: 5 конец дроби , \"> по­это­му <img src=\"https://ege.sdamgia.ru/formula/svg/7e/7e7bde8d02ff2e1281d3fbf03796d07e.svg\" class=\"tex\" style=\"vertical-align:-8.5pt\" alt=\" синус \\angle BAC = дробь: чис­ли­тель: 4, зна­ме­на­тель: 5 конец дроби . \"></p><p class=\"left_margin\">Из тео­ре­мы си­ну­сов, по­лу­ча­ем со­от­но­ше­ние для ра­ди­у­са окруж­но­сти, опи­сан­ной около тре­уголь­ни­ка <i>ABC</i>, таким об­ра­зом,</p><p class=\"left_margin\"></p><center><p><img src=\"https://ege.sdamgia.ru/formula/svg/1e/1eeb42ce084c98fff81193d286de9b06.svg\" class=\"tex\" style=\"vertical-align:-13.1pt\" alt=\"OC = дробь: чис­ли­тель: BC, зна­ме­на­тель: 2 синус \\angle BAC конец дроби = дробь: чис­ли­тель: 48, зна­ме­на­тель: 2 умно­жить на дробь: чис­ли­тель: 4, зна­ме­на­тель: 5 конец дроби конец дроби = 30. \"></p><p class=\"left_margin\"></p></center><p class=\"left_margin\">Пусть <i>R</i>  — ра­ди­ус окруж­но­сти, опи­сан­ной около четырёхуголь­ни­ка <i>OBKC</i>.  В тре­уголь­ни­ке <i>OCK</i> имеем:</p><p class=\"left_margin\"></p><center><p><img src=\"https://ege.sdamgia.ru/formula/svg/47/470096539391367fd932cab6bb3b645e.svg\" class=\"tex\" style=\"vertical-align:-13.1pt\" alt=\"R= дробь: чис­ли­тель: OC, зна­ме­на­тель: 2 синус \\angle OKC конец дроби = дробь: чис­ли­тель: OC, зна­ме­на­тель: 2 синус левая круг­лая скоб­ка 90 гра­ду­сов минус альфа пра­вая круг­лая скоб­ка конец дроби = дробь: чис­ли­тель: OC, зна­ме­на­тель: 2 ко­си­нус альфа конец дроби = дробь: чис­ли­тель: 30, зна­ме­на­тель: 2 умно­жить на дробь: чис­ли­тель: 3, зна­ме­на­тель: 5 конец дроби конец дроби = 25. \"></p><p class=\"left_margin\"></p></center><p>&nbsp;</p><p><span style=\"letter-spacing: 2px;\">Ответ:</span> 25.</p></div>",
        "image_urls": [
            "https://ege.sdamgia.ru/formula/svg/67/675d3013470af928a51709fe5ca4b413.svg",
            "https://ege.sdamgia.ru/formula/svg/a7/a7910b5836b2875eac533a62b094cad7.svg",
            "https://ege.sdamgia.ru/formula/svg/c6/c65601f82d231748684ed07274c070a4.svg",
            "https://ege.sdamgia.ru/formula/svg/b1/b160e1b6ed93bef7d20166a81a98d8c6.svg",
            "https://ege.sdamgia.ru/formula/svg/00/004b96071345ebd1b5907c8ae8e381a6.svg",
            "https://ege.sdamgia.ru/formula/svg/1f/1ffa38fd6bff8df2d01c6d5f6b993d72.svg",
            "https://ege.sdamgia.ru/formula/svg/7e/7e7bde8d02ff2e1281d3fbf03796d07e.svg",
            "https://ege.sdamgia.ru/formula/svg/1e/1eeb42ce084c98fff81193d286de9b06.svg",
            "https://ege.sdamgia.ru/formula/svg/47/470096539391367fd932cab6bb3b645e.svg",
            "/get_file?id=148387"
        ]
    },
    "answer": "25.",
    "topic_id": 17,
    "analog_ids": [
        505105,
        509446
    ]
}