{
    "gia_type": "ege",
    "subject": "math",
    "id": 505431,
    "condition": {
        "text": "Около равнобедренного треугольника ABC с основанием BC описана окружность. Через точку C провели прямую, параллельную стороне AB. Касательная к окружности, проведённая в точке B, пересекает эту прямую в точке K.а)  Докажите, что треугольник BCK  — равнобедренный.б)  Найдите отношение площади треугольника ABC к площади треугольника BCK, если ",
        "html": "<div align=\"justify\" width=\"100%\" id=\"body645291\" class=\"pbody\"><p class=\"left_margin\">Около рав­но­бед­рен­но­го тре­уголь­ни­ка <i>ABC</i> с ос­но­ва­ни­ем <i>BC</i> опи­са­на окруж­ность. Через точку <i>C</i> про­ве­ли пря­мую, па­рал­лель­ную сто­ро­не <i>AB</i>. Ка­са­тель­ная к окруж­но­сти, про­ведённая в точке <i>B,</i> пе­ре­се­ка­ет эту пря­мую в точке <i>K</i>.</p><p class=\"left_margin\">а)  До­ка­жи­те, что тре­уголь­ник <i>BCK</i>  — рав­но­бед­рен­ный.</p><p class=\"left_margin\">б)  Най­ди­те от­но­ше­ние пло­ща­ди тре­уголь­ни­ка <i>ABC</i> к пло­ща­ди тре­уголь­ни­ка <i>BCK,</i> если <img src=\"https://ege.sdamgia.ru/formula/svg/b7/b77fc9d5ba3173624ce67134b9fc3f0d.svg\" class=\"tex\" style=\"vertical-align:-8.4pt\" alt=\" ко­си­нус \\angle BAC= дробь: чис­ли­тель: 3, зна­ме­на­тель: 4 конец дроби . \"></p></div>",
        "image_urls": [
            "https://ege.sdamgia.ru/formula/svg/b7/b77fc9d5ba3173624ce67134b9fc3f0d.svg"
        ]
    },
    "solution": {
        "text": "Решение.  а)  Угол KBC равен углу BAC как угол между касательной и хордой. Прямые AB и CK параллельны. Следовательно, ∠ABC = ∠BCK. Получаем, что треугольники ABC и BCK подобны. Следовательно, Значит, треугольник BCK  — равнобедренный.б)  Треугольники ABC и BCK подобны, коэффициент подобия равен  Отношение площадей  В треугольнике ABC имеем:  Ответ: 2.",
        "html": "<div align=\"justify\" width=\"100%\" id=\"sol505431\" class=\"solution\" style=\"clear:both;\" class=\"pbody\"><p class=\"left_margin\"></p><b>Ре­ше­ние<!--rule_info-->. </b><p class=\"left_margin\"><img src=\"/get_file?id=148390\" style=\"float:right;margin:10px;max-width:100%\"> а)  Угол <i>KBC</i> равен углу <i>BAC</i> как угол между ка­са­тель­ной и хор­дой. Пря­мые <i>AB</i> и <i>CK</i> па­рал­лель­ны. Сле­до­ва­тель­но, ∠<i>ABC</i> = ∠<i>BCK</i>. По­лу­ча­ем, что тре­уголь­ни­ки <i>ABC</i> и <i>BCK</i> по­доб­ны. Сле­до­ва­тель­но, </p><p class=\"left_margin\"></p><center><p><img src=\"https://ege.sdamgia.ru/formula/svg/fa/fa9df9f60e61177e9f28323983e28067.svg\" class=\"tex\" style=\"vertical-align:-1.8pt\" alt=\"\\angle BKC=\\angle ACB=\\angle ABC=\\angle BCK.\"></p><p class=\"left_margin\"></p></center><p class=\"left_margin\">Зна­чит, тре­уголь­ник <i>BCK</i>  — рав­но­бед­рен­ный.</p><p class=\"left_margin\">б)  Тре­уголь­ни­ки <i>ABC</i> и <i>BCK</i> по­доб­ны, ко­эф­фи­ци­ент по­до­бия равен <img src=\"https://ege.sdamgia.ru/formula/svg/7d/7d4d1c57fb52b18785ef0c8efa81e583.svg\" class=\"tex\" style=\"vertical-align:-8.4pt\" alt=\" дробь: чис­ли­тель: AB, зна­ме­на­тель: BC конец дроби . \"> От­но­ше­ние пло­ща­дей <img src=\"https://ege.sdamgia.ru/formula/svg/5e/5ea2dd712d27689a4882130139f73623.svg\" class=\"tex\" style=\"vertical-align:-11.2pt\" alt=\" дробь: чис­ли­тель: S_ABC, зна­ме­на­тель: S_BCK конец дроби = левая круг­лая скоб­ка дробь: чис­ли­тель: AB, зна­ме­на­тель: BC конец дроби пра­вая круг­лая скоб­ка в квад­ра­те . \"> В тре­уголь­ни­ке <i>ABC</i> имеем:</p><p class=\"left_margin\"></p><center><p><img src=\"https://ege.sdamgia.ru/formula/svg/1d/1d5d34bb1750c3e0b22b8ca95feb1034.svg\" class=\"tex\" style=\"vertical-align:-3.6pt\" alt=\"BC в квад­ра­те =AB в квад­ра­те плюс AC в квад­ра­те минус 2 умно­жить на AB умно­жить на AC умно­жить на ко­си­нус \\angle BAC=2AB в квад­ра­те левая круг­лая скоб­ка 1 минус ко­си­нус \\angle BAC пра­вая круг­лая скоб­ка .\"></p><p>&nbsp;</p><p><img src=\"https://ege.sdamgia.ru/formula/svg/3e/3e70381290e3b2e504132263f77cf47c.svg\" class=\"tex\" style=\"vertical-align:-11.1pt\" alt=\" дробь: чис­ли­тель: S_ABC, зна­ме­на­тель: S_BCK конец дроби = дробь: чис­ли­тель: 1, зна­ме­на­тель: 2 левая круг­лая скоб­ка 1 минус ко­си­нус \\angle BAC пра­вая круг­лая скоб­ка конец дроби =2. \"></p><p class=\"left_margin\"></p></center><p>&nbsp;</p><p><span style=\"letter-spacing: 2px;\">Ответ:</span> 2.</p></div>",
        "image_urls": [
            "https://ege.sdamgia.ru/formula/svg/fa/fa9df9f60e61177e9f28323983e28067.svg",
            "https://ege.sdamgia.ru/formula/svg/7d/7d4d1c57fb52b18785ef0c8efa81e583.svg",
            "https://ege.sdamgia.ru/formula/svg/5e/5ea2dd712d27689a4882130139f73623.svg",
            "https://ege.sdamgia.ru/formula/svg/1d/1d5d34bb1750c3e0b22b8ca95feb1034.svg",
            "https://ege.sdamgia.ru/formula/svg/3e/3e70381290e3b2e504132263f77cf47c.svg",
            "/get_file?id=148390"
        ]
    },
    "answer": "2.",
    "topic_id": 17,
    "analog_ids": [
        505431,
        511408
    ]
}