{
    "gia_type": "ege",
    "subject": "math",
    "id": 508320,
    "condition": {
        "text": "В остроугольном треугольнике ABC проведены высоты AP и CQ.а)  Докажите, что угол PAC равен углу PQC.б)  Найдите радиус окружности, описанной около треугольника ABC, если известно, что PQ  =  8 и ∠ABC  =  60°.",
        "html": "<div align=\"justify\" width=\"100%\" id=\"body634716\" class=\"pbody\"><p class=\"left_margin\">В ост­ро­уголь­ном тре­уголь­ни­ке <i>ABC</i> про­ве­де­ны вы­со­ты <i>AP</i> и <i>CQ</i>.</p><p class=\"left_margin\">а)  До­ка­жи­те, что угол <i>PAC</i> равен углу <i>PQC</i>.</p><p class=\"left_margin\">б)  Най­ди­те ра­ди­ус окруж­но­сти, опи­сан­ной около тре­уголь­ни­ка <i>ABC</i>, если из­вест­но, что <i>PQ</i>  =  8 и ∠<i>ABC</i>  =  60°.</p></div>",
        "image_urls": []
    },
    "solution": {
        "text": "Решение. а)  Углы APC и AQC  — прямые, значит, точки A, Q, P и C лежат на одной окружности с диаметром AC, и, следовательно, равны и вписанные углы PAC и PQC этой окружности, опирающиеся на дугу PC, что и требовалось доказать. б)  Прямоугольные треугольники ABP и CBQ имеют общий угол ABC, следовательно, они подобны, откуда  или  но тогда и треугольники BAC и BPQ также подобны, причем коэффициент подобия равен  откуда  Тогда радиус R окружности, описанной около треугольника ABC равен  Ответ: ",
        "html": "<div align=\"justify\" width=\"100%\" id=\"sol508320\" class=\"solution\" style=\"clear:both;\" class=\"pbody\"><p class=\"left_margin\"></p><b>Ре­ше­ние<!--rule_info-->. </b><p class=\"left_margin\"><img src=\"/get_file?id=113452\" style=\"float:right;margin:10px;max-width:100%\">а)  Углы <i>APC</i> и <i>AQC</i>  — пря­мые, зна­чит, точки <i>A, Q, P</i> и <i>C</i> лежат на одной окруж­но­сти с диа­мет­ром <i>AC</i>, и, сле­до­ва­тель­но, равны и впи­сан­ные углы <i>PAC</i> и <i>PQC</i> этой окруж­но­сти, опи­ра­ю­щи­е­ся на дугу <i>PC</i>, что и тре­бо­ва­лось до­ка­зать. </p><p class=\"left_margin\">б)  Пря­мо­уголь­ные тре­уголь­ни­ки <i>ABP</i> и <i>CBQ</i> имеют общий угол <i>ABC</i>, сле­до­ва­тель­но, они по­доб­ны, от­ку­да <img src=\"https://ege.sdamgia.ru/formula/svg/7e/7eb4f20d40a1cdc4f3c32a83c7fd5286.svg\" class=\"tex\" style=\"vertical-align:-8.3pt\" alt=\" дробь: чис­ли­тель: BQ, зна­ме­на­тель: BP конец дроби = дробь: чис­ли­тель: BC, зна­ме­на­тель: BA конец дроби  \"> или <img src=\"https://ege.sdamgia.ru/formula/svg/5e/5e46dc9cfd5a76a883c3383995cd9643.svg\" class=\"tex\" style=\"vertical-align:-8.4pt\" alt=\" дробь: чис­ли­тель: BQ, зна­ме­на­тель: BC конец дроби = дробь: чис­ли­тель: BP, зна­ме­на­тель: BA конец дроби , \"> но тогда и тре­уголь­ни­ки <i>BAC</i> и <i>BPQ</i> также по­доб­ны, при­чем ко­эф­фи­ци­ент по­до­бия равен <img src=\"https://ege.sdamgia.ru/formula/svg/db/db27122c4c26c230e8d83d0966e6f650.svg\" class=\"tex\" style=\"vertical-align:-8.4pt\" alt=\" дробь: чис­ли­тель: BQ, зна­ме­на­тель: BC конец дроби = дробь: чис­ли­тель: BP, зна­ме­на­тель: BA конец дроби = ко­си­нус \\angle ABC, \"> от­ку­да <img src=\"https://ege.sdamgia.ru/formula/svg/ee/ee59a86afa771d8e4a5beacd02db1391.svg\" class=\"tex\" style=\"vertical-align:-8.4pt\" alt=\"AC= дробь: чис­ли­тель: PQ, зна­ме­на­тель: ко­си­нус \\angle ABC конец дроби = дробь: чис­ли­тель: 8, зна­ме­на­тель: ко­си­нус 60 гра­ду­сов конец дроби =16. \"> Тогда ра­ди­ус <i>R</i> окруж­но­сти, опи­сан­ной около тре­уголь­ни­ка <i>ABC</i> равен <img src=\"https://ege.sdamgia.ru/formula/svg/87/87ce0be01cb459937e8e0496be37649a.svg\" class=\"tex\" style=\"vertical-align:-10.9pt\" alt=\"R= дробь: чис­ли­тель: AC, зна­ме­на­тель: 2 синус \\angle ABC конец дроби = дробь: чис­ли­тель: 16, зна­ме­на­тель: 2 синус 60 гра­ду­сов конец дроби = дробь: чис­ли­тель: 16, зна­ме­на­тель: ко­рень из: на­ча­ло ар­гу­мен­та: 3 конец ар­гу­мен­та конец дроби . \"></p><p>&nbsp;</p><p><span style=\"letter-spacing: 2px;\">Ответ:</span> <img src=\"https://ege.sdamgia.ru/formula/svg/e9/e9dbd4db259d44dabceb6d5c14f7af13.svg\" class=\"tex\" style=\"vertical-align:-10.9pt\" alt=\" дробь: чис­ли­тель: 16, зна­ме­на­тель: ко­рень из: на­ча­ло ар­гу­мен­та: 3 конец ар­гу­мен­та конец дроби . \"></p></div>",
        "image_urls": [
            "https://ege.sdamgia.ru/formula/svg/7e/7eb4f20d40a1cdc4f3c32a83c7fd5286.svg",
            "https://ege.sdamgia.ru/formula/svg/5e/5e46dc9cfd5a76a883c3383995cd9643.svg",
            "https://ege.sdamgia.ru/formula/svg/db/db27122c4c26c230e8d83d0966e6f650.svg",
            "https://ege.sdamgia.ru/formula/svg/ee/ee59a86afa771d8e4a5beacd02db1391.svg",
            "https://ege.sdamgia.ru/formula/svg/87/87ce0be01cb459937e8e0496be37649a.svg",
            "https://ege.sdamgia.ru/formula/svg/e9/e9dbd4db259d44dabceb6d5c14f7af13.svg",
            "/get_file?id=113452"
        ]
    },
    "answer": "",
    "topic_id": 17,
    "analog_ids": [
        508320,
        508393,
        509404,
        511508,
        508393,
        509404,
        511508,
        511509,
        511587
    ]
}