{
    "gia_type": "ege",
    "subject": "math",
    "id": 517265,
    "condition": {
        "text": "Точка M  — середина гипотенузы AB прямоугольного треугольника ABC. Серединный перпендикуляр к гипотенузе пересекает катет BC в точке N.а)  Докажите, что ∠CAN = ∠CMN.б)  Найдите отношение радиусов окружностей, описанных около треугольников ANB и CBM, если ",
        "html": "<div align=\"justify\" width=\"100%\" id=\"body625261\" class=\"pbody\"><p class=\"left_margin\">Точка <i>M</i>  — се­ре­ди­на ги­по­те­ну­зы&nbsp;<i>AB</i> пря­мо­уголь­но­го тре­уголь­ни­ка <i>ABC</i>. Се­ре­дин­ный пер­пен­ди­ку­ляр к ги­по­те­ну­зе пе­ре­се­ка­ет катет <i>BC</i> в&nbsp;точке <i>N</i>.</p><p class=\"left_margin\">а)  До­ка­жи­те, что ∠<i>CAN</i> = ∠<i>CMN</i>.</p><p class=\"left_margin\">б)  Най­ди­те от­но­ше­ние ра­ди­у­сов окруж­но­стей, опи­сан­ных около тре­уголь­ни­ков <i>ANB</i> и <i>CBM</i>, если <img src=\"https://ege.sdamgia.ru/formula/svg/47/47a677a2e38b0b282ba781863d5aeb96.svg\" class=\"tex\" style=\"vertical-align:-8.5pt\" alt=\" тан­генс \\angle BAC = дробь: чис­ли­тель: 4, зна­ме­на­тель: 3 конец дроби .\"></p></div>",
        "image_urls": [
            "https://ege.sdamgia.ru/formula/svg/47/47a677a2e38b0b282ba781863d5aeb96.svg"
        ]
    },
    "solution": {
        "text": "Решение. а)  Заметим, что  тогда вокруг ACNM можно описать окружность, тогда  как угол, опирающийся на одну дугу, что и требовалось доказать.б)  Углы MAN и MCB равны как опирающиеся на одну дугу MN. Тогда треугольники ANB и CBM подобны по двум углам. Коэффициент подобия равен отношению сторон AB и BC, то есть 5 : 4. Тогда и радиусы относятся так же. Ответ: 5 : 4. Приведем другое решение пунка б).б)  Пусть  тогда  Так как:     получаем:  По теореме синусов   откуда",
        "html": "<div align=\"justify\" width=\"100%\" id=\"sol517265\" class=\"solution\" style=\"clear:both;\" class=\"pbody\"><p class=\"left_margin\"></p><b>Ре­ше­ние<!--rule_info-->. </b><p class=\"left_margin\"><img src=\"/get_file?id=128196\" style=\"float:right;margin:10px;max-width:100%\"></p><p class=\"left_margin\">а)  За­ме­тим, что <img src=\"https://ege.sdamgia.ru/formula/svg/38/38fa82ee80374d9408dff86157a6958c.svg\" class=\"tex\" style=\"vertical-align:-3.0pt\" alt=\"\\angle AMN плюс \\angle ACN = 90 гра­ду­сов плюс 90 гра­ду­сов = 180 гра­ду­сов,\"> тогда во­круг <i>ACNM</i> можно опи­сать окруж­ность, тогда <img src=\"https://ege.sdamgia.ru/formula/svg/01/0133d6f1aea2554985ac2aa34802b90a.svg\" class=\"tex\" style=\"vertical-align:-1.8pt\" alt=\"\\angle CAN = \\angle CMN\"> как угол, опи­ра­ю­щий­ся на одну дугу, что и тре­бо­ва­лось до­ка­зать.</p><p class=\"left_margin\">б)  Углы <i>MAN</i> и <i>MCB</i> равны как опи­ра­ю­щи­е­ся на одну дугу <i>MN</i>. Тогда тре­уголь­ни­ки <i>ANB </i>и <i>CBM</i> по­доб­ны по двум углам. Ко­эф­фи­ци­ент по­до­бия равен от­но­ше­нию сто­рон <i>AB</i> и <i>BC</i>, то есть 5 : 4. Тогда и ра­ди­у­сы от­но­сят­ся так же.</p><p>&nbsp;</p><p><span style=\"letter-spacing: 2px;\">Ответ:</span> 5 : 4.</p><p>&nbsp;</p><p><b>При­ве­дем дру­гое ре­ше­ние пунка б).</b></p><p class=\"left_margin\">б)  Пусть <img src=\"https://ege.sdamgia.ru/formula/svg/02/02fcffac9095536b84018e9e20b80085.svg\" class=\"tex\" style=\"vertical-align:-3.0pt\" alt=\"AC=3x,\"> тогда <img src=\"https://ege.sdamgia.ru/formula/svg/46/4670b12a74a55f0b5f93a6e9467d2c09.svg\" class=\"tex\" style=\"vertical-align:-3.0pt\" alt=\"BC=4x,\"> <img src=\"https://ege.sdamgia.ru/formula/svg/e3/e30535bf99c8844f9df495ab917e7b8f.svg\" class=\"tex\" style=\"vertical-align:-2.5pt\" alt=\"AB= ко­рень из: на­ча­ло ар­гу­мен­та: 9x в квад­ра­те плюс 16x в квад­ра­те конец ар­гу­мен­та =5x.\"></p><p class=\"left_margin\">Так как:</p><p></p><div class=\"flex-math\"><p><img src=\"https://ege.sdamgia.ru/formula/svg/39/395dfaa85128dc59f1c6ba8d7f3fc0f2.svg\" class=\"tex\" style=\"vertical-align:-3.0pt\" alt=\"\\angle ANC = 180 гра­ду­сов минус \\angle C минус \\angle CAN = 90 гра­ду­сов минус \\angle CAN,\"> </p><p><img src=\"https://ege.sdamgia.ru/formula/svg/f9/f9d5ee6aef25594fa287f6800af003f6.svg\" class=\"tex\" style=\"vertical-align:-3.0pt\" alt=\"\\angle AMC = \\angle AMN минус \\angle CMN = 90 гра­ду­сов минус \\angle CMN,\"> </p><p><img src=\"https://ege.sdamgia.ru/formula/svg/6a/6ad5da38fd81ab456c24a8664b9189ae.svg\" class=\"tex\" style=\"vertical-align:-3.0pt\" alt=\"\\angle CAN = \\angle CMN,\"> </p><p><img src=\"https://ege.sdamgia.ru/formula/svg/60/60bb88354fd224b682cd40896d5b75a2.svg\" class=\"tex\" style=\"vertical-align:-3.0pt\" alt=\"\\angle CMB = 180 гра­ду­сов минус \\angle AMC,\"> </p><p><img src=\"https://ege.sdamgia.ru/formula/svg/66/6651595de4acf7014133a7a685f3a96e.svg\" class=\"tex\" style=\"vertical-align:-3.0pt\" alt=\"\\angle ANB = 180 гра­ду­сов минус \\angle ANC,\"> </p><p></p></div><p>по­лу­ча­ем: </p><p class=\"left_margin\"></p><center><p><img src=\"https://ege.sdamgia.ru/formula/svg/ab/abcef546bad6b8d481a72e45a1c5c9ab.svg\" class=\"tex\" style=\"vertical-align:-3.0pt\" alt=\"\\angle AMC = \\angle ANC,\"> </p><p><img src=\"https://ege.sdamgia.ru/formula/svg/26/2633bec865ebfa6acbe0506e1168c657.svg\" class=\"tex\" style=\"vertical-align:-1.8pt\" alt=\"\\angle ANB = 180 гра­ду­сов минус \\angle ANC = 180 гра­ду­сов минус \\angle AMC = \\angle CMB.\"></p><p class=\"left_margin\"></p></center><p class=\"left_margin\">По тео­ре­ме си­ну­сов </p><p></p><div class=\"flex-math\"><p><img src=\"https://ege.sdamgia.ru/formula/svg/86/861dafb8b87d3687f0c1419e2e98d48b.svg\" class=\"tex\" style=\"vertical-align:-8.4pt\" alt=\" дробь: чис­ли­тель: CB, зна­ме­на­тель: синус \\angle CMB конец дроби = 2R_CMB, \"> </p><p><img src=\"https://ege.sdamgia.ru/formula/svg/d1/d1758679e15a87199a07bce7ce8667f3.svg\" class=\"tex\" style=\"vertical-align:-8.4pt\" alt=\" дробь: чис­ли­тель: AB, зна­ме­на­тель: синус \\angle ANB конец дроби =2R_ANB. \"></p><p></p></div><p> от­ку­да</p><p class=\"left_margin\"></p><center><p><img src=\"https://ege.sdamgia.ru/formula/svg/25/25ddcbba9a02b5cde90e973534132160.svg\" class=\"tex\" style=\"vertical-align:-13.2pt\" alt=\" дробь: чис­ли­тель: R_ANB, зна­ме­на­тель: R_CBM конец дроби = дробь: чис­ли­тель: дробь: чис­ли­тель: 1, зна­ме­на­тель: 2 конец дроби дробь: чис­ли­тель: AB, зна­ме­на­тель: синус \\angle ANB конец дроби , зна­ме­на­тель: дробь: чис­ли­тель: 1, зна­ме­на­тель: 2 конец дроби дробь: чис­ли­тель: CB, зна­ме­на­тель: синус \\angle CMB конец дроби конец дроби \\underset\\angle CMB = \\angle ANB\\mathop= дробь: чис­ли­тель: AB, зна­ме­на­тель: CB конец дроби = дробь: чис­ли­тель: 5x, зна­ме­на­тель: 4x конец дроби = дробь: чис­ли­тель: 5, зна­ме­на­тель: 4 конец дроби . \"></p><p class=\"left_margin\"></p></center></div>",
        "image_urls": [
            "https://ege.sdamgia.ru/formula/svg/38/38fa82ee80374d9408dff86157a6958c.svg",
            "https://ege.sdamgia.ru/formula/svg/01/0133d6f1aea2554985ac2aa34802b90a.svg",
            "https://ege.sdamgia.ru/formula/svg/02/02fcffac9095536b84018e9e20b80085.svg",
            "https://ege.sdamgia.ru/formula/svg/46/4670b12a74a55f0b5f93a6e9467d2c09.svg",
            "https://ege.sdamgia.ru/formula/svg/e3/e30535bf99c8844f9df495ab917e7b8f.svg",
            "https://ege.sdamgia.ru/formula/svg/39/395dfaa85128dc59f1c6ba8d7f3fc0f2.svg",
            "https://ege.sdamgia.ru/formula/svg/f9/f9d5ee6aef25594fa287f6800af003f6.svg",
            "https://ege.sdamgia.ru/formula/svg/6a/6ad5da38fd81ab456c24a8664b9189ae.svg",
            "https://ege.sdamgia.ru/formula/svg/60/60bb88354fd224b682cd40896d5b75a2.svg",
            "https://ege.sdamgia.ru/formula/svg/66/6651595de4acf7014133a7a685f3a96e.svg",
            "https://ege.sdamgia.ru/formula/svg/ab/abcef546bad6b8d481a72e45a1c5c9ab.svg",
            "https://ege.sdamgia.ru/formula/svg/26/2633bec865ebfa6acbe0506e1168c657.svg",
            "https://ege.sdamgia.ru/formula/svg/86/861dafb8b87d3687f0c1419e2e98d48b.svg",
            "https://ege.sdamgia.ru/formula/svg/d1/d1758679e15a87199a07bce7ce8667f3.svg",
            "https://ege.sdamgia.ru/formula/svg/25/25ddcbba9a02b5cde90e973534132160.svg",
            "/get_file?id=128196"
        ]
    },
    "answer": "5 : 4.",
    "topic_id": 17,
    "analog_ids": []
}