{
    "gia_type": "ege",
    "subject": "math",
    "id": 520983,
    "condition": {
        "text": "Точка O  — центр окружности, описанной около остроугольного треугольника ABC, а BH  — высота этого треугольника.а)  Докажите, что углы ABH и CBO равны.б)  Найдите BH, если ",
        "html": "<div align=\"justify\" width=\"100%\" id=\"body630251\" class=\"pbody\"><p class=\"left_margin\">Точка <i>O</i>  — центр окруж­но­сти, опи­сан­ной около ост­ро­уголь­но­го тре­уголь­ни­ка <i>ABC</i>, а <i>BH</i>  — вы­со­та этого тре­уголь­ни­ка.</p><p class=\"left_margin\">а)  До­ка­жи­те, что углы <i>ABH</i> и <i>CBO</i> равны.</p><p class=\"left_margin\">б)  Най­ди­те <i>BH</i>, если <img src=\"https://ege.sdamgia.ru/formula/svg/a7/a77484a9e4946e2e32f1bbed9811dcbf.svg\" class=\"tex\" style=\"vertical-align:-3.0pt\" alt=\"AB = 16, BC=18, BH=BO.\"></p></div>",
        "image_urls": [
            "https://ege.sdamgia.ru/formula/svg/a7/a77484a9e4946e2e32f1bbed9811dcbf.svg"
        ]
    },
    "solution": {
        "text": "Решение. а)  Обозначим угол BAC через  Тогда  поскольку является центральным углом, опирающимся на ту же дугу окружности, что и угол BAC. В равнобедренном треугольнике BOC получаем  а в прямоугольном треугольнике BAH получаем  Таким образом, б)  Пусть M  — середина отрезка BC. Прямоугольные треугольники BAH и BOM подобны, поскольку  Значит, Ответ: б) 12.",
        "html": "<div align=\"justify\" width=\"100%\" id=\"sol520983\" class=\"solution\" style=\"clear:both;\" class=\"pbody\"><p class=\"left_margin\"></p><b>Ре­ше­ние<!--rule_info-->. </b><p class=\"left_margin\"><img src=\"/get_file?id=148616\" style=\"float:right;margin:10px;max-width:100%\">а)  Обо­зна­чим угол <i>BAC</i> через <img src=\"https://ege.sdamgia.ru/formula/svg/47/4732a703569514c5db685bc796a7ebaf.svg\" class=\"tex\" style=\"vertical-align:-1.8pt\" alt=\" альфа .\"> Тогда <img src=\"https://ege.sdamgia.ru/formula/svg/49/49b4048412d259246353f7128b4bd606.svg\" class=\"tex\" style=\"vertical-align:-3.0pt\" alt=\"\\angle BOC=2 альфа ,\"> по­сколь­ку яв­ля­ет­ся цен­траль­ным углом, опи­ра­ю­щим­ся на ту же дугу окруж­но­сти, что и угол <i>BAC</i>. В рав­но­бед­рен­ном тре­уголь­ни­ке <i>BOC</i> по­лу­ча­ем <img src=\"https://ege.sdamgia.ru/formula/svg/d7/d7e0f67778a6cdc455f5f204b23e8023.svg\" class=\"tex\" style=\"vertical-align:-3.0pt\" alt=\"\\angle CBO=90 гра­ду­сов минус альфа ,\"> а в пря­мо­уголь­ном тре­уголь­ни­ке <i>BAH</i> по­лу­ча­ем <img src=\"https://ege.sdamgia.ru/formula/svg/66/66ff41199dc401837d73142b70196cd5.svg\" class=\"tex\" style=\"vertical-align:-1.8pt\" alt=\"\\angle ABH=90 гра­ду­сов минус альфа .\"> Таким об­ра­зом, <img src=\"https://ege.sdamgia.ru/formula/svg/b2/b2f50d5fd809278efa5b4e4e9277e069.svg\" class=\"tex\" style=\"vertical-align:-1.8pt\" alt=\"\\angle CBO=\\angle ABH.\"></p><p class=\"left_margin\">б)  Пусть <i>M</i>  — се­ре­ди­на от­рез­ка <i>BC</i>. Пря­мо­уголь­ные тре­уголь­ни­ки <i>BAH</i> и <i>BOM</i> по­доб­ны, по­сколь­ку <img src=\"https://ege.sdamgia.ru/formula/svg/26/269c40b05363f3dc9db0250d165bcac1.svg\" class=\"tex\" style=\"vertical-align:-1.8pt\" alt=\"\\angle ABH=\\angle OBM.\"> Зна­чит,</p><p class=\"left_margin\"></p><center><p><img src=\"https://ege.sdamgia.ru/formula/svg/cd/cd3a748c8b0907758aa506b0e66c2767.svg\" class=\"tex\" style=\"vertical-align:-9.3pt\" alt=\" дробь: чис­ли­тель: BH, зна­ме­на­тель: AB конец дроби = дробь: чис­ли­тель: BM, зна­ме­на­тель: BO конец дроби рав­но­силь­но BH в квад­ра­те = дробь: чис­ли­тель: AB умно­жить на BC, зна­ме­на­тель: 2 конец дроби рав­но­силь­но BH= ко­рень из: на­ча­ло ар­гу­мен­та: дробь: чис­ли­тель: AB умно­жить на BC, зна­ме­на­тель: 2 конец дроби конец ар­гу­мен­та =12. \"></p><p class=\"left_margin\"></p></center><p>&nbsp;</p><p><span style=\"letter-spacing: 2px;\">Ответ:</span> б) 12.</p></div>",
        "image_urls": [
            "https://ege.sdamgia.ru/formula/svg/47/4732a703569514c5db685bc796a7ebaf.svg",
            "https://ege.sdamgia.ru/formula/svg/49/49b4048412d259246353f7128b4bd606.svg",
            "https://ege.sdamgia.ru/formula/svg/d7/d7e0f67778a6cdc455f5f204b23e8023.svg",
            "https://ege.sdamgia.ru/formula/svg/66/66ff41199dc401837d73142b70196cd5.svg",
            "https://ege.sdamgia.ru/formula/svg/b2/b2f50d5fd809278efa5b4e4e9277e069.svg",
            "https://ege.sdamgia.ru/formula/svg/26/269c40b05363f3dc9db0250d165bcac1.svg",
            "https://ege.sdamgia.ru/formula/svg/cd/cd3a748c8b0907758aa506b0e66c2767.svg",
            "/get_file?id=148616"
        ]
    },
    "answer": "б) 12.",
    "topic_id": 17,
    "analog_ids": []
}