{
    "gia_type": "ege",
    "subject": "math",
    "id": 526342,
    "condition": {
        "text": "В остроугольном треугольнике ABC  Высоты BN и CM треугольника ABC пересекаются в точке H. Точка O  — центр окружности, описанной около а)  Докажите, что б)  Найдите площадь  если  ",
        "html": "<div align=\"justify\" width=\"100%\" id=\"body419578\" class=\"pbody\"><p class=\"left_margin\">В ост­ро­уголь­ном тре­уголь­ни­ке <i>ABC</i> <img src=\"https://ege.sdamgia.ru/formula/svg/81/810563695b2604bbeaca31d0e1a4c9c2.svg\" class=\"tex\" style=\"vertical-align:-1.8pt\" alt=\"\\angle A=60 гра­ду­сов.\"> Вы­со­ты <i>BN</i> и <i>CM</i> тре­уголь­ни­ка <i>ABC</i> пе­ре­се­ка­ют­ся в точке <i>H</i>. Точка <i>O</i>  — центр окруж­но­сти, опи­сан­ной около <img src=\"https://ege.sdamgia.ru/formula/svg/a9/a92fa69172847182d61d254f36b027d1.svg\" class=\"tex\" style=\"vertical-align:-1.8pt\" alt=\"\\Delta ABC.\"></p><p class=\"left_margin\">а)  До­ка­жи­те, что <img src=\"https://ege.sdamgia.ru/formula/svg/db/dbfd779546221a2a5d6607b62dd08fa4.svg\" class=\"tex\" style=\"vertical-align:-1.8pt\" alt=\"AH=AO.\"></p><p class=\"left_margin\">б)  Най­ди­те пло­щадь <img src=\"https://ege.sdamgia.ru/formula/svg/76/7661f71ff3f439dee3f31653d381b8b6.svg\" class=\"tex\" style=\"vertical-align:-3.0pt\" alt=\"\\Delta AHO,\"> если <img src=\"https://ege.sdamgia.ru/formula/svg/c3/c3a373602c7d8221f61961e09863855c.svg\" class=\"tex\" style=\"vertical-align:-3.1pt\" alt=\"BC=6 ко­рень из: на­ча­ло ар­гу­мен­та: 3 конец ар­гу­мен­та ,\"> <img src=\"https://ege.sdamgia.ru/formula/svg/18/1803eb51489adfaee4230333a2ab73c8.svg\" class=\"tex\" style=\"vertical-align:-1.8pt\" alt=\"\\angle ABC = 45 гра­ду­сов.\"></p></div>",
        "image_urls": [
            "https://ege.sdamgia.ru/formula/svg/81/810563695b2604bbeaca31d0e1a4c9c2.svg",
            "https://ege.sdamgia.ru/formula/svg/a9/a92fa69172847182d61d254f36b027d1.svg",
            "https://ege.sdamgia.ru/formula/svg/db/dbfd779546221a2a5d6607b62dd08fa4.svg",
            "https://ege.sdamgia.ru/formula/svg/76/7661f71ff3f439dee3f31653d381b8b6.svg",
            "https://ege.sdamgia.ru/formula/svg/c3/c3a373602c7d8221f61961e09863855c.svg",
            "https://ege.sdamgia.ru/formula/svg/18/1803eb51489adfaee4230333a2ab73c8.svg"
        ]
    },
    "solution": {
        "text": "Решение. Точки M и N лежат на окружности диаметром BC, поэтому  Значит, треугольники ANM и ABC подобны с коэффициентом подобия  Следовательно, радиус окружности, описанной около треугольника ANM, равен  Точки M и N лежат на окружности диаметром AH, поэтому б)  Сумма углов треугольника  равна 180°, поэтому  Тогда  (центральный угол в два раза больше вписанного угла, опирающегося на ту же дугу). Тогда из суммы углов равнобедренного треугольника AOB:  Поэтому  Имеем:  По теореме синусов для треугольника ABC:  Откуда  и  Ответ: б)    Примечание Дмитрия Гущина.Задания, в которых требуется использовать связь между стороной треугольника и расстоянием от противолежащей ей вершины до ортоцентра встречаются на ЕГЭ не первый раз. См., например, задание 519475 (2018 год), задание 505425 (2014 год) и задания в этом задачнике. Используем эти знания для решения пункта а).Найдем радиус описанной окружности по теореме синусов:  воспользуемся формулой для расстояния от вершины до ортоцентра  Полученные величины равны, что и требовалось доказать.  Приведём другое решение пункта а).а)  Высоты треугольника пересекаются в одной точке, поэтому высота AK проходит через точку H.  Пусть   Тогда  Сумма острых углов прямоугольного треугольника ACM равна 90°, поэтому  Тогда  т. к. катет, лежащий против угла в 30°, в два раза меньше гипотенузы. Сумма острых углов прямоугольного треугольника AKB равна 90°, поэтому  По теореме синусов для треугольника ABC:  где R − радиус описанной вокруг треугольника ABC окружности. Откуда  Ранее мы получили:  Следовательно,  т. е. ",
        "html": "<div align=\"justify\" width=\"100%\" id=\"sol526342\" class=\"solution\" style=\"clear:both;\" class=\"pbody\"><p class=\"left_margin\"></p><b>Ре­ше­ние<!--rule_info-->. </b><p class=\"left_margin\"><img src=\"/get_file?id=150334\" style=\"float:right;margin:10px;max-width:100%\"></p><p class=\"left_margin\">Точки <i>M</i> и <i>N</i> лежат на окруж­но­сти диа­мет­ром <i>BC</i>, по­это­му <img src=\"https://ege.sdamgia.ru/formula/svg/a0/a046cd82611e7072aecc3562cfde282a.svg\" class=\"tex\" style=\"vertical-align:-1.8pt\" alt=\"\\angle ANM = 180 гра­ду­сов минус \\angle MNC = \\angle ABC.\"> Зна­чит, тре­уголь­ни­ки <i>ANM</i> и <i>ABC</i> по­доб­ны с ко­эф­фи­ци­ен­том по­до­бия <img src=\"https://ege.sdamgia.ru/formula/svg/02/02c20bb1fab70ceab3a48f67cba5f44c.svg\" class=\"tex\" style=\"vertical-align:-8.4pt\" alt=\" дробь: чис­ли­тель: AM, зна­ме­на­тель: AC конец дроби = ко­си­нус \\angle BAC = ко­си­нус 60 гра­ду­сов = дробь: чис­ли­тель: 1, зна­ме­на­тель: 2 конец дроби . \"> </p><p class=\"left_margin\">Сле­до­ва­тель­но, ра­ди­ус окруж­но­сти, опи­сан­ной около тре­уголь­ни­ка <i>ANM</i>, равен <img src=\"https://ege.sdamgia.ru/formula/svg/35/35b898c07e9a4a617669e45b74348216.svg\" class=\"tex\" style=\"vertical-align:-8.4pt\" alt=\" дробь: чис­ли­тель: 1, зна­ме­на­тель: 2 конец дроби AO. \"> Точки <i>M</i> и <i>N</i> лежат на окруж­но­сти диа­мет­ром <i>AH</i>, по­это­му <img src=\"https://ege.sdamgia.ru/formula/svg/db/dbfd779546221a2a5d6607b62dd08fa4.svg\" class=\"tex\" style=\"vertical-align:-1.8pt\" alt=\"AH=AO.\"></p><p class=\"left_margin\">б)  Сумма углов тре­уголь­ни­ка <img src=\"https://ege.sdamgia.ru/formula/svg/12/12c774468f981a9487c30773d8093561.svg\" class=\"tex\" style=\"vertical-align:-1.8pt\" alt=\"ABC \"> равна 180°, по­это­му <img src=\"https://ege.sdamgia.ru/formula/svg/ae/ae9cf5a200f0ed063aad8ac3cb4507af.svg\" class=\"tex\" style=\"vertical-align:-1.8pt\" alt=\"\\angle ACB=75 гра­ду­сов.\"> Тогда <img src=\"https://ege.sdamgia.ru/formula/svg/49/49f4e5aa77bb1563e5acfc6bd56fc3cf.svg\" class=\"tex\" style=\"vertical-align:-1.8pt\" alt=\"\\angle AOB=150 гра­ду­сов\"> (цен­траль­ный угол в два раза боль­ше впи­сан­но­го угла, опи­ра­ю­ще­го­ся на ту же дугу). Тогда из суммы углов рав­но­бед­рен­но­го тре­уголь­ни­ка <i>AOB</i>: <img src=\"https://ege.sdamgia.ru/formula/svg/85/8546f57eea94408382e488da682ed77b.svg\" class=\"tex\" style=\"vertical-align:-1.8pt\" alt=\"\\angle OAB=15 гра­ду­сов.\"> По­это­му </p><p class=\"left_margin\"></p><center><p><img src=\"https://ege.sdamgia.ru/formula/svg/25/253c2fc2c43a772fb55b64f91e5e465f.svg\" class=\"tex\" style=\"vertical-align:-1.8pt\" alt=\"\\angle HAO=\\angle CAB минус \\angle CAH минус \\angle OAB=60 гра­ду­сов минус 15 гра­ду­сов минус 15 гра­ду­сов=30 гра­ду­сов.\"></p><p class=\"left_margin\"></p></center><p> Имеем: <img src=\"https://ege.sdamgia.ru/formula/svg/d4/d41b7a1a32ddceb4ff4fbc4f161b521b.svg\" class=\"tex\" style=\"vertical-align:-8.4pt\" alt=\"S_AHO= дробь: чис­ли­тель: AH умно­жить на AO умно­жить на синус 30 гра­ду­сов, зна­ме­на­тель: 2 конец дроби = дробь: чис­ли­тель: R в квад­ра­те , зна­ме­на­тель: 4 конец дроби . \"> По тео­ре­ме си­ну­сов для тре­уголь­ни­ка <i>ABC:</i></p><p class=\"left_margin\"></p><center><p> <img src=\"https://ege.sdamgia.ru/formula/svg/33/33f86c3f1d9f8ea1eae72a2d15134210.svg\" class=\"tex\" style=\"vertical-align:-8.6pt\" alt=\" дробь: чис­ли­тель: BC, зна­ме­на­тель: синус \\angle CAB конец дроби = дробь: чис­ли­тель: 6 ко­рень из: на­ча­ло ар­гу­мен­та: 3 конец ар­гу­мен­та , зна­ме­на­тель: синус 60 гра­ду­сов конец дроби =12=2R. \"></p><p class=\"left_margin\"></p></center><p> От­ку­да <img src=\"https://ege.sdamgia.ru/formula/svg/f8/f8982a8c5f3165423abc045b4730549d.svg\" class=\"tex\" style=\"vertical-align:-1.8pt\" alt=\"R=6\"> и <img src=\"https://ege.sdamgia.ru/formula/svg/1b/1b89c961f61ef5e4610cba2d170c5955.svg\" class=\"tex\" style=\"vertical-align:-2.5pt\" alt=\"S_AHO=9.\"></p><p>&nbsp;</p><p><span style=\"letter-spacing: 2px;\">Ответ: б) </span> <img src=\"https://ege.sdamgia.ru/formula/svg/d3/d39aeb060e81b0fc04267ae08255938a.svg\" class=\"tex\" style=\"vertical-align:-1.8pt\" alt=\"9.\"></p><p>&nbsp;</p><p>&nbsp;</p><p><b>При­ме­ча­ние Дмит­рия Гу­щи­на.</b></p><p><img src=\"/get_file?id=150335\" style=\"float:right;margin:10px;max-width:100%\"></p><p class=\"left_margin\">За­да­ния, в ко­то­рых тре­бу­ет­ся ис­поль­зо­вать связь между сто­ро­ной тре­уголь­ни­ка и рас­сто­я­ни­ем от про­ти­во­ле­жа­щей ей вер­ши­ны до ор­то­цен­тра встре­ча­ют­ся на ЕГЭ не пер­вый раз. См., на­при­мер, за­да­ние <a href=\"https://ege.sdamgia.ru/problem?id=519475\" target=\"_blank\">519475</a> (2018 год), за­да­ние <a href=\"https://ege.sdamgia.ru/problem?id=505425\" target=\"_blank\">505425</a> (2014 год) и за­да­ния в <a href=\"/get_file?id=41229\" target=\"_blank\">этом</a> за­дач­ни­ке. Ис­поль­зу­ем эти зна­ния для ре­ше­ния пунк­та а).</p><p class=\"left_margin\">Най­дем ра­ди­ус опи­сан­ной окруж­но­сти по тео­ре­ме си­ну­сов: <img src=\"https://ege.sdamgia.ru/formula/svg/89/89ec5193c97d7a2f59de062562a65317.svg\" class=\"tex\" style=\"vertical-align:-10.9pt\" alt=\"AO = дробь: чис­ли­тель: BC, зна­ме­на­тель: 2 синус 60 гра­ду­сов конец дроби = дробь: чис­ли­тель: BC, зна­ме­на­тель: ко­рень из: на­ча­ло ар­гу­мен­та: 3 конец ар­гу­мен­та конец дроби , \"> вос­поль­зу­ем­ся фор­му­лой для рас­сто­я­ния от вер­ши­ны до ор­то­цен­тра <img src=\"https://ege.sdamgia.ru/formula/svg/07/0785a91b3e35f708ab1060ae7d33f4c7.svg\" class=\"tex\" style=\"vertical-align:-10.9pt\" alt=\"AH = дробь: чис­ли­тель: BC, зна­ме­на­тель: тан­генс 60 гра­ду­сов конец дроби = дробь: чис­ли­тель: BC, зна­ме­на­тель: ко­рень из: на­ча­ло ар­гу­мен­та: 3 конец ар­гу­мен­та конец дроби . \"> По­лу­чен­ные ве­ли­чи­ны равны, что и тре­бо­ва­лось до­ка­зать.</p><p>&nbsp;</p><p>&nbsp;</p><p><b>При­ведём дру­гое ре­ше­ние пунк­та а).</b></p><p class=\"left_margin\">а)  Вы­со­ты тре­уголь­ни­ка пе­ре­се­ка­ют­ся в одной точке, по­это­му вы­со­та <i>AK</i> про­хо­дит через точку <i>H</i>.  Пусть <img src=\"https://ege.sdamgia.ru/formula/svg/96/96c304923186fca63f232e48688b9e4c.svg\" class=\"tex\" style=\"vertical-align:-3.0pt\" alt=\"AH=x,\"> <img src=\"https://ege.sdamgia.ru/formula/svg/3a/3a1e15ccec043171c58180c4ce3015f5.svg\" class=\"tex\" style=\"vertical-align:-1.8pt\" alt=\"\\angle HAM= альфа .\"> Тогда <img src=\"https://ege.sdamgia.ru/formula/svg/b3/b3cd7d87eef8605e4e080c107399732c.svg\" class=\"tex\" style=\"vertical-align:-1.8pt\" alt=\"AM=x ко­си­нус альфа .\"> Сумма ост­рых углов пря­мо­уголь­но­го тре­уголь­ни­ка <i>ACM</i> равна 90°, по­это­му <img src=\"https://ege.sdamgia.ru/formula/svg/c3/c365291b2118e0f566ba201cc8936d61.svg\" class=\"tex\" style=\"vertical-align:-1.8pt\" alt=\"\\angle ACM=30 гра­ду­сов.\"> Тогда <img src=\"https://ege.sdamgia.ru/formula/svg/1e/1efe273e089fe93bfb923859f3939698.svg\" class=\"tex\" style=\"vertical-align:-3.0pt\" alt=\"AC=2AM=2x ко­си­нус альфа ,\"> т. к. катет, ле­жа­щий про­тив угла в 30°, в два раза мень­ше ги­по­те­ну­зы. Сумма ост­рых углов пря­мо­уголь­но­го тре­уголь­ни­ка <i>AKB</i> равна 90°, по­это­му <img src=\"https://ege.sdamgia.ru/formula/svg/9b/9bee2befb0542a3340ea095a42de63f4.svg\" class=\"tex\" style=\"vertical-align:-1.8pt\" alt=\"\\angle ABK=90 гра­ду­сов минус альфа .\"> По тео­ре­ме си­ну­сов для тре­уголь­ни­ка <i>ABC</i>: <img src=\"https://ege.sdamgia.ru/formula/svg/af/af7c2aa50c18e925923764c7eebd4061.svg\" class=\"tex\" style=\"vertical-align:-11.1pt\" alt=\" дробь: чис­ли­тель: AC, зна­ме­на­тель: синус \\angle ABC конец дроби = дробь: чис­ли­тель: AC, зна­ме­на­тель: синус левая круг­лая скоб­ка 90 в сте­пе­ни левая круг­лая скоб­ка \\circ пра­вая круг­лая скоб­ка минус альфа пра­вая круг­лая скоб­ка конец дроби = дробь: чис­ли­тель: AC, зна­ме­на­тель: ко­си­нус альфа конец дроби =2R, \"> где <i>R</i> − ра­ди­ус опи­сан­ной во­круг тре­уголь­ни­ка <i>ABC</i> окруж­но­сти. От­ку­да <img src=\"https://ege.sdamgia.ru/formula/svg/25/253221e0e70aacc8d634879692688b52.svg\" class=\"tex\" style=\"vertical-align:-1.8pt\" alt=\"AC=2R ко­си­нус альфа .\"> Ранее мы по­лу­чи­ли: <img src=\"https://ege.sdamgia.ru/formula/svg/a8/a8a2939f419adee6b4b4f22d125af9b6.svg\" class=\"tex\" style=\"vertical-align:-1.8pt\" alt=\"AC=2x ко­си­нус альфа .\"> Сле­до­ва­тель­но, <img src=\"https://ege.sdamgia.ru/formula/svg/de/de9b4c00dfb6b71c76f9e6538e533af3.svg\" class=\"tex\" style=\"vertical-align:-3.0pt\" alt=\"x=R,\"> т. е. <img src=\"https://ege.sdamgia.ru/formula/svg/db/dbfd779546221a2a5d6607b62dd08fa4.svg\" class=\"tex\" style=\"vertical-align:-1.8pt\" alt=\"AH=AO.\"></p></div>",
        "image_urls": [
            "https://ege.sdamgia.ru/formula/svg/a0/a046cd82611e7072aecc3562cfde282a.svg",
            "https://ege.sdamgia.ru/formula/svg/02/02c20bb1fab70ceab3a48f67cba5f44c.svg",
            "https://ege.sdamgia.ru/formula/svg/35/35b898c07e9a4a617669e45b74348216.svg",
            "https://ege.sdamgia.ru/formula/svg/db/dbfd779546221a2a5d6607b62dd08fa4.svg",
            "https://ege.sdamgia.ru/formula/svg/12/12c774468f981a9487c30773d8093561.svg",
            "https://ege.sdamgia.ru/formula/svg/ae/ae9cf5a200f0ed063aad8ac3cb4507af.svg",
            "https://ege.sdamgia.ru/formula/svg/49/49f4e5aa77bb1563e5acfc6bd56fc3cf.svg",
            "https://ege.sdamgia.ru/formula/svg/85/8546f57eea94408382e488da682ed77b.svg",
            "https://ege.sdamgia.ru/formula/svg/25/253c2fc2c43a772fb55b64f91e5e465f.svg",
            "https://ege.sdamgia.ru/formula/svg/d4/d41b7a1a32ddceb4ff4fbc4f161b521b.svg",
            "https://ege.sdamgia.ru/formula/svg/33/33f86c3f1d9f8ea1eae72a2d15134210.svg",
            "https://ege.sdamgia.ru/formula/svg/f8/f8982a8c5f3165423abc045b4730549d.svg",
            "https://ege.sdamgia.ru/formula/svg/1b/1b89c961f61ef5e4610cba2d170c5955.svg",
            "https://ege.sdamgia.ru/formula/svg/d3/d39aeb060e81b0fc04267ae08255938a.svg",
            "https://ege.sdamgia.ru/formula/svg/89/89ec5193c97d7a2f59de062562a65317.svg",
            "https://ege.sdamgia.ru/formula/svg/07/0785a91b3e35f708ab1060ae7d33f4c7.svg",
            "https://ege.sdamgia.ru/formula/svg/96/96c304923186fca63f232e48688b9e4c.svg",
            "https://ege.sdamgia.ru/formula/svg/3a/3a1e15ccec043171c58180c4ce3015f5.svg",
            "https://ege.sdamgia.ru/formula/svg/b3/b3cd7d87eef8605e4e080c107399732c.svg",
            "https://ege.sdamgia.ru/formula/svg/c3/c365291b2118e0f566ba201cc8936d61.svg",
            "https://ege.sdamgia.ru/formula/svg/1e/1efe273e089fe93bfb923859f3939698.svg",
            "https://ege.sdamgia.ru/formula/svg/9b/9bee2befb0542a3340ea095a42de63f4.svg",
            "https://ege.sdamgia.ru/formula/svg/af/af7c2aa50c18e925923764c7eebd4061.svg",
            "https://ege.sdamgia.ru/formula/svg/25/253221e0e70aacc8d634879692688b52.svg",
            "https://ege.sdamgia.ru/formula/svg/a8/a8a2939f419adee6b4b4f22d125af9b6.svg",
            "https://ege.sdamgia.ru/formula/svg/de/de9b4c00dfb6b71c76f9e6538e533af3.svg",
            "https://ege.sdamgia.ru/formula/svg/db/dbfd779546221a2a5d6607b62dd08fa4.svg",
            "/get_file?id=150334",
            "/get_file?id=150335"
        ]
    },
    "answer": "б)",
    "topic_id": 17,
    "analog_ids": []
}