{
    "gia_type": "ege",
    "subject": "math",
    "id": 541381,
    "condition": {
        "text": "В треугольнике ABC угол A равен 120°. Прямые, содержащие высоты BM и CN треугольника ABC, пересекаются в точке H. Точка O  — центр окружности, описанной около треугольника ABC.а)  Докажите, что AH  =  AO.б)  Найдите площадь треугольника AHO, если ",
        "html": "<div align=\"justify\" width=\"100%\" id=\"body404537\" class=\"pbody\"><p class=\"left_margin\">В тре­уголь­ни­ке <i>ABC</i> угол <i>A</i> равен 120°. Пря­мые, со­дер­жа­щие вы­со­ты <i>BM</i> и <i>CN</i> тре­уголь­ни­ка <i>ABC</i>, пе­ре­се­ка­ют­ся в точке <i>H</i>. Точка <i>O</i>  — центр окруж­но­сти, опи­сан­ной около тре­уголь­ни­ка <i>ABC</i>.</p><p class=\"left_margin\">а)  До­ка­жи­те, что <i>AH</i>  =  <i>AO</i>.</p><p class=\"left_margin\">б)  Най­ди­те пло­щадь тре­уголь­ни­ка <i>AHO</i>, если <img src=\"https://ege.sdamgia.ru/formula/svg/c8/c836b2a2745eb578778c184d78c00cf3.svg\" class=\"tex\" style=\"vertical-align:-3.0pt\" alt=\"BC = ко­рень из: на­ча­ло ар­гу­мен­та: 15 конец ар­гу­мен­та ,\"><img src=\"https://ege.sdamgia.ru/formula/svg/9e/9eec07614060b75e02b5012a50abae87.svg\" class=\"tex\" style=\"vertical-align:-1.8pt\" alt=\" \\angle ABC=45 гра­ду­сов.\"></p></div>",
        "image_urls": [
            "https://ege.sdamgia.ru/formula/svg/c8/c836b2a2745eb578778c184d78c00cf3.svg",
            "https://ege.sdamgia.ru/formula/svg/9e/9eec07614060b75e02b5012a50abae87.svg"
        ]
    },
    "solution": {
        "text": "Решение. а)  По теореме синусов имеем:  Четырехугольник MHNA вписан в окружность с диаметром AH, тогда по теореме синусов для треугольника MNA  имеем:   Треугольники MAN и BAC подобны так как  тогда  Подставляя получаем, б)  По теореме о вписанном угле  Тогда   а  Тогда  Из доказанного в пункте a) имеем, что Найдем площадь треугольника    Ответ: ",
        "html": "<div align=\"justify\" width=\"100%\" id=\"sol541381\" class=\"solution\" style=\"clear:both;\" class=\"pbody\"><p class=\"left_margin\"></p><b>Ре­ше­ние<!--rule_info-->. </b><p class=\"left_margin\"><img src=\"/get_file?id=150342\" style=\"float:right;margin:10px;max-width:100%\"></p><p class=\"left_margin\">а)  По тео­ре­ме си­ну­сов имеем: <img src=\"https://ege.sdamgia.ru/formula/svg/63/63871d35d8add273a8ac5ace77f499bd.svg\" class=\"tex\" style=\"vertical-align:-1.8pt\" alt=\"BC=2AO умно­жить на синус 120 гра­ду­сов = AO ко­рень из: на­ча­ло ар­гу­мен­та: 3 конец ар­гу­мен­та .\"> Че­ты­рех­уголь­ник <i>MHNA</i> впи­сан в окруж­ность с диа­мет­ром <i>AH</i>, тогда по тео­ре­ме си­ну­сов для тре­уголь­ни­ка <i>MNA</i>  имеем: </p><p class=\"left_margin\"></p><center><p><img src=\"https://ege.sdamgia.ru/formula/svg/32/327472e5d25ce9c63cba64e706676b76.svg\" class=\"tex\" style=\"vertical-align:-8.5pt\" alt=\"MN =2R умно­жить на синус 120 гра­ду­сов=AH умно­жить на синус 120 гра­ду­сов = AH умно­жить на дробь: чис­ли­тель: ко­рень из: на­ча­ло ар­гу­мен­та: 3 конец ар­гу­мен­та , зна­ме­на­тель: 2 конец дроби . \"></p><p class=\"left_margin\"></p></center><p>  Тре­уголь­ни­ки <i>MAN</i> и <i>BAC</i> по­доб­ны так как </p><p class=\"left_margin\"></p><center><p><img src=\"https://ege.sdamgia.ru/formula/svg/a0/a0623aa0e1d5c7087d08322072153d27.svg\" class=\"tex\" style=\"vertical-align:-8.4pt\" alt=\" дробь: чис­ли­тель: MA, зна­ме­на­тель: AB конец дроби = дробь: чис­ли­тель: AN, зна­ме­на­тель: AC конец дроби = ко­си­нус 60 гра­ду­сов = дробь: чис­ли­тель: 1, зна­ме­на­тель: 2 конец дроби , \"></p><p class=\"left_margin\"></p></center><p> тогда <img src=\"https://ege.sdamgia.ru/formula/svg/c4/c44ab2d26e8d754162bfd5f47e003ef7.svg\" class=\"tex\" style=\"vertical-align:-8.4pt\" alt=\"MN= дробь: чис­ли­тель: 1, зна­ме­на­тель: 2 конец дроби BC. \"> Под­став­ляя по­лу­ча­ем, </p><p class=\"left_margin\"></p><center><p><img src=\"https://ege.sdamgia.ru/formula/svg/72/720c1a983b4bc64797e37d9bb01bf0f9.svg\" class=\"tex\" style=\"vertical-align:-8.5pt\" alt=\" дробь: чис­ли­тель: ко­рень из: на­ча­ло ар­гу­мен­та: 3 конец ар­гу­мен­та , зна­ме­на­тель: 2 конец дроби AH = дробь: чис­ли­тель: 1, зна­ме­на­тель: 2 конец дроби умно­жить на AO умно­жить на ко­рень из: на­ча­ло ар­гу­мен­та: 3 конец ар­гу­мен­та рав­но­силь­но AH=AO. \"></p><p class=\"left_margin\"></p></center><p class=\"left_margin\">б)  По тео­ре­ме о впи­сан­ном угле <img src=\"https://ege.sdamgia.ru/formula/svg/eb/ebdd4cf48d56885e08bafadfad5aa1c5.svg\" class=\"tex\" style=\"vertical-align:-1.8pt\" alt=\"\\angle BOA = 2 \\angle ACB = 2 умно­жить на 15 гра­ду­сов= 30 гра­ду­сов.\"> Тогда </p><p class=\"left_margin\"></p><center><p><img src=\"https://ege.sdamgia.ru/formula/svg/4c/4cc5448eb98b5e850951ca42aeeb5b54.svg\" class=\"tex\" style=\"vertical-align:-8.4pt\" alt=\"\\angle BAO = дробь: чис­ли­тель: 180 гра­ду­сов минус 30 гра­ду­сов, зна­ме­на­тель: 2 конец дроби =75 гра­ду­сов, \"></p><p class=\"left_margin\"></p></center>  а <img src=\"https://ege.sdamgia.ru/formula/svg/75/750a307aaa8c0c03c75cdc200c1b7ae5.svg\" class=\"tex\" style=\"vertical-align:-1.8pt\" alt=\"\\angle BAH = 180 гра­ду­сов минус 45 гра­ду­сов = 135 гра­ду­сов. \"> Тогда <img src=\"https://ege.sdamgia.ru/formula/svg/a4/a42c7d6c596165922c7859805c2822fb.svg\" class=\"tex\" style=\"vertical-align:-1.8pt\" alt=\" \\angle HAO = 360 гра­ду­сов минус 135 гра­ду­сов минус 75 гра­ду­сов = 150 гра­ду­сов.\"> Из до­ка­зан­но­го в пунк­те a) имеем, что <p class=\"left_margin\"></p><center><p><img src=\"https://ege.sdamgia.ru/formula/svg/7b/7b94c73cc2552a08aeab420f109b2293.svg\" class=\"tex\" style=\"vertical-align:-11.1pt\" alt=\"AH=AO= дробь: чис­ли­тель: BC, зна­ме­на­тель: ко­рень из: на­ча­ло ар­гу­мен­та: 3 конец ар­гу­мен­та конец дроби = дробь: чис­ли­тель: ко­рень из: на­ча­ло ар­гу­мен­та: 15 конец ар­гу­мен­та , зна­ме­на­тель: ко­рень из: на­ча­ло ар­гу­мен­та: 3 конец ар­гу­мен­та конец дроби = ко­рень из: на­ча­ло ар­гу­мен­та: 5 конец ар­гу­мен­та . \"></p><p class=\"left_margin\"></p></center><p class=\"left_margin\">Най­дем пло­щадь тре­уголь­ни­ка </p><p class=\"left_margin\"></p><center><p><img src=\"https://ege.sdamgia.ru/formula/svg/66/666c4bc026fdf28717bce02a02559f4b.svg\" class=\"tex\" style=\"vertical-align:-8.3pt\" alt=\"S_AHO = дробь: чис­ли­тель: 1, зна­ме­на­тель: 2 конец дроби умно­жить на ко­рень из: на­ча­ло ар­гу­мен­та: 5 конец ар­гу­мен­та в квад­ра­те умно­жить на синус 150 гра­ду­сов = дробь: чис­ли­тель: 5, зна­ме­на­тель: 4 конец дроби . \"></p><p class=\"left_margin\"></p></center><p>&nbsp;</p><p>&nbsp;</p><p>&nbsp;</p><p><span style=\"letter-spacing: 2px;\">Ответ:</span> <img src=\"https://ege.sdamgia.ru/formula/svg/9b/9b0f4dce95bc10b787799a2c49589b41.svg\" class=\"tex\" style=\"vertical-align:-8.3pt\" alt=\" дробь: чис­ли­тель: 5, зна­ме­на­тель: 4 конец дроби . \"></p></div>",
        "image_urls": [
            "https://ege.sdamgia.ru/formula/svg/63/63871d35d8add273a8ac5ace77f499bd.svg",
            "https://ege.sdamgia.ru/formula/svg/32/327472e5d25ce9c63cba64e706676b76.svg",
            "https://ege.sdamgia.ru/formula/svg/a0/a0623aa0e1d5c7087d08322072153d27.svg",
            "https://ege.sdamgia.ru/formula/svg/c4/c44ab2d26e8d754162bfd5f47e003ef7.svg",
            "https://ege.sdamgia.ru/formula/svg/72/720c1a983b4bc64797e37d9bb01bf0f9.svg",
            "https://ege.sdamgia.ru/formula/svg/eb/ebdd4cf48d56885e08bafadfad5aa1c5.svg",
            "https://ege.sdamgia.ru/formula/svg/4c/4cc5448eb98b5e850951ca42aeeb5b54.svg",
            "https://ege.sdamgia.ru/formula/svg/75/750a307aaa8c0c03c75cdc200c1b7ae5.svg",
            "https://ege.sdamgia.ru/formula/svg/a4/a42c7d6c596165922c7859805c2822fb.svg",
            "https://ege.sdamgia.ru/formula/svg/7b/7b94c73cc2552a08aeab420f109b2293.svg",
            "https://ege.sdamgia.ru/formula/svg/66/666c4bc026fdf28717bce02a02559f4b.svg",
            "https://ege.sdamgia.ru/formula/svg/9b/9b0f4dce95bc10b787799a2c49589b41.svg",
            "/get_file?id=150342"
        ]
    },
    "answer": "",
    "topic_id": 17,
    "analog_ids": [
        541381,
        541825
    ]
}