{
    "gia_type": "ege",
    "subject": "math",
    "id": 541825,
    "condition": {
        "text": "В треугольнике ABC угол A равен 120° . Прямые, содержащие высоты BM и CN треугольника ABC, пересекаются в точке H. Точка O  — центр окружности, описанной около треугольника ABC .а)  Докажите, что AH  =  AO.б)  Найдите площадь треугольника AHO, если  BC = 3 , ",
        "html": "<div align=\"justify\" width=\"100%\" id=\"body404093\" class=\"pbody\"><p class=\"left_margin\">В тре­уголь­ни­ке <i>ABC</i> угол <i>A </i>равен 120° . Пря­мые, со­дер­жа­щие вы­со­ты <i>BM</i> и <i>CN</i> тре­уголь­ни­ка <i>ABC</i>, пе­ре­се­ка­ют­ся в точке <i>H</i>. Точка <i>O</i>  — центр окруж­но­сти, опи­сан­ной около тре­уголь­ни­ка <i>ABC </i>.</p><p class=\"left_margin\">а)  До­ка­жи­те, что <i>AH  =  AO</i>.</p><p class=\"left_margin\">б)  Най­ди­те пло­щадь тре­уголь­ни­ка <i>AHO</i>, если <i> BC = </i>3 , <img src=\"https://ege.sdamgia.ru/formula/svg/56/56781105958289457ce56d4f8ecd2335.svg\" class=\"tex\" style=\"vertical-align:-1.8pt\" alt=\"\\angle ABC=15 гра­ду­сов.\"></p></div>",
        "image_urls": [
            "https://ege.sdamgia.ru/formula/svg/56/56781105958289457ce56d4f8ecd2335.svg"
        ]
    },
    "solution": {
        "text": "Решение. а)  По теореме синусов имеем:  Четырехугольник MHNA вписан в окружность с диаметром AH, тогда по теореме синусов для треугольника MNA  имеем:   Треугольники MAN и BAC подобны так как  тогда  Подставляя получаем,  б)  По теореме о вписанном угле  Тогда   а  Тогда  Из доказанного в пункте a) имеем, что Найдем площадь треугольника  Ответ: ",
        "html": "<div align=\"justify\" width=\"100%\" id=\"sol541825\" class=\"solution\" style=\"clear:both;\" class=\"pbody\"><p class=\"left_margin\"></p><b>Ре­ше­ние<!--rule_info-->. </b><p class=\"left_margin\"><img src=\"/get_file?id=150343\" style=\"float:right;margin:10px;max-width:100%\"></p><p class=\"left_margin\">а)  По тео­ре­ме си­ну­сов имеем: <img src=\"https://ege.sdamgia.ru/formula/svg/63/63871d35d8add273a8ac5ace77f499bd.svg\" class=\"tex\" style=\"vertical-align:-1.8pt\" alt=\"BC=2AO умно­жить на синус 120 гра­ду­сов = AO ко­рень из: на­ча­ло ар­гу­мен­та: 3 конец ар­гу­мен­та .\"> Че­ты­рех­уголь­ник <i>MHNA</i> впи­сан в окруж­ность с диа­мет­ром <i>AH</i>, тогда по тео­ре­ме си­ну­сов для тре­уголь­ни­ка <i>MNA</i>  имеем: </p><p class=\"left_margin\"></p><center><p><img src=\"https://ege.sdamgia.ru/formula/svg/32/327472e5d25ce9c63cba64e706676b76.svg\" class=\"tex\" style=\"vertical-align:-8.5pt\" alt=\"MN =2R умно­жить на синус 120 гра­ду­сов=AH умно­жить на синус 120 гра­ду­сов = AH умно­жить на дробь: чис­ли­тель: ко­рень из: на­ча­ло ар­гу­мен­та: 3 конец ар­гу­мен­та , зна­ме­на­тель: 2 конец дроби . \"></p><p class=\"left_margin\"></p></center><p>  Тре­уголь­ни­ки <i>MAN</i> и <i>BAC</i> по­доб­ны так как </p><p class=\"left_margin\"></p><center><p><img src=\"https://ege.sdamgia.ru/formula/svg/a0/a0623aa0e1d5c7087d08322072153d27.svg\" class=\"tex\" style=\"vertical-align:-8.4pt\" alt=\" дробь: чис­ли­тель: MA, зна­ме­на­тель: AB конец дроби = дробь: чис­ли­тель: AN, зна­ме­на­тель: AC конец дроби = ко­си­нус 60 гра­ду­сов = дробь: чис­ли­тель: 1, зна­ме­на­тель: 2 конец дроби , \"></p><p class=\"left_margin\"></p></center><p> тогда <img src=\"https://ege.sdamgia.ru/formula/svg/c4/c44ab2d26e8d754162bfd5f47e003ef7.svg\" class=\"tex\" style=\"vertical-align:-8.4pt\" alt=\"MN= дробь: чис­ли­тель: 1, зна­ме­на­тель: 2 конец дроби BC. \"> Под­став­ляя по­лу­ча­ем, </p><p class=\"left_margin\"></p><center><p><img src=\"https://ege.sdamgia.ru/formula/svg/72/720c1a983b4bc64797e37d9bb01bf0f9.svg\" class=\"tex\" style=\"vertical-align:-8.5pt\" alt=\" дробь: чис­ли­тель: ко­рень из: на­ча­ло ар­гу­мен­та: 3 конец ар­гу­мен­та , зна­ме­на­тель: 2 конец дроби AH = дробь: чис­ли­тель: 1, зна­ме­на­тель: 2 конец дроби умно­жить на AO умно­жить на ко­рень из: на­ча­ло ар­гу­мен­та: 3 конец ар­гу­мен­та рав­но­силь­но AH=AO. \"></p><p class=\"left_margin\"></p></center><p>&nbsp;</p><p class=\"left_margin\">б)  По тео­ре­ме о впи­сан­ном угле <img src=\"https://ege.sdamgia.ru/formula/svg/82/82a429f49e71a041e0f44792deef6c89.svg\" class=\"tex\" style=\"vertical-align:-1.8pt\" alt=\"\\angle COA = 2 \\angle ABC = 2 умно­жить на 15 гра­ду­сов= 30 гра­ду­сов.\"> Тогда </p><p class=\"left_margin\"></p><center><p><img src=\"https://ege.sdamgia.ru/formula/svg/bb/bb9ab128e72cd433923ae5c374d61c21.svg\" class=\"tex\" style=\"vertical-align:-8.4pt\" alt=\"\\angle CAO = дробь: чис­ли­тель: 180 гра­ду­сов минус 30 гра­ду­сов, зна­ме­на­тель: 2 конец дроби =75 гра­ду­сов, \"></p><p class=\"left_margin\"></p></center>  а <img src=\"https://ege.sdamgia.ru/formula/svg/8e/8eea6bbc5cbc060dadb22c9d52954763.svg\" class=\"tex\" style=\"vertical-align:-1.8pt\" alt=\"\\angle ACB = 180 гра­ду­сов минус 120 гра­ду­сов минус 15 гра­ду­сов= 45 гра­ду­сов = \\angle CAE. \"> Тогда <img src=\"https://ege.sdamgia.ru/formula/svg/3b/3b28d9a58381472afca4392b64ffe2bc.svg\" class=\"tex\" style=\"vertical-align:-3.6pt\" alt=\" \\angle HAO = 180 гра­ду­сов минус левая круг­лая скоб­ка 75 гра­ду­сов минус 45 гра­ду­сов пра­вая круг­лая скоб­ка = 150 гра­ду­сов.\"> Из до­ка­зан­но­го в пунк­те a) имеем, что <p class=\"left_margin\"></p><center><p><img src=\"https://ege.sdamgia.ru/formula/svg/b7/b758a3e4a026783555ad441121ac8073.svg\" class=\"tex\" style=\"vertical-align:-10.9pt\" alt=\"AH=AO= дробь: чис­ли­тель: BC, зна­ме­на­тель: ко­рень из: на­ча­ло ар­гу­мен­та: 3 конец ар­гу­мен­та конец дроби = дробь: чис­ли­тель: 3, зна­ме­на­тель: ко­рень из: на­ча­ло ар­гу­мен­та: 3 конец ар­гу­мен­та конец дроби = ко­рень из: на­ча­ло ар­гу­мен­та: 3 конец ар­гу­мен­та . \"></p><p class=\"left_margin\"></p></center><p class=\"left_margin\">Най­дем пло­щадь тре­уголь­ни­ка </p><p class=\"left_margin\"></p><center><p><img src=\"https://ege.sdamgia.ru/formula/svg/34/34d8090dbf0de20faaa576aa269fde7f.svg\" class=\"tex\" style=\"vertical-align:-8.4pt\" alt=\"S_AHO = дробь: чис­ли­тель: 1, зна­ме­на­тель: 2 конец дроби умно­жить на ко­рень из: на­ча­ло ар­гу­мен­та: 3 конец ар­гу­мен­та в квад­ра­те умно­жить на синус 150 гра­ду­сов = дробь: чис­ли­тель: 3, зна­ме­на­тель: 4 конец дроби . \"></p><p class=\"left_margin\"></p></center><p>&nbsp;</p><p><span style=\"letter-spacing: 2px;\">Ответ:</span> <img src=\"https://ege.sdamgia.ru/formula/svg/91/91bb53ccabd6642a2b9d4a0e0f10137c.svg\" class=\"tex\" style=\"vertical-align:-8.4pt\" alt=\" дробь: чис­ли­тель: 3, зна­ме­на­тель: 4 конец дроби . \"></p></div>",
        "image_urls": [
            "https://ege.sdamgia.ru/formula/svg/63/63871d35d8add273a8ac5ace77f499bd.svg",
            "https://ege.sdamgia.ru/formula/svg/32/327472e5d25ce9c63cba64e706676b76.svg",
            "https://ege.sdamgia.ru/formula/svg/a0/a0623aa0e1d5c7087d08322072153d27.svg",
            "https://ege.sdamgia.ru/formula/svg/c4/c44ab2d26e8d754162bfd5f47e003ef7.svg",
            "https://ege.sdamgia.ru/formula/svg/72/720c1a983b4bc64797e37d9bb01bf0f9.svg",
            "https://ege.sdamgia.ru/formula/svg/82/82a429f49e71a041e0f44792deef6c89.svg",
            "https://ege.sdamgia.ru/formula/svg/bb/bb9ab128e72cd433923ae5c374d61c21.svg",
            "https://ege.sdamgia.ru/formula/svg/8e/8eea6bbc5cbc060dadb22c9d52954763.svg",
            "https://ege.sdamgia.ru/formula/svg/3b/3b28d9a58381472afca4392b64ffe2bc.svg",
            "https://ege.sdamgia.ru/formula/svg/b7/b758a3e4a026783555ad441121ac8073.svg",
            "https://ege.sdamgia.ru/formula/svg/34/34d8090dbf0de20faaa576aa269fde7f.svg",
            "https://ege.sdamgia.ru/formula/svg/91/91bb53ccabd6642a2b9d4a0e0f10137c.svg",
            "/get_file?id=150343"
        ]
    },
    "answer": "",
    "topic_id": 17,
    "analog_ids": [
        541381
    ]
}