{
    "gia_type": "ege",
    "subject": "math",
    "id": 548481,
    "condition": {
        "text": "Прямоугольный треугольник ABC с прямым углом C вписан в окружность. Биссектриса угла A пересекает описанную окружность в точке A1, биссектриса угла B пересекает описанную окружность в точке B1, биссектриса угла C пересекает описанную окружность в точке C1.a) Докажите, что угол A1BB1  =  45°.б)  Известно, что   Найдите B1C1.",
        "html": "<div align=\"justify\" width=\"100%\" id=\"body405629\" class=\"pbody\"><p class=\"left_margin\">Пря­мо­уголь­ный тре­уголь­ник <i>ABC</i> с пря­мым углом <i>C</i> впи­сан в окруж­ность. Бис­сек­три­са угла <i>A</i> пе­ре­се­ка­ет опи­сан­ную окруж­ность в точке <i>A</i><sub>1</sub>, бис­сек­три­са угла <i>B</i> пе­ре­се­ка­ет опи­сан­ную окруж­ность в точке <i>B</i><sub>1</sub>, бис­сек­три­са угла <i>C</i> пе­ре­се­ка­ет опи­сан­ную окруж­ность в точке <i>C</i><sub>1</sub>.</p><p class=\"left_margin\">a) До­ка­жи­те, что угол <i>A</i><sub>1</sub><i>BB</i><sub>1</sub>  =  45°.</p><p class=\"left_margin\">б)  Из­вест­но, что <img src=\"https://ege.sdamgia.ru/formula/svg/c3/c344c219ffb33201c253bb53a89c64ba.svg\" class=\"tex\" style=\"vertical-align:-3.1pt\" alt=\"AB=2 ко­рень из: на­ча­ло ар­гу­мен­та: 3 конец ар­гу­мен­та ,\"> <img src=\"https://ege.sdamgia.ru/formula/svg/2e/2e9e989faedd4029d780ccfad3c62230.svg\" class=\"tex\" style=\"vertical-align:-1.8pt\" alt=\"\\angle A=60 в сте­пе­ни левая круг­лая скоб­ка \\circ пра­вая круг­лая скоб­ка .\"> Най­ди­те <i>B</i><sub>1</sub><i>C</i><sub>1</sub>.</p></div>",
        "image_urls": [
            "https://ege.sdamgia.ru/formula/svg/c3/c344c219ffb33201c253bb53a89c64ba.svg",
            "https://ege.sdamgia.ru/formula/svg/2e/2e9e989faedd4029d780ccfad3c62230.svg"
        ]
    },
    "solution": {
        "text": "Решение. а)  Углы A1BC и A1AC равны как вписанные, опирающиеся на одну и ту же дугу. Следовательно, б)  Вычислим угол B:Вычислим угол B1A1A:Вычислим угол AA1C1: таким образом, По теореме синусов имеем:где R  — это радиус описанной около треугольника A1B1C1. окружности и  2R  =  AB.Таким образом, Ответ:  б) 3.",
        "html": "<div align=\"justify\" width=\"100%\" id=\"sol548481\" class=\"solution\" style=\"clear:both;\" class=\"pbody\"><p class=\"left_margin\"></p><b>Ре­ше­ние<!--rule_info-->. </b><p class=\"left_margin\"><img src=\"/get_file?id=148631\" style=\"float:right;margin:10px;max-width:100%\"></p><p class=\"left_margin\">а)  Углы <i>A</i><sub>1</sub><i>BC</i> и <i>A</i><sub>1</sub><i>AC</i> равны как впи­сан­ные, опи­ра­ю­щи­е­ся на одну и ту же дугу. Сле­до­ва­тель­но, </p><p class=\"left_margin\"></p><center><p><img src=\"https://ege.sdamgia.ru/formula/svg/b2/b204a60dd313e7de4c3ed49d57330e9f.svg\" class=\"tex\" style=\"vertical-align:-8.3pt\" alt=\"\\angle A_1BB_1=\\angle A_1AC плюс \\angle CBB_1= дробь: чис­ли­тель: 1, зна­ме­на­тель: 2 конец дроби \\angle A плюс дробь: чис­ли­тель: 1, зна­ме­на­тель: 2 конец дроби \\angle B = дробь: чис­ли­тель: 1, зна­ме­на­тель: 2 конец дроби левая круг­лая скоб­ка \\angle A плюс \\angle B пра­вая круг­лая скоб­ка =45 гра­ду­сов. \"></p><p class=\"left_margin\"></p></center><p class=\"left_margin\">б)  Вы­чис­лим угол <i>B</i>:</p><p class=\"left_margin\"></p><center><p><img src=\"https://ege.sdamgia.ru/formula/svg/62/6287f709ebccfbc11035316314775980.svg\" class=\"tex\" style=\"vertical-align:-1.8pt\" alt=\"\\angle B=90 гра­ду­сов минус \\angle A = 30 гра­ду­сов.\"></p><p class=\"left_margin\"></p></center><p class=\"left_margin\">Вы­чис­лим угол <i>B</i><sub>1</sub><i>A</i><sub>1</sub><i>A</i>:</p><p class=\"left_margin\"></p><center><p><img src=\"https://ege.sdamgia.ru/formula/svg/f8/f8e25a4fa9bc4606dbba1b15b52f0f8e.svg\" class=\"tex\" style=\"vertical-align:-8.4pt\" alt=\"\\angle B_1A_1A=\\angle B_1BA= дробь: чис­ли­тель: 1, зна­ме­на­тель: 2 конец дроби умно­жить на 30 гра­ду­сов =15 гра­ду­сов. \"></p><p class=\"left_margin\"></p></center><p class=\"left_margin\">Вы­чис­лим угол <i>AA</i><sub>1</sub><i>C</i><sub>1</sub>:</p><p class=\"left_margin\"></p><center><p><img src=\"https://ege.sdamgia.ru/formula/svg/b8/b85ae86db937ca1b83ce70ca45e6160c.svg\" class=\"tex\" style=\"vertical-align:-8.4pt\" alt=\"\\angle AA_1C_1=\\angle ACC_1= дробь: чис­ли­тель: 1, зна­ме­на­тель: 2 конец дроби умно­жить на 90 гра­ду­сов = 45 гра­ду­сов, \"> </p><p class=\"left_margin\"></p></center><p>таким об­ра­зом, <img src=\"https://ege.sdamgia.ru/formula/svg/ed/ed1f2bb69230c2b53584d233487823d3.svg\" class=\"tex\" style=\"vertical-align:-2.6pt\" alt=\"\\angle B_1A_1C_1=60 гра­ду­сов.\"></p><p class=\"left_margin\">По тео­ре­ме си­ну­сов имеем:</p><p class=\"left_margin\"></p><center><p><img src=\"https://ege.sdamgia.ru/formula/svg/d0/d05c0260c0c0ecefe8b0eae6002900bc.svg\" class=\"tex\" style=\"vertical-align:-3.0pt\" alt=\"B_1C_1=2R синус \\angle B_1A_1C_1,\"></p><p class=\"left_margin\"></p></center><p>где <i>R</i>  — это ра­ди­ус опи­сан­ной около тре­уголь­ни­ка <i>A</i><sub>1</sub><i>B</i><sub>1</sub><i>C</i><sub>1.</sub> окруж­но­сти и  2<i>R</i>  =  <i>AB</i>.</p><p class=\"left_margin\">Таким об­ра­зом,</p><p class=\"left_margin\"></p><center><p><img src=\"https://ege.sdamgia.ru/formula/svg/cd/cd4b2bb35e410748fa5f5e3ac9461cdd.svg\" class=\"tex\" style=\"vertical-align:-8.5pt\" alt=\"B_1C_1=2 ко­рень из: на­ча­ло ар­гу­мен­та: 3 конец ар­гу­мен­та умно­жить на дробь: чис­ли­тель: ко­рень из: на­ча­ло ар­гу­мен­та: 3 конец ар­гу­мен­та , зна­ме­на­тель: 2 конец дроби =3. \"></p><p class=\"left_margin\"></p></center><p>&nbsp;</p><p><span style=\"letter-spacing: 2px;\">Ответ:</span>  б) 3.</p></div>",
        "image_urls": [
            "https://ege.sdamgia.ru/formula/svg/b2/b204a60dd313e7de4c3ed49d57330e9f.svg",
            "https://ege.sdamgia.ru/formula/svg/62/6287f709ebccfbc11035316314775980.svg",
            "https://ege.sdamgia.ru/formula/svg/f8/f8e25a4fa9bc4606dbba1b15b52f0f8e.svg",
            "https://ege.sdamgia.ru/formula/svg/b8/b85ae86db937ca1b83ce70ca45e6160c.svg",
            "https://ege.sdamgia.ru/formula/svg/ed/ed1f2bb69230c2b53584d233487823d3.svg",
            "https://ege.sdamgia.ru/formula/svg/d0/d05c0260c0c0ecefe8b0eae6002900bc.svg",
            "https://ege.sdamgia.ru/formula/svg/cd/cd4b2bb35e410748fa5f5e3ac9461cdd.svg",
            "/get_file?id=148631"
        ]
    },
    "answer": "б) 3.",
    "topic_id": 17,
    "analog_ids": []
}