{
    "gia_type": "ege",
    "subject": "math",
    "id": 551502,
    "condition": {
        "text": "В остроугольном треугольнике АВС провели высоты АН1 и СН2, затем провели луч НМ, который пересекает окружность, описанную около треугольника АВС, в точке К,  где М  — середина АС, а Н  — точка пересечения высот. а)  Докажите, что НМ  =  МК. б)  Найдите площадь треугольника ВСК, если   AC  =  1.",
        "html": "<div align=\"justify\" width=\"100%\" id=\"body394418\" class=\"pbody\"><p class=\"left_margin\">В ост­ро­уголь­ном тре­уголь­ни­ке <i>АВС</i> про­ве­ли вы­со­ты <i>АН</i><sub>1</sub> и <i>СН</i><sub>2</sub>, затем про­ве­ли луч <i>НМ</i>, ко­то­рый пе­ре­се­ка­ет окруж­ность, опи­сан­ную около тре­уголь­ни­ка <i>АВС</i>, в точке <i>К</i>,  где <i>М</i>  — се­ре­ди­на <i>АС</i>, а <i>Н</i>  — точка пе­ре­се­че­ния высот. </p><p class=\"left_margin\">а)  До­ка­жи­те, что <i>НМ</i>  =  <i>МК</i>. </p><p class=\"left_margin\">б)  Най­ди­те пло­щадь тре­уголь­ни­ка <i>ВСК</i>, если <img src=\"https://ege.sdamgia.ru/formula/svg/59/59eaee3718d18adfc884096dab069203.svg\" class=\"tex\" style=\"vertical-align:-3.0pt\" alt=\"\\angleABC=60 гра­ду­сов,\"> <img src=\"https://ege.sdamgia.ru/formula/svg/30/30b834dbf5522f832da1fb48e7f02334.svg\" class=\"tex\" style=\"vertical-align:-3.0pt\" alt=\"\\angleBAC=45 гра­ду­сов,\"> <i>AC</i>  =  1.</p></div>",
        "image_urls": [
            "https://ege.sdamgia.ru/formula/svg/59/59eaee3718d18adfc884096dab069203.svg",
            "https://ege.sdamgia.ru/formula/svg/30/30b834dbf5522f832da1fb48e7f02334.svg"
        ]
    },
    "solution": {
        "text": "Решение. а)  Найдем угол АКС:Пусть К1  — точка на луче НМ такая, что НМ  =  MK1, тогда четырехугольник СНАК1  — параллелограмм, поскольку его диагонали точкой пересечения делятся пополам. Так как СНАК1  — параллелограмм,  углы АК1С, АНС и АКС равны. Но это невозможно, поскольку  если К1 лежит вне окружности и  если К1 лежит внутри окружности. Значит, точки К и К1 совпадают, откуда следует, что НМ  =  МК.б)  Пусть четырехугольник АКСН  — параллелограмм. Тогда прямые СК и АН параллельны, поэтому угол КСВ прямой. Углы КВС и КАС вписаны в окружность и опираются на одну дугу, поэтому они равны. Прямые АК и СН параллельны, тогда  значит, треугольник КСВ  — равнобедренный и прямоугольный. Отрезок ВК является диаметром окружности, поэтому Найдем площадь треугольника ВСК:Ответ: б) ",
        "html": "<div align=\"justify\" width=\"100%\" id=\"sol551502\" class=\"solution\" style=\"clear:both;\" class=\"pbody\"><p class=\"left_margin\"></p><b>Ре­ше­ние<!--rule_info-->. </b><p class=\"left_margin\"><img src=\"/get_file?id=69796\" style=\"float:right;margin:10px;max-width:100%\">а)  Най­дем угол <i>АКС</i>:</p><p class=\"left_margin\"></p><center><p><img src=\"https://ege.sdamgia.ru/formula/svg/fd/fd91e7244e45b518433f1228e4283cde.svg\" class=\"tex\" style=\"vertical-align:-2.6pt\" alt=\"\\angle AKC=180 гра­ду­сов минус \\angle B=\\angle H_1HH_2=\\angle AHC.\"></p><p class=\"left_margin\"></p></center><p class=\"left_margin\">Пусть <i>К</i><sub>1</sub>  — точка на луче <i>НМ</i> такая, что <i>НМ</i>  =  <i>MK</i><sub>1</sub>, тогда че­ты­рех­уголь­ник <i>СНАК</i><sub>1</sub>  — па­рал­ле­ло­грамм, по­сколь­ку его диа­го­на­ли точ­кой пе­ре­се­че­ния де­лят­ся по­по­лам. Так как <i>СНАК</i><sub>1</sub>  — па­рал­ле­ло­грамм,  углы <i>АК</i><sub>1</sub><i>С</i>, <i>АНС</i> и <i>АКС</i> равны. Но это не­воз­мож­но, по­сколь­ку <img src=\"https://ege.sdamgia.ru/formula/svg/b9/b97127387f07c4d1a5b2c60c67cc8386.svg\" class=\"tex\" style=\"vertical-align:-3.0pt\" alt=\"\\angle AK_1C мень­ше \\angle AKC,\"> если <i>К</i><sub>1</sub> лежит вне окруж­но­сти и <img src=\"https://ege.sdamgia.ru/formula/svg/2b/2b1af1efde9491ecddd84fb6d2a0cb2b.svg\" class=\"tex\" style=\"vertical-align:-3.0pt\" alt=\"\\angle AK_1C боль­ше \\angle AKC,\"> если <i>К</i><sub>1</sub> лежит внут­ри окруж­но­сти. Зна­чит, точки <i>К</i> и <i>К</i><sub>1</sub> сов­па­да­ют, от­ку­да сле­ду­ет, что <i>НМ</i>  =  <i>МК</i>.</p><p class=\"left_margin\">б)  Пусть че­ты­рех­уголь­ник <i>АКСН</i>  — па­рал­ле­ло­грамм. Тогда пря­мые <i>СК</i> и <i>АН</i> па­рал­лель­ны, по­это­му угол <i>КСВ</i> пря­мой. Углы <i>КВС</i> и <i>КАС</i> впи­са­ны в окруж­ность и опи­ра­ют­ся на одну дугу, по­это­му они равны. Пря­мые <i>АК</i> и <i>СН</i> па­рал­лель­ны, тогда <img src=\"https://ege.sdamgia.ru/formula/svg/42/42804e11be02212ce6995a4955e8fa70.svg\" class=\"tex\" style=\"vertical-align:-3.0pt\" alt=\"\\angle KBС=\\angle ACH=90 гра­ду­сов минус \\angle BAC=45 гра­ду­сов,\"> зна­чит, тре­уголь­ник <i>КСВ</i>  — рав­но­бед­рен­ный и пря­мо­уголь­ный. От­ре­зок <i>ВК</i> яв­ля­ет­ся диа­мет­ром окруж­но­сти, по­это­му <img src=\"https://ege.sdamgia.ru/formula/svg/0f/0f0c204a132eace4a9332787f7dddc57.svg\" class=\"tex\" style=\"vertical-align:-10.9pt\" alt=\"BK= дробь: чис­ли­тель: AC, зна­ме­на­тель: синус \\angle ABC конец дроби = дробь: чис­ли­тель: 2, зна­ме­на­тель: ко­рень из 3 конец дроби . \"></p><p class=\"left_margin\">Най­дем пло­щадь тре­уголь­ни­ка <i>ВСК</i>:</p><p class=\"left_margin\"></p><center><p><img src=\"https://ege.sdamgia.ru/formula/svg/5e/5ee716659e31730ee51e75911f2e1e5e.svg\" class=\"tex\" style=\"vertical-align:-8.4pt\" alt=\"S_BCK= дробь: чис­ли­тель: 1, зна­ме­на­тель: 2 конец дроби умно­жить на BK умно­жить на синус 45 гра­ду­сов умно­жить на BK умно­жить на синус 45 гра­ду­сов= дробь: чис­ли­тель: 1, зна­ме­на­тель: 2 конец дроби умно­жить на BK в квад­ра­те умно­жить на дробь: чис­ли­тель: 1, зна­ме­на­тель: 2 конец дроби = дробь: чис­ли­тель: 1, зна­ме­на­тель: 4 конец дроби умно­жить на дробь: чис­ли­тель: 4, зна­ме­на­тель: 3 конец дроби = дробь: чис­ли­тель: 1, зна­ме­на­тель: 3 конец дроби .\"></p><p class=\"left_margin\"></p></center><p><span style=\"letter-spacing: 2px;\">Ответ:</span> б) <img src=\"https://ege.sdamgia.ru/formula/svg/48/48dede007eadc4042be645c02fb1f95c.svg\" class=\"tex\" style=\"vertical-align:-8.5pt\" alt=\" дробь: чис­ли­тель: 1, зна­ме­на­тель: 3 конец дроби .\"></p></div>",
        "image_urls": [
            "https://ege.sdamgia.ru/formula/svg/fd/fd91e7244e45b518433f1228e4283cde.svg",
            "https://ege.sdamgia.ru/formula/svg/b9/b97127387f07c4d1a5b2c60c67cc8386.svg",
            "https://ege.sdamgia.ru/formula/svg/2b/2b1af1efde9491ecddd84fb6d2a0cb2b.svg",
            "https://ege.sdamgia.ru/formula/svg/42/42804e11be02212ce6995a4955e8fa70.svg",
            "https://ege.sdamgia.ru/formula/svg/0f/0f0c204a132eace4a9332787f7dddc57.svg",
            "https://ege.sdamgia.ru/formula/svg/5e/5ee716659e31730ee51e75911f2e1e5e.svg",
            "https://ege.sdamgia.ru/formula/svg/48/48dede007eadc4042be645c02fb1f95c.svg",
            "/get_file?id=69796"
        ]
    },
    "answer": "б)",
    "topic_id": 17,
    "analog_ids": []
}