{
    "gia_type": "ege",
    "subject": "math",
    "id": 554418,
    "condition": {
        "text": "В остроугольном треугольнике ABC высоты BB1 и CC1 пересекаются в точке H.  а)  Докажите, что б)  Найдите расстояние от центра описанной окружности треугольника ABC до стороны BC, если B1C1  =  12 и ",
        "html": "<div align=\"justify\" width=\"100%\" id=\"body400206\" class=\"pbody\"><p class=\"left_margin\">В ост­ро­уголь­ном тре­уголь­ни­ке <i>ABC</i> вы­со­ты <i>BB</i><sub>1</sub> и <i>CC</i><sub>1</sub> пе­ре­се­ка­ют­ся в точке <i>H</i>.  </p><p class=\"left_margin\">а)  До­ка­жи­те, что <img src=\"https://ege.sdamgia.ru/formula/svg/cb/cb039085837d00f144951f9f7bb11d70.svg\" class=\"tex\" style=\"vertical-align:-2.5pt\" alt=\"\\angle BAH=\\angle BB_1C_1.\"></p><p class=\"left_margin\">б)  Най­ди­те рас­сто­я­ние от цен­тра опи­сан­ной окруж­но­сти тре­уголь­ни­ка <i>ABC</i> до сто­ро­ны <i>BC</i>, если <i>B</i><sub>1</sub><i>C</i><sub>1</sub>  =  12 и <img src=\"https://ege.sdamgia.ru/formula/svg/38/3869c7398149bda9885c81a741182dbb.svg\" class=\"tex\" style=\"vertical-align:-1.8pt\" alt=\"\\angle BAC=60 гра­ду­сов.\"></p></div>",
        "image_urls": [
            "https://ege.sdamgia.ru/formula/svg/cb/cb039085837d00f144951f9f7bb11d70.svg",
            "https://ege.sdamgia.ru/formula/svg/38/3869c7398149bda9885c81a741182dbb.svg"
        ]
    },
    "solution": {
        "text": "Решение.  а)  Точки A, C1, H, B1 лежат на окружности с диаметром AH. Углы С1AH и C1B1H равны как вписанные, значит, углы тоже BAH и BB1C1 тоже равны. Что и требовалось доказать.б)  Пусть O  — центр описанной окружности треугольника ABC, D  — середина стороны BC. Требуется вычислить длину отрезка OD. Заметим, что   Поэтому треугольники AB1C1 и ABC подобны по двум пропорциональным сторонам и углу между ними, коэффициент подобия равен  Значит, BC  =  2B1C1  =  24, BD  =  12.Угол BOС равен удвоенному углу BAC, то есть 120°. Следовательно, угол OBD равен 30°. Найдем искомое расстояние: Ответ: б)  Примечание Дмитрия Гущина.Учащийся, изучающий геометрию углублённо, решит пункт б) в одну строчку:Ответ: 18. Приведем полезные теоремы, на применение которых составлена эта задача.1.  Расстояние от вершины треугольника до ортоцентра вдвое больше расстояния от центра описанной окружности до противолежащей стороны (опытный читатель предложит не менее шести доказательств этого факта; см., например, здесь).2.  Расстояние от вершины треугольника до ортоцентра равно противолежащей стороне, умноженной на котангенс угла при этой вершине. 3.  Если из двух вершин непрямоугольного треугольника проведены высоты к его сторонам или их продолжениям, то основания этих высот и третья вершина треугольника образуют треугольник, подобный данному, а коэффициент подобия равен модулю косинуса их общего угла.Доказательства этих и других свойств приведены, например, здесь: Ортоцентр и ортотреугольник. Полезно будет сравнить эту задачу с заданиями 505425 и 519473 из экзаменационного варианта ЕГЭ 2014 года, заданием 519475 из ЕГЭ−2018, заданием 526342 из ЕГЭ−2019.",
        "html": "<div align=\"justify\" width=\"100%\" id=\"sol554418\" class=\"solution\" style=\"clear:both;\" class=\"pbody\"><p class=\"left_margin\"></p><b>Ре­ше­ние<!--rule_info-->. </b><p class=\"left_margin\"><img src=\"/get_file?id=148908\" style=\"float:right;margin:10px;max-width:100%\"> а)  Точки <i>A</i>, <i>C</i><sub>1</sub>, <i>H</i>, <i>B</i><sub>1</sub> лежат на окруж­но­сти с диа­мет­ром <i>AH</i>. Углы <i>С</i><sub>1</sub><i>AH</i> и <i>C</i><sub>1</sub><i>B</i><sub>1</sub><i>H</i> равны как впи­сан­ные, зна­чит, углы тоже <i>BAH</i> и <i>BB</i><sub>1</sub><i>C</i><sub>1</sub> тоже равны. Что и тре­бо­ва­лось до­ка­зать.</p><p class=\"left_margin\">б)  Пусть <i>O</i>  — центр опи­сан­ной окруж­но­сти тре­уголь­ни­ка <i>ABC</i>, <i>D</i>  — се­ре­ди­на сто­ро­ны <i>BC</i>. Тре­бу­ет­ся вы­чис­лить длину от­рез­ка <i>OD</i>. За­ме­тим, что <img src=\"https://ege.sdamgia.ru/formula/svg/1f/1f0bac19933e168e2508dfe4c16b52c5.svg\" class=\"tex\" style=\"vertical-align:-8.3pt\" alt=\"AB_1=AB умно­жить на ко­си­нус 60 в сте­пе­ни левая круг­лая скоб­ка \\circ пра­вая круг­лая скоб­ка = дробь: чис­ли­тель: AB, зна­ме­на­тель: 2 конец дроби , \"> <img src=\"https://ege.sdamgia.ru/formula/svg/c4/c4a2057b95447a6a96839e844b022c54.svg\" class=\"tex\" style=\"vertical-align:-8.3pt\" alt=\"AC_1=AC умно­жить на ко­си­нус 60 в сте­пе­ни левая круг­лая скоб­ка \\circ пра­вая круг­лая скоб­ка = дробь: чис­ли­тель: AC, зна­ме­на­тель: 2 конец дроби . \"> По­это­му тре­уголь­ни­ки <i>AB</i><sub>1</sub><i>C</i><sub>1</sub> и <i>ABC</i> по­доб­ны по двум про­пор­ци­о­наль­ным сто­ро­нам и углу между ними, ко­эф­фи­ци­ент по­до­бия равен <img src=\"https://ege.sdamgia.ru/formula/svg/90/90e328c7b5f5bdc0da1a588324ad8daf.svg\" class=\"tex\" style=\"vertical-align:-8.4pt\" alt=\" дробь: чис­ли­тель: 1, зна­ме­на­тель: 2 конец дроби .\"> Зна­чит, <i>BC</i>  =  2<i>B</i><sub>1</sub><i>C</i><sub>1</sub>  =  24, <i>BD</i>  =  12.</p><p class=\"left_margin\">Угол <i>BOС</i> равен удво­ен­но­му углу <i>BAC</i>, то есть 120°. Сле­до­ва­тель­но, угол <i>OBD</i> равен 30°. Най­дем ис­ко­мое рас­сто­я­ние: </p><p class=\"left_margin\"></p><center><p><img src=\"https://ege.sdamgia.ru/formula/svg/c0/c09f0ac814bb6a271ca35f0082c62cbd.svg\" class=\"tex\" style=\"vertical-align:-3.3pt\" alt=\"OD=BD умно­жить на тан­генс 30 в сте­пе­ни левая круг­лая скоб­ка \\circ пра­вая круг­лая скоб­ка =4 ко­рень из: на­ча­ло ар­гу­мен­та: 3 конец ар­гу­мен­та .\"></p><p class=\"left_margin\"></p></center><p class=\"left_margin\">Ответ: б) <img src=\"https://ege.sdamgia.ru/formula/svg/1a/1ac224a4aaaa880744d81fe90b690df2.svg\" class=\"tex\" style=\"vertical-align:-1.8pt\" alt=\"4 ко­рень из: на­ча­ло ар­гу­мен­та: 3 конец ар­гу­мен­та .\"></p><p>&nbsp;</p><p><b>При­ме­ча­ние Дмит­рия Гу­щи­на.</b></p><p class=\"left_margin\">Уча­щий­ся, изу­ча­ю­щий гео­мет­рию углублённо, решит пункт б) в одну строч­ку:</p><p></p><div class=\"flex-math\"><p><img src=\"https://ege.sdamgia.ru/formula/svg/15/1533c5e4d44456cc45a929b6a864e04c.svg\" class=\"tex\" style=\"vertical-align:-8.4pt\" alt=\"OD = дробь: чис­ли­тель: 1, зна­ме­на­тель: 2 конец дроби AH,\"></p><p><img src=\"https://ege.sdamgia.ru/formula/svg/33/33d4960eb2c2f02922c1138f3c147beb.svg\" class=\"tex\" style=\"vertical-align:-3.2pt\" alt=\"AH = BC \\ctg A,\"></p><p><img src=\"https://ege.sdamgia.ru/formula/svg/cf/cfb055fe3698857aac0cbefa399da9f9.svg\" class=\"tex\" style=\"vertical-align:-8.4pt\" alt=\"BC = дробь: чис­ли­тель: B_1C_1, зна­ме­на­тель: ко­си­нус A конец дроби , \"></p><p><img src=\"https://ege.sdamgia.ru/formula/svg/9f/9f19e4dd6ee7f4d5656002c78a43ddc5.svg\" class=\"tex\" style=\"vertical-align:-8.4pt\" alt=\"OD = дробь: чис­ли­тель: 1, зна­ме­на­тель: 2 конец дроби умно­жить на дробь: чис­ли­тель: B_1C_1, зна­ме­на­тель: ко­си­нус A конец дроби \\ctg A = дробь: чис­ли­тель: B_1C_1, зна­ме­на­тель: 2 синус A конец дроби = 4 ко­рень из: на­ча­ло ар­гу­мен­та: 3 конец ар­гу­мен­та . \"></p><p></p></div><p><span style=\"letter-spacing: 2px;\">Ответ:</span> 18.</p><p>&nbsp;</p><p class=\"left_margin\">При­ве­дем по­лез­ные тео­ре­мы, на при­ме­не­ние ко­то­рых со­став­ле­на эта за­да­ча.</p><p class=\"left_margin\">1.  Рас­сто­я­ние от вер­ши­ны тре­уголь­ни­ка до ор­то­цен­тра вдвое боль­ше рас­сто­я­ния от цен­тра опи­сан­ной окруж­но­сти до про­ти­во­ле­жа­щей сто­ро­ны (опыт­ный чи­та­тель пред­ло­жит не менее шести до­ка­за­тельств этого факта; см., на­при­мер, <a href=\"https://problems.ru/view_problem_details_new.php?id=53528\" target=\"_blank\">здесь</a>).</p><p class=\"left_margin\">2.  Рас­сто­я­ние от вер­ши­ны тре­уголь­ни­ка до ор­то­цен­тра равно про­ти­во­ле­жа­щей сто­ро­не, умно­жен­ной на ко­тан­генс угла при этой вер­ши­не. </p><p class=\"left_margin\">3.  Если из двух вер­шин не­пря­мо­уголь­но­го тре­уголь­ни­ка про­ве­де­ны вы­со­ты к его сто­ро­нам или их про­дол­же­ни­ям, то ос­но­ва­ния этих высот и тре­тья вер­ши­на тре­уголь­ни­ка об­ра­зу­ют тре­уголь­ник, по­доб­ный дан­но­му, а ко­эф­фи­ци­ент по­до­бия равен мо­ду­лю ко­си­ну­са их об­ще­го угла.</p><p class=\"left_margin\">До­ка­за­тель­ства этих и дру­гих свойств при­ве­де­ны, на­при­мер, здесь: <a href=\"https://planimetry-urok.sdamgia.ru/test?id=26999&amp;print=true&amp;sol=true\" target=\"_blank\">Ор­то­центр и ор­то­тре­уголь­ник</a>.</p><p>&nbsp;</p><p class=\"left_margin\">По­лез­но будет срав­нить эту за­да­чу с за­да­ни­я­ми <a href=\"https://ege.sdamgia.ru/problem?id=505425\" target=\"_blank\">505425</a> и <a href=\"https://ege.sdamgia.ru/problem?id=519473\" target=\"_blank\">519473</a> из эк­за­ме­на­ци­он­но­го ва­ри­ан­та ЕГЭ 2014 года, за­да­ни­ем <a href=\"https://ege.sdamgia.ru/problem?id=519475\" target=\"_blank\">519475</a> из ЕГЭ−2018, за­да­ни­ем <a href=\"https://ege.sdamgia.ru/problem?id=526342\" target=\"_blank\">526342</a> из ЕГЭ−2019.</p></div>",
        "image_urls": [
            "https://ege.sdamgia.ru/formula/svg/1f/1f0bac19933e168e2508dfe4c16b52c5.svg",
            "https://ege.sdamgia.ru/formula/svg/c4/c4a2057b95447a6a96839e844b022c54.svg",
            "https://ege.sdamgia.ru/formula/svg/90/90e328c7b5f5bdc0da1a588324ad8daf.svg",
            "https://ege.sdamgia.ru/formula/svg/c0/c09f0ac814bb6a271ca35f0082c62cbd.svg",
            "https://ege.sdamgia.ru/formula/svg/1a/1ac224a4aaaa880744d81fe90b690df2.svg",
            "https://ege.sdamgia.ru/formula/svg/15/1533c5e4d44456cc45a929b6a864e04c.svg",
            "https://ege.sdamgia.ru/formula/svg/33/33d4960eb2c2f02922c1138f3c147beb.svg",
            "https://ege.sdamgia.ru/formula/svg/cf/cfb055fe3698857aac0cbefa399da9f9.svg",
            "https://ege.sdamgia.ru/formula/svg/9f/9f19e4dd6ee7f4d5656002c78a43ddc5.svg",
            "/get_file?id=148908"
        ]
    },
    "answer": "б)   18.",
    "topic_id": 17,
    "analog_ids": [
        554418,
        656585,
        656593
    ]
}