{
    "gia_type": "ege",
    "subject": "math",
    "id": 622985,
    "condition": {
        "text": "Высота  BH  треугольника  ABC  в  раз  больше  радиуса  описанной  около треугольника ABC окружности с центром O. а)  Доказать, что прямая, проходящая через точки K и M  — основания перпендикуляров, опущенных из точки H на стороны AB и BC соответственно, проходит через точку O. б)  Найдите  радиус  описанной  около  треугольника  ABC  окружности,  если AB  =  6, ",
        "html": "<div align=\"justify\" width=\"100%\" id=\"body520053\" class=\"pbody\"><p class=\"left_margin\">Вы­со­та  <i>BH</i>  тре­уголь­ни­ка  <i>ABC</i>  в <img src=\"https://ege.sdamgia.ru/formula/svg/d2/d21848cdd835abcb491be1f151e9b6c6.svg\" class=\"tex\" style=\"vertical-align:-1.8pt\" alt=\" ко­рень из: на­ча­ло ар­гу­мен­та: 2 конец ар­гу­мен­та \"> раз  боль­ше  ра­ди­у­са  опи­сан­ной  около тре­уголь­ни­ка <i>ABC</i> окруж­но­сти с цен­тром <i>O</i>. </p><p class=\"left_margin\">а)  До­ка­зать, что пря­мая, про­хо­дя­щая через точки <i>K</i> и <i>M</i>  — ос­но­ва­ния пер­пен­ди­ку­ля­ров, опу­щен­ных из точки <i>H</i> на сто­ро­ны <i>AB</i> и <i>BC</i> со­от­вет­ствен­но, про­хо­дит через точку <i>O</i>. </p><p class=\"left_margin\">б)  Най­ди­те  ра­ди­ус  опи­сан­ной  около  тре­уголь­ни­ка  <i>ABC</i>  окруж­но­сти,  если <i>AB</i>  =  6, <img src=\"https://ege.sdamgia.ru/formula/svg/be/be8b14db6e400ecafad9ff1dfa6dcdde.svg\" class=\"tex\" style=\"vertical-align:-1.8pt\" alt=\"BC=3 ко­рень из: на­ча­ло ар­гу­мен­та: 2 конец ар­гу­мен­та .\"></p></div>",
        "image_urls": [
            "https://ege.sdamgia.ru/formula/svg/d2/d21848cdd835abcb491be1f151e9b6c6.svg",
            "https://ege.sdamgia.ru/formula/svg/be/be8b14db6e400ecafad9ff1dfa6dcdde.svg"
        ]
    },
    "solution": {
        "text": "Решение. а)  Пусть O  — центр окружности, описанной около треугольника ABC. Заметим, что четырёхугольник KBMH вписан в окружность, тогда углы KBH и KMH равны. Тогда  Значит, треугольники KBM и CBA подобны. Диаметры их описанных окружностей равны BH и 2R, следовательно, их коэффициент подобия равен  Заметим, что  поэтому прямые BO и KM перпендикулярны. Отношение высот, проведённых из точки B, треугольников KBM и CBA, равно  следовательно, высота треугольника KBM равна R. Тем самым высота треугольника KBM лежит на прямой BO, а значит, точка O лежит на прямой KM.б)  Запишем площадь треугольника ABC двумя способами:  Приравняем полученные выражения, получим уравнение  откуда  Ответ: б) 3. Примечание.Заметим, что при R  =  3 получим  Это может быть только в том случае, если точки C и H совпадают. Следовательно, условию задачи удовлетворяет равнобедренный прямоугольный треугольник с гипотенузой AB  =  6. Решение задачи приведено для общего случая.",
        "html": "<div align=\"justify\" width=\"100%\" id=\"sol622985\" class=\"solution\" style=\"clear:both;\" class=\"pbody\"><p class=\"left_margin\"></p><b>Ре­ше­ние<!--rule_info-->. </b><p class=\"left_margin\"><img src=\"/get_file?id=150044\" style=\"float:right;margin:10px;max-width:100%\"></p><p class=\"left_margin\">а)  Пусть <i>O</i>  — центр окруж­но­сти, опи­сан­ной около тре­уголь­ни­ка <i>ABC</i>. За­ме­тим, что четырёхуголь­ник <i>KBMH</i> впи­сан в окруж­ность, тогда углы <i>KBH</i> и <i>KMH</i> равны. Тогда </p><p class=\"left_margin\"></p><center><p><img src=\"https://ege.sdamgia.ru/formula/svg/04/04e4d0424d4dfd8dcd7f98781aae2cd0.svg\" class=\"tex\" style=\"vertical-align:-1.8pt\" alt=\"\\angle KMB=90 гра­ду­сов минус \\angle KMH=90 гра­ду­сов минус \\angle KBH=\\angle A.\"></p><p class=\"left_margin\"></p></center><p> Зна­чит, тре­уголь­ни­ки <i>KBM</i> и <i>CBA</i> по­доб­ны. Диа­мет­ры их опи­сан­ных окруж­но­стей равны <i>BH</i> и 2<i>R</i>, сле­до­ва­тель­но, их ко­эф­фи­ци­ент по­до­бия равен <img src=\"https://ege.sdamgia.ru/formula/svg/72/72c3885ca9e2b454337d362c6322b7bf.svg\" class=\"tex\" style=\"vertical-align:-8.5pt\" alt=\" дробь: чис­ли­тель: ко­рень из: на­ча­ло ар­гу­мен­та: 2 конец ар­гу­мен­та R, зна­ме­на­тель: 2R конец дроби = дробь: чис­ли­тель: ко­рень из: на­ча­ло ар­гу­мен­та: 2 конец ар­гу­мен­та , зна­ме­на­тель: 2 конец дроби . \"> За­ме­тим, что </p><p class=\"left_margin\"></p><center><p><img src=\"https://ege.sdamgia.ru/formula/svg/bf/bf36e336569d2cb56fcc83a0ca61e1e7.svg\" class=\"tex\" style=\"vertical-align:-3.6pt\" alt=\"\\angle MBO= левая круг­лая скоб­ка 180 гра­ду­сов минус \\angle BOC пра­вая круг­лая скоб­ка :2=90 гра­ду­сов минус \\angle BAC,\"></p><p class=\"left_margin\"></p></center><p> по­это­му пря­мые <i>BO</i> и <i>KM</i> пер­пен­ди­ку­ляр­ны. От­но­ше­ние высот, про­ведённых из точки <i>B</i>, тре­уголь­ни­ков <i>KBM</i> и <i>CBA</i>, равно <img src=\"https://ege.sdamgia.ru/formula/svg/b9/b9039e0ebf33fc3bcb01260a20f760e8.svg\" class=\"tex\" style=\"vertical-align:-3.0pt\" alt=\" ко­рень из: на­ча­ло ар­гу­мен­та: 2 конец ар­гу­мен­та :2,\"> сле­до­ва­тель­но, вы­со­та тре­уголь­ни­ка <i>KBM</i> равна <i>R</i>. </p><p class=\"left_margin\">Тем самым вы­со­та тре­уголь­ни­ка <i>KBM</i> лежит на пря­мой <i>BO</i>, а зна­чит, точка <i>O</i> лежит на пря­мой <i>KM</i>.</p><p class=\"left_margin\">б)  За­пи­шем пло­щадь тре­уголь­ни­ка <i>ABC</i> двумя спо­со­ба­ми:</p><p class=\"left_margin\"></p><center><p><img src=\"https://ege.sdamgia.ru/formula/svg/29/2906cdb8dd07e2e7ad000d09e16250f5.svg\" class=\"tex\" style=\"vertical-align:-8.4pt\" alt=\"S= дробь: чис­ли­тель: 1, зна­ме­на­тель: 2 конец дроби умно­жить на AB умно­жить на BC умно­жить на синус \\angle B=9 ко­рень из: на­ча­ло ар­гу­мен­та: 2 конец ар­гу­мен­та синус \\angle B,\"></p><p><img src=\"https://ege.sdamgia.ru/formula/svg/27/2759a52252af693b9482797c3bcbfec5.svg\" class=\"tex\" style=\"vertical-align:-8.4pt\" alt=\"S= дробь: чис­ли­тель: 1, зна­ме­на­тель: 2 конец дроби умно­жить на BH умно­жить на AC= дробь: чис­ли­тель: 1, зна­ме­на­тель: 2 конец дроби умно­жить на ко­рень из: на­ча­ло ар­гу­мен­та: 2 конец ар­гу­мен­та R умно­жить на 2R синус \\angle B.\"></p><p class=\"left_margin\"></p></center> <p> При­рав­ня­ем по­лу­чен­ные вы­ра­же­ния, по­лу­чим урав­не­ние <img src=\"https://ege.sdamgia.ru/formula/svg/97/97bf07fedf08fad8d1d4bf3f7279aeca.svg\" class=\"tex\" style=\"vertical-align:-3.0pt\" alt=\" ко­рень из: на­ча­ло ар­гу­мен­та: 2 конец ар­гу­мен­та R в квад­ра­те =9 ко­рень из: на­ча­ло ар­гу­мен­та: 2 конец ар­гу­мен­та ,\"> от­ку­да <img src=\"https://ege.sdamgia.ru/formula/svg/ae/ae5304683688cef632ec62a5da040576.svg\" class=\"tex\" style=\"vertical-align:-1.8pt\" alt=\"R=3.\"></p><p>&nbsp;</p><p><span style=\"letter-spacing: 2px;\">Ответ:</span> б) 3.</p><p>&nbsp;</p><p><b>При­ме­ча­ние.</b></p><p class=\"left_margin\">За­ме­тим, что при <i>R</i>  =  3 по­лу­чим <img src=\"https://ege.sdamgia.ru/formula/svg/4c/4c8c91625088825f92199830f29061b1.svg\" class=\"tex\" style=\"vertical-align:-1.8pt\" alt=\"BH=3 ко­рень из: на­ча­ло ар­гу­мен­та: 2 конец ар­гу­мен­та =BC.\"> Это может быть толь­ко в том слу­чае, если точки <i>C</i> и <i>H</i> сов­па­да­ют. Сле­до­ва­тель­но, усло­вию за­да­чи удо­вле­тво­ря­ет рав­но­бед­рен­ный пря­мо­уголь­ный тре­уголь­ник с ги­по­те­ну­зой <i>AB</i>  =  6. Ре­ше­ние за­да­чи при­ве­де­но для об­ще­го слу­чая.</p></div>",
        "image_urls": [
            "https://ege.sdamgia.ru/formula/svg/04/04e4d0424d4dfd8dcd7f98781aae2cd0.svg",
            "https://ege.sdamgia.ru/formula/svg/72/72c3885ca9e2b454337d362c6322b7bf.svg",
            "https://ege.sdamgia.ru/formula/svg/bf/bf36e336569d2cb56fcc83a0ca61e1e7.svg",
            "https://ege.sdamgia.ru/formula/svg/b9/b9039e0ebf33fc3bcb01260a20f760e8.svg",
            "https://ege.sdamgia.ru/formula/svg/29/2906cdb8dd07e2e7ad000d09e16250f5.svg",
            "https://ege.sdamgia.ru/formula/svg/27/2759a52252af693b9482797c3bcbfec5.svg",
            "https://ege.sdamgia.ru/formula/svg/97/97bf07fedf08fad8d1d4bf3f7279aeca.svg",
            "https://ege.sdamgia.ru/formula/svg/ae/ae5304683688cef632ec62a5da040576.svg",
            "https://ege.sdamgia.ru/formula/svg/4c/4c8c91625088825f92199830f29061b1.svg",
            "/get_file?id=150044"
        ]
    },
    "answer": "б) 3.",
    "topic_id": 17,
    "analog_ids": []
}