{
    "gia_type": "ege",
    "subject": "math",
    "id": 628245,
    "condition": {
        "text": "Дан треугольник АВС. Точка О  — центр вписанной в него окружности. На стороне ВС отмечена такая точка M, что СM  =  АС и ВM  =  АО.а)  Докажите, что прямые АВ и ОM параллельны.б)  Найдите площадь четырёхугольника АВMО, если угол AСB прямой и АС  =  4.",
        "html": "<div align=\"justify\" width=\"100%\" id=\"body522473\" class=\"pbody\"><p class=\"left_margin\">Дан тре­уголь­ник <i>АВС</i>. Точка <i>О</i>  — центр впи­сан­ной в него окруж­но­сти. На сто­ро­не <i>ВС</i> от­ме­че­на такая точка <i>M</i>, что <i>СM</i>  =  <i>АС</i> <nobr>и <i>ВM</i>  =  <i>АО</i>.</nobr></p><p class=\"left_margin\">а)  До­ка­жи­те, что пря­мые <i>АВ</i> и <i>ОM</i> па­рал­лель­ны.</p><p class=\"left_margin\">б)  Най­ди­те пло­щадь четырёхуголь­ни­ка <i>АВMО</i>, если угол <i>AСB</i> пря­мой и <i>АС</i>  =  4.</p></div>",
        "image_urls": []
    },
    "solution": {
        "text": "Решение. а)  Центр окружности, вписанной в треугольник, находится в точке пересечения его биссектрис. Следовательно, треугольники АСО и MСО равны по двум сторонам и углу между ними, а значит, OM  =  AO  =  BM. Таким образом, треугольник ВОM является равнобедренным, и углы OBM и BOM равны.С другой стороны, ВО  — биссектриса угла АВС, поэтому углы ABO и OBM равны. Таким образом, углы АВО и ВОM равны, поэтому прямые АВ и ОM параллельны.б)  Четырёхугольник АВMО  — равнобедренная трапеция с основаниями АВ и MО, поэтому углы BAO и ABM равны. Отсюда следует, что  Так как  получаем   Из треугольника АВС находим, что  AB  =  8. Поскольку  получаем В трапеции АВMО проведём высоту ОН. В треугольнике AОН находим, что Найдём площадь трапеции АВMО:Ответ: б) 8.",
        "html": "<div align=\"justify\" width=\"100%\" id=\"sol628245\" class=\"solution\" style=\"clear:both;\" class=\"pbody\"><p class=\"left_margin\"></p><b>Ре­ше­ние<!--rule_info-->. </b><p class=\"left_margin\"><img src=\"/get_file?id=150046\" style=\"float:right;margin:10px;max-width:100%\"></p><p class=\"left_margin\">а)  Центр окруж­но­сти, впи­сан­ной в тре­уголь­ник, на­хо­дит­ся в точке пе­ре­се­че­ния его бис­сек­трис. Сле­до­ва­тель­но, тре­уголь­ни­ки <i>АСО</i> и <i>MСО</i> равны по двум сто­ро­нам и углу между ними, а зна­чит, <i>OM</i>  =  <i>AO</i>  =  <i>BM</i>. Таким об­ра­зом, тре­уголь­ник <i>ВОM</i> яв­ля­ет­ся рав­но­бед­рен­ным, и углы <i>OBM</i> и <i>BOM</i> равны.</p><p class=\"left_margin\">С дру­гой сто­ро­ны, <i>ВО</i>  — бис­сек­три­са угла <i>АВС</i>, по­это­му углы <i>ABO</i> и <i>OBM</i> равны. Таким об­ра­зом, углы <i>АВО</i> и <i>ВОM</i> равны, по­это­му пря­мые <i>АВ</i> и <i>ОM</i> па­рал­лель­ны.</p><p class=\"left_margin\">б)  Четырёхуголь­ник <i>АВMО</i>  — рав­но­бед­рен­ная тра­пе­ция с ос­но­ва­ни­я­ми <i>АВ</i> и <i>MО</i>, по­это­му углы <i>BAO</i> и <i>ABM</i> равны. От­сю­да сле­ду­ет, что <img src=\"https://ege.sdamgia.ru/formula/svg/bc/bc7004e85e2cbb834280cea505fb0d62.svg\" class=\"tex\" style=\"vertical-align:-1.8pt\" alt=\"\\angle BAC=2 умно­жить на \\angle ABM.\"> Так как <img src=\"https://ege.sdamgia.ru/formula/svg/12/12144e297f5e479bdfdd6e587b4883b7.svg\" class=\"tex\" style=\"vertical-align:-3.0pt\" alt=\"\\angle BCA=90 гра­ду­сов,\"> по­лу­ча­ем <img src=\"https://ege.sdamgia.ru/formula/svg/b9/b95a07d3830795bfa62c5f9a147cd191.svg\" class=\"tex\" style=\"vertical-align:-3.0pt\" alt=\"\\angle ABC=30 гра­ду­сов ,\"> <img src=\"https://ege.sdamgia.ru/formula/svg/f8/f81a764d659a4c2123bf48bc17e341c8.svg\" class=\"tex\" style=\"vertical-align:-1.8pt\" alt=\"\\angle BAC=60 гра­ду­сов .\"> Из тре­уголь­ни­ка <i>АВС</i> на­хо­дим, что <img src=\"https://ege.sdamgia.ru/formula/svg/ec/ec47c40cc133216e813a9e5681312585.svg\" class=\"tex\" style=\"vertical-align:-3.1pt\" alt=\"BC=4 ко­рень из: на­ча­ло ар­гу­мен­та: 3 конец ар­гу­мен­та ,\"> <i>AB</i>  =  8. По­сколь­ку <img src=\"https://ege.sdamgia.ru/formula/svg/aa/aa802247ecb99c7ec5d17bd942c85cc3.svg\" class=\"tex\" style=\"vertical-align:-3.0pt\" alt=\"BC=BM плюс CM,\"> по­лу­ча­ем</p><p class=\"left_margin\"></p><center><p><img src=\"https://ege.sdamgia.ru/formula/svg/3a/3a92c47c92c1b38c7dddf48d60c4cbbc.svg\" class=\"tex\" style=\"vertical-align:-1.8pt\" alt=\"OM=BM=BC минус CM=4 ко­рень из: на­ча­ло ар­гу­мен­та: 3 конец ар­гу­мен­та минус 4.\"></p><p class=\"left_margin\"></p></center><p> В тра­пе­ции <i>АВMО</i> про­ведём вы­со­ту <i>ОН</i>. В тре­уголь­ни­ке <i>AОН</i> на­хо­дим, что</p><p class=\"left_margin\"></p><center><p><img src=\"https://ege.sdamgia.ru/formula/svg/ef/effecee581b28d1856b1d17279883c44.svg\" class=\"tex\" style=\"vertical-align:-8.3pt\" alt=\"OH= дробь: чис­ли­тель: AO, зна­ме­на­тель: 2 конец дроби = дробь: чис­ли­тель: OM, зна­ме­на­тель: 2 конец дроби =2 ко­рень из: на­ча­ло ар­гу­мен­та: 3 конец ар­гу­мен­та минус 2. \"></p><p class=\"left_margin\"></p></center><p> Найдём пло­щадь тра­пе­ции <i>АВMО</i>:</p><p class=\"left_margin\"></p><center><p><span data-width=\"640\" data-formulahash=\"5b816ce7ca8ae4a470ab35e949da08a4\" class=\"tex-span\" style=\"\"><img src=\"https://ege.sdamgia.ru/formula/svg/5b/5b816ce7ca8ae4a470ab35e949da08a4.svg\" class=\"tex\" style=\"vertical-align:-8.4pt\" alt=\"S_ABMO= дробь: чис­ли­тель: AB плюс OM, зна­ме­на­тель: 2 конец дроби умно­жить на OH= дробь: чис­ли­тель: 8 плюс 4 ко­рень из: на­ча­ло ар­гу­мен­та: 3 конец ар­гу­мен­та минус 4, зна­ме­на­тель: 2 конец дроби умно­жить на левая круг­лая скоб­ка 2 ко­рень из: на­ча­ло ар­гу­мен­та: 3 конец ар­гу­мен­та минус 2 пра­вая круг­лая скоб­ка = левая круг­лая скоб­ка 2 ко­рень из: на­ча­ло ар­гу­мен­та: 3 конец ар­гу­мен­та плюс 2 пра­вая круг­лая скоб­ка левая круг­лая скоб­ка 2 ко­рень из: на­ча­ло ар­гу­мен­та: 3 конец ар­гу­мен­та минус 2 пра­вая круг­лая скоб­ка =8. \"></span><span data-width=\"540\" data-formulahash=\"5b816ce7ca8ae4a470ab35e949da08a4\" class=\"tex-span\" style=\"display:none\"><img src=\"https://ege.sdamgia.ru/formula/svg/3a/3adf2a06ee830be0ea621db2e3eea9a2.svg\" class=\"tex\" style=\"vertical-align:-8.5pt\" alt=\"S_ABMO= дробь: чис­ли­тель: AB плюс OM, зна­ме­на­тель: 2 конец дроби умно­жить на OH= дробь: чис­ли­тель: 8 плюс 4 ко­рень из: на­ча­ло ар­гу­мен­та: 3 конец ар­гу­мен­та минус 4, зна­ме­на­тель: 2 конец дроби умно­жить на левая круг­лая скоб­ка 2 ко­рень из: на­ча­ло ар­гу­мен­та: 3 конец ар­гу­мен­та минус 2 пра­вая круг­лая скоб­ка = \"><br><img src=\"https://ege.sdamgia.ru/formula/svg/38/3816aeb6ff89aa15ad876a80808e07de.svg\" class=\"tex\" style=\"vertical-align:-3.7pt\" alt=\"= левая круг­лая скоб­ка 2 ко­рень из: на­ча­ло ар­гу­мен­та: 3 конец ар­гу­мен­та плюс 2 пра­вая круг­лая скоб­ка левая круг­лая скоб­ка 2 ко­рень из: на­ча­ло ар­гу­мен­та: 3 конец ар­гу­мен­та минус 2 пра­вая круг­лая скоб­ка =8.\"></span><span data-width=\"340\" data-formulahash=\"5b816ce7ca8ae4a470ab35e949da08a4\" class=\"tex-span\" style=\"display:none\"><img src=\"https://ege.sdamgia.ru/formula/svg/f6/f6d5f94349fd8d68b3b7053e14022687.svg\" class=\"tex\" style=\"vertical-align:-8.3pt\" alt=\"S_ABMO= дробь: чис­ли­тель: AB плюс OM, зна­ме­на­тель: 2 конец дроби умно­жить на OH= \"><br><img src=\"https://ege.sdamgia.ru/formula/svg/55/553b03bf46e4a2fd84139ab807d6d52f.svg\" class=\"tex\" style=\"vertical-align:-8.5pt\" alt=\"= дробь: чис­ли­тель: 8 плюс 4 ко­рень из: на­ча­ло ар­гу­мен­та: 3 конец ар­гу­мен­та минус 4, зна­ме­на­тель: 2 конец дроби умно­жить на левая круг­лая скоб­ка 2 ко­рень из: на­ча­ло ар­гу­мен­та: 3 конец ар­гу­мен­та минус 2 пра­вая круг­лая скоб­ка = \"><br><img src=\"https://ege.sdamgia.ru/formula/svg/38/3816aeb6ff89aa15ad876a80808e07de.svg\" class=\"tex\" style=\"vertical-align:-3.7pt\" alt=\"= левая круг­лая скоб­ка 2 ко­рень из: на­ча­ло ар­гу­мен­та: 3 конец ар­гу­мен­та плюс 2 пра­вая круг­лая скоб­ка левая круг­лая скоб­ка 2 ко­рень из: на­ча­ло ар­гу­мен­та: 3 конец ар­гу­мен­та минус 2 пра­вая круг­лая скоб­ка =8.\"></span></p><p class=\"left_margin\"></p></center><p><span style=\"letter-spacing: 2px;\">Ответ:</span> б) 8.</p></div>",
        "image_urls": [
            "https://ege.sdamgia.ru/formula/svg/bc/bc7004e85e2cbb834280cea505fb0d62.svg",
            "https://ege.sdamgia.ru/formula/svg/12/12144e297f5e479bdfdd6e587b4883b7.svg",
            "https://ege.sdamgia.ru/formula/svg/b9/b95a07d3830795bfa62c5f9a147cd191.svg",
            "https://ege.sdamgia.ru/formula/svg/f8/f81a764d659a4c2123bf48bc17e341c8.svg",
            "https://ege.sdamgia.ru/formula/svg/ec/ec47c40cc133216e813a9e5681312585.svg",
            "https://ege.sdamgia.ru/formula/svg/aa/aa802247ecb99c7ec5d17bd942c85cc3.svg",
            "https://ege.sdamgia.ru/formula/svg/3a/3a92c47c92c1b38c7dddf48d60c4cbbc.svg",
            "https://ege.sdamgia.ru/formula/svg/ef/effecee581b28d1856b1d17279883c44.svg",
            "https://ege.sdamgia.ru/formula/svg/5b/5b816ce7ca8ae4a470ab35e949da08a4.svg",
            "https://ege.sdamgia.ru/formula/svg/3a/3adf2a06ee830be0ea621db2e3eea9a2.svg",
            "https://ege.sdamgia.ru/formula/svg/38/3816aeb6ff89aa15ad876a80808e07de.svg",
            "https://ege.sdamgia.ru/formula/svg/f6/f6d5f94349fd8d68b3b7053e14022687.svg",
            "https://ege.sdamgia.ru/formula/svg/55/553b03bf46e4a2fd84139ab807d6d52f.svg",
            "https://ege.sdamgia.ru/formula/svg/38/3816aeb6ff89aa15ad876a80808e07de.svg",
            "/get_file?id=150046"
        ]
    },
    "answer": "б) 8.",
    "topic_id": 17,
    "analog_ids": [
        628245,
        628276
    ]
}