{
    "gia_type": "ege",
    "subject": "math",
    "id": 646085,
    "condition": {
        "text": "Остроугольный треугольник АВС вписан в окружность ω. Точки O1 и O2  — центры вневписанных окружностей ω1 и ω2, касающихся отрезков АВ и АС соответственно. Точка М  — середина большей дуги ВС окружности ω.а)  Докажите, что точка М лежит на прямой O1O2.б)  На биссектрисе угла ВАС выбрана точка к такая, что  Найдите радиус описанной окружности треугольника ВКС, если сумма радиусов окружностей ω1 и ω2 равна  и ",
        "html": "<div align=\"justify\" width=\"100%\" id=\"body505145\" class=\"pbody\"><p class=\"left_margin\">Ост­ро­уголь­ный тре­уголь­ник <i>АВС</i> впи­сан в окруж­ность ω. Точки <i>O</i><sub>1</sub> и <i>O</i><sub>2</sub>  — цен­тры внев­пи­сан­ных окруж­но­стей ω<sub>1</sub> и ω<sub>2</sub>, ка­са­ю­щих­ся от­рез­ков <i>АВ</i> и <i>АС</i> со­от­вет­ствен­но. Точка <i>М</i>  — се­ре­ди­на боль­шей дуги <i>ВС</i> окруж­но­сти ω.</p><p class=\"left_margin\">а)  До­ка­жи­те, что точка <i>М</i> лежит на пря­мой <i>O</i><sub>1</sub><i>O</i><sub>2</sub>.</p><p class=\"left_margin\">б)  На бис­сек­три­се угла <i>ВАС</i> вы­бра­на точка к такая, что <img src=\"https://ege.sdamgia.ru/formula/svg/ff/ff21af0cfe0ecf3bd650e2f0dfe78a3a.svg\" class=\"tex\" style=\"vertical-align:-2.5pt\" alt=\"A K в квад­ра­те = A O_1 умно­жить на A O_2.\"> Най­ди­те ра­ди­ус опи­сан­ной окруж­но­сти тре­уголь­ни­ка <i>ВКС</i>, если сумма ра­ди­у­сов окруж­но­стей ω<sub>1</sub> и ω<sub>2</sub> равна <img src=\"https://ege.sdamgia.ru/formula/svg/a1/a1e2b4715f2b578f0c9ed3ffce0d63b7.svg\" class=\"tex\" style=\"vertical-align:-1.8pt\" alt=\"5 ко­рень из: на­ча­ло ар­гу­мен­та: 3 конец ар­гу­мен­та \"> и <img src=\"https://ege.sdamgia.ru/formula/svg/33/33e797495113492d94c0c53535c65d67.svg\" class=\"tex\" style=\"vertical-align:-1.8pt\" alt=\"\\angle B A C = 60 в сте­пе­ни левая круг­лая скоб­ка \\circ пра­вая круг­лая скоб­ка .\"></p></div>",
        "image_urls": [
            "https://ege.sdamgia.ru/formula/svg/ff/ff21af0cfe0ecf3bd650e2f0dfe78a3a.svg",
            "https://ege.sdamgia.ru/formula/svg/a1/a1e2b4715f2b578f0c9ed3ffce0d63b7.svg",
            "https://ege.sdamgia.ru/formula/svg/33/33e797495113492d94c0c53535c65d67.svg"
        ]
    },
    "solution": {
        "text": "Решение. а)  Пусть N  — вторая точка пересечения прямой O1O2 и окружности ω. Заметим, что  Второе равенство следует из того, что O1A делит пополам внешний угол треугольника ABC при вершине A. Имеем: Таким образом, треугольник BNC равнобедренный, то есть точка N совпадает с точкой M, а потому лежит на прямой O1O2.б)  Отрезок AO1  — биссектриса внешнего угла A треугольника ABC, AK  — биссектриса внутреннего угла A, поэтому прямые KA и O1O2 перпендикулярны. Пусть OH2  — радиус ω2,  следовательно,  Аналогично OH1  — радиус ω1 и  тогда: Из условия  получаем, что  тогда   Тем самым точки B, C, K лежат на одной окружности с диаметром O1O2. Значит, ее радиус равен 5. Ответ: б) 5.",
        "html": "<div align=\"justify\" width=\"100%\" id=\"sol646085\" class=\"solution\" style=\"clear:both;\" class=\"pbody\"><p class=\"left_margin\"></p><b>Ре­ше­ние<!--rule_info-->. </b><p class=\"left_margin\"><img src=\"/get_file?id=145587\" style=\"float:right;margin:10px;max-width:100%\">а)  Пусть <i>N</i>  — вто­рая точка пе­ре­се­че­ния пря­мой <i>O</i><sub>1</sub><i>O</i><sub>2</sub> и окруж­но­сти ω. За­ме­тим, что </p><p class=\"left_margin\"></p><center><p><img src=\"https://ege.sdamgia.ru/formula/svg/40/40676056d5324cd172c553721e777e89.svg\" class=\"tex\" style=\"vertical-align:-8.3pt\" alt=\"\\angle BCN = \\angle BAN = дробь: чис­ли­тель: 1, зна­ме­на­тель: 2 конец дроби левая круг­лая скоб­ка 180 гра­ду­сов минус \\angle BAC пра­вая круг­лая скоб­ка = 90 гра­ду­сов минус дробь: чис­ли­тель: \\angle BAC, зна­ме­на­тель: 2 конец дроби . \"></p><p class=\"left_margin\"></p></center><p> Вто­рое ра­вен­ство сле­ду­ет из того, что <i>O</i><sub>1</sub><i>A</i> делит по­по­лам внеш­ний угол тре­уголь­ни­ка <i>ABC</i> при вер­ши­не <i>A</i>. Имеем:</p><p class=\"left_margin\"></p><center><p><span data-width=\"640\" data-formulahash=\"052fb198ef4b90dfbfce8b409b56190c\" class=\"tex-span\" style=\"\"><img src=\"https://ege.sdamgia.ru/formula/svg/05/052fb198ef4b90dfbfce8b409b56190c.svg\" class=\"tex\" style=\"vertical-align:-8.4pt\" alt=\"\\angle CBN = 180 гра­ду­сов минус \\angle CAN = 180 гра­ду­сов минус \\angle BAC минус дробь: чис­ли­тель: 1, зна­ме­на­тель: 2 конец дроби левая круг­лая скоб­ка 180 гра­ду­сов минус \\angle BAC пра­вая круг­лая скоб­ка = 90 гра­ду­сов минус дробь: чис­ли­тель: \\angle BAC, зна­ме­на­тель: 2 конец дроби = \\angle BCN. \"></span><span data-width=\"565\" data-formulahash=\"052fb198ef4b90dfbfce8b409b56190c\" class=\"tex-span\" style=\"display:none\"><img src=\"https://ege.sdamgia.ru/formula/svg/ac/ac86d289b699888f1cf1ce671f68b4a9.svg\" class=\"tex\" style=\"vertical-align:-8.3pt\" alt=\"\\angle CBN = 180 гра­ду­сов минус \\angle CAN = 180 гра­ду­сов минус \\angle BAC минус дробь: чис­ли­тель: 1, зна­ме­на­тель: 2 конец дроби левая круг­лая скоб­ка 180 гра­ду­сов минус \\angle BAC пра­вая круг­лая скоб­ка =\"><br><img src=\"https://ege.sdamgia.ru/formula/svg/98/98b71f0e3e17627555bec31c474c1107.svg\" class=\"tex\" style=\"vertical-align:-8.3pt\" alt=\"= 90 гра­ду­сов минус дробь: чис­ли­тель: \\angle BAC, зна­ме­на­тель: 2 конец дроби = \\angle BCN. \"></span><span data-width=\"390\" data-formulahash=\"052fb198ef4b90dfbfce8b409b56190c\" class=\"tex-span\" style=\"display:none\"><img src=\"https://ege.sdamgia.ru/formula/svg/22/221e10878c5bcc601d67265b0742be5f.svg\" class=\"tex\" style=\"vertical-align:-1.8pt\" alt=\"\\angle CBN = 180 гра­ду­сов минус \\angle CAN =\"><br><img src=\"https://ege.sdamgia.ru/formula/svg/e4/e4e0bdbc051c6358fb3cf061c1ad7d90.svg\" class=\"tex\" style=\"vertical-align:-8.4pt\" alt=\"= 180 гра­ду­сов минус \\angle BAC минус дробь: чис­ли­тель: 1, зна­ме­на­тель: 2 конец дроби левая круг­лая скоб­ка 180 гра­ду­сов минус \\angle BAC пра­вая круг­лая скоб­ка =\"><br><img src=\"https://ege.sdamgia.ru/formula/svg/98/98b71f0e3e17627555bec31c474c1107.svg\" class=\"tex\" style=\"vertical-align:-8.3pt\" alt=\"= 90 гра­ду­сов минус дробь: чис­ли­тель: \\angle BAC, зна­ме­на­тель: 2 конец дроби = \\angle BCN. \"></span></p><p class=\"left_margin\"></p></center><p> Таким об­ра­зом, тре­уголь­ник <i>BNC</i> рав­но­бед­рен­ный, то есть точка <i>N</i> сов­па­да­ет с точ­кой <i>M</i>, а по­то­му лежит на пря­мой <i>O</i><sub>1</sub><i>O</i><sub>2</sub>.</p><p class=\"left_margin\">б)  От­ре­зок <i>AO</i><sub>1</sub>  — бис­сек­три­са внеш­не­го угла <i>A</i> тре­уголь­ни­ка <i>ABC</i>, <i>AK</i>  — бис­сек­три­са внут­рен­не­го угла <i>A</i>, по­это­му пря­мые <i>KA</i> и <i>O</i><sub>1</sub><i>O</i><sub>2</sub> пер­пен­ди­ку­ляр­ны. Пусть <i>OH</i><sub>2</sub>  — ра­ди­ус ω<sub>2</sub>, <img src=\"https://ege.sdamgia.ru/formula/svg/da/daaa025534bcd47c3760c648c44297c9.svg\" class=\"tex\" style=\"vertical-align:-3.0pt\" alt=\"\\angle HAO_2 = 60 гра­ду­сов ,\"> сле­до­ва­тель­но, <img src=\"https://ege.sdamgia.ru/formula/svg/6a/6aa1a14b84e531a7b18e12a4f11e584c.svg\" class=\"tex\" style=\"vertical-align:-11.0pt\" alt=\"AO_2 = дробь: чис­ли­тель: 2, зна­ме­на­тель: ко­рень из 3 конец дроби умно­жить на OH_2. \"> Ана­ло­гич­но <i>OH</i><sub>1</sub>  — ра­ди­ус ω<sub>1</sub> и <img src=\"https://ege.sdamgia.ru/formula/svg/62/62aeae69fe9321be00f0070e9a9bc305.svg\" class=\"tex\" style=\"vertical-align:-11.0pt\" alt=\"AO_1 = дробь: чис­ли­тель: 2, зна­ме­на­тель: ко­рень из 3 конец дроби OH_1, \"> тогда:</p><p class=\"left_margin\"></p><center><p><img src=\"https://ege.sdamgia.ru/formula/svg/40/4009e264d74bc13363365d944690a1ba.svg\" class=\"tex\" style=\"vertical-align:-11.0pt\" alt=\"O_1O_2 = дробь: чис­ли­тель: 2, зна­ме­на­тель: ко­рень из 3 конец дроби левая круг­лая скоб­ка OH_1 плюс OH_2 пра­вая круг­лая скоб­ка = 10. \"></p><p class=\"left_margin\"></p></center><p> Из усло­вия <img src=\"https://ege.sdamgia.ru/formula/svg/da/da21b82e2fb8d4039382188a2f69e2ae.svg\" class=\"tex\" style=\"vertical-align:-2.5pt\" alt=\"AK:AO_1 = O_2A:AK\"> по­лу­ча­ем, что </p><p class=\"left_margin\"></p><center><p><img src=\"https://ege.sdamgia.ru/formula/svg/00/0014177079ceff059fe76402250874e7.svg\" class=\"tex\" style=\"vertical-align:-3.0pt\" alt=\"\\angle AKO_1 = \\angle AO_2K = 90 гра­ду­сов минус \\angle AKO_2,\"></p><p class=\"left_margin\"></p></center><p> тогда <img src=\"https://ege.sdamgia.ru/formula/svg/55/554feba246ec2fc75a4521777249c5a1.svg\" class=\"tex\" style=\"vertical-align:-3.0pt\" alt=\"\\angle O_2KO_1 = 90 гра­ду­сов ,\"> <img src=\"https://ege.sdamgia.ru/formula/svg/32/3244b5ec4ab3883b3009168e03949891.svg\" class=\"tex\" style=\"vertical-align:-2.6pt\" alt=\"\\angle O_1BO_2 = \\angle O_1CO_2 = 90 гра­ду­сов. \"> Тем самым точки <i>B</i>, <i>C</i>, <i>K</i> лежат на одной окруж­но­сти с диа­мет­ром <i>O</i><sub>1</sub><i>O</i><sub>2</sub>. Зна­чит, ее ра­ди­ус равен 5.</p><p>&nbsp;</p><p><span style=\"letter-spacing: 2px;\">Ответ:</span> б) 5.</p></div>",
        "image_urls": [
            "https://ege.sdamgia.ru/formula/svg/40/40676056d5324cd172c553721e777e89.svg",
            "https://ege.sdamgia.ru/formula/svg/05/052fb198ef4b90dfbfce8b409b56190c.svg",
            "https://ege.sdamgia.ru/formula/svg/ac/ac86d289b699888f1cf1ce671f68b4a9.svg",
            "https://ege.sdamgia.ru/formula/svg/98/98b71f0e3e17627555bec31c474c1107.svg",
            "https://ege.sdamgia.ru/formula/svg/22/221e10878c5bcc601d67265b0742be5f.svg",
            "https://ege.sdamgia.ru/formula/svg/e4/e4e0bdbc051c6358fb3cf061c1ad7d90.svg",
            "https://ege.sdamgia.ru/formula/svg/98/98b71f0e3e17627555bec31c474c1107.svg",
            "https://ege.sdamgia.ru/formula/svg/da/daaa025534bcd47c3760c648c44297c9.svg",
            "https://ege.sdamgia.ru/formula/svg/6a/6aa1a14b84e531a7b18e12a4f11e584c.svg",
            "https://ege.sdamgia.ru/formula/svg/62/62aeae69fe9321be00f0070e9a9bc305.svg",
            "https://ege.sdamgia.ru/formula/svg/40/4009e264d74bc13363365d944690a1ba.svg",
            "https://ege.sdamgia.ru/formula/svg/da/da21b82e2fb8d4039382188a2f69e2ae.svg",
            "https://ege.sdamgia.ru/formula/svg/00/0014177079ceff059fe76402250874e7.svg",
            "https://ege.sdamgia.ru/formula/svg/55/554feba246ec2fc75a4521777249c5a1.svg",
            "https://ege.sdamgia.ru/formula/svg/32/3244b5ec4ab3883b3009168e03949891.svg",
            "/get_file?id=145587"
        ]
    },
    "answer": "б) 5.",
    "topic_id": 17,
    "analog_ids": []
}