{
    "gia_type": "ege",
    "subject": "math",
    "id": 646761,
    "condition": {
        "text": "В прямоугольном треугольнике ABC с прямым углом С продолжение биссектрисы СK этого треугольника (точка К лежит на гипотенузе AB) пересекает его описанную окружность в точке L. Прямая, проходящая через точку L и середину гипотенузы AB, пересекает вторично описанную окружность треугольника АBC в точке М и пересекает катет ВС в точке P.а)  Докажите, что прямая МK является касательной к описанной окружности треугольника ВМР.б)  Найдите площадь треугольника МКР, если AC  =  3 и BC  =  4.",
        "html": "<div align=\"justify\" width=\"100%\" id=\"body503957\" class=\"pbody\"><p class=\"left_margin\">В пря­мо­уголь­ном тре­уголь­ни­ке <i>ABC</i> с пря­мым углом <i>С</i> про­дол­же­ние бис­сек­три­сы <i>СK</i> этого тре­уголь­ни­ка (точка <i>К</i> лежит на ги­по­те­ну­зе <i>AB</i>) пе­ре­се­ка­ет его опи­сан­ную окруж­ность в точке <i>L</i>. Пря­мая, про­хо­дя­щая через точку <i>L</i> и се­ре­ди­ну ги­по­те­ну­зы <i>AB</i>, пе­ре­се­ка­ет вто­рич­но опи­сан­ную окруж­ность тре­уголь­ни­ка <i>АBC</i> в точке <i>М</i> и пе­ре­се­ка­ет катет <i>ВС</i> в точке <i>P</i>.</p><p class=\"left_margin\">а)  До­ка­жи­те, что пря­мая <i>МK</i> яв­ля­ет­ся ка­са­тель­ной к опи­сан­ной окруж­но­сти тре­уголь­ни­ка <i>ВМР</i>.</p><p class=\"left_margin\">б)  Най­ди­те пло­щадь тре­уголь­ни­ка <i>МКР</i>, если <i>AC</i>  =  3 и <i>BC</i>  =  4.</p></div>",
        "image_urls": []
    },
    "solution": {
        "text": "Решение. а)  Заметим, что дуги AL и LB равны, так как  Тогда равны и хорды AL  =  LB, а потому радиус LO  — медиана и выcота треугольника ALB (так как точка O  — середина стороны AB).Хорда, перпендикулярная диаметру, делится им пополам, следовательно, LO  =  OM, тогда треугольник MKL  — равнобедренный. Значит,  Заметим еще, что  как вписанные углы, опирающиеся на одну и ту же дугу, откуда  Тогда прямая KM является касательной к окружности, описанной около треугольника BMP.б)  По теореме Пифагора  откуда  а значит,  Треугольники BOP и BCA подобны, поэтому  следовательно,  Отрезок LM походит через середину диаметра, значит, LM  — тоже диаметр, тогда  и  По свойству биссектрисы  следовательно,  Тогда  Находим площадь треугольника МКР:Ответ: б) ",
        "html": "<div align=\"justify\" width=\"100%\" id=\"sol646761\" class=\"solution\" style=\"clear:both;\" class=\"pbody\"><p class=\"left_margin\"></p><b>Ре­ше­ние<!--rule_info-->. </b><p class=\"left_margin\"><img src=\"/get_file?id=146786\" style=\"float:right;margin:10px;max-width:100%\">а)  За­ме­тим, что дуги <i>AL</i> и <i>LB</i> равны, так как <img src=\"https://ege.sdamgia.ru/formula/svg/c9/c916490ad39366b6676954a51c3217e5.svg\" class=\"tex\" style=\"vertical-align:-1.8pt\" alt=\"\\angle ACL = \\angle BCL .\"> Тогда равны и хорды <i>AL</i>  =  <i>LB</i>, а по­то­му ра­ди­ус <i>LO</i>  — ме­ди­а­на и выcота тре­уголь­ни­ка <i>ALB</i> (так как точка <i>O</i>  — се­ре­ди­на сто­ро­ны <i>AB</i>).</p><p class=\"left_margin\">Хорда, пер­пен­ди­ку­ляр­ная диа­мет­ру, де­лит­ся им по­по­лам, сле­до­ва­тель­но, <i>LO</i>  =  <i>OM</i>, тогда тре­уголь­ник <i>MKL</i>  — рав­но­бед­рен­ный. Зна­чит, <img src=\"https://ege.sdamgia.ru/formula/svg/a6/a6318a4d73b62bc7dea1c7ab4b44bd79.svg\" class=\"tex\" style=\"vertical-align:-1.8pt\" alt=\"\\angle KLM = KML.\"> За­ме­тим еще, что <img src=\"https://ege.sdamgia.ru/formula/svg/2a/2aa3d2154e3d05fa1d1fb9d875694ec7.svg\" class=\"tex\" style=\"vertical-align:-1.8pt\" alt=\"\\angle KLM = \\angle CBM\"> как впи­сан­ные углы, опи­ра­ю­щи­е­ся на одну и ту же дугу, от­ку­да <img src=\"https://ege.sdamgia.ru/formula/svg/d8/d800ef4e00ba7e55d5d32f7530fa4615.svg\" class=\"tex\" style=\"vertical-align:-1.8pt\" alt=\"\\angle KMO = \\angle PBM.\"> Тогда пря­мая <i>KM</i> яв­ля­ет­ся ка­са­тель­ной к окруж­но­сти, опи­сан­ной около тре­уголь­ни­ка <i>BMP</i>.</p><p class=\"left_margin\">б)  По тео­ре­ме Пи­фа­го­ра <img src=\"https://ege.sdamgia.ru/formula/svg/c3/c345aab81bfc431365789ee69fe32a61.svg\" class=\"tex\" style=\"vertical-align:-3.0pt\" alt=\"AB в квад­ра­те = 3 в квад­ра­те плюс 4 в квад­ра­те = 25,\"> от­ку­да <img src=\"https://ege.sdamgia.ru/formula/svg/ab/ab1a2bed2c8206fd2b2ffe04bc93b7a9.svg\" class=\"tex\" style=\"vertical-align:-3.0pt\" alt=\"AB = 5,\"> а зна­чит, <img src=\"https://ege.sdamgia.ru/formula/svg/ec/ec198c33b538888e21ee4856076e5b82.svg\" class=\"tex\" style=\"vertical-align:-8.3pt\" alt=\"OB = дробь: чис­ли­тель: 5, зна­ме­на­тель: 2 конец дроби .\"> Тре­уголь­ни­ки <i>BOP</i> и <i>BCA</i> по­доб­ны, по­это­му <img src=\"https://ege.sdamgia.ru/formula/svg/b9/b9632eccbda13dd13050a3ea1f5b89b9.svg\" class=\"tex\" style=\"vertical-align:-3.0pt\" alt=\"BO : OP = BC : CA,\"> сле­до­ва­тель­но, </p><p class=\"left_margin\"></p><center><p><img src=\"https://ege.sdamgia.ru/formula/svg/22/22846169e6ceb8adef397d367dc8e8a1.svg\" class=\"tex\" style=\"vertical-align:-8.5pt\" alt=\"OP = дробь: чис­ли­тель: BO умно­жить на CA, зна­ме­на­тель: BC конец дроби = дробь: чис­ли­тель: 3 умно­жить на \\tfrac 5, зна­ме­на­тель: 2 конец дроби 4 = дробь: чис­ли­тель: 15, зна­ме­на­тель: 8 конец дроби . \"></p><p class=\"left_margin\"></p></center><p> От­ре­зок <i>LM</i> по­хо­дит через се­ре­ди­ну диа­мет­ра, зна­чит, <i>LM</i>  — тоже диа­метр, тогда <img src=\"https://ege.sdamgia.ru/formula/svg/ad/adb49d422fe7902985d4dcaba6ca7cec.svg\" class=\"tex\" style=\"vertical-align:-8.3pt\" alt=\"OM = дробь: чис­ли­тель: 5, зна­ме­на­тель: 2 конец дроби \"> и <img src=\"https://ege.sdamgia.ru/formula/svg/fd/fdc7c7b3f741e673d5831bb3d718360a.svg\" class=\"tex\" style=\"vertical-align:-8.4pt\" alt=\"PM = дробь: чис­ли­тель: 5, зна­ме­на­тель: 2 конец дроби минус дробь: чис­ли­тель: 15, зна­ме­на­тель: 8 конец дроби = дробь: чис­ли­тель: 5, зна­ме­на­тель: 8 конец дроби . \"> По свой­ству бис­сек­три­сы <img src=\"https://ege.sdamgia.ru/formula/svg/e0/e09332ff970e1bfe0e4ea9a44d63971d.svg\" class=\"tex\" style=\"vertical-align:-3.0pt\" alt=\"AK : KB = AC : CB,\"> сле­до­ва­тель­но, <img src=\"https://ege.sdamgia.ru/formula/svg/97/97ba42be231769cdb0330bb6eeaf36ef.svg\" class=\"tex\" style=\"vertical-align:-8.4pt\" alt=\"AK = дробь: чис­ли­тель: 3, зна­ме­на­тель: 7 конец дроби умно­жить на 5 = дробь: чис­ли­тель: 15, зна­ме­на­тель: 7 конец дроби . \"> Тогда <img src=\"https://ege.sdamgia.ru/formula/svg/72/72af4f93bd2fb6eaf531cf3091c10694.svg\" class=\"tex\" style=\"vertical-align:-8.4pt\" alt=\"KO = дробь: чис­ли­тель: 5, зна­ме­на­тель: 2 конец дроби минус дробь: чис­ли­тель: 15, зна­ме­на­тель: 7 конец дроби = дробь: чис­ли­тель: 5, зна­ме­на­тель: 14 конец дроби . \"> </p><p class=\"left_margin\">На­хо­дим пло­щадь тре­уголь­ни­ка <i>МКР</i>:</p><p class=\"left_margin\"></p><center><p><img src=\"https://ege.sdamgia.ru/formula/svg/5b/5b2dc33fe1d3437d14f10592b3a761c9.svg\" class=\"tex\" style=\"vertical-align:-8.4pt\" alt=\"S_\\triangle PKM = дробь: чис­ли­тель: 1, зна­ме­на­тель: 2 конец дроби умно­жить на PM умно­жить на KO = дробь: чис­ли­тель: 1, зна­ме­на­тель: 2 конец дроби умно­жить на дробь: чис­ли­тель: 5, зна­ме­на­тель: 8 конец дроби умно­жить на дробь: чис­ли­тель: 5, зна­ме­на­тель: 14 конец дроби = дробь: чис­ли­тель: 25, зна­ме­на­тель: 224 конец дроби . \"></p><p class=\"left_margin\"></p></center><p><span style=\"letter-spacing: 2px;\">Ответ:</span> б) <img src=\"https://ege.sdamgia.ru/formula/svg/2a/2ac54ffd43bdcfd9c5eaf08b25cbf8aa.svg\" class=\"tex\" style=\"vertical-align:-8.3pt\" alt=\" дробь: чис­ли­тель: 25, зна­ме­на­тель: 224 конец дроби . \"></p></div>",
        "image_urls": [
            "https://ege.sdamgia.ru/formula/svg/c9/c916490ad39366b6676954a51c3217e5.svg",
            "https://ege.sdamgia.ru/formula/svg/a6/a6318a4d73b62bc7dea1c7ab4b44bd79.svg",
            "https://ege.sdamgia.ru/formula/svg/2a/2aa3d2154e3d05fa1d1fb9d875694ec7.svg",
            "https://ege.sdamgia.ru/formula/svg/d8/d800ef4e00ba7e55d5d32f7530fa4615.svg",
            "https://ege.sdamgia.ru/formula/svg/c3/c345aab81bfc431365789ee69fe32a61.svg",
            "https://ege.sdamgia.ru/formula/svg/ab/ab1a2bed2c8206fd2b2ffe04bc93b7a9.svg",
            "https://ege.sdamgia.ru/formula/svg/ec/ec198c33b538888e21ee4856076e5b82.svg",
            "https://ege.sdamgia.ru/formula/svg/b9/b9632eccbda13dd13050a3ea1f5b89b9.svg",
            "https://ege.sdamgia.ru/formula/svg/22/22846169e6ceb8adef397d367dc8e8a1.svg",
            "https://ege.sdamgia.ru/formula/svg/ad/adb49d422fe7902985d4dcaba6ca7cec.svg",
            "https://ege.sdamgia.ru/formula/svg/fd/fdc7c7b3f741e673d5831bb3d718360a.svg",
            "https://ege.sdamgia.ru/formula/svg/e0/e09332ff970e1bfe0e4ea9a44d63971d.svg",
            "https://ege.sdamgia.ru/formula/svg/97/97ba42be231769cdb0330bb6eeaf36ef.svg",
            "https://ege.sdamgia.ru/formula/svg/72/72af4f93bd2fb6eaf531cf3091c10694.svg",
            "https://ege.sdamgia.ru/formula/svg/5b/5b2dc33fe1d3437d14f10592b3a761c9.svg",
            "https://ege.sdamgia.ru/formula/svg/2a/2ac54ffd43bdcfd9c5eaf08b25cbf8aa.svg",
            "/get_file?id=146786"
        ]
    },
    "answer": "б)",
    "topic_id": 17,
    "analog_ids": []
}