{
    "gia_type": "ege",
    "subject": "math",
    "id": 660954,
    "condition": {
        "text": "Высоты BB1 и CC1 остроугольного треугольника ABC пересекаются в точке H. а)  Докажите, что б)  Найдите расстояние от центра окружности, описанной около треугольника ABC, до стороны BC, если B1C1  =  6 и ",
        "html": "<div align=\"justify\" width=\"100%\" id=\"body293670\" class=\"pbody\"><p class=\"left_margin\">Вы­со­ты <i>BB</i><sub>1</sub> и <i>CC</i><sub>1</sub> ост­ро­уголь­но­го тре­уголь­ни­ка <i>ABC</i> пе­ре­се­ка­ют­ся в точке <i>H</i>. </p><p class=\"left_margin\">а)  До­ка­жи­те, что <img src=\"https://ege.sdamgia.ru/formula/svg/f5/f5b9eab2914faafb1dfce6d2a2404311.svg\" class=\"tex\" style=\"vertical-align:-2.5pt\" alt=\"\\angle BB_1C_1 = \\angle BAH.\"></p><p class=\"left_margin\">б)  Най­ди­те рас­сто­я­ние от цен­тра окруж­но­сти, опи­сан­ной около тре­уголь­ни­ка <i>ABC</i>, до сто­ро­ны <i>BC</i>, если <i>B</i><sub>1</sub><i>C</i><sub>1</sub>  =  6 и <img src=\"https://ege.sdamgia.ru/formula/svg/38/3869c7398149bda9885c81a741182dbb.svg\" class=\"tex\" style=\"vertical-align:-1.8pt\" alt=\"\\angle BAC=60 гра­ду­сов.\"></p></div>",
        "image_urls": [
            "https://ege.sdamgia.ru/formula/svg/f5/f5b9eab2914faafb1dfce6d2a2404311.svg",
            "https://ege.sdamgia.ru/formula/svg/38/3869c7398149bda9885c81a741182dbb.svg"
        ]
    },
    "solution": {
        "text": "Решение. а)  Проведем высоту AA1. Четырехугольник BC1B1C вписанный, так как углы BC1C и CB1B прямые, поэтому углы BB1C1 и BCC1 равны, как опирающиеся на одну и ту же дугу. Углы BCC1 и ABC и BAH и ABC в сумме дают 90°, следовательно, углы BAH и BCC1 равны, то есть равны углы BAH и BB1C1. Что и требовалось доказать.б)  Основания высот и третья вершина треугольника образуют треугольник, подобный данному с коэффициентом, равным модулю косинуса их общего угла, поэтому По обобщенной теореме синусов:Пусть OM  — расстояние от центра описанной вокруг треугольника ABC окружности до стороны BC. OM лежит на серединном перпендикуляре к BC. Тогда из треугольника по теореме Пифагора MOC найдем OM:Ответ:б)  ",
        "html": "<div align=\"justify\" width=\"100%\" id=\"sol660954\" class=\"solution\" style=\"clear:both;\" class=\"pbody\"><p class=\"left_margin\"></p><b>Ре­ше­ние<!--rule_info-->. </b><p class=\"left_margin\"><img src=\"/get_file?id=180379\" style=\"float:right;margin:10px;max-width:100%\">а)  Про­ве­дем вы­со­ту <i>AA</i><sub>1</sub>. Че­ты­рех­уголь­ник <i>BC</i><sub>1</sub><i>B</i><sub>1</sub><i>C</i> впи­сан­ный, так как углы <i>BC</i><sub>1</sub><i>C</i> и <i>CB</i><sub>1</sub><i>B</i> пря­мые, по­это­му углы <i>BB</i><sub>1</sub><i>C</i><sub>1</sub> и <i>BCC</i><sub>1</sub> равны, как опи­ра­ю­щи­е­ся на одну и ту же дугу. Углы <i>BCC</i><sub>1</sub> и <i>ABC</i> и <i>BAH</i> и <i>ABC</i> в сумме дают 90°, сле­до­ва­тель­но, углы <i>BAH</i> и <i>BCC</i><sub>1</sub> равны, то есть равны углы <i>BAH</i> и <i>BB</i><sub>1</sub><i>C</i><sub>1</sub>. Что и тре­бо­ва­лось до­ка­зать.</p><p class=\"left_margin\">б)  Ос­но­ва­ния высот и тре­тья вер­ши­на тре­уголь­ни­ка об­ра­зу­ют тре­уголь­ник, по­доб­ный дан­но­му с ко­эф­фи­ци­ен­том, рав­ным мо­ду­лю ко­си­ну­са их об­ще­го угла, по­это­му </p><p class=\"left_margin\"></p><center><p><img src=\"https://ege.sdamgia.ru/formula/svg/07/0734ae2e37e9a600915d1a2d0cb224ca.svg\" class=\"tex\" style=\"vertical-align:-8.4pt\" alt=\" дробь: чис­ли­тель: B_1C_1, зна­ме­на­тель: BC конец дроби = | ко­си­нус \\angle BAC | рав­но­силь­но BC = 6 : дробь: чис­ли­тель: 1, зна­ме­на­тель: 2 конец дроби рав­но­силь­но BC = 12. \"></p><p class=\"left_margin\"></p></center><p class=\"left_margin\">По обоб­щен­ной тео­ре­ме си­ну­сов:</p><p class=\"left_margin\"></p><center><p><img src=\"https://ege.sdamgia.ru/formula/svg/89/89ae462c647eaea542914867d0230b95.svg\" class=\"tex\" style=\"vertical-align:-15.1pt\" alt=\" дробь: чис­ли­тель: BC, зна­ме­на­тель: синус \\angle BAC конец дроби = 2R рав­но­силь­но R= дробь: чис­ли­тель: 12, зна­ме­на­тель: 2 умно­жить на дробь: чис­ли­тель: ко­рень из 3 , зна­ме­на­тель: 2 конец дроби конец дроби рав­но­силь­но R = 4 ко­рень из 3 . \"></p><p class=\"left_margin\"></p></center><p class=\"left_margin\">Пусть <i>OM</i>  — рас­сто­я­ние от цен­тра опи­сан­ной во­круг тре­уголь­ни­ка <i>ABC</i> окруж­но­сти до сто­ро­ны <i>BC</i>. <i>OM</i> лежит на се­ре­дин­ном пер­пен­ди­ку­ля­ре к <i>BC</i>. Тогда из тре­уголь­ни­ка по тео­ре­ме Пи­фа­го­ра <i>MOC</i> най­дем <i>OM</i>:</p><p class=\"left_margin\"></p><center><p><img src=\"https://ege.sdamgia.ru/formula/svg/6a/6aff6e33ade8ab6bd2a8b76be1daab61.svg\" class=\"tex\" style=\"vertical-align:-2.5pt\" alt=\"OM = ко­рень из: на­ча­ло ар­гу­мен­та: OC в квад­ра­те минус MC в квад­ра­те конец ар­гу­мен­та = ко­рень из: на­ча­ло ар­гу­мен­та: 48 минус 36 конец ар­гу­мен­та = 2 ко­рень из 3 .\"></p><p class=\"left_margin\"></p></center><p><span style=\"letter-spacing: 2px;\">Ответ:</span>б)  <img src=\"https://ege.sdamgia.ru/formula/svg/eb/eb0519a92aab0e71a80a49dfc3a3def7.svg\" class=\"tex\" style=\"vertical-align:-1.8pt\" alt=\"2 ко­рень из 3 .\"></p></div>",
        "image_urls": [
            "https://ege.sdamgia.ru/formula/svg/07/0734ae2e37e9a600915d1a2d0cb224ca.svg",
            "https://ege.sdamgia.ru/formula/svg/89/89ae462c647eaea542914867d0230b95.svg",
            "https://ege.sdamgia.ru/formula/svg/6a/6aff6e33ade8ab6bd2a8b76be1daab61.svg",
            "https://ege.sdamgia.ru/formula/svg/eb/eb0519a92aab0e71a80a49dfc3a3def7.svg",
            "/get_file?id=180379"
        ]
    },
    "answer": "б)",
    "topic_id": 17,
    "analog_ids": []
}