{
    "gia_type": "ege",
    "subject": "math",
    "id": 505239,
    "condition": {
        "text": "В равнобедренном треугольнике ABC с углом 120° при вершине A проведена биссектриса BD. В треугольник ABC вписан прямоугольник DEFH так, что сторона FH лежит на отрезке BC, а вершина E  —  на отрезке AB.а)  Докажите, что FH  =  2DH.б)  Найдите площадь прямоугольника DEFH, если AB  =  4.",
        "html": "<div align=\"justify\" width=\"100%\" id=\"body645995\" class=\"pbody\"><p class=\"left_margin\">В рав­но­бед­рен­ном тре­уголь­ни­ке <i>ABC</i> с углом 120° при вер­ши­не <i>A</i> про­ве­де­на бис­сек­три­са <i>BD</i>. В тре­уголь­ник <i>ABC</i> впи­сан пря­мо­уголь­ник <i>DEFH</i> так, что сто­ро­на <i>FH</i> лежит на от­рез­ке <i>BC</i>, а вер­ши­на <i>E</i>  —  на от­рез­ке <i>AB.</i></p><p class=\"left_margin\">а)  До­ка­жи­те, что <i>FH</i>  =  2<i>DH</i>.</p><p class=\"left_margin\">б)  Най­ди­те пло­щадь пря­мо­уголь­ни­ка <i>DEFH</i>, если <i>AB</i>  =  4.</p></div>",
        "image_urls": []
    },
    "solution": {
        "text": "Решение. а)  Пусть P  — основание перпендикуляра, опущенного из точки D на прямую AB, тогда DH  =  DP. В равнобедренном треугольнике EAD угол AED  равен 30°. В прямоугольном треугольнике EPD находим  откуда получаем, что FH  =  2DH.б)  Пусть AM  — высота треугольника ABC  — пересекает ED в точке N. ТогдаПусть DH  =  EF  =  x, тогда FH  =  ED  =  2x. Треугольники ABC и AED подобны, следовательно,  Значит, площадь прямоугольника DEFH равна Ответ:  Приведем решение пункта а) Сергея Федорова.Треугольник ABC равнобедренный, следовательно, Углы BDE и DBC равны как накрест лежащие, угол DBC  равен углу DBE, поскольку BD является биссектрисой, следовательно, углы BDE и DBE равны, тогда треугольник DBE равнобедренный, DE  =  BE. В треугольнике BFE катет EF лежит против угла в 30°, следовательно, BE  =  2EF, тогда DE  =  2EF.",
        "html": "<div align=\"justify\" width=\"100%\" id=\"sol505239\" class=\"solution\" style=\"clear:both;\" class=\"pbody\"><p class=\"left_margin\"></p><b>Ре­ше­ние<!--rule_info-->. </b><p class=\"left_margin\"><img src=\"/get_file?id=146537\" style=\"float:right;margin:10px;max-width:100%\">а)  Пусть <i>P</i>  — ос­но­ва­ние пер­пен­ди­ку­ля­ра, опу­щен­но­го из точки <i>D</i> на пря­мую <i>AB</i>, тогда <i>DH  =  DP</i>. В рав­но­бед­рен­ном тре­уголь­ни­ке <i>EAD</i> угол <i>AED</i>  равен 30°. В пря­мо­уголь­ном тре­уголь­ни­ке <i>EPD</i> на­хо­дим <img src=\"https://ege.sdamgia.ru/formula/svg/eb/eb968956875ae65ef300ca8b4079c331.svg\" class=\"tex\" style=\"vertical-align:-8.4pt\" alt=\"DP= дробь: чис­ли­тель: 1, зна­ме­на­тель: 2 конец дроби DE, \"> от­ку­да по­лу­ча­ем, что <i>FH</i>  =  2<i>DH</i>.</p><p class=\"left_margin\">б)  Пусть <i>AM</i>  — вы­со­та тре­уголь­ни­ка <i>ABC</i>  — пе­ре­се­ка­ет <i>ED</i> в точке <i>N</i>. Тогда</p><p class=\"left_margin\"></p><center><p><img src=\"https://ege.sdamgia.ru/formula/svg/11/117ee1b8e1d1e275b3c5cb25c0c3a588.svg\" class=\"tex\" style=\"vertical-align:-3.1pt\" alt=\"AM=AB умно­жить на синус \\angleABC=2, BC=2AB умно­жить на ко­си­нус \\angleABC=4 ко­рень из: на­ча­ло ар­гу­мен­та: 3 конец ар­гу­мен­та .\"></p><p class=\"left_margin\"></p></center><p class=\"left_margin\">Пусть <i>DH</i>  =  <i>EF</i>  =  <i>x</i>, тогда <i>FH</i>  =  <i>ED</i>  =  2<i>x</i>. Тре­уголь­ни­ки <i>ABC</i> и <i>AED</i> по­доб­ны, сле­до­ва­тель­но, </p><p class=\"left_margin\"></p><center><p><img src=\"https://ege.sdamgia.ru/formula/svg/c4/c45247fe7a9d0eba3f5fcd1dc4c52282.svg\" class=\"tex\" style=\"vertical-align:-11.1pt\" alt=\" дробь: чис­ли­тель: AN, зна­ме­на­тель: AM конец дроби = дробь: чис­ли­тель: ED, зна­ме­на­тель: BC конец дроби рав­но­силь­но дробь: чис­ли­тель: 2 минус x, зна­ме­на­тель: 2 конец дроби = дробь: чис­ли­тель: 2x, зна­ме­на­тель: 4 ко­рень из: на­ча­ло ар­гу­мен­та: 3 конец ар­гу­мен­та конец дроби рав­но­силь­но x= дробь: чис­ли­тель: 2 ко­рень из: на­ча­ло ар­гу­мен­та: 3 конец ар­гу­мен­та , зна­ме­на­тель: 1 плюс ко­рень из: на­ча­ло ар­гу­мен­та: 3 конец ар­гу­мен­та конец дроби рав­но­силь­но x=3 минус ко­рень из: на­ча­ло ар­гу­мен­та: 3 конец ар­гу­мен­та . \"></p><p class=\"left_margin\"></p></center><p> Зна­чит, пло­щадь пря­мо­уголь­ни­ка <i>DEFH</i> равна </p><p class=\"left_margin\"></p><center><p><img src=\"https://ege.sdamgia.ru/formula/svg/82/8253e71a2322421d2ed5349bf4bbc210.svg\" class=\"tex\" style=\"vertical-align:-3.7pt\" alt=\"DE умно­жить на DH=2x умно­жить на x=2 левая круг­лая скоб­ка 3 минус ко­рень из: на­ча­ло ар­гу­мен­та: 3 конец ар­гу­мен­та пра­вая круг­лая скоб­ка в квад­ра­те =24 минус 12 ко­рень из: на­ча­ло ар­гу­мен­та: 3 конец ар­гу­мен­та .\"></p><p class=\"left_margin\"></p></center><p><span style=\"letter-spacing:2px \">Ответ:</span> <img src=\"https://ege.sdamgia.ru/formula/svg/f6/f6feef4bec2d35d36a3d5f01305d329e.svg\" class=\"tex\" style=\"vertical-align:-1.8pt\" alt=\"24 минус 12 ко­рень из: на­ча­ло ар­гу­мен­та: 3 конец ар­гу­мен­та .\"></p><p>&nbsp;</p><p><b>При­ве­дем ре­ше­ние пунк­та а) Сер­гея Фе­до­ро­ва.</b></p><p class=\"left_margin\">Тре­уголь­ник <i>ABC</i> рав­но­бед­рен­ный, сле­до­ва­тель­но, </p><p class=\"left_margin\"></p><center><p><img src=\"https://ege.sdamgia.ru/formula/svg/5b/5b792caa08b98f15804afd9ddfd6dedd.svg\" class=\"tex\" style=\"vertical-align:-8.3pt\" alt=\"\\angle ABC = \\angle ACB = дробь: чис­ли­тель: 180 гра­ду­сов минус \\angle A, зна­ме­на­тель: 2 конец дроби =30 гра­ду­сов. \"></p><p class=\"left_margin\"></p></center><p class=\"left_margin\">Углы <i>BDE</i> и <i>DBC</i> равны как на­крест ле­жа­щие, угол <i>DBC</i>  равен углу <i>DBE</i>, по­сколь­ку <i>BD</i> яв­ля­ет­ся бис­сек­три­сой, сле­до­ва­тель­но, углы <i>BDE</i> и <i>DBE</i> равны, тогда тре­уголь­ник <i>DBE</i> рав­но­бед­рен­ный, <i>DE</i>  =  <i>BE</i>. В тре­уголь­ни­ке <i>BFE</i> катет <i>EF</i> лежит про­тив угла в 30°, сле­до­ва­тель­но, <i>BE</i>  =  2<i>EF</i>, тогда <i>DE</i>  =  2<i>EF</i>.</p></div>",
        "image_urls": [
            "https://ege.sdamgia.ru/formula/svg/eb/eb968956875ae65ef300ca8b4079c331.svg",
            "https://ege.sdamgia.ru/formula/svg/11/117ee1b8e1d1e275b3c5cb25c0c3a588.svg",
            "https://ege.sdamgia.ru/formula/svg/c4/c45247fe7a9d0eba3f5fcd1dc4c52282.svg",
            "https://ege.sdamgia.ru/formula/svg/82/8253e71a2322421d2ed5349bf4bbc210.svg",
            "https://ege.sdamgia.ru/formula/svg/f6/f6feef4bec2d35d36a3d5f01305d329e.svg",
            "https://ege.sdamgia.ru/formula/svg/5b/5b792caa08b98f15804afd9ddfd6dedd.svg",
            "/get_file?id=146537"
        ]
    },
    "answer": "",
    "topic_id": 17,
    "analog_ids": [
        505239,
        505249,
        511400
    ]
}