{
    "gia_type": "ege",
    "subject": "math",
    "id": 505473,
    "condition": {
        "text": "В остроугольном треугольнике ABC провели высоту BH, из точки H на стороны AB и BC опустили перпендикуляры HK и HM соответственно.а)  Докажите, что треугольник MBK подобен треугольнику ABC.б)  Найдите отношение площади треугольника MBK к площади четырёхугольника AKMC, если BH  =  2, а радиус окружности, описанной около треугольника ABC равен 4.",
        "html": "<div align=\"justify\" width=\"100%\" id=\"body645245\" class=\"pbody\"><p class=\"left_margin\">В ост­ро­уголь­ном тре­уголь­ни­ке <i>ABC</i> про­ве­ли вы­со­ту <i>BH</i>, из точки <i>H</i> на сто­ро­ны <i>AB</i> и <i>BC</i> опу­сти­ли пер­пен­ди­ку­ля­ры <i>HK</i> и <i>HM</i> со­от­вет­ствен­но.</p><p class=\"left_margin\">а)  До­ка­жи­те, что тре­уголь­ник <i>MBK</i> по­до­бен тре­уголь­ни­ку <i>ABC.</i></p><p class=\"left_margin\">б)  Най­ди­те от­но­ше­ние пло­ща­ди тре­уголь­ни­ка <i>MBK</i> к пло­ща­ди четырёхуголь­ни­ка <i>AKMC</i>, если <i>BH</i>  =  2, а ра­ди­ус окруж­но­сти, опи­сан­ной около тре­уголь­ни­ка <i>ABC</i> равен 4.</p></div>",
        "image_urls": []
    },
    "solution": {
        "text": "Решение.  а)  Пусть угол BAC  =  α. Углы BAC и KHB равны как углы с взаимно перпендикулярными сторонами. Рассмотрим четырёхугольник BKHM: в нем ∠BKH + ∠BMH  =  90° + 90°  =  180°, следовательно, четырёхугольник BKHM вписан в окружность. Значит, углы KHB и KMB  — вписанные, опирающиеся на одну и ту же дугу, следовательно, они равны. Таким образом, ∠BAC = ∠KHB = ∠KMB. Треугольники ABC и MBK имеют общий угол B, а ∠BAC = ∠KMB, значит, эти треугольники подобны по двум углам.б)  Сумма углов К и М четырехугольника BKHM равна 180°, поэтому он вписан в окружность. Прямоугольный треугольник BKH вписан в эту же окружность, а потому радиус R окружности равен половине гипотенузы BH: R  =  1. Треугольник MBK также вписан в эту окружность. Коэффициент подобия треугольников ABC и MBK равен отношению их сходственных элементов, поэтому он равен  Тогда для отношения площади треугольника MBK к площади четырёхугольника AKMC получаем:Ответ:  Приведем другое решение пункта б).Из прямоугольного треугольника BKH находим, что  Для треугольника ABC справедливо равенство  Учитывая, что ∠KHB = ∠BAC, получаем:  Стороны BC и BK  — сходственные в подобных треугольниках ABC и MBK, следовательно, их коэффициент подобия  Найдём отношение площади треугольника MBK к площади четырёхугольника AKMC:",
        "html": "<div align=\"justify\" width=\"100%\" id=\"sol505473\" class=\"solution\" style=\"clear:both;\" class=\"pbody\"><p class=\"left_margin\"></p><b>Ре­ше­ние<!--rule_info-->. </b><p class=\"left_margin\"><img src=\"/get_file?id=146545\" style=\"float:right;margin:10px;max-width:100%\"> а)  Пусть угол <i>BAC</i>  =  α. Углы <i>BAC</i> и <i>KHB</i> равны как углы с вза­им­но пер­пен­ди­ку­ляр­ны­ми сто­ро­на­ми. Рас­смот­рим четырёхуголь­ник <i>BKHM</i>: в нем ∠<i>BKH</i> + ∠<i>BMH</i>  =  90° + 90°  =  180°, сле­до­ва­тель­но, четырёхуголь­ник <i>BKHM</i> впи­сан в окруж­ность. Зна­чит, углы <i>KHB</i> и <i>KMB</i>  — впи­сан­ные, опи­ра­ю­щи­е­ся на одну и ту же дугу, сле­до­ва­тель­но, они равны. Таким об­ра­зом, ∠<i>BAC</i> = ∠<i>KHB</i> = ∠<i>KMB</i>. Тре­уголь­ни­ки <i>ABC</i> и <i>MBK</i> имеют общий угол <i>B</i>, а ∠<i>BAC</i> = ∠<i>KMB</i>, зна­чит, эти тре­уголь­ни­ки по­доб­ны по двум углам.</p><p class=\"left_margin\">б)  Сумма углов <i>К</i> и <i>М</i> че­ты­рех­уголь­ни­ка <i>BKHM</i> равна 180°, по­это­му он впи­сан в окруж­ность. Пря­мо­уголь­ный тре­уголь­ник <i>BKH</i> впи­сан в эту же окруж­ность, а по­то­му ра­ди­ус <i>R</i> окруж­но­сти равен по­ло­ви­не ги­по­те­ну­зы <i>BH</i>: <i>R</i>  =  1. Тре­уголь­ник <i>MBK</i> также впи­сан в эту окруж­ность. Ко­эф­фи­ци­ент по­до­бия тре­уголь­ни­ков <i>ABC</i> и <i>MBK</i> равен от­но­ше­нию их сход­ствен­ных эле­мен­тов, по­это­му он равен <img src=\"https://ege.sdamgia.ru/formula/svg/30/30c4c52184671b7e9046956b5fa9e333.svg\" class=\"tex\" style=\"vertical-align:-1.8pt\" alt=\"4:1 = 4.\"> Тогда для от­но­ше­ния пло­ща­ди тре­уголь­ни­ка <i>MBK</i> к пло­ща­ди четырёхуголь­ни­ка <i>AKMC</i> по­лу­ча­ем:</p><p class=\"left_margin\"></p><center><p><img src=\"https://ege.sdamgia.ru/formula/svg/b3/b36a57f2bf45a75d61939f01a2434385.svg\" class=\"tex\" style=\"vertical-align:-10.1pt\" alt=\" дробь: чис­ли­тель: S_MBK, зна­ме­на­тель: S_AKMC конец дроби = дробь: чис­ли­тель: S_MBK, зна­ме­на­тель: S_ABC минус S_MBK конец дроби = дробь: чис­ли­тель: S_MBK, зна­ме­на­тель: k в квад­ра­те S_MBK минус S_MBK конец дроби = дробь: чис­ли­тель: 1, зна­ме­на­тель: k в квад­ра­те минус 1 конец дроби = дробь: чис­ли­тель: 1, зна­ме­на­тель: 16 минус 1 конец дроби = дробь: чис­ли­тель: 1, зна­ме­на­тель: 15 конец дроби . \"></p><p class=\"left_margin\"></p></center><p><span style=\"letter-spacing: 2px;\">Ответ:</span> <img src=\"https://ege.sdamgia.ru/formula/svg/be/bee020a86a731dc9ade58e8ae0bd3f1a.svg\" class=\"tex\" style=\"vertical-align:-8.5pt\" alt=\" дробь: чис­ли­тель: 1, зна­ме­на­тель: 15 конец дроби . \"></p><p>&nbsp;</p><p><b>При­ве­дем дру­гое ре­ше­ние пунк­та б).</b></p><p class=\"left_margin\">Из пря­мо­уголь­но­го тре­уголь­ни­ка <i>BKH</i> на­хо­дим, что <img src=\"https://ege.sdamgia.ru/formula/svg/51/51bb764b7b6e6a7df39aac2a4a51517b.svg\" class=\"tex\" style=\"vertical-align:-8.5pt\" alt=\"BH= дробь: чис­ли­тель: BK, зна­ме­на­тель: синус \\angle KHB конец дроби . \"> Для тре­уголь­ни­ка <i>ABC</i> спра­вед­ли­во ра­вен­ство <img src=\"https://ege.sdamgia.ru/formula/svg/ed/eda9e0ab9b65bcfd01ce6a0173865484.svg\" class=\"tex\" style=\"vertical-align:-8.4pt\" alt=\"2R= дробь: чис­ли­тель: BC, зна­ме­на­тель: синус \\angle BAC конец дроби . \"> Учи­ты­вая, что ∠<i>KHB</i> = ∠<i>BAC</i>, по­лу­ча­ем: <img src=\"https://ege.sdamgia.ru/formula/svg/f5/f57abcd547379ebebd1216bfd5067e2f.svg\" class=\"tex\" style=\"vertical-align:-8.3pt\" alt=\" дробь: чис­ли­тель: BC, зна­ме­на­тель: BK конец дроби = дробь: чис­ли­тель: 2R, зна­ме­на­тель: BH конец дроби . \"> Сто­ро­ны <i>BC</i> и <i>BK</i>  — сход­ствен­ные в по­доб­ных тре­уголь­ни­ках <i>ABC</i> и <i>MBK,</i> сле­до­ва­тель­но, их ко­эф­фи­ци­ент по­до­бия <img src=\"https://ege.sdamgia.ru/formula/svg/e9/e95318a79c7f9e5dcbb5b7fbbd7b4755.svg\" class=\"tex\" style=\"vertical-align:-8.3pt\" alt=\"k= дробь: чис­ли­тель: BC, зна­ме­на­тель: BK конец дроби = дробь: чис­ли­тель: 2R, зна­ме­на­тель: BH конец дроби =4. \"> Найдём от­но­ше­ние пло­ща­ди тре­уголь­ни­ка <i>MBK</i> к пло­ща­ди четырёхуголь­ни­ка <i>AKMC</i>:</p><p class=\"left_margin\"></p><center><p><img src=\"https://ege.sdamgia.ru/formula/svg/b3/b36a57f2bf45a75d61939f01a2434385.svg\" class=\"tex\" style=\"vertical-align:-10.1pt\" alt=\" дробь: чис­ли­тель: S_MBK, зна­ме­на­тель: S_AKMC конец дроби = дробь: чис­ли­тель: S_MBK, зна­ме­на­тель: S_ABC минус S_MBK конец дроби = дробь: чис­ли­тель: S_MBK, зна­ме­на­тель: k в квад­ра­те S_MBK минус S_MBK конец дроби = дробь: чис­ли­тель: 1, зна­ме­на­тель: k в квад­ра­те минус 1 конец дроби = дробь: чис­ли­тель: 1, зна­ме­на­тель: 16 минус 1 конец дроби = дробь: чис­ли­тель: 1, зна­ме­на­тель: 15 конец дроби . \"></p><p class=\"left_margin\"></p></center></div>",
        "image_urls": [
            "https://ege.sdamgia.ru/formula/svg/30/30c4c52184671b7e9046956b5fa9e333.svg",
            "https://ege.sdamgia.ru/formula/svg/b3/b36a57f2bf45a75d61939f01a2434385.svg",
            "https://ege.sdamgia.ru/formula/svg/be/bee020a86a731dc9ade58e8ae0bd3f1a.svg",
            "https://ege.sdamgia.ru/formula/svg/51/51bb764b7b6e6a7df39aac2a4a51517b.svg",
            "https://ege.sdamgia.ru/formula/svg/ed/eda9e0ab9b65bcfd01ce6a0173865484.svg",
            "https://ege.sdamgia.ru/formula/svg/f5/f57abcd547379ebebd1216bfd5067e2f.svg",
            "https://ege.sdamgia.ru/formula/svg/e9/e95318a79c7f9e5dcbb5b7fbbd7b4755.svg",
            "https://ege.sdamgia.ru/formula/svg/b3/b36a57f2bf45a75d61939f01a2434385.svg",
            "/get_file?id=146545"
        ]
    },
    "answer": "",
    "topic_id": 17,
    "analog_ids": [
        505473,
        505495,
        509483,
        511409
    ]
}