{
    "gia_type": "ege",
    "subject": "math",
    "id": 505425,
    "condition": {
        "text": "Высоты BB1 и CC1 остроугольного треугольника ABC пересекаются в точке H.а)  Докажите, что ∠AHB1 = ∠ACB.б)  Найдите BC, если AH  =  4 и ∠BAC  =  60°.",
        "html": "<div align=\"justify\" width=\"100%\" id=\"body645293\" class=\"pbody\"><p class=\"left_margin\">Вы­со­ты <i>BB</i><sub>1</sub> и <i>CC</i><sub>1</sub> ост­ро­уголь­но­го тре­уголь­ни­ка <i>ABC</i> пе­ре­се­ка­ют­ся в точке <i>H.</i></p><p class=\"left_margin\">а)  До­ка­жи­те, что ∠<i>AHB</i><sub>1</sub> = ∠<i>ACB</i>.</p><p class=\"left_margin\">б)  Най­ди­те <i>BC</i>, если <i>AH</i>  =  4 и ∠<i>BAC</i>  =  60°.</p></div>",
        "image_urls": []
    },
    "solution": {
        "text": "Решение. а)  В четырёхугольнике AC1HB1 углы C1 и B1  — прямые, следовательно, около этого четырёхугольника можно описать окружность, причём AH  — её диаметр (вписанные прямые углы опираются на диаметр). Вписанные углы AC1B1 и AHB1 опираются на одну дугу, следовательно, ∠AHB1 = ∠AC1B1.Углы BC1C и BB1C  — прямые, значит, точки B, C, B1 и C1 лежат на окружности с диаметром BC. Следовательно, Получаем, что ∠ACB = ∠AHB1.б)  В треугольнике AB1C1 диаметр описанной окружности AH  =  4, откуда В прямоугольном треугольнике BB1A имеем:В прямоугольном треугольнике CC1A имеем:Получаем, что  Треугольники ABC и AB1C1 имеют общий угол A и  следовательно, они подобны. Тогда  Значит,Ответ:  Приведем решение пункта б) Тофига Алиева.В четырёхугольнике AC1HB1 углы C1 и B1  — прямые, следовательно, около этого четырёхугольника можно описать окружность, причём AH  — её диаметр. Эта окружность описана также вокруг треугольника C1AB1, тогда по теореме синусов  откуда Как доказано в основном решении, треугольники C1AB1 и ABC подобны с коэффициентом подобия cos ∠A, тогда  Приведем решение пункта б) Юлии Ерохиной.6)  В треугольнике AB1C1 диаметр описанной окружности AH  =  4, откуда По доказанному в пункте а) четырехугольник B1C1BC вписан в окружность с диаметром BC. В эту же окружность вписан треугольник B1C1B, тогда по теореме синусовНайдем угол C1BB1 из прямоугольного треугольника ABB1:  тогда:  Примечание Дмитрия Гущина.Укажем другое решение.а)  Поскольку AA1  — перпендикуляр к ВС, а BB1  — перпендикуляр к AС (см. рис.), углы AHB1 и ACB равны как острые углы со взаимно перпендикулярными сторонами.б)  Сторона треугольника, величина противолежащего ей угла и отрезок высоты, проведённой из вершины этого угла в точку пересечения высот треугольника, связаны соотношением:  откуда   Примечание.Полезно будет сравнить эту задачу с заданием 519475 из экзаменационного варианта ЕГЭ 2014 года, заданием 519475 из ЕГЭ−2018, заданием 526342 из ЕГЭ−2019, заданием 656585 из ЕГЭ−2024.",
        "html": "<div align=\"justify\" width=\"100%\" id=\"sol505425\" class=\"solution\" style=\"clear:both;\" class=\"pbody\"><p class=\"left_margin\"></p><b>Ре­ше­ние<!--rule_info-->. </b><p class=\"left_margin\"><img src=\"/get_file?id=181314\" style=\"float:right;margin:10px;max-width:100%\">а)  В четырёхуголь­ни­ке <i>AC</i><sub>1</sub><i>HB</i><sub>1</sub> углы <i>C</i><sub>1</sub> и <i>B</i><sub>1</sub>  — пря­мые, сле­до­ва­тель­но, около этого четырёхуголь­ни­ка можно опи­сать окруж­ность, причём <i>AH</i>  — её диа­метр (впи­сан­ные пря­мые углы опи­ра­ют­ся на диа­метр). Впи­сан­ные углы <i>AC</i><sub>1</sub><i>B</i><sub>1</sub> и <i>AHB</i><sub>1</sub> опи­ра­ют­ся на одну дугу, сле­до­ва­тель­но, ∠<i>AHB</i><sub>1</sub> = ∠<i>AC</i><sub>1</sub><i>B</i><sub>1</sub>.</p><p class=\"left_margin\">Углы <i>BC</i><sub>1</sub><i>C</i> и <i>BB</i><sub>1</sub><i>C</i>  — пря­мые, зна­чит, точки <i>B</i>, <i>C</i>, <i>B</i><sub>1</sub> и <i>C</i><sub>1</sub> лежат на окруж­но­сти с диа­мет­ром <i>BC</i>. Сле­до­ва­тель­но,</p><p class=\"left_margin\"></p><center><p><img src=\"https://ege.sdamgia.ru/formula/svg/63/6367d7172ba3d10bd28a1c75c07da365.svg\" class=\"tex\" style=\"vertical-align:-2.6pt\" alt=\"\\angle AC_1B_1=180 гра­ду­сов минус \\angle BC_1B_1=\\angle BCB_1.\"></p><p class=\"left_margin\"></p></center><p> По­лу­ча­ем, что ∠<i>ACB</i> = ∠<i>AHB</i><sub>1</sub>.</p><p class=\"left_margin\">б)  В тре­уголь­ни­ке <i>AB</i><sub>1</sub><i>C</i><sub>1</sub> диа­метр опи­сан­ной окруж­но­сти <i>AH</i>  =  4, от­ку­да </p><p class=\"left_margin\"></p><center><p><img src=\"https://ege.sdamgia.ru/formula/svg/b6/b60cec51519be8f5999af6148d79cb08.svg\" class=\"tex\" style=\"vertical-align:-2.6pt\" alt=\"B_1C_1=AH умно­жить на синус \\angle BAC=AH умно­жить на синус 60 гра­ду­сов=2 ко­рень из 3 .\"></p><p class=\"left_margin\"></p></center><p class=\"left_margin\">В пря­мо­уголь­ном тре­уголь­ни­ке <i>BB</i><sub>1</sub><i>A</i> имеем:</p><p class=\"left_margin\"></p><center><p><img src=\"https://ege.sdamgia.ru/formula/svg/84/846affe09fd19c82f4e800ef2999d6d0.svg\" class=\"tex\" style=\"vertical-align:-8.4pt\" alt=\"AB_1=AB ко­си­нус \\angle BAB_1=AB ко­си­нус 60 гра­ду­сов= дробь: чис­ли­тель: 1, зна­ме­на­тель: 2 конец дроби AB. \"></p><p class=\"left_margin\"></p></center><p class=\"left_margin\">В пря­мо­уголь­ном тре­уголь­ни­ке <i>CC</i><sub>1</sub><i>A</i> имеем:</p><p class=\"left_margin\"></p><center><p><img src=\"https://ege.sdamgia.ru/formula/svg/c3/c38e180a1a0793f171b8aab608b52ce6.svg\" class=\"tex\" style=\"vertical-align:-8.4pt\" alt=\"AC_1=AC ко­си­нус \\angle CAC_1=AC умно­жить на ко­си­нус 60 гра­ду­сов= дробь: чис­ли­тель: 1, зна­ме­на­тель: 2 конец дроби AC. \"></p><p class=\"left_margin\"></p></center><p class=\"left_margin\">По­лу­ча­ем, что <img src=\"https://ege.sdamgia.ru/formula/svg/ad/addab8a7af1edd2d945a3c8ae58a0930.svg\" class=\"tex\" style=\"vertical-align:-10.0pt\" alt=\" дробь: чис­ли­тель: AB, зна­ме­на­тель: AB_1 конец дроби = дробь: чис­ли­тель: AC, зна­ме­на­тель: AC_1 конец дроби . \"> Тре­уголь­ни­ки <i>ABC</i> и <i>AB</i><sub>1</sub><i>C</i><sub>1</sub> имеют общий угол <i>A</i> и <img src=\"https://ege.sdamgia.ru/formula/svg/99/99e9c590cc20e443faff3541ad49330c.svg\" class=\"tex\" style=\"vertical-align:-10.0pt\" alt=\" дробь: чис­ли­тель: AB, зна­ме­на­тель: AB_1 конец дроби = дробь: чис­ли­тель: AC, зна­ме­на­тель: AC_1 конец дроби , \"> сле­до­ва­тель­но, они по­доб­ны. Тогда <img src=\"https://ege.sdamgia.ru/formula/svg/5b/5b6eb33e236bd4ab2be724c122e8777a.svg\" class=\"tex\" style=\"vertical-align:-10.0pt\" alt=\" дробь: чис­ли­тель: BC, зна­ме­на­тель: B_1C_1 конец дроби = дробь: чис­ли­тель: AC, зна­ме­на­тель: AC_1 конец дроби =2. \"> Зна­чит,</p><p class=\"left_margin\"></p><center><p><img src=\"https://ege.sdamgia.ru/formula/svg/70/7027aac8129f1e8be411bb44027a2184.svg\" class=\"tex\" style=\"vertical-align:-2.6pt\" alt=\"BC=2B_1C_1=4 ко­рень из: на­ча­ло ар­гу­мен­та: 3 конец ар­гу­мен­та .\"></p><p class=\"left_margin\"></p></center><p><span style=\"letter-spacing: 2px;\">Ответ:</span> <img src=\"https://ege.sdamgia.ru/formula/svg/1a/1ac224a4aaaa880744d81fe90b690df2.svg\" class=\"tex\" style=\"vertical-align:-1.8pt\" alt=\"4 ко­рень из: на­ча­ло ар­гу­мен­та: 3 конец ар­гу­мен­та .\"></p><p>&nbsp;</p><p><b>При­ве­дем ре­ше­ние пунк­та б) То­фи­га Али­е­ва.</b></p><p class=\"left_margin\">В четырёхуголь­ни­ке <i>AC</i><sub>1</sub><i>HB</i><sub>1</sub> углы <i>C</i><sub>1</sub> и <i>B</i><sub>1</sub>  — пря­мые, сле­до­ва­тель­но, около этого четырёхуголь­ни­ка можно опи­сать окруж­ность, причём <i>AH</i>  — её диа­метр. Эта окруж­ность опи­са­на также во­круг тре­уголь­ни­ка <i>C</i><sub>1</sub><i>AB</i><sub>1</sub>, тогда по тео­ре­ме си­ну­сов <img src=\"https://ege.sdamgia.ru/formula/svg/94/947e1bc1e91d2d51123dd9088b1c9f39.svg\" class=\"tex\" style=\"vertical-align:-8.4pt\" alt=\" дробь: чис­ли­тель: B_1C_1, зна­ме­на­тель: синус \\angle A конец дроби =2R=AH, \"> от­ку­да <img src=\"https://ege.sdamgia.ru/formula/svg/fa/fad312f23b36eba21476e4b668aa8f33.svg\" class=\"tex\" style=\"vertical-align:-8.5pt\" alt=\"B_1C_1=AH синус \\angle A = 4 умно­жить на дробь: чис­ли­тель: ко­рень из: на­ча­ло ар­гу­мен­та: 3 конец ар­гу­мен­та , зна­ме­на­тель: 2 конец дроби =2 ко­рень из: на­ча­ло ар­гу­мен­та: 3 конец ар­гу­мен­та . \"></p><p class=\"left_margin\">Как до­ка­за­но в ос­нов­ном ре­ше­нии, тре­уголь­ни­ки <i>C</i><sub>1</sub><i>AB</i><sub>1</sub> и <i>ABC</i> по­доб­ны с ко­эф­фи­ци­ен­том по­до­бия cos ∠A, тогда </p><p class=\"left_margin\"></p><center><p><img src=\"https://ege.sdamgia.ru/formula/svg/7c/7c4a3d1ae1fce47a391b368fa6e9d3ab.svg\" class=\"tex\" style=\"vertical-align:-13.2pt\" alt=\"BC= дробь: чис­ли­тель: B_1C_1, зна­ме­на­тель: ко­си­нус \\angle A конец дроби = дробь: чис­ли­тель: 2 ко­рень из: на­ча­ло ар­гу­мен­та: 3 конец ар­гу­мен­та , зна­ме­на­тель: дробь: чис­ли­тель: 1, зна­ме­на­тель: 2 конец дроби конец дроби =4 ко­рень из: на­ча­ло ар­гу­мен­та: 3 конец ар­гу­мен­та . \"></p><p class=\"left_margin\"></p></center><p>&nbsp;</p><p><b>При­ве­дем ре­ше­ние пунк­та б) Юлии Еро­хи­ной.</b></p><p><img src=\"/get_file?id=181314\" style=\"float:right;margin:10px;max-width:100%\"></p><p class=\"left_margin\">6)  В тре­уголь­ни­ке <i>AB</i><sub>1</sub><i>C</i><sub>1</sub> диа­метр опи­сан­ной окруж­но­сти <i>AH</i>  =  4, от­ку­да </p><p class=\"left_margin\"></p><center><p><img src=\"https://ege.sdamgia.ru/formula/svg/b6/b60cec51519be8f5999af6148d79cb08.svg\" class=\"tex\" style=\"vertical-align:-2.6pt\" alt=\"B_1C_1=AH умно­жить на синус \\angle BAC=AH умно­жить на синус 60 гра­ду­сов=2 ко­рень из 3 .\"></p><p class=\"left_margin\"></p></center><p class=\"left_margin\">По до­ка­зан­но­му в пунк­те а) че­ты­рех­уголь­ник <i>B</i><sub>1</sub><i>C</i><sub>1</sub><i>BC</i> впи­сан в окруж­ность с диа­мет­ром <i>BC</i>. В эту же окруж­ность впи­сан тре­уголь­ник <i>B</i><sub>1</sub><i>C</i><sub>1</sub><i>B</i>, тогда по тео­ре­ме си­ну­сов</p><p class=\"left_margin\"></p><center><p><img src=\"https://ege.sdamgia.ru/formula/svg/8b/8bb3ffb37bff4bb25c283e3bcc9310a7.svg\" class=\"tex\" style=\"vertical-align:-10.0pt\" alt=\" дробь: чис­ли­тель: B_1C1, зна­ме­на­тель: синус \\angle C_1BB_1 конец дроби =BC. \"></p><p class=\"left_margin\"></p></center><p class=\"left_margin\">Най­дем угол <i>C</i><sub>1</sub><i>B</i><i>B</i><sub>1</sub> из пря­мо­уголь­но­го тре­уголь­ни­ка <i>ABB</i><sub>1</sub>: </p><p class=\"left_margin\"></p><center><p><img src=\"https://ege.sdamgia.ru/formula/svg/18/183c739baac8637244995bb578842260.svg\" class=\"tex\" style=\"vertical-align:-3.0pt\" alt=\"\\angle ABB_1=90 гра­ду­сов минус \\angle BAB_1=90 гра­ду­сов минус 60 гра­ду­сов=30 гра­ду­сов,\"></p><p class=\"left_margin\"></p></center> <p>тогда:</p><p class=\"left_margin\"></p><center><p><img src=\"https://ege.sdamgia.ru/formula/svg/3c/3c5d2ea0bf61a4801eacb7304d084569.svg\" class=\"tex\" style=\"vertical-align:-13.2pt\" alt=\"BC= дробь: чис­ли­тель: B_1C_1, зна­ме­на­тель: синус 30 гра­ду­сов конец дроби = дробь: чис­ли­тель: 2 ко­рень из: на­ча­ло ар­гу­мен­та: 3 конец ар­гу­мен­та , зна­ме­на­тель: дробь: чис­ли­тель: 1, зна­ме­на­тель: 2 конец дроби конец дроби =4 ко­рень из: на­ча­ло ар­гу­мен­та: 3 конец ар­гу­мен­та . \"></p><p class=\"left_margin\"></p></center><p>&nbsp;</p><p><img src=\"/get_file?id=181402\" style=\"float:right;margin:10px;max-width:100%\"> <b>При­ме­ча­ние Дмит­рия Гу­щи­на.</b></p><p class=\"left_margin\">Ука­жем дру­гое ре­ше­ние.</p><p class=\"left_margin\">а)  По­сколь­ку <i>AA</i><sub>1</sub>  — пер­пен­ди­ку­ляр к <i>ВС</i>, а <i>BB</i><sub>1</sub>  — пер­пен­ди­ку­ляр к <i>AС</i> (см. рис.), углы <i>AHB</i><sub>1</sub> и <i>ACB</i> равны как ост­рые углы со вза­им­но пер­пен­ди­ку­ляр­ны­ми сто­ро­на­ми.</p><p class=\"left_margin\">б)  Сто­ро­на тре­уголь­ни­ка, ве­ли­чи­на про­ти­во­ле­жа­ще­го ей угла и от­ре­зок вы­со­ты, про­ведённой из вер­ши­ны этого угла в точку пе­ре­се­че­ния высот тре­уголь­ни­ка, свя­за­ны со­от­но­ше­ни­ем: <img src=\"https://ege.sdamgia.ru/formula/svg/e7/e76d2d61c91f31c554ae58d4e2cfa829.svg\" class=\"tex\" style=\"vertical-align:-3.2pt\" alt=\"BC = AH тан­генс A, \"> от­ку­да  <img src=\"https://ege.sdamgia.ru/formula/svg/30/300ef9cb0468242389ede65adf7be80e.svg\" class=\"tex\" style=\"vertical-align:-3.3pt\" alt=\"BC = 4 тан­генс 60 гра­ду­сов = 4 ко­рень из 3 .\"></p><p>&nbsp;</p><p><b>При­ме­ча­ние.</b></p><p class=\"left_margin\">По­лез­но будет срав­нить эту за­да­чу с за­да­ни­ем <a href=\"https://ege.sdamgia.ru/problem?id=519475\" target=\"_blank\">519475</a> из эк­за­ме­на­ци­он­но­го ва­ри­ан­та ЕГЭ 2014 года, за­да­ни­ем <a href=\"https://ege.sdamgia.ru/problem?id=519475\" target=\"_blank\">519475</a> из ЕГЭ−2018, за­да­ни­ем <a href=\"https://ege.sdamgia.ru/problem?id=526342\" target=\"_blank\">526342</a> из ЕГЭ−2019, за­да­ни­ем <a href=\"https://ege.sdamgia.ru/problem?id=656585\" target=\"_blank\">656585</a> из ЕГЭ−2024.</p></div>",
        "image_urls": [
            "https://ege.sdamgia.ru/formula/svg/63/6367d7172ba3d10bd28a1c75c07da365.svg",
            "https://ege.sdamgia.ru/formula/svg/b6/b60cec51519be8f5999af6148d79cb08.svg",
            "https://ege.sdamgia.ru/formula/svg/84/846affe09fd19c82f4e800ef2999d6d0.svg",
            "https://ege.sdamgia.ru/formula/svg/c3/c38e180a1a0793f171b8aab608b52ce6.svg",
            "https://ege.sdamgia.ru/formula/svg/ad/addab8a7af1edd2d945a3c8ae58a0930.svg",
            "https://ege.sdamgia.ru/formula/svg/99/99e9c590cc20e443faff3541ad49330c.svg",
            "https://ege.sdamgia.ru/formula/svg/5b/5b6eb33e236bd4ab2be724c122e8777a.svg",
            "https://ege.sdamgia.ru/formula/svg/70/7027aac8129f1e8be411bb44027a2184.svg",
            "https://ege.sdamgia.ru/formula/svg/1a/1ac224a4aaaa880744d81fe90b690df2.svg",
            "https://ege.sdamgia.ru/formula/svg/94/947e1bc1e91d2d51123dd9088b1c9f39.svg",
            "https://ege.sdamgia.ru/formula/svg/fa/fad312f23b36eba21476e4b668aa8f33.svg",
            "https://ege.sdamgia.ru/formula/svg/7c/7c4a3d1ae1fce47a391b368fa6e9d3ab.svg",
            "https://ege.sdamgia.ru/formula/svg/b6/b60cec51519be8f5999af6148d79cb08.svg",
            "https://ege.sdamgia.ru/formula/svg/8b/8bb3ffb37bff4bb25c283e3bcc9310a7.svg",
            "https://ege.sdamgia.ru/formula/svg/18/183c739baac8637244995bb578842260.svg",
            "https://ege.sdamgia.ru/formula/svg/3c/3c5d2ea0bf61a4801eacb7304d084569.svg",
            "https://ege.sdamgia.ru/formula/svg/e7/e76d2d61c91f31c554ae58d4e2cfa829.svg",
            "https://ege.sdamgia.ru/formula/svg/30/300ef9cb0468242389ede65adf7be80e.svg",
            "/get_file?id=181314",
            "/get_file?id=181402"
        ]
    },
    "answer": "",
    "topic_id": 17,
    "analog_ids": [
        505425,
        505419,
        505452,
        511406,
        505419,
        505452,
        511406,
        661141
    ]
}