{
    "gia_type": "ege",
    "subject": "math",
    "id": 505536,
    "condition": {
        "text": "Медианы AA1, BB1 и CC1 треугольника ABC пересекаются в точке M. Точки A2, B2 и C2  — середины отрезков MA, MB и MC соответственно.а)  Докажите, что площадь шестиугольника A1B2C1A2B1C2 вдвое меньше площади треугольника ABC.б)  Найдите сумму квадратов всех сторон этого шестиугольника, если известно, что AB  =  4, BC  =  7 и AC  =  8.",
        "html": "<div align=\"justify\" width=\"100%\" id=\"body645180\" class=\"pbody\"><p class=\"left_margin\">Ме­ди­а­ны <i>AA</i><sub>1</sub>, <i>BB</i><sub>1</sub> и <i>CC</i><sub>1</sub> тре­уголь­ни­ка <i>ABC</i> пе­ре­се­ка­ют­ся в точке <i>M</i>. Точки <i>A</i><sub>2</sub>, <i>B</i><sub>2</sub> и <i>C</i><sub>2</sub>  — се­ре­ди­ны от­рез­ков <i>MA</i>, <i>MB</i> и <i>MC</i> со­от­вет­ствен­но.</p><p class=\"left_margin\">а)  До­ка­жи­те, что пло­щадь ше­сти­уголь­ни­ка <i>A</i><sub>1</sub><i>B</i><sub>2</sub><i>C</i><sub>1</sub><i>A</i><sub>2</sub><i>B</i><sub>1</sub><i>C</i><sub>2</sub> вдвое мень­ше пло­ща­ди тре­уголь­ни­ка <i>ABC</i>.</p><p class=\"left_margin\">б)  Най­ди­те сумму квад­ра­тов всех сто­рон этого ше­сти­уголь­ни­ка, если из­вест­но, что <i>AB</i>  =  4, <i>BC</i>  =  7 и <i>AC</i>  =  8.</p></div>",
        "image_urls": []
    },
    "solution": {
        "text": "Решение. а)  Пусть  Из рисунка видно, что площадь шестиугольника  равна сумме площадей   Поскольку треугольник A1B1C1 подобен треугольнику ABC c коэффициентом подобия  его площадь  Пусть K  — точка пересечения медианы AA1 и средней линии B1C1. Медиана и средняя линия делят друг друга пополам, поскольку они являются диагоналями параллелограмма AB1A1C1. Откуда   — медиана треугольника AB1C1. Заметим, что то есть точка A2 делит медиану AK треугольника AB1C1 в отношении 2 : 1. Значит, это точка пересечения медиан треугольника AB1C1. Площадь треугольника B1C1A2 равна трети площади треугольника AB1C1, то есть равна  Аналогично площади треугольников A1C1B2 и A1B1C2 равны  Откуда площадь шестиугольника A1B2C1A2B1C2 равна б)   Пусть длины сторон BC, AC, AB треугольника ABC равны a, b, c. Докажем, что квадрат медианы AA1 равен  Для доказательства на продолжении отрезка AA1 за точку A1 отложим отрезок A1P  =  AA1. Получим параллелограмм ACPB со сторонами AC  =  PB  =  b и AB  =  CP  =  c и диагоналями BC  =  a и AP  =  2AA1. Сумма квадратов диагоналей параллелограмма равна сумме квадратов его сторон:Аналогично  а  Пусть L  — середина отрезка AB1. Поскольку A2  — точка пересечения медиан треугольника AB1C1, она лежит на отрезке C1L и делит его в отношении 2 : 1, считая от точки C1. Значит,  Но треугольники AB1C1 и ABC подобны с коэффициентом 1/2, поэтому  и  Повторяя те же рассуждения для треугольника A1B1C получаем, что отрезок A1C2 равен  Применяя аналогичные рассуждения, получим что стороны шестиугольника втрое меньше медиан треугольника ABC:   Следовательно, сумма квадратов сторон шестиугольника равна:Подставляя числовые значения получаем, что сумма квадратов шести сторон треугольника равна  Ответ: 21,5.",
        "html": "<div align=\"justify\" width=\"100%\" id=\"sol505536\" class=\"solution\" style=\"clear:both;\" class=\"pbody\"><p class=\"left_margin\"></p><b>Ре­ше­ние<!--rule_info-->. </b><p class=\"left_margin\">а)  Пусть <img src=\"https://ege.sdamgia.ru/formula/svg/c1/c18ed23e45436baab366dcf3233cd3ef.svg\" class=\"tex\" style=\"vertical-align:-2.5pt\" alt=\"S_ABC=S.\"> Из ри­сун­ка видно, что пло­щадь ше­сти­уголь­ни­ка <img src=\"https://ege.sdamgia.ru/formula/svg/7f/7f93d9e310bccb1a408d248ae9e4c1b4.svg\" class=\"tex\" style=\"vertical-align:-2.5pt\" alt=\"A_1B_2C_1A_2B_1C_2\"> равна сумме пло­ща­дей  <img src=\"https://ege.sdamgia.ru/formula/svg/07/07273b735032a32ec403f18695981a33.svg\" class=\"tex\" style=\"vertical-align:-3.8pt\" alt=\"S_A_1B_1C_1 плюс S_B_1C_1A_2 плюс S_A_1C_1B_2 плюс S_A_1B_1C_2.\"> По­сколь­ку тре­уголь­ник <i>A</i><sub>1</sub><i>B</i><sub>1</sub><i>C</i><sub>1</sub> по­до­бен тре­уголь­ни­ку <i>ABC</i> c ко­эф­фи­ци­ен­том по­до­бия <img src=\"https://ege.sdamgia.ru/formula/svg/d5/d567e99c9ff3bcf96231fb1b7402164b.svg\" class=\"tex\" style=\"vertical-align:-8.4pt\" alt=\"k= дробь: чис­ли­тель: 1, зна­ме­на­тель: 2 конец дроби \"> его пло­щадь <img src=\"https://ege.sdamgia.ru/formula/svg/48/485b8f66caf183375cec3b194ef10385.svg\" class=\"tex\" style=\"vertical-align:-8.3pt\" alt=\"S_A_1B_1C_1= дробь: чис­ли­тель: S, зна­ме­на­тель: 4 конец дроби . \"> Пусть <i>K</i>  — точка пе­ре­се­че­ния ме­ди­а­ны <i>AA</i><sub>1</sub> и сред­ней линии <i>B</i><sub>1</sub><i>C</i><sub>1</sub>. Ме­ди­а­на и сред­няя линия делят друг друга по­по­лам, по­сколь­ку они яв­ля­ют­ся диа­го­на­ля­ми па­рал­ле­ло­грам­ма <i>AB</i><sub>1</sub><i>A</i><sub>1</sub><i>C</i><sub>1</sub>. От­ку­да <img src=\"https://ege.sdamgia.ru/formula/svg/a4/a4df362d039ac437fd0a8c080dc5fa8f.svg\" class=\"tex\" style=\"vertical-align:-8.4pt\" alt=\"AK= дробь: чис­ли­тель: 1, зна­ме­на­тель: 2 конец дроби AA_1, AK \">  — ме­ди­а­на тре­уголь­ни­ка <i>AB</i><sub>1</sub><i>C</i><sub>1</sub>. За­ме­тим, что </p><p class=\"left_margin\"></p><center><p><img src=\"https://ege.sdamgia.ru/formula/svg/65/6528464eda842350e2699630c623e0b0.svg\" class=\"tex\" style=\"vertical-align:-8.4pt\" alt=\"AA_2:AK= дробь: чис­ли­тель: 1, зна­ме­на­тель: 2 конец дроби AM: дробь: чис­ли­тель: 1, зна­ме­на­тель: 2 конец дроби AA_1=AM:AA_1=2:3, \"></p><p class=\"left_margin\"></p></center><p>то есть точка <i>A</i><sub>2</sub> делит ме­ди­а­ну <i>AK</i> тре­уголь­ни­ка <i>AB</i><sub>1</sub><i>C</i><sub>1</sub> в от­но­ше­нии 2 : 1. Зна­чит, это точка пе­ре­се­че­ния ме­ди­ан тре­уголь­ни­ка <i>AB</i><sub>1</sub><i>C</i><sub>1</sub>. Пло­щадь тре­уголь­ни­ка <i>B</i><sub>1</sub><i>C</i><sub>1</sub><i>A</i><sub>2</sub> равна трети пло­ща­ди тре­уголь­ни­ка <i>AB</i><sub>1</sub><i>C</i><sub>1</sub>, то есть равна <img src=\"https://ege.sdamgia.ru/formula/svg/a7/a75d9c00158ba0d739f4690ad8568e8f.svg\" class=\"tex\" style=\"vertical-align:-8.4pt\" alt=\" дробь: чис­ли­тель: 1, зна­ме­на­тель: 3 конец дроби умно­жить на дробь: чис­ли­тель: 1, зна­ме­на­тель: 4 конец дроби S= дробь: чис­ли­тель: S, зна­ме­на­тель: 12 конец дроби . \"> Ана­ло­гич­но пло­ща­ди тре­уголь­ни­ков <i>A</i><sub>1</sub><i>C</i><sub>1</sub><i>B</i><sub>2</sub> и <i>A</i><sub>1</sub><i>B</i><sub>1</sub><i>C</i><sub>2</sub> равны <img src=\"https://ege.sdamgia.ru/formula/svg/ed/ed913596c9d227853a508324aa66a97f.svg\" class=\"tex\" style=\"vertical-align:-8.3pt\" alt=\" дробь: чис­ли­тель: S, зна­ме­на­тель: 12 конец дроби . \"> От­ку­да пло­щадь ше­сти­уголь­ни­ка <i>A</i><sub>1</sub><i>B</i><sub>2</sub><i>C</i><sub>1</sub><i>A</i><sub>2</sub><i>B</i><sub>1</sub><i>C</i><sub>2</sub> равна <img src=\"https://ege.sdamgia.ru/formula/svg/18/188bcdb0c327954b7bceda0e34a4d473.svg\" class=\"tex\" style=\"vertical-align:-8.3pt\" alt=\" дробь: чис­ли­тель: S, зна­ме­на­тель: 4 конец дроби плюс 3 умно­жить на дробь: чис­ли­тель: S, зна­ме­на­тель: 12 конец дроби = дробь: чис­ли­тель: S, зна­ме­на­тель: 2 конец дроби . \"></p><p><img src=\"/get_file?id=146805\" style=\"margin:10px auto;display:block;max-width:100%\"></p><p class=\"left_margin\">б)  <img src=\"/get_file?id=146804\" style=\"float:right;margin:10px;max-width:100%\"> Пусть длины сто­рон <i>BC</i>, <i>AC</i>, <i>AB</i> тре­уголь­ни­ка <i>ABC</i> равны <i>a</i>, <i>b</i>, <i>c</i>. До­ка­жем, что квад­рат ме­ди­а­ны <i>AA</i><sub>1</sub> равен <img src=\"https://ege.sdamgia.ru/formula/svg/1d/1d4476090d138132af726a9253e9e9e9.svg\" class=\"tex\" style=\"vertical-align:-8.4pt\" alt=\" дробь: чис­ли­тель: 1, зна­ме­на­тель: 4 конец дроби левая круг­лая скоб­ка 2b в квад­ра­те плюс 2c в квад­ра­те минус a в квад­ра­те пра­вая круг­лая скоб­ка . \"> Для до­ка­за­тель­ства на про­дол­же­нии от­рез­ка <i>AA</i><sub>1</sub> за точку <i>A</i><sub>1</sub> от­ло­жим от­ре­зок <i>A</i><sub>1</sub><i>P</i>  =  <i>AA</i><sub>1</sub>. По­лу­чим па­рал­ле­ло­грамм <i>ACPB</i> со сто­ро­на­ми <i>AC</i>  =  <i>PB</i>  =  <i>b</i> и <i>AB</i>  =  <i>CP</i>  =  <i>c</i> и диа­го­на­ля­ми <i>BC</i>  =  <i>a</i> и <i>AP</i>  =  2<i>AA</i><sub>1</sub>. Сумма квад­ра­тов диа­го­на­лей па­рал­ле­ло­грам­ма равна сумме квад­ра­тов его сто­рон:</p><p class=\"left_margin\"></p><center><p><img src=\"https://ege.sdamgia.ru/formula/svg/5a/5a19096531774a18a9b860cb3931bf84.svg\" class=\"tex\" style=\"vertical-align:-8.4pt\" alt=\"2b в квад­ра­те плюс 2c в квад­ра­те =a в квад­ра­те плюс 4AA_1 в квад­ра­те рав­но­силь­но AA_1 в квад­ра­те = дробь: чис­ли­тель: 1, зна­ме­на­тель: 4 конец дроби левая круг­лая скоб­ка 2b в квад­ра­те плюс 2c в квад­ра­те минус a в квад­ра­те пра­вая круг­лая скоб­ка . \"></p><p class=\"left_margin\"></p></center><p class=\"left_margin\">Ана­ло­гич­но <img src=\"https://ege.sdamgia.ru/formula/svg/26/26652984f3d92f5263b9d2e6bd9b2355.svg\" class=\"tex\" style=\"vertical-align:-8.4pt\" alt=\"BB_1 в квад­ра­те = дробь: чис­ли­тель: 1, зна­ме­на­тель: 4 конец дроби левая круг­лая скоб­ка 2a в квад­ра­те плюс 2c в квад­ра­те минус b в квад­ра­те пра­вая круг­лая скоб­ка , \"> а <img src=\"https://ege.sdamgia.ru/formula/svg/06/06b0a73ec704ffd86356331abd218289.svg\" class=\"tex\" style=\"vertical-align:-8.4pt\" alt=\"CC_1 в квад­ра­те = дробь: чис­ли­тель: 1, зна­ме­на­тель: 4 конец дроби левая круг­лая скоб­ка 2a в квад­ра­те плюс 2b в квад­ра­те минус c в квад­ра­те пра­вая круг­лая скоб­ка . \"> Пусть <i>L</i>  — се­ре­ди­на от­рез­ка <i>AB</i><sub>1</sub>. По­сколь­ку <i>A</i><sub>2</sub>  — точка пе­ре­се­че­ния ме­ди­ан тре­уголь­ни­ка <i>AB</i><sub>1</sub><i>C</i><sub>1</sub>, она лежит на от­рез­ке <i>C</i><sub>1</sub><i>L</i> и делит его в от­но­ше­нии 2 : 1, счи­тая от точки <i>C</i><sub>1</sub>. Зна­чит, <img src=\"https://ege.sdamgia.ru/formula/svg/31/31507faa76952e5378fea05519f51583.svg\" class=\"tex\" style=\"vertical-align:-8.5pt\" alt=\"C_1A_2= дробь: чис­ли­тель: 2, зна­ме­на­тель: 3 конец дроби C_1L. \"> Но тре­уголь­ни­ки <i>AB</i><sub>1</sub><i>C</i><sub>1</sub> и <i>ABC</i> по­доб­ны с ко­эф­фи­ци­ен­том 1/2, по­это­му <img src=\"https://ege.sdamgia.ru/formula/svg/0c/0c1cc31e24f4c26ad95d5b10e684815c.svg\" class=\"tex\" style=\"vertical-align:-8.4pt\" alt=\"C_1L= дробь: чис­ли­тель: 1, зна­ме­на­тель: 2 конец дроби BB_1 \"> и <img src=\"https://ege.sdamgia.ru/formula/svg/3b/3bb43a5560a76557cb23d897f0f05e0a.svg\" class=\"tex\" style=\"vertical-align:-8.5pt\" alt=\"C_1A_2= дробь: чис­ли­тель: 1, зна­ме­на­тель: 3 конец дроби BB_1. \"> По­вто­ряя те же рас­суж­де­ния для тре­уголь­ни­ка <i>A</i><sub>1</sub><i>B</i><sub>1</sub><i>C</i> по­лу­ча­ем, что от­ре­зок <i>A</i><sub>1</sub><i>C</i><sub>2</sub> равен <img src=\"https://ege.sdamgia.ru/formula/svg/76/76da9b079164c0c1ab8fb3433dff95a8.svg\" class=\"tex\" style=\"vertical-align:-8.5pt\" alt=\" дробь: чис­ли­тель: 1, зна­ме­на­тель: 3 конец дроби BB_1. \"> При­ме­няя ана­ло­гич­ные рас­суж­де­ния, по­лу­чим что сто­ро­ны ше­сти­уголь­ни­ка втрое мень­ше ме­ди­ан тре­уголь­ни­ка <i>ABC</i>: <img src=\"https://ege.sdamgia.ru/formula/svg/a9/a948aa37a4871e082d161ec487dffcdf.svg\" class=\"tex\" style=\"vertical-align:-8.5pt\" alt=\"B_2C_1=B_1C_2= дробь: чис­ли­тель: 1, зна­ме­на­тель: 3 конец дроби AA_1, \"> <img src=\"https://ege.sdamgia.ru/formula/svg/5a/5ab462dc0b79957c6ec30e18d8162672.svg\" class=\"tex\" style=\"vertical-align:-8.5pt\" alt=\"A_2B_1=A_1B_2= дробь: чис­ли­тель: 1, зна­ме­на­тель: 3 конец дроби CC_1. \"> Сле­до­ва­тель­но, сумма квад­ра­тов сто­рон ше­сти­уголь­ни­ка равна:</p><p class=\"left_margin\"></p><center><p><span data-width=\"640\" data-formulahash=\"29669f894b5d6a1966956eb0624f58c4\" class=\"tex-span\" style=\"\"><img src=\"https://ege.sdamgia.ru/formula/svg/11/1115345cfdcb31ea43cf44d72a65f310.svg\" class=\"tex\" style=\"vertical-align:-8.5pt\" alt=\"2 левая круг­лая скоб­ка B_1C_2 в квад­ра­те плюс A_1C_2 в квад­ра­те плюс A_1B_2 в квад­ра­те пра­вая круг­лая скоб­ка = дробь: чис­ли­тель: 2, зна­ме­на­тель: 9 конец дроби левая круг­лая скоб­ка AA_1 в квад­ра­те плюс BB_1 в квад­ра­те плюс CC_1 в квад­ра­те пра­вая круг­лая скоб­ка = \"><br><img src=\"https://ege.sdamgia.ru/formula/svg/62/620629f79da5509cf9df17c7b6e7e766.svg\" class=\"tex\" style=\"vertical-align:-8.5pt\" alt=\"= дробь: чис­ли­тель: 2, зна­ме­на­тель: 9 конец дроби умно­жить на дробь: чис­ли­тель: 1, зна­ме­на­тель: 4 конец дроби умно­жить на левая круг­лая скоб­ка 2b в квад­ра­те плюс 2c в квад­ра­те минус a в квад­ра­те плюс 2a в квад­ра­те плюс 2c в квад­ра­те минус b в квад­ра­те плюс 2a в квад­ра­те плюс 2b в квад­ра­те минус c в квад­ра­те пра­вая круг­лая скоб­ка = \"></span></p><p><img src=\"https://ege.sdamgia.ru/formula/svg/cc/cc78f86dd5a560367e5b88ffc6f21119.svg\" class=\"tex\" style=\"vertical-align:-8.5pt\" alt=\"= дробь: чис­ли­тель: 1, зна­ме­на­тель: 18 конец дроби умно­жить на 3 левая круг­лая скоб­ка a в квад­ра­те плюс b в квад­ра­те плюс c в квад­ра­те пра­вая круг­лая скоб­ка = дробь: чис­ли­тель: 1, зна­ме­на­тель: 6 конец дроби левая круг­лая скоб­ка a в квад­ра­те плюс b в квад­ра­те плюс c в квад­ра­те пра­вая круг­лая скоб­ка . \"></p><p class=\"left_margin\"></p></center><p class=\"left_margin\">Под­став­ляя чис­ло­вые зна­че­ния по­лу­ча­ем, что сумма квад­ра­тов шести сто­рон тре­уголь­ни­ка равна <img src=\"https://ege.sdamgia.ru/formula/svg/e8/e88e5abd454681c4f9dbcf9c3784557c.svg\" class=\"tex\" style=\"vertical-align:-8.4pt\" alt=\" дробь: чис­ли­тель: 43, зна­ме­на­тель: 2 конец дроби . \"></p><p>&nbsp;</p><p><span style=\"letter-spacing: 2px;\">Ответ:</span> 21,5.</p></div>",
        "image_urls": [
            "https://ege.sdamgia.ru/formula/svg/c1/c18ed23e45436baab366dcf3233cd3ef.svg",
            "https://ege.sdamgia.ru/formula/svg/7f/7f93d9e310bccb1a408d248ae9e4c1b4.svg",
            "https://ege.sdamgia.ru/formula/svg/07/07273b735032a32ec403f18695981a33.svg",
            "https://ege.sdamgia.ru/formula/svg/d5/d567e99c9ff3bcf96231fb1b7402164b.svg",
            "https://ege.sdamgia.ru/formula/svg/48/485b8f66caf183375cec3b194ef10385.svg",
            "https://ege.sdamgia.ru/formula/svg/a4/a4df362d039ac437fd0a8c080dc5fa8f.svg",
            "https://ege.sdamgia.ru/formula/svg/65/6528464eda842350e2699630c623e0b0.svg",
            "https://ege.sdamgia.ru/formula/svg/a7/a75d9c00158ba0d739f4690ad8568e8f.svg",
            "https://ege.sdamgia.ru/formula/svg/ed/ed913596c9d227853a508324aa66a97f.svg",
            "https://ege.sdamgia.ru/formula/svg/18/188bcdb0c327954b7bceda0e34a4d473.svg",
            "https://ege.sdamgia.ru/formula/svg/1d/1d4476090d138132af726a9253e9e9e9.svg",
            "https://ege.sdamgia.ru/formula/svg/5a/5a19096531774a18a9b860cb3931bf84.svg",
            "https://ege.sdamgia.ru/formula/svg/26/26652984f3d92f5263b9d2e6bd9b2355.svg",
            "https://ege.sdamgia.ru/formula/svg/06/06b0a73ec704ffd86356331abd218289.svg",
            "https://ege.sdamgia.ru/formula/svg/31/31507faa76952e5378fea05519f51583.svg",
            "https://ege.sdamgia.ru/formula/svg/0c/0c1cc31e24f4c26ad95d5b10e684815c.svg",
            "https://ege.sdamgia.ru/formula/svg/3b/3bb43a5560a76557cb23d897f0f05e0a.svg",
            "https://ege.sdamgia.ru/formula/svg/76/76da9b079164c0c1ab8fb3433dff95a8.svg",
            "https://ege.sdamgia.ru/formula/svg/a9/a948aa37a4871e082d161ec487dffcdf.svg",
            "https://ege.sdamgia.ru/formula/svg/5a/5ab462dc0b79957c6ec30e18d8162672.svg",
            "https://ege.sdamgia.ru/formula/svg/11/1115345cfdcb31ea43cf44d72a65f310.svg",
            "https://ege.sdamgia.ru/formula/svg/62/620629f79da5509cf9df17c7b6e7e766.svg",
            "https://ege.sdamgia.ru/formula/svg/cc/cc78f86dd5a560367e5b88ffc6f21119.svg",
            "https://ege.sdamgia.ru/formula/svg/e8/e88e5abd454681c4f9dbcf9c3784557c.svg",
            "/get_file?id=146805",
            "/get_file?id=146804"
        ]
    },
    "answer": "21,5.",
    "topic_id": 17,
    "analog_ids": [
        505536,
        507510,
        511416,
        511440,
        507510,
        511416,
        511440,
        515828
    ]
}