{
    "gia_type": "ege",
    "subject": "math",
    "id": 505537,
    "condition": {
        "text": "Медианы AA1, BB1 и CC1 треугольника ABC пересекаются в точке M. Известно, что AC  =  3MB.а)  Докажите, что треугольник ABC прямоугольный.б)  Найдите сумму квадратов медиан AA1 и CC1, если известно, что AC  =  10.",
        "html": "<div align=\"justify\" width=\"100%\" id=\"body645181\" class=\"pbody\"><p class=\"left_margin\">Ме­ди­а­ны <i>AA</i><sub>1</sub>, <i>BB</i><sub>1</sub> и <i>CC</i><sub>1</sub> тре­уголь­ни­ка <i>ABC</i> пе­ре­се­ка­ют­ся в точке <i>M</i>. Из­вест­но, что <i>AC</i>  =  3<i>MB</i>.</p><p class=\"left_margin\">а)  До­ка­жи­те, что тре­уголь­ник <i>ABC</i> пря­мо­уголь­ный.</p><p class=\"left_margin\">б)  Най­ди­те сумму квад­ра­тов ме­ди­ан <i>AA</i><sub>1</sub> и <i>CC</i><sub>1</sub>, если из­вест­но, что <i>AC</i>  =  10.</p></div>",
        "image_urls": []
    },
    "solution": {
        "text": "Решение.  Известно, что медианы делятся точкой пересечения в отношении 2:1, считая от вершины. Значит, Поэтому треугольники AB1B и CB1B равнобедренные, причём ∠B1AB = ∠ABB1 и ∠B1CB = ∠CBB1. Сумма всех этих четырёх углов равна 180°. Тогда ∠ABC = ∠ABB1 + ∠CBB1  =  90°. Следовательно, треугольник ABC  — прямоугольный.б)  Треугольник A1BA прямоугольный. Поэтому Аналогично из прямоугольного треугольника C1BC находим:Тогда Ответ: 125. Приведём другое решение пункта а).Покажем, что медиана, проведенная к стороне AC, равна половине этой стороны. Тогда угол, противолежащий стороне AC, равен 90°,  что и требуется доказать. Действительно, медианы делятся точкой пересечения в отношении 2:1, считая от вершины. Значит,  Приведём еще одно решение пункта а).Треугольник   — равнобедренный,  Отрезок   — высота треугольника  отрезок   — средняя линия треугольника ABC, тогда прямые  и CB параллельны. Значит, прямые BC и AB перпендикулярны по теореме о перпендикулярности прямой, параллельной перпендикуляру. Приведём еще одно решение пункта а).Поскольку  точка   — центр описанной окружности, а AC  — ее диаметр. Тогда угол B прямой как опирающийся на диаметр.",
        "html": "<div align=\"justify\" width=\"100%\" id=\"sol505537\" class=\"solution\" style=\"clear:both;\" class=\"pbody\"><p class=\"left_margin\"></p><b>Ре­ше­ние<!--rule_info-->. </b><p class=\"left_margin\"><img src=\"/get_file?id=145387\" style=\"float:right;margin:10px;max-width:100%\"> Из­вест­но, что ме­ди­а­ны де­лят­ся точ­кой пе­ре­се­че­ния в от­но­ше­нии 2:1, счи­тая от вер­ши­ны. Зна­чит, </p><p class=\"left_margin\"></p><center><p><img src=\"https://ege.sdamgia.ru/formula/svg/34/343de849b69e2e48d47a7fdde8f28cc6.svg\" class=\"tex\" style=\"vertical-align:-8.5pt\" alt=\"BB_1= дробь: чис­ли­тель: 3, зна­ме­на­тель: 2 конец дроби BM= дробь: чис­ли­тель: 3, зна­ме­на­тель: 2 конец дроби умно­жить на дробь: чис­ли­тель: 1, зна­ме­на­тель: 3 конец дроби AC= дробь: чис­ли­тель: 1, зна­ме­на­тель: 2 конец дроби AC. \"></p><p class=\"left_margin\"></p></center><p class=\"left_margin\">По­это­му тре­уголь­ни­ки <i>AB</i><sub>1</sub><i>B</i> и <i>CB</i><sub>1</sub><i>B</i> рав­но­бед­рен­ные, причём ∠<i>B</i><sub>1</sub><i>AB</i> = ∠<i>ABB</i><sub>1</sub> и ∠<i>B</i><sub>1</sub><i>CB</i> = ∠<i>CBB</i><sub>1</sub>. Сумма всех этих четырёх углов равна 180°. Тогда ∠<i>ABC</i> = ∠<i>ABB</i><sub>1</sub> + ∠<i>CBB</i><sub>1</sub>  =  90°. Сле­до­ва­тель­но, тре­уголь­ник <i>ABC</i>  — пря­мо­уголь­ный.</p><p class=\"left_margin\">б)  Тре­уголь­ник <i>A</i><sub>1</sub><i>BA</i> пря­мо­уголь­ный. По­это­му </p><p class=\"left_margin\"></p><center><p><img src=\"https://ege.sdamgia.ru/formula/svg/2d/2dfda33567fb869ab756bc322896726f.svg\" class=\"tex\" style=\"vertical-align:-8.4pt\" alt=\"AA_1 в квад­ра­те =A_1B в квад­ра­те плюс BA в квад­ра­те = дробь: чис­ли­тель: 1, зна­ме­на­тель: 4 конец дроби CB в квад­ра­те плюс BA в квад­ра­те . \"></p><p class=\"left_margin\"></p></center><p class=\"left_margin\">Ана­ло­гич­но из пря­мо­уголь­но­го тре­уголь­ни­ка <i>C</i><sub>1</sub><i>BC</i> на­хо­дим:</p><p class=\"left_margin\"></p><center><p><img src=\"https://ege.sdamgia.ru/formula/svg/89/8965fd6cca28f731059b1486668e4a8e.svg\" class=\"tex\" style=\"vertical-align:-8.4pt\" alt=\"CC_1 в квад­ра­те =C_1B в квад­ра­те плюс BC в квад­ра­те = дробь: чис­ли­тель: 1, зна­ме­на­тель: 4 конец дроби AB в квад­ра­те плюс BC в квад­ра­те . \"></p><p class=\"left_margin\"></p></center><p class=\"left_margin\">Тогда <img src=\"https://ege.sdamgia.ru/formula/svg/16/168364da8a0956619ecabb8859f5e0ea.svg\" class=\"tex\" style=\"vertical-align:-8.4pt\" alt=\"AA_1 в квад­ра­те плюс CC_1 в квад­ра­те = дробь: чис­ли­тель: 5, зна­ме­на­тель: 4 конец дроби AB в квад­ра­те плюс дробь: чис­ли­тель: 5, зна­ме­на­тель: 4 конец дроби BC в квад­ра­те = дробь: чис­ли­тель: 5, зна­ме­на­тель: 4 конец дроби левая круг­лая скоб­ка AB в квад­ра­те плюс BC в квад­ра­те пра­вая круг­лая скоб­ка = дробь: чис­ли­тель: 5, зна­ме­на­тель: 4 конец дроби AC в квад­ра­те =125. \"></p><p class=\"left_margin\"></p><p><span style=\"letter-spacing: 2px;\">Ответ:</span> 125.</p><p>&nbsp;</p><p><b>При­ведём дру­гое ре­ше­ние пунк­та а).</b></p><p class=\"left_margin\">По­ка­жем, что ме­ди­а­на, про­ве­ден­ная к сто­ро­не <i>AC</i>, равна по­ло­ви­не этой сто­ро­ны. Тогда угол, про­ти­во­ле­жа­щий сто­ро­не <i>AC</i>, равен 90°,  что и тре­бу­ет­ся до­ка­зать. Дей­стви­тель­но, ме­ди­а­ны де­лят­ся точ­кой пе­ре­се­че­ния в от­но­ше­нии 2:1, счи­тая от вер­ши­ны. Зна­чит, <img src=\"https://ege.sdamgia.ru/formula/svg/34/343de849b69e2e48d47a7fdde8f28cc6.svg\" class=\"tex\" style=\"vertical-align:-8.5pt\" alt=\"BB_1= дробь: чис­ли­тель: 3, зна­ме­на­тель: 2 конец дроби BM= дробь: чис­ли­тель: 3, зна­ме­на­тель: 2 конец дроби умно­жить на дробь: чис­ли­тель: 1, зна­ме­на­тель: 3 конец дроби AC= дробь: чис­ли­тель: 1, зна­ме­на­тель: 2 конец дроби AC. \"></p><p>&nbsp;</p><p><b>При­ведём еще одно ре­ше­ние пунк­та а).</b></p><p class=\"left_margin\">Тре­уголь­ник <img src=\"https://ege.sdamgia.ru/formula/svg/fc/fc4dda48836d79a79cf92065eafe8aa6.svg\" class=\"tex\" style=\"vertical-align:-2.5pt\" alt=\"AB_1B\">  — рав­но­бед­рен­ный, <img src=\"https://ege.sdamgia.ru/formula/svg/ae/aeb6f68817c603ea8ddfb2eb45cb78c0.svg\" class=\"tex\" style=\"vertical-align:-2.5pt\" alt=\"AB_1=B_1C=B_1B.\"> От­ре­зок <img src=\"https://ege.sdamgia.ru/formula/svg/1e/1e48b5ad66af9d9ff373632074b3af96.svg\" class=\"tex\" style=\"vertical-align:-2.5pt\" alt=\"B_1C_1\">  — вы­со­та тре­уголь­ни­ка <img src=\"https://ege.sdamgia.ru/formula/svg/e1/e1f361d0ff17db084a1f2b145d836c31.svg\" class=\"tex\" style=\"vertical-align:-3.0pt\" alt=\"AB_1B,\"> от­ре­зок <img src=\"https://ege.sdamgia.ru/formula/svg/1e/1e48b5ad66af9d9ff373632074b3af96.svg\" class=\"tex\" style=\"vertical-align:-2.5pt\" alt=\"B_1C_1\">  — сред­няя линия тре­уголь­ни­ка <i>ABC</i>, тогда пря­мые <img src=\"https://ege.sdamgia.ru/formula/svg/c5/c5a22697742b2801be10a1a9a8d05e30.svg\" class=\"tex\" style=\"vertical-align:-2.5pt\" alt=\"B_1B\"> и <i>CB</i> па­рал­лель­ны. Зна­чит, пря­мые <i>BC</i> и <i>AB</i> пер­пен­ди­ку­ляр­ны по тео­ре­ме о пер­пен­ди­ку­ляр­но­сти пря­мой, па­рал­лель­ной пер­пен­ди­ку­ля­ру.</p><p>&nbsp;</p><p><b>При­ведём еще одно ре­ше­ние пунк­та а).</b></p><p class=\"left_margin\">По­сколь­ку <img src=\"https://ege.sdamgia.ru/formula/svg/48/48b3daa7f5a753e91461da9c8889f6cc.svg\" class=\"tex\" style=\"vertical-align:-3.0pt\" alt=\"AB_1=BB_1=CB_1,\"> точка <img src=\"https://ege.sdamgia.ru/formula/svg/26/262e0afc75c8a9fc536a7dce57e6ebe1.svg\" class=\"tex\" style=\"vertical-align:-2.5pt\" alt=\"B_1\">  — центр опи­сан­ной окруж­но­сти, а <i>AC</i>  — ее диа­метр. Тогда угол <i>B</i> пря­мой как опи­ра­ю­щий­ся на диа­метр.</p></div>",
        "image_urls": [
            "https://ege.sdamgia.ru/formula/svg/34/343de849b69e2e48d47a7fdde8f28cc6.svg",
            "https://ege.sdamgia.ru/formula/svg/2d/2dfda33567fb869ab756bc322896726f.svg",
            "https://ege.sdamgia.ru/formula/svg/89/8965fd6cca28f731059b1486668e4a8e.svg",
            "https://ege.sdamgia.ru/formula/svg/16/168364da8a0956619ecabb8859f5e0ea.svg",
            "https://ege.sdamgia.ru/formula/svg/34/343de849b69e2e48d47a7fdde8f28cc6.svg",
            "https://ege.sdamgia.ru/formula/svg/fc/fc4dda48836d79a79cf92065eafe8aa6.svg",
            "https://ege.sdamgia.ru/formula/svg/ae/aeb6f68817c603ea8ddfb2eb45cb78c0.svg",
            "https://ege.sdamgia.ru/formula/svg/1e/1e48b5ad66af9d9ff373632074b3af96.svg",
            "https://ege.sdamgia.ru/formula/svg/e1/e1f361d0ff17db084a1f2b145d836c31.svg",
            "https://ege.sdamgia.ru/formula/svg/1e/1e48b5ad66af9d9ff373632074b3af96.svg",
            "https://ege.sdamgia.ru/formula/svg/c5/c5a22697742b2801be10a1a9a8d05e30.svg",
            "https://ege.sdamgia.ru/formula/svg/48/48b3daa7f5a753e91461da9c8889f6cc.svg",
            "https://ege.sdamgia.ru/formula/svg/26/262e0afc75c8a9fc536a7dce57e6ebe1.svg",
            "/get_file?id=145387"
        ]
    },
    "answer": "125.",
    "topic_id": 17,
    "analog_ids": [
        505537,
        509588,
        509609,
        511579,
        509588,
        509609,
        511579,
        639142,
        639147
    ]
}