{
    "gia_type": "ege",
    "subject": "math",
    "id": 505721,
    "condition": {
        "text": "Все четыре треугольника, заштрихованные на рисунке, равновелики.а)  Докажите, что все три четырехугольника, не заштрихованные на нем, тоже равновелики.б)  Найдите площадь одного четырехугольника, если площадь одного заштрихованного треугольника равна 1.",
        "html": "<div align=\"justify\" width=\"100%\" id=\"body645509\" class=\"pbody\"><p class=\"left_margin\"><img src=\"/get_file?id=82153\" style=\"float:right;margin:10px;max-width:100%\">Все че­ты­ре тре­уголь­ни­ка, за­штри­хо­ван­ные на ри­сун­ке, рав­но­ве­ли­ки.</p><p class=\"left_margin\">а)  До­ка­жи­те, что все три че­ты­рех­уголь­ни­ка, не за­штри­хо­ван­ные на нем, тоже рав­но­ве­ли­ки.</p><p class=\"left_margin\">б)  Най­ди­те пло­щадь од­но­го че­ты­рех­уголь­ни­ка, если пло­щадь од­но­го за­штри­хо­ван­но­го тре­уголь­ни­ка равна 1.</p></div>",
        "image_urls": [
            "/get_file?id=82153"
        ]
    },
    "solution": {
        "text": "Решение. а)  Введем обозначения, как показано на рисунке. Так как  площади треугольников APR и AQR будут равны друг другу. Из этого следует, что APQR  — трапеция. По замечательному свойству трапеции BT делит PQ и AR пополам. Получаем, что  и  откуда  Следовательно,  а значит,  Аналогично  Что и требовалось доказать.б)  Пусть  тогда  Имеем: откуда Ответ: б) ",
        "html": "<div align=\"justify\" width=\"100%\" id=\"sol505721\" class=\"solution\" style=\"clear:both;\" class=\"pbody\"><p class=\"left_margin\"></p><b>Ре­ше­ние<!--rule_info-->. </b><p class=\"left_margin\"><img src=\"/get_file?id=115199\" style=\"float:right;margin:10px;max-width:100%\">а)  Вве­дем обо­зна­че­ния, как по­ка­за­но на ри­сун­ке. Так как <img src=\"https://ege.sdamgia.ru/formula/svg/c9/c9acf4bfcc53cec3ff61abb4d32b668e.svg\" class=\"tex\" style=\"vertical-align:-4.0pt\" alt=\"S_APT=S_TQR,\"> пло­ща­ди тре­уголь­ни­ков <i>APR</i> и <i>AQR</i> будут равны друг другу. Из этого сле­ду­ет, что <i>APQR</i>  — тра­пе­ция. По за­ме­ча­тель­но­му свой­ству тра­пе­ции <i>BT</i> делит <i>PQ</i> и <i>AR</i> по­по­лам. По­лу­ча­ем, что <img src=\"https://ege.sdamgia.ru/formula/svg/13/139e9822d3ebaf8d58d174fd9ea632df.svg\" class=\"tex\" style=\"vertical-align:-2.5pt\" alt=\"S_ABT=S_BTR\"> и <img src=\"https://ege.sdamgia.ru/formula/svg/13/1322d4cfa46a630de9984d3ae4738a22.svg\" class=\"tex\" style=\"vertical-align:-3.0pt\" alt=\"S_ABT=S_BTN,\"> от­ку­да <img src=\"https://ege.sdamgia.ru/formula/svg/2f/2f3abf0925afcde517d8d6869a69063e.svg\" class=\"tex\" style=\"vertical-align:-1.8pt\" alt=\"AT=TN.\"> Сле­до­ва­тель­но, <img src=\"https://ege.sdamgia.ru/formula/svg/40/4018511d0f4c2cde76905c638853ccc6.svg\" class=\"tex\" style=\"vertical-align:-3.0pt\" alt=\"S_ATC=S_CTN,\"> а зна­чит, <img src=\"https://ege.sdamgia.ru/formula/svg/d4/d46e7aff435996bfb1eefbd231ef6d1f.svg\" class=\"tex\" style=\"vertical-align:-4.0pt\" alt=\"S_ATRL=S_CRQN.\"> Ана­ло­гич­но <img src=\"https://ege.sdamgia.ru/formula/svg/b4/b4da88056ab9486beb2df45b33a30b60.svg\" class=\"tex\" style=\"vertical-align:-4.0pt\" alt=\"S_PBQT=S_ATRL.\"> Что и тре­бо­ва­лось до­ка­зать.</p><p class=\"left_margin\">б)  Пусть <img src=\"https://ege.sdamgia.ru/formula/svg/dd/dd96c0180309f8a8775996d06b304089.svg\" class=\"tex\" style=\"vertical-align:-4.0pt\" alt=\"S_BPTQ=S,\"> тогда <img src=\"https://ege.sdamgia.ru/formula/svg/63/63842b2497923ed6164249405cf30b61.svg\" class=\"tex\" style=\"vertical-align:-8.3pt\" alt=\"S_BPT=S_BQT= дробь: чис­ли­тель: S, зна­ме­на­тель: 2 конец дроби . \"> Имеем:</p><p class=\"left_margin\"></p><center><p><img src=\"https://ege.sdamgia.ru/formula/svg/c1/c1021ffd4bc35abb250d7891d2764302.svg\" class=\"tex\" style=\"vertical-align:-16.5pt\" alt=\" дробь: чис­ли­тель: дробь: чис­ли­тель: s, зна­ме­на­тель: 2 конец дроби , зна­ме­на­тель: дробь: чис­ли­тель: 3s, зна­ме­на­тель: 2 конец дроби плюс 2 конец дроби = дробь: чис­ли­тель: PT, зна­ме­на­тель: TC конец дроби = дробь: чис­ли­тель: 1, зна­ме­на­тель: s плюс 1 конец дроби }, \"></p><p class=\"left_margin\"></p></center> от­ку­да<p class=\"left_margin\"></p><center><p><img src=\"https://ege.sdamgia.ru/formula/svg/1a/1aab791f8d90c79290a02ebb72457174.svg\" class=\"tex\" style=\"vertical-align:-3.6pt\" alt=\"s левая круг­лая скоб­ка s плюс 1 пра­вая круг­лая скоб­ка =3s плюс 4 рав­но­силь­но s в квад­ра­те минус 2s минус 4=0 рав­но­силь­но s= ко­рень из: на­ча­ло ар­гу­мен­та: 5 конец ар­гу­мен­та плюс 1.\"></p><p class=\"left_margin\"></p></center><p> <span style=\"letter-spacing: 2px;\">Ответ:</span> б) <img src=\"https://ege.sdamgia.ru/formula/svg/e8/e8bf3082bb03d3368e0eaacfb14d7247.svg\" class=\"tex\" style=\"vertical-align:-1.8pt\" alt=\" ко­рень из 5 плюс 1.\"></p></div>",
        "image_urls": [
            "https://ege.sdamgia.ru/formula/svg/c9/c9acf4bfcc53cec3ff61abb4d32b668e.svg",
            "https://ege.sdamgia.ru/formula/svg/13/139e9822d3ebaf8d58d174fd9ea632df.svg",
            "https://ege.sdamgia.ru/formula/svg/13/1322d4cfa46a630de9984d3ae4738a22.svg",
            "https://ege.sdamgia.ru/formula/svg/2f/2f3abf0925afcde517d8d6869a69063e.svg",
            "https://ege.sdamgia.ru/formula/svg/40/4018511d0f4c2cde76905c638853ccc6.svg",
            "https://ege.sdamgia.ru/formula/svg/d4/d46e7aff435996bfb1eefbd231ef6d1f.svg",
            "https://ege.sdamgia.ru/formula/svg/b4/b4da88056ab9486beb2df45b33a30b60.svg",
            "https://ege.sdamgia.ru/formula/svg/dd/dd96c0180309f8a8775996d06b304089.svg",
            "https://ege.sdamgia.ru/formula/svg/63/63842b2497923ed6164249405cf30b61.svg",
            "https://ege.sdamgia.ru/formula/svg/c1/c1021ffd4bc35abb250d7891d2764302.svg",
            "https://ege.sdamgia.ru/formula/svg/1a/1aab791f8d90c79290a02ebb72457174.svg",
            "https://ege.sdamgia.ru/formula/svg/e8/e8bf3082bb03d3368e0eaacfb14d7247.svg",
            "/get_file?id=115199"
        ]
    },
    "answer": "б)",
    "topic_id": 17,
    "analog_ids": []
}