{
    "gia_type": "ege",
    "subject": "math",
    "id": 513235,
    "condition": {
        "text": "Прямая, параллельная гипотенузе AB прямоугольного треугольника ABC, пересекает катет АС в точке D, катет BC  — в точке E, причем DE  =  2 и BE  =  1. На гипотенузе взята точка F так, что BF  =  1, величина угла FCB равна 30°. а)  Докажите, что треугольник BFE равносторонний.б)  Найдите площадь треугольника ABC.",
        "html": "<div align=\"justify\" width=\"100%\" id=\"body637487\" class=\"pbody\"><p class=\"left_margin\">Пря­мая, па­рал­лель­ная ги­по­те­ну­зе <i>AB</i> пря­мо­уголь­но­го тре­уголь­ни­ка <i>ABC</i>, пе­ре­се­ка­ет катет <i>АС</i> в точке <i>D</i>, катет <i>BC</i>  — в точке <i>E</i>, при­чем <i>DE</i>  =  2 и <i>BE</i>  =  1. На ги­по­те­ну­зе взята точка <i>F</i> так, что <i>BF</i>  =  1, ве­ли­чи­на угла <i>FCB</i> равна 30°. </p><p class=\"left_margin\">а)  До­ка­жи­те, что тре­уголь­ник <i>BFE</i> рав­но­сто­рон­ний.</p><p class=\"left_margin\">б)  Най­ди­те пло­щадь тре­уголь­ни­ка <i>ABC</i>.</p></div>",
        "image_urls": []
    },
    "solution": {
        "text": "Решение. а)  Пусть точка M  — середина отрезка DE. Тогда отрезки ME и FB равны и параллельны, следовательно, четырехугольник MEBF  — параллелограмм, поэтому  откуда  а значит,  Следовательно, четырехугольник DCEF вписан в окружность, а тогда  Прямые DE и AB параллельны, поэтому  Треугольник BFE равнобедренный с углом 60°, следовательно, он равносторонний. Что требовалось доказать.б)  Заметим, что  откуда  и  следовательно,Ответ: б)  Приведем решение Валерия Григорьева.а)  Продолжим отрезки DF и BC до пересечения в точке К. В треугольнике DEK отрезок BF  — средняя линия, так как он параллелен основанию DE и равен его половине. Тогда EK  =  2, значит, треугольник DEK  — равнобедренный, а точка F  — середина DK, откуда DF  =  FK. Следовательно, CF  — медиана в прямоугольном треугольнике CDK, и потому CF  =  FK.Таким образом, треугольник CFK  — равнобедренный, углы при его основании равны 30°. В треугольнике DEK имеем:  и  а смежный с ним угол CED равен 60°. Это угол, в свою очередь, является соответственным с углом ABC при параллельных DE и AB и секущей BE. Таким образом, треугольник EFB  — равнобедренный с углом 60°, то есть равносторонний.б)  В прямоугольном треугольнике CDE имеем:  и  откуда  Гипотенуза AB вдвое больше средней линии DE, то есть AB  =  4. По теореме Пифагора в треугольнике ABC получаем  Площадь треугольника равна",
        "html": "<div align=\"justify\" width=\"100%\" id=\"sol513235\" class=\"solution\" style=\"clear:both;\" class=\"pbody\"><p class=\"left_margin\"></p><b>Ре­ше­ние<!--rule_info-->. </b><p class=\"left_margin\"><img src=\"/get_file?id=115338\" style=\"float:right;margin:10px;width:24%;max-width:100%\">а)  Пусть точка <i>M</i>  — се­ре­ди­на от­рез­ка <i>DE</i>. Тогда от­рез­ки <i>ME</i> и <i>FB</i> равны и па­рал­лель­ны, сле­до­ва­тель­но, че­ты­рех­уголь­ник <i>MEBF</i>  — па­рал­ле­ло­грамм, по­это­му <img src=\"https://ege.sdamgia.ru/formula/svg/05/05fdc88c2e4f2bece2598c68dc3a06fa.svg\" class=\"tex\" style=\"vertical-align:-3.0pt\" alt=\"MF=EB=1,\"> от­ку­да <img src=\"https://ege.sdamgia.ru/formula/svg/95/95cc9bc8c1e9a2126b9d2a3f452d751e.svg\" class=\"tex\" style=\"vertical-align:-8.4pt\" alt=\"FM= дробь: чис­ли­тель: 1, зна­ме­на­тель: 2 конец дроби DE,\"> а зна­чит, <img src=\"https://ege.sdamgia.ru/formula/svg/83/83ca1dede88b3980c3609bbbcd5d7870.svg\" class=\"tex\" style=\"vertical-align:-1.8pt\" alt=\"\\angle DFE=90 гра­ду­сов.\"> Сле­до­ва­тель­но, че­ты­рех­уголь­ник <i>DCEF</i> впи­сан в окруж­ность, а тогда <img src=\"https://ege.sdamgia.ru/formula/svg/17/1728f86697364ca162342fbb64ea529f.svg\" class=\"tex\" style=\"vertical-align:-1.8pt\" alt=\"\\angle DEF=\\angle DCF=90 гра­ду­сов минус 30 гра­ду­сов =60 гра­ду­сов.\"> Пря­мые <i>DE</i> и <i>AB</i> па­рал­лель­ны, по­это­му <img src=\"https://ege.sdamgia.ru/formula/svg/49/49371a9bbcce6858b046ec4528d28344.svg\" class=\"tex\" style=\"vertical-align:-1.8pt\" alt=\"\\angle EFB=\\angle DEF.\"> Тре­уголь­ник <i>BFE</i> рав­но­бед­рен­ный с углом 60°, сле­до­ва­тель­но, он рав­но­сто­рон­ний. Что тре­бо­ва­лось до­ка­зать.</p><p class=\"left_margin\">б)  За­ме­тим, что </p><p class=\"left_margin\"></p><center><p><img src=\"https://ege.sdamgia.ru/formula/svg/e7/e776a05de8907df58fdc0d6b30e051d6.svg\" class=\"tex\" style=\"vertical-align:-3.0pt\" alt=\"\\angle CFB=180 гра­ду­сов минус \\angle FCB минус \\angle CBF=90 гра­ду­сов , \"></p><p class=\"left_margin\"></p></center><p> от­ку­да <img src=\"https://ege.sdamgia.ru/formula/svg/37/37d3b1e5cf4a652526e58acc86582aad.svg\" class=\"tex\" style=\"vertical-align:-3.3pt\" alt=\"CF=BF умно­жить на тан­генс 60 гра­ду­сов = ко­рень из 3 \"> и <img src=\"https://ege.sdamgia.ru/formula/svg/26/262e02395063f78a386e2fb73697fc8d.svg\" class=\"tex\" style=\"vertical-align:-3.3pt\" alt=\"AF=CF умно­жить на тан­генс 60 гра­ду­сов =3,\"> сле­до­ва­тель­но,</p><p class=\"left_margin\"></p><center><p><img src=\"https://ege.sdamgia.ru/formula/svg/ac/ac533bc94e7c311aad616d0bf2663a15.svg\" class=\"tex\" style=\"vertical-align:-8.4pt\" alt=\"S_ABC= дробь: чис­ли­тель: 1, зна­ме­на­тель: 2 конец дроби умно­жить на CF умно­жить на AB = дробь: чис­ли­тель: 1, зна­ме­на­тель: 2 конец дроби умно­жить на ко­рень из: на­ча­ло ар­гу­мен­та: 3 конец ар­гу­мен­та левая круг­лая скоб­ка 3 плюс 1 пра­вая круг­лая скоб­ка =2 ко­рень из: на­ча­ло ар­гу­мен­та: 3 конец ар­гу­мен­та . \"></p><p class=\"left_margin\"></p></center><p><span style=\"letter-spacing: 2px;\">Ответ:</span> <nobr>б) <img src=\"https://ege.sdamgia.ru/formula/svg/ef/ef061bdb42d43afedf88dc85b16d9140.svg\" class=\"tex\" style=\"vertical-align:-1.8pt\" alt=\"2 ко­рень из 3 .\"></nobr></p><p>&nbsp;</p><p><img src=\"/get_file?id=195717\" style=\"float:right;margin:10px;max-width:100%\"></p><p class=\"left_margin\"><b>При­ве­дем ре­ше­ние Ва­ле­рия Гри­го­рье­ва</b>.</p><p class=\"left_margin\">а)  Про­дол­жим от­рез­ки <i>DF</i> и <i>BC</i> до пе­ре­се­че­ния в точке <i>К</i>. В тре­уголь­ни­ке <i>DEK</i> от­ре­зок <i>BF</i>  — сред­няя линия, так как он па­рал­ле­лен ос­но­ва­нию <i>DE</i> и равен его по­ло­ви­не. Тогда <i>EK</i>  =  2, зна­чит, тре­уголь­ник <i>DEK</i>  — рав­но­бед­рен­ный, а точка <i>F</i>  — се­ре­ди­на <i>DK</i>, от­ку­да <i>DF</i>  =  <i>FK</i>. Сле­до­ва­тель­но, <i>CF</i>  — ме­ди­а­на в пря­мо­уголь­ном тре­уголь­ни­ке <i>CDK</i>, и по­то­му <i>CF</i>  =  <i>FK</i>.</p><p class=\"left_margin\">Таким об­ра­зом, тре­уголь­ник <i>CFK</i>  — рав­но­бед­рен­ный, углы при его ос­но­ва­нии равны 30°. В тре­уголь­ни­ке <i>DEK</i> имеем: <img src=\"https://ege.sdamgia.ru/formula/svg/8b/8b638bd2ae4d1f33b27422f7f9dcbdc4.svg\" class=\"tex\" style=\"vertical-align:-1.8pt\" alt=\" \\angle EDK = \\angle EKD = 30 гра­ду­сов\"> и <img src=\"https://ege.sdamgia.ru/formula/svg/ca/ca2178f15fd0187354a1ff6d0a68bb35.svg\" class=\"tex\" style=\"vertical-align:-3.0pt\" alt=\" \\angle DEK = 120 гра­ду­сов,\"> а смеж­ный с ним угол <i>CED</i> равен 60°. Это угол, в свою оче­редь, яв­ля­ет­ся со­от­вет­ствен­ным с углом <i>ABC</i> при па­рал­лель­ных <i>DE</i> и <i>AB</i> и се­ку­щей <i>BE</i>. Таким об­ра­зом, тре­уголь­ник <i>EFB</i>  — рав­но­бед­рен­ный с углом 60°, то есть рав­но­сто­рон­ний.</p><p class=\"left_margin\">б)  В пря­мо­уголь­ном тре­уголь­ни­ке <i>CDE</i> имеем: <img src=\"https://ege.sdamgia.ru/formula/svg/8b/8b6d8791d5bbd454ba11d91be0092c18.svg\" class=\"tex\" style=\"vertical-align:-1.8pt\" alt=\" \\angle CDE = 30 гра­ду­сов\"> и <img src=\"https://ege.sdamgia.ru/formula/svg/4c/4ca7367d89f7f618b8395ca61e67fcf0.svg\" class=\"tex\" style=\"vertical-align:-8.4pt\" alt=\" CE = дробь: чис­ли­тель: 1, зна­ме­на­тель: 2 конец дроби DE = 1,\"> от­ку­да <img src=\"https://ege.sdamgia.ru/formula/svg/80/8000673abbf03617891e8dce79ebcb27.svg\" class=\"tex\" style=\"vertical-align:-1.8pt\" alt=\" BC = CE плюс EB = 1 плюс 1 = 2.\"> Ги­по­те­ну­за <i>AB</i> вдвое боль­ше сред­ней линии <i>DE</i>, то есть <i>AB</i>  =  4. По тео­ре­ме Пи­фа­го­ра в тре­уголь­ни­ке <i>ABC</i> по­лу­ча­ем <img src=\"https://ege.sdamgia.ru/formula/svg/e4/e4e89429a5e971b768bef9e33e35777c.svg\" class=\"tex\" style=\"vertical-align:-2.1pt\" alt=\" AC = ко­рень из: на­ча­ло ар­гу­мен­та: 16 минус 4 конец ар­гу­мен­та = 2 ко­рень из: на­ча­ло ар­гу­мен­та: 3 конец ар­гу­мен­та .\"> Пло­щадь тре­уголь­ни­ка равна</p><p class=\"left_margin\"></p><center><p><img src=\"https://ege.sdamgia.ru/formula/svg/14/14d593164f66473b6f9431bc25407323.svg\" class=\"tex\" style=\"vertical-align:-8.4pt\" alt=\" S = дробь: чис­ли­тель: 1, зна­ме­на­тель: 2 конец дроби умно­жить на AC умно­жить на CB = дробь: чис­ли­тель: 1, зна­ме­на­тель: 2 конец дроби умно­жить на 2 ко­рень из: на­ча­ло ар­гу­мен­та: 3 конец ар­гу­мен­та умно­жить на 2 = 2 ко­рень из: на­ча­ло ар­гу­мен­та: 3 конец ар­гу­мен­та .\"></p><p class=\"left_margin\"></p></center></div>",
        "image_urls": [
            "https://ege.sdamgia.ru/formula/svg/05/05fdc88c2e4f2bece2598c68dc3a06fa.svg",
            "https://ege.sdamgia.ru/formula/svg/95/95cc9bc8c1e9a2126b9d2a3f452d751e.svg",
            "https://ege.sdamgia.ru/formula/svg/83/83ca1dede88b3980c3609bbbcd5d7870.svg",
            "https://ege.sdamgia.ru/formula/svg/17/1728f86697364ca162342fbb64ea529f.svg",
            "https://ege.sdamgia.ru/formula/svg/49/49371a9bbcce6858b046ec4528d28344.svg",
            "https://ege.sdamgia.ru/formula/svg/e7/e776a05de8907df58fdc0d6b30e051d6.svg",
            "https://ege.sdamgia.ru/formula/svg/37/37d3b1e5cf4a652526e58acc86582aad.svg",
            "https://ege.sdamgia.ru/formula/svg/26/262e02395063f78a386e2fb73697fc8d.svg",
            "https://ege.sdamgia.ru/formula/svg/ac/ac533bc94e7c311aad616d0bf2663a15.svg",
            "https://ege.sdamgia.ru/formula/svg/ef/ef061bdb42d43afedf88dc85b16d9140.svg",
            "https://ege.sdamgia.ru/formula/svg/8b/8b638bd2ae4d1f33b27422f7f9dcbdc4.svg",
            "https://ege.sdamgia.ru/formula/svg/ca/ca2178f15fd0187354a1ff6d0a68bb35.svg",
            "https://ege.sdamgia.ru/formula/svg/8b/8b6d8791d5bbd454ba11d91be0092c18.svg",
            "https://ege.sdamgia.ru/formula/svg/4c/4ca7367d89f7f618b8395ca61e67fcf0.svg",
            "https://ege.sdamgia.ru/formula/svg/80/8000673abbf03617891e8dce79ebcb27.svg",
            "https://ege.sdamgia.ru/formula/svg/e4/e4e89429a5e971b768bef9e33e35777c.svg",
            "https://ege.sdamgia.ru/formula/svg/14/14d593164f66473b6f9431bc25407323.svg",
            "/get_file?id=115338",
            "/get_file?id=195717"
        ]
    },
    "answer": "б)",
    "topic_id": 17,
    "analog_ids": []
}