{
    "gia_type": "ege",
    "subject": "math",
    "id": 514449,
    "condition": {
        "text": "В остроугольном треугольнике АВС проведены высоты АК и СМ. На них из точек М и К опущены перпендикуляры МЕ и КН соответственно. а)  Докажите, что прямые ЕН и АС параллельны;б)  Найдите отношение ЕН : АС, если угол АВС равен 30°.",
        "html": "<div align=\"justify\" width=\"100%\" id=\"body636781\" class=\"pbody\"><p class=\"left_margin\">В ост­ро­уголь­ном тре­уголь­ни­ке <i>АВС</i> про­ве­де­ны вы­со­ты <i>АК</i> и <i>СМ</i>. На них из точек <i>М</i> и <i>К</i> опу­ще­ны пер­пен­ди­ку­ля­ры <i>МЕ</i> и <i>КН</i> со­от­вет­ствен­но. </p><p class=\"left_margin\">а)  До­ка­жи­те, что пря­мые <i>ЕН</i> и <i>АС</i> па­рал­лель­ны;</p><p class=\"left_margin\">б)  Най­ди­те от­но­ше­ние <i>ЕН</i> : <i>АС</i>, если угол <i>АВС</i> равен 30°.</p></div>",
        "image_urls": []
    },
    "solution": {
        "text": "Решение. Заметим, что отрезок AC виден из точек K и M под углом 90°, поэтому точки М, К, С и А лежат на одной окружности, диаметром которой является отрезок АС. Аналогично, точки M, K, H, E лежат на окружности, диаметром которой является MK.Пусть  Тогда  так как они опираются на одну дугу KC в окружности, описанной вокруг четырёхугольника AMKC. Кроме того,  так как они опираются на одну дугу KH в окружности, описанной вокруг четырёхугольника MKHE. Так как  прямые EH и АС параллельны, поскольку это соответственные углы при пересечении EH и AC секущей OA. Это и требовалось доказать.б)  Используем подобие треугольников. Треугольники MBK и CBA подобны с коэффициентом подобия  Треугольники OEH и OMK также подобны с тем же коэффициентом подобия. Кроме того, подобны треугольники OMK и AOC, поэтому подобны треугольники OEH и OAC, причем коэффициент подобия равен  Тогда  Тем самым искомое отношение длин сторон равно 3:4. Приведем другое решение пункта б).Пусть КС  =  2x, тогда из треугольника KHC находим HC  =  X, из ΔOKC: ∠KOC  =  30°, тогда OC  =  4x, откуда В силу подобия ΔOEH и ΔОАС получаем: Приведем решение Александра Шевкина (Москва).а)  Построим вспомогательную окружность с диаметром MK. Она пройдёт через точки E и H, так как Построим вспомогательную окружность с диаметром AC. Она пройдёт через точки M и K, т. к. По свойству вписанных углов  а  значит,  А это соответственные углы при прямых  ЕН и АС и секущей AE. Из равенства этих углов следует параллельность прямых ЕН и АС, что и требовалось доказать.б)  Прямая MK, проходящая через основания высот треугольника ABC, отсекает треугольник KMB, подобный треугольнику ABC. Коэффициент подобия равен Рассмотрим треугольники MOK и  EOH. Они подобны по двум углам:  (свойство вписанных углов),  (вертикальные). Коэффициент подобия равен Умножив полученные равенства  и найдём отношение  оно равно  Ответ:  Приведем решение Софии Николенко (Москва).а)  Пусть высоты АК и СМ пересекаются в точке О. Рассмотрим треугольник AMO. В нем  ME является высотой, проведенной к гипотенузе, поэтому треугольники AME и OME подобны, а углы MAE и OME равны. Пусть эти углы равны  α, тогда ∠MOE  =  90° − α. Углы KOH и MOE равны 90° − α, тогда угол OKH равен α. Углы EMO и OKH равны так как опираются на одну дугу EH, таким образом, четырехугольник EMKH можно вписать в окружность. Четырехугольник AMKC также можно вписать в окружность с диаметром AC. Углы KAC и KMC равны, углы KEH и KMC тоже равны, поэтому угол KEH равен углу KAC.  Углы KEH и KAC являются соответственными при пересечении прямых EH и AC секущей AO. Таким образом, прямые EH и AC параллельны. б)  Рассмотрим треугольник AMO, пусть ME  =  x, тогда  Отсюда  Рассмотрим треугольник AME, в нем: Треугольники AOC и EOH подобны по двум углам. Значит,  откуда  Приведем решение пункта а) Дениса Чернышева (Тюмень).а) Докажем параллельность, используя теорему, обратную теореме о пропорциональных отрезках для сторон OA и OC в треугольнике AOC. Для этой цели установим подобие иных треугольников, имеющих с AOC общие стороны (части сторон).По признаку параллельности, две прямые, перпендикулярные третьей, параллельны друг другу. Значит, прямая MB параллельна прямой KH. При этих параллельных равны соответственные углы:  Аналогично прямая KB параллельна прямой EM, а потому  Следовательно, прямоугольные треугольники CKH и EMA подобны по двум углам, а значит, Прямоугольные треугольники MOE и KOH также подобны, поскольку их острые углы MOE и KOH равны как вертикальные. В силу подобия стороны этих треугольников пропорциональны: Из двух полученных равенств следует третье:   Итак, в треугольнике AOC прямые AC и EH делят общий угол AOC, начиная от вершины, на пропорциональные отрезки. Следовательно, по теореме, обратной теореме о пропорциональных отрезках, эти прямые параллельны, что и требовалось доказать.",
        "html": "<div align=\"justify\" width=\"100%\" id=\"sol514449\" class=\"solution\" style=\"clear:both;\" class=\"pbody\"><p class=\"left_margin\"></p><b>Ре­ше­ние<!--rule_info-->. </b><p class=\"left_margin\"><img src=\"/get_file?id=181313\" style=\"float:right;margin:10px;max-width:100%\">За­ме­тим, что от­ре­зок <i>AC</i> виден из точек <i>K</i> и <i>M</i> под углом 90°, по­это­му точки <i>М</i>, <i>К</i>, <i>С</i> и <i>А</i> лежат на одной окруж­но­сти, диа­мет­ром ко­то­рой яв­ля­ет­ся от­ре­зок <i>АС</i>. Ана­ло­гич­но, точки <i>M</i>, <i>K</i>, <i>H</i>, <i>E</i> лежат на окруж­но­сти, диа­мет­ром ко­то­рой яв­ля­ет­ся <i>MK</i>.</p><p class=\"left_margin\">Пусть <img src=\"https://ege.sdamgia.ru/formula/svg/c7/c7658b09d8703376a0a5a709496e060c.svg\" class=\"tex\" style=\"vertical-align:-1.8pt\" alt=\"\\angle KAC = альфа .\"> Тогда <img src=\"https://ege.sdamgia.ru/formula/svg/c7/c778b054e62f2ae84a7bf7f98078bfe2.svg\" class=\"tex\" style=\"vertical-align:-3.0pt\" alt=\"\\angle KAC = \\angle KMC= альфа ,\"> так как они опи­ра­ют­ся на одну дугу <i>KC</i> в окруж­но­сти, опи­сан­ной во­круг четырёхуголь­ни­ка <i>AMKC</i>. Кроме того, <img src=\"https://ege.sdamgia.ru/formula/svg/8b/8be6f451e50f2788d30a711795f2a50c.svg\" class=\"tex\" style=\"vertical-align:-3.0pt\" alt=\"\\angle KMC = \\angle KEH= альфа ,\"> так как они опи­ра­ют­ся на одну дугу <i>KH</i> в окруж­но­сти, опи­сан­ной во­круг четырёхуголь­ни­ка <i>MKHE</i>. Так как <img src=\"https://ege.sdamgia.ru/formula/svg/77/7761fc2e53383198506b308290a48d4f.svg\" class=\"tex\" style=\"vertical-align:-3.0pt\" alt=\"\\angle OEH = \\angle OAC,\"> пря­мые <i>EH</i> и <i>АС</i> па­рал­лель­ны, по­сколь­ку это со­от­вет­ствен­ные углы при пе­ре­се­че­нии <i>EH</i> и <i>AC</i> се­ку­щей <i>OA</i>. Это и тре­бо­ва­лось до­ка­зать.</p><p class=\"left_margin\">б)  Ис­поль­зу­ем по­до­бие тре­уголь­ни­ков. Тре­уголь­ни­ки <i>MBK</i> и <i>CBA</i> по­доб­ны с ко­эф­фи­ци­ен­том по­до­бия <img src=\"https://ege.sdamgia.ru/formula/svg/5f/5f36a9cf7998f4635f06e095fb220e67.svg\" class=\"tex\" style=\"vertical-align:-3.3pt\" alt=\"k= ко­си­нус бета .\"> Тре­уголь­ни­ки <i>OEH</i> и <i>OMK</i> также по­доб­ны с тем же ко­эф­фи­ци­ен­том по­до­бия. Кроме того, по­доб­ны тре­уголь­ни­ки <i>OMK</i> и <i>AOC</i>, по­это­му по­доб­ны тре­уголь­ни­ки <i>OEH</i> и <i>OAC</i>, при­чем ко­эф­фи­ци­ент по­до­бия равен <img src=\"https://ege.sdamgia.ru/formula/svg/60/602b61c8a5bd60fd504108bd81796e6c.svg\" class=\"tex\" style=\"vertical-align:-3.3pt\" alt=\"k= ко­си­нус в квад­ра­те бета .\"> Тогда </p><p class=\"left_margin\"></p><center><p><img src=\"https://ege.sdamgia.ru/formula/svg/dd/dd19878b307fe2a64d5dd74165f11410.svg\" class=\"tex\" style=\"vertical-align:-8.4pt\" alt=\" EH = ко­си­нус в квад­ра­те бета AC=AC ко­си­нус в квад­ра­те 30 гра­ду­сов= дробь: чис­ли­тель: 3, зна­ме­на­тель: 4 конец дроби AC. \"></p><p class=\"left_margin\"></p></center><p> Тем самым ис­ко­мое от­но­ше­ние длин сто­рон равно 3:4.</p><p>&nbsp;</p><p><b>При­ве­дем дру­гое ре­ше­ние пунк­та б).</b></p><p class=\"left_margin\">Пусть <i>КС</i>  =  2<i>x</i>, тогда из тре­уголь­ни­ка <i>KHC</i> на­хо­дим <i>HC</i>  =  <i>X</i>, из Δ<i>OKC</i>: ∠<i>KOC</i>  =  30°, тогда <i>OC</i>  =  4<i>x</i>, от­ку­да </p><p class=\"left_margin\"></p><center><p><img src=\"/get_file?id=146890\" style=\"float:right;margin:10px;max-width:100%\"></p><p><img src=\"https://ege.sdamgia.ru/formula/svg/53/53acf838f3fd5f6ee4a76d800f161c4c.svg\" class=\"tex\" style=\"vertical-align:-1.8pt\" alt=\"OH=OC минус HC=4x минус x=3x.\"></p><p class=\"left_margin\"></p></center><p class=\"left_margin\">В силу по­до­бия Δ<i>OEH</i> и Δ<i>ОАС</i> по­лу­ча­ем:</p><p class=\"left_margin\"></p><center><p><img src=\"https://ege.sdamgia.ru/formula/svg/0b/0baab145e726bd55907c2a6d37237d92.svg\" class=\"tex\" style=\"vertical-align:-8.4pt\" alt=\" дробь: чис­ли­тель: EH, зна­ме­на­тель: AC конец дроби = дробь: чис­ли­тель: OH, зна­ме­на­тель: OC конец дроби = дробь: чис­ли­тель: 3x, зна­ме­на­тель: 4x конец дроби = дробь: чис­ли­тель: 3, зна­ме­на­тель: 4 конец дроби . \"></p><p class=\"left_margin\"></p></center><p>&nbsp;</p><p><b>При­ве­дем ре­ше­ние Алек­сандра Шев­ки­на (Москва).</b></p><p class=\"left_margin\">а)  По­стро­им вспо­мо­га­тель­ную окруж­ность с диа­мет­ром <i>MK</i>. Она пройдёт через точки <i>E</i> и <i>H</i>, так как <img src=\"https://ege.sdamgia.ru/formula/svg/a0/a01ea3a541398c630a57a9694d2dcb72.svg\" class=\"tex\" style=\"vertical-align:-1.8pt\" alt=\"\\angleMEK = \\angleMHK = 90 гра­ду­сов.\"></p><p class=\"left_margin\">По­стро­им вспо­мо­га­тель­ную окруж­ность с диа­мет­ром <i>AC</i>. Она пройдёт через точки <i>M</i> и <i>K</i>, т. к. <img src=\"https://ege.sdamgia.ru/formula/svg/e5/e59dd45fadc3c29f50cb4a47b84f643a.svg\" class=\"tex\" style=\"vertical-align:-1.8pt\" alt=\"\\angleAMC = \\angleAKC = 90 гра­ду­сов.\"></p><p class=\"left_margin\">По свой­ству впи­сан­ных углов <img src=\"https://ege.sdamgia.ru/formula/svg/5e/5e7217c862b577f8f8f5a778e627ad53.svg\" class=\"tex\" style=\"vertical-align:-3.0pt\" alt=\"\\angleKAC = \\angleKMC,\"> а <img src=\"https://ege.sdamgia.ru/formula/svg/a7/a77ba792ed9353b605bc76d345497cb9.svg\" class=\"tex\" style=\"vertical-align:-3.0pt\" alt=\"\\angleKMC = \\angleKEH,\"> зна­чит, <img src=\"https://ege.sdamgia.ru/formula/svg/c1/c1ebe33d944d87972adb64a3bfe94acf.svg\" class=\"tex\" style=\"vertical-align:-1.8pt\" alt=\"\\angleKAC = \\angleKEH.\"> А это со­от­вет­ствен­ные углы при пря­мых  <i>ЕН</i> и <i>АС</i> и се­ку­щей <i>AE</i>. Из ра­вен­ства этих углов сле­ду­ет па­рал­лель­ность пря­мых <i>ЕН</i> и <i>АС</i>, что и тре­бо­ва­лось до­ка­зать.</p><p class=\"left_margin\">б)  Пря­мая <i>MK</i>, про­хо­дя­щая через ос­но­ва­ния высот тре­уголь­ни­ка <i>ABC</i>, от­се­ка­ет тре­уголь­ник <i>KMB</i>, по­доб­ный тре­уголь­ни­ку <i>ABC</i>. Ко­эф­фи­ци­ент по­до­бия равен <img src=\"https://ege.sdamgia.ru/formula/svg/c3/c301da6c21f434fadcb02333160072cc.svg\" class=\"tex\" style=\"vertical-align:-8.5pt\" alt=\" дробь: чис­ли­тель: MK, зна­ме­на­тель: AC конец дроби = ко­си­нус \\angleABC = ко­си­нус 30 гра­ду­сов= дробь: чис­ли­тель: ко­рень из: на­ча­ло ар­гу­мен­та: 3 конец ар­гу­мен­та , зна­ме­на­тель: 2 конец дроби . \"></p><p class=\"left_margin\">Рас­смот­рим тре­уголь­ни­ки <i>MOK</i> и <i> EOH</i>. Они по­доб­ны по двум углам: <img src=\"https://ege.sdamgia.ru/formula/svg/55/5512cbca5a199ba2edafe2fcb49da1e5.svg\" class=\"tex\" style=\"vertical-align:-1.8pt\" alt=\"\\angleKMO = \\angleKEH\"> (свой­ство впи­сан­ных углов), <img src=\"https://ege.sdamgia.ru/formula/svg/b6/b623a5da2fdb09ba86375b9ca5f0e198.svg\" class=\"tex\" style=\"vertical-align:-1.8pt\" alt=\"\\angleMOK = \\angleEOH\"> (вер­ти­каль­ные). Ко­эф­фи­ци­ент по­до­бия равен <img src=\"https://ege.sdamgia.ru/formula/svg/ea/ea01e9a852e57fdb42fb701b2a7a2ad8.svg\" class=\"tex\" style=\"vertical-align:-8.5pt\" alt=\" дробь: чис­ли­тель: EH, зна­ме­на­тель: MK конец дроби = дробь: чис­ли­тель: OH, зна­ме­на­тель: OK конец дроби = ко­си­нус \\angleKOH= ко­си­нус \\angleABC= дробь: чис­ли­тель: ко­рень из: на­ча­ло ар­гу­мен­та: 3 конец ар­гу­мен­та , зна­ме­на­тель: 2 конец дроби . \"></p><p class=\"left_margin\">Умно­жив по­лу­чен­ные ра­вен­ства </p><p class=\"left_margin\"></p><center><p><img src=\"https://ege.sdamgia.ru/formula/svg/63/635df2b5b5420e50a9cb76ae315ccb58.svg\" class=\"tex\" style=\"vertical-align:-8.5pt\" alt=\" дробь: чис­ли­тель: EH, зна­ме­на­тель: MK конец дроби = дробь: чис­ли­тель: ко­рень из: на­ча­ло ар­гу­мен­та: 3 конец ар­гу­мен­та , зна­ме­на­тель: 2 конец дроби \"> и <img src=\"https://ege.sdamgia.ru/formula/svg/ff/ffa3873a6224a354882055b0a36c1f2c.svg\" class=\"tex\" style=\"vertical-align:-8.5pt\" alt=\" дробь: чис­ли­тель: MK, зна­ме­на­тель: AC конец дроби = дробь: чис­ли­тель: ко­рень из: на­ча­ло ар­гу­мен­та: 3 конец ар­гу­мен­та , зна­ме­на­тель: 2 конец дроби , \"></p><p class=\"left_margin\"></p></center><p>найдём от­но­ше­ние <img src=\"https://ege.sdamgia.ru/formula/svg/77/770dd2c64bfa9ac7e822d2ce672ad147.svg\" class=\"tex\" style=\"vertical-align:-8.5pt\" alt=\" дробь: чис­ли­тель: EH, зна­ме­на­тель: AC конец дроби , \"> оно равно <img src=\"https://ege.sdamgia.ru/formula/svg/91/91bb53ccabd6642a2b9d4a0e0f10137c.svg\" class=\"tex\" style=\"vertical-align:-8.4pt\" alt=\" дробь: чис­ли­тель: 3, зна­ме­на­тель: 4 конец дроби . \"></p><p>&nbsp;</p><p><span style=\"letter-spacing: 2px;\">Ответ:</span> <img src=\"https://ege.sdamgia.ru/formula/svg/0d/0ddef6bfffbab87bec181b492a8e31a2.svg\" class=\"tex\" style=\"vertical-align:-1.8pt\" alt=\"3:4.\"></p><p>&nbsp;</p><p><b>При­ве­дем ре­ше­ние Софии Ни­ко­лен­ко (Москва).</b></p><p class=\"left_margin\">а)  Пусть вы­со­ты <i>АК</i> и <i>СМ</i> пе­ре­се­ка­ют­ся в точке <i>О</i>. Рас­смот­рим тре­уголь­ник <i>AMO</i>. В нем <i> ME</i> яв­ля­ет­ся вы­со­той, про­ве­ден­ной к ги­по­те­ну­зе, по­это­му тре­уголь­ни­ки <i>AME</i> и <i>OME</i> по­доб­ны, а углы <i>MAE</i> и <i>OME</i> равны. Пусть эти углы равны  α, тогда ∠<i>MOE</i>  =  90° − α. Углы <i>KOH</i> и <i>MOE </i>равны 90° − α, тогда угол <i>OKH</i> равен α. Углы <i>EMO</i> и <i>OKH</i> равны так как опи­ра­ют­ся на одну дугу <i>EH</i>, таким об­ра­зом, че­ты­рех­уголь­ник <i>EMKH</i> можно впи­сать в окруж­ность. <img src=\"/get_file?id=146892\" style=\"float:right;margin:10px;max-width:100%\">Че­ты­рех­уголь­ник <i>AMKC</i> также можно впи­сать в окруж­ность с диа­мет­ром <i>AC</i>. Углы <i>KAC</i> и <i>KMC</i> равны, углы <i>KEH</i> и <i>KMC</i> тоже равны, по­это­му угол <i>KEH</i> равен углу <i>KAC</i>.  Углы <i>KEH</i> и <i>KAC</i> яв­ля­ют­ся со­от­вет­ствен­ны­ми при пе­ре­се­че­нии пря­мых <i>EH</i> и <i>AC</i> се­ку­щей <i>AO</i>. Таким об­ра­зом, пря­мые <i>EH</i> и <i>AC</i> па­рал­лель­ны. </p><p class=\"left_margin\">б)  Рас­смот­рим тре­уголь­ник <i>AMO</i>, пусть <i>ME</i>  =  <i>x</i>, тогда </p><p class=\"left_margin\"></p><center><p><img src=\"https://ege.sdamgia.ru/formula/svg/db/db967c441defd196058a58d0efadb7b2.svg\" class=\"tex\" style=\"vertical-align:-1.8pt\" alt=\"2ME=MO рав­но­силь­но MO = 2x. \"></p><p class=\"left_margin\"></p></center><p> От­сю­да <img src=\"https://ege.sdamgia.ru/formula/svg/c6/c697d1c8f3e84fdfab40b5a9c7e0f0b4.svg\" class=\"tex\" style=\"vertical-align:-2.5pt\" alt=\"OE= ко­рень из: на­ча­ло ар­гу­мен­та: 4x в квад­ра­те минус x в квад­ра­те конец ар­гу­мен­та = x ко­рень из: на­ча­ло ар­гу­мен­та: 3 конец ар­гу­мен­та .\"> </p><p class=\"left_margin\">Рас­смот­рим тре­уголь­ник <i>AME</i>, в нем: <img src=\"https://ege.sdamgia.ru/formula/svg/39/39bf4506b716c1803187149b6117da2d.svg\" class=\"tex\" style=\"vertical-align:-8.6pt\" alt=\"AM= дробь: чис­ли­тель: x, зна­ме­на­тель: синус 60 гра­ду­сов конец дроби = дробь: чис­ли­тель: 2 ко­рень из: на­ча­ло ар­гу­мен­та: 3 конец ар­гу­мен­та x, зна­ме­на­тель: 3 конец дроби , \"></p><p class=\"left_margin\"></p><center><p><img src=\"https://ege.sdamgia.ru/formula/svg/55/55635eeb910066a3e84880270f9409bf.svg\" class=\"tex\" style=\"vertical-align:-15.6pt\" alt=\"AE= ко­рень из: на­ча­ло ар­гу­мен­та: левая круг­лая скоб­ка дробь: чис­ли­тель: 2 ко­рень из: на­ча­ло ар­гу­мен­та: 3 конец ар­гу­мен­та x, зна­ме­на­тель: 3 конец дроби пра­вая круг­лая скоб­ка в квад­ра­те минус x в квад­ра­те конец ар­гу­мен­та = дробь: чис­ли­тель: ко­рень из: на­ча­ло ар­гу­мен­та: 3 конец ар­гу­мен­та x, зна­ме­на­тель: 3 конец дроби , \"></p><p><img src=\"https://ege.sdamgia.ru/formula/svg/03/03307c5aad0bcde9276bdeae7c56991a.svg\" class=\"tex\" style=\"vertical-align:-8.6pt\" alt=\"AO=x ко­рень из: на­ча­ло ар­гу­мен­та: 3 конец ар­гу­мен­та плюс дробь: чис­ли­тель: ко­рень из: на­ча­ло ар­гу­мен­та: 3 конец ар­гу­мен­та x, зна­ме­на­тель: 3 конец дроби = дробь: чис­ли­тель: 4 ко­рень из: на­ча­ло ар­гу­мен­та: 3 конец ар­гу­мен­та x, зна­ме­на­тель: 3 конец дроби . \"></p><p class=\"left_margin\"></p></center><p class=\"left_margin\">Тре­уголь­ни­ки <i>AOC</i> и <i>EOH</i> по­доб­ны по двум углам. Зна­чит, <img src=\"https://ege.sdamgia.ru/formula/svg/8a/8a87a968b7812f3b01c8bf9f0ec28d94.svg\" class=\"tex\" style=\"vertical-align:-8.4pt\" alt=\" дробь: чис­ли­тель: EH, зна­ме­на­тель: AC конец дроби = дробь: чис­ли­тель: EO, зна­ме­на­тель: AO конец дроби , \"> от­ку­да <img src=\"https://ege.sdamgia.ru/formula/svg/94/9496f7a4cd4776414150f9596f0df754.svg\" class=\"tex\" style=\"vertical-align:-15.3pt\" alt=\" дробь: чис­ли­тель: EO, зна­ме­на­тель: AO конец дроби = дробь: чис­ли­тель: x ко­рень из: на­ча­ло ар­гу­мен­та: 3 конец ар­гу­мен­та , зна­ме­на­тель: дробь: чис­ли­тель: 4 ко­рень из: на­ча­ло ар­гу­мен­та: 3 конец ар­гу­мен­та x, зна­ме­на­тель: 3 конец дроби конец дроби = дробь: чис­ли­тель: 3, зна­ме­на­тель: 4 конец дроби . \"></p><p>&nbsp;</p><p><img src=\"/get_file?id=103109\" style=\"float:right;margin:10px\"></p><p><b>При­ве­дем ре­ше­ние пунк­та а) Де­ни­са Чер­ны­ше­ва (Тю­мень).</b></p><p class=\"left_margin\">а) До­ка­жем па­рал­лель­ность, ис­поль­зуя тео­ре­му, об­рат­ную тео­ре­ме о про­пор­ци­о­наль­ных от­рез­ках для сто­рон <i>OA</i> и <i>OC</i> в тре­уголь­ни­ке <i>AOC</i>. Для этой цели уста­но­вим по­до­бие иных тре­уголь­ни­ков, име­ю­щих с <i>AOC</i> общие сто­ро­ны (части сто­рон).</p><p class=\"left_margin\">По при­зна­ку па­рал­лель­но­сти, две пря­мые, пер­пен­ди­ку­ляр­ные тре­тьей, па­рал­лель­ны друг другу. Зна­чит, пря­мая <i>MB</i> па­рал­лель­на пря­мой <i>KH</i>. При этих па­рал­лель­ных равны со­от­вет­ствен­ные углы: <img src=\"https://ege.sdamgia.ru/formula/svg/52/523fb13ca17f017c7d04f618acdd852c.svg\" class=\"tex\" style=\"vertical-align:-1.8pt\" alt=\" \\angle CKH= \\angle CBM = \\angle B.\"> Ана­ло­гич­но пря­мая <i>KB</i> па­рал­лель­на пря­мой <i>EM</i>, а по­то­му <img src=\"https://ege.sdamgia.ru/formula/svg/75/75f165183007adb092c0bcce8df95b1f.svg\" class=\"tex\" style=\"vertical-align:-1.8pt\" alt=\" \\angle EMA= \\angle KBA= \\angle B.\"> Сле­до­ва­тель­но, пря­мо­уголь­ные тре­уголь­ни­ки <i>CKH</i> и <i>EMA</i> по­доб­ны по двум углам, а зна­чит, <img src=\"https://ege.sdamgia.ru/formula/svg/83/83492feed699dec419cd2079aa801851.svg\" class=\"tex\" style=\"vertical-align:-8.3pt\" alt=\" дробь: чис­ли­тель: CH, зна­ме­на­тель: AE конец дроби = дробь: чис­ли­тель: HK, зна­ме­на­тель: EM конец дроби . \"></p><p class=\"left_margin\">Пря­мо­уголь­ные тре­уголь­ни­ки <i>MOE</i> и <i>KOH</i> также по­доб­ны, по­сколь­ку их ост­рые углы <i>MOE</i> и <i>KOH</i> равны как вер­ти­каль­ные. В силу по­до­бия сто­ро­ны этих тре­уголь­ни­ков про­пор­ци­о­наль­ны: <img src=\"https://ege.sdamgia.ru/formula/svg/1f/1f005bc0adb6670eb828821fda2f488b.svg\" class=\"tex\" style=\"vertical-align:-8.4pt\" alt=\" дробь: чис­ли­тель: OH, зна­ме­на­тель: OE конец дроби = дробь: чис­ли­тель: HK, зна­ме­на­тель: EM конец дроби . \"></p><p class=\"left_margin\">Из двух по­лу­чен­ных ра­венств сле­ду­ет тре­тье:  <img src=\"https://ege.sdamgia.ru/formula/svg/1a/1aebc5625a9616884cbfe26976456cba.svg\" class=\"tex\" style=\"vertical-align:-8.4pt\" alt=\" дробь: чис­ли­тель: CH, зна­ме­на­тель: AE конец дроби = дробь: чис­ли­тель: OH, зна­ме­на­тель: OE конец дроби . \"> Итак, в тре­уголь­ни­ке <i>AOC</i> пря­мые <i>AC</i> и <i>EH</i> делят общий угол <i>AOC</i>, на­чи­ная от вер­ши­ны, на про­пор­ци­о­наль­ные от­рез­ки. Сле­до­ва­тель­но, по тео­ре­ме, об­рат­ной тео­ре­ме о про­пор­ци­о­наль­ных от­рез­ках, эти пря­мые па­рал­лель­ны, что и тре­бо­ва­лось до­ка­зать.</p></div>",
        "image_urls": [
            "https://ege.sdamgia.ru/formula/svg/c7/c7658b09d8703376a0a5a709496e060c.svg",
            "https://ege.sdamgia.ru/formula/svg/c7/c778b054e62f2ae84a7bf7f98078bfe2.svg",
            "https://ege.sdamgia.ru/formula/svg/8b/8be6f451e50f2788d30a711795f2a50c.svg",
            "https://ege.sdamgia.ru/formula/svg/77/7761fc2e53383198506b308290a48d4f.svg",
            "https://ege.sdamgia.ru/formula/svg/5f/5f36a9cf7998f4635f06e095fb220e67.svg",
            "https://ege.sdamgia.ru/formula/svg/60/602b61c8a5bd60fd504108bd81796e6c.svg",
            "https://ege.sdamgia.ru/formula/svg/dd/dd19878b307fe2a64d5dd74165f11410.svg",
            "https://ege.sdamgia.ru/formula/svg/53/53acf838f3fd5f6ee4a76d800f161c4c.svg",
            "https://ege.sdamgia.ru/formula/svg/0b/0baab145e726bd55907c2a6d37237d92.svg",
            "https://ege.sdamgia.ru/formula/svg/a0/a01ea3a541398c630a57a9694d2dcb72.svg",
            "https://ege.sdamgia.ru/formula/svg/e5/e59dd45fadc3c29f50cb4a47b84f643a.svg",
            "https://ege.sdamgia.ru/formula/svg/5e/5e7217c862b577f8f8f5a778e627ad53.svg",
            "https://ege.sdamgia.ru/formula/svg/a7/a77ba792ed9353b605bc76d345497cb9.svg",
            "https://ege.sdamgia.ru/formula/svg/c1/c1ebe33d944d87972adb64a3bfe94acf.svg",
            "https://ege.sdamgia.ru/formula/svg/c3/c301da6c21f434fadcb02333160072cc.svg",
            "https://ege.sdamgia.ru/formula/svg/55/5512cbca5a199ba2edafe2fcb49da1e5.svg",
            "https://ege.sdamgia.ru/formula/svg/b6/b623a5da2fdb09ba86375b9ca5f0e198.svg",
            "https://ege.sdamgia.ru/formula/svg/ea/ea01e9a852e57fdb42fb701b2a7a2ad8.svg",
            "https://ege.sdamgia.ru/formula/svg/63/635df2b5b5420e50a9cb76ae315ccb58.svg",
            "https://ege.sdamgia.ru/formula/svg/ff/ffa3873a6224a354882055b0a36c1f2c.svg",
            "https://ege.sdamgia.ru/formula/svg/77/770dd2c64bfa9ac7e822d2ce672ad147.svg",
            "https://ege.sdamgia.ru/formula/svg/91/91bb53ccabd6642a2b9d4a0e0f10137c.svg",
            "https://ege.sdamgia.ru/formula/svg/0d/0ddef6bfffbab87bec181b492a8e31a2.svg",
            "https://ege.sdamgia.ru/formula/svg/db/db967c441defd196058a58d0efadb7b2.svg",
            "https://ege.sdamgia.ru/formula/svg/c6/c697d1c8f3e84fdfab40b5a9c7e0f0b4.svg",
            "https://ege.sdamgia.ru/formula/svg/39/39bf4506b716c1803187149b6117da2d.svg",
            "https://ege.sdamgia.ru/formula/svg/55/55635eeb910066a3e84880270f9409bf.svg",
            "https://ege.sdamgia.ru/formula/svg/03/03307c5aad0bcde9276bdeae7c56991a.svg",
            "https://ege.sdamgia.ru/formula/svg/8a/8a87a968b7812f3b01c8bf9f0ec28d94.svg",
            "https://ege.sdamgia.ru/formula/svg/94/9496f7a4cd4776414150f9596f0df754.svg",
            "https://ege.sdamgia.ru/formula/svg/52/523fb13ca17f017c7d04f618acdd852c.svg",
            "https://ege.sdamgia.ru/formula/svg/75/75f165183007adb092c0bcce8df95b1f.svg",
            "https://ege.sdamgia.ru/formula/svg/83/83492feed699dec419cd2079aa801851.svg",
            "https://ege.sdamgia.ru/formula/svg/1f/1f005bc0adb6670eb828821fda2f488b.svg",
            "https://ege.sdamgia.ru/formula/svg/1a/1aebc5625a9616884cbfe26976456cba.svg",
            "/get_file?id=181313",
            "/get_file?id=146890",
            "/get_file?id=146892",
            "/get_file?id=103109"
        ]
    },
    "answer": "",
    "topic_id": 17,
    "analog_ids": [
        514449,
        514529,
        514536,
        661328
    ]
}