{
    "gia_type": "ege",
    "subject": "math",
    "id": 514633,
    "condition": {
        "text": "На продолжении стороны АС за вершину А треугольника АВС отмечена точка D так, что AD  =  AB. Прямая, проходящая через точку А, параллельно BD, пересекает сторону ВС в точке M.а)  Докажите, что AM  — биссектриса треугольника АВС. б)  Найти SAMBD, если AC  =  30, BC  =  18 и AB  =  24.",
        "html": "<div align=\"justify\" width=\"100%\" id=\"body636085\" class=\"pbody\"><p class=\"left_margin\">На про­дол­же­нии сто­ро­ны <i>АС</i> за вер­ши­ну <i>А</i> тре­уголь­ни­ка <i>АВС</i> от­ме­че­на точка <i>D</i> так, что <i>AD</i>  =  <i>AB</i>. Пря­мая, про­хо­дя­щая через точку <i>А</i>, па­рал­лель­но <i>BD</i>, пе­ре­се­ка­ет сто­ро­ну <i>ВС</i> в точке <i>M</i>.</p><p class=\"left_margin\">а)  До­ка­жи­те, что <i>AM</i>  — бис­сек­три­са тре­уголь­ни­ка <i>АВС</i>. </p><p class=\"left_margin\">б)  Найти <i>S</i><sub><i>AMBD</i></sub>, если <i>AC</i>  =  30, <i>BC</i>  =  18 и <i>AB</i>  =  24.</p></div>",
        "image_urls": []
    },
    "solution": {
        "text": "Решение. а)  Имеем: равнобедренный, следовательно, Тогда  б)   прямоугольный.  AM  — биссектриса. Следовательно,      Ответ: 268, 8.",
        "html": "<div align=\"justify\" width=\"100%\" id=\"sol514633\" class=\"solution\" style=\"clear:both;\" class=\"pbody\"><p class=\"left_margin\"></p><b>Ре­ше­ние<!--rule_info-->. </b><p class=\"left_margin\"><img src=\"/get_file?id=146904\" style=\"float:right;margin:10px;max-width:100%\"></p><p class=\"left_margin\">а)  Имеем:</p><p class=\"left_margin\"></p><center><p><img src=\"https://ege.sdamgia.ru/formula/svg/7e/7e9975c83ab074a42ad26ba238f07b3d.svg\" class=\"tex\" style=\"vertical-align:-14.4pt\" alt=\"BD||AM рав­но­силь­но си­сте­ма вы­ра­же­ний \\angle BAM = \\angle ABD,\\angle MAC = \\angle ADB. конец си­сте­мы . \"></p><p class=\"left_margin\"></p></center><p class=\"left_margin\"><img src=\"https://ege.sdamgia.ru/formula/svg/e6/e68fecae4648755e66cca89b404fe59c.svg\" class=\"tex\" style=\"vertical-align:-1.8pt\" alt=\"\\Delta BAD \"> рав­но­бед­рен­ный, сле­до­ва­тель­но, <img src=\"https://ege.sdamgia.ru/formula/svg/d3/d3e7df6bdc3298bebf9453c4e54fa696.svg\" class=\"tex\" style=\"vertical-align:-1.8pt\" alt=\"\\angle ADB=\\angle ABD.\"></p><p class=\"left_margin\">Тогда <img src=\"https://ege.sdamgia.ru/formula/svg/8e/8ec13ba86a2fd5cc493a494edbabfb06.svg\" class=\"tex\" style=\"vertical-align:-1.8pt\" alt=\"\\angle BAM = \\angle MAC.\"></p><p>&nbsp;</p><p class=\"left_margin\">б)  <img src=\"https://ege.sdamgia.ru/formula/svg/09/091a2497710ae11779e752ebe2f35cf9.svg\" class=\"tex\" style=\"vertical-align:-1.8pt\" alt=\"AB в квад­ра­те плюс BC в квад­ра­те =AC в квад­ра­те \\Rightarrow \\Delta ABC\"> пря­мо­уголь­ный. </p><p>&nbsp;</p><p class=\"left_margin\"><i>AM</i>  — бис­сек­три­са. Сле­до­ва­тель­но, </p><p class=\"left_margin\"></p><center><p><img src=\"https://ege.sdamgia.ru/formula/svg/57/57768beba56f3899b65478a9dd90a094.svg\" class=\"tex\" style=\"vertical-align:-8.4pt\" alt=\" дробь: чис­ли­тель: BM, зна­ме­на­тель: MC конец дроби = дробь: чис­ли­тель: AB, зна­ме­на­тель: AC конец дроби = дробь: чис­ли­тель: 4, зна­ме­на­тель: 5 конец дроби \\Rightarrow MC=10; \"> <img src=\"https://ege.sdamgia.ru/formula/svg/8f/8fd67715d2fc20325310b8d2815a2227.svg\" class=\"tex\" style=\"vertical-align:-8.3pt\" alt=\"S_AMC= дробь: чис­ли­тель: AB умно­жить на MC, зна­ме­на­тель: 2 конец дроби =120. \"></p><p><img src=\"https://ege.sdamgia.ru/formula/svg/0a/0af0d26f235f14d3afa0a4e76bbeb952.svg\" class=\"tex\" style=\"vertical-align:-3.0pt\" alt=\"\\Delta AMC \\sim \\Delta DBC,\"> <img src=\"https://ege.sdamgia.ru/formula/svg/04/04ba81fdcadbe275b8f674bbda25f717.svg\" class=\"tex\" style=\"vertical-align:-8.4pt\" alt=\"k= дробь: чис­ли­тель: BC, зна­ме­на­тель: MC конец дроби = дробь: чис­ли­тель: 9, зна­ме­на­тель: 5 конец дроби , \"> <img src=\"https://ege.sdamgia.ru/formula/svg/2c/2c6397deacb0c6f4a79d27e917205568.svg\" class=\"tex\" style=\"vertical-align:-11.2pt\" alt=\"S_\\Delta DBC= левая круг­лая скоб­ка дробь: чис­ли­тель: 9, зна­ме­на­тель: 5 конец дроби пра­вая круг­лая скоб­ка в квад­ра­те S=388,8 \\Rightarrow \"> <img src=\"https://ege.sdamgia.ru/formula/svg/9d/9d8c6cea70ae06e05acdc60b2faa945a.svg\" class=\"tex\" style=\"vertical-align:-3.0pt\" alt=\"S_AMBD=S_\\Delta DBC минус S_\\Delta AMC=268,8.\"></p><p class=\"left_margin\"></p></center><p>&nbsp;</p><p><span style=\"letter-spacing: 2px;\">Ответ:</span> 268, 8.</p></div>",
        "image_urls": [
            "https://ege.sdamgia.ru/formula/svg/7e/7e9975c83ab074a42ad26ba238f07b3d.svg",
            "https://ege.sdamgia.ru/formula/svg/e6/e68fecae4648755e66cca89b404fe59c.svg",
            "https://ege.sdamgia.ru/formula/svg/d3/d3e7df6bdc3298bebf9453c4e54fa696.svg",
            "https://ege.sdamgia.ru/formula/svg/8e/8ec13ba86a2fd5cc493a494edbabfb06.svg",
            "https://ege.sdamgia.ru/formula/svg/09/091a2497710ae11779e752ebe2f35cf9.svg",
            "https://ege.sdamgia.ru/formula/svg/57/57768beba56f3899b65478a9dd90a094.svg",
            "https://ege.sdamgia.ru/formula/svg/8f/8fd67715d2fc20325310b8d2815a2227.svg",
            "https://ege.sdamgia.ru/formula/svg/0a/0af0d26f235f14d3afa0a4e76bbeb952.svg",
            "https://ege.sdamgia.ru/formula/svg/04/04ba81fdcadbe275b8f674bbda25f717.svg",
            "https://ege.sdamgia.ru/formula/svg/2c/2c6397deacb0c6f4a79d27e917205568.svg",
            "https://ege.sdamgia.ru/formula/svg/9d/9d8c6cea70ae06e05acdc60b2faa945a.svg",
            "/get_file?id=146904"
        ]
    },
    "answer": "268, 8.",
    "topic_id": 17,
    "analog_ids": [
        514633,
        514619
    ]
}