{
    "gia_type": "ege",
    "subject": "math",
    "id": 514612,
    "condition": {
        "text": "В прямоугольном треугольнике АВС с прямым углом С точки М и N  — середины катетов АС и ВС соответственно, СН  — высота. а)  Докажите, что прямые МН и NH перпендикулярны.б)  Пусть Р  — точка пересечения прямых АС и NH,  а Q  — точка пересечения прямых BC и МН. Найдите площадь треугольника PQM, если АН  =  4 и ВН  =  2.",
        "html": "<div align=\"justify\" width=\"100%\" id=\"body636104\" class=\"pbody\"><p class=\"left_margin\">В пря­мо­уголь­ном тре­уголь­ни­ке <i>АВС</i> с пря­мым углом <i>С</i> точки <i>М</i> и <i>N</i>  — се­ре­ди­ны ка­те­тов <i>АС</i> и <i>ВС</i> со­от­вет­ствен­но, <i>СН</i>  — вы­со­та. </p><p class=\"left_margin\">а)  До­ка­жи­те, что пря­мые <i>МН</i> и <i>NH</i> пер­пен­ди­ку­ляр­ны.</p><p class=\"left_margin\">б)  Пусть <i>Р</i>  — точка пе­ре­се­че­ния пря­мых <i>АС</i> и <i>NH</i>,  а <i>Q</i>  — точка пе­ре­се­че­ния пря­мых <i>BC</i> и <i>МН</i>. Най­ди­те пло­щадь тре­уголь­ни­ка <i>PQM</i>, если <i>АН</i>  =  4 и <i>ВН</i>  =  2.</p></div>",
        "image_urls": []
    },
    "solution": {
        "text": "Решение. а)  Треугольники АНС и ВНС прямоугольные (рис. 1), поэтому  и  Значит, треугольники MCN и MHN равны по трём сторонам, откуда б)  В прямоугольном треугольнике АВС имеем:  (рис. 2).В прямоугольном треугольнике МНР и MCQ с общим углом CMH получаем:поэтому треугольники МНС и MРQ подобны с коэффициентом подобия Площадь S треугольника МНС равна половине площади треугольника АНС, то есть Найдём  Значит, площадь треугольника MPQ равна  Ответ: б)  Примечание Дмитрий Гущина.Площадь треугольника PQM равна половине произведения QC на PM. Для того, чтобы определить длины данных отрезков, можно два раза применить теорему Менелая к треугольнику АВС, заметив предварительно, что     и    и   откуда:   Тогда   следовательно,   Приведем решение пункта б) Ивана Гладких.Проведем отрезок AQ, получим треугольник ACQ, в котором QM будет медианой, а отрезок AB будет пересекать медиану в точке H и разбиваться этой точкой на отрезки длинной 4 и 2, считая от вершины A. Следовательно, AB тоже медиана, тогда CB  =  BQ, а треугольник MPQ равнобедренный с равными сторонами HQ и CP. В треугольнике ACQ отрезки QM и AB медианы, значит,  и  В равнобедренном треугольнике MPQ имеем:  Тогда для площади треугольника MPQ получаем:",
        "html": "<div align=\"justify\" width=\"100%\" id=\"sol514612\" class=\"solution\" style=\"clear:both;\" class=\"pbody\"><p class=\"left_margin\"></p><b>Ре­ше­ние<!--rule_info-->. </b><p class=\"left_margin\"><img src=\"/get_file?id=146902\" style=\"float:right;margin:10px;max-width:100%\">а)  Тре­уголь­ни­ки <i>АНС</i> и <i>ВНС</i> пря­мо­уголь­ные (рис. 1), по­это­му <img src=\"https://ege.sdamgia.ru/formula/svg/72/727daea0cdcec92bfa20c038c12b721d.svg\" class=\"tex\" style=\"vertical-align:-8.3pt\" alt=\"MH= дробь: чис­ли­тель: AC, зна­ме­на­тель: 2 конец дроби =CM \"> и <img src=\"https://ege.sdamgia.ru/formula/svg/39/397875e0b4bbbbf46f237d47fdddcbac.svg\" class=\"tex\" style=\"vertical-align:-8.3pt\" alt=\"NH= дробь: чис­ли­тель: CB, зна­ме­на­тель: 2 конец дроби =CN. \"> Зна­чит, тре­уголь­ни­ки <i>MCN</i> и <i>MHN</i> равны по трём сто­ро­нам, от­ку­да <img src=\"https://ege.sdamgia.ru/formula/svg/ba/ba161ff1f8b04e79c2e24be186a848a4.svg\" class=\"tex\" style=\"vertical-align:-1.8pt\" alt=\"\\angle MHN = \\angle MCN = 90 гра­ду­сов.\"></p><p class=\"left_margin\">б)  В пря­мо­уголь­ном тре­уголь­ни­ке <i>АВС</i> имеем: <img src=\"https://ege.sdamgia.ru/formula/svg/2a/2aeacd0b8ad9a82b350c68e32d4db51b.svg\" class=\"tex\" style=\"vertical-align:-1.8pt\" alt=\"CH= ко­рень из: на­ча­ло ар­гу­мен­та: AH умно­жить на BH конец ар­гу­мен­та =2 ко­рень из: на­ча­ло ар­гу­мен­та: 2 конец ар­гу­мен­та \"> (рис. 2).</p><p class=\"left_margin\">В пря­мо­уголь­ном тре­уголь­ни­ке <i>МНР</i> и <i>MCQ</i> с общим углом <i>CMH</i> по­лу­ча­ем:</p><p class=\"left_margin\"></p><center><p><img src=\"https://ege.sdamgia.ru/formula/svg/81/810d8c1e262092f0741ff6c7bf19573b.svg\" class=\"tex\" style=\"vertical-align:-10.4pt\" alt=\" дробь: чис­ли­тель: MH, зна­ме­на­тель: MP конец дроби = дробь: чис­ли­тель: MC, зна­ме­на­тель: MQ конец дроби = ко­си­нус \\angle CMH, \"></p><p class=\"left_margin\"></p></center><p><img src=\"/get_file?id=146903\" style=\"float:right;margin:10px;max-width:100%\"></p><p>по­это­му тре­уголь­ни­ки <i>МНС</i> и <i>MРQ</i> по­доб­ны с ко­эф­фи­ци­ен­том по­до­бия <img src=\"https://ege.sdamgia.ru/formula/svg/18/1896904783748a9ee9f19ae00c722b9a.svg\" class=\"tex\" style=\"vertical-align:-1.8pt\" alt=\" ко­си­нус \\angle CMH.\"></p><p class=\"left_margin\">Пло­щадь <i>S</i> тре­уголь­ни­ка <i>МНС</i> равна по­ло­ви­не пло­ща­ди тре­уголь­ни­ка <i>АНС</i>, то есть <img src=\"https://ege.sdamgia.ru/formula/svg/f9/f990629d74a6451ab5ef34db189e054b.svg\" class=\"tex\" style=\"vertical-align:-8.3pt\" alt=\"S= дробь: чис­ли­тель: AH умно­жить на CH, зна­ме­на­тель: 4 конец дроби =2 ко­рень из: на­ча­ло ар­гу­мен­та: 2 конец ар­гу­мен­та . \"></p><p class=\"left_margin\">Найдём <img src=\"https://ege.sdamgia.ru/formula/svg/9e/9e277beb064138d323940e5757365cff.svg\" class=\"tex\" style=\"vertical-align:-1.8pt\" alt=\" ко­си­нус \\angle CMH:\"></p><p class=\"left_margin\"></p><center><p><img src=\"https://ege.sdamgia.ru/formula/svg/3d/3d2c71b42461ec053423e7771da19337.svg\" class=\"tex\" style=\"vertical-align:-3.6pt\" alt=\" ко­си­нус \\angle CMH = ко­си­нус левая круг­лая скоб­ка 2\\angle CAH пра­вая круг­лая скоб­ка =2 ко­си­нус в квад­ра­те \\angle CAH минус 1=\"> <img src=\"https://ege.sdamgia.ru/formula/svg/cf/cf156c7ce4bdf8873cba4c592faae39d.svg\" class=\"tex\" style=\"vertical-align:-9.3pt\" alt=\" дробь: чис­ли­тель: 2AH в квад­ра­те , зна­ме­на­тель: AC в квад­ра­те конец дроби минус 1= дробь: чис­ли­тель: 2AH в квад­ра­те , зна­ме­на­тель: AH в квад­ра­те плюс CH в квад­ра­те конец дроби минус 1= дробь: чис­ли­тель: 1, зна­ме­на­тель: 3 конец дроби . \"></p><p class=\"left_margin\"></p></center><p class=\"left_margin\">Зна­чит, пло­щадь тре­уголь­ни­ка <i>MPQ</i> равна <img src=\"https://ege.sdamgia.ru/formula/svg/18/1840902a46a4c5c4d57c440fe24129ce.svg\" class=\"tex\" style=\"vertical-align:-8.4pt\" alt=\" дробь: чис­ли­тель: S, зна­ме­на­тель: ко­си­нус в квад­ра­те \\angle CMH конец дроби =18 ко­рень из: на­ча­ло ар­гу­мен­та: 2 конец ар­гу­мен­та . \"></p><p>&nbsp;</p><p><span style=\"letter-spacing: 2px;\">Ответ:</span> б) <img src=\"https://ege.sdamgia.ru/formula/svg/80/8004151254a0286d52aec68b0a0d31cd.svg\" class=\"tex\" style=\"vertical-align:-1.8pt\" alt=\"18 ко­рень из: на­ча­ло ар­гу­мен­та: 2 конец ар­гу­мен­та .\"></p><p>&nbsp;</p><p><b>При­ме­ча­ние Дмит­рий Гу­щи­на.</b></p><p class=\"left_margin\">Пло­щадь тре­уголь­ни­ка <i>PQM</i> равна по­ло­ви­не про­из­ве­де­ния <i>QC</i> на <i>PM</i>. Для того, чтобы опре­де­лить длины дан­ных от­рез­ков, можно два раза при­ме­нить тео­ре­му Ме­не­лая к тре­уголь­ни­ку <i>АВС</i>, за­ме­тив пред­ва­ри­тель­но, что <img src=\"https://ege.sdamgia.ru/formula/svg/06/0692b584bc4acdf0d671e95c33c0e598.svg\" class=\"tex\" style=\"vertical-align:-3.0pt\" alt=\"CH = 2 ко­рень из 2 ,\">  <img src=\"https://ege.sdamgia.ru/formula/svg/84/84a3aa6da4274735f32a71b62172b500.svg\" class=\"tex\" style=\"vertical-align:-1.8pt\" alt=\"AC = 2 ко­рень из 6 \">  и  <img src=\"https://ege.sdamgia.ru/formula/svg/91/91cf6fd099fc488509dfcb2187985dd4.svg\" class=\"tex\" style=\"vertical-align:-1.8pt\" alt=\"BC = 2 ко­рень из 3 :\"> </p><p class=\"left_margin\"></p><center><p><img src=\"https://ege.sdamgia.ru/formula/svg/90/90539ada7bcf87dc4bed28c55a27a280.svg\" class=\"tex\" style=\"vertical-align:-8.5pt\" alt=\" дробь: чис­ли­тель: 1, зна­ме­на­тель: 1 конец дроби умно­жить на дробь: чис­ли­тель: 2, зна­ме­на­тель: 4 конец дроби умно­жить на дробь: чис­ли­тель: 2 ко­рень из 6 плюс CP, зна­ме­на­тель: CP конец дроби =1 \"> и <img src=\"https://ege.sdamgia.ru/formula/svg/21/2178901a97b0af425ac0fc50b8b40b7c.svg\" class=\"tex\" style=\"vertical-align:-10.6pt\" alt=\" дробь: чис­ли­тель: 2, зна­ме­на­тель: 4 конец дроби умно­жить на дробь: чис­ли­тель: 1, зна­ме­на­тель: 1 конец дроби умно­жить на дробь: чис­ли­тель: 2 ко­рень из 3 плюс BQ, зна­ме­на­тель: BQ конец дроби =1, \"> </p><p class=\"left_margin\"></p></center><p> от­ку­да: <img src=\"https://ege.sdamgia.ru/formula/svg/73/739ffb028a2af7de1093de899195bf10.svg\" class=\"tex\" style=\"vertical-align:-3.0pt\" alt=\"CP=2 ко­рень из 6 ,\"> <img src=\"https://ege.sdamgia.ru/formula/svg/4e/4ec9ad0ff764cf35f242dc7a8bceab97.svg\" class=\"tex\" style=\"vertical-align:-3.0pt\" alt=\"BQ=2 ко­рень из 3 .\"> Тогда <img src=\"https://ege.sdamgia.ru/formula/svg/cd/cd9513ddb6c17a16d73424d6d98b5196.svg\" class=\"tex\" style=\"vertical-align:-3.0pt\" alt=\"PM=3 ко­рень из 6 ,\"> <img src=\"https://ege.sdamgia.ru/formula/svg/fa/fa39a138bcb906efebab0f122229dad0.svg\" class=\"tex\" style=\"vertical-align:-3.1pt\" alt=\"QC=4 ко­рень из 3 ,\"> сле­до­ва­тель­но, </p><p class=\"left_margin\"></p><center><p> <img src=\"https://ege.sdamgia.ru/formula/svg/d3/d3e0d6386870c1340fa6b5a78d53f520.svg\" class=\"tex\" style=\"vertical-align:-8.4pt\" alt=\"S_PQM = дробь: чис­ли­тель: 1, зна­ме­на­тель: 2 конец дроби умно­жить на 3 ко­рень из 6 умно­жить на 4 ко­рень из 3 = 18 ко­рень из 2 .\"></p><p class=\"left_margin\"></p></center><p>&nbsp;</p><p><b>При­ве­дем ре­ше­ние пунк­та б) Ивана Глад­ких.</b></p><p class=\"left_margin\">Про­ве­дем от­ре­зок <i>AQ</i>, по­лу­чим тре­уголь­ник <i>ACQ</i>, в ко­то­ром <i>QM</i> будет ме­ди­а­ной, а от­ре­зок <i>AB</i> будет пе­ре­се­кать ме­ди­а­ну в точке <i>H</i> и раз­би­вать­ся этой точ­кой на от­рез­ки длин­ной 4 и 2, счи­тая от вер­ши­ны <i>A</i>. Сле­до­ва­тель­но, <i>AB</i> тоже ме­ди­а­на, тогда <i>CB</i>  =  <i>BQ</i>, а тре­уголь­ник <i>MPQ</i> рав­но­бед­рен­ный с рав­ны­ми сто­ро­на­ми <i>HQ</i> и <i>CP</i>. </p><p class=\"left_margin\">В тре­уголь­ни­ке <i>ACQ</i> от­рез­ки <i>QM</i> и <i>AB</i> ме­ди­а­ны, зна­чит, <img src=\"https://ege.sdamgia.ru/formula/svg/58/58bdbfc620072adc18a5d0f0b3ae6158.svg\" class=\"tex\" style=\"vertical-align:-3.1pt\" alt=\"QH=2MH=2CM=AC= ко­рень из: на­ча­ло ар­гу­мен­та: AH умно­жить на AB конец ар­гу­мен­та =2 ко­рень из 6 ,\"> и <img src=\"https://ege.sdamgia.ru/formula/svg/62/6299e888c8bcac1e1f101da512e3a841.svg\" class=\"tex\" style=\"vertical-align:-3.0pt\" alt=\"CB=BQ= ко­рень из: на­ча­ло ар­гу­мен­та: BH умно­жить на AB конец ар­гу­мен­та =2 ко­рень из 3 .\"> В рав­но­бед­рен­ном тре­уголь­ни­ке <i>MPQ</i> имеем: <img src=\"https://ege.sdamgia.ru/formula/svg/fb/fbdc05d7df44ae06f7eb57d733741f1f.svg\" class=\"tex\" style=\"vertical-align:-3.0pt\" alt=\"HQ=CP= ко­рень из 6 .\"> Тогда для пло­ща­ди тре­уголь­ни­ка <i>MPQ</i> по­лу­ча­ем:</p><p class=\"left_margin\"></p><center><p><img src=\"https://ege.sdamgia.ru/formula/svg/6d/6d89aa60fbfc6d1399965340032a4ae8.svg\" class=\"tex\" style=\"vertical-align:-8.4pt\" alt=\"S_MPQ = дробь: чис­ли­тель: 1, зна­ме­на­тель: 2 конец дроби CQ умно­жить на MP = дробь: чис­ли­тель: 1, зна­ме­на­тель: 2 конец дроби умно­жить на 3 ко­рень из 6 умно­жить на 4 ко­рень из 3 = 6 ко­рень из: на­ча­ло ар­гу­мен­та: 18 конец ар­гу­мен­та =18 ко­рень из 2 .\"></p><p class=\"left_margin\"></p><p class=\"left_margin\"></p></center></div>",
        "image_urls": [
            "https://ege.sdamgia.ru/formula/svg/72/727daea0cdcec92bfa20c038c12b721d.svg",
            "https://ege.sdamgia.ru/formula/svg/39/397875e0b4bbbbf46f237d47fdddcbac.svg",
            "https://ege.sdamgia.ru/formula/svg/ba/ba161ff1f8b04e79c2e24be186a848a4.svg",
            "https://ege.sdamgia.ru/formula/svg/2a/2aeacd0b8ad9a82b350c68e32d4db51b.svg",
            "https://ege.sdamgia.ru/formula/svg/81/810d8c1e262092f0741ff6c7bf19573b.svg",
            "https://ege.sdamgia.ru/formula/svg/18/1896904783748a9ee9f19ae00c722b9a.svg",
            "https://ege.sdamgia.ru/formula/svg/f9/f990629d74a6451ab5ef34db189e054b.svg",
            "https://ege.sdamgia.ru/formula/svg/9e/9e277beb064138d323940e5757365cff.svg",
            "https://ege.sdamgia.ru/formula/svg/3d/3d2c71b42461ec053423e7771da19337.svg",
            "https://ege.sdamgia.ru/formula/svg/cf/cf156c7ce4bdf8873cba4c592faae39d.svg",
            "https://ege.sdamgia.ru/formula/svg/18/1840902a46a4c5c4d57c440fe24129ce.svg",
            "https://ege.sdamgia.ru/formula/svg/80/8004151254a0286d52aec68b0a0d31cd.svg",
            "https://ege.sdamgia.ru/formula/svg/06/0692b584bc4acdf0d671e95c33c0e598.svg",
            "https://ege.sdamgia.ru/formula/svg/84/84a3aa6da4274735f32a71b62172b500.svg",
            "https://ege.sdamgia.ru/formula/svg/91/91cf6fd099fc488509dfcb2187985dd4.svg",
            "https://ege.sdamgia.ru/formula/svg/90/90539ada7bcf87dc4bed28c55a27a280.svg",
            "https://ege.sdamgia.ru/formula/svg/21/2178901a97b0af425ac0fc50b8b40b7c.svg",
            "https://ege.sdamgia.ru/formula/svg/73/739ffb028a2af7de1093de899195bf10.svg",
            "https://ege.sdamgia.ru/formula/svg/4e/4ec9ad0ff764cf35f242dc7a8bceab97.svg",
            "https://ege.sdamgia.ru/formula/svg/cd/cd9513ddb6c17a16d73424d6d98b5196.svg",
            "https://ege.sdamgia.ru/formula/svg/fa/fa39a138bcb906efebab0f122229dad0.svg",
            "https://ege.sdamgia.ru/formula/svg/d3/d3e0d6386870c1340fa6b5a78d53f520.svg",
            "https://ege.sdamgia.ru/formula/svg/58/58bdbfc620072adc18a5d0f0b3ae6158.svg",
            "https://ege.sdamgia.ru/formula/svg/62/6299e888c8bcac1e1f101da512e3a841.svg",
            "https://ege.sdamgia.ru/formula/svg/fb/fbdc05d7df44ae06f7eb57d733741f1f.svg",
            "https://ege.sdamgia.ru/formula/svg/6d/6d89aa60fbfc6d1399965340032a4ae8.svg",
            "/get_file?id=146902",
            "/get_file?id=146903"
        ]
    },
    "answer": "б)",
    "topic_id": 17,
    "analog_ids": [
        514612,
        514605
    ]
}