{
    "gia_type": "ege",
    "subject": "math",
    "id": 514717,
    "condition": {
        "text": "На отрезке BD взята точка C. Биссектриса BL равнобедренного треугольника ABC с основанием BC является боковой стороной равнобедренного треугольника BLD с основанием BD.а)  Докажите, что треугольник DCL равнобедренный.б)  Известно, что  В каком отношении прямая DL делит сторону AB?",
        "html": "<div align=\"justify\" width=\"100%\" id=\"body636001\" class=\"pbody\"><p class=\"left_margin\">На от­рез­ке <i>BD</i> взята точка <i>C</i>. Бис­сек­три­са <i>BL</i> рав­но­бед­рен­но­го тре­уголь­ни­ка <i>ABC</i> с ос­но­ва­ни­ем <i>BC</i> яв­ля­ет­ся бо­ко­вой сто­ро­ной рав­но­бед­рен­но­го тре­уголь­ни­ка <i>BLD</i> с ос­но­ва­ни­ем <i>BD</i>.</p><p class=\"left_margin\">а)  До­ка­жи­те, что тре­уголь­ник <i>DCL</i> рав­но­бед­рен­ный.</p><p class=\"left_margin\">б)  Из­вест­но, что <img src=\"https://ege.sdamgia.ru/formula/svg/de/de0f149c5f64d47a1c2a56f60e8993cc.svg\" class=\"tex\" style=\"vertical-align:-8.5pt\" alt=\" ко­си­нус \\angle ABC= дробь: чис­ли­тель: 1, зна­ме­на­тель: 6 конец дроби .\"> В каком от­но­ше­нии пря­мая <i>DL</i> делит сто­ро­ну <i>AB</i>?</p></div>",
        "image_urls": [
            "https://ege.sdamgia.ru/formula/svg/de/de0f149c5f64d47a1c2a56f60e8993cc.svg"
        ]
    },
    "solution": {
        "text": "Решение. а)  Пусть углы при основании ВС равнобедренного треугольника ABC равны 2α, тогда углы при основании BD равнобедренного треугольника LBD равны α. Но угол LCB является внешним углом треугольника LCD, он равен сумме углов CDL и CLD. Поэтому угол CLD также равен α, и, следовательно, треугольник LCD равнобедренный.б)  Пусть ВС  =  х, а АК  — медиана и высота равнобедренного треугольника АВС. Тогда в прямоугольном треугольнике АКВ имеем:   откуда  Биссектриса BL делит сторону, к которой она проведена, на отрезки, пропорциональные прилежащим сторонам:  поскольку  получаем:  В пункте а) было доказано, что треугольник LCD равнобедренный, поэтому  Применим теорему Менелая к треугольнику ABC: откуда  Ответ:  9 : 7 (или 7 : 9). Приведем решение п. б), предложенное Олегом Цимбалистом. Пусть  Тогда  как внешний угол треугольника BLD. По теореме синусов для треугольника BHL, имеемЗаметим теперь, что  а  По теореме синусов для треугольника AHL, имеемЗначит, Приведем ещё одно решение.а)  Обозначим  тогда    поэтому  значит, треугольник LCD  — равнобедренный.б)  Пусть H  — точка пересечения  DL с AB. Тогда  поэтому  по двум углам. Отсюда Поскольку  то  Пусть BC  =  x, AB  =  3x. По теореме о биссектрисе   откуда находим   Тогда  значит,  откуда  Еще несколько подходов изложены при решении задания 513277.",
        "html": "<div align=\"justify\" width=\"100%\" id=\"sol514717\" class=\"solution\" style=\"clear:both;\" class=\"pbody\"><p class=\"left_margin\"></p><b>Ре­ше­ние<!--rule_info-->. </b><p class=\"left_margin\"><img src=\"/get_file?id=147378\" style=\"float:right;margin:10px;max-width:100%\"></p><p class=\"left_margin\">а)  Пусть углы при ос­но­ва­нии <i>ВС</i> рав­но­бед­рен­но­го тре­уголь­ни­ка <i>ABC</i> равны 2α, тогда углы при ос­но­ва­нии <i>BD</i> рав­но­бед­рен­но­го тре­уголь­ни­ка <i>LBD</i> равны α. Но угол <i>LCB</i> яв­ля­ет­ся внеш­ним углом тре­уголь­ни­ка <i>LCD</i>, он равен сумме углов <i>CDL</i> и <i>CLD</i>. По­это­му угол <i>CLD</i> также равен α, и, сле­до­ва­тель­но, тре­уголь­ник <i>LCD</i> рав­но­бед­рен­ный.</p><p class=\"left_margin\">б)  Пусть <i>ВС</i>  =  <i>х</i>, а <i>АК</i>  — ме­ди­а­на и вы­со­та рав­но­бед­рен­но­го тре­уголь­ни­ка <i>АВС</i>. Тогда в пря­мо­уголь­ном тре­уголь­ни­ке <i>АКВ</i> имеем: <img src=\"https://ege.sdamgia.ru/formula/svg/fa/fa2b91172cf8bc16d0b040244919ae4d.svg\" class=\"tex\" style=\"vertical-align:-8.4pt\" alt=\"BK = дробь: чис­ли­тель: x, зна­ме­на­тель: 2 конец дроби ,\"> <img src=\"https://ege.sdamgia.ru/formula/svg/9b/9bad53e9a8ce6e6be107172c81a828c6.svg\" class=\"tex\" style=\"vertical-align:-8.5pt\" alt=\" ко­си­нус ABK = дробь: чис­ли­тель: 1, зна­ме­на­тель: 6 конец дроби ,\"> от­ку­да <img src=\"https://ege.sdamgia.ru/formula/svg/22/228e8c306f490ac64fd153aeae7d7b2f.svg\" class=\"tex\" style=\"vertical-align:-8.5pt\" alt=\"AB = AC = дробь: чис­ли­тель: BK, зна­ме­на­тель: ко­си­нус ABK конец дроби = 3x. \"> </p><p class=\"left_margin\">Бис­сек­три­са <i>BL</i> делит сто­ро­ну, к ко­то­рой она про­ве­де­на, на от­рез­ки, про­пор­ци­о­наль­ные при­ле­жа­щим сто­ро­нам: <img src=\"https://ege.sdamgia.ru/formula/svg/ee/eece4daca37ef1097091788ab8a7f9f0.svg\" class=\"tex\" style=\"vertical-align:-8.4pt\" alt=\" дробь: чис­ли­тель: AL, зна­ме­на­тель: LC конец дроби = дробь: чис­ли­тель: AB, зна­ме­на­тель: BC конец дроби = дробь: чис­ли­тель: 3, зна­ме­на­тель: 1 конец дроби , \"> по­сколь­ку <img src=\"https://ege.sdamgia.ru/formula/svg/63/63253a50873b378c6cb86e8880d99f3a.svg\" class=\"tex\" style=\"vertical-align:-3.0pt\" alt=\"AC = 3x,\"> по­лу­ча­ем: <img src=\"https://ege.sdamgia.ru/formula/svg/d8/d82dc784dcf1565615de7a096ed71332.svg\" class=\"tex\" style=\"vertical-align:-8.4pt\" alt=\"LC = дробь: чис­ли­тель: 1, зна­ме­на­тель: 4 конец дроби AC = дробь: чис­ли­тель: 3, зна­ме­на­тель: 4 конец дроби x.\"> В пунк­те а) было до­ка­за­но, что тре­уголь­ник <i>LCD</i> рав­но­бед­рен­ный, по­это­му <img src=\"https://ege.sdamgia.ru/formula/svg/c2/c29b37582f4b5e43df3c8a886434275e.svg\" class=\"tex\" style=\"vertical-align:-8.4pt\" alt=\"CD = LC = дробь: чис­ли­тель: 3, зна­ме­на­тель: 4 конец дроби x.\"> При­ме­ним тео­ре­му Ме­не­лая к тре­уголь­ни­ку <i>ABC</i>: </p><p class=\"left_margin\"></p><center><p><img src=\"https://ege.sdamgia.ru/formula/svg/b4/b4f4cfeaff0f882c552d888e4535ff98.svg\" class=\"tex\" style=\"vertical-align:-8.4pt\" alt=\" дробь: чис­ли­тель: AH, зна­ме­на­тель: HB конец дроби умно­жить на дробь: чис­ли­тель: BD, зна­ме­на­тель: DC конец дроби умно­жить на дробь: чис­ли­тель: CL, зна­ме­на­тель: LA конец дроби = дробь: чис­ли­тель: AH, зна­ме­на­тель: HB конец дроби умно­жить на дробь: чис­ли­тель: 7x, зна­ме­на­тель: 3x конец дроби умно­жить на дробь: чис­ли­тель: 1, зна­ме­на­тель: 3 конец дроби = дробь: чис­ли­тель: AH, зна­ме­на­тель: HB конец дроби умно­жить на дробь: чис­ли­тель: 7, зна­ме­на­тель: конец дроби 9 = 1, \"></p><p class=\"left_margin\"></p></center><p>от­ку­да <img src=\"https://ege.sdamgia.ru/formula/svg/bd/bd8af6d5b947ddd6731fa9bd61baa111.svg\" class=\"tex\" style=\"vertical-align:-8.4pt\" alt=\" дробь: чис­ли­тель: AH, зна­ме­на­тель: HB конец дроби = дробь: чис­ли­тель: 9, зна­ме­на­тель: 7 конец дроби . \"></p><p>&nbsp;</p><p><span style=\"letter-spacing: 2px;\">Ответ:</span>  9 : 7 (или 7 : 9).</p><p>&nbsp;</p><p><b>При­ве­дем ре­ше­ние п. б), пред­ло­жен­ное Оле­гом Цим­ба­ли­стом.</b></p><p>&nbsp;</p><p class=\"left_margin\">Пусть <img src=\"https://ege.sdamgia.ru/formula/svg/4f/4f366e7cd6c3817239d586ddf0427089.svg\" class=\"tex\" style=\"vertical-align:-1.8pt\" alt=\"\\angle HBL=\\angle CBL=\\angle CDL= альфа .\"> Тогда <img src=\"https://ege.sdamgia.ru/formula/svg/f0/f06022f78305eaab902874b0ca691f71.svg\" class=\"tex\" style=\"vertical-align:-3.0pt\" alt=\"\\angle BLH= 2 альфа ,\"> как внеш­ний угол тре­уголь­ни­ка <i>BLD</i>. По тео­ре­ме си­ну­сов для тре­уголь­ни­ка <i>BHL</i>, имеем</p><p class=\"left_margin\"></p><center><p><img src=\"https://ege.sdamgia.ru/formula/svg/9a/9a281cc8e1b57e7c8db8b98976aac4bd.svg\" class=\"tex\" style=\"vertical-align:-8.4pt\" alt=\" дробь: чис­ли­тель: BH, зна­ме­на­тель: синус 2 альфа конец дроби = дробь: чис­ли­тель: HL, зна­ме­на­тель: синус альфа конец дроби рав­но­силь­но дробь: чис­ли­тель: BH, зна­ме­на­тель: HL конец дроби = дробь: чис­ли­тель: синус 2 альфа , зна­ме­на­тель: синус альфа конец дроби . \"></p><p class=\"left_margin\"></p></center><p class=\"left_margin\">За­ме­тим те­перь, что <img src=\"https://ege.sdamgia.ru/formula/svg/35/352038fb16a6d25dbc1d86973cd2552d.svg\" class=\"tex\" style=\"vertical-align:-3.0pt\" alt=\"\\angle BAC= 180 гра­ду­сов минус 4 альфа ,\"> а <img src=\"https://ege.sdamgia.ru/formula/svg/17/17d7ee51949f97240f2f3af798a293d2.svg\" class=\"tex\" style=\"vertical-align:-1.8pt\" alt=\"\\angle ALH= альфа .\"> По тео­ре­ме си­ну­сов для тре­уголь­ни­ка <i>AHL</i>, имеем</p><p class=\"left_margin\"></p><center><p><img src=\"https://ege.sdamgia.ru/formula/svg/19/198c51807ce488fc18e721646ba5621b.svg\" class=\"tex\" style=\"vertical-align:-8.4pt\" alt=\" дробь: чис­ли­тель: HA, зна­ме­на­тель: синус альфа конец дроби = дробь: чис­ли­тель: HL, зна­ме­на­тель: синус 4 альфа конец дроби рав­но­силь­но дробь: чис­ли­тель: HA, зна­ме­на­тель: HL конец дроби = дробь: чис­ли­тель: синус альфа , зна­ме­на­тель: синус 4 альфа конец дроби . \"></p><p class=\"left_margin\"></p></center><p class=\"left_margin\">Зна­чит,</p><p class=\"left_margin\"></p><center><p><span data-width=\"640\" data-formulahash=\"606fc5a51a3833a1404a9cea6e8bb1e2\" class=\"tex-span\" style=\"\"><img src=\"https://ege.sdamgia.ru/formula/svg/60/606fc5a51a3833a1404a9cea6e8bb1e2.svg\" class=\"tex\" style=\"vertical-align:-22.2pt\" alt=\" дробь: чис­ли­тель: BH, зна­ме­на­тель: HA конец дроби = дробь: чис­ли­тель: \\phantomn\\dfracBH, зна­ме­на­тель: HL конец дроби \\phantomn\\dfracHAHL= дробь: чис­ли­тель: \\phantomn\\dfrac синус 2 альфа , зна­ме­на­тель: синус альфа конец дроби \\phantomn\\dfrac синус альфа синус 4 альфа = дробь: чис­ли­тель: синус 2 альфа синус 4 альфа , зна­ме­на­тель: синус в квад­ра­те альфа конец дроби = дробь: чис­ли­тель: 2 синус в квад­ра­те 2 альфа ко­си­нус 2 альфа , зна­ме­на­тель: \\dfrac1 минус ко­си­нус 2 альфа 2 конец дроби = дробь: чис­ли­тель: 4 умно­жить на \\dfrac35, зна­ме­на­тель: 36 конец дроби умно­жить на \\dfrac161 минус \\dfrac16= дробь: чис­ли­тель: 7, зна­ме­на­тель: 9 конец дроби . \"></span><span data-width=\"540\" data-formulahash=\"606fc5a51a3833a1404a9cea6e8bb1e2\" class=\"tex-span\" style=\"display:none\"><img src=\"https://ege.sdamgia.ru/formula/svg/b4/b4c7c060cad6dd1feeafeb0e86ebacb3.svg\" class=\"tex\" style=\"vertical-align:-22.1pt\" alt=\" дробь: чис­ли­тель: BH, зна­ме­на­тель: HA конец дроби = дробь: чис­ли­тель: \\phantomn\\dfracBH, зна­ме­на­тель: HL конец дроби \\phantomn\\dfracHAHL= дробь: чис­ли­тель: \\phantomn\\dfrac синус 2 альфа , зна­ме­на­тель: синус альфа конец дроби \\phantomn\\dfrac синус альфа синус 4 альфа = дробь: чис­ли­тель: синус 2 альфа синус 4 альфа , зна­ме­на­тель: синус в квад­ра­те альфа конец дроби = \"><br><img src=\"https://ege.sdamgia.ru/formula/svg/32/32012a475b8e83a7e6561c6412fdae71.svg\" class=\"tex\" style=\"vertical-align:-21.9pt\" alt=\"= дробь: чис­ли­тель: 2 синус в квад­ра­те 2 альфа ко­си­нус 2 альфа , зна­ме­на­тель: \\dfrac1 минус ко­си­нус 2 альфа 2 конец дроби = дробь: чис­ли­тель: 4 умно­жить на \\dfrac35, зна­ме­на­тель: 36 конец дроби умно­жить на \\dfrac161 минус \\dfrac16= дробь: чис­ли­тель: 7, зна­ме­на­тель: 9 конец дроби . \"></span></p><p class=\"left_margin\"></p></center><p>&nbsp;</p><p><b>При­ве­дем ещё одно ре­ше­ние.</b></p><p><img src=\"/get_file?id=147377\" style=\"float:right;margin:10px;max-width:100%\"></p><p class=\"left_margin\">а)  Обо­зна­чим <img src=\"https://ege.sdamgia.ru/formula/svg/a8/a88f70c937309b9225fd4dfc3b3d4a8f.svg\" class=\"tex\" style=\"vertical-align:-3.0pt\" alt=\"\\angle LBC=\\angle LBA= альфа ,\"> тогда <img src=\"https://ege.sdamgia.ru/formula/svg/a7/a7fc52aa3129172e024d2099a7aa068b.svg\" class=\"tex\" style=\"vertical-align:-3.0pt\" alt=\"\\angle ACB=\\angle ABC=2 альфа ,\"> <img src=\"https://ege.sdamgia.ru/formula/svg/8f/8ffb4ba85da10dce436fd86b446d07ce.svg\" class=\"tex\" style=\"vertical-align:-3.0pt\" alt=\"\\angle LCD=180 гра­ду­сов минус 2 альфа ,\"> <img src=\"https://ege.sdamgia.ru/formula/svg/fe/fe4e17f6401e74bc935953ce218ebb37.svg\" class=\"tex\" style=\"vertical-align:-3.0pt\" alt=\"\\angle LDC= альфа ,\"> по­это­му <img src=\"https://ege.sdamgia.ru/formula/svg/ec/ec854a1229d3b9d1e958d51816b1524e.svg\" class=\"tex\" style=\"vertical-align:-1.8pt\" alt=\"\\angle DLC=180 гра­ду­сов минус \\angle LCD минус \\angle LDC=\"><img src=\"https://ege.sdamgia.ru/formula/svg/71/7199f9a076b3695f85af95e0a5405858.svg\" class=\"tex\" style=\"vertical-align:-3.0pt\" alt=\"= альфа =\\angle LDC,\"> зна­чит, тре­уголь­ник <i>LCD</i>  — рав­но­бед­рен­ный.</p><p class=\"left_margin\">б)  Пусть <i>H</i>  — точка пе­ре­се­че­ния  <i>DL</i> с <i>AB</i>. Тогда </p><p class=\"left_margin\"></p><center><p><span data-width=\"640\" data-formulahash=\"5fb36689f2459adc96a4fc2eb54bbcad\" class=\"tex-span\" style=\"\"><img src=\"https://ege.sdamgia.ru/formula/svg/5f/5fb36689f2459adc96a4fc2eb54bbcad.svg\" class=\"tex\" style=\"vertical-align:-3.6pt\" alt=\"\\angle HLB=180 гра­ду­сов минус \\angle BLC минус \\angle CLD=180 гра­ду­сов минус левая круг­лая скоб­ка 180 гра­ду­сов минус \\angle LBC минус \\angle LCB пра­вая круг­лая скоб­ка минус \\angle CLD=2 альфа ,\"></span><span data-width=\"515\" data-formulahash=\"5fb36689f2459adc96a4fc2eb54bbcad\" class=\"tex-span\" style=\"display:none\"><img src=\"https://ege.sdamgia.ru/formula/svg/a6/a62ff0eb9fe2532234b77dabdf94f08b.svg\" class=\"tex\" style=\"vertical-align:-1.8pt\" alt=\"\\angle HLB=180 гра­ду­сов минус \\angle BLC минус \\angle CLD=\"><br><img src=\"https://ege.sdamgia.ru/formula/svg/7c/7c1c2365e1dbe491c1eaeadbcf8efda1.svg\" class=\"tex\" style=\"vertical-align:-3.6pt\" alt=\"=180 гра­ду­сов минус левая круг­лая скоб­ка 180 гра­ду­сов минус \\angle LBC минус \\angle LCB пра­вая круг­лая скоб­ка минус \\angle CLD=2 альфа ,\"></span></p><p class=\"left_margin\"></p></center><p> по­это­му <img src=\"https://ege.sdamgia.ru/formula/svg/84/84072e24a9922362b3985ef567e25b78.svg\" class=\"tex\" style=\"vertical-align:-3.0pt\" alt=\"\\triangle HLB\\sim \\triangle LCB\"> по двум углам. От­сю­да <img src=\"https://ege.sdamgia.ru/formula/svg/0d/0d7486553b612bfa9275ae31bd40acaf.svg\" class=\"tex\" style=\"vertical-align:-8.5pt\" alt=\" дробь: чис­ли­тель: BH, зна­ме­на­тель: BL конец дроби = дробь: чис­ли­тель: BL, зна­ме­на­тель: BC конец дроби рав­но­силь­но BH= дробь: чис­ли­тель: BL в квад­ра­те , зна­ме­на­тель: BC конец дроби . \"></p><p class=\"left_margin\">По­сколь­ку <img src=\"https://ege.sdamgia.ru/formula/svg/96/96659500592170d27807d3cb30d84cec.svg\" class=\"tex\" style=\"vertical-align:-8.5pt\" alt=\" ко­си­нус \\angle ABC= дробь: чис­ли­тель: 1, зна­ме­на­тель: 6 конец дроби ,\"> то <img src=\"https://ege.sdamgia.ru/formula/svg/8d/8dc29fe6611162c5ff8616ee0f1f6383.svg\" class=\"tex\" style=\"vertical-align:-8.4pt\" alt=\" дробь: чис­ли­тель: BC, зна­ме­на­тель: AB конец дроби = дробь: чис­ли­тель: 1, зна­ме­на­тель: 3 конец дроби . \"> Пусть <i>BC  =  x</i>, <i>AB</i>  =  3<i>x</i>. По тео­ре­ме о бис­сек­три­се  <img src=\"https://ege.sdamgia.ru/formula/svg/44/44f3521e860a7897a41fcc64092c518d.svg\" class=\"tex\" style=\"vertical-align:-8.4pt\" alt=\" дробь: чис­ли­тель: AL, зна­ме­на­тель: LC конец дроби = дробь: чис­ли­тель: AB, зна­ме­на­тель: BC конец дроби , \"> от­ку­да на­хо­дим <img src=\"https://ege.sdamgia.ru/formula/svg/80/80fdbb8ccaa8d47784a9a7a1ea7d99bc.svg\" class=\"tex\" style=\"vertical-align:-8.4pt\" alt=\"AL= дробь: чис­ли­тель: 3, зна­ме­на­тель: 4 конец дроби умно­жить на 3x= дробь: чис­ли­тель: 9, зна­ме­на­тель: 4 конец дроби x, \"> <img src=\"https://ege.sdamgia.ru/formula/svg/21/21456cef8ae58871be4fc1033a5d7d6d.svg\" class=\"tex\" style=\"vertical-align:-8.4pt\" alt=\"CL= дробь: чис­ли­тель: 3, зна­ме­на­тель: 4 конец дроби x.\"> Тогда </p><p class=\"left_margin\"></p><center><p><span data-width=\"640\" data-formulahash=\"e9c4a722d11334a193db670645327f32\" class=\"tex-span\" style=\"\"><img src=\"https://ege.sdamgia.ru/formula/svg/e9/e9c4a722d11334a193db670645327f32.svg\" class=\"tex\" style=\"vertical-align:-8.8pt\" alt=\"BL=LD= ко­рень из: на­ча­ло ар­гу­мен­та: CL в квад­ра­те плюс CD в квад­ра­те минус 2 умно­жить на CL умно­жить на CD умно­жить на ко­си­нус левая круг­лая скоб­ка 180 гра­ду­сов минус 2 альфа пра­вая круг­лая скоб­ка конец ар­гу­мен­та = ко­рень из: на­ча­ло ар­гу­мен­та: дробь: чис­ли­тель: 18x в квад­ра­те , зна­ме­на­тель: 16 конец дроби плюс дробь: чис­ли­тель: 18x в квад­ра­те , зна­ме­на­тель: 16 конец дроби умно­жить на дробь: чис­ли­тель: 1, зна­ме­на­тель: 6 конец дроби конец ар­гу­мен­та = дробь: чис­ли­тель: x, зна­ме­на­тель: 4 конец дроби ко­рень из: на­ча­ло ар­гу­мен­та: 21 конец ар­гу­мен­та , \"></span><span data-width=\"565\" data-formulahash=\"e9c4a722d11334a193db670645327f32\" class=\"tex-span\" style=\"display:none\"><img src=\"https://ege.sdamgia.ru/formula/svg/54/54975853a9d05af4dc2e8ec897b1f823.svg\" class=\"tex\" style=\"vertical-align:-6.8pt\" alt=\"BL=LD= ко­рень из: на­ча­ло ар­гу­мен­та: CL в квад­ра­те плюс CD в квад­ра­те минус 2 умно­жить на CL умно­жить на CD умно­жить на ко­си­нус левая круг­лая скоб­ка 180 гра­ду­сов минус 2 альфа пра­вая круг­лая скоб­ка конец ар­гу­мен­та =\"><br><img src=\"https://ege.sdamgia.ru/formula/svg/67/67d89912d565f66fd91ae6702a5c61d5.svg\" class=\"tex\" style=\"vertical-align:-8.8pt\" alt=\"= ко­рень из: на­ча­ло ар­гу­мен­та: дробь: чис­ли­тель: 18x в квад­ра­те , зна­ме­на­тель: 16 конец дроби плюс дробь: чис­ли­тель: 18x в квад­ра­те , зна­ме­на­тель: 16 конец дроби умно­жить на дробь: чис­ли­тель: 1, зна­ме­на­тель: 6 конец дроби конец ар­гу­мен­та = дробь: чис­ли­тель: x, зна­ме­на­тель: 4 конец дроби ко­рень из: на­ча­ло ар­гу­мен­та: 21 конец ар­гу­мен­та , \"></span><span data-width=\"365\" data-formulahash=\"e9c4a722d11334a193db670645327f32\" class=\"tex-span\" style=\"display:none\"><img src=\"https://ege.sdamgia.ru/formula/svg/39/39a8e67a399ae85df8a1445fde7217a5.svg\" class=\"tex\" style=\"vertical-align:-1.8pt\" alt=\"BL=LD=\"><br><img src=\"https://ege.sdamgia.ru/formula/svg/bf/bf863f1b10ff5157b5878a94d494fb2c.svg\" class=\"tex\" style=\"vertical-align:-6.8pt\" alt=\"= ко­рень из: на­ча­ло ар­гу­мен­та: CL в квад­ра­те плюс CD в квад­ра­те минус 2 умно­жить на CL умно­жить на CD умно­жить на ко­си­нус левая круг­лая скоб­ка 180 гра­ду­сов минус 2 альфа пра­вая круг­лая скоб­ка конец ар­гу­мен­та =\"><br><img src=\"https://ege.sdamgia.ru/formula/svg/67/67d89912d565f66fd91ae6702a5c61d5.svg\" class=\"tex\" style=\"vertical-align:-8.8pt\" alt=\"= ко­рень из: на­ча­ло ар­гу­мен­та: дробь: чис­ли­тель: 18x в квад­ра­те , зна­ме­на­тель: 16 конец дроби плюс дробь: чис­ли­тель: 18x в квад­ра­те , зна­ме­на­тель: 16 конец дроби умно­жить на дробь: чис­ли­тель: 1, зна­ме­на­тель: 6 конец дроби конец ар­гу­мен­та = дробь: чис­ли­тель: x, зна­ме­на­тель: 4 конец дроби ко­рень из: на­ча­ло ар­гу­мен­та: 21 конец ар­гу­мен­та , \"></span></p><p class=\"left_margin\"></p></center> зна­чит, <img src=\"https://ege.sdamgia.ru/formula/svg/16/161bae6d2b4d77f252c789eacd4d912c.svg\" class=\"tex\" style=\"vertical-align:-8.5pt\" alt=\"BH= дробь: чис­ли­тель: 21x в квад­ра­те , зна­ме­на­тель: 16x конец дроби = дробь: чис­ли­тель: 21x, зна­ме­на­тель: 16 конец дроби , \"> от­ку­да <img src=\"https://ege.sdamgia.ru/formula/svg/68/689f3d20006f977e3db238b72290215b.svg\" class=\"tex\" style=\"vertical-align:-22.0pt\" alt=\" дробь: чис­ли­тель: BH, зна­ме­на­тель: HA конец дроби = дробь: чис­ли­тель: \\dfrac21x, зна­ме­на­тель: 16 конец дроби 3x минус \\dfrac21x16= дробь: чис­ли­тель: 21, зна­ме­на­тель: 48 минус 21 конец дроби = дробь: чис­ли­тель: 7, зна­ме­на­тель: 9 конец дроби . \"><p>&nbsp;</p><p><b>Еще не­сколь­ко под­хо­дов</b> из­ло­же­ны при ре­ше­нии за­да­ния <a href=\"https://ege.sdamgia.ru/problem?id=513277\" target=\"_blank\">513277</a>.</p></div>",
        "image_urls": [
            "https://ege.sdamgia.ru/formula/svg/fa/fa2b91172cf8bc16d0b040244919ae4d.svg",
            "https://ege.sdamgia.ru/formula/svg/9b/9bad53e9a8ce6e6be107172c81a828c6.svg",
            "https://ege.sdamgia.ru/formula/svg/22/228e8c306f490ac64fd153aeae7d7b2f.svg",
            "https://ege.sdamgia.ru/formula/svg/ee/eece4daca37ef1097091788ab8a7f9f0.svg",
            "https://ege.sdamgia.ru/formula/svg/63/63253a50873b378c6cb86e8880d99f3a.svg",
            "https://ege.sdamgia.ru/formula/svg/d8/d82dc784dcf1565615de7a096ed71332.svg",
            "https://ege.sdamgia.ru/formula/svg/c2/c29b37582f4b5e43df3c8a886434275e.svg",
            "https://ege.sdamgia.ru/formula/svg/b4/b4f4cfeaff0f882c552d888e4535ff98.svg",
            "https://ege.sdamgia.ru/formula/svg/bd/bd8af6d5b947ddd6731fa9bd61baa111.svg",
            "https://ege.sdamgia.ru/formula/svg/4f/4f366e7cd6c3817239d586ddf0427089.svg",
            "https://ege.sdamgia.ru/formula/svg/f0/f06022f78305eaab902874b0ca691f71.svg",
            "https://ege.sdamgia.ru/formula/svg/9a/9a281cc8e1b57e7c8db8b98976aac4bd.svg",
            "https://ege.sdamgia.ru/formula/svg/35/352038fb16a6d25dbc1d86973cd2552d.svg",
            "https://ege.sdamgia.ru/formula/svg/17/17d7ee51949f97240f2f3af798a293d2.svg",
            "https://ege.sdamgia.ru/formula/svg/19/198c51807ce488fc18e721646ba5621b.svg",
            "https://ege.sdamgia.ru/formula/svg/60/606fc5a51a3833a1404a9cea6e8bb1e2.svg",
            "https://ege.sdamgia.ru/formula/svg/b4/b4c7c060cad6dd1feeafeb0e86ebacb3.svg",
            "https://ege.sdamgia.ru/formula/svg/32/32012a475b8e83a7e6561c6412fdae71.svg",
            "https://ege.sdamgia.ru/formula/svg/a8/a88f70c937309b9225fd4dfc3b3d4a8f.svg",
            "https://ege.sdamgia.ru/formula/svg/a7/a7fc52aa3129172e024d2099a7aa068b.svg",
            "https://ege.sdamgia.ru/formula/svg/8f/8ffb4ba85da10dce436fd86b446d07ce.svg",
            "https://ege.sdamgia.ru/formula/svg/fe/fe4e17f6401e74bc935953ce218ebb37.svg",
            "https://ege.sdamgia.ru/formula/svg/ec/ec854a1229d3b9d1e958d51816b1524e.svg",
            "https://ege.sdamgia.ru/formula/svg/71/7199f9a076b3695f85af95e0a5405858.svg",
            "https://ege.sdamgia.ru/formula/svg/5f/5fb36689f2459adc96a4fc2eb54bbcad.svg",
            "https://ege.sdamgia.ru/formula/svg/a6/a62ff0eb9fe2532234b77dabdf94f08b.svg",
            "https://ege.sdamgia.ru/formula/svg/7c/7c1c2365e1dbe491c1eaeadbcf8efda1.svg",
            "https://ege.sdamgia.ru/formula/svg/84/84072e24a9922362b3985ef567e25b78.svg",
            "https://ege.sdamgia.ru/formula/svg/0d/0d7486553b612bfa9275ae31bd40acaf.svg",
            "https://ege.sdamgia.ru/formula/svg/96/96659500592170d27807d3cb30d84cec.svg",
            "https://ege.sdamgia.ru/formula/svg/8d/8dc29fe6611162c5ff8616ee0f1f6383.svg",
            "https://ege.sdamgia.ru/formula/svg/44/44f3521e860a7897a41fcc64092c518d.svg",
            "https://ege.sdamgia.ru/formula/svg/80/80fdbb8ccaa8d47784a9a7a1ea7d99bc.svg",
            "https://ege.sdamgia.ru/formula/svg/21/21456cef8ae58871be4fc1033a5d7d6d.svg",
            "https://ege.sdamgia.ru/formula/svg/e9/e9c4a722d11334a193db670645327f32.svg",
            "https://ege.sdamgia.ru/formula/svg/54/54975853a9d05af4dc2e8ec897b1f823.svg",
            "https://ege.sdamgia.ru/formula/svg/67/67d89912d565f66fd91ae6702a5c61d5.svg",
            "https://ege.sdamgia.ru/formula/svg/39/39a8e67a399ae85df8a1445fde7217a5.svg",
            "https://ege.sdamgia.ru/formula/svg/bf/bf863f1b10ff5157b5878a94d494fb2c.svg",
            "https://ege.sdamgia.ru/formula/svg/67/67d89912d565f66fd91ae6702a5c61d5.svg",
            "https://ege.sdamgia.ru/formula/svg/16/161bae6d2b4d77f252c789eacd4d912c.svg",
            "https://ege.sdamgia.ru/formula/svg/68/689f3d20006f977e3db238b72290215b.svg",
            "/get_file?id=147378",
            "/get_file?id=147377"
        ]
    },
    "answer": "9 : 7 (или 7 : 9).",
    "topic_id": 17,
    "analog_ids": [
        514717,
        513277
    ]
}