{
    "gia_type": "ege",
    "subject": "math",
    "id": 515689,
    "condition": {
        "text": "Точки B1 и C1 лежат на сторонах соответственно AC и AB треугольника ABC, причём AB1 : B1C  =  AC1 : C1B. Прямые BB1 и CC1 пересекаются в точке O.а)  Докажите, что прямая AO делит пополам сторону BC.б)  Найдите отношение площади четырёхугольника AB1OC1 к площади треугольника ABC, если известно, что AB1 : B1C  =  AC1 : C1B  =  1 : 4.",
        "html": "<div align=\"justify\" width=\"100%\" id=\"body635029\" class=\"pbody\"><p class=\"left_margin\">Точки <i>B</i><sub>1</sub> и <i>C</i><sub>1</sub> лежат на сто­ро­нах со­от­вет­ствен­но <i>AC</i> и <i>AB</i> тре­уголь­ни­ка <i>ABC</i>, причём <i>AB</i><sub>1</sub> : <i>B</i><sub>1</sub><i>C</i>  =  <i>AC</i><sub>1</sub> : <i>C</i><sub>1</sub><i>B</i>. Пря­мые <i>BB</i><sub>1</sub> и <i>CC</i><sub>1</sub> пе­ре­се­ка­ют­ся в точке <i>O</i>.</p><p class=\"left_margin\">а)  До­ка­жи­те, что пря­мая <i>AO</i> делит по­по­лам сто­ро­ну <i>BC</i>.</p><p class=\"left_margin\">б)  Най­ди­те от­но­ше­ние пло­ща­ди четырёхуголь­ни­ка <i>AB</i><sub>1</sub><i>OC</i><sub>1</sub> к пло­ща­ди тре­уголь­ни­ка <i>ABC</i>, если из­вест­но, что <i>AB</i><sub>1</sub> : <i>B</i><sub>1</sub><i>C</i>  =  <i>AC</i><sub>1</sub> : <i>C</i><sub>1</sub><i>B</i>  =  1 : 4.</p></div>",
        "image_urls": []
    },
    "solution": {
        "text": "Решение. а)  По теореме Менелая  и  Поскольку  находим: б)  По теореме Менелая  Также имеем  Заметим, что треугольники AB1B и BCB1 имеют общую высоту, следовательно:  Поэтому  Аналогично доказываем, что Треугольники AOC и AC1O имеют общую высоту, поэтому  Аналогично доказываем, что  Тогда  Ответ:  Приведём другое решение (Олег Цимбалист).а)  Из заданного по условию соотношения длин отрезков следует подобие треугольников ABC и  из которого, в свою очередь, следует параллельность отрезков BC и  Отрезок  рассекает исходный треугольник ABC на треугольник  и трапецию  в которой точка О  — это точка пересечения диагоналей.Точка пересечения диагоналей трапеции лежит на прямой, проходящей через точку пересечения продолжений боковых сторон трапеции и середины её оснований, из чего следует искомое утверждение. б)  Пусть в треугольнике ABC длина основания BC равна a, а высота, опущенная из вершины на основание BC, равна h. И пусть площадь треугольника АВС равна  тогда  Высота отсеченной трапеции  составит  Диагонали трапеции отсекают от неё подобные треугольники BCO и  в которых Высоты этих треугольников тоже соотносятся как 5:1, следовательно, высота треугольника BCO составит 5/6 от высоты трапеции  Поэтому площадь  а площадь треугольника  составит его 25-ю часть, то есть  Наконец, Итак, искомое соотношение равно 1:15.",
        "html": "<div align=\"justify\" width=\"100%\" id=\"sol515689\" class=\"solution\" style=\"clear:both;\" class=\"pbody\"><p class=\"left_margin\"></p><b>Ре­ше­ние<!--rule_info-->. </b><p class=\"left_margin\"><img src=\"/get_file?id=147383\" style=\"float:right;margin:10px;max-width:100%\"></p><p class=\"left_margin\">а)  По тео­ре­ме Ме­не­лая <img src=\"https://ege.sdamgia.ru/formula/svg/7f/7f0a579b8ec3f6770719e4b8eab57439.svg\" class=\"tex\" style=\"vertical-align:-10.0pt\" alt=\" дробь: чис­ли­тель: CB, зна­ме­на­тель: BK конец дроби умно­жить на дробь: чис­ли­тель: KO, зна­ме­на­тель: OA конец дроби умно­жить на дробь: чис­ли­тель: AB_1, зна­ме­на­тель: B_1C конец дроби =1 \"> и <img src=\"https://ege.sdamgia.ru/formula/svg/9b/9b6da5988142390bfb15d630b8704131.svg\" class=\"tex\" style=\"vertical-align:-10.0pt\" alt=\" дробь: чис­ли­тель: BC, зна­ме­на­тель: CK конец дроби умно­жить на дробь: чис­ли­тель: KO, зна­ме­на­тель: OA конец дроби умно­жить на дробь: чис­ли­тель: AC_1, зна­ме­на­тель: C_1B конец дроби =1. \"> По­сколь­ку <img src=\"https://ege.sdamgia.ru/formula/svg/14/14f6c7481a066b3fc040594314d0a3cf.svg\" class=\"tex\" style=\"vertical-align:-10.0pt\" alt=\" дробь: чис­ли­тель: AC_1, зна­ме­на­тель: C_1B конец дроби = дробь: чис­ли­тель: AB_1, зна­ме­на­тель: B_1C конец дроби , \"> на­хо­дим: <img src=\"https://ege.sdamgia.ru/formula/svg/1c/1c6b18e83d82a14e45c6e70a5d063a37.svg\" class=\"tex\" style=\"vertical-align:-8.4pt\" alt=\" дробь: чис­ли­тель: CB, зна­ме­на­тель: BK конец дроби = дробь: чис­ли­тель: BC, зна­ме­на­тель: CK конец дроби рав­но­силь­но CK=BK. \"></p><p class=\"left_margin\">б)  По тео­ре­ме Ме­не­лая <img src=\"https://ege.sdamgia.ru/formula/svg/68/682254e52b4a5e27dfadd5bce6c95c9d.svg\" class=\"tex\" style=\"vertical-align:-10.0pt\" alt=\" дробь: чис­ли­тель: AB, зна­ме­на­тель: AC_1 конец дроби умно­жить на дробь: чис­ли­тель: C_1O, зна­ме­на­тель: OC конец дроби умно­жить на дробь: чис­ли­тель: CK, зна­ме­на­тель: KB конец дроби =1 рав­но­силь­но дробь: чис­ли­тель: C_1O, зна­ме­на­тель: OC конец дроби = дробь: чис­ли­тель: 1, зна­ме­на­тель: 5 конец дроби . \"> Также имеем <img src=\"https://ege.sdamgia.ru/formula/svg/c5/c590fec5501f7fc747b04f56b6dba0d1.svg\" class=\"tex\" style=\"vertical-align:-10.0pt\" alt=\" дробь: чис­ли­тель: CA, зна­ме­на­тель: AB_1 конец дроби умно­жить на дробь: чис­ли­тель: B_1O, зна­ме­на­тель: OB конец дроби умно­жить на дробь: чис­ли­тель: BK, зна­ме­на­тель: KC конец дроби = 1 рав­но­силь­но дробь: чис­ли­тель: B_1O, зна­ме­на­тель: OB конец дроби = дробь: чис­ли­тель: 1, зна­ме­на­тель: 5 конец дроби . \"> За­ме­тим, что тре­уголь­ни­ки <i>AB</i><sub>1</sub><i>B</i> и <i>BCB</i><sub>1</sub> имеют общую вы­со­ту, сле­до­ва­тель­но: <img src=\"https://ege.sdamgia.ru/formula/svg/1f/1f793423f216cf24d729160a62ec77d7.svg\" class=\"tex\" style=\"vertical-align:-11.2pt\" alt=\" дробь: чис­ли­тель: S_AB_1B, зна­ме­на­тель: S_BCB_1 конец дроби = дробь: чис­ли­тель: 1, зна­ме­на­тель: 4 конец дроби . \"> По­это­му <img src=\"https://ege.sdamgia.ru/formula/svg/15/1587a9436bcfe34a8f1d76707d3a06d3.svg\" class=\"tex\" style=\"vertical-align:-10.0pt\" alt=\" дробь: чис­ли­тель: S_AB_1B, зна­ме­на­тель: S_ABC конец дроби = дробь: чис­ли­тель: 1, зна­ме­на­тель: 5 конец дроби . \"> Ана­ло­гич­но до­ка­зы­ва­ем, что <img src=\"https://ege.sdamgia.ru/formula/svg/4b/4bd2603b8cdb43a16ffae93845afaa7a.svg\" class=\"tex\" style=\"vertical-align:-10.0pt\" alt=\" дробь: чис­ли­тель: S_CAC_1, зна­ме­на­тель: S_ABC конец дроби = дробь: чис­ли­тель: 1, зна­ме­на­тель: 5 конец дроби . \"></p><p class=\"left_margin\">Тре­уголь­ни­ки <i>AOC</i> и <i>AC</i><sub>1</sub><i>O</i> имеют общую вы­со­ту, по­это­му <img src=\"https://ege.sdamgia.ru/formula/svg/71/71e53dbedf36873d0699acb5107288b3.svg\" class=\"tex\" style=\"vertical-align:-11.2pt\" alt=\" дробь: чис­ли­тель: S_AC_1O, зна­ме­на­тель: S_AOC конец дроби = дробь: чис­ли­тель: 1, зна­ме­на­тель: 5 конец дроби рав­но­силь­но дробь: чис­ли­тель: S_AC_1O, зна­ме­на­тель: S_AC_1C конец дроби = дробь: чис­ли­тель: 1, зна­ме­на­тель: 6 конец дроби рав­но­силь­но дробь: чис­ли­тель: S_AC_1O, зна­ме­на­тель: S_ABC конец дроби = дробь: чис­ли­тель: 1, зна­ме­на­тель: 30 конец дроби . \"> Ана­ло­гич­но до­ка­зы­ва­ем, что <img src=\"https://ege.sdamgia.ru/formula/svg/ef/ef86ed87bdb48a26817b7158710e55ca.svg\" class=\"tex\" style=\"vertical-align:-10.0pt\" alt=\" дробь: чис­ли­тель: S_AB_1O, зна­ме­на­тель: S_ABC конец дроби = дробь: чис­ли­тель: 1, зна­ме­на­тель: 30 конец дроби . \"> Тогда <img src=\"https://ege.sdamgia.ru/formula/svg/f0/f0eec6420f392b7bb518208a019fc59e.svg\" class=\"tex\" style=\"vertical-align:-10.0pt\" alt=\" дробь: чис­ли­тель: S_AB_1OC_1, зна­ме­на­тель: S_ABC конец дроби = дробь: чис­ли­тель: 1, зна­ме­на­тель: 15 конец дроби . \"></p><p>&nbsp;</p><p><span style=\"letter-spacing: 2px;\">Ответ:</span> <img src=\"https://ege.sdamgia.ru/formula/svg/85/852197108bc7e0c252ec62d1b344ec79.svg\" class=\"tex\" style=\"vertical-align:-1.8pt\" alt=\"1:15.\"></p><p><img src=\"/get_file?id=147383\" style=\"float:right;margin:10px;max-width:100%\"></p><p>&nbsp;</p><p><b>При­ведём дру­гое ре­ше­ние (Олег Цим­ба­лист).</b></p><p class=\"left_margin\">а)  Из за­дан­но­го по усло­вию со­от­но­ше­ния длин от­рез­ков сле­ду­ет по­до­бие тре­уголь­ни­ков <i>ABC</i> и <img src=\"https://ege.sdamgia.ru/formula/svg/90/906fd5b6b92607758cc4b8aa851c5bbd.svg\" class=\"tex\" style=\"vertical-align:-3.0pt\" alt=\"AB_1 C_1,\"> из ко­то­ро­го, в свою оче­редь, сле­ду­ет па­рал­лель­ность от­рез­ков <i>BC</i> и <img src=\"https://ege.sdamgia.ru/formula/svg/68/689b56ecf6b30ab5b91e2bfd989df836.svg\" class=\"tex\" style=\"vertical-align:-2.5pt\" alt=\"B_1 C_1.\"> От­ре­зок <img src=\"https://ege.sdamgia.ru/formula/svg/ce/ce014eabb73a1f9d267c73477daa9b51.svg\" class=\"tex\" style=\"vertical-align:-2.5pt\" alt=\"B_1 C_1\"> рас­се­ка­ет ис­ход­ный тре­уголь­ник <i>ABC</i> на тре­уголь­ник <img src=\"https://ege.sdamgia.ru/formula/svg/34/349576d1501411be26120f314a07a4a2.svg\" class=\"tex\" style=\"vertical-align:-2.5pt\" alt=\"AB_1 C_1\"> и тра­пе­цию <img src=\"https://ege.sdamgia.ru/formula/svg/03/03ce23159cbc7672b13adc4508531610.svg\" class=\"tex\" style=\"vertical-align:-3.0pt\" alt=\"BC_1 B_1C,\"> в ко­то­рой точка <i>О</i>  — это точка пе­ре­се­че­ния диа­го­на­лей.</p><p class=\"left_margin\">Точка пе­ре­се­че­ния диа­го­на­лей тра­пе­ции лежит на пря­мой, про­хо­дя­щей через точку пе­ре­се­че­ния про­дол­же­ний бо­ко­вых сто­рон тра­пе­ции и се­ре­ди­ны её ос­но­ва­ний, из чего сле­ду­ет ис­ко­мое утвер­жде­ние.</p><p>&nbsp;</p><p class=\"left_margin\">б)  Пусть в тре­уголь­ни­ке <i>ABC</i> длина ос­но­ва­ния <i>BC</i> равна <i>a</i>, а вы­со­та, опу­щен­ная из вер­ши­ны на ос­но­ва­ние <i>BC</i>, равна <i>h</i>. И пусть пло­щадь тре­уголь­ни­ка <i>АВС</i> равна <img src=\"https://ege.sdamgia.ru/formula/svg/51/51782d1b5460f6f61a11c99772c9c12c.svg\" class=\"tex\" style=\"vertical-align:-8.4pt\" alt=\"S = дробь: чис­ли­тель: 1, зна­ме­на­тель: 2 конец дроби ah,\"> тогда <img src=\"https://ege.sdamgia.ru/formula/svg/f5/f52d2394daf1dff20bf3f8e21ed181f6.svg\" class=\"tex\" style=\"vertical-align:-8.5pt\" alt=\"S_∆AB_1 C_1= дробь: чис­ли­тель: 1, зна­ме­на­тель: 25 конец дроби S. \"> </p><p class=\"left_margin\">Вы­со­та от­се­чен­ной тра­пе­ции <img src=\"https://ege.sdamgia.ru/formula/svg/73/736723438c0318d7c9521f3683320bc6.svg\" class=\"tex\" style=\"vertical-align:-2.5pt\" alt=\"BC_1 B_1 C\"> со­ста­вит <img src=\"https://ege.sdamgia.ru/formula/svg/ed/ed67f1c9b5c8ce874c17e48a33bc00e7.svg\" class=\"tex\" style=\"vertical-align:-8.5pt\" alt=\" дробь: чис­ли­тель: 4, зна­ме­на­тель: 5 конец дроби h.\"> Диа­го­на­ли тра­пе­ции от­се­ка­ют от неё по­доб­ные тре­уголь­ни­ки <i>BCO</i> и <img src=\"https://ege.sdamgia.ru/formula/svg/a6/a61ebd1879194960d785887fc7dc3e96.svg\" class=\"tex\" style=\"vertical-align:-3.0pt\" alt=\"B_1 C_1 O,\"> в ко­то­рых </p><p class=\"left_margin\"></p><center><p><img src=\"https://ege.sdamgia.ru/formula/svg/6c/6c390d639dbdeb4a5de2b8314ecac55d.svg\" class=\"tex\" style=\"vertical-align:-10.0pt\" alt=\" дробь: чис­ли­тель: BC, зна­ме­на­тель: B_1 C_1 конец дроби = дробь: чис­ли­тель: BO, зна­ме­на­тель: B_1 O конец дроби = дробь: чис­ли­тель: CO, зна­ме­на­тель: C_1 O конец дроби = дробь: чис­ли­тель: 5, зна­ме­на­тель: 1 конец дроби . \"></p><p class=\"left_margin\"></p></center><p class=\"left_margin\">Вы­со­ты этих тре­уголь­ни­ков тоже со­от­но­сят­ся как 5:1, сле­до­ва­тель­но, вы­со­та тре­уголь­ни­ка <i>BCO</i> со­ста­вит 5/6 от вы­со­ты тра­пе­ции <img src=\"https://ege.sdamgia.ru/formula/svg/50/5057d60d6035772e7dd3f98de46a4171.svg\" class=\"tex\" style=\"vertical-align:-2.5pt\" alt=\"BC_1 B_1 C.\"> По­это­му пло­щадь <img src=\"https://ege.sdamgia.ru/formula/svg/d4/d4b6526a428d0ab31321161f6a4cd0a4.svg\" class=\"tex\" style=\"vertical-align:-8.4pt\" alt=\"S_∆BCO= дробь: чис­ли­тель: 1, зна­ме­на­тель: 2 конец дроби a умно­жить на дробь: чис­ли­тель: 5, зна­ме­на­тель: 6 конец дроби умно­жить на дробь: чис­ли­тель: 4, зна­ме­на­тель: 5 конец дроби h= дробь: чис­ли­тель: 2, зна­ме­на­тель: 3 конец дроби S,\"> а пло­щадь тре­уголь­ни­ка <img src=\"https://ege.sdamgia.ru/formula/svg/ed/ed17d98964206bc5d3e8fdf672ebfbca.svg\" class=\"tex\" style=\"vertical-align:-2.5pt\" alt=\"B_1 C_1 O \"> со­ста­вит его 25-ю часть, то есть <img src=\"https://ege.sdamgia.ru/formula/svg/3b/3b8373bab107e9851138e1a7217ed6d1.svg\" class=\"tex\" style=\"vertical-align:-8.5pt\" alt=\"S_∆B_1 C_1 O= дробь: чис­ли­тель: 2, зна­ме­на­тель: конец дроби 75S.\"> На­ко­нец, <img src=\"https://ege.sdamgia.ru/formula/svg/9c/9ccc5ca108faad408c5be8720bc5eeb1.svg\" class=\"tex\" style=\"vertical-align:-8.4pt\" alt=\"S_AB_1 OC_1=S_∆AB_1 C_1 плюс S_∆B_1 C_1 O= дробь: чис­ли­тель: 1, зна­ме­на­тель: конец дроби 25 S плюс дробь: чис­ли­тель: 2, зна­ме­на­тель: конец дроби 75 S= дробь: чис­ли­тель: 5, зна­ме­на­тель: конец дроби 75 S= дробь: чис­ли­тель: 1, зна­ме­на­тель: конец дроби 15 S.\"></p><p class=\"left_margin\">Итак, ис­ко­мое со­от­но­ше­ние равно 1:15.</p></div>",
        "image_urls": [
            "https://ege.sdamgia.ru/formula/svg/7f/7f0a579b8ec3f6770719e4b8eab57439.svg",
            "https://ege.sdamgia.ru/formula/svg/9b/9b6da5988142390bfb15d630b8704131.svg",
            "https://ege.sdamgia.ru/formula/svg/14/14f6c7481a066b3fc040594314d0a3cf.svg",
            "https://ege.sdamgia.ru/formula/svg/1c/1c6b18e83d82a14e45c6e70a5d063a37.svg",
            "https://ege.sdamgia.ru/formula/svg/68/682254e52b4a5e27dfadd5bce6c95c9d.svg",
            "https://ege.sdamgia.ru/formula/svg/c5/c590fec5501f7fc747b04f56b6dba0d1.svg",
            "https://ege.sdamgia.ru/formula/svg/1f/1f793423f216cf24d729160a62ec77d7.svg",
            "https://ege.sdamgia.ru/formula/svg/15/1587a9436bcfe34a8f1d76707d3a06d3.svg",
            "https://ege.sdamgia.ru/formula/svg/4b/4bd2603b8cdb43a16ffae93845afaa7a.svg",
            "https://ege.sdamgia.ru/formula/svg/71/71e53dbedf36873d0699acb5107288b3.svg",
            "https://ege.sdamgia.ru/formula/svg/ef/ef86ed87bdb48a26817b7158710e55ca.svg",
            "https://ege.sdamgia.ru/formula/svg/f0/f0eec6420f392b7bb518208a019fc59e.svg",
            "https://ege.sdamgia.ru/formula/svg/85/852197108bc7e0c252ec62d1b344ec79.svg",
            "https://ege.sdamgia.ru/formula/svg/90/906fd5b6b92607758cc4b8aa851c5bbd.svg",
            "https://ege.sdamgia.ru/formula/svg/68/689b56ecf6b30ab5b91e2bfd989df836.svg",
            "https://ege.sdamgia.ru/formula/svg/ce/ce014eabb73a1f9d267c73477daa9b51.svg",
            "https://ege.sdamgia.ru/formula/svg/34/349576d1501411be26120f314a07a4a2.svg",
            "https://ege.sdamgia.ru/formula/svg/03/03ce23159cbc7672b13adc4508531610.svg",
            "https://ege.sdamgia.ru/formula/svg/51/51782d1b5460f6f61a11c99772c9c12c.svg",
            "https://ege.sdamgia.ru/formula/svg/f5/f52d2394daf1dff20bf3f8e21ed181f6.svg",
            "https://ege.sdamgia.ru/formula/svg/73/736723438c0318d7c9521f3683320bc6.svg",
            "https://ege.sdamgia.ru/formula/svg/ed/ed67f1c9b5c8ce874c17e48a33bc00e7.svg",
            "https://ege.sdamgia.ru/formula/svg/a6/a61ebd1879194960d785887fc7dc3e96.svg",
            "https://ege.sdamgia.ru/formula/svg/6c/6c390d639dbdeb4a5de2b8314ecac55d.svg",
            "https://ege.sdamgia.ru/formula/svg/50/5057d60d6035772e7dd3f98de46a4171.svg",
            "https://ege.sdamgia.ru/formula/svg/d4/d4b6526a428d0ab31321161f6a4cd0a4.svg",
            "https://ege.sdamgia.ru/formula/svg/ed/ed17d98964206bc5d3e8fdf672ebfbca.svg",
            "https://ege.sdamgia.ru/formula/svg/3b/3b8373bab107e9851138e1a7217ed6d1.svg",
            "https://ege.sdamgia.ru/formula/svg/9c/9ccc5ca108faad408c5be8720bc5eeb1.svg",
            "/get_file?id=147383"
        ]
    },
    "answer": "",
    "topic_id": 17,
    "analog_ids": []
}