{
    "gia_type": "ege",
    "subject": "math",
    "id": 517202,
    "condition": {
        "text": "Прямая, проходящая через середину M гипотенузы AB прямоугольного треугольника ABC, перпендикулярна CM и пересекает катет AC в точке K. При этом AK : KC = 1 : 2.а)  Докажите, что б)  Пусть прямые MK и BC пресекаются в точке P, а прямые AP и BK  — в точке Q. Найдите KQ, если BC  =  ",
        "html": "<div align=\"justify\" width=\"100%\" id=\"body625326\" class=\"pbody\"><p class=\"left_margin\">Пря­мая, про­хо­дя­щая через се­ре­ди­ну <i>M</i> ги­по­те­ну­зы <i>AB</i> пря­мо­уголь­но­го тре­уголь­ни­ка <i>ABC</i>, пер­пен­ди­ку­ляр­на <i>CM</i> и пе­ре­се­ка­ет катет <i>AC</i> в точке <i>K</i>. При этом <i>AK</i> : <i>KC</i> = 1 : 2.</p><p class=\"left_margin\">а)  До­ка­жи­те, что <img src=\"https://ege.sdamgia.ru/formula/svg/63/63e0a2bf62f4bd55d396e3bef5fbb7c5.svg\" class=\"tex\" style=\"vertical-align:-1.8pt\" alt=\"\\angle BAC=30 гра­ду­сов.\"></p><p class=\"left_margin\">б)  Пусть пря­мые <i>MK</i> и <i>BC</i> пре­се­ка­ют­ся в точке <i>P</i>, а пря­мые <i>AP</i> и <i>BK</i>  — в точке <i>Q</i>. Най­ди­те <i>KQ</i>, если <i>BC</i>  =  <img src=\"https://ege.sdamgia.ru/formula/svg/42/425b4a6218d4069db8496e471b3c612b.svg\" class=\"tex\" style=\"vertical-align:-1.8pt\" alt=\" ко­рень из: на­ча­ло ар­гу­мен­та: 21 конец ар­гу­мен­та .\"></p></div>",
        "image_urls": [
            "https://ege.sdamgia.ru/formula/svg/63/63e0a2bf62f4bd55d396e3bef5fbb7c5.svg",
            "https://ege.sdamgia.ru/formula/svg/42/425b4a6218d4069db8496e471b3c612b.svg"
        ]
    },
    "solution": {
        "text": "Решение. а)  Пусть E  — середина KC. Тогда ME  — медиана прямоугольного треугольника CMK, проведенная из вершины прямого угла. Значит,  Кроме того,  Значит, треугольник AME равен  треугольнику CMK и тоже прямоугольный, следовательно,  как угол в прямоугольном треугольнике, лежащий напротив катета, который в два раза меньше гипотенузы.б)  Из прямоугольных треугольников ABC и KBC находим, что  Через вершину A проведем прямую, параллельную BC. Пусть T  — точка пересечения этой прямой с прямой MK, а D  — точка пересечения прямой BK с прямой AT.Из равенства треугольников AMT и BMP (по стороне и двум углам) получаем, что  а из подобия треугольников CKP и AKT следует, что  Значит, B  — середина CP.Треугольник AKD подобен треугольнику CKB с коэффициентом  поэтому  а так как  AD  — средняя линия треугольника BQP. Значит,  Следовательно,  Ответ: 14.  Приведем решение Ивана Иванова (Владивосток).а)  Пусть AC  =  n, BC  =  m. Введём прямоугольную систему координат, поместив начало координат в точку C(0; 0) и направив оси Ox и Oy вправо и вверх соответственно (см. рис.). В этой системе координат имеем: Векторы  и  перпендикулярны по условию, так как являются направляющими векторами для соответствующих перпендикулярных прямых, следовательно, их скалярное произведение равно нулю: Отсюда находим, что  тогда  Значит,  что и требовалось доказать.б)  Зная координаты точек, принадлежащих прямой MK, найдём уравнение этой прямой:  Значит, точка P имеет координаты (0; 2m). Зная координаты точек, принадлежащих прямым BK и AP, найдём уравнения этих прямых: Образовав из полученных уравнений систему и решив её, находим координаты точки пересечения этих прямых  Расстояние между точкой Q и точкой  и Q равно Приведем другое решение Ивана Иванова (Владивосток).а)  Треугольник ABC  — прямоугольный, CM  — медиана, проведённая из вершины прямого угла, поэтому  Значит, треугольник CMA  — равнобедренный. Поэтому угол BAC равен углу ACM. Следовательно, Значит,  то есть  поэтому б)  Рассмотрим треугольник ABC и наклонную KP, пересекающую сторону AB треугольника в точке M. По теореме Менелая  Отсюда получаем, что  Значит,  поэтому Рассмотрим треугольник ACP и наклонную BQ, пересекающую сторону AC треугольника в точке K. По теореме Менелая  Отсюда получаем, что  Значит,  поэтому Находим, что  и по теореме Пифагора  По тереме синусов с учётом свойств вертикальных и смежных углов получаем: ",
        "html": "<div align=\"justify\" width=\"100%\" id=\"sol517202\" class=\"solution\" style=\"clear:both;\" class=\"pbody\"><p class=\"left_margin\"></p><b>Ре­ше­ние<!--rule_info-->. </b><p class=\"left_margin\"><img src=\"/get_file?id=133316\" style=\"float:right;margin:10px;max-width:100%\"></p><p class=\"left_margin\">а)  Пусть <i>E</i>  — се­ре­ди­на <i>KC</i>. Тогда <i>ME</i>  — ме­ди­а­на пря­мо­уголь­но­го тре­уголь­ни­ка <i>CMK</i>, про­ве­ден­ная из вер­ши­ны пря­мо­го угла. Зна­чит, <img src=\"https://ege.sdamgia.ru/formula/svg/57/5709219324ceb49e816103db1ecb846b.svg\" class=\"tex\" style=\"vertical-align:-8.4pt\" alt=\"ME= дробь: чис­ли­тель: 1, зна­ме­на­тель: 2 конец дроби CK=AK= дробь: чис­ли­тель: 1, зна­ме­на­тель: 2 конец дроби AE.\"> Кроме того, <img src=\"https://ege.sdamgia.ru/formula/svg/92/922486adbb48137800b8f749cb3b5f53.svg\" class=\"tex\" style=\"vertical-align:-3.0pt\" alt=\"CM=MA,\\angle MCA=\\angle MAC.\"> Зна­чит, тре­уголь­ник <i>AME</i> равен  тре­уголь­ни­ку <i>CMK</i> и тоже пря­мо­уголь­ный, сле­до­ва­тель­но, <img src=\"https://ege.sdamgia.ru/formula/svg/e1/e17cbce9cffac0f1169ef7ffa2fd2c19.svg\" class=\"tex\" style=\"vertical-align:-3.0pt\" alt=\"\\angle A=30 гра­ду­сов, \"> как угол в пря­мо­уголь­ном тре­уголь­ни­ке, ле­жа­щий на­про­тив ка­те­та, ко­то­рый в два раза мень­ше ги­по­те­ну­зы.</p><p class=\"left_margin\">б)  Из пря­мо­уголь­ных тре­уголь­ни­ков <i>ABC</i> и <i>KBC</i> на­хо­дим, что <img src=\"https://ege.sdamgia.ru/formula/svg/08/08e6b830ed9fea0afdc7ade23f753f5d.svg\" class=\"tex\" style=\"vertical-align:-3.3pt\" alt=\"AC=BC\\ctg30 гра­ду­сов= ко­рень из: на­ча­ло ар­гу­мен­та: 21 конец ар­гу­мен­та умно­жить на ко­рень из: на­ча­ло ар­гу­мен­та: 3 конец ар­гу­мен­та =3 ко­рень из 7 ,\"> <img src=\"https://ege.sdamgia.ru/formula/svg/97/975b74031098bc3a83bf8e9ae1d6b56a.svg\" class=\"tex\" style=\"vertical-align:-12.3pt\" alt=\"BK= ко­рень из: на­ча­ло ар­гу­мен­та: BC в квад­ра­те плюс левая круг­лая скоб­ка дробь: чис­ли­тель: 2, зна­ме­на­тель: 3 конец дроби AC пра­вая круг­лая скоб­ка в квад­ра­те конец ар­гу­мен­та = ко­рень из: на­ча­ло ар­гу­мен­та: 21 плюс 28 конец ар­гу­мен­та =7.\"></p><p class=\"left_margin\">Через вер­ши­ну <i>A</i> про­ве­дем пря­мую, па­рал­лель­ную <i>BC</i>. Пусть <i>T</i>  — точка пе­ре­се­че­ния этой пря­мой с пря­мой <i>MK</i>, а <i>D</i>  — точка пе­ре­се­че­ния пря­мой <i>BK</i> с пря­мой <i>AT.</i></p><p class=\"left_margin\">Из ра­вен­ства тре­уголь­ни­ков <i>AMT</i> и <i>BMP</i> (по сто­ро­не и двум углам) по­лу­ча­ем, что <img src=\"https://ege.sdamgia.ru/formula/svg/82/820d04c28a8acded4e57768a5e83f50a.svg\" class=\"tex\" style=\"vertical-align:-3.0pt\" alt=\"AT=BP,\"> а из по­до­бия тре­уголь­ни­ков <i>CKP</i> и <i>AKT</i> сле­ду­ет, что <img src=\"https://ege.sdamgia.ru/formula/svg/41/41433bdd60f3648028745a1581569cc1.svg\" class=\"tex\" style=\"vertical-align:-1.8pt\" alt=\"CP=2AT=2BP.\"> Зна­чит, <i>B</i>  — се­ре­ди­на <i>CP</i>.</p><p class=\"left_margin\">Тре­уголь­ник <i>AKD</i> по­до­бен тре­уголь­ни­ку <i>CKB</i> с ко­эф­фи­ци­ен­том <img src=\"https://ege.sdamgia.ru/formula/svg/31/31b5e2c92ab59936a80ad0a946c0f18f.svg\" class=\"tex\" style=\"vertical-align:-8.4pt\" alt=\" дробь: чис­ли­тель: 1, зна­ме­на­тель: 2 конец дроби ,\"> по­это­му <img src=\"https://ege.sdamgia.ru/formula/svg/59/599b53bb09e1371dba0119bc3d605ea4.svg\" class=\"tex\" style=\"vertical-align:-8.4pt\" alt=\"AD= дробь: чис­ли­тель: 1, зна­ме­на­тель: 2 конец дроби BC= дробь: чис­ли­тель: 1, зна­ме­на­тель: 2 конец дроби BP,\"> а так как <img src=\"https://ege.sdamgia.ru/formula/svg/f6/f60ea5c6e58f4aaf801f3fcfa4fd02c4.svg\" class=\"tex\" style=\"vertical-align:-3.6pt\" alt=\"AD||BP,\"> <i>AD</i>  — сред­няя линия тре­уголь­ни­ка <i>BQP.</i> Зна­чит, </p><p class=\"left_margin\"></p><center><p><img src=\"https://ege.sdamgia.ru/formula/svg/f0/f01cd2ca1f3d05c97a110a39e6d37ea4.svg\" class=\"tex\" style=\"vertical-align:-8.4pt\" alt=\"BQ=2DB=2 умно­жить на дробь: чис­ли­тель: 3, зна­ме­на­тель: 2 конец дроби BK=2 умно­жить на дробь: чис­ли­тель: 3, зна­ме­на­тель: 2 конец дроби умно­жить на 7=21.\"></p><p class=\"left_margin\"></p></center> <p class=\"left_margin\">Сле­до­ва­тель­но, <img src=\"https://ege.sdamgia.ru/formula/svg/66/66e0d865153473d5f9d2bc75152630eb.svg\" class=\"tex\" style=\"vertical-align:-3.0pt\" alt=\"KQ=BQ минус BK=21 минус 7=14.\"></p><p>&nbsp;</p><p><span style=\"letter-spacing: 2px;\">Ответ:</span> 14.</p><p>&nbsp;</p><p>&nbsp;</p><p><img src=\"/get_file?id=195716\" style=\"float:right;margin:10px;max-width:100%\"></p><p class=\"left_margin\"><b>При­ве­дем ре­ше­ние Ивана Ива­но­ва (Вла­ди­во­сток)</b>.</p><p class=\"left_margin\">а)  Пусть <i>AC</i>  =  <i>n</i>, <i>BC</i>  =  <i>m</i>. Введём пря­мо­уголь­ную си­сте­му ко­ор­ди­нат, по­ме­стив на­ча­ло ко­ор­ди­нат в точку <i>C</i>(0; 0) и на­пра­вив оси <i>Ox</i> и <i>Oy</i> впра­во и вверх со­от­вет­ствен­но (см. рис.). В этой си­сте­ме ко­ор­ди­нат имеем:</p><p></p><div class=\"flex-math\"><p><img src=\"https://ege.sdamgia.ru/formula/svg/d4/d43d37a596f296add3a03a832fd6ed9a.svg\" class=\"tex\" style=\"vertical-align:-3.6pt\" alt=\" B левая круг­лая скоб­ка 0; m пра­вая круг­лая скоб­ка ,\"></p><p><img src=\"https://ege.sdamgia.ru/formula/svg/01/017606168d1820acd6cc0c759f09b608.svg\" class=\"tex\" style=\"vertical-align:-8.3pt\" alt=\" M левая круг­лая скоб­ка дробь: чис­ли­тель: n, зна­ме­на­тель: 2 конец дроби ; дробь: чис­ли­тель: m, зна­ме­на­тель: 2 конец дроби пра­вая круг­лая скоб­ка , \"></p><p><img src=\"https://ege.sdamgia.ru/formula/svg/24/24421f161ac268397fdf5b20c2a21dae.svg\" class=\"tex\" style=\"vertical-align:-11.1pt\" alt=\" K левая круг­лая скоб­ка дробь: чис­ли­тель: 2, зна­ме­на­тель: 3 конец дроби n; 0 пра­вая круг­лая скоб­ка , \"></p><p><img src=\"https://ege.sdamgia.ru/formula/svg/b2/b213acb3991303fd3b30e7e300deb3ea.svg\" class=\"tex\" style=\"vertical-align:-8.4pt\" alt=\" \\overrightarrowCM = левая круг­лая скоб­ка дробь: чис­ли­тель: n, зна­ме­на­тель: 2 конец дроби ; дробь: чис­ли­тель: m, зна­ме­на­тель: 2 конец дроби пра­вая круг­лая скоб­ка , \"></p><p><img src=\"https://ege.sdamgia.ru/formula/svg/b8/b834f89f6fec987bf2259040ac7123fb.svg\" class=\"tex\" style=\"vertical-align:-8.5pt\" alt=\" \\overrightarrowMK = левая круг­лая скоб­ка дробь: чис­ли­тель: n, зна­ме­на­тель: 6 конец дроби ; минус дробь: чис­ли­тель: m, зна­ме­на­тель: 2 конец дроби пра­вая круг­лая скоб­ка . \"></p><p></p></div><p> Век­то­ры <img src=\"https://ege.sdamgia.ru/formula/svg/e9/e92ec2086cfaed85a51c3ee128ca9c32.svg\" class=\"tex\" style=\"vertical-align:-1.8pt\" alt=\" \\overrightarrowCM\"> и <img src=\"https://ege.sdamgia.ru/formula/svg/15/15a5f50ccb945b4e7fc5c6b208f6e948.svg\" class=\"tex\" style=\"vertical-align:-1.8pt\" alt=\" \\overrightarrowMK\"> пер­пен­ди­ку­ляр­ны по усло­вию, так как яв­ля­ют­ся на­прав­ля­ю­щи­ми век­то­ра­ми для со­от­вет­ству­ю­щих пер­пен­ди­ку­ляр­ных пря­мых, сле­до­ва­тель­но, их ска­ляр­ное про­из­ве­де­ние равно нулю:</p><p class=\"left_margin\"></p><center><p><img src=\"https://ege.sdamgia.ru/formula/svg/ba/ba62848790a8d937cb7e45bdc2b1cf8b.svg\" class=\"tex\" style=\"vertical-align:-8.4pt\" alt=\" \\overrightarrowCM умно­жить на \\overrightarrowMK = дробь: чис­ли­тель: n, зна­ме­на­тель: 2 конец дроби умно­жить на дробь: чис­ли­тель: n, зна­ме­на­тель: 6 конец дроби плюс дробь: чис­ли­тель: m, зна­ме­на­тель: 2 конец дроби умно­жить на левая круг­лая скоб­ка минус дробь: чис­ли­тель: m, зна­ме­на­тель: 2 конец дроби пра­вая круг­лая скоб­ка = 0. \"></p><p class=\"left_margin\"></p></center><p> От­сю­да на­хо­дим, что <img src=\"https://ege.sdamgia.ru/formula/svg/a6/a62695e16b84529b46441c4eb052fbce.svg\" class=\"tex\" style=\"vertical-align:-3.1pt\" alt=\" n = m умно­жить на ко­рень из: на­ча­ло ар­гу­мен­та: 3 конец ар­гу­мен­та ,\"> тогда <img src=\"https://ege.sdamgia.ru/formula/svg/4f/4fdf0dc43b84e4a139523ea18843b521.svg\" class=\"tex\" style=\"vertical-align:-11.0pt\" alt=\" тан­генс \\angle BAC = дробь: чис­ли­тель: m, зна­ме­на­тель: n конец дроби = дробь: чис­ли­тель: 1, зна­ме­на­тель: ко­рень из: на­ча­ло ар­гу­мен­та: 3 конец ар­гу­мен­та конец дроби . \"> Зна­чит, <img src=\"https://ege.sdamgia.ru/formula/svg/59/59663deb25ec56c286c283a6136a00b6.svg\" class=\"tex\" style=\"vertical-align:-3.0pt\" alt=\" \\angle BAC = 30 гра­ду­сов,\"> что и тре­бо­ва­лось до­ка­зать.</p><p class=\"left_margin\">б)  Зная ко­ор­ди­на­ты точек, при­над­ле­жа­щих пря­мой <i>MK</i>, найдём урав­не­ние этой пря­мой: <img src=\"https://ege.sdamgia.ru/formula/svg/3b/3b06378d4368b97f87db98f3116f521d.svg\" class=\"tex\" style=\"vertical-align:-3.0pt\" alt=\" y = минус ко­рень из: на­ча­ло ар­гу­мен­та: 3 конец ар­гу­мен­та умно­жить на x плюс 2m.\"> Зна­чит, точка <i>P</i> имеет ко­ор­ди­на­ты (0; 2<i>m</i>). Зная ко­ор­ди­на­ты точек, при­над­ле­жа­щих пря­мым <i>BK</i> и <i>AP</i>, найдём урав­не­ния этих пря­мых:</p><p></p><div class=\"flex-math\"><p><img src=\"https://ege.sdamgia.ru/formula/svg/72/7249d9082c4fcd6606f7cb64abf535ed.svg\" class=\"tex\" style=\"vertical-align:-8.5pt\" alt=\" BK : y = минус дробь: чис­ли­тель: ко­рень из: на­ча­ло ар­гу­мен­та: 3 конец ар­гу­мен­та , зна­ме­на­тель: 2 конец дроби умно­жить на x плюс m, \"></p><p><img src=\"https://ege.sdamgia.ru/formula/svg/8b/8bc000822ea73fc0699b337de887d0dc.svg\" class=\"tex\" style=\"vertical-align:-8.6pt\" alt=\" AP : y = минус дробь: чис­ли­тель: 2 ко­рень из: на­ча­ло ар­гу­мен­та: 3 конец ар­гу­мен­та , зна­ме­на­тель: 3 конец дроби умно­жить на x плюс 2m. \"></p><p></p></div><p> Об­ра­зо­вав из по­лу­чен­ных урав­не­ний си­сте­му и решив её, на­хо­дим ко­ор­ди­на­ты точки пе­ре­се­че­ния этих пря­мых <img src=\"https://ege.sdamgia.ru/formula/svg/b3/b34b19d65bd9e235897689e621cb8cd3.svg\" class=\"tex\" style=\"vertical-align:-3.7pt\" alt=\" Q левая круг­лая скоб­ка 2m умно­жить на ко­рень из: на­ча­ло ар­гу­мен­та: 3 конец ар­гу­мен­та ; минус 2m пра­вая круг­лая скоб­ка .\"> </p><p class=\"left_margin\">Рас­сто­я­ние между точ­кой <i>Q</i> и точ­кой <img src=\"https://ege.sdamgia.ru/formula/svg/13/130c3e0858e13e3cdf9e120e7c7a650d.svg\" class=\"tex\" style=\"vertical-align:-14.4pt\" alt=\" K левая круг­лая скоб­ка дробь: чис­ли­тель: 2m умно­жить на ко­рень из: на­ча­ло ар­гу­мен­та: 3 конец ар­гу­мен­та , зна­ме­на­тель: 3 конец дроби ; 0 пра­вая круг­лая скоб­ка \"> и <i>Q</i> равно</p><p class=\"left_margin\"></p><center><p><img src=\"https://ege.sdamgia.ru/formula/svg/a9/a9001f4e2930f991d9b881e98867d8c9.svg\" class=\"tex\" style=\"vertical-align:-15.6pt\" alt=\" KQ = m умно­жить на ко­рень из: на­ча­ло ар­гу­мен­та: левая круг­лая скоб­ка 2 ко­рень из: на­ча­ло ар­гу­мен­та: 3 конец ар­гу­мен­та минус дробь: чис­ли­тель: 2 ко­рень из: на­ча­ло ар­гу­мен­та: 3 конец ар­гу­мен­та , зна­ме­на­тель: 3 конец дроби пра­вая круг­лая скоб­ка в квад­ра­те плюс 2 в квад­ра­те конец ар­гу­мен­та = ко­рень из: на­ча­ло ар­гу­мен­та: 21 конец ар­гу­мен­та умно­жить на ко­рень из: на­ча­ло ар­гу­мен­та: дробь: чис­ли­тель: 28, зна­ме­на­тель: 3 конец дроби конец ар­гу­мен­та = 14. \"></p><p class=\"left_margin\"></p></center><p>&nbsp;</p><p class=\"left_margin\"><b>При­ве­дем дру­гое ре­ше­ние Ивана Ива­но­ва (Вла­ди­во­сток)</b>.</p><p class=\"left_margin\">а)  Тре­уголь­ник <i>ABC</i>  — пря­мо­уголь­ный, <i>CM</i>  — ме­ди­а­на, про­ведённая из вер­ши­ны пря­мо­го угла, по­это­му <img src=\"https://ege.sdamgia.ru/formula/svg/b2/b2f153d30b9fc2cca4048a10c031308e.svg\" class=\"tex\" style=\"vertical-align:-8.3pt\" alt=\" CM = BM = AM = дробь: чис­ли­тель: AB, зна­ме­на­тель: 2 конец дроби . \"> Зна­чит, тре­уголь­ник <i>CMA</i>  — рав­но­бед­рен­ный. По­это­му угол <i>BAC</i> равен углу <i>ACM</i>. Сле­до­ва­тель­но,</p><p class=\"left_margin\"></p><center><p><img src=\"https://ege.sdamgia.ru/formula/svg/9e/9e5660b333cdcc99ee94e7a94cc2eca1.svg\" class=\"tex\" style=\"vertical-align:-13.1pt\" alt=\" ко­си­нус \\angle BAC = ко­си­нус \\angle KCM = дробь: чис­ли­тель: CM, зна­ме­на­тель: CK конец дроби = дробь: чис­ли­тель: дробь: чис­ли­тель: AB, зна­ме­на­тель: 2 конец дроби , зна­ме­на­тель: дробь: чис­ли­тель: 2AC, зна­ме­на­тель: 3 конец дроби конец дроби = дробь: чис­ли­тель: 3, зна­ме­на­тель: 4 конец дроби умно­жить на дробь: чис­ли­тель: 1, зна­ме­на­тель: дробь: чис­ли­тель: AC, зна­ме­на­тель: AB конец дроби конец дроби = дробь: чис­ли­тель: 3, зна­ме­на­тель: 4 конец дроби умно­жить на дробь: чис­ли­тель: 1, зна­ме­на­тель: ко­си­нус \\angle BAC конец дроби , \"></p><p class=\"left_margin\"></p></center><p> Зна­чит, <img src=\"https://ege.sdamgia.ru/formula/svg/2b/2b3ab5b321c60727e736341638ecff6c.svg\" class=\"tex\" style=\"vertical-align:-8.4pt\" alt=\" ко­си­нус в квад­ра­те \\angle BAC = дробь: чис­ли­тель: 3, зна­ме­на­тель: 4 конец дроби ,\"> то есть <img src=\"https://ege.sdamgia.ru/formula/svg/7c/7cb6e02938e7912b7c23f574877dc816.svg\" class=\"tex\" style=\"vertical-align:-8.5pt\" alt=\" ко­си­нус \\angle BAC = дробь: чис­ли­тель: ко­рень из: на­ча­ло ар­гу­мен­та: 3 конец ар­гу­мен­та , зна­ме­на­тель: 2 конец дроби , \"> по­это­му <img src=\"https://ege.sdamgia.ru/formula/svg/11/11eeaba255846ba727492cd996c1ea8b.svg\" class=\"tex\" style=\"vertical-align:-1.8pt\" alt=\" \\angle BAC = 30 гра­ду­сов.\"></p><p class=\"left_margin\">б)  Рас­смот­рим тре­уголь­ник <i>ABC</i> и на­клон­ную <i>KP</i>, пе­ре­се­ка­ю­щую сто­ро­ну <i>AB</i> тре­уголь­ни­ка в точке <i>M</i>. По тео­ре­ме Ме­не­лая <img src=\"https://ege.sdamgia.ru/formula/svg/c4/c4203cb5b447e4328ebce850c6e9ffd9.svg\" class=\"tex\" style=\"vertical-align:-8.4pt\" alt=\" дробь: чис­ли­тель: CP, зна­ме­на­тель: BP конец дроби умно­жить на дробь: чис­ли­тель: BM, зна­ме­на­тель: AM конец дроби умно­жить на дробь: чис­ли­тель: AK, зна­ме­на­тель: KC конец дроби = 1. \"> От­сю­да по­лу­ча­ем, что <img src=\"https://ege.sdamgia.ru/formula/svg/3a/3a46d6e349d93729580d691641ccb4d4.svg\" class=\"tex\" style=\"vertical-align:-8.3pt\" alt=\" дробь: чис­ли­тель: CP, зна­ме­на­тель: BP конец дроби = 2. \"> Зна­чит, <img src=\"https://ege.sdamgia.ru/formula/svg/3f/3f142f53beb97ac13cf16c934dbcf5b1.svg\" class=\"tex\" style=\"vertical-align:-3.0pt\" alt=\" CP = 2BP,\"> по­это­му <img src=\"https://ege.sdamgia.ru/formula/svg/e3/e39c09023a296c8ebe7af60125d0cc96.svg\" class=\"tex\" style=\"vertical-align:-1.8pt\" alt=\" BC = CP минус BP = BP.\"></p><p class=\"left_margin\">Рас­смот­рим тре­уголь­ник <i>ACP</i> и на­клон­ную <i>BQ</i>, пе­ре­се­ка­ю­щую сто­ро­ну <i>AC</i> тре­уголь­ни­ка в точке <i>K</i>. По тео­ре­ме Ме­не­лая <img src=\"https://ege.sdamgia.ru/formula/svg/a0/a00040926263dc29d8251d68a8944872.svg\" class=\"tex\" style=\"vertical-align:-10.4pt\" alt=\" дробь: чис­ли­тель: PQ, зна­ме­на­тель: AQ конец дроби умно­жить на дробь: чис­ли­тель: AK, зна­ме­на­тель: KC конец дроби умно­жить на дробь: чис­ли­тель: BC, зна­ме­на­тель: BP конец дроби = 1. \"> От­сю­да по­лу­ча­ем, что <img src=\"https://ege.sdamgia.ru/formula/svg/60/608089fdc312b0899d6f5dc829cdde57.svg\" class=\"tex\" style=\"vertical-align:-10.4pt\" alt=\" дробь: чис­ли­тель: PQ, зна­ме­на­тель: AQ конец дроби = 2. \"> Зна­чит, <img src=\"https://ege.sdamgia.ru/formula/svg/fb/fbc616a8b4d45d7279a2f93e51da624c.svg\" class=\"tex\" style=\"vertical-align:-3.0pt\" alt=\" PQ = 2AQ,\"> по­это­му <img src=\"https://ege.sdamgia.ru/formula/svg/f0/f0c3a5d8c5b28ea1345db4a9712697a8.svg\" class=\"tex\" style=\"vertical-align:-3.0pt\" alt=\" AP = PQ минус AQ = AQ.\"></p><p class=\"left_margin\">На­хо­дим, что <img src=\"https://ege.sdamgia.ru/formula/svg/a9/a9172cdba2e0f72f437608737282179b.svg\" class=\"tex\" style=\"vertical-align:-8.5pt\" alt=\" AK= дробь: чис­ли­тель: 2, зна­ме­на­тель: 3 конец дроби AC = дробь: чис­ли­тель: 2, зна­ме­на­тель: 3 конец дроби BC умно­жить на ко­рень из: на­ча­ло ар­гу­мен­та: 3 конец ар­гу­мен­та \"> и по тео­ре­ме Пи­фа­го­ра <img src=\"https://ege.sdamgia.ru/formula/svg/5c/5cffe9d3166104eac824f369e6d1beec.svg\" class=\"tex\" style=\"vertical-align:-9.4pt\" alt=\" BK = BC умно­жить на ко­рень из: на­ча­ло ар­гу­мен­та: дробь: чис­ли­тель: 7, зна­ме­на­тель: 3 конец дроби конец ар­гу­мен­та = 7.\"> По те­ре­ме си­ну­сов с учётом свойств вер­ти­каль­ных и смеж­ных углов по­лу­ча­ем: </p><p class=\"left_margin\"></p><center><p><img src=\"https://ege.sdamgia.ru/formula/svg/72/72c74820ee4656f74b75b60a923573d3.svg\" class=\"tex\" style=\"vertical-align:-13.2pt\" alt=\" KQ = AQ умно­жить на дробь: чис­ли­тель: синус \\angle QAK, зна­ме­на­тель: синус \\angle AKQ конец дроби = AP умно­жить на дробь: чис­ли­тель: синус \\angle CAP, зна­ме­на­тель: синус \\angle CKB конец дроби = дробь: чис­ли­тель: CP, зна­ме­на­тель: дробь: чис­ли­тель: BC, зна­ме­на­тель: BK конец дроби конец дроби = дробь: чис­ли­тель: CP, зна­ме­на­тель: BC конец дроби умно­жить на BK = 2BK = 14. \"></p><p class=\"left_margin\"></p></center></div>",
        "image_urls": [
            "https://ege.sdamgia.ru/formula/svg/57/5709219324ceb49e816103db1ecb846b.svg",
            "https://ege.sdamgia.ru/formula/svg/92/922486adbb48137800b8f749cb3b5f53.svg",
            "https://ege.sdamgia.ru/formula/svg/e1/e17cbce9cffac0f1169ef7ffa2fd2c19.svg",
            "https://ege.sdamgia.ru/formula/svg/08/08e6b830ed9fea0afdc7ade23f753f5d.svg",
            "https://ege.sdamgia.ru/formula/svg/97/975b74031098bc3a83bf8e9ae1d6b56a.svg",
            "https://ege.sdamgia.ru/formula/svg/82/820d04c28a8acded4e57768a5e83f50a.svg",
            "https://ege.sdamgia.ru/formula/svg/41/41433bdd60f3648028745a1581569cc1.svg",
            "https://ege.sdamgia.ru/formula/svg/31/31b5e2c92ab59936a80ad0a946c0f18f.svg",
            "https://ege.sdamgia.ru/formula/svg/59/599b53bb09e1371dba0119bc3d605ea4.svg",
            "https://ege.sdamgia.ru/formula/svg/f6/f60ea5c6e58f4aaf801f3fcfa4fd02c4.svg",
            "https://ege.sdamgia.ru/formula/svg/f0/f01cd2ca1f3d05c97a110a39e6d37ea4.svg",
            "https://ege.sdamgia.ru/formula/svg/66/66e0d865153473d5f9d2bc75152630eb.svg",
            "https://ege.sdamgia.ru/formula/svg/d4/d43d37a596f296add3a03a832fd6ed9a.svg",
            "https://ege.sdamgia.ru/formula/svg/01/017606168d1820acd6cc0c759f09b608.svg",
            "https://ege.sdamgia.ru/formula/svg/24/24421f161ac268397fdf5b20c2a21dae.svg",
            "https://ege.sdamgia.ru/formula/svg/b2/b213acb3991303fd3b30e7e300deb3ea.svg",
            "https://ege.sdamgia.ru/formula/svg/b8/b834f89f6fec987bf2259040ac7123fb.svg",
            "https://ege.sdamgia.ru/formula/svg/e9/e92ec2086cfaed85a51c3ee128ca9c32.svg",
            "https://ege.sdamgia.ru/formula/svg/15/15a5f50ccb945b4e7fc5c6b208f6e948.svg",
            "https://ege.sdamgia.ru/formula/svg/ba/ba62848790a8d937cb7e45bdc2b1cf8b.svg",
            "https://ege.sdamgia.ru/formula/svg/a6/a62695e16b84529b46441c4eb052fbce.svg",
            "https://ege.sdamgia.ru/formula/svg/4f/4fdf0dc43b84e4a139523ea18843b521.svg",
            "https://ege.sdamgia.ru/formula/svg/59/59663deb25ec56c286c283a6136a00b6.svg",
            "https://ege.sdamgia.ru/formula/svg/3b/3b06378d4368b97f87db98f3116f521d.svg",
            "https://ege.sdamgia.ru/formula/svg/72/7249d9082c4fcd6606f7cb64abf535ed.svg",
            "https://ege.sdamgia.ru/formula/svg/8b/8bc000822ea73fc0699b337de887d0dc.svg",
            "https://ege.sdamgia.ru/formula/svg/b3/b34b19d65bd9e235897689e621cb8cd3.svg",
            "https://ege.sdamgia.ru/formula/svg/13/130c3e0858e13e3cdf9e120e7c7a650d.svg",
            "https://ege.sdamgia.ru/formula/svg/a9/a9001f4e2930f991d9b881e98867d8c9.svg",
            "https://ege.sdamgia.ru/formula/svg/b2/b2f153d30b9fc2cca4048a10c031308e.svg",
            "https://ege.sdamgia.ru/formula/svg/9e/9e5660b333cdcc99ee94e7a94cc2eca1.svg",
            "https://ege.sdamgia.ru/formula/svg/2b/2b3ab5b321c60727e736341638ecff6c.svg",
            "https://ege.sdamgia.ru/formula/svg/7c/7cb6e02938e7912b7c23f574877dc816.svg",
            "https://ege.sdamgia.ru/formula/svg/11/11eeaba255846ba727492cd996c1ea8b.svg",
            "https://ege.sdamgia.ru/formula/svg/c4/c4203cb5b447e4328ebce850c6e9ffd9.svg",
            "https://ege.sdamgia.ru/formula/svg/3a/3a46d6e349d93729580d691641ccb4d4.svg",
            "https://ege.sdamgia.ru/formula/svg/3f/3f142f53beb97ac13cf16c934dbcf5b1.svg",
            "https://ege.sdamgia.ru/formula/svg/e3/e39c09023a296c8ebe7af60125d0cc96.svg",
            "https://ege.sdamgia.ru/formula/svg/a0/a00040926263dc29d8251d68a8944872.svg",
            "https://ege.sdamgia.ru/formula/svg/60/608089fdc312b0899d6f5dc829cdde57.svg",
            "https://ege.sdamgia.ru/formula/svg/fb/fbc616a8b4d45d7279a2f93e51da624c.svg",
            "https://ege.sdamgia.ru/formula/svg/f0/f0c3a5d8c5b28ea1345db4a9712697a8.svg",
            "https://ege.sdamgia.ru/formula/svg/a9/a9172cdba2e0f72f437608737282179b.svg",
            "https://ege.sdamgia.ru/formula/svg/5c/5cffe9d3166104eac824f369e6d1beec.svg",
            "https://ege.sdamgia.ru/formula/svg/72/72c74820ee4656f74b75b60a923573d3.svg",
            "/get_file?id=133316",
            "/get_file?id=195716"
        ]
    },
    "answer": "14.",
    "topic_id": 17,
    "analog_ids": [
        517202,
        517240
    ]
}