{
    "gia_type": "ege",
    "subject": "math",
    "id": 517832,
    "condition": {
        "text": "В треугольник ABC, в котором длина стороны AC меньше длины стороны BC, вписана окружность с центром O. Точка B1 симметрична точке B относительно CO.а)  Докажите, что A, B, O и B1 лежат на одной окружности.б)  Найдите площадь четырёхугольника AOBB1, если AB = 10, AC = 6 и BC = 8.",
        "html": "<div align=\"justify\" width=\"100%\" id=\"body624692\" class=\"pbody\"><p class=\"left_margin\">В тре­уголь­ник <i>ABC</i>, в ко­то­ром длина сто­ро­ны <i>AC</i> мень­ше длины сто­ро­ны <i>BC</i>, впи­са­на окруж­ность с цен­тром <i>O</i>. Точка <i>B</i><sub>1</sub> сим­мет­рич­на точке <i>B</i> от­но­си­тель­но <i>CO</i>.</p><p class=\"left_margin\">а)  До­ка­жи­те, что <i>A</i>, <i>B</i>, <i>O</i> и <i>B</i><sub>1</sub> лежат на одной окруж­но­сти.</p><p class=\"left_margin\">б)  Най­ди­те пло­щадь четырёхуголь­ни­ка <i>AOBB</i><sub>1</sub>, если <i>AB</i> = 10, <i>AC</i> = 6 и <i>BC</i> = 8.</p></div>",
        "image_urls": []
    },
    "solution": {
        "text": "Решение. а)  Пусть CO пересекает AB в точке F, OB1 пересекает AB в точке E, CO пересекает BB1 в точке G, а углы A, B и C соответственно α, β и γ. Покажем, что отрезок AB1 виден из точек O и B под одним и тем же углом  — это будет означать, что точки A, B1, B, O лежат на одной окружности.В треугольнике CGB имеем:    Тогда В треугольнике OGB имеем:  тогда Треугольник B1OB равнобедренный, так как GO  — серединный перпендикуляр к BB1. Поэтому В треугольнике ABC точка O  — инцентр, поэтому  Следовательно, б)  Площадь четырехугольника AOBB1 найдем по формуле  Заметим, что B1O  =  OB, так как треугольник B1OB равнобедренный, и что  из треугольника EOB.Рассмотрим прямоугольный треугольник ABC, в нем   Далее опустим перпендикуляр OH на сторону BC. Тогда  как радиус вписанной окружности. Тогда    откуда  Далее имеем: Тогда  Ответ: б) 18. Приведем другое решение.а)  Пусть CO пересекает BB1 в точке G, а угол C равен γ. В треугольнике B1CB отрезок CG является высотой и медианой, тогда треугольник B1CB  равнобедренный, отрезок CG является биссектрисой,  следовательно, луч CB1 совпадает с лучом CA, и точка A лежит на отрезке CB1. В треугольнике CGB1 имеем:    В треугольнике ABC точка O  — инцентр, поэтому   Следовательно, в четырехугольнике B1AOB имеем:а потому четырехугольник B1AOB  — вписанный, и точки B1, A, O, B лежат на одной окружности. б)  Площадь четырехугольника AOBB1 найдем как сумму площадей треугольников:  Причём  где r  — радиус окружности, вписанный в треугольник ABC. Для сторон треугольника ABC выполнено соотношение  следовательно, угол C прямой. Тогда откуда Площадь треугольника ABB1 найдем как разность площадей треугольников BCB1 и ABC: В результате получим  Приведем решение пункта б) Натальи Лесниченко.Заметим, что  Высоты треугольников AOC и AOB равны радиусу окружности, вписанный в треугольник ABC.Для сторон треугольника ABC выполнено соотношение  следовательно, угол C прямой. Тогда Следовательно, ",
        "html": "<div align=\"justify\" width=\"100%\" id=\"sol517832\" class=\"solution\" style=\"clear:both;\" class=\"pbody\"><p class=\"left_margin\"></p><b>Ре­ше­ние<!--rule_info-->. </b><p class=\"left_margin\"><img src=\"/get_file?id=147418\" style=\"float:right;margin:10px;max-width:100%\"></p><p class=\"left_margin\">а)  Пусть <i>CO</i> пе­ре­се­ка­ет <i>AB</i> в точке <i>F</i>, <i>OB</i><sub>1</sub> пе­ре­се­ка­ет <i>AB</i> в точке <i>E</i>, <i>CO</i> пе­ре­се­ка­ет <i>BB</i><sub>1</sub> в точке <i>G</i>, а углы <i>A</i>, <i>B</i> и <i>C</i> со­от­вет­ствен­но α, β и γ. По­ка­жем, что от­ре­зок <i>AB</i><sub>1</sub> виден из точек <i>O</i> и <i>B</i> под одним и тем же углом  — это будет озна­чать, что точки <i>A</i>, <i>B</i><sub>1</sub>, <i>B</i>, <i>O</i> лежат на одной окруж­но­сти.</p><p class=\"left_margin\">В тре­уголь­ни­ке <i>CGB</i> имеем: </p><p class=\"left_margin\"></p><center><p><img src=\"https://ege.sdamgia.ru/formula/svg/e5/e5a0f438361e685d3a56d7d01a599516.svg\" class=\"tex\" style=\"vertical-align:-3.0pt\" alt=\"\\angle CGB=90 гра­ду­сов,\"> <img src=\"https://ege.sdamgia.ru/formula/svg/6b/6b58eb3bce36f1e46f4a018bfae641c6.svg\" class=\"tex\" style=\"vertical-align:-8.4pt\" alt=\"\\angle GCB= дробь: чис­ли­тель: гамма , зна­ме­на­тель: 2 конец дроби ,\"> <img src=\"https://ege.sdamgia.ru/formula/svg/3b/3b693201a8b31f50dc11f4b73c79c57d.svg\" class=\"tex\" style=\"vertical-align:-8.4pt\" alt=\"\\angle CBG=90 гра­ду­сов минус дробь: чис­ли­тель: гамма , зна­ме­на­тель: 2 конец дроби .\"> </p><p class=\"left_margin\"></p></center><p class=\"left_margin\">Тогда <img src=\"https://ege.sdamgia.ru/formula/svg/d6/d663a2d309b193eea4ad98a808830491.svg\" class=\"tex\" style=\"vertical-align:-8.4pt\" alt=\"\\angle ABB_1=\\angle CBG минус \\angle CBA=90 гра­ду­сов минус дробь: чис­ли­тель: гамма , зна­ме­на­тель: 2 конец дроби минус бета .\"></p><p class=\"left_margin\">В тре­уголь­ни­ке <i>OGB</i> имеем: <img src=\"https://ege.sdamgia.ru/formula/svg/07/0761e541c1a6ad4c34035d327b8d91ac.svg\" class=\"tex\" style=\"vertical-align:-8.4pt\" alt=\"\\angle GBO =\\angle GBC минус дробь: чис­ли­тель: бета , зна­ме­на­тель: 2 конец дроби =90 гра­ду­сов минус дробь: чис­ли­тель: гамма , зна­ме­на­тель: 2 конец дроби минус дробь: чис­ли­тель: бета , зна­ме­на­тель: 2 конец дроби ,\"> тогда <img src=\"https://ege.sdamgia.ru/formula/svg/9e/9eb9fffcf593bb022a484b12d8d96348.svg\" class=\"tex\" style=\"vertical-align:-8.4pt\" alt=\"\\varphi=\\angle GOB=90 гра­ду­сов минус \\angle GBO= дробь: чис­ли­тель: гамма , зна­ме­на­тель: 2 конец дроби плюс дробь: чис­ли­тель: бета , зна­ме­на­тель: 2 конец дроби .\"></p><p class=\"left_margin\">Тре­уголь­ник <i>B</i><sub>1</sub><i>OB</i> рав­но­бед­рен­ный, так как <i>GO</i>  — се­ре­дин­ный пер­пен­ди­ку­ляр к <i>BB</i><sub>1</sub>. По­это­му <img src=\"https://ege.sdamgia.ru/formula/svg/7f/7f979b13d6a87ca7b05c9a44984676af.svg\" class=\"tex\" style=\"vertical-align:-3.3pt\" alt=\"\\angle B_1OB=2\\varphi= гамма плюс бета .\"></p><p class=\"left_margin\">В тре­уголь­ни­ке <i>ABC</i> точка <i>O</i>  — ин­центр, по­это­му <img src=\"https://ege.sdamgia.ru/formula/svg/57/5740574d1cbad03b489e4d0700d49a85.svg\" class=\"tex\" style=\"vertical-align:-8.4pt\" alt=\"\\angle AOB=90 гра­ду­сов плюс дробь: чис­ли­тель: гамма , зна­ме­на­тель: 2 конец дроби .\"> Сле­до­ва­тель­но, <img src=\"https://ege.sdamgia.ru/formula/svg/9e/9e50e8d81612b9a167e07df620aeb275.svg\" class=\"tex\" style=\"vertical-align:-8.4pt\" alt=\"\\angle AOB_1=\\angle AOB минус 2\\varphi=90 гра­ду­сов минус дробь: чис­ли­тель: гамма , зна­ме­на­тель: 2 конец дроби минус бета =\\angle ABB_1.\"></p><p><img src=\"/get_file?id=147417\" style=\"float:right;margin:10px;max-width:100%\"></p><p class=\"left_margin\">б)  Пло­щадь че­ты­рех­уголь­ни­ка <i>AOBB</i><sub>1</sub> най­дем по фор­му­ле <img src=\"https://ege.sdamgia.ru/formula/svg/01/0186cd806f298fc318b43bef9ad4336f.svg\" class=\"tex\" style=\"vertical-align:-8.4pt\" alt=\"S= дробь: чис­ли­тель: 1, зна­ме­на­тель: 2 конец дроби AB умно­жить на OB_1 синус \\psi.\"> За­ме­тим, что <i>B</i><sub>1</sub><i>O</i>  =  <i>OB</i>, так как тре­уголь­ник <i>B</i><sub>1</sub><i>OB</i> рав­но­бед­рен­ный, и что <img src=\"https://ege.sdamgia.ru/formula/svg/f4/f487f22930211d177bc265cb0b0b03bd.svg\" class=\"tex\" style=\"vertical-align:-11.1pt\" alt=\"\\psi=180 гра­ду­сов минус дробь: чис­ли­тель: бета , зна­ме­на­тель: 2 конец дроби минус 2\\varphi=180 гра­ду­сов минус левая круг­лая скоб­ка гамма плюс дробь: чис­ли­тель: 3, зна­ме­на­тель: 2 конец дроби бета пра­вая круг­лая скоб­ка \"> из тре­уголь­ни­ка <i>EOB</i>.</p><p class=\"left_margin\">Рас­смот­рим пря­мо­уголь­ный тре­уголь­ник <i>ABC</i>, в нем <img src=\"https://ege.sdamgia.ru/formula/svg/23/23a3085833e58e49575cfa04347ed45c.svg\" class=\"tex\" style=\"vertical-align:-8.5pt\" alt=\" ко­си­нус бета = дробь: чис­ли­тель: 4, зна­ме­на­тель: 5 конец дроби ,\"> <img src=\"https://ege.sdamgia.ru/formula/svg/5e/5e9fb8bbf12090668adca4ae98f31bf3.svg\" class=\"tex\" style=\"vertical-align:-8.5pt\" alt=\" синус бета = дробь: чис­ли­тель: 3, зна­ме­на­тель: 5 конец дроби .\"> Далее опу­стим пер­пен­ди­ку­ляр <i>OH</i> на сто­ро­ну <i>BC</i>. Тогда <img src=\"https://ege.sdamgia.ru/formula/svg/9b/9b5952a1c764b0e00fda4deb0f94cb29.svg\" class=\"tex\" style=\"vertical-align:-8.3pt\" alt=\"OH= дробь: чис­ли­тель: AC плюс BC минус AB, зна­ме­на­тель: 2 конец дроби =2\"> как ра­ди­ус впи­сан­ной окруж­но­сти. Тогда <img src=\"https://ege.sdamgia.ru/formula/svg/15/156143edab57b48c4f0e119548de8dc3.svg\" class=\"tex\" style=\"vertical-align:-3.0pt\" alt=\"CH=2,\"> <img src=\"https://ege.sdamgia.ru/formula/svg/6c/6c34caf4c746213d687702965b4122bb.svg\" class=\"tex\" style=\"vertical-align:-3.0pt\" alt=\"BH=6,\"> <img src=\"https://ege.sdamgia.ru/formula/svg/ec/ec4cd59968c1d1aaa820b653802feba1.svg\" class=\"tex\" style=\"vertical-align:-3.1pt\" alt=\"OB=2 ко­рень из: на­ча­ло ар­гу­мен­та: 10 конец ар­гу­мен­та ,\"> от­ку­да <img src=\"https://ege.sdamgia.ru/formula/svg/c8/c86fe5499cbe18d1c1563ae1668dff9f.svg\" class=\"tex\" style=\"vertical-align:-11.0pt\" alt=\" синус дробь: чис­ли­тель: бета , зна­ме­на­тель: 2 конец дроби = дробь: чис­ли­тель: 2, зна­ме­на­тель: конец дроби 2 ко­рень из: на­ча­ло ар­гу­мен­та: 10 конец ар­гу­мен­та = дробь: чис­ли­тель: 1, зна­ме­на­тель: конец дроби ко­рень из: на­ча­ло ар­гу­мен­та: 10 конец ар­гу­мен­та ,\"> <img src=\"https://ege.sdamgia.ru/formula/svg/fd/fd23f9c0046b9358cef0cf3e58a6cb7d.svg\" class=\"tex\" style=\"vertical-align:-11.0pt\" alt=\" ко­си­нус дробь: чис­ли­тель: бета , зна­ме­на­тель: 2 конец дроби = дробь: чис­ли­тель: 3, зна­ме­на­тель: конец дроби ко­рень из: на­ча­ло ар­гу­мен­та: 10 конец ар­гу­мен­та .\"></p><p class=\"left_margin\">Далее имеем:</p><p class=\"left_margin\"></p><center><p><span data-width=\"640\" data-formulahash=\"2c65288eca9bc36d4ef8b9ce4104e2e9\" class=\"tex-span\" style=\"\"><img src=\"https://ege.sdamgia.ru/formula/svg/2c/2c65288eca9bc36d4ef8b9ce4104e2e9.svg\" class=\"tex\" style=\"vertical-align:-11.2pt\" alt=\" синус \\psi= синус левая круг­лая скоб­ка 180 гра­ду­сов минус левая круг­лая скоб­ка гамма плюс дробь: чис­ли­тель: 3, зна­ме­на­тель: 2 конец дроби бета пра­вая круг­лая скоб­ка пра­вая круг­лая скоб­ка = синус левая круг­лая скоб­ка гамма плюс дробь: чис­ли­тель: 3, зна­ме­на­тель: 2 конец дроби бета пра­вая круг­лая скоб­ка \\underset гамма =90 гра­ду­сов= ко­си­нус дробь: чис­ли­тель: 3, зна­ме­на­тель: 2 конец дроби бета = ко­си­нус левая круг­лая скоб­ка бета плюс дробь: чис­ли­тель: бета , зна­ме­на­тель: 2 конец дроби пра­вая круг­лая скоб­ка =\"></span><span data-width=\"515\" data-formulahash=\"2c65288eca9bc36d4ef8b9ce4104e2e9\" class=\"tex-span\" style=\"display:none\"><img src=\"https://ege.sdamgia.ru/formula/svg/5a/5a2263a14ceabd9e95dde0649bfaff8c.svg\" class=\"tex\" style=\"vertical-align:-11.1pt\" alt=\" синус \\psi= синус левая круг­лая скоб­ка 180 гра­ду­сов минус левая круг­лая скоб­ка гамма плюс дробь: чис­ли­тель: 3, зна­ме­на­тель: 2 конец дроби бета пра­вая круг­лая скоб­ка пра­вая круг­лая скоб­ка =\"><br><img src=\"https://ege.sdamgia.ru/formula/svg/2f/2f3acc4935a1898537c10ec8f834203c.svg\" class=\"tex\" style=\"vertical-align:-11.1pt\" alt=\"= синус левая круг­лая скоб­ка гамма плюс дробь: чис­ли­тель: 3, зна­ме­на­тель: 2 конец дроби бета пра­вая круг­лая скоб­ка \\underset гамма =90 гра­ду­сов= ко­си­нус дробь: чис­ли­тель: 3, зна­ме­на­тель: 2 конец дроби бета = ко­си­нус левая круг­лая скоб­ка бета плюс дробь: чис­ли­тель: бета , зна­ме­на­тель: 2 конец дроби пра­вая круг­лая скоб­ка =\"></span></p><p>&nbsp;</p><p><img src=\"https://ege.sdamgia.ru/formula/svg/aa/aa4be95bb3dc5790f98ca287ff97398a.svg\" class=\"tex\" style=\"vertical-align:-11.0pt\" alt=\"= ко­си­нус бета ко­си­нус дробь: чис­ли­тель: бета , зна­ме­на­тель: 2 конец дроби минус синус бета синус дробь: чис­ли­тель: бета , зна­ме­на­тель: 2 конец дроби = дробь: чис­ли­тель: 9, зна­ме­на­тель: конец дроби 5 ко­рень из: на­ча­ло ар­гу­мен­та: 10 конец ар­гу­мен­та .\"></p><p class=\"left_margin\"></p></center><p class=\"left_margin\">Тогда <img src=\"https://ege.sdamgia.ru/formula/svg/0e/0e3d7a691ee6b920cc39ece397b57d84.svg\" class=\"tex\" style=\"vertical-align:-11.0pt\" alt=\"S= дробь: чис­ли­тель: 1, зна­ме­на­тель: 2 конец дроби умно­жить на AB умно­жить на OB умно­жить на синус \\psi= дробь: чис­ли­тель: 1, зна­ме­на­тель: 2 конец дроби умно­жить на 10 умно­жить на 2 ко­рень из: на­ча­ло ар­гу­мен­та: 10 конец ар­гу­мен­та умно­жить на дробь: чис­ли­тель: 9, зна­ме­на­тель: конец дроби 5 ко­рень из: на­ча­ло ар­гу­мен­та: 10 конец ар­гу­мен­та =18.\"></p><p>&nbsp;</p><p><span style=\"letter-spacing: 2px;\">Ответ:</span> б) 18.</p><p>&nbsp;</p><p><img src=\"/get_file?id=147416\" style=\"float:right;margin:10px;max-width:100%\"></p><p><b>При­ве­дем дру­гое ре­ше­ние.</b></p><p class=\"left_margin\">а)  Пусть <i>CO</i> пе­ре­се­ка­ет <i>BB</i><sub>1</sub> в точке <i>G</i>, а угол <i>C</i> равен γ. В тре­уголь­ни­ке <i>B</i><sub>1</sub><i>CB</i> от­ре­зок <i>CG</i> яв­ля­ет­ся вы­со­той и ме­ди­а­ной, тогда тре­уголь­ник <i>B</i><sub>1</sub><i>CB</i>  рав­но­бед­рен­ный, от­ре­зок <i>CG</i> яв­ля­ет­ся бис­сек­три­сой,  сле­до­ва­тель­но, луч <i>CB</i><sub>1</sub> сов­па­да­ет с лучом <i>CA</i>, и точка <i>A</i> лежит на от­рез­ке <i>CB</i><sub>1</sub>. В тре­уголь­ни­ке <i>CGB</i><sub>1</sub> имеем: </p><p class=\"left_margin\"></p><center><p><img src=\"https://ege.sdamgia.ru/formula/svg/39/3995868e66ee1db89938a3adbe4d84c5.svg\" class=\"tex\" style=\"vertical-align:-3.0pt\" alt=\"\\angle CGB_1=90 гра­ду­сов,\"> <img src=\"https://ege.sdamgia.ru/formula/svg/6b/6b58eb3bce36f1e46f4a018bfae641c6.svg\" class=\"tex\" style=\"vertical-align:-8.4pt\" alt=\"\\angle GCB= дробь: чис­ли­тель: гамма , зна­ме­на­тель: 2 конец дроби ,\"> <img src=\"https://ege.sdamgia.ru/formula/svg/3b/3b693201a8b31f50dc11f4b73c79c57d.svg\" class=\"tex\" style=\"vertical-align:-8.4pt\" alt=\"\\angle CBG=90 гра­ду­сов минус дробь: чис­ли­тель: гамма , зна­ме­на­тель: 2 конец дроби .\"> </p><p class=\"left_margin\"></p></center><p class=\"left_margin\">В тре­уголь­ни­ке <i>ABC</i> точка <i>O</i>  — ин­центр, по­это­му <img src=\"https://ege.sdamgia.ru/formula/svg/57/5740574d1cbad03b489e4d0700d49a85.svg\" class=\"tex\" style=\"vertical-align:-8.4pt\" alt=\"\\angle AOB=90 гра­ду­сов плюс дробь: чис­ли­тель: гамма , зна­ме­на­тель: 2 конец дроби .\"> </p><p> Сле­до­ва­тель­но, в че­ты­рех­уголь­ни­ке <i>B</i><sub>1</sub><i>AOB</i> имеем:</p><p class=\"left_margin\"></p><center><p><img src=\"https://ege.sdamgia.ru/formula/svg/f9/f90276bafc466b1e124725532e46b3f2.svg\" class=\"tex\" style=\"vertical-align:-8.4pt\" alt=\"\\angle AB_1B плюс \\angle AOB=90 гра­ду­сов минус дробь: чис­ли­тель: гамма , зна­ме­на­тель: 2 конец дроби плюс 90 гра­ду­сов плюс дробь: чис­ли­тель: гамма , зна­ме­на­тель: 2 конец дроби =180 гра­ду­сов, \"></p><p class=\"left_margin\"></p></center><p>а по­то­му че­ты­рех­уголь­ник <i>B</i><sub>1</sub><i>AOB</i>  — впи­сан­ный, и точки <i>B</i><sub>1</sub>, <i>A, O, B</i> лежат на одной окруж­но­сти.</p><p>&nbsp;</p><p class=\"left_margin\">б)  Пло­щадь че­ты­рех­уголь­ни­ка <i>AOBB</i><sub>1</sub> най­дем как сумму пло­ща­дей тре­уголь­ни­ков: <img src=\"https://ege.sdamgia.ru/formula/svg/21/216aa39ef763e3a5c3ef4a3fa0e228d2.svg\" class=\"tex\" style=\"vertical-align:-3.8pt\" alt=\"S_AOBB_1=S_AOB плюс A_ABB_1.\"> Причём <img src=\"https://ege.sdamgia.ru/formula/svg/d7/d7140ee9e9d1ef0f4439745c85926dfd.svg\" class=\"tex\" style=\"vertical-align:-8.4pt\" alt=\"S_AOB= дробь: чис­ли­тель: 1, зна­ме­на­тель: 2 конец дроби AB умно­жить на r, \"> где <i>r</i>  — ра­ди­ус окруж­но­сти, впи­сан­ный в тре­уголь­ник <i>ABC</i>. Для сто­рон тре­уголь­ни­ка <i>ABC</i> вы­пол­не­но со­от­но­ше­ние <img src=\"https://ege.sdamgia.ru/formula/svg/1c/1c71d590544a5d6f4c7ed671fd1d8e01.svg\" class=\"tex\" style=\"vertical-align:-3.0pt\" alt=\"AB в квад­ра­те =AC в квад­ра­те плюс BC в квад­ра­те ,\"> сле­до­ва­тель­но, угол <i>C</i> пря­мой. Тогда</p><p class=\"left_margin\"></p><center><p><img src=\"https://ege.sdamgia.ru/formula/svg/6e/6e37502c227f742c33a8abb03607fc31.svg\" class=\"tex\" style=\"vertical-align:-8.3pt\" alt=\"r= дробь: чис­ли­тель: AC плюс BC минус AB, зна­ме­на­тель: 2 конец дроби =2,\"> </p><p class=\"left_margin\"></p></center><p>от­ку­да <img src=\"https://ege.sdamgia.ru/formula/svg/c1/c139a59219eac7e875856ab34b572527.svg\" class=\"tex\" style=\"vertical-align:-8.4pt\" alt=\"S_AOB= дробь: чис­ли­тель: 1, зна­ме­на­тель: 2 конец дроби умно­жить на 10 умно­жить на 2 =10. \"></p><p class=\"left_margin\">Пло­щадь тре­уголь­ни­ка <i>ABB</i><sub>1</sub> най­дем как раз­ность пло­ща­дей тре­уголь­ни­ков <i>BCB</i><sub>1</sub> и <i>ABC</i>:</p><p class=\"left_margin\"></p><center><p><span data-width=\"640\" data-formulahash=\"60edd311163bfca25b9f713d6bcb6b70\" class=\"tex-span\" style=\"\"><img src=\"https://ege.sdamgia.ru/formula/svg/60/60edd311163bfca25b9f713d6bcb6b70.svg\" class=\"tex\" style=\"vertical-align:-8.3pt\" alt=\"S_ABB_1=S_BCB1 минус S_ABC= дробь: чис­ли­тель: 1, зна­ме­на­тель: 2 конец дроби CB в квад­ра­те минус дробь: чис­ли­тель: 1, зна­ме­на­тель: 2 конец дроби AC умно­жить на CB= дробь: чис­ли­тель: 1, зна­ме­на­тель: 2 конец дроби умно­жить на 8 в квад­ра­те минус дробь: чис­ли­тель: 1, зна­ме­на­тель: 2 конец дроби умно­жить на 6 умно­жить на 8=32 минус 24=8. \"></span><span data-width=\"515\" data-formulahash=\"60edd311163bfca25b9f713d6bcb6b70\" class=\"tex-span\" style=\"display:none\"><img src=\"https://ege.sdamgia.ru/formula/svg/5e/5e4770a17ddb1ea1a9c479c217bd68a3.svg\" class=\"tex\" style=\"vertical-align:-8.4pt\" alt=\"S_ABB_1=S_BCB1 минус S_ABC= дробь: чис­ли­тель: 1, зна­ме­на­тель: 2 конец дроби CB в квад­ра­те минус дробь: чис­ли­тель: 1, зна­ме­на­тель: 2 конец дроби AC умно­жить на CB= \"><br><img src=\"https://ege.sdamgia.ru/formula/svg/45/457110fcf0e4bcfa6a01638b224e9826.svg\" class=\"tex\" style=\"vertical-align:-8.4pt\" alt=\"= дробь: чис­ли­тель: 1, зна­ме­на­тель: 2 конец дроби умно­жить на 8 в квад­ра­те минус дробь: чис­ли­тель: 1, зна­ме­на­тель: 2 конец дроби умно­жить на 6 умно­жить на 8=32 минус 24=8. \"></span></p><p class=\"left_margin\"></p></center><p> В ре­зуль­та­те по­лу­чим <img src=\"https://ege.sdamgia.ru/formula/svg/14/14ff145d78efb3b672f4e27ac85440af.svg\" class=\"tex\" style=\"vertical-align:-3.8pt\" alt=\"S_AOBB_1=10 плюс 8=18.\"></p><p>&nbsp;</p><p><b>При­ве­дем ре­ше­ние пунк­та б) На­та­льи Лес­ни­чен­ко.</b></p><p class=\"left_margin\">За­ме­тим, что <img src=\"https://ege.sdamgia.ru/formula/svg/53/53d3852a54027a2fc381e6a93017b1fa.svg\" class=\"tex\" style=\"vertical-align:-3.7pt\" alt=\"S_AOBB_1=S_BCB_1 минус левая круг­лая скоб­ка S_AOC плюс S_COB пра­вая круг­лая скоб­ка .\"> </p><p class=\"left_margin\">Вы­со­ты тре­уголь­ни­ков <i>AOC</i> и <i>AOB</i> равны ра­ди­у­су окруж­но­сти, впи­сан­ный в тре­уголь­ник <i>ABC</i>.</p><p class=\"left_margin\">Для сто­рон тре­уголь­ни­ка <i>ABC</i> вы­пол­не­но со­от­но­ше­ние <img src=\"https://ege.sdamgia.ru/formula/svg/1c/1c71d590544a5d6f4c7ed671fd1d8e01.svg\" class=\"tex\" style=\"vertical-align:-3.0pt\" alt=\"AB в квад­ра­те =AC в квад­ра­те плюс BC в квад­ра­те ,\"> сле­до­ва­тель­но, угол <i>C</i> пря­мой. Тогда</p><p class=\"left_margin\"></p><center><p><img src=\"https://ege.sdamgia.ru/formula/svg/6e/6e37502c227f742c33a8abb03607fc31.svg\" class=\"tex\" style=\"vertical-align:-8.3pt\" alt=\"r= дробь: чис­ли­тель: AC плюс BC минус AB, зна­ме­на­тель: 2 конец дроби =2,\"> </p><p class=\"left_margin\"></p></center><p class=\"left_margin\">Сле­до­ва­тель­но, </p><p class=\"left_margin\"></p><center><p><img src=\"https://ege.sdamgia.ru/formula/svg/ef/ef78e5ed7b1b1954e56495ea9da5e8b9.svg\" class=\"tex\" style=\"vertical-align:-11.1pt\" alt=\"S_AOBB_1= дробь: чис­ли­тель: 1, зна­ме­на­тель: 2 конец дроби умно­жить на 8 умно­жить на 8 минус левая круг­лая скоб­ка дробь: чис­ли­тель: 1, зна­ме­на­тель: 2 конец дроби умно­жить на 6 умно­жить на 2 плюс дробь: чис­ли­тель: 1, зна­ме­на­тель: 2 конец дроби умно­жить на 8 умно­жить на 2 пра­вая круг­лая скоб­ка =32 минус левая круг­лая скоб­ка 6 плюс 8 пра­вая круг­лая скоб­ка =18.\"></p><p class=\"left_margin\"></p></center></div>",
        "image_urls": [
            "https://ege.sdamgia.ru/formula/svg/e5/e5a0f438361e685d3a56d7d01a599516.svg",
            "https://ege.sdamgia.ru/formula/svg/6b/6b58eb3bce36f1e46f4a018bfae641c6.svg",
            "https://ege.sdamgia.ru/formula/svg/3b/3b693201a8b31f50dc11f4b73c79c57d.svg",
            "https://ege.sdamgia.ru/formula/svg/d6/d663a2d309b193eea4ad98a808830491.svg",
            "https://ege.sdamgia.ru/formula/svg/07/0761e541c1a6ad4c34035d327b8d91ac.svg",
            "https://ege.sdamgia.ru/formula/svg/9e/9eb9fffcf593bb022a484b12d8d96348.svg",
            "https://ege.sdamgia.ru/formula/svg/7f/7f979b13d6a87ca7b05c9a44984676af.svg",
            "https://ege.sdamgia.ru/formula/svg/57/5740574d1cbad03b489e4d0700d49a85.svg",
            "https://ege.sdamgia.ru/formula/svg/9e/9e50e8d81612b9a167e07df620aeb275.svg",
            "https://ege.sdamgia.ru/formula/svg/01/0186cd806f298fc318b43bef9ad4336f.svg",
            "https://ege.sdamgia.ru/formula/svg/f4/f487f22930211d177bc265cb0b0b03bd.svg",
            "https://ege.sdamgia.ru/formula/svg/23/23a3085833e58e49575cfa04347ed45c.svg",
            "https://ege.sdamgia.ru/formula/svg/5e/5e9fb8bbf12090668adca4ae98f31bf3.svg",
            "https://ege.sdamgia.ru/formula/svg/9b/9b5952a1c764b0e00fda4deb0f94cb29.svg",
            "https://ege.sdamgia.ru/formula/svg/15/156143edab57b48c4f0e119548de8dc3.svg",
            "https://ege.sdamgia.ru/formula/svg/6c/6c34caf4c746213d687702965b4122bb.svg",
            "https://ege.sdamgia.ru/formula/svg/ec/ec4cd59968c1d1aaa820b653802feba1.svg",
            "https://ege.sdamgia.ru/formula/svg/c8/c86fe5499cbe18d1c1563ae1668dff9f.svg",
            "https://ege.sdamgia.ru/formula/svg/fd/fd23f9c0046b9358cef0cf3e58a6cb7d.svg",
            "https://ege.sdamgia.ru/formula/svg/2c/2c65288eca9bc36d4ef8b9ce4104e2e9.svg",
            "https://ege.sdamgia.ru/formula/svg/5a/5a2263a14ceabd9e95dde0649bfaff8c.svg",
            "https://ege.sdamgia.ru/formula/svg/2f/2f3acc4935a1898537c10ec8f834203c.svg",
            "https://ege.sdamgia.ru/formula/svg/aa/aa4be95bb3dc5790f98ca287ff97398a.svg",
            "https://ege.sdamgia.ru/formula/svg/0e/0e3d7a691ee6b920cc39ece397b57d84.svg",
            "https://ege.sdamgia.ru/formula/svg/39/3995868e66ee1db89938a3adbe4d84c5.svg",
            "https://ege.sdamgia.ru/formula/svg/6b/6b58eb3bce36f1e46f4a018bfae641c6.svg",
            "https://ege.sdamgia.ru/formula/svg/3b/3b693201a8b31f50dc11f4b73c79c57d.svg",
            "https://ege.sdamgia.ru/formula/svg/57/5740574d1cbad03b489e4d0700d49a85.svg",
            "https://ege.sdamgia.ru/formula/svg/f9/f90276bafc466b1e124725532e46b3f2.svg",
            "https://ege.sdamgia.ru/formula/svg/21/216aa39ef763e3a5c3ef4a3fa0e228d2.svg",
            "https://ege.sdamgia.ru/formula/svg/d7/d7140ee9e9d1ef0f4439745c85926dfd.svg",
            "https://ege.sdamgia.ru/formula/svg/1c/1c71d590544a5d6f4c7ed671fd1d8e01.svg",
            "https://ege.sdamgia.ru/formula/svg/6e/6e37502c227f742c33a8abb03607fc31.svg",
            "https://ege.sdamgia.ru/formula/svg/c1/c139a59219eac7e875856ab34b572527.svg",
            "https://ege.sdamgia.ru/formula/svg/60/60edd311163bfca25b9f713d6bcb6b70.svg",
            "https://ege.sdamgia.ru/formula/svg/5e/5e4770a17ddb1ea1a9c479c217bd68a3.svg",
            "https://ege.sdamgia.ru/formula/svg/45/457110fcf0e4bcfa6a01638b224e9826.svg",
            "https://ege.sdamgia.ru/formula/svg/14/14ff145d78efb3b672f4e27ac85440af.svg",
            "https://ege.sdamgia.ru/formula/svg/53/53d3852a54027a2fc381e6a93017b1fa.svg",
            "https://ege.sdamgia.ru/formula/svg/1c/1c71d590544a5d6f4c7ed671fd1d8e01.svg",
            "https://ege.sdamgia.ru/formula/svg/6e/6e37502c227f742c33a8abb03607fc31.svg",
            "https://ege.sdamgia.ru/formula/svg/ef/ef78e5ed7b1b1954e56495ea9da5e8b9.svg",
            "/get_file?id=147418",
            "/get_file?id=147417",
            "/get_file?id=147416"
        ]
    },
    "answer": "б) 18.",
    "topic_id": 17,
    "analog_ids": [
        517832,
        518146
    ]
}