{
    "gia_type": "ege",
    "subject": "math",
    "id": 519475,
    "condition": {
        "text": "В треугольнике ABC угол ABC тупой, H  — точка пересечения продолжений высот, угол AHC равен 60°. а)  Докажите, что угол ABC равен 120°. б)  Найдите BH, если  и ",
        "html": "<div align=\"justify\" width=\"100%\" id=\"body623567\" class=\"pbody\"><p class=\"left_margin\">В тре­уголь­ни­ке <i>ABC</i> угол <i>ABC</i> тупой, <i>H</i>  — точка пе­ре­се­че­ния про­дол­же­ний высот, угол <i>AHC</i> равен 60°. </p><p class=\"left_margin\">а)  До­ка­жи­те, что угол <i>ABC</i> равен 120°. </p><p class=\"left_margin\">б)  Най­ди­те <i>BH</i>, если <img src=\"https://ege.sdamgia.ru/formula/svg/a8/a8be8499d6b6d35aeeddaa4db478fdc1.svg\" class=\"tex\" style=\"vertical-align:-1.8pt\" alt=\"AB = 7\"> и <img src=\"https://ege.sdamgia.ru/formula/svg/75/75ff975452d4b10ed61dda28960c1932.svg\" class=\"tex\" style=\"vertical-align:-1.8pt\" alt=\"BC=8.\"></p></div>",
        "image_urls": [
            "https://ege.sdamgia.ru/formula/svg/a8/a8be8499d6b6d35aeeddaa4db478fdc1.svg",
            "https://ege.sdamgia.ru/formula/svg/75/75ff975452d4b10ed61dda28960c1932.svg"
        ]
    },
    "solution": {
        "text": "Решение. а)  Рассмотрим треугольник AHC. В нем AA1 и CC1  — высоты. Тупой угол между высотами дополняет угол между сторонами, к которым они проведены, до 180°. Поэтому б)  Рассмотрим треугольник AHC, в нем  Сторону AC найдём по теореме косинусов:  Тем самым,   Ответ: б)  Докажем утверждение, использованное при решении пункта а). В четырехугольнике  сумма прямых углов  и  равна 180°, поэтому сумма двух других углов  и  также равна 180°. Тогда  Углы  и ABC  равны как вертикальные, поэтому  Таким образом, тупой угол между высотами дополняет угол между сторонами, к которым они проведены, до 180°. Сформулируем теорему, которую мы применили для решения пункта б).Расстояние от вершины треугольника до точки пересечения его высот равно произведению стороны, противолежащей этой вершине, на котангенс угла при этой вершине. Действительно, пусть высоты AA1, BB1, CC1 треугольника ABC пересекаются в точке H. Стороны прямоугольных треугольников АСС1 и ВНС1 взаимно перпендикулярны, а потому их острые углы АСС1 и ВНС1 равны. Следовательно, эти треугольники подобны. Тогда  откуда  Для остроугольного треугольника доказательство аналогично. Для прямоугольного треугольника доказательство напрямую следует из определения котангенса.Рекомендуем сравнить эту задачу с заданием 505425 из экзаменационного варианта ЕГЭ 2014 года. Приведем другое решение пункта б):Рассмотрим треугольник C1CH, заметим, что угол  C1CH равен 30°. Поэтому в прямоугольном треугольнике CBA1 катет BA1 вдвое меньше гипотенузы:  BA1  =  4. Значит, АA1 = 11. Из треугольника AA1H находим  Теперь по теореме Пифагора вычисляем:  Приведем ещё одно решение пункта б):Заметим, что в треугольнике АНС точка В  — ортоцентр. В силу свойства ортоцентра  откуда получаем:  (это же следует из подобия треугольников  и ).Из прямоугольного треугольника CBA1 находим катет BA1, противолежащий углу в 30°: BA1  =  4. Из треугольника АВС находим высоту:   Тогда Приведем решение пункта б) Николая Тихонова.В треугольнике ABC найдем сторону AC по теореме косинусов:   откуда AC  =  13.Пусть  тогда в прямоугольном треугольнике BA1C имеем:  В прямоугольном треугольнике A1AC имеем:  тогда отсюда  тогда  и Рассмотрим треугольник ABC, его площадь равна и  отсюда Угол ABB1 равен углу HBA1 как вертикальные, следовательно,   и Примечание.Полезно будет сравнить эту задачу с заданием 519425 из экзаменационного варианта ЕГЭ 2014 года, заданием 519475 из ЕГЭ−2018, заданием 526342 из ЕГЭ−2019, заданием 656585 из ЕГЭ−2024.",
        "html": "<div align=\"justify\" width=\"100%\" id=\"sol519475\" class=\"solution\" style=\"clear:both;\" class=\"pbody\"><p class=\"left_margin\"></p><b>Ре­ше­ние<!--rule_info-->. </b><p class=\"left_margin\"><img src=\"/get_file?id=147421\" style=\"float:right;margin:10px;max-width:100%\"></p><p class=\"left_margin\">а)  Рас­смот­рим тре­уголь­ник <i>AHC</i>. В нем <i>AA</i><sub>1</sub> и <i>CC</i><sub>1</sub>  — вы­со­ты. Тупой угол между вы­со­та­ми до­пол­ня­ет угол между сто­ро­на­ми, к ко­то­рым они про­ве­де­ны, до 180°. По­это­му <img src=\"https://ege.sdamgia.ru/formula/svg/94/94973d149e024f2f1c7603f90d498da1.svg\" class=\"tex\" style=\"vertical-align:-1.8pt\" alt=\" \\widehatABC = 180 гра­ду­сов минус \\widehatAHC=120 гра­ду­сов.\"></p><p class=\"left_margin\">б)  Рас­смот­рим тре­уголь­ник <i>AHC</i>, в нем <img src=\"https://ege.sdamgia.ru/formula/svg/7b/7b2fcd3446ef0a5431fcc53f3f015bf2.svg\" class=\"tex\" style=\"vertical-align:-10.9pt\" alt=\"BH=AC \\ctg \\widehatAHC = дробь: чис­ли­тель: AC, зна­ме­на­тель: ко­рень из: на­ча­ло ар­гу­мен­та: 3 конец ар­гу­мен­та конец дроби . \"> Сто­ро­ну <i>AC</i> найдём по тео­ре­ме ко­си­ну­сов: </p><p class=\"left_margin\"></p><center><p><span data-width=\"640\" data-formulahash=\"5925865a08e52930f5eaba8bc48f6a75\" class=\"tex-span\" style=\"\"><img src=\"https://ege.sdamgia.ru/formula/svg/59/5925865a08e52930f5eaba8bc48f6a75.svg\" class=\"tex\" style=\"vertical-align:-11.2pt\" alt=\"AC в квад­ра­те =AB в квад­ра­те плюс BC в квад­ра­те минус 2 умно­жить на AB умно­жить на BC умно­жить на ко­си­нус \\widehatABC=49 плюс 64 минус 2 умно­жить на 7 умно­жить на 8 умно­жить на левая круг­лая скоб­ка минус дробь: чис­ли­тель: 1, зна­ме­на­тель: 2 конец дроби пра­вая круг­лая скоб­ка =113 плюс 56=169. \"></span><span data-width=\"565\" data-formulahash=\"5925865a08e52930f5eaba8bc48f6a75\" class=\"tex-span\" style=\"display:none\"><img src=\"https://ege.sdamgia.ru/formula/svg/a7/a7f7b5c8912bd1886e73ddeb764ed2f4.svg\" class=\"tex\" style=\"vertical-align:-1.8pt\" alt=\"AC в квад­ра­те =AB в квад­ра­те плюс BC в квад­ра­те минус 2 умно­жить на AB умно­жить на BC умно­жить на ко­си­нус \\widehatABC=\"><br><img src=\"https://ege.sdamgia.ru/formula/svg/f8/f831eacaac395ca3cba31bc9d3b0cf53.svg\" class=\"tex\" style=\"vertical-align:-11.1pt\" alt=\"=49 плюс 64 минус 2 умно­жить на 7 умно­жить на 8 умно­жить на левая круг­лая скоб­ка минус дробь: чис­ли­тель: 1, зна­ме­на­тель: 2 конец дроби пра­вая круг­лая скоб­ка =113 плюс 56=169. \"></span> </p><p class=\"left_margin\"></p></center><p class=\"left_margin\">Тем самым, <img src=\"https://ege.sdamgia.ru/formula/svg/d6/d6af6bdd17f9338196c3a76ca6d5f6bc.svg\" class=\"tex\" style=\"vertical-align:-11.0pt\" alt=\" AC=13,BH= дробь: чис­ли­тель: 13, зна­ме­на­тель: ко­рень из: на­ча­ло ар­гу­мен­та: 3 конец ар­гу­мен­та конец дроби . \"> </p><p>&nbsp;</p><p><span style=\"letter-spacing: 2px;\">Ответ:</span> б) <img src=\"https://ege.sdamgia.ru/formula/svg/eb/eb10bb961dd75735b3354b4d388c194f.svg\" class=\"tex\" style=\"vertical-align:-11.0pt\" alt=\" дробь: чис­ли­тель: 13, зна­ме­на­тель: ко­рень из: на­ча­ло ар­гу­мен­та: 3 конец ар­гу­мен­та конец дроби . \"></p><p>&nbsp;</p><p><b>До­ка­жем утвер­жде­ние, ис­поль­зо­ван­ное при ре­ше­нии пунк­та а). </b></p><p class=\"left_margin\">В че­ты­рех­уголь­ни­ке <img src=\"https://ege.sdamgia.ru/formula/svg/13/13767bc5ba39f57ca3ea6977b7763505.svg\" class=\"tex\" style=\"vertical-align:-2.5pt\" alt=\"HC_1BA_1\"> сумма пря­мых углов <img src=\"https://ege.sdamgia.ru/formula/svg/30/30bb0a1d94328874a7628089e34e92ff.svg\" class=\"tex\" style=\"vertical-align:-2.5pt\" alt=\"HC_1B\"> и <img src=\"https://ege.sdamgia.ru/formula/svg/0b/0b940f8180610a9457efa22901466bad.svg\" class=\"tex\" style=\"vertical-align:-2.5pt\" alt=\"HA_1B\"> равна 180°, по­это­му сумма двух дру­гих углов <img src=\"https://ege.sdamgia.ru/formula/svg/58/586b185a00ac2acc1dc6686128b09d26.svg\" class=\"tex\" style=\"vertical-align:-2.5pt\" alt=\"C_1HA_1\"> и <img src=\"https://ege.sdamgia.ru/formula/svg/4f/4fcb74a9761af41cbf8b9626fda95a58.svg\" class=\"tex\" style=\"vertical-align:-2.5pt\" alt=\"C_1BA_1\"> также равна 180°. Тогда <img src=\"https://ege.sdamgia.ru/formula/svg/ee/eecd123adebc4848e296023c7c520457.svg\" class=\"tex\" style=\"vertical-align:-2.6pt\" alt=\"\\angle C_1BA_1 = 180 в сте­пе­ни circ минус \\angle C_1HA_1.\"> Углы <img src=\"https://ege.sdamgia.ru/formula/svg/4f/4fcb74a9761af41cbf8b9626fda95a58.svg\" class=\"tex\" style=\"vertical-align:-2.5pt\" alt=\"C_1BA_1\"> и <i>ABC </i> равны как вер­ти­каль­ные, по­это­му <img src=\"https://ege.sdamgia.ru/formula/svg/df/df83cb28b2bb771dd4f6982cf0b88fcb.svg\" class=\"tex\" style=\"vertical-align:-2.6pt\" alt=\" \\angle ABC плюс \\angle C_1HA_1 = 180 в сте­пе­ни circ.\"> Таким об­ра­зом, тупой угол между вы­со­та­ми до­пол­ня­ет угол между сто­ро­на­ми, к ко­то­рым они про­ве­де­ны, до 180°.</p><p>&nbsp;</p><p><b>Сфор­му­ли­ру­ем тео­ре­му, ко­то­рую мы при­ме­ни­ли для ре­ше­ния пунк­та б).</b></p><p class=\"left_margin\">Рас­сто­я­ние от вер­ши­ны тре­уголь­ни­ка до точки пе­ре­се­че­ния его высот равно про­из­ве­де­нию сто­ро­ны, про­ти­во­ле­жа­щей этой вер­ши­не, на ко­тан­генс угла при этой вер­ши­не. Дей­стви­тель­но, пусть вы­со­ты <i>AA</i><sub>1</sub>, <i>BB</i><sub>1</sub>, <i>CC</i><sub>1</sub> тре­уголь­ни­ка <i>ABC</i> пе­ре­се­ка­ют­ся в точке <i>H</i>. Сто­ро­ны пря­мо­уголь­ных тре­уголь­ни­ков <i>АСС</i><sub>1</sub> и <i>ВНС</i><sub>1</sub> вза­им­но пер­пен­ди­ку­ляр­ны, а по­то­му их ост­рые углы <i>АСС</i><sub>1</sub> и <i>ВНС</i><sub>1</sub> равны. Сле­до­ва­тель­но, эти тре­уголь­ни­ки по­доб­ны. Тогда <img src=\"https://ege.sdamgia.ru/formula/svg/65/656afee12e0a421b48c9ad3306404197.svg\" class=\"tex\" style=\"vertical-align:-10.0pt\" alt=\" дробь: чис­ли­тель: HB, зна­ме­на­тель: AC конец дроби = дробь: чис­ли­тель: HC_1, зна­ме­на­тель: CC_1 конец дроби =\\ctg \\widehatC_1HC= \\ctg \\widehatAHC, \"> от­ку­да <img src=\"https://ege.sdamgia.ru/formula/svg/9a/9a9f888d8dd8e5c41b9af83e5fb7acb2.svg\" class=\"tex\" style=\"vertical-align:-3.2pt\" alt=\" HB =AC \\ctg \\widehatAHC.\"> Для ост­ро­уголь­но­го тре­уголь­ни­ка до­ка­за­тель­ство ана­ло­гич­но. Для пря­мо­уголь­но­го тре­уголь­ни­ка до­ка­за­тель­ство на­пря­мую сле­ду­ет из опре­де­ле­ния ко­тан­ген­са.</p><p class=\"left_margin\">Ре­ко­мен­ду­ем срав­нить эту за­да­чу с за­да­ни­ем <a href=\"https://ege.sdamgia.ru/problem?id=505425\" target=\"_blank\">505425</a> из эк­за­ме­на­ци­он­но­го ва­ри­ан­та ЕГЭ 2014 года.</p><p>&nbsp;</p><p><b>При­ве­дем дру­гое ре­ше­ние пунк­та б):</b></p><p class=\"left_margin\">Рас­смот­рим тре­уголь­ник <i>C</i><sub>1</sub><i>CH</i>, за­ме­тим, что угол  <i>C</i><sub>1</sub><i>CH</i> равен 30°. По­это­му в пря­мо­уголь­ном тре­уголь­ни­ке <i>CBA</i><sub>1</sub> катет <i>BA</i><sub>1</sub> вдвое мень­ше ги­по­те­ну­зы:  <i>BA</i><sub>1</sub>  =  4. Зна­чит, <i>АA</i><sub>1</sub> = 11. Из тре­уголь­ни­ка <i>AA</i><sub>1</sub><i>H</i> на­хо­дим <img src=\"https://ege.sdamgia.ru/formula/svg/ee/ee18d49ed7344e936f650a2060eee51a.svg\" class=\"tex\" style=\"vertical-align:-11.0pt\" alt=\"HA_1=AA_1 \\ctg 60 гра­ду­сов= дробь: чис­ли­тель: 11, зна­ме­на­тель: ко­рень из 3 конец дроби . \"> Те­перь по тео­ре­ме Пи­фа­го­ра вы­чис­ля­ем: </p><p class=\"left_margin\"></p><center><p><img src=\"https://ege.sdamgia.ru/formula/svg/9b/9b8a8c4cc317ceb49e84c7fb01afeefd.svg\" class=\"tex\" style=\"vertical-align:-11.0pt\" alt=\"BH= ко­рень из: на­ча­ло ар­гу­мен­та: BA_1 в квад­ра­те плюс HA_1 в квад­ра­те конец ар­гу­мен­та = ко­рень из: на­ча­ло ар­гу­мен­та: 16 плюс дробь: чис­ли­тель: 121, зна­ме­на­тель: 3 конец дроби конец ар­гу­мен­та = дробь: чис­ли­тель: 13, зна­ме­на­тель: ко­рень из: на­ча­ло ар­гу­мен­та: 3 конец ар­гу­мен­та конец дроби . \"></p><p class=\"left_margin\"></p></center><p>&nbsp;</p><p><b>При­ве­дем ещё одно ре­ше­ние пунк­та б):</b></p><p class=\"left_margin\">За­ме­тим, что в тре­уголь­ни­ке <i>АНС</i> точка <i>В</i>  — ор­то­центр. В силу свой­ства ор­то­цен­тра <img src=\"https://ege.sdamgia.ru/formula/svg/cf/cf6fd1d0e54a64d0ec5a94ed2bf630ea.svg\" class=\"tex\" style=\"vertical-align:-3.0pt\" alt=\"AB умно­жить на BA_1 = HB умно­жить на BB_1,\"> от­ку­да по­лу­ча­ем: <img src=\"https://ege.sdamgia.ru/formula/svg/84/84df83633188c8fdbb2e2468b6693b00.svg\" class=\"tex\" style=\"vertical-align:-10.0pt\" alt=\"HB= дробь: чис­ли­тель: AB умно­жить на BA_1, зна­ме­на­тель: BB_1 конец дроби \"> (это же сле­ду­ет из по­до­бия тре­уголь­ни­ков <img src=\"https://ege.sdamgia.ru/formula/svg/50/5006280a034a7ebb3dbe1477b0c41f39.svg\" class=\"tex\" style=\"vertical-align:-2.5pt\" alt=\"ABB_1\"> и <img src=\"https://ege.sdamgia.ru/formula/svg/7a/7a32556a1af8718cf506aa119ea7e21b.svg\" class=\"tex\" style=\"vertical-align:-2.5pt\" alt=\"BCA_1\">).</p><p class=\"left_margin\">Из пря­мо­уголь­но­го тре­уголь­ни­ка <i>CBA</i><sub>1</sub> на­хо­дим катет <i>BA</i><sub>1</sub>, про­ти­во­ле­жа­щий углу в 30°: <i>BA</i><sub>1</sub>  =  4. Из тре­уголь­ни­ка <i>АВС</i> на­хо­дим вы­со­ту: </p><p class=\"left_margin\"></p><center><p><img src=\"https://ege.sdamgia.ru/formula/svg/12/12eebedd2a316989eafc2a1397bd1f8c.svg\" class=\"tex\" style=\"vertical-align:-8.5pt\" alt=\"BB_1= дробь: чис­ли­тель: 2S_ABC, зна­ме­на­тель: AC конец дроби = дробь: чис­ли­тель: 2 умно­жить на дробь: чис­ли­тель: 1, зна­ме­на­тель: 2 конец дроби умно­жить на 7 умно­жить на 8 умно­жить на синус 120 гра­ду­сов, зна­ме­на­тель: 13 конец дроби = дробь: чис­ли­тель: 28 ко­рень из 3 , зна­ме­на­тель: 13 конец дроби . \"> </p><p class=\"left_margin\"></p></center><p> Тогда </p><p class=\"left_margin\"></p><center><p><img src=\"https://ege.sdamgia.ru/formula/svg/eb/eb3b95770ea40b82e1dd303c78916224.svg\" class=\"tex\" style=\"vertical-align:-24.6pt\" alt=\"HB= дробь: чис­ли­тель: 7 умно­жить на 4, зна­ме­на­тель: \\dfrac28 ко­рень из 3 13 конец дроби = дробь: чис­ли­тель: 13, зна­ме­на­тель: ко­рень из 3 конец дроби . \"></p><p class=\"left_margin\"></p></center><p><b>При­ве­дем ре­ше­ние пунк­та б) Ни­ко­лая Ти­хо­но­ва.</b></p><p class=\"left_margin\">В тре­уголь­ни­ке <i>ABC</i> най­дем сто­ро­ну <i>AC</i> по тео­ре­ме ко­си­ну­сов: </p><p class=\"left_margin\"></p><center><p><span data-width=\"640\" data-formulahash=\"19991bcb0d3b700e555432c384a19d4a\" class=\"tex-span\" style=\"\"><img src=\"https://ege.sdamgia.ru/formula/svg/19/19991bcb0d3b700e555432c384a19d4a.svg\" class=\"tex\" style=\"vertical-align:-11.2pt\" alt=\"AC в квад­ра­те =AB в квад­ра­те плюс BC в квад­ра­те минус 2 умно­жить на AB умно­жить на BC умно­жить на ко­си­нус \\widehatABC=49 плюс 64 минус 2 умно­жить на 7 умно­жить на 8 умно­жить на левая круг­лая скоб­ка минус дробь: чис­ли­тель: 1, зна­ме­на­тель: 2 конец дроби пра­вая круг­лая скоб­ка =113 плюс 56=169, \"></span><span data-width=\"565\" data-formulahash=\"19991bcb0d3b700e555432c384a19d4a\" class=\"tex-span\" style=\"display:none\"><img src=\"https://ege.sdamgia.ru/formula/svg/a7/a7f7b5c8912bd1886e73ddeb764ed2f4.svg\" class=\"tex\" style=\"vertical-align:-1.8pt\" alt=\"AC в квад­ра­те =AB в квад­ра­те плюс BC в квад­ра­те минус 2 умно­жить на AB умно­жить на BC умно­жить на ко­си­нус \\widehatABC=\"><br><img src=\"https://ege.sdamgia.ru/formula/svg/1a/1a8b390734cf2afbf57b07374170b5ab.svg\" class=\"tex\" style=\"vertical-align:-11.1pt\" alt=\"=49 плюс 64 минус 2 умно­жить на 7 умно­жить на 8 умно­жить на левая круг­лая скоб­ка минус дробь: чис­ли­тель: 1, зна­ме­на­тель: 2 конец дроби пра­вая круг­лая скоб­ка =113 плюс 56=169, \"></span> </p><p class=\"left_margin\"></p></center> от­ку­да <i>AC</i>  =  13.<p class=\"left_margin\">Пусть <img src=\"https://ege.sdamgia.ru/formula/svg/38/385dfb6c8c5fc7c95634a699b99225cc.svg\" class=\"tex\" style=\"vertical-align:-3.0pt\" alt=\"BA_1=x,\"> тогда в пря­мо­уголь­ном тре­уголь­ни­ке <i>BA</i><sub>1</sub><i>C</i> имеем: <img src=\"https://ege.sdamgia.ru/formula/svg/e8/e892a61610a79e35714d846882eb42a3.svg\" class=\"tex\" style=\"vertical-align:-3.6pt\" alt=\"CA_1 в квад­ра­те =BC в квад­ра­те минус BA_1 в квад­ра­те =64 минус x в квад­ра­те .\"> </p><p class=\"left_margin\">В пря­мо­уголь­ном тре­уголь­ни­ке <i>A</i><sub>1</sub><i>AC</i> имеем: <img src=\"https://ege.sdamgia.ru/formula/svg/32/321dc09b0a2bacad6fc519000614b734.svg\" class=\"tex\" style=\"vertical-align:-3.6pt\" alt=\"AC в квад­ра­те = левая круг­лая скоб­ка AB плюс BA_1 пра­вая круг­лая скоб­ка в квад­ра­те плюс A_1C в квад­ра­те ,\"> тогда</p><p class=\"left_margin\"></p><center><p><img src=\"https://ege.sdamgia.ru/formula/svg/e6/e6397f49826e02f4d91d589cb7f25bf9.svg\" class=\"tex\" style=\"vertical-align:-3.6pt\" alt=\"13 в квад­ра­те = левая круг­лая скоб­ка 7 плюс x пра­вая круг­лая скоб­ка в квад­ра­те плюс левая круг­лая скоб­ка 64 минус x в квад­ра­те пра­вая круг­лая скоб­ка \\Rightarrow 169=49 плюс 14 x плюс x в квад­ра­те плюс 64 минус x в квад­ра­те ,\"></p><p class=\"left_margin\"></p></center><p> от­сю­да <img src=\"https://ege.sdamgia.ru/formula/svg/f8/f870b29c21d67da0bf84ca6c2380c8ea.svg\" class=\"tex\" style=\"vertical-align:-3.0pt\" alt=\"x=4,\"> тогда <img src=\"https://ege.sdamgia.ru/formula/svg/84/84a76c57ddb395a4c8f9251f7e013f31.svg\" class=\"tex\" style=\"vertical-align:-2.5pt\" alt=\"BA_1=4\"> и <img src=\"https://ege.sdamgia.ru/formula/svg/b8/b8c819edeb3d2b22b46cb48365dbeada.svg\" class=\"tex\" style=\"vertical-align:-2.6pt\" alt=\" A_1 C=4 ко­рень из: на­ча­ло ар­гу­мен­та: 3 конец ар­гу­мен­та .\"></p><p class=\"left_margin\">Рас­смот­рим тре­уголь­ник <i>ABC</i>, его пло­щадь равна</p><p class=\"left_margin\"></p><center><p><img src=\"https://ege.sdamgia.ru/formula/svg/d8/d8cb75b14ec08da613e2551261161f08.svg\" class=\"tex\" style=\"vertical-align:-8.5pt\" alt=\"S_ABC=0,5 умно­жить на AB умно­жить на BC умно­жить на синус ABC=B умно­жить на 0,5 умно­жить на 7 умно­жить на 8 умно­жить на дробь: чис­ли­тель: ко­рень из: на­ча­ло ар­гу­мен­та: 3 конец ар­гу­мен­та , зна­ме­на­тель: 2 конец дроби =14 ко­рень из: на­ча­ло ар­гу­мен­та: 3 конец ар­гу­мен­та \"></p><p class=\"left_margin\"></p></center><p> и</p><p class=\"left_margin\"></p><center><p><img src=\"https://ege.sdamgia.ru/formula/svg/fb/fbd18fd1448e8b7398c0466732412ced.svg\" class=\"tex\" style=\"vertical-align:-3.1pt\" alt=\"S_ABC=0,5 умно­жить на AC умно­жить на BB_1=0,5 умно­жить на 13 умно­жить на BB_1}=14 ко­рень из: на­ча­ло ар­гу­мен­та: 3 конец ар­гу­мен­та ,\"> </p><p class=\"left_margin\"></p></center><p> от­сю­да </p><p class=\"left_margin\"></p><center><p><img src=\"https://ege.sdamgia.ru/formula/svg/f1/f172d6f064973a12d8eaa064a105f23f.svg\" class=\"tex\" style=\"vertical-align:-8.4pt\" alt=\" BB_1= дробь: чис­ли­тель: 28 ко­рень из: на­ча­ло ар­гу­мен­та: 3 конец ар­гу­мен­та , зна­ме­на­тель: 13 конец дроби , \\quad синус B A C= дробь: чис­ли­тель: левая круг­лая скоб­ка дробь: чис­ли­тель: 28 ко­рень из: на­ча­ло ар­гу­мен­та: 3 конец ар­гу­мен­та , зна­ме­на­тель: 13 конец дроби пра­вая круг­лая скоб­ка , зна­ме­на­тель: 7 конец дроби = дробь: чис­ли­тель: 4 ко­рень из: на­ча­ло ар­гу­мен­та: 3 конец ар­гу­мен­та , зна­ме­на­тель: 13 конец дроби , \\quad синус B A C= ко­си­нус A B B_1. \"></p><p class=\"left_margin\"></p></center><p class=\"left_margin\">Угол <i>ABB</i><sub>1</sub> равен углу <i>HBA</i><sub>1</sub> как вер­ти­каль­ные, сле­до­ва­тель­но, </p><p class=\"left_margin\"></p><center><p><img src=\"https://ege.sdamgia.ru/formula/svg/d4/d402ba9cc5481513aefd5221fdfa6bcd.svg\" class=\"tex\" style=\"vertical-align:-8.6pt\" alt=\" ко­си­нус ABB_1= ко­си­нус HBA_1= дробь: чис­ли­тель: 4 ко­рень из 3 , зна­ме­на­тель: 13 конец дроби \"> </p><p class=\"left_margin\"></p></center><p> и</p><p class=\"left_margin\"></p><center><p><img src=\"https://ege.sdamgia.ru/formula/svg/db/db651f641bd5429a1567668da11609f3.svg\" class=\"tex\" style=\"vertical-align:-10.9pt\" alt=\"HB= дробь: чис­ли­тель: BA_1, зна­ме­на­тель: ко­си­нус HBA_1 конец дроби = дробь: чис­ли­тель: 4 умно­жить на 13, зна­ме­на­тель: 4 ко­рень из: на­ча­ло ар­гу­мен­та: 3 конец ар­гу­мен­та конец дроби = дробь: чис­ли­тель: 13, зна­ме­на­тель: ко­рень из 3 конец дроби . \"></p><p class=\"left_margin\"></p></center><p>&nbsp;</p><p><b>При­ме­ча­ние.</b></p><p class=\"left_margin\">По­лез­но будет срав­нить эту за­да­чу с за­да­ни­ем <a href=\"https://ege.sdamgia.ru/problem?id=519425\" target=\"_blank\">519425</a> из эк­за­ме­на­ци­он­но­го ва­ри­ан­та ЕГЭ 2014 года, за­да­ни­ем <a href=\"https://ege.sdamgia.ru/problem?id=519475\" target=\"_blank\">519475</a> из ЕГЭ−2018, за­да­ни­ем <a href=\"https://ege.sdamgia.ru/problem?id=526342\" target=\"_blank\">526342</a> из ЕГЭ−2019, за­да­ни­ем <a href=\"https://ege.sdamgia.ru/problem?id=656585\" target=\"_blank\">656585</a> из ЕГЭ−2024.</p></div>",
        "image_urls": [
            "https://ege.sdamgia.ru/formula/svg/94/94973d149e024f2f1c7603f90d498da1.svg",
            "https://ege.sdamgia.ru/formula/svg/7b/7b2fcd3446ef0a5431fcc53f3f015bf2.svg",
            "https://ege.sdamgia.ru/formula/svg/59/5925865a08e52930f5eaba8bc48f6a75.svg",
            "https://ege.sdamgia.ru/formula/svg/a7/a7f7b5c8912bd1886e73ddeb764ed2f4.svg",
            "https://ege.sdamgia.ru/formula/svg/f8/f831eacaac395ca3cba31bc9d3b0cf53.svg",
            "https://ege.sdamgia.ru/formula/svg/d6/d6af6bdd17f9338196c3a76ca6d5f6bc.svg",
            "https://ege.sdamgia.ru/formula/svg/eb/eb10bb961dd75735b3354b4d388c194f.svg",
            "https://ege.sdamgia.ru/formula/svg/13/13767bc5ba39f57ca3ea6977b7763505.svg",
            "https://ege.sdamgia.ru/formula/svg/30/30bb0a1d94328874a7628089e34e92ff.svg",
            "https://ege.sdamgia.ru/formula/svg/0b/0b940f8180610a9457efa22901466bad.svg",
            "https://ege.sdamgia.ru/formula/svg/58/586b185a00ac2acc1dc6686128b09d26.svg",
            "https://ege.sdamgia.ru/formula/svg/4f/4fcb74a9761af41cbf8b9626fda95a58.svg",
            "https://ege.sdamgia.ru/formula/svg/ee/eecd123adebc4848e296023c7c520457.svg",
            "https://ege.sdamgia.ru/formula/svg/4f/4fcb74a9761af41cbf8b9626fda95a58.svg",
            "https://ege.sdamgia.ru/formula/svg/df/df83cb28b2bb771dd4f6982cf0b88fcb.svg",
            "https://ege.sdamgia.ru/formula/svg/65/656afee12e0a421b48c9ad3306404197.svg",
            "https://ege.sdamgia.ru/formula/svg/9a/9a9f888d8dd8e5c41b9af83e5fb7acb2.svg",
            "https://ege.sdamgia.ru/formula/svg/ee/ee18d49ed7344e936f650a2060eee51a.svg",
            "https://ege.sdamgia.ru/formula/svg/9b/9b8a8c4cc317ceb49e84c7fb01afeefd.svg",
            "https://ege.sdamgia.ru/formula/svg/cf/cf6fd1d0e54a64d0ec5a94ed2bf630ea.svg",
            "https://ege.sdamgia.ru/formula/svg/84/84df83633188c8fdbb2e2468b6693b00.svg",
            "https://ege.sdamgia.ru/formula/svg/50/5006280a034a7ebb3dbe1477b0c41f39.svg",
            "https://ege.sdamgia.ru/formula/svg/7a/7a32556a1af8718cf506aa119ea7e21b.svg",
            "https://ege.sdamgia.ru/formula/svg/12/12eebedd2a316989eafc2a1397bd1f8c.svg",
            "https://ege.sdamgia.ru/formula/svg/eb/eb3b95770ea40b82e1dd303c78916224.svg",
            "https://ege.sdamgia.ru/formula/svg/19/19991bcb0d3b700e555432c384a19d4a.svg",
            "https://ege.sdamgia.ru/formula/svg/a7/a7f7b5c8912bd1886e73ddeb764ed2f4.svg",
            "https://ege.sdamgia.ru/formula/svg/1a/1a8b390734cf2afbf57b07374170b5ab.svg",
            "https://ege.sdamgia.ru/formula/svg/38/385dfb6c8c5fc7c95634a699b99225cc.svg",
            "https://ege.sdamgia.ru/formula/svg/e8/e892a61610a79e35714d846882eb42a3.svg",
            "https://ege.sdamgia.ru/formula/svg/32/321dc09b0a2bacad6fc519000614b734.svg",
            "https://ege.sdamgia.ru/formula/svg/e6/e6397f49826e02f4d91d589cb7f25bf9.svg",
            "https://ege.sdamgia.ru/formula/svg/f8/f870b29c21d67da0bf84ca6c2380c8ea.svg",
            "https://ege.sdamgia.ru/formula/svg/84/84a76c57ddb395a4c8f9251f7e013f31.svg",
            "https://ege.sdamgia.ru/formula/svg/b8/b8c819edeb3d2b22b46cb48365dbeada.svg",
            "https://ege.sdamgia.ru/formula/svg/d8/d8cb75b14ec08da613e2551261161f08.svg",
            "https://ege.sdamgia.ru/formula/svg/fb/fbd18fd1448e8b7398c0466732412ced.svg",
            "https://ege.sdamgia.ru/formula/svg/f1/f172d6f064973a12d8eaa064a105f23f.svg",
            "https://ege.sdamgia.ru/formula/svg/d4/d402ba9cc5481513aefd5221fdfa6bcd.svg",
            "https://ege.sdamgia.ru/formula/svg/db/db651f641bd5429a1567668da11609f3.svg",
            "/get_file?id=147421"
        ]
    },
    "answer": "б)",
    "topic_id": 17,
    "analog_ids": []
}