{
    "gia_type": "ege",
    "subject": "math",
    "id": 521702,
    "condition": {
        "text": "Из вершин А и В тупоугольного треугольника АВС проведены высоты BQ и AH. Известно, что угол В  — тупой, BC : CH  =  4 : 5, BH  =  BQ.А)  Докажите, что диаметр описанной вокруг треугольника ABQ окружности в  раз больше BQ. Б)  Найдите площадь четырехугольника AHBQ, если площадь треугольника HQC равна 25.",
        "html": "<div align=\"justify\" width=\"100%\" id=\"body629530\" class=\"pbody\"><p class=\"left_margin\">Из вер­шин <i>А</i> и <i>В</i> ту­по­уголь­но­го тре­уголь­ни­ка <i>АВС</i> про­ве­де­ны вы­со­ты <i>BQ</i> и <i>AH</i>. Из­вест­но, что угол <i>В</i>  — тупой, <i>BC</i> : <i>CH</i>  =  4 : 5, <i>BH</i>  =  <i>BQ</i>.</p><p class=\"left_margin\">А)  До­ка­жи­те, что диа­метр опи­сан­ной во­круг тре­уголь­ни­ка <i>ABQ</i> окруж­но­сти в <img src=\"https://ege.sdamgia.ru/formula/svg/8b/8bcdd021972b45f1be5dd48d4738426d.svg\" class=\"tex\" style=\"vertical-align:-8.5pt\" alt=\" дробь: чис­ли­тель: 2 ко­рень из 6 , зна­ме­на­тель: 3 конец дроби \"> раз боль­ше <i>BQ</i>. </p><p class=\"left_margin\">Б)  Най­ди­те пло­щадь че­ты­рех­уголь­ни­ка <i>AHBQ</i>, если пло­щадь тре­уголь­ни­ка <i>HQC</i> равна 25.</p></div>",
        "image_urls": [
            "https://ege.sdamgia.ru/formula/svg/8b/8bcdd021972b45f1be5dd48d4738426d.svg"
        ]
    },
    "solution": {
        "text": "Решение. а)  Пусть  тогда    откуда  Тогда  Но AB и есть диаметр описанной окружности треугольника  б)   откуда  и  Ответ: б) ",
        "html": "<div align=\"justify\" width=\"100%\" id=\"sol521702\" class=\"solution\" style=\"clear:both;\" class=\"pbody\"><p class=\"left_margin\"></p><b>Ре­ше­ние<!--rule_info-->. </b><p class=\"left_margin\"><img src=\"/get_file?id=147428\" style=\"float:right;margin:10px;max-width:100%\">а)  Пусть <img src=\"https://ege.sdamgia.ru/formula/svg/e5/e5a6ea7d031461e91cc1466f97dff6e5.svg\" class=\"tex\" style=\"vertical-align:-3.0pt\" alt=\"BQ=BH=x,\"> тогда <img src=\"https://ege.sdamgia.ru/formula/svg/46/4670b12a74a55f0b5f93a6e9467d2c09.svg\" class=\"tex\" style=\"vertical-align:-3.0pt\" alt=\"BC=4x,\"> <img src=\"https://ege.sdamgia.ru/formula/svg/1c/1caf755c7610639808758bf987217fa4.svg\" class=\"tex\" style=\"vertical-align:-3.0pt\" alt=\"QC=x ко­рень из: на­ча­ло ар­гу­мен­та: 15 конец ар­гу­мен­та ,\"> <img src=\"https://ege.sdamgia.ru/formula/svg/aa/aae67a773d04e199ea6ea72c656247a1.svg\" class=\"tex\" style=\"vertical-align:-3.2pt\" alt=\"AH:HC=BQ:QC= тан­генс \\angle BCA,\"> от­ку­да <img src=\"https://ege.sdamgia.ru/formula/svg/9e/9e910c6da600d8d79d8ab71a7ec4302c.svg\" class=\"tex\" style=\"vertical-align:-10.9pt\" alt=\"AH= дробь: чис­ли­тель: 5x, зна­ме­на­тель: ко­рень из: на­ча­ло ар­гу­мен­та: 15 конец ар­гу­мен­та конец дроби . \"> Тогда <img src=\"https://ege.sdamgia.ru/formula/svg/c4/c44803173a08d1489bae7d1a1be263a1.svg\" class=\"tex\" style=\"vertical-align:-8.5pt\" alt=\"AB= ко­рень из: на­ча­ло ар­гу­мен­та: AH в квад­ра­те плюс HB в квад­ра­те конец ар­гу­мен­та = дробь: чис­ли­тель: 2 ко­рень из: на­ча­ло ар­гу­мен­та: 6 конец ар­гу­мен­та , зна­ме­на­тель: 3 конец дроби x. \"> Но <i>AB</i> и есть диа­метр опи­сан­ной окруж­но­сти тре­уголь­ни­ка <img src=\"https://ege.sdamgia.ru/formula/svg/56/563342848e84495202b0c8f16df947c3.svg\" class=\"tex\" style=\"vertical-align:-3.0pt\" alt=\"ABQ.\"></p><p>&nbsp;</p><p class=\"left_margin\">б)  <img src=\"https://ege.sdamgia.ru/formula/svg/3a/3aec146a71c9f349bcd6ff5256f90eaf.svg\" class=\"tex\" style=\"vertical-align:-8.4pt\" alt=\"S_HQC= дробь: чис­ли­тель: 1, зна­ме­на­тель: 2 конец дроби HC умно­жить на QC умно­жить на синус \\angle BCA= дробь: чис­ли­тель: 1, зна­ме­на­тель: 2 конец дроби умно­жить на 5x умно­жить на ко­рень из: на­ча­ло ар­гу­мен­та: 15 конец ар­гу­мен­та x умно­жить на дробь: чис­ли­тель: BQ, зна­ме­на­тель: BC конец дроби = дробь: чис­ли­тель: 5x в квад­ра­те ко­рень из: на­ча­ло ар­гу­мен­та: 15 конец ар­гу­мен­та , зна­ме­на­тель: 8 конец дроби =25, \"> от­ку­да <img src=\"https://ege.sdamgia.ru/formula/svg/c4/c4c45acde93b9f57921b0627c001fdef.svg\" class=\"tex\" style=\"vertical-align:-11.0pt\" alt=\"x в квад­ра­те = дробь: чис­ли­тель: 40, зна­ме­на­тель: ко­рень из: на­ча­ло ар­гу­мен­та: 15 конец ар­гу­мен­та конец дроби \"> и <img src=\"https://ege.sdamgia.ru/formula/svg/26/26521e405c6bfeb95a751cb140f60c77.svg\" class=\"tex\" style=\"vertical-align:-10.9pt\" alt=\"S_AHBQ=2S_ABH=AH умно­жить на HB= дробь: чис­ли­тель: 5, зна­ме­на­тель: ко­рень из: на­ча­ло ар­гу­мен­та: 15 конец ар­гу­мен­та конец дроби x в квад­ра­те = дробь: чис­ли­тель: 40, зна­ме­на­тель: 3 конец дроби . \"></p><p>&nbsp;</p><p><span style=\"letter-spacing: 2px;\">Ответ:</span> б) <img src=\"https://ege.sdamgia.ru/formula/svg/83/834d48ed275cdb146bcb6874d68f3ae4.svg\" class=\"tex\" style=\"vertical-align:-8.5pt\" alt=\" дробь: чис­ли­тель: 40, зна­ме­на­тель: 3 конец дроби . \"></p></div>",
        "image_urls": [
            "https://ege.sdamgia.ru/formula/svg/e5/e5a6ea7d031461e91cc1466f97dff6e5.svg",
            "https://ege.sdamgia.ru/formula/svg/46/4670b12a74a55f0b5f93a6e9467d2c09.svg",
            "https://ege.sdamgia.ru/formula/svg/1c/1caf755c7610639808758bf987217fa4.svg",
            "https://ege.sdamgia.ru/formula/svg/aa/aae67a773d04e199ea6ea72c656247a1.svg",
            "https://ege.sdamgia.ru/formula/svg/9e/9e910c6da600d8d79d8ab71a7ec4302c.svg",
            "https://ege.sdamgia.ru/formula/svg/c4/c44803173a08d1489bae7d1a1be263a1.svg",
            "https://ege.sdamgia.ru/formula/svg/56/563342848e84495202b0c8f16df947c3.svg",
            "https://ege.sdamgia.ru/formula/svg/3a/3aec146a71c9f349bcd6ff5256f90eaf.svg",
            "https://ege.sdamgia.ru/formula/svg/c4/c4c45acde93b9f57921b0627c001fdef.svg",
            "https://ege.sdamgia.ru/formula/svg/26/26521e405c6bfeb95a751cb140f60c77.svg",
            "https://ege.sdamgia.ru/formula/svg/83/834d48ed275cdb146bcb6874d68f3ae4.svg",
            "/get_file?id=147428"
        ]
    },
    "answer": "б)",
    "topic_id": 17,
    "analog_ids": []
}