{
    "gia_type": "ege",
    "subject": "math",
    "id": 526334,
    "condition": {
        "text": "В прямоугольном треугольнике ABC точка M лежит на катете AC, а точка N лежит на продолжении катета BC за точку C, причём  и  Отрезки CP и CQ  — биссектрисы треугольников ACB и NCM соответственно.а)  Докажите, что CP и СQ перпендикулярны.б)  Найдите PQ, если  а ",
        "html": "<div align=\"justify\" width=\"100%\" id=\"body420098\" class=\"pbody\"><p class=\"left_margin\">В пря­мо­уголь­ном тре­уголь­ни­ке <i>ABC</i> точка <i>M</i> лежит на ка­те­те <i>AC</i>, а точка <i>N</i> лежит на про­дол­же­нии ка­те­та <i>BC</i> за точку <i>C</i>, причём <img src=\"https://ege.sdamgia.ru/formula/svg/4d/4d8ee0c8e81e242b4e8faf2e7f0d6aec.svg\" class=\"tex\" style=\"vertical-align:-1.8pt\" alt=\"CM=BC\"> и <img src=\"https://ege.sdamgia.ru/formula/svg/14/14c87ed53a7ebaf79b69f20e4fe57008.svg\" class=\"tex\" style=\"vertical-align:-1.8pt\" alt=\"CN=AC.\"> От­рез­ки <i>CP</i> и <i>CQ</i>  — бис­сек­три­сы тре­уголь­ни­ков <i>ACB</i> и <i>NCM</i> со­от­вет­ствен­но.</p><p class=\"left_margin\">а)  До­ка­жи­те, что <i>CP</i> и <i>СQ</i> пер­пен­ди­ку­ляр­ны.</p><p class=\"left_margin\">б)  Най­ди­те <i>PQ</i>, если <img src=\"https://ege.sdamgia.ru/formula/svg/8f/8f4208c24109cc9069b071bed5c9b035.svg\" class=\"tex\" style=\"vertical-align:-3.0pt\" alt=\"BC=3,\"> а <img src=\"https://ege.sdamgia.ru/formula/svg/09/09f03f31e7dd99a2edfc88fcfb20532b.svg\" class=\"tex\" style=\"vertical-align:-1.8pt\" alt=\"AC=5.\"></p></div>",
        "image_urls": [
            "https://ege.sdamgia.ru/formula/svg/4d/4d8ee0c8e81e242b4e8faf2e7f0d6aec.svg",
            "https://ege.sdamgia.ru/formula/svg/14/14c87ed53a7ebaf79b69f20e4fe57008.svg",
            "https://ege.sdamgia.ru/formula/svg/8f/8f4208c24109cc9069b071bed5c9b035.svg",
            "https://ege.sdamgia.ru/formula/svg/09/09f03f31e7dd99a2edfc88fcfb20532b.svg"
        ]
    },
    "solution": {
        "text": "Решение.  а)  Прямая CP  — биссектриса угла ACB, поэтому  Прямая CQ  — биссектриса угла NCM, поэтому  Следовательно,  Что и требовалось доказать.б)  Запишем равенство  с помощью формулы площади как половины произведения сторон на синус угла между ними:  тогда  Аналогично  Отрезок PQ  — гипотенуза равнобедренного прямоугольного треугольника QCP, поэтому  Ответ: б)   Примечание Дмитрия Гущина.Доказательство утверждения из пункта а) удобно провести, используя свойство поворота. Действительно, треугольник MCN получен из треугольника АСВ поворотом вокруг точки С на 90° против часовой стрелки. При этом повороте биссектриса СР переходит в биссектрису CQ. Следовательно, угол между ними равен 90°. Задания, решаемые при помощи поворотов, нередки на ЕГЭ. См., например, задания 517479 (2017 год), 517502 (2017 год), 519659 (2018 год) или задачу 530911 из варианта Александра Ларина No 296 (2020 год).",
        "html": "<div align=\"justify\" width=\"100%\" id=\"sol526334\" class=\"solution\" style=\"clear:both;\" class=\"pbody\"><p class=\"left_margin\"></p><b>Ре­ше­ние<!--rule_info-->. </b><p class=\"left_margin\"><img src=\"/get_file?id=147447\" style=\"float:right;margin:10px;max-width:100%\"> а)  Пря­мая <i>CP</i>  — бис­сек­три­са угла <i>ACB</i>, по­это­му <img src=\"https://ege.sdamgia.ru/formula/svg/14/1469e7e50f0824a130544bace818278d.svg\" class=\"tex\" style=\"vertical-align:-1.8pt\" alt=\"\\angle ACP=45 гра­ду­сов.\"> Пря­мая <i>CQ</i>  — бис­сек­три­са угла <i>NCM</i>, по­это­му <img src=\"https://ege.sdamgia.ru/formula/svg/65/6585e48708f4d9c0a286fed134b784be.svg\" class=\"tex\" style=\"vertical-align:-3.0pt\" alt=\"\\angle MCQ=45 гра­ду­сов.\"> Сле­до­ва­тель­но, <img src=\"https://ege.sdamgia.ru/formula/svg/a0/a0ba8ef1d561d93cf551f307973424c6.svg\" class=\"tex\" style=\"vertical-align:-3.0pt\" alt=\"\\angle QCP=\\angle ACP плюс \\angle MCQ=90 гра­ду­сов.\"> Что и тре­бо­ва­лось до­ка­зать.</p><p class=\"left_margin\">б)  За­пи­шем ра­вен­ство <img src=\"https://ege.sdamgia.ru/formula/svg/bd/bd4995d0ac497beffd061e63829bad16.svg\" class=\"tex\" style=\"vertical-align:-2.5pt\" alt=\"S_ACB=S_PCB плюс S_APC\"> с по­мо­щью фор­му­лы пло­ща­ди как по­ло­ви­ны про­из­ве­де­ния сто­рон на синус угла между ними: <img src=\"https://ege.sdamgia.ru/formula/svg/aa/aa1a75b06c6538f552746e9bbd94a7ad.svg\" class=\"tex\" style=\"vertical-align:-10.9pt\" alt=\" дробь: чис­ли­тель: 5 умно­жить на 3, зна­ме­на­тель: 2 конец дроби = дробь: чис­ли­тель: CP умно­жить на 3, зна­ме­на­тель: 2 ко­рень из: на­ча­ло ар­гу­мен­та: 2 конец ар­гу­мен­та конец дроби плюс дробь: чис­ли­тель: CP умно­жить на 5, зна­ме­на­тель: 2 ко­рень из: на­ча­ло ар­гу­мен­та: 2 конец ар­гу­мен­та конец дроби , \"> тогда <img src=\"https://ege.sdamgia.ru/formula/svg/8c/8c6e66a2c575bab143819548233fee64.svg\" class=\"tex\" style=\"vertical-align:-8.5pt\" alt=\"CP= дробь: чис­ли­тель: 15 ко­рень из: на­ча­ло ар­гу­мен­та: 2 конец ар­гу­мен­та , зна­ме­на­тель: 8 конец дроби . \"> Ана­ло­гич­но <img src=\"https://ege.sdamgia.ru/formula/svg/5f/5f6e086fe0dbe2be200106a34358ff6d.svg\" class=\"tex\" style=\"vertical-align:-8.5pt\" alt=\"CQ= дробь: чис­ли­тель: 15 ко­рень из: на­ча­ло ар­гу­мен­та: 2 конец ар­гу­мен­та , зна­ме­на­тель: 8 конец дроби . \"> </p><p class=\"left_margin\">От­ре­зок <i>PQ</i>  — ги­по­те­ну­за рав­но­бед­рен­но­го пря­мо­уголь­но­го тре­уголь­ни­ка <i>QCP</i>, по­это­му <img src=\"https://ege.sdamgia.ru/formula/svg/32/32b8182a3f8f8fb55d4ce103fdf80977.svg\" class=\"tex\" style=\"vertical-align:-8.3pt\" alt=\"PQ= ко­рень из: на­ча­ло ар­гу­мен­та: 2 конец ар­гу­мен­та CP= дробь: чис­ли­тель: 15, зна­ме­на­тель: 4 конец дроби . \"></p><p>&nbsp;</p><p><span style=\"letter-spacing: 2px;\">Ответ: б) </span> <img src=\"https://ege.sdamgia.ru/formula/svg/b6/b67fb0d2099669a2466e8e5d0096e445.svg\" class=\"tex\" style=\"vertical-align:-8.3pt\" alt=\" дробь: чис­ли­тель: 15, зна­ме­на­тель: 4 конец дроби . \"></p><p>&nbsp;</p><p><b>При­ме­ча­ние Дмит­рия Гу­щи­на.</b></p><p class=\"left_margin\">До­ка­за­тель­ство утвер­жде­ния из пунк­та а) удоб­но про­ве­сти, ис­поль­зуя свой­ство по­во­ро­та. Дей­стви­тель­но, тре­уголь­ник <i>MCN</i> по­лу­чен из тре­уголь­ни­ка <i>АСВ</i> по­во­ро­том во­круг точки <i>С</i> на 90° про­тив ча­со­вой стрел­ки. При этом по­во­ро­те бис­сек­три­са <i>СР</i> пе­ре­хо­дит в бис­сек­три­су <i>CQ</i>. Сле­до­ва­тель­но, угол между ними равен 90°. </p><p class=\"left_margin\">За­да­ния, ре­ша­е­мые при по­мо­щи по­во­ро­тов, не­ред­ки на ЕГЭ. См., на­при­мер, за­да­ния <a href=\"https://ege.sdamgia.ru/problem?id=517479\" target=\"_blank\">517479</a> (2017 год), <a href=\"https://ege.sdamgia.ru/problem?id=517502\" target=\"_blank\">517502</a> (2017 год), <a href=\"https://ege.sdamgia.ru/problem?id=519659\" target=\"_blank\">519659</a> (2018 год) или за­да­чу <a href=\"https://ege.sdamgia.ru/problem?id=530911\" target=\"_blank\">530911</a> из ва­ри­ан­та Алек­сандра Ла­ри­на № 296 (2020 год).</p></div>",
        "image_urls": [
            "https://ege.sdamgia.ru/formula/svg/14/1469e7e50f0824a130544bace818278d.svg",
            "https://ege.sdamgia.ru/formula/svg/65/6585e48708f4d9c0a286fed134b784be.svg",
            "https://ege.sdamgia.ru/formula/svg/a0/a0ba8ef1d561d93cf551f307973424c6.svg",
            "https://ege.sdamgia.ru/formula/svg/bd/bd4995d0ac497beffd061e63829bad16.svg",
            "https://ege.sdamgia.ru/formula/svg/aa/aa1a75b06c6538f552746e9bbd94a7ad.svg",
            "https://ege.sdamgia.ru/formula/svg/8c/8c6e66a2c575bab143819548233fee64.svg",
            "https://ege.sdamgia.ru/formula/svg/5f/5f6e086fe0dbe2be200106a34358ff6d.svg",
            "https://ege.sdamgia.ru/formula/svg/32/32b8182a3f8f8fb55d4ce103fdf80977.svg",
            "https://ege.sdamgia.ru/formula/svg/b6/b67fb0d2099669a2466e8e5d0096e445.svg",
            "/get_file?id=147447"
        ]
    },
    "answer": "б)",
    "topic_id": 17,
    "analog_ids": []
}