{
    "gia_type": "ege",
    "subject": "math",
    "id": 548427,
    "condition": {
        "text": "На сторонах AB, BC и AC  треугольника ABC отмечены точки C1, A1 и B1 соответственно, причём AC1 : C1B  =  8 : 3, BA1 : A1C  =  1 : 2, CB1 : B1A  =  3 : 1. Отрезки BB1 и CC1 пересекаются в точке D.а)  Докажите, что ADA1B1  — параллелограмм.б)  Найдите CD, если отрезки AD и BC перпендикулярны, AC  =  28, BC  =  18.",
        "html": "<div align=\"justify\" width=\"100%\" id=\"body405687\" class=\"pbody\"><p class=\"left_margin\">На сто­ро­нах <i>AB</i>, <i>BC </i>и <i>AC </i> тре­уголь­ни­ка <i>ABC</i> от­ме­че­ны точки <i>C</i><sub>1</sub>, <i>A</i><sub>1</sub> и <i>B</i><sub>1</sub> со­от­вет­ствен­но, причём <i>AC</i><sub>1</sub> : <i>C</i><sub>1</sub><i>B</i>  =  8 : 3, <i>BA</i><sub>1</sub> : <i>A</i><sub>1</sub><i>C</i>  =  1 : 2, <i>CB</i><sub>1</sub> : <i>B</i><sub>1</sub><i>A</i>  =  3 : 1. От­рез­ки <i>BB</i><sub>1</sub> и <i>CC</i><sub>1</sub> пе­ре­се­ка­ют­ся в точке <i>D</i>.</p><p class=\"left_margin\">а)  До­ка­жи­те, что <i>ADA</i><sub>1</sub><i>B</i><sub>1</sub>  — па­рал­ле­ло­грамм.</p><p class=\"left_margin\">б)  Най­ди­те <i>CD</i>, если от­рез­ки <i>AD</i> и <i>BC</i> пер­пен­ди­ку­ляр­ны, <i>AC</i>  =  28, <i>BC</i>  =  18.</p></div>",
        "image_urls": []
    },
    "solution": {
        "text": "Решение. а)  По теореме Менелая  откуда  Имеем:  следовательно, треугольники  и  подобны по второму признаку, откуда  и  Но по условию  поэтому отрезки  и  равны и параллельны, а значит,   — параллелограмм по признаку параллелограмма.б)  Пусть Q  — точка пересечения прямых AD и BC. По теореме Чевы ## откуда  а тогда  По теореме Пифагора в треугольнике AQC имеем:  По теореме Менелая  откуда  Тогда  и по теореме Пифагора для треугольника DQC находим  Ответ: б) 17. Замечание. Некоторые читатели недооценивают теоремы Менелая и Чевы, другие считают их «хитроумными»; многие полагают, что эти теоремы излишни в курсе планиметрии. Укажем, как обойтись без этих теорем.  Приведём другое решение.а)  Пусть точка O, лежащая на стороне АВ такова, что отрезок  параллелен  Тогда по обобщенной теореме Фалеса, примененной к отрезкам    и параллельным прямым  и  получаем:  Пусть   тогда из полученного соотношения находим, что  Снова применим обобщенную теорему Фалеса  — для отрезков  и параллельных прямых Получим:  Значит, точка D делит отрезок BB1 так же, как точка А1 делит ВС. По теореме, обратной обобщенной теореме Фалеса, из этого следует параллельность прямых DA1 и B1C, а также подобие треугольников BDA1 и BB1C.Пусть B1C  =  3z, тогда в силу подобия  Но по условию  следовательно,  Тем самым противоположные стороны  и  четырехугольника  не только параллельны, но и равны. Таким образом, этот четырехугольник  — параллелограмм.б)  Из условия получаем, что   Четырехугольник   — параллелограмм, поэтому  По теореме Фалеса для отрезков   и параллельных прямых AQ и  получаем:  откуда   По теореме Пифагора в прямоугольном треугольнике  находим  По теореме Пифагора в треугольнике DQC вычисляем  Приведем решение Анны Букиной (Иркутск).а)  Через вершину  В проведем прямую OM, параллельную AC, и введем обозначения, как показано на рисунке. Треугольники OC1B и AC1C подобны по двум углам, поэтому Треугольники OBD и DB1C подобны по двум углам, поэтомуследовательно, треугольники BDA1 и BB1C подобны по двум пропорциональным сторонам и углу между ними, тогдаDA1 || B1C,  откуда   то есть противоположные стороны  и  четырехугольника  параллельны и равны. Тем самым этот четырехугольник  — параллелограмм.б)  Заметим, что треугольник  прямоугольный с гипотенузой  и катетом  а потому  Сумма углов, прилежащих к боковой стороне трапеции, равна 180°, поэтому   Применим теорему косинусов к треугольнику  имеем: а значит, CD  =  17. Приведем решение пункта б) Даниила Шумайлова.Пусть Q  — точка пересечения прямых AD и BC. По доказанному  в пункте а) прямая AQ параллельна прямой A1B1, следовательно, треугольники AQC и A1B1C подобны по двум углам с коэффициентом подобия  Получаем:Из прямоугольного треугольника A1B1C находим:тогда Из прямоугольного треугольника DQC имеем:",
        "html": "<div align=\"justify\" width=\"100%\" id=\"sol548427\" class=\"solution\" style=\"clear:both;\" class=\"pbody\"><p class=\"left_margin\"></p><b>Ре­ше­ние<!--rule_info-->. </b><p class=\"left_margin\"><img src=\"/get_file?id=147450\" style=\"float:right;margin:10px;max-width:100%\"></p><p class=\"left_margin\">а)  По тео­ре­ме Ме­не­лая </p><p class=\"left_margin\"></p><center><p><img src=\"https://ege.sdamgia.ru/formula/svg/25/2516169c93217e5ff2b06514110fad29.svg\" class=\"tex\" style=\"vertical-align:-10.0pt\" alt=\" дробь: чис­ли­тель: AC_1, зна­ме­на­тель: C_1B конец дроби умно­жить на дробь: чис­ли­тель: BD, зна­ме­на­тель: DB_1 конец дроби умно­жить на дробь: чис­ли­тель: B_1C, зна­ме­на­тель: CA конец дроби =1, \"> </p><p class=\"left_margin\"></p></center>от­ку­да <img src=\"https://ege.sdamgia.ru/formula/svg/d7/d731a0d065e5f962b21cd8ec6b23bfa8.svg\" class=\"tex\" style=\"vertical-align:-10.1pt\" alt=\" дробь: чис­ли­тель: BD, зна­ме­на­тель: DB_1 конец дроби = дробь: чис­ли­тель: 1, зна­ме­на­тель: 2 конец дроби . \"> Имеем: <img src=\"https://ege.sdamgia.ru/formula/svg/8b/8bbd68df29b26b086fb4b2f4f9872e4c.svg\" class=\"tex\" style=\"vertical-align:-10.0pt\" alt=\" дробь: чис­ли­тель: BD, зна­ме­на­тель: BB_1 конец дроби = дробь: чис­ли­тель: BA_1, зна­ме­на­тель: BC конец дроби = дробь: чис­ли­тель: 1, зна­ме­на­тель: 3 конец дроби , \"> сле­до­ва­тель­но, тре­уголь­ни­ки <img src=\"https://ege.sdamgia.ru/formula/svg/b5/b5bf6159b3af1c188c681a11814106d8.svg\" class=\"tex\" style=\"vertical-align:-2.5pt\" alt=\"DBA_1\"> и <img src=\"https://ege.sdamgia.ru/formula/svg/d4/d480e5fce494a97ea004d72049dd3440.svg\" class=\"tex\" style=\"vertical-align:-2.5pt\" alt=\"B_1BC\"> по­доб­ны по вто­ро­му при­зна­ку, от­ку­да <img src=\"https://ege.sdamgia.ru/formula/svg/69/69cc48f7767ba3a983c36f257f67cff7.svg\" class=\"tex\" style=\"vertical-align:-3.6pt\" alt=\"DA_1\\parallel B_1C\"> и <img src=\"https://ege.sdamgia.ru/formula/svg/ba/bafb482831aa11237e43d4ad6a4824f1.svg\" class=\"tex\" style=\"vertical-align:-8.4pt\" alt=\"DA_1= дробь: чис­ли­тель: B_1C, зна­ме­на­тель: 3 конец дроби . \"> Но по усло­вию <img src=\"https://ege.sdamgia.ru/formula/svg/55/55f9d9e65af718bf8c1184d25e94ab54.svg\" class=\"tex\" style=\"vertical-align:-8.4pt\" alt=\"AB_1= дробь: чис­ли­тель: B_1C, зна­ме­на­тель: 3 конец дроби , \"> по­это­му от­рез­ки <img src=\"https://ege.sdamgia.ru/formula/svg/04/0496354427a2d7886411a1a4edb7461b.svg\" class=\"tex\" style=\"vertical-align:-2.5pt\" alt=\"DA_1 \"> и <img src=\"https://ege.sdamgia.ru/formula/svg/ed/ed9190d5978d4f75439ace99383e2998.svg\" class=\"tex\" style=\"vertical-align:-2.5pt\" alt=\"AB_1\"> равны и па­рал­лель­ны, а зна­чит, <img src=\"https://ege.sdamgia.ru/formula/svg/8c/8cd63c7cb1ba902bc5a2951e8946f63c.svg\" class=\"tex\" style=\"vertical-align:-2.5pt\" alt=\"ADA_1B_1\">  — па­рал­ле­ло­грамм по при­зна­ку па­рал­ле­ло­грам­ма.<p class=\"left_margin\">б)  Пусть <i>Q</i>  — точка пе­ре­се­че­ния пря­мых <i>AD</i> и <i>BC</i>. По тео­ре­ме Чевы ##</p><center><p><img src=\"https://ege.sdamgia.ru/formula/svg/21/214c6a7ae9c6c26b642db19b2194ef63.svg\" class=\"tex\" style=\"vertical-align:-10.4pt\" alt=\" дробь: чис­ли­тель: AC_1, зна­ме­на­тель: C_1B конец дроби умно­жить на дробь: чис­ли­тель: BQ, зна­ме­на­тель: QC конец дроби умно­жить на дробь: чис­ли­тель: CB_1, зна­ме­на­тель: B_1A конец дроби =1, \"></p><p class=\"left_margin\"></p></center> <p>от­ку­да <img src=\"https://ege.sdamgia.ru/formula/svg/45/45a6d7621b506c5e87d6622ddabf534c.svg\" class=\"tex\" style=\"vertical-align:-10.4pt\" alt=\" дробь: чис­ли­тель: BQ, зна­ме­на­тель: QC конец дроби = дробь: чис­ли­тель: 1, зна­ме­на­тель: 8 конец дроби , \"> а тогда <img src=\"https://ege.sdamgia.ru/formula/svg/01/017fe9932a0159488e1eac0162e3435b.svg\" class=\"tex\" style=\"vertical-align:-3.0pt\" alt=\"QC=16.\"> По тео­ре­ме Пи­фа­го­ра в тре­уголь­ни­ке <i>AQC</i> имеем: <img src=\"https://ege.sdamgia.ru/formula/svg/fc/fcb2750a8c7cf1dc60a0cc6e02abbb26.svg\" class=\"tex\" style=\"vertical-align:-3.0pt\" alt=\"AQ= ко­рень из: на­ча­ло ар­гу­мен­та: 28 в квад­ра­те минус 16 в квад­ра­те конец ар­гу­мен­та = ко­рень из: на­ча­ло ар­гу­мен­та: 528 конец ар­гу­мен­та .\"> По тео­ре­ме Ме­не­лая </p><p class=\"left_margin\"></p><center><p><img src=\"https://ege.sdamgia.ru/formula/svg/61/61f44c8540c98cf44f0f3c2bb62e0296.svg\" class=\"tex\" style=\"vertical-align:-10.4pt\" alt=\" дробь: чис­ли­тель: QD, зна­ме­на­тель: DA конец дроби умно­жить на дробь: чис­ли­тель: AC_1, зна­ме­на­тель: C_1B конец дроби умно­жить на дробь: чис­ли­тель: BC, зна­ме­на­тель: CQ конец дроби =1, \"></p><p class=\"left_margin\"></p></center> <p>от­ку­да <img src=\"https://ege.sdamgia.ru/formula/svg/b7/b724fcc642eb052c19089d006c5c08c3.svg\" class=\"tex\" style=\"vertical-align:-8.4pt\" alt=\" дробь: чис­ли­тель: QD, зна­ме­на­тель: DA конец дроби = дробь: чис­ли­тель: 1, зна­ме­на­тель: 3 конец дроби . \"> Тогда <img src=\"https://ege.sdamgia.ru/formula/svg/4c/4c327046b6c01bb19f12c2dd99239dc5.svg\" class=\"tex\" style=\"vertical-align:-8.5pt\" alt=\"QD= дробь: чис­ли­тель: AQ, зна­ме­на­тель: 4 конец дроби = дробь: чис­ли­тель: ко­рень из: на­ча­ло ар­гу­мен­та: 528 конец ар­гу­мен­та , зна­ме­на­тель: 4 конец дроби = ко­рень из: на­ча­ло ар­гу­мен­та: 33 конец ар­гу­мен­та , \"> и по тео­ре­ме Пи­фа­го­ра для тре­уголь­ни­ка <i>DQC</i> на­хо­дим <img src=\"https://ege.sdamgia.ru/formula/svg/aa/aa753d21aa3ae9ff8fc150e5aa888910.svg\" class=\"tex\" style=\"vertical-align:-2.0pt\" alt=\"CD= ко­рень из: на­ча­ло ар­гу­мен­та: 33 плюс 256 конец ар­гу­мен­та =17.\"></p><p>&nbsp;</p><p><span style=\"letter-spacing: 2px;\">Ответ:</span> б) 17.</p><p>&nbsp;</p><p><b>За­ме­ча­ние.</b> Не­ко­то­рые чи­та­те­ли не­до­оце­ни­ва­ют тео­ре­мы Ме­не­лая и Чевы, дру­гие счи­та­ют их «хит­ро­ум­ны­ми»; мно­гие по­ла­га­ют, что эти тео­ре­мы из­лиш­ни в курсе пла­ни­мет­рии. Ука­жем, как обой­тись без этих тео­рем. </p><p><img src=\"/get_file?id=147452\" style=\"float:right;margin:10px;max-width:100%\"></p><p>&nbsp;</p><p><b>При­ведём дру­гое ре­ше­ние.</b></p><p class=\"left_margin\">а)  Пусть точка <i>O</i>, ле­жа­щая на сто­ро­не <i>АВ</i> та­ко­ва, что от­ре­зок <img src=\"https://ege.sdamgia.ru/formula/svg/9a/9a35082a75ea76ee77dea37c9919540b.svg\" class=\"tex\" style=\"vertical-align:-2.5pt\" alt=\"B_1O\"> па­рал­ле­лен <img src=\"https://ege.sdamgia.ru/formula/svg/55/5511ad3b4f707a38aa73c242204b7b0b.svg\" class=\"tex\" style=\"vertical-align:-2.5pt\" alt=\"CC_1.\"> Тогда по обоб­щен­ной тео­ре­ме Фа­ле­са, при­ме­нен­ной к от­рез­кам <img src=\"https://ege.sdamgia.ru/formula/svg/0a/0a5cd45ce97e75a87839a47bc87edbf9.svg\" class=\"tex\" style=\"vertical-align:-3.0pt\" alt=\"AB_1,\"> <img src=\"https://ege.sdamgia.ru/formula/svg/fa/faff13446b0d6fc9dfeab04d818b725f.svg\" class=\"tex\" style=\"vertical-align:-2.5pt\" alt=\"B_1C\">  и па­рал­лель­ным пря­мым <img src=\"https://ege.sdamgia.ru/formula/svg/9a/9a35082a75ea76ee77dea37c9919540b.svg\" class=\"tex\" style=\"vertical-align:-2.5pt\" alt=\"B_1O\"> и <img src=\"https://ege.sdamgia.ru/formula/svg/93/93cf0b4b4631ff63ecbaeefe9d541577.svg\" class=\"tex\" style=\"vertical-align:-3.0pt\" alt=\"CC_1,\"> по­лу­ча­ем: <img src=\"https://ege.sdamgia.ru/formula/svg/c4/c47ed18a0b302d6365a4e8b106a27c5e.svg\" class=\"tex\" style=\"vertical-align:-10.0pt\" alt=\" дробь: чис­ли­тель: AO, зна­ме­на­тель: OC_1 конец дроби = дробь: чис­ли­тель: AB_1, зна­ме­на­тель: B_1C конец дроби = дробь: чис­ли­тель: 1, зна­ме­на­тель: 3 конец дроби . \"> Пусть <img src=\"https://ege.sdamgia.ru/formula/svg/2e/2e496f5a786d9bceff70d7f08a263b6c.svg\" class=\"tex\" style=\"vertical-align:-3.0pt\" alt=\"AC_1=8x,\"> <img src=\"https://ege.sdamgia.ru/formula/svg/7a/7aca0e38ec4963bafdad7b347031607d.svg\" class=\"tex\" style=\"vertical-align:-3.0pt\" alt=\"C_1B=3x,\"> тогда из по­лу­чен­но­го со­от­но­ше­ния на­хо­дим, что <img src=\"https://ege.sdamgia.ru/formula/svg/0f/0f212be8497250f3a79d2806b0ed2df6.svg\" class=\"tex\" style=\"vertical-align:-3.0pt\" alt=\"AO=2x, OC_1=6x.\"> Снова при­ме­ним обоб­щен­ную тео­ре­му Фа­ле­са  — для от­рез­ков <img src=\"https://ege.sdamgia.ru/formula/svg/54/5448b91fd6b9f00701bd655c4f36f5fd.svg\" class=\"tex\" style=\"vertical-align:-3.0pt\" alt=\"BC_1, C_1O\"> и па­рал­лель­ных пря­мых<img src=\"https://ege.sdamgia.ru/formula/svg/8e/8e65f0c41a9221783c6f5caae1b69438.svg\" class=\"tex\" style=\"vertical-align:-3.0pt\" alt=\" C_1D, OB_1.\"> По­лу­чим: <img src=\"https://ege.sdamgia.ru/formula/svg/8e/8e7ac20537a8866299e8b7d51708f835.svg\" class=\"tex\" style=\"vertical-align:-10.0pt\" alt=\" дробь: чис­ли­тель: BD, зна­ме­на­тель: DB_1 конец дроби = дробь: чис­ли­тель: BC_1, зна­ме­на­тель: C_1O конец дроби = дробь: чис­ли­тель: 3x, зна­ме­на­тель: 6x конец дроби = дробь: чис­ли­тель: 1, зна­ме­на­тель: 2 конец дроби . \"> Зна­чит, точка <i>D</i> делит от­ре­зок <i>BB</i><sub>1</sub> так же, как точка <i>А</i><sub>1</sub> делит <i>ВС</i>. По тео­ре­ме, об­рат­ной обоб­щен­ной тео­ре­ме Фа­ле­са, из этого сле­ду­ет па­рал­лель­ность пря­мых <i>DA</i><sub>1</sub> и <i>B</i><sub>1</sub><i>C</i>, а также по­до­бие тре­уголь­ни­ков <i>BDA</i><sub>1</sub> и <i>BB</i><sub>1</sub><i>C</i>.</p><p class=\"left_margin\">Пусть <i>B</i><sub>1</sub><i>C</i>  =  3<i>z</i>, тогда в силу по­до­бия <img src=\"https://ege.sdamgia.ru/formula/svg/68/6830b8f9cb962ac3c89c15ceea8b5cba.svg\" class=\"tex\" style=\"vertical-align:-8.5pt\" alt=\"DA_1= дробь: чис­ли­тель: 1, зна­ме­на­тель: 3 конец дроби B_1С=z. \"> Но по усло­вию <img src=\"https://ege.sdamgia.ru/formula/svg/ff/ffbc127b6906b9601f12e9c893a09c26.svg\" class=\"tex\" style=\"vertical-align:-3.0pt\" alt=\"AB_1=z,\"> сле­до­ва­тель­но, <img src=\"https://ege.sdamgia.ru/formula/svg/0e/0e51594685049f65eec2a5882a0bd054.svg\" class=\"tex\" style=\"vertical-align:-2.5pt\" alt=\"DA_1=AB_1.\"> Тем самым про­ти­во­по­лож­ные сто­ро­ны <img src=\"https://ege.sdamgia.ru/formula/svg/4d/4d2c1e74c2f78a357e2492a7dce8b3a1.svg\" class=\"tex\" style=\"vertical-align:-2.5pt\" alt=\"DA_1\"> и <img src=\"https://ege.sdamgia.ru/formula/svg/ed/ed9190d5978d4f75439ace99383e2998.svg\" class=\"tex\" style=\"vertical-align:-2.5pt\" alt=\"AB_1\"> че­ты­рех­уголь­ни­ка <img src=\"https://ege.sdamgia.ru/formula/svg/8c/8cd63c7cb1ba902bc5a2951e8946f63c.svg\" class=\"tex\" style=\"vertical-align:-2.5pt\" alt=\"ADA_1B_1\"> не толь­ко па­рал­лель­ны, но и равны. Таким об­ра­зом, этот че­ты­рех­уголь­ник  — па­рал­ле­ло­грамм.</p><p class=\"left_margin\">б)  Из усло­вия по­лу­ча­ем, что <img src=\"https://ege.sdamgia.ru/formula/svg/7d/7d0664cee76e9593a8abd5addf192569.svg\" class=\"tex\" style=\"vertical-align:-3.0pt\" alt=\"AB_1=7,\"> <img src=\"https://ege.sdamgia.ru/formula/svg/1b/1b5ebe6e3afd511f5b690c7d7a39f59a.svg\" class=\"tex\" style=\"vertical-align:-2.5pt\" alt=\"A_1C=12.\"> Че­ты­рех­уголь­ник <img src=\"https://ege.sdamgia.ru/formula/svg/8c/8cd63c7cb1ba902bc5a2951e8946f63c.svg\" class=\"tex\" style=\"vertical-align:-2.5pt\" alt=\"ADA_1B_1\">  — па­рал­ле­ло­грамм, по­это­му <img src=\"https://ege.sdamgia.ru/formula/svg/01/0111c27a9f73cdebf6526aee3eababc9.svg\" class=\"tex\" style=\"vertical-align:-2.5pt\" alt=\"DA_1=AB_1=7.\"> По тео­ре­ме Фа­ле­са для от­рез­ков <img src=\"https://ege.sdamgia.ru/formula/svg/0a/0a5cd45ce97e75a87839a47bc87edbf9.svg\" class=\"tex\" style=\"vertical-align:-3.0pt\" alt=\"AB_1,\"> <img src=\"https://ege.sdamgia.ru/formula/svg/fa/faff13446b0d6fc9dfeab04d818b725f.svg\" class=\"tex\" style=\"vertical-align:-2.5pt\" alt=\"B_1C\"> и па­рал­лель­ных пря­мых <i>AQ</i> и <img src=\"https://ege.sdamgia.ru/formula/svg/3a/3abbc5b2a4d42ae1ba66481a9840c9de.svg\" class=\"tex\" style=\"vertical-align:-2.5pt\" alt=\"B_1A_1\"> по­лу­ча­ем: <img src=\"https://ege.sdamgia.ru/formula/svg/b0/b01ae319fa141f7349335cb2be78286d.svg\" class=\"tex\" style=\"vertical-align:-10.0pt\" alt=\" дробь: чис­ли­тель: QA_1, зна­ме­на­тель: A_1C конец дроби = дробь: чис­ли­тель: AB_1, зна­ме­на­тель: B_1C конец дроби = дробь: чис­ли­тель: 1, зна­ме­на­тель: 3 конец дроби , \"> от­ку­да  <img src=\"https://ege.sdamgia.ru/formula/svg/dc/dc2fbb5680b582abccc47cb715102f77.svg\" class=\"tex\" style=\"vertical-align:-3.0pt\" alt=\"QA_1=4.\"> По тео­ре­ме Пи­фа­го­ра в пря­мо­уголь­ном тре­уголь­ни­ке <img src=\"https://ege.sdamgia.ru/formula/svg/2d/2d31537316209d8e58870ab945843376.svg\" class=\"tex\" style=\"vertical-align:-3.0pt\" alt=\"DQA_1\"> на­хо­дим <img src=\"https://ege.sdamgia.ru/formula/svg/0e/0e62481ac2732becdae86160d24c94a8.svg\" class=\"tex\" style=\"vertical-align:-3.0pt\" alt=\" DQ= ко­рень из: на­ча­ло ар­гу­мен­та: 49 минус 16 конец ар­гу­мен­та = ко­рень из: на­ча­ло ар­гу­мен­та: 33 конец ар­гу­мен­та .\"> По тео­ре­ме Пи­фа­го­ра в тре­уголь­ни­ке <i>DQC</i> вы­чис­ля­ем <img src=\"https://ege.sdamgia.ru/formula/svg/aa/aa753d21aa3ae9ff8fc150e5aa888910.svg\" class=\"tex\" style=\"vertical-align:-2.0pt\" alt=\"CD= ко­рень из: на­ча­ло ар­гу­мен­та: 33 плюс 256 конец ар­гу­мен­та =17.\"></p><p>&nbsp;</p><p><img src=\"/get_file?id=147451\" style=\"float:right;margin:10px;max-width:100%\"></p><p><b>При­ве­дем ре­ше­ние Анны Бу­ки­ной (Ир­кутск).</b></p><p class=\"left_margin\">а)  Через вер­ши­ну <i> В</i> про­ве­дем пря­мую <i>OM</i>, па­рал­лель­ную <i>AC</i>, и вве­дем обо­зна­че­ния, как по­ка­за­но на ри­сун­ке. Тре­уголь­ни­ки <i>OC</i><sub>1</sub><i>B</i> и <i>AC</i><sub>1</sub><i>C</i> по­доб­ны по двум углам, по­это­му </p><p class=\"left_margin\"></p><center><p><img src=\"https://ege.sdamgia.ru/formula/svg/f0/f00efccf26614ee03c32f4e3f4348eae.svg\" class=\"tex\" style=\"vertical-align:-10.0pt\" alt=\"OB= дробь: чис­ли­тель: BC_1, зна­ме­на­тель: AC_1 конец дроби умно­жить на AC = дробь: чис­ли­тель: 3, зна­ме­на­тель: 8 конец дроби умно­жить на 4z= дробь: чис­ли­тель: 3, зна­ме­на­тель: 2 конец дроби z. \"></p><p class=\"left_margin\"></p></center><p><!--- Автор ВКон­так­те про­си­ла из­ме­нить ее ре­ше­ние (3.06.2021 5:53)<p class=\"left_margin\">Тре­уголь­ни­ки <i>BA</i><sub>1</sub><i>M</i> и <i>B</i><sub>1</sub><i>A</i><sub>1</sub><i>C</i> также по­доб­ны, от­ку­да <p class=\"left_margin\"><center><p><img src=\"https://ege.sdamgia.ru/formula/svg/ac/ac003de55465f309c95a63453c9fdbe5.svg\" class=\"tex\" style=\"vertical-align:-10.0pt\" alt=\"BM= дробь: чис­ли­тель: MA_1, зна­ме­на­тель: B_1A_1 конец дроби умно­жить на B_1C = дробь: чис­ли­тель: 1, зна­ме­на­тель: 2 конец дроби умно­жить на 3z= дробь: чис­ли­тель: 3, зна­ме­на­тель: 2 конец дроби z. \" /><p class=\"left_margin\"></center><p> Тогда <i>OM</i>&#8239;&#8239;=&#8239;&#8239;3<i>z</i>.<p class=\"left_margin\">Тре­уголь­ни­ки <i>OBD</i> и <i>B</i><sub>1</sub><i>DC</i> по­доб­ны, по­то­му<img src=\"https://ege.sdamgia.ru/formula/svg/a4/a43686d86e60ccdfc7b021e0cfa8c82e.svg\" class=\"tex\" style=\"vertical-align:-10.0pt\" alt=\" дробь: чис­ли­тель: BD, зна­ме­на­тель: DB_1 конец дроби = дробь: чис­ли­тель: OB, зна­ме­на­тель: B_1C конец дроби = дробь: чис­ли­тель: 1, зна­ме­на­тель: 2 конец дроби = дробь: чис­ли­тель: MA_1, зна­ме­на­тель: A_1B_1 конец дроби , \" /> от­ку­да сле­ду­ет, что <img src=\"https://ege.sdamgia.ru/formula/svg/f5/f53decf3547e7bedb8b1f6ced5d8db96.svg\" class=\"tex\" style=\"vertical-align:-10.1pt\" alt=\" дробь: чис­ли­тель: BB_1, зна­ме­на­тель: DB_1 конец дроби = дробь: чис­ли­тель: MB_1, зна­ме­на­тель: A_1B_1 конец дроби . \" /> Тогда тре­уголь­ни­ки <img src=\"https://ege.sdamgia.ru/formula/svg/0d/0dee22955834c66310878a1c7c669038.svg\" class=\"tex\" style=\"vertical-align:-2.5pt\" alt=\"BB_1M\" /> и <img src=\"https://ege.sdamgia.ru/formula/svg/b2/b27618918aa61e228d063202bfc8f950.svg\" class=\"tex\" style=\"vertical-align:-2.5pt\" alt=\"BDA_1\" /> по­доб­ны. Из по­до­бия по­лу­ча­ем, что пря­мые <i>DA</i><sub>1</sub> и <i>BM</i>  па­рал­лель­ны, а тогда и пря­мые <i>DA</i><sub>1</sub> и <i>AB</i><sub>1</sub> па­рал­лель­ны. <p class=\"left_margin\">Из до­ка­зан­но­го также сле­ду­ет, что <img src=\"https://ege.sdamgia.ru/formula/svg/19/1961788836d49b5e0118b4c5c6289434.svg\" class=\"tex\" style=\"vertical-align:-10.0pt\" alt=\" дробь: чис­ли­тель: DA_1, зна­ме­на­тель: BM конец дроби = дробь: чис­ли­тель: DB_1, зна­ме­на­тель: BB_1 конец дроби = дробь: чис­ли­тель: 2, зна­ме­на­тель: 3 конец дроби , \" /> от­ку­да <img src=\"https://ege.sdamgia.ru/formula/svg/3b/3b0984ac22a8053479811c09aba2cb90.svg\" class=\"tex\" style=\"vertical-align:-8.5pt\" alt=\"DA_1 = дробь: чис­ли­тель: 2, зна­ме­на­тель: 3 конец дроби BM = дробь: чис­ли­тель: 2, зна­ме­на­тель: 3 конец дроби умно­жить на дробь: чис­ли­тель: 3, зна­ме­на­тель: 2 конец дроби z = z.\" /> Сле­до­ва­тель­но, <img src=\"https://ege.sdamgia.ru/formula/svg/5c/5cf1a1dc63f089c717601d52bb218750.svg\" class=\"tex\" style=\"vertical-align:-3.0pt\" alt=\"DA_1=AB_1,\" /> ---></p><p class=\"left_margin\">Тре­уголь­ни­ки <i>OBD</i> и <i>DB</i><sub>1</sub><i>C</i> по­доб­ны по двум углам, по­это­му</p><p class=\"left_margin\"></p><center><p><img src=\"https://ege.sdamgia.ru/formula/svg/ed/ed39eb3374119a53ac1f40dd4faef726.svg\" class=\"tex\" style=\"vertical-align:-10.0pt\" alt=\" дробь: чис­ли­тель: BD, зна­ме­на­тель: DB_1 конец дроби = дробь: чис­ли­тель: OB, зна­ме­на­тель: B_1C конец дроби = дробь: чис­ли­тель: дробь: чис­ли­тель: 3, зна­ме­на­тель: 2 конец дроби z, зна­ме­на­тель: 3z конец дроби = дробь: чис­ли­тель: 1, зна­ме­на­тель: 2 конец дроби , \"></p><p class=\"left_margin\"></p></center><p>сле­до­ва­тель­но, тре­уголь­ни­ки <i>BDA</i><sub>1</sub> и <i>BB</i><sub>1</sub><i>C</i> по­доб­ны по двум про­пор­ци­о­наль­ным сто­ро­нам и углу между ними, тогда</p><p><i>DA</i><sub>1</sub> || <i>B</i><sub>1</sub><i>C</i>, <img src=\"https://ege.sdamgia.ru/formula/svg/1d/1d4b3d44191314dc76f565ab3b2cfaf5.svg\" class=\"tex\" style=\"vertical-align:-10.0pt\" alt=\" дробь: чис­ли­тель: DA_1, зна­ме­на­тель: B_1C конец дроби = дробь: чис­ли­тель: BD, зна­ме­на­тель: BB_1 конец дроби = дробь: чис­ли­тель: 1, зна­ме­на­тель: 3 конец дроби , \"> от­ку­да <img src=\"https://ege.sdamgia.ru/formula/svg/00/000a486c87aed1ead0be65d94881c18a.svg\" class=\"tex\" style=\"vertical-align:-8.5pt\" alt=\"DA_1= дробь: чис­ли­тель: 1, зна­ме­на­тель: 3 конец дроби B_1C=z=AB_1, \">  то есть про­ти­во­по­лож­ные сто­ро­ны <img src=\"https://ege.sdamgia.ru/formula/svg/4d/4d2c1e74c2f78a357e2492a7dce8b3a1.svg\" class=\"tex\" style=\"vertical-align:-2.5pt\" alt=\"DA_1\"> и <img src=\"https://ege.sdamgia.ru/formula/svg/ed/ed9190d5978d4f75439ace99383e2998.svg\" class=\"tex\" style=\"vertical-align:-2.5pt\" alt=\"AB_1\"> че­ты­рех­уголь­ни­ка <img src=\"https://ege.sdamgia.ru/formula/svg/8c/8cd63c7cb1ba902bc5a2951e8946f63c.svg\" class=\"tex\" style=\"vertical-align:-2.5pt\" alt=\"ADA_1B_1\"> па­рал­лель­ны и равны. Тем самым этот че­ты­рех­уголь­ник  — па­рал­ле­ло­грамм.</p><p class=\"left_margin\">б)  За­ме­тим, что тре­уголь­ник <img src=\"https://ege.sdamgia.ru/formula/svg/1e/1e26d64efc4917f2c88eb78c00727ac1.svg\" class=\"tex\" style=\"vertical-align:-2.5pt\" alt=\"B_1A_1C\"> пря­мо­уголь­ный с ги­по­те­ну­зой <img src=\"https://ege.sdamgia.ru/formula/svg/3f/3f63ba553a7f2d2932e9685dfba27e2c.svg\" class=\"tex\" style=\"vertical-align:-2.5pt\" alt=\"B_1C=21\"> и ка­те­том <img src=\"https://ege.sdamgia.ru/formula/svg/23/23223fcc992c762b373bfaefd25c88f0.svg\" class=\"tex\" style=\"vertical-align:-3.0pt\" alt=\"A_1C = 12,\"> а по­то­му <img src=\"https://ege.sdamgia.ru/formula/svg/e1/e17aacf84582bb1844cc86e5dbe68a03.svg\" class=\"tex\" style=\"vertical-align:-10.0pt\" alt=\" ко­си­нус B_1CA_1 = дробь: чис­ли­тель: CA_1, зна­ме­на­тель: CB_1 конец дроби = дробь: чис­ли­тель: 4, зна­ме­на­тель: 7 конец дроби . \"> Сумма углов, при­ле­жа­щих к бо­ко­вой сто­ро­не тра­пе­ции, равна 180°, по­это­му </p><p class=\"left_margin\"></p><center><p><img src=\"https://ege.sdamgia.ru/formula/svg/79/79c99c22bb29277c8c67ffa7e8c64085.svg\" class=\"tex\" style=\"vertical-align:-8.5pt\" alt=\" ко­си­нус DA_1C = ко­си­нус левая круг­лая скоб­ка 180 гра­ду­сов минус B_1CA_1 пра­вая круг­лая скоб­ка = минус ко­си­нус B_1CA_1 = минус дробь: чис­ли­тель: 4, зна­ме­на­тель: 7 конец дроби .\"> </p><p class=\"left_margin\"></p></center><p> При­ме­ним тео­ре­му ко­си­ну­сов к тре­уголь­ни­ку <img src=\"https://ege.sdamgia.ru/formula/svg/48/48e5e6fc4656200312284462fd2b9c18.svg\" class=\"tex\" style=\"vertical-align:-3.0pt\" alt=\"DA_1C,\"> имеем:</p><p class=\"left_margin\"></p><center><p><span data-width=\"640\" data-formulahash=\"e228dc0a021de8bdb9f2a55c3489fd44\" class=\"tex-span\" style=\"\"><img src=\"https://ege.sdamgia.ru/formula/svg/e2/e228dc0a021de8bdb9f2a55c3489fd44.svg\" class=\"tex\" style=\"vertical-align:-11.2pt\" alt=\"CD в квад­ра­те = A_1D в квад­ра­те плюс A_1C в квад­ра­те минус 2 A_1D умно­жить на A_1C ко­си­нус DA_1C = 7 в квад­ра­те плюс 12 в квад­ра­те минус 2 умно­жить на 7 умно­жить на 12 \\cdor левая круг­лая скоб­ка минус дробь: чис­ли­тель: 4, зна­ме­на­тель: 7 конец дроби пра­вая круг­лая скоб­ка = 289,\"></span><span data-width=\"515\" data-formulahash=\"e228dc0a021de8bdb9f2a55c3489fd44\" class=\"tex-span\" style=\"display:none\"><img src=\"https://ege.sdamgia.ru/formula/svg/82/8221de7abc7fdfbe377ca3eef6953f91.svg\" class=\"tex\" style=\"vertical-align:-2.5pt\" alt=\"CD в квад­ра­те = A_1D в квад­ра­те плюс A_1C в квад­ра­те минус 2 A_1D умно­жить на A_1C ко­си­нус DA_1C =\"><br><img src=\"https://ege.sdamgia.ru/formula/svg/4e/4ea81b82aa73e1c2c647ef4d0bbf4d43.svg\" class=\"tex\" style=\"vertical-align:-11.1pt\" alt=\"= 7 в квад­ра­те плюс 12 в квад­ра­те минус 2 умно­жить на 7 умно­жить на 12 \\cdor левая круг­лая скоб­ка минус дробь: чис­ли­тель: 4, зна­ме­на­тель: 7 конец дроби пра­вая круг­лая скоб­ка = 289,\"></span></p><p class=\"left_margin\"></p></center><p> а зна­чит, <i>CD</i>  =  17.</p><p>&nbsp;</p><p><b>При­ве­дем ре­ше­ние пунк­та б) Да­ни­и­ла Шу­май­ло­ва.</b></p><p class=\"left_margin\">Пусть <i>Q</i>  — точка пе­ре­се­че­ния пря­мых <i>AD</i> и <i>BC</i>. По до­ка­зан­но­му  в пунк­те а) пря­мая <i>AQ</i> па­рал­лель­на пря­мой <i>A</i><sub>1</sub><i>B</i><sub>1</sub>, сле­до­ва­тель­но, тре­уголь­ни­ки <i>AQC</i> и <i>A</i><sub>1</sub><i>B</i><sub>1</sub><i>C</i> по­доб­ны по двум углам с ко­эф­фи­ци­ен­том по­до­бия <img src=\"https://ege.sdamgia.ru/formula/svg/01/015f4b1e04122c3a0468dd653d29f2d2.svg\" class=\"tex\" style=\"vertical-align:-10.0pt\" alt=\"k= дробь: чис­ли­тель: AC, зна­ме­на­тель: B_1C конец дроби = дробь: чис­ли­тель: 4, зна­ме­на­тель: 3 конец дроби . \"> По­лу­ча­ем:</p><p class=\"left_margin\"></p><center><p><img src=\"https://ege.sdamgia.ru/formula/svg/d1/d151a95db8610362352ab7da31559ab8.svg\" class=\"tex\" style=\"vertical-align:-8.5pt\" alt=\"DQ=AQ минус AD=AQ минус A_1B_1= дробь: чис­ли­тель: 4, зна­ме­на­тель: 3 конец дроби A_1B_1 минус A_1B_1= дробь: чис­ли­тель: 1, зна­ме­на­тель: 3 конец дроби A_1B_1.\"></p><p class=\"left_margin\"></p></center><p class=\"left_margin\">Из пря­мо­уголь­но­го тре­уголь­ни­ка <i>A</i><sub>1</sub><i>B</i><sub>1</sub><i>C</i> на­хо­дим:</p><p class=\"left_margin\"></p><center><p><span data-width=\"640\" data-formulahash=\"07fe708e048f8b16d6eba1871598b5e7\" class=\"tex-span\" style=\"\"><img src=\"https://ege.sdamgia.ru/formula/svg/07/07fe708e048f8b16d6eba1871598b5e7.svg\" class=\"tex\" style=\"vertical-align:-12.2pt\" alt=\"A_1B_1= ко­рень из: на­ча­ло ар­гу­мен­та: B_1C в квад­ра­те минус A_1C в квад­ра­те конец ар­гу­мен­та = ко­рень из: на­ча­ло ар­гу­мен­та: левая круг­лая скоб­ка дробь: чис­ли­тель: 4, зна­ме­на­тель: 3 конец дроби AC пра­вая круг­лая скоб­ка в квад­ра­те минус левая круг­лая скоб­ка дробь: чис­ли­тель: 2, зна­ме­на­тель: 3 конец дроби CB пра­вая круг­лая скоб­ка в квад­ра­те конец ар­гу­мен­та = ко­рень из: на­ча­ло ар­гу­мен­та: 21 в квад­ра­те минус 12 в квад­ра­те конец ар­гу­мен­та =3 ко­рень из: на­ча­ло ар­гу­мен­та: 33 конец ар­гу­мен­та ,\"></span><span data-width=\"490\" data-formulahash=\"07fe708e048f8b16d6eba1871598b5e7\" class=\"tex-span\" style=\"display:none\"><img src=\"https://ege.sdamgia.ru/formula/svg/7f/7f1f56115c4869ae4268013d9f701e88.svg\" class=\"tex\" style=\"vertical-align:-2.9pt\" alt=\"A_1B_1= ко­рень из: на­ча­ло ар­гу­мен­та: B_1C в квад­ра­те минус A_1C в квад­ра­те конец ар­гу­мен­та =\"><br><img src=\"https://ege.sdamgia.ru/formula/svg/98/98d2fe66a2433a06b5bba6746c8c9a5f.svg\" class=\"tex\" style=\"vertical-align:-12.3pt\" alt=\"= ко­рень из: на­ча­ло ар­гу­мен­та: левая круг­лая скоб­ка дробь: чис­ли­тель: 4, зна­ме­на­тель: 3 конец дроби AC пра­вая круг­лая скоб­ка в квад­ра­те минус левая круг­лая скоб­ка дробь: чис­ли­тель: 2, зна­ме­на­тель: 3 конец дроби CB пра­вая круг­лая скоб­ка в квад­ра­те конец ар­гу­мен­та = ко­рень из: на­ча­ло ар­гу­мен­та: 21 в квад­ра­те минус 12 в квад­ра­те конец ар­гу­мен­та =3 ко­рень из: на­ча­ло ар­гу­мен­та: 33 конец ар­гу­мен­та ,\"></span></p><p class=\"left_margin\"></p></center><p>тогда <img src=\"https://ege.sdamgia.ru/formula/svg/79/79710a68fa4072868742efbf6dd035cb.svg\" class=\"tex\" style=\"vertical-align:-3.0pt\" alt=\"DQ= ко­рень из: на­ча­ло ар­гу­мен­та: 33 конец ар­гу­мен­та .\"></p><p class=\"left_margin\">Из пря­мо­уголь­но­го тре­уголь­ни­ка <i>DQC</i> имеем:</p><p class=\"left_margin\"></p><center><p><img src=\"https://ege.sdamgia.ru/formula/svg/be/bec86b5883e1098154d139d187b6cafd.svg\" class=\"tex\" style=\"vertical-align:-12.2pt\" alt=\"DC= ко­рень из: на­ча­ло ар­гу­мен­та: QC в квад­ра­те плюс DQ в квад­ра­те конец ар­гу­мен­та = ко­рень из: на­ча­ло ар­гу­мен­та: левая круг­лая скоб­ка дробь: чис­ли­тель: 4, зна­ме­на­тель: 3 конец дроби A_1C пра­вая круг­лая скоб­ка в квад­ра­те плюс DQ в квад­ра­те конец ар­гу­мен­та = ко­рень из: на­ча­ло ар­гу­мен­та: 16 в квад­ра­те плюс левая круг­лая скоб­ка ко­рень из: на­ча­ло ар­гу­мен­та: 33 конец ар­гу­мен­та пра­вая круг­лая скоб­ка в квад­ра­те конец ар­гу­мен­та =17.\"></p><p class=\"left_margin\"></p></center></div>",
        "image_urls": [
            "https://ege.sdamgia.ru/formula/svg/25/2516169c93217e5ff2b06514110fad29.svg",
            "https://ege.sdamgia.ru/formula/svg/d7/d731a0d065e5f962b21cd8ec6b23bfa8.svg",
            "https://ege.sdamgia.ru/formula/svg/8b/8bbd68df29b26b086fb4b2f4f9872e4c.svg",
            "https://ege.sdamgia.ru/formula/svg/b5/b5bf6159b3af1c188c681a11814106d8.svg",
            "https://ege.sdamgia.ru/formula/svg/d4/d480e5fce494a97ea004d72049dd3440.svg",
            "https://ege.sdamgia.ru/formula/svg/69/69cc48f7767ba3a983c36f257f67cff7.svg",
            "https://ege.sdamgia.ru/formula/svg/ba/bafb482831aa11237e43d4ad6a4824f1.svg",
            "https://ege.sdamgia.ru/formula/svg/55/55f9d9e65af718bf8c1184d25e94ab54.svg",
            "https://ege.sdamgia.ru/formula/svg/04/0496354427a2d7886411a1a4edb7461b.svg",
            "https://ege.sdamgia.ru/formula/svg/ed/ed9190d5978d4f75439ace99383e2998.svg",
            "https://ege.sdamgia.ru/formula/svg/8c/8cd63c7cb1ba902bc5a2951e8946f63c.svg",
            "https://ege.sdamgia.ru/formula/svg/21/214c6a7ae9c6c26b642db19b2194ef63.svg",
            "https://ege.sdamgia.ru/formula/svg/45/45a6d7621b506c5e87d6622ddabf534c.svg",
            "https://ege.sdamgia.ru/formula/svg/01/017fe9932a0159488e1eac0162e3435b.svg",
            "https://ege.sdamgia.ru/formula/svg/fc/fcb2750a8c7cf1dc60a0cc6e02abbb26.svg",
            "https://ege.sdamgia.ru/formula/svg/61/61f44c8540c98cf44f0f3c2bb62e0296.svg",
            "https://ege.sdamgia.ru/formula/svg/b7/b724fcc642eb052c19089d006c5c08c3.svg",
            "https://ege.sdamgia.ru/formula/svg/4c/4c327046b6c01bb19f12c2dd99239dc5.svg",
            "https://ege.sdamgia.ru/formula/svg/aa/aa753d21aa3ae9ff8fc150e5aa888910.svg",
            "https://ege.sdamgia.ru/formula/svg/9a/9a35082a75ea76ee77dea37c9919540b.svg",
            "https://ege.sdamgia.ru/formula/svg/55/5511ad3b4f707a38aa73c242204b7b0b.svg",
            "https://ege.sdamgia.ru/formula/svg/0a/0a5cd45ce97e75a87839a47bc87edbf9.svg",
            "https://ege.sdamgia.ru/formula/svg/fa/faff13446b0d6fc9dfeab04d818b725f.svg",
            "https://ege.sdamgia.ru/formula/svg/9a/9a35082a75ea76ee77dea37c9919540b.svg",
            "https://ege.sdamgia.ru/formula/svg/93/93cf0b4b4631ff63ecbaeefe9d541577.svg",
            "https://ege.sdamgia.ru/formula/svg/c4/c47ed18a0b302d6365a4e8b106a27c5e.svg",
            "https://ege.sdamgia.ru/formula/svg/2e/2e496f5a786d9bceff70d7f08a263b6c.svg",
            "https://ege.sdamgia.ru/formula/svg/7a/7aca0e38ec4963bafdad7b347031607d.svg",
            "https://ege.sdamgia.ru/formula/svg/0f/0f212be8497250f3a79d2806b0ed2df6.svg",
            "https://ege.sdamgia.ru/formula/svg/54/5448b91fd6b9f00701bd655c4f36f5fd.svg",
            "https://ege.sdamgia.ru/formula/svg/8e/8e65f0c41a9221783c6f5caae1b69438.svg",
            "https://ege.sdamgia.ru/formula/svg/8e/8e7ac20537a8866299e8b7d51708f835.svg",
            "https://ege.sdamgia.ru/formula/svg/68/6830b8f9cb962ac3c89c15ceea8b5cba.svg",
            "https://ege.sdamgia.ru/formula/svg/ff/ffbc127b6906b9601f12e9c893a09c26.svg",
            "https://ege.sdamgia.ru/formula/svg/0e/0e51594685049f65eec2a5882a0bd054.svg",
            "https://ege.sdamgia.ru/formula/svg/4d/4d2c1e74c2f78a357e2492a7dce8b3a1.svg",
            "https://ege.sdamgia.ru/formula/svg/ed/ed9190d5978d4f75439ace99383e2998.svg",
            "https://ege.sdamgia.ru/formula/svg/8c/8cd63c7cb1ba902bc5a2951e8946f63c.svg",
            "https://ege.sdamgia.ru/formula/svg/7d/7d0664cee76e9593a8abd5addf192569.svg",
            "https://ege.sdamgia.ru/formula/svg/1b/1b5ebe6e3afd511f5b690c7d7a39f59a.svg",
            "https://ege.sdamgia.ru/formula/svg/8c/8cd63c7cb1ba902bc5a2951e8946f63c.svg",
            "https://ege.sdamgia.ru/formula/svg/01/0111c27a9f73cdebf6526aee3eababc9.svg",
            "https://ege.sdamgia.ru/formula/svg/0a/0a5cd45ce97e75a87839a47bc87edbf9.svg",
            "https://ege.sdamgia.ru/formula/svg/fa/faff13446b0d6fc9dfeab04d818b725f.svg",
            "https://ege.sdamgia.ru/formula/svg/3a/3abbc5b2a4d42ae1ba66481a9840c9de.svg",
            "https://ege.sdamgia.ru/formula/svg/b0/b01ae319fa141f7349335cb2be78286d.svg",
            "https://ege.sdamgia.ru/formula/svg/dc/dc2fbb5680b582abccc47cb715102f77.svg",
            "https://ege.sdamgia.ru/formula/svg/2d/2d31537316209d8e58870ab945843376.svg",
            "https://ege.sdamgia.ru/formula/svg/0e/0e62481ac2732becdae86160d24c94a8.svg",
            "https://ege.sdamgia.ru/formula/svg/aa/aa753d21aa3ae9ff8fc150e5aa888910.svg",
            "https://ege.sdamgia.ru/formula/svg/f0/f00efccf26614ee03c32f4e3f4348eae.svg",
            "https://ege.sdamgia.ru/formula/svg/ed/ed39eb3374119a53ac1f40dd4faef726.svg",
            "https://ege.sdamgia.ru/formula/svg/1d/1d4b3d44191314dc76f565ab3b2cfaf5.svg",
            "https://ege.sdamgia.ru/formula/svg/00/000a486c87aed1ead0be65d94881c18a.svg",
            "https://ege.sdamgia.ru/formula/svg/4d/4d2c1e74c2f78a357e2492a7dce8b3a1.svg",
            "https://ege.sdamgia.ru/formula/svg/ed/ed9190d5978d4f75439ace99383e2998.svg",
            "https://ege.sdamgia.ru/formula/svg/8c/8cd63c7cb1ba902bc5a2951e8946f63c.svg",
            "https://ege.sdamgia.ru/formula/svg/1e/1e26d64efc4917f2c88eb78c00727ac1.svg",
            "https://ege.sdamgia.ru/formula/svg/3f/3f63ba553a7f2d2932e9685dfba27e2c.svg",
            "https://ege.sdamgia.ru/formula/svg/23/23223fcc992c762b373bfaefd25c88f0.svg",
            "https://ege.sdamgia.ru/formula/svg/e1/e17aacf84582bb1844cc86e5dbe68a03.svg",
            "https://ege.sdamgia.ru/formula/svg/79/79c99c22bb29277c8c67ffa7e8c64085.svg",
            "https://ege.sdamgia.ru/formula/svg/48/48e5e6fc4656200312284462fd2b9c18.svg",
            "https://ege.sdamgia.ru/formula/svg/e2/e228dc0a021de8bdb9f2a55c3489fd44.svg",
            "https://ege.sdamgia.ru/formula/svg/82/8221de7abc7fdfbe377ca3eef6953f91.svg",
            "https://ege.sdamgia.ru/formula/svg/4e/4ea81b82aa73e1c2c647ef4d0bbf4d43.svg",
            "https://ege.sdamgia.ru/formula/svg/01/015f4b1e04122c3a0468dd653d29f2d2.svg",
            "https://ege.sdamgia.ru/formula/svg/d1/d151a95db8610362352ab7da31559ab8.svg",
            "https://ege.sdamgia.ru/formula/svg/07/07fe708e048f8b16d6eba1871598b5e7.svg",
            "https://ege.sdamgia.ru/formula/svg/7f/7f1f56115c4869ae4268013d9f701e88.svg",
            "https://ege.sdamgia.ru/formula/svg/98/98d2fe66a2433a06b5bba6746c8c9a5f.svg",
            "https://ege.sdamgia.ru/formula/svg/79/79710a68fa4072868742efbf6dd035cb.svg",
            "https://ege.sdamgia.ru/formula/svg/be/bec86b5883e1098154d139d187b6cafd.svg",
            "/get_file?id=147450",
            "/get_file?id=147452",
            "/get_file?id=147451"
        ]
    },
    "answer": "б) 17.",
    "topic_id": 17,
    "analog_ids": []
}