{
    "gia_type": "ege",
    "subject": "math",
    "id": 548405,
    "condition": {
        "text": "Дан прямоугольный треугольник ABC. На катете AC отмечена точка M, а на продолжении катета BC за точку C  — точка N так, что CM  =  CB и CA  =  CN.а)  Пусть CH и CF  — высоты треугольников ABC и NMC соответственно. Докажите, что CF  и CH перпендикулярны.б)  Пусть L  — это точка пересечения BM и AN, BC  =  2, AC  =  5. Найдите ML.",
        "html": "<div align=\"justify\" width=\"100%\" id=\"body405705\" class=\"pbody\"><p class=\"left_margin\">Дан пря­мо­уголь­ный тре­уголь­ник <i>ABC</i>. На ка­те­те <i>AC</i> от­ме­че­на точка <i>M</i>, а на про­дол­же­нии ка­те­та <i>BC</i> за точку <i>C</i>  — точка <i>N</i> так, что <i>CM</i>  =  <i>CB </i>и <i>CA</i>  =  <i>CN</i>.</p><p class=\"left_margin\">а)  Пусть <i>CH</i> и <i>CF</i>  — вы­со­ты тре­уголь­ни­ков <i>ABC</i> и <i>NMC</i> со­от­вет­ствен­но. До­ка­жи­те, что <i>CF </i> и <i>CH</i> пер­пен­ди­ку­ляр­ны.</p><p class=\"left_margin\">б)  Пусть <i>L</i>  — это точка пе­ре­се­че­ния <i>BM</i> и <i>AN</i>, <i>BC</i>  =  2, <i>AC</i>  =  5. Най­ди­те <i>ML</i>.</p></div>",
        "image_urls": []
    },
    "solution": {
        "text": "Решение. а)  Треугольники ABC и NMC равны по двум катетам, следовательно,  Таким образом, б)  Катеты AC и CN равны, поэтому угол CAN равен 45°. Катеты BC и CM также равны, поэтому угол BMC равен 45°. Углы AML и BMC равны как вертикальные, следовательно,  Таким образом, Ответ: б) ",
        "html": "<div align=\"justify\" width=\"100%\" id=\"sol548405\" class=\"solution\" style=\"clear:both;\" class=\"pbody\"><p class=\"left_margin\"></p><b>Ре­ше­ние<!--rule_info-->. </b><p class=\"left_margin\"><img src=\"/get_file?id=147449\" style=\"float:right;margin:10px;max-width:100%\"></p><p class=\"left_margin\">а)  Тре­уголь­ни­ки <i>ABC</i> и <i>NMC</i> равны по двум ка­те­там, сле­до­ва­тель­но,</p><p class=\"left_margin\"></p><center><p><img src=\"https://ege.sdamgia.ru/formula/svg/76/76fe6e1113f9be45c5e60a7a1935e6ef.svg\" class=\"tex\" style=\"vertical-align:-1.8pt\" alt=\"\\angle MCF = \\angle MNC = \\angle BAC = 90 гра­ду­сов минус HCA.\"> </p><p class=\"left_margin\"></p></center><p> Таким об­ра­зом, <img src=\"https://ege.sdamgia.ru/formula/svg/2f/2f533f2fc1789f0e7bc5a5f263c2ce45.svg\" class=\"tex\" style=\"vertical-align:-1.8pt\" alt=\"\\angle HCF = 90 гра­ду­сов.\"></p><p class=\"left_margin\">б)  Ка­те­ты <i>AC</i> и <i>CN</i> равны, по­это­му угол <i>CAN</i> равен 45°. Ка­те­ты <i>BC</i> и <i>CM</i> также равны, по­это­му угол <i>BMC</i> равен 45°. Углы <i>AML</i> и <i>BMC</i> равны как вер­ти­каль­ные, сле­до­ва­тель­но, </p><p class=\"left_margin\"></p><center><p><img src=\"https://ege.sdamgia.ru/formula/svg/4a/4a283983539d92f256325d00746b0875.svg\" class=\"tex\" style=\"vertical-align:-1.8pt\" alt=\"MLA=180 гра­ду­сов минус 45 гра­ду­сов минус 45 гра­ду­сов = 90 гра­ду­сов.\"></p><p class=\"left_margin\"></p></center><p> Таким об­ра­зом, </p><p class=\"left_margin\"></p><center><p><img src=\"https://ege.sdamgia.ru/formula/svg/d0/d0c94049ba03dcf47557f2229ae51050.svg\" class=\"tex\" style=\"vertical-align:-11.1pt\" alt=\"ML = дробь: чис­ли­тель: AM, зна­ме­на­тель: ко­рень из: на­ча­ло ар­гу­мен­та: 2 конец ар­гу­мен­та конец дроби = дробь: чис­ли­тель: AC минус MC, зна­ме­на­тель: ко­рень из: на­ча­ло ар­гу­мен­та: 2 конец ар­гу­мен­та конец дроби = дробь: чис­ли­тель: 3, зна­ме­на­тель: ко­рень из: на­ча­ло ар­гу­мен­та: 2 конец ар­гу­мен­та конец дроби = дробь: чис­ли­тель: 3 ко­рень из: на­ча­ло ар­гу­мен­та: 2 конец ар­гу­мен­та , зна­ме­на­тель: 2 конец дроби . \"></p><p class=\"left_margin\"></p></center><p><span style=\"letter-spacing: 2px;\">Ответ:</span> б)<img src=\"https://ege.sdamgia.ru/formula/svg/35/35a1920db4f095e293d345781b4f86c1.svg\" class=\"tex\" style=\"vertical-align:-8.5pt\" alt=\" дробь: чис­ли­тель: 3 ко­рень из: на­ча­ло ар­гу­мен­та: 2 конец ар­гу­мен­та , зна­ме­на­тель: 2 конец дроби . \"></p><p>&nbsp;</p><p><!--<p><b>При­ве­дем дру­гое ре­ше­ние:</b><p><img src=\"/get_file?id=64893\" style=\"float:right;margin:10px;max-width:100%;width:30%\"><p class=\"left_margin\">а)&#8239;&#8239;Тре­уголь­ни­ки <i>NMC</i> и <i>ABC</i> равны (по двум ка­те­там). Пусть <img src=\"https://ege.sdamgia.ru/formula/svg/0e/0ef9ea8f287f91c57601acfbb29a21bc.svg\" class=\"tex\" style=\"vertical-align:-3.0pt\" alt=\"\\angle ABC= альфа ,\" /> тогда <img src=\"https://ege.sdamgia.ru/formula/svg/52/52542f687aba5eef09701c9434894dd3.svg\" class=\"tex\" style=\"vertical-align:-3.0pt\" alt=\"\\angle CAB=90 гра­ду­сов минус альфа ,\" /> сле­до­ва­тель­но, <img src=\"https://ege.sdamgia.ru/formula/svg/0e/0e6ead679fea64c63bb1badb55602676.svg\" class=\"tex\" style=\"vertical-align:-3.6pt\" alt=\"\\angle ACH=90 гра­ду­сов минус левая круг­лая скоб­ка 90 гра­ду­сов минус альфа пра­вая круг­лая скоб­ка = альфа .\" /><p class=\"left_margin\">Из ра­вен­ства тре­уголь­ни­ков сле­ду­ет, что их со­от­вет­ствен­ные углы равны, то есть <img src=\"https://ege.sdamgia.ru/formula/svg/65/657b76c6b4ad529f5969a7d2cd98d35e.svg\" class=\"tex\" style=\"vertical-align:-3.0pt\" alt=\"\\angle ABC = \\angle NMC= альфа ,\" /> тогда <img src=\"https://ege.sdamgia.ru/formula/svg/ea/eab0d5aa4e6cc70486e4ee02555be5cb.svg\" class=\"tex\" style=\"vertical-align:-3.0pt\" alt=\"\\angle MCF =90 гра­ду­сов минус альфа ,\" /> так как <img src=\"https://ege.sdamgia.ru/formula/svg/df/dfeee2d48f13f3516a54b867b7d9f705.svg\" class=\"tex\" style=\"vertical-align:-1.8pt\" alt=\"\\angle FCM плюс \\angle MCH=90 гра­ду­сов минус альфа плюс альфа = 90 гра­ду­сов. \" /> Таким об­ра­зом, <i>CF</i> пер­пен­ди­ку­ляр­но <i>CH</i>.<p class=\"left_margin\">б)&#8239;&#8239;Так как <i>AC</i>&#8239;&#8239;=&#8239;&#8239;<i>AM</i>&#8239;+&#8239;<i>MC</i>, то <i>AM</i>&#8239;&#8239;=&#8239;&#8239;5&#8239;−&#8239;2&#8239;&#8239;=&#8239;&#8239;3, <i>AC</i>&#8239;&#8239;=&#8239;&#8239;<i>NC</i>&#8239;&#8239;=&#8239;&#8239;5. По тео­ре­ме Пи­фа­го­ра имеем:<p class=\"left_margin\"><center><p><img src=\"https://ege.sdamgia.ru/formula/svg/e8/e84b4a40f2e5c8b1782cd431828e6b83.svg\" class=\"tex\" style=\"vertical-align:-1.8pt\" alt=\"AN в квад­ра­те =NC в квад­ра­те плюс AC в квад­ра­те =50 рав­но­силь­но AN=AC=5 ко­рень из: на­ча­ло ар­гу­мен­та: 2 конец ар­гу­мен­та .\" /><p class=\"left_margin\"></center><p class=\"left_margin\">По тео­ре­ме Ме­не­лая имеем:<p class=\"left_margin\"><center><p><img src=\"https://ege.sdamgia.ru/formula/svg/e1/e16a23652aa81aa07f97493d2b7888a3.svg\" class=\"tex\" style=\"vertical-align:-8.4pt\" alt=\" дробь: чис­ли­тель: NL, зна­ме­на­тель: LA конец дроби умно­жить на дробь: чис­ли­тель: AM, зна­ме­на­тель: MC конец дроби = дробь: чис­ли­тель: CB, зна­ме­на­тель: NB конец дроби =1, \" /><p class=\"left_margin\"></center><p><img src=\"/get_file?id=64892\" style=\"float:right;margin:10px;max-width:100%;width:30%\"\"><p class=\"left_margin\">От­сю­да  по­лу­ча­ем, что  <img src=\"https://ege.sdamgia.ru/formula/svg/02/02a43fe1130d6ea7d5ef8770c3e319a8.svg\" class=\"tex\" style=\"vertical-align:-8.4pt\" alt=\" дробь: чис­ли­тель: NL, зна­ме­на­тель: AL конец дроби = дробь: чис­ли­тель: 7, зна­ме­на­тель: 2 конец дроби . \" /><p class=\"left_margin\"><center><p><img src=\"https://ege.sdamgia.ru/formula/svg/02/021148795a50cbc8e85d0ce53661d487.svg\" class=\"tex\" style=\"vertical-align:-1.8pt\" alt=\"NA=NL плюс AL=7x плюс 3x=10x=5 ко­рень из: на­ча­ло ар­гу­мен­та: 2 конец ар­гу­мен­та рав­но­силь­но \" /><p><img src=\"https://ege.sdamgia.ru/formula/svg/82/82643fe1214b552802abdc32830b25c4.svg\" class=\"tex\" style=\"vertical-align:-8.5pt\" alt=\" рав­но­силь­но x= дробь: чис­ли­тель: 5 ко­рень из: на­ча­ло ар­гу­мен­та: 2 конец ар­гу­мен­та , зна­ме­на­тель: 10 конец дроби = дробь: чис­ли­тель: ко­рень из: на­ча­ло ар­гу­мен­та: 2 конец ар­гу­мен­та , зна­ме­на­тель: 2 конец дроби , \" /><p class=\"left_margin\"></center><p class=\"left_margin\">сле­до­ва­тель­но, <img src=\"https://ege.sdamgia.ru/formula/svg/cc/cc6b66ca8ec1b92f8c2addd9c5fbc00e.svg\" class=\"tex\" style=\"vertical-align:-8.5pt\" alt=\"AL= дробь: чис­ли­тель: 3 ко­рень из: на­ча­ло ар­гу­мен­та: 2 конец ар­гу­мен­та , зна­ме­на­тель: 2 конец дроби ;NL= дробь: чис­ли­тель: 7 ко­рень из: на­ча­ло ар­гу­мен­та: 2 конец ар­гу­мен­та , зна­ме­на­тель: 2 конец дроби . \" /><p class=\"left_margin\">В пря­мо­уголь­ном тре­уголь­ни­ке <i>NAC</i>:<p class=\"left_margin\"><center><p><img src=\"https://ege.sdamgia.ru/formula/svg/25/2556522b9a614abf4823d9fdeb285b42.svg\" class=\"tex\" style=\"vertical-align:-11.1pt\" alt=\" ко­си­нус \\angle NAC = дробь: чис­ли­тель: AC, зна­ме­на­тель: NA конец дроби = дробь: чис­ли­тель: 5, зна­ме­на­тель: 5 ко­рень из: на­ча­ло ар­гу­мен­та: 2 конец ар­гу­мен­та конец дроби = дробь: чис­ли­тель: ко­рень из: на­ча­ло ар­гу­мен­та: 2 конец ар­гу­мен­та , зна­ме­на­тель: 2 конец дроби , \" /><p class=\"left_margin\"></center><p>по тео­ре­ме ко­си­ну­сов имеем:<p class=\"left_margin\"><center><p><img src=\"https://ege.sdamgia.ru/formula/svg/a0/a092ebdecfdaca3c91e844018daa07c1.svg\" class=\"tex\" style=\"vertical-align:-8.5pt\" alt=\"LM= ко­рень из: на­ча­ло ар­гу­мен­та: AL в квад­ра­те плюс AM в квад­ра­те минус 2 умно­жить на AL умно­жить на AM умно­жить на ко­си­нус 45 гра­ду­сов конец ар­гу­мен­та = дробь: чис­ли­тель: 3 ко­рень из: на­ча­ло ар­гу­мен­та: 2 конец ар­гу­мен­та , зна­ме­на­тель: 2 конец дроби . \" /><p class=\"left_margin\"></center><p>--></p></div>",
        "image_urls": [
            "https://ege.sdamgia.ru/formula/svg/76/76fe6e1113f9be45c5e60a7a1935e6ef.svg",
            "https://ege.sdamgia.ru/formula/svg/2f/2f533f2fc1789f0e7bc5a5f263c2ce45.svg",
            "https://ege.sdamgia.ru/formula/svg/4a/4a283983539d92f256325d00746b0875.svg",
            "https://ege.sdamgia.ru/formula/svg/d0/d0c94049ba03dcf47557f2229ae51050.svg",
            "https://ege.sdamgia.ru/formula/svg/35/35a1920db4f095e293d345781b4f86c1.svg",
            "/get_file?id=147449"
        ]
    },
    "answer": "б)",
    "topic_id": 17,
    "analog_ids": []
}