{
    "gia_type": "ege",
    "subject": "math",
    "id": 548490,
    "condition": {
        "text": "На сторонах АВ, ВС и АС треугольника АВС отмечены точки C1, A1  и B1  соответственно, причём АC1 : С1B  =  21 : 10, ВА1 : A1C  =  2 : 3, АВ1:В1С  =  2 : 5. Отрезки BB1 и CC1 пересекаются в точке D.а)  Докажите, что четырёхугольник ADA1B1  — параллелограмм.б)  Найдите CD, если отрезки AD и ВС перпендикулярны, АС = 63, ВС = 25.",
        "html": "<div align=\"justify\" width=\"100%\" id=\"body405622\" class=\"pbody\"><p class=\"left_margin\">На сто­ро­нах <i>АВ</i>, <i>ВС</i> и <i>АС </i>тре­уголь­ни­ка <i>АВС</i> от­ме­че­ны точки <i>C</i><sub>1</sub>, <i>A</i><sub>1</sub>  и <i>B</i><sub>1</sub>  со­от­вет­ствен­но, причём <i>АC</i><sub>1</sub> : <i>С</i><sub>1</sub><i>B</i>  =  21 : 10, <i>ВА</i><sub>1</sub> : <i>A</i><sub>1</sub><i>C</i>  =  2 : 3, <i>АВ</i><sub>1</sub>:<i>В</i><sub>1</sub><i>С</i>  =  2 : 5. От­рез­ки <i>BB</i><sub>1</sub> и <i>CC</i><sub>1</sub> пе­ре­се­ка­ют­ся в точке <i>D</i>.</p><p class=\"left_margin\">а)  До­ка­жи­те, что четырёхуголь­ник <i>ADA</i><sub>1</sub><i>B</i><sub>1</sub>  — па­рал­ле­ло­грамм.</p><p class=\"left_margin\">б)  Най­ди­те <i>CD</i>, если от­рез­ки <i>AD</i> и<i> ВС</i> пер­пен­ди­ку­ляр­ны, <i>АС</i> = 63, <i>ВС</i> = 25.</p></div>",
        "image_urls": []
    },
    "solution": {
        "text": "Решение. Проведём через точку В прямую, параллельную прямой АС. Пусть эта прямая пересекает прямую СС1 в точке Т. Тогда треугольники АСС1 и ВТС1 подобны по двум углам, значит,Треугольники B1CD и BTD также подобны по двум углам, следовательно,Таким образом, прямая A1D параллельна прямой АС. Значит,треугольники DBA1 и В1ВС подобны, следовательно,Значит, в четырёхугольнике ADA1B1 противоположные стороны равны и параллельны, следовательно, он является параллелограммом.б)  Пусть прямые AD и ВС пересекаются в точке Н, тогдаВ прямоугольном треугольнике DHA1:В прямоугольном треугольнике CDH: Ответ: б) 27.",
        "html": "<div align=\"justify\" width=\"100%\" id=\"sol548490\" class=\"solution\" style=\"clear:both;\" class=\"pbody\"><p class=\"left_margin\"></p><b>Ре­ше­ние<!--rule_info-->. </b><p class=\"left_margin\"><img src=\"/get_file?id=147454\" style=\"float:right;margin:10px;max-width:100%\"></p><p class=\"left_margin\">Про­ведём через точку <i>В</i> пря­мую, па­рал­лель­ную пря­мой <i>АС</i>. Пусть эта пря­мая пе­ре­се­ка­ет пря­мую <i>СС</i><sub>1</sub> в точке <i>Т</i>. Тогда тре­уголь­ни­ки <i>АСС</i><sub>1</sub> и <i>ВТС</i><sub>1</sub> по­доб­ны по двум углам, зна­чит,</p><p class=\"left_margin\"></p><center><p><img src=\"https://ege.sdamgia.ru/formula/svg/ae/aee061ea9d6bf1516cd314328239de19.svg\" class=\"tex\" style=\"vertical-align:-10.0pt\" alt=\" дробь: чис­ли­тель: BT, зна­ме­на­тель: AC конец дроби = дробь: чис­ли­тель: BC_1, зна­ме­на­тель: AC_1 конец дроби = дробь: чис­ли­тель: 10, зна­ме­на­тель: 21 конец дроби . \"></p><p class=\"left_margin\"></p></center><p class=\"left_margin\">Тре­уголь­ни­ки <i>B</i><sub>1</sub><i>CD</i> и<i> BTD</i> также по­доб­ны по двум углам, сле­до­ва­тель­но,</p><p class=\"left_margin\"></p><center><p><img src=\"https://ege.sdamgia.ru/formula/svg/f9/f9bf5f3f5c0ce1b8541f661eb8507830.svg\" class=\"tex\" style=\"vertical-align:-10.0pt\" alt=\" дробь: чис­ли­тель: BD, зна­ме­на­тель: DB_1 конец дроби =BT:CB_1= дробь: чис­ли­тель: 10AC, зна­ме­на­тель: 21 конец дроби : дробь: чис­ли­тель: 5AC, зна­ме­на­тель: 7 конец дроби = дробь: чис­ли­тель: 2, зна­ме­на­тель: 3 конец дроби = дробь: чис­ли­тель: BA_1, зна­ме­на­тель: A_1C конец дроби . \"></p><p class=\"left_margin\"></p></center><p class=\"left_margin\">Таким об­ра­зом, пря­мая <i>A</i><sub>1</sub><i>D</i> па­рал­лель­на пря­мой <i>АС.</i> Зна­чит,тре­уголь­ни­ки <i>DBA</i><sub>1</sub> и <i>В</i><sub>1</sub><i>ВС</i> по­доб­ны, сле­до­ва­тель­но,</p><p class=\"left_margin\"></p><center><p><img src=\"https://ege.sdamgia.ru/formula/svg/db/dbe2c6b747344691ce65cf1e883d40cc.svg\" class=\"tex\" style=\"vertical-align:-8.4pt\" alt=\"DA_1= дробь: чис­ли­тель: BA_1, зна­ме­на­тель: BC конец дроби умно­жить на B_1C= дробь: чис­ли­тель: 2, зна­ме­на­тель: 5 конец дроби умно­жить на дробь: чис­ли­тель: 5AB_1, зна­ме­на­тель: 2 конец дроби =AB_1. \"></p><p class=\"left_margin\"></p></center><p class=\"left_margin\">Зна­чит, в четырёхуголь­ни­ке <i>ADA</i><sub>1</sub><i>B</i><sub>1</sub> про­ти­во­по­лож­ные сто­ро­ны равны и па­рал­лель­ны, сле­до­ва­тель­но, он яв­ля­ет­ся па­рал­ле­ло­грам­мом.</p><p class=\"left_margin\">б)  Пусть пря­мые <i>AD</i> и <i>ВС</i> пе­ре­се­ка­ют­ся в точке <i>Н</i>, тогда</p><p class=\"left_margin\"></p><center><p><img src=\"https://ege.sdamgia.ru/formula/svg/ad/ad4da51cce7567ffadb3fad253bd7ee4.svg\" class=\"tex\" style=\"vertical-align:-10.0pt\" alt=\"A_1H = дробь: чис­ли­тель: AB_1, зна­ме­на­тель: B_1C конец дроби умно­жить на A_1C = 6. \"></p><p class=\"left_margin\"></p></center><p class=\"left_margin\">В пря­мо­уголь­ном тре­уголь­ни­ке <i>DHA</i><sub>1</sub>:</p><p class=\"left_margin\"></p><center><p><img src=\"https://ege.sdamgia.ru/formula/svg/ac/ac9499cab02cf6f8b6588424700cde97.svg\" class=\"tex\" style=\"vertical-align:-8.4pt\" alt=\"A_1D=AB_1= дробь: чис­ли­тель: 2AC, зна­ме­на­тель: 7 конец дроби =18; \"></p><p><img src=\"https://ege.sdamgia.ru/formula/svg/b8/b880a03399bb6f9b1bf74ab9500c428d.svg\" class=\"tex\" style=\"vertical-align:-2.5pt\" alt=\"DH в квад­ра­те =A_1D в квад­ра­те минус A_1H в квад­ра­те =288.\"></p><p class=\"left_margin\"></p></center><p class=\"left_margin\">В пря­мо­уголь­ном тре­уголь­ни­ке <i>CDH</i>:</p><p class=\"left_margin\"></p><center><p><img src=\"https://ege.sdamgia.ru/formula/svg/20/205b79a3731f17d3fcd0cb8ebcaa5c3f.svg\" class=\"tex\" style=\"vertical-align:-2.5pt\" alt=\"HC=A_1H плюс A_1C=21;\"></p><p><img src=\"https://ege.sdamgia.ru/formula/svg/5e/5e6b38eef6c80ef364d98558279961ee.svg\" class=\"tex\" style=\"vertical-align:-2.5pt\" alt=\"CD= ко­рень из: на­ча­ло ар­гу­мен­та: DH в квад­ра­те плюс HC в квад­ра­те конец ар­гу­мен­та =27.\"></p><p class=\"left_margin\"></p></center><p>&nbsp;</p><p><span style=\"letter-spacing: 2px;\">Ответ:</span> б) 27.</p></div>",
        "image_urls": [
            "https://ege.sdamgia.ru/formula/svg/ae/aee061ea9d6bf1516cd314328239de19.svg",
            "https://ege.sdamgia.ru/formula/svg/f9/f9bf5f3f5c0ce1b8541f661eb8507830.svg",
            "https://ege.sdamgia.ru/formula/svg/db/dbe2c6b747344691ce65cf1e883d40cc.svg",
            "https://ege.sdamgia.ru/formula/svg/ad/ad4da51cce7567ffadb3fad253bd7ee4.svg",
            "https://ege.sdamgia.ru/formula/svg/ac/ac9499cab02cf6f8b6588424700cde97.svg",
            "https://ege.sdamgia.ru/formula/svg/b8/b880a03399bb6f9b1bf74ab9500c428d.svg",
            "https://ege.sdamgia.ru/formula/svg/20/205b79a3731f17d3fcd0cb8ebcaa5c3f.svg",
            "https://ege.sdamgia.ru/formula/svg/5e/5e6b38eef6c80ef364d98558279961ee.svg",
            "/get_file?id=147454"
        ]
    },
    "answer": "б) 27.",
    "topic_id": 17,
    "analog_ids": []
}