{
    "gia_type": "ege",
    "subject": "math",
    "id": 552116,
    "condition": {
        "text": "На стороне АВ треугольника АВС взята точка Е, а на стороне ВС  — точка D так, что АЕ  =  2, CD  =  1. Прямые AD и СЕ пересекаются в точке О. Известно, что АВ  =  ВС  =  8, АС  =  6.а)  Докажите, что АО : АD  =  8 : 11.б)  Найдите площадь четырехугольника BDOE.",
        "html": "<div align=\"justify\" width=\"100%\" id=\"body393800\" class=\"pbody\"><p class=\"left_margin\">На сто­ро­не <i>АВ</i> тре­уголь­ни­ка <i>АВС</i> взята точка <i>Е</i>, а на сто­ро­не <i>ВС</i>  — точка <i>D</i> так, что <i>АЕ</i>  =  2, <i>CD</i>  =  1. Пря­мые <i>AD</i> и <i>СЕ</i> пе­ре­се­ка­ют­ся в точке <i>О</i>. Из­вест­но, что <i>АВ</i>  =  <i>ВС</i>  =  8, <i>АС</i>  =  6.</p><p class=\"left_margin\">а)  До­ка­жи­те, что <i>АО</i> : <i>АD</i>  =  8 : 11.</p><p class=\"left_margin\">б)  Най­ди­те пло­щадь че­ты­рех­уголь­ни­ка <i>BDOE</i>.</p></div>",
        "image_urls": []
    },
    "solution": {
        "text": "Решение. а)  Запишем теорему Менелая для треугольника ABD и секущей CE:б)  Найдем отношение площадей треугольников AEO и ABD: Значит, Треугольники ABD и ABC имеют общую высоту, проведенную из вершины A, поэтому их площади относятся, как стороны BD и BC: Значит, Найдем площадь треугольника ABC:  Тогда для искомой площади четырехугольника BDOE получаем:Ответ: б) ",
        "html": "<div align=\"justify\" width=\"100%\" id=\"sol552116\" class=\"solution\" style=\"clear:both;\" class=\"pbody\"><p class=\"left_margin\"></p><b>Ре­ше­ние<!--rule_info-->. </b><p class=\"left_margin\"><img src=\"/get_file?id=147863\" style=\"float:right;margin:10px;max-width:100%\">а)  За­пи­шем тео­ре­му Ме­не­лая для тре­уголь­ни­ка <i>ABD</i> и се­ку­щей <i>CE</i>:</p><p class=\"left_margin\"></p><center><p><span data-width=\"640\" data-formulahash=\"1da7044bfe8d185a44626670722816f7\" class=\"tex-span\" style=\"\"><img src=\"https://ege.sdamgia.ru/formula/svg/1d/1da7044bfe8d185a44626670722816f7.svg\" class=\"tex\" style=\"vertical-align:-9.3pt\" alt=\" дробь: чис­ли­тель: AE, зна­ме­на­тель: EB конец дроби умно­жить на дробь: чис­ли­тель: BC, зна­ме­на­тель: CD конец дроби умно­жить на дробь: чис­ли­тель: DO, зна­ме­на­тель: OA конец дроби =1 рав­но­силь­но дробь: чис­ли­тель: 2, зна­ме­на­тель: 6 конец дроби умно­жить на дробь: чис­ли­тель: 8, зна­ме­на­тель: 1 конец дроби умно­жить на дробь: чис­ли­тель: DO, зна­ме­на­тель: OA конец дроби =1 рав­но­силь­но дробь: чис­ли­тель: DO, зна­ме­на­тель: OA конец дроби = дробь: чис­ли­тель: 3, зна­ме­на­тель: 8 конец дроби \\Rightarrow дробь: чис­ли­тель: AO, зна­ме­на­тель: AD конец дроби = дробь: чис­ли­тель: DO, зна­ме­на­тель: DO плюс OA конец дроби = дробь: чис­ли­тель: 8, зна­ме­на­тель: 11 конец дроби . \"></span><span data-width=\"490\" data-formulahash=\"1da7044bfe8d185a44626670722816f7\" class=\"tex-span\" style=\"display:none\"><img src=\"https://ege.sdamgia.ru/formula/svg/61/6116bc0561eecfa060004fdaa505a254.svg\" class=\"tex\" style=\"vertical-align:-8.4pt\" alt=\" дробь: чис­ли­тель: AE, зна­ме­на­тель: EB конец дроби умно­жить на дробь: чис­ли­тель: BC, зна­ме­на­тель: CD конец дроби умно­жить на дробь: чис­ли­тель: DO, зна­ме­на­тель: OA конец дроби =1 рав­но­силь­но дробь: чис­ли­тель: 2, зна­ме­на­тель: 6 конец дроби умно­жить на дробь: чис­ли­тель: 8, зна­ме­на­тель: 1 конец дроби умно­жить на дробь: чис­ли­тель: DO, зна­ме­на­тель: OA конец дроби =1 рав­но­силь­но \"><br><img src=\"https://ege.sdamgia.ru/formula/svg/f5/f56d1108df7054345207e184eb89c687.svg\" class=\"tex\" style=\"vertical-align:-9.2pt\" alt=\" рав­но­силь­но дробь: чис­ли­тель: DO, зна­ме­на­тель: OA конец дроби = дробь: чис­ли­тель: 3, зна­ме­на­тель: 8 конец дроби \\Rightarrow дробь: чис­ли­тель: AO, зна­ме­на­тель: AD конец дроби = дробь: чис­ли­тель: DO, зна­ме­на­тель: DO плюс OA конец дроби = дробь: чис­ли­тель: 8, зна­ме­на­тель: 11 конец дроби . \"></span></p><p class=\"left_margin\"></p></center><p class=\"left_margin\">б)  Най­дем от­но­ше­ние пло­ща­дей тре­уголь­ни­ков <i>AEO</i> и <i>ABD</i>:</p><p class=\"left_margin\"></p><center><p><img src=\"https://ege.sdamgia.ru/formula/svg/06/06354f9d82de9ce583e25f0ec0fdc4ac.svg\" class=\"tex\" style=\"vertical-align:-10.0pt\" alt=\" дробь: чис­ли­тель: S_AEO, зна­ме­на­тель: S_ABD конец дроби = дробь: чис­ли­тель: AE, зна­ме­на­тель: AB конец дроби умно­жить на дробь: чис­ли­тель: AO, зна­ме­на­тель: AD конец дроби = дробь: чис­ли­тель: 2, зна­ме­на­тель: 8 конец дроби умно­жить на дробь: чис­ли­тель: 8, зна­ме­на­тель: 11 конец дроби = дробь: чис­ли­тель: 2, зна­ме­на­тель: 11 конец дроби . \"></p><p class=\"left_margin\"></p></center><p> Зна­чит, </p><p class=\"left_margin\"></p><center><p><img src=\"https://ege.sdamgia.ru/formula/svg/a1/a145fe698bdc453f64f8ec4fc9d80584.svg\" class=\"tex\" style=\"vertical-align:-10.0pt\" alt=\" дробь: чис­ли­тель: S_BDOE, зна­ме­на­тель: S_ABD конец дроби =1 минус дробь: чис­ли­тель: 2, зна­ме­на­тель: 11 конец дроби = дробь: чис­ли­тель: 9, зна­ме­на­тель: 11 конец дроби . \"></p><p class=\"left_margin\"></p></center><p class=\"left_margin\">Тре­уголь­ни­ки <i>ABD</i> и <i>ABC</i> имеют общую вы­со­ту, про­ве­ден­ную из вер­ши­ны <i>A</i>, по­это­му их пло­ща­ди от­но­сят­ся, как сто­ро­ны <i>BD</i> и <i>BC</i>:</p><p class=\"left_margin\"></p><center><p><img src=\"https://ege.sdamgia.ru/formula/svg/fe/fe336f533a05b7e46fa6bd070a0ab8f2.svg\" class=\"tex\" style=\"vertical-align:-10.0pt\" alt=\" дробь: чис­ли­тель: S_ABD, зна­ме­на­тель: S_ABC конец дроби = дробь: чис­ли­тель: BD, зна­ме­на­тель: BC конец дроби = дробь: чис­ли­тель: 7, зна­ме­на­тель: 8 конец дроби . \"></p><p class=\"left_margin\"></p></center><p> Зна­чит, </p><p class=\"left_margin\"></p><center><p><img src=\"https://ege.sdamgia.ru/formula/svg/40/4056954a792e7972e2106691021f505c.svg\" class=\"tex\" style=\"vertical-align:-10.0pt\" alt=\" дробь: чис­ли­тель: S_BDOE, зна­ме­на­тель: S_ABC конец дроби = дробь: чис­ли­тель: 9, зна­ме­на­тель: 11 конец дроби умно­жить на дробь: чис­ли­тель: 7, зна­ме­на­тель: 8 конец дроби = дробь: чис­ли­тель: 63, зна­ме­на­тель: 88 конец дроби . \"></p><p class=\"left_margin\"></p></center><p class=\"left_margin\">Най­дем пло­щадь тре­уголь­ни­ка <i>ABC</i>: </p><p class=\"left_margin\"></p><center><p><img src=\"https://ege.sdamgia.ru/formula/svg/4e/4e26903167cacde690e5602552744b3d.svg\" class=\"tex\" style=\"vertical-align:-8.4pt\" alt=\"S_ABC= дробь: чис­ли­тель: 1, зна­ме­на­тель: 2 конец дроби умно­жить на 6 умно­жить на ко­рень из: на­ча­ло ар­гу­мен­та: 8 в квад­ра­те минус 3 в квад­ра­те конец ар­гу­мен­та =3 ко­рень из: на­ча­ло ар­гу­мен­та: 55 конец ар­гу­мен­та .\"></p><p class=\"left_margin\"></p></center><p> Тогда для ис­ко­мой пло­ща­ди че­ты­рех­уголь­ни­ка <i>BDOE</i> по­лу­ча­ем:</p><p class=\"left_margin\"></p><center><p><img src=\"https://ege.sdamgia.ru/formula/svg/97/975fb4dca8fe7fcfc489c7dc8212685a.svg\" class=\"tex\" style=\"vertical-align:-8.5pt\" alt=\"S_BDOE= дробь: чис­ли­тель: 63, зна­ме­на­тель: 88 конец дроби умно­жить на 3 ко­рень из: на­ча­ло ар­гу­мен­та: 55 конец ар­гу­мен­та = дробь: чис­ли­тель: 189 ко­рень из: на­ча­ло ар­гу­мен­та: 55 конец ар­гу­мен­та , зна­ме­на­тель: 88 конец дроби . \"></p><p class=\"left_margin\"></p></center><p><span style=\"letter-spacing: 2px;\">Ответ:</span> б) <img src=\"https://ege.sdamgia.ru/formula/svg/bd/bde6fe9a0724df9760a8f3ec54a428c2.svg\" class=\"tex\" style=\"vertical-align:-8.5pt\" alt=\" дробь: чис­ли­тель: 189 ко­рень из: на­ча­ло ар­гу­мен­та: 55 конец ар­гу­мен­та , зна­ме­на­тель: 88 конец дроби . \"></p></div>",
        "image_urls": [
            "https://ege.sdamgia.ru/formula/svg/1d/1da7044bfe8d185a44626670722816f7.svg",
            "https://ege.sdamgia.ru/formula/svg/61/6116bc0561eecfa060004fdaa505a254.svg",
            "https://ege.sdamgia.ru/formula/svg/f5/f56d1108df7054345207e184eb89c687.svg",
            "https://ege.sdamgia.ru/formula/svg/06/06354f9d82de9ce583e25f0ec0fdc4ac.svg",
            "https://ege.sdamgia.ru/formula/svg/a1/a145fe698bdc453f64f8ec4fc9d80584.svg",
            "https://ege.sdamgia.ru/formula/svg/fe/fe336f533a05b7e46fa6bd070a0ab8f2.svg",
            "https://ege.sdamgia.ru/formula/svg/40/4056954a792e7972e2106691021f505c.svg",
            "https://ege.sdamgia.ru/formula/svg/4e/4e26903167cacde690e5602552744b3d.svg",
            "https://ege.sdamgia.ru/formula/svg/97/975fb4dca8fe7fcfc489c7dc8212685a.svg",
            "https://ege.sdamgia.ru/formula/svg/bd/bde6fe9a0724df9760a8f3ec54a428c2.svg",
            "/get_file?id=147863"
        ]
    },
    "answer": "б)",
    "topic_id": 17,
    "analog_ids": []
}