{
    "gia_type": "ege",
    "subject": "math",
    "id": 556486,
    "condition": {
        "text": "Отрезки  AK,  BL,  CN  — высоты  остроугольного  треугольника  АВС.  Точки  Р  и  Q  — проекции точки N на стороны АС и ВС соответственно. а)  Докажите, что прямые PQ и KL параллельны. б)   Найдите  площадь  четырехугольника  PQKL,  если  известно,  что  CN  =  12,  AC  =  13, BC  =  15.",
        "html": "<div align=\"justify\" width=\"100%\" id=\"body398138\" class=\"pbody\"><p class=\"left_margin\">От­рез­ки  <i>AK</i>,  <i>BL</i>,  <i>CN</i>  — вы­со­ты  ост­ро­уголь­но­го  тре­уголь­ни­ка  <i>АВС</i>.  Точки  <i>Р</i>  и  <i>Q</i>  — про­ек­ции точки <i>N</i> на сто­ро­ны <i>АС</i> и <i>ВС</i> со­от­вет­ствен­но. </p><p class=\"left_margin\">а)  До­ка­жи­те, что пря­мые <i>PQ</i> и <i>KL</i> па­рал­лель­ны. </p><p class=\"left_margin\">б)   Най­ди­те  пло­щадь  че­ты­рех­уголь­ни­ка  <i>PQKL</i>,  если  из­вест­но,  что  <i>CN</i>  =  12,  <i>AC</i>  =  13, <i>BC</i>  =  15.</p></div>",
        "image_urls": []
    },
    "solution": {
        "text": "Решение. а)  Пусть H  — точка пересечения высот треугольника ABC. Четырехугольник HKCL вписан в окружность с диаметром HC, поэтому углы HLK и HCK равны как вписанные. Аналогично: четырехугольник NPCQ вписан в окружность с диаметром NC, поэтому углы NPQ и NCQ равны как вписанные. Итак, углы NPQ и HLK равны, а значит, равны и углы QPC и KLC. Таким образом, прямая QP параллельна прямой KL.б)  По теореме Пифагора   Имеем: Далее получаем:Теперь найдём площадь четырехугольника PQKL:Ответ: б) ",
        "html": "<div align=\"justify\" width=\"100%\" id=\"sol556486\" class=\"solution\" style=\"clear:both;\" class=\"pbody\"><p class=\"left_margin\"></p><b>Ре­ше­ние<!--rule_info-->. </b><p class=\"left_margin\"><img src=\"/get_file?id=147866\" style=\"float:right;margin:10px;max-width:100%\"></p><p class=\"left_margin\">а)  Пусть <i>H</i>  — точка пе­ре­се­че­ния высот тре­уголь­ни­ка <i>ABC</i>. Че­ты­рех­уголь­ник <i>HKCL</i> впи­сан в окруж­ность с диа­мет­ром <i>HC</i>, по­это­му углы <i>HLK</i> и <i>HCK</i> равны как впи­сан­ные. Ана­ло­гич­но: че­ты­рех­уголь­ник <i>NPCQ</i> впи­сан в окруж­ность с диа­мет­ром <i>NC</i>, по­это­му углы <i>NPQ</i> и <i>NCQ</i> равны как впи­сан­ные. Итак, углы <i>NPQ</i> и <i>HLK</i> равны, а зна­чит, равны и углы <i>QPC</i> и <i>KLC</i>. Таким об­ра­зом, пря­мая <i>QP</i> па­рал­лель­на пря­мой <i>KL</i>.</p><p class=\"left_margin\">б)  По тео­ре­ме Пи­фа­го­ра <img src=\"https://ege.sdamgia.ru/formula/svg/96/96cfbaededb92fabf33a325629c38c52.svg\" class=\"tex\" style=\"vertical-align:-3.0pt\" alt=\"AN=5,\"> <img src=\"https://ege.sdamgia.ru/formula/svg/6f/6f6d267e34784d0f5f90da0c5d42297c.svg\" class=\"tex\" style=\"vertical-align:-1.8pt\" alt=\"BN=9.\"> Имеем:</p><p class=\"left_margin\"></p><center><p><img src=\"https://ege.sdamgia.ru/formula/svg/41/41dfd7e12ba8b787f7922b176e59bd80.svg\" class=\"tex\" style=\"vertical-align:-8.4pt\" alt=\" ко­си­нус ACB= дробь: чис­ли­тель: 12, зна­ме­на­тель: 13 конец дроби умно­жить на дробь: чис­ли­тель: 12, зна­ме­на­тель: 15 конец дроби минус дробь: чис­ли­тель: 5, зна­ме­на­тель: 13 конец дроби умно­жить на дробь: чис­ли­тель: 9, зна­ме­на­тель: 15 конец дроби = дробь: чис­ли­тель: 33, зна­ме­на­тель: 65 конец дроби , \"> <img src=\"https://ege.sdamgia.ru/formula/svg/66/669889425fea3b59c9dc8415ef409b04.svg\" class=\"tex\" style=\"vertical-align:-8.4pt\" alt=\" синус ACB= дробь: чис­ли­тель: 56, зна­ме­на­тель: 65 конец дроби . \"></p><p class=\"left_margin\"></p></center><p class=\"left_margin\">Далее по­лу­ча­ем:</p><p class=\"left_margin\"></p><center><p><img src=\"https://ege.sdamgia.ru/formula/svg/fd/fdaba0fea9529648af852b2f3b3ee222.svg\" class=\"tex\" style=\"vertical-align:-8.5pt\" alt=\"PC=CN умно­жить на ко­си­нус NCP=12 умно­жить на дробь: чис­ли­тель: 12, зна­ме­на­тель: 13 конец дроби = дробь: чис­ли­тель: 144, зна­ме­на­тель: 13 конец дроби , \"></p><p><img src=\"https://ege.sdamgia.ru/formula/svg/d6/d6731c90588ee800b007ad32e2a9b0a0.svg\" class=\"tex\" style=\"vertical-align:-8.5pt\" alt=\"QC=CN умно­жить на ко­си­нус QCN=12 умно­жить на дробь: чис­ли­тель: 12, зна­ме­на­тель: 15 конец дроби = дробь: чис­ли­тель: 48, зна­ме­на­тель: 5 конец дроби , \"></p><p><img src=\"https://ege.sdamgia.ru/formula/svg/23/23dee612c2af99d739defdeb415a6868.svg\" class=\"tex\" style=\"vertical-align:-8.5pt\" alt=\"CL=BC умно­жить на ко­си­нус ACB=15 умно­жить на дробь: чис­ли­тель: 33, зна­ме­на­тель: 65 конец дроби = дробь: чис­ли­тель: 99, зна­ме­на­тель: 13 конец дроби , \"></p><p><img src=\"https://ege.sdamgia.ru/formula/svg/40/403d34b84811b8243ec73b3d5dad1296.svg\" class=\"tex\" style=\"vertical-align:-8.5pt\" alt=\"CK=13 умно­жить на дробь: чис­ли­тель: 33, зна­ме­на­тель: 65 конец дроби = дробь: чис­ли­тель: 33, зна­ме­на­тель: 5 конец дроби . \"></p><p class=\"left_margin\"></p></center><p class=\"left_margin\">Те­перь найдём пло­щадь че­ты­рех­уголь­ни­ка <i>PQKL</i>:</p><p class=\"left_margin\"></p><center><p><img src=\"https://ege.sdamgia.ru/formula/svg/05/055cc9c3c38c00451ae492790eb45c19.svg\" class=\"tex\" style=\"vertical-align:-8.4pt\" alt=\"S_PLKQ=S_PCQ минус S_CLK= дробь: чис­ли­тель: 1, зна­ме­на­тель: 2 конец дроби умно­жить на дробь: чис­ли­тель: 144, зна­ме­на­тель: 13 конец дроби умно­жить на дробь: чис­ли­тель: 48, зна­ме­на­тель: 5 конец дроби умно­жить на дробь: чис­ли­тель: 56, зна­ме­на­тель: 65 конец дроби минус дробь: чис­ли­тель: 1, зна­ме­на­тель: 2 конец дроби умно­жить на дробь: чис­ли­тель: 99, зна­ме­на­тель: 13 конец дроби умно­жить на дробь: чис­ли­тель: 33, зна­ме­на­тель: 5 конец дроби умно­жить на дробь: чис­ли­тель: 56, зна­ме­на­тель: 65 конец дроби = \"></p><p><img src=\"https://ege.sdamgia.ru/formula/svg/61/615f0579cd8ef5843eedf8c623e53051.svg\" class=\"tex\" style=\"vertical-align:-8.4pt\" alt=\"= дробь: чис­ли­тель: 1, зна­ме­на­тель: 2 конец дроби умно­жить на дробь: чис­ли­тель: 3, зна­ме­на­тель: 65 конец дроби умно­жить на дробь: чис­ли­тель: 56, зна­ме­на­тель: 65 конец дроби умно­жить на левая круг­лая скоб­ка 48 в квад­ра­те минус 33 в квад­ра­те пра­вая круг­лая скоб­ка = дробь: чис­ли­тель: 1, зна­ме­на­тель: 2 конец дроби умно­жить на дробь: чис­ли­тель: 3, зна­ме­на­тель: 65 конец дроби умно­жить на 5665 умно­жить на 81 умно­жить на 15= дробь: чис­ли­тель: 20412, зна­ме­на­тель: 845 конец дроби . \"></p><p class=\"left_margin\"></p></center><p><span style=\"letter-spacing: 2px;\">Ответ:</span> б) <img src=\"https://ege.sdamgia.ru/formula/svg/10/10e3e9988bb08281c09417ba3f3f9795.svg\" class=\"tex\" style=\"vertical-align:-8.5pt\" alt=\" дробь: чис­ли­тель: 20412, зна­ме­на­тель: 845 конец дроби . \"></p></div>",
        "image_urls": [
            "https://ege.sdamgia.ru/formula/svg/96/96cfbaededb92fabf33a325629c38c52.svg",
            "https://ege.sdamgia.ru/formula/svg/6f/6f6d267e34784d0f5f90da0c5d42297c.svg",
            "https://ege.sdamgia.ru/formula/svg/41/41dfd7e12ba8b787f7922b176e59bd80.svg",
            "https://ege.sdamgia.ru/formula/svg/66/669889425fea3b59c9dc8415ef409b04.svg",
            "https://ege.sdamgia.ru/formula/svg/fd/fdaba0fea9529648af852b2f3b3ee222.svg",
            "https://ege.sdamgia.ru/formula/svg/d6/d6731c90588ee800b007ad32e2a9b0a0.svg",
            "https://ege.sdamgia.ru/formula/svg/23/23dee612c2af99d739defdeb415a6868.svg",
            "https://ege.sdamgia.ru/formula/svg/40/403d34b84811b8243ec73b3d5dad1296.svg",
            "https://ege.sdamgia.ru/formula/svg/05/055cc9c3c38c00451ae492790eb45c19.svg",
            "https://ege.sdamgia.ru/formula/svg/61/615f0579cd8ef5843eedf8c623e53051.svg",
            "https://ege.sdamgia.ru/formula/svg/10/10e3e9988bb08281c09417ba3f3f9795.svg",
            "/get_file?id=147866"
        ]
    },
    "answer": "б)",
    "topic_id": 17,
    "analog_ids": []
}