{
    "gia_type": "ege",
    "subject": "math",
    "id": 556588,
    "condition": {
        "text": "В треугольнике ABC на продолжении стороны AC за вершину A отложен отрезок AD, равный стороне AB. Прямая, проходящая через точку A параллельно BD, пересекает сторону BC в точке M.а)  Докажите, что AM  — биссектриса угла BAC.б)  Найдите площадь трапеции AMBD, если площадь треугольника ABC равна 216 и известно отношение AC : AB  =  5 : 4.",
        "html": "<div align=\"justify\" width=\"100%\" id=\"body397520\" class=\"pbody\"><p class=\"left_margin\">В тре­уголь­ни­ке <i>ABC</i> на про­дол­же­нии сто­ро­ны <i>AC</i> за вер­ши­ну <i>A</i> от­ло­жен от­ре­зок <i>AD</i>, рав­ный сто­ро­не <i>AB</i>. Пря­мая, про­хо­дя­щая через точку <i>A</i> па­рал­лель­но <i>BD</i>, пе­ре­се­ка­ет сто­ро­ну <i>BC</i> в точке <i>M</i>.</p><p class=\"left_margin\">а)  До­ка­жи­те, что <i>AM</i>  — бис­сек­три­са угла <i>BAC</i>.</p><p class=\"left_margin\">б)  Най­ди­те пло­щадь тра­пе­ции <i>AMBD</i>, если пло­щадь тре­уголь­ни­ка <i>ABC</i> равна 216 и из­вест­но от­но­ше­ние <i>AC</i> : <i>AB</i>  =  5 : 4.</p></div>",
        "image_urls": []
    },
    "solution": {
        "text": "Решение. а)  Обозначим  По теореме о внешнем угле треугольника  Треугольник ABD равнобедренный, поэтому   а так как AM параллельна BD,Следовательно, AM  — биссектриса угла BAC.б)  По свойству биссектрисы треугольника  значит,Tреугольник DCB подобен треугольнику ACM с коэффициентом  поэтомуСледовательно,Ответ: 268,8.",
        "html": "<div align=\"justify\" width=\"100%\" id=\"sol556588\" class=\"solution\" style=\"clear:both;\" class=\"pbody\"><p class=\"left_margin\"></p><b>Ре­ше­ние<!--rule_info-->. </b><p class=\"left_margin\"><img src=\"/get_file?id=147867\" style=\"float:right;margin:10px;max-width:100%\"></p><p class=\"left_margin\">а)  Обо­зна­чим <img src=\"https://ege.sdamgia.ru/formula/svg/4c/4c7e037fd99110252e3e60d11819c628.svg\" class=\"tex\" style=\"vertical-align:-1.8pt\" alt=\"\\angle BAC= альфа .\"> По тео­ре­ме о внеш­нем угле тре­уголь­ни­ка <img src=\"https://ege.sdamgia.ru/formula/svg/95/95b58d06f345ad9b9b3fc22ade6b22e8.svg\" class=\"tex\" style=\"vertical-align:-1.8pt\" alt=\"\\angle ABD плюс \\angle ADB = альфа .\"> Тре­уголь­ник <i>ABD</i> рав­но­бед­рен­ный, по­это­му <img src=\"https://ege.sdamgia.ru/formula/svg/da/da5255d4b71b1cdb7642cd181fb6b068.svg\" class=\"tex\" style=\"vertical-align:-8.4pt\" alt=\"\\angle ADB=\\angle ABD= дробь: чис­ли­тель: альфа , зна­ме­на­тель: 2 конец дроби , \">  а так как <i>AM</i> па­рал­лель­на <i>BD</i>,</p><p class=\"left_margin\"></p><center><p><img src=\"https://ege.sdamgia.ru/formula/svg/8e/8e0ec6bdb440302ec02ea7a3dc08a6f1.svg\" class=\"tex\" style=\"vertical-align:-8.4pt\" alt=\"\\angle MAC=\\angle BDC= дробь: чис­ли­тель: альфа , зна­ме­на­тель: 2 конец дроби = дробь: чис­ли­тель: 1, зна­ме­на­тель: 2 конец дроби \\angle BAC. \"></p><p class=\"left_margin\"></p></center><p class=\"left_margin\">Сле­до­ва­тель­но, <i>AM</i>  — бис­сек­три­са угла <i>BAC</i>.</p><p class=\"left_margin\">б)  По свой­ству бис­сек­три­сы тре­уголь­ни­ка <img src=\"https://ege.sdamgia.ru/formula/svg/bb/bb18a168d7c81e49f30869ab6b553e0e.svg\" class=\"tex\" style=\"vertical-align:-8.3pt\" alt=\" дробь: чис­ли­тель: CM, зна­ме­на­тель: MB конец дроби = дробь: чис­ли­тель: AC, зна­ме­на­тель: AB конец дроби = дробь: чис­ли­тель: 5, зна­ме­на­тель: 4 конец дроби , \"> зна­чит,</p><p class=\"left_margin\"></p><center><p><img src=\"https://ege.sdamgia.ru/formula/svg/a0/a07ba4aecc22eb805de0570d2f2cc970.svg\" class=\"tex\" style=\"vertical-align:-10.0pt\" alt=\" дробь: чис­ли­тель: S_ACM, зна­ме­на­тель: S_ABC конец дроби = дробь: чис­ли­тель: CM, зна­ме­на­тель: CB конец дроби = дробь: чис­ли­тель: 5, зна­ме­на­тель: 9 конец дроби рав­но­силь­но S_ACM= дробь: чис­ли­тель: 5, зна­ме­на­тель: 9 конец дроби S_ABC= дробь: чис­ли­тель: 5, зна­ме­на­тель: 9 конец дроби умно­жить на 216=120. \"></p><p class=\"left_margin\"></p></center><p class=\"left_margin\">Tре­уголь­ник <i>DCB</i> по­до­бен тре­уголь­ни­ку <i>ACM</i> с ко­эф­фи­ци­ен­том <img src=\"https://ege.sdamgia.ru/formula/svg/4e/4ec56e436b59d78504a963111d87a1ee.svg\" class=\"tex\" style=\"vertical-align:-8.5pt\" alt=\" дробь: чис­ли­тель: 9, зна­ме­на­тель: 5 конец дроби ,\"> по­это­му</p><p class=\"left_margin\"></p><center><p><img src=\"https://ege.sdamgia.ru/formula/svg/6c/6c17491b04943f5410d5d7b0e0b1909f.svg\" class=\"tex\" style=\"vertical-align:-11.2pt\" alt=\"S_DCB= левая круг­лая скоб­ка дробь: чис­ли­тель: 9, зна­ме­на­тель: 5 конец дроби пра­вая круг­лая скоб­ка в квад­ра­те S_ACM= дробь: чис­ли­тель: 81, зна­ме­на­тель: 25 конец дроби умно­жить на 120=388,8. \"></p><p class=\"left_margin\"></p></center><p class=\"left_margin\">Сле­до­ва­тель­но,</p><p class=\"left_margin\"></p><center><p><img src=\"https://ege.sdamgia.ru/formula/svg/3f/3fb8ee6e6569d7cc3b3f69527843ecbd.svg\" class=\"tex\" style=\"vertical-align:-3.0pt\" alt=\"S_AMBD=S_DCB минус S_ACM=388,8 минус 120=268,8.\"></p><p class=\"left_margin\"></p></center><p><span style=\"letter-spacing: 2px;\">Ответ:</span> 268,8.</p></div>",
        "image_urls": [
            "https://ege.sdamgia.ru/formula/svg/4c/4c7e037fd99110252e3e60d11819c628.svg",
            "https://ege.sdamgia.ru/formula/svg/95/95b58d06f345ad9b9b3fc22ade6b22e8.svg",
            "https://ege.sdamgia.ru/formula/svg/da/da5255d4b71b1cdb7642cd181fb6b068.svg",
            "https://ege.sdamgia.ru/formula/svg/8e/8e0ec6bdb440302ec02ea7a3dc08a6f1.svg",
            "https://ege.sdamgia.ru/formula/svg/bb/bb18a168d7c81e49f30869ab6b553e0e.svg",
            "https://ege.sdamgia.ru/formula/svg/a0/a07ba4aecc22eb805de0570d2f2cc970.svg",
            "https://ege.sdamgia.ru/formula/svg/4e/4ec56e436b59d78504a963111d87a1ee.svg",
            "https://ege.sdamgia.ru/formula/svg/6c/6c17491b04943f5410d5d7b0e0b1909f.svg",
            "https://ege.sdamgia.ru/formula/svg/3f/3fb8ee6e6569d7cc3b3f69527843ecbd.svg",
            "/get_file?id=147867"
        ]
    },
    "answer": "268,8.",
    "topic_id": 17,
    "analog_ids": [
        556588,
        556596
    ]
}