{
    "gia_type": "ege",
    "subject": "math",
    "id": 557245,
    "condition": {
        "text": "Точки  E  и  F  расположены  соответственно  на  стороне  ВС  и  высоте  ВР остроугольного  треугольника  АВС  так,  что AP  =  3,  BE : EC  =  10 : 1, а треугольник AEF является равносторонним. а)  Докажите, что ортогональная проекция точки Е на АС делит отрезок АС в отношении 1 : 16, считая от вершины С. б)  Найдите площадь треугольника AEF.",
        "html": "<div align=\"justify\" width=\"100%\" id=\"body454209\" class=\"pbody\"><p class=\"left_margin\">Точки  <i>E</i>  и  <i>F</i>  рас­по­ло­же­ны  со­от­вет­ствен­но  на  сто­ро­не  <i>ВС</i>  и  вы­со­те  <i>ВР</i> ост­ро­уголь­но­го  тре­уголь­ни­ка  <i>АВС</i>  так,  что <i>AP</i>  =  3, <img src=\"https://ege.sdamgia.ru/formula/svg/de/decb04f668b640ba8482f4c598928463.svg\" class=\"tex\" style=\"vertical-align:-8.4pt\" alt=\"PC= дробь: чис­ли­тель: 11, зна­ме­на­тель: 2 конец дроби , \"> <i>BE</i> : <i>EC</i>  =  10 : 1, а тре­уголь­ник <i>AEF</i> яв­ля­ет­ся рав­но­сто­рон­ним. </p><p class=\"left_margin\">а)  До­ка­жи­те, что ор­то­го­наль­ная про­ек­ция точки <i>Е</i> на <i>АС</i> делит от­ре­зок <i>АС</i> в от­но­ше­нии 1 : 16, счи­тая от вер­ши­ны <i>С</i>. </p><p class=\"left_margin\">б)  Най­ди­те пло­щадь тре­уголь­ни­ка <i>AEF</i>.</p></div>",
        "image_urls": [
            "https://ege.sdamgia.ru/formula/svg/de/decb04f668b640ba8482f4c598928463.svg"
        ]
    },
    "solution": {
        "text": "Решение. а)  Пусть H  — проекция точки E на AC. Тогда по теореме о пропорциональных отрезках  Таким образом,  поэтому   Что и требовалось доказать.б)  Пусть    Тогда из теоремы Пифагора получаем, что     Выразим из этой системы y через x. Имеем  значит,  Отсюда  то есть  Окончательно получаем уравнение Решая это уравнение, получаем что  поэтому  Для получения ответа заметим, что площадь равностороннего треугольника со стороной z равна  Ответ:  Приведем решение пункта б) Ирины Шраго.Пусть K  — точка пересечения отрезков BP и AE. В соответствии с пунктом а)  Пусть  тогдаВ треугольнике AFK по теореме синусов Тогда  Из прямоугольного треугольника AFP получим Площадь равностороннего треугольника равна: ",
        "html": "<div align=\"justify\" width=\"100%\" id=\"sol557245\" class=\"solution\" style=\"clear:both;\" class=\"pbody\"><p class=\"left_margin\"></p><b>Ре­ше­ние<!--rule_info-->. </b><p class=\"left_margin\"><img src=\"/get_file?id=147870\" style=\"float:right;margin:10px;max-width:100%\"></p><p class=\"left_margin\">а)  Пусть <i>H</i>  — про­ек­ция точки <i>E</i> на <i>AC</i>. Тогда по тео­ре­ме о про­пор­ци­о­наль­ных от­рез­ках </p><p class=\"left_margin\"></p><center><p><img src=\"https://ege.sdamgia.ru/formula/svg/64/640685346107aff42f4ca37f8eaf302f.svg\" class=\"tex\" style=\"vertical-align:-1.8pt\" alt=\"PH:HC=BE:EC=10:1.\"></p><p class=\"left_margin\"></p></center><p> Таким об­ра­зом, <img src=\"https://ege.sdamgia.ru/formula/svg/6b/6b6b8f9e44003a280fc75c87fb0b514e.svg\" class=\"tex\" style=\"vertical-align:-8.4pt\" alt=\"HC= дробь: чис­ли­тель: 1, зна­ме­на­тель: 11 конец дроби умно­жить на PC= дробь: чис­ли­тель: 1, зна­ме­на­тель: 2 конец дроби . \"> по­это­му </p><p class=\"left_margin\"></p><center><p><img src=\"https://ege.sdamgia.ru/formula/svg/7b/7b95d7eeb6ab62e411bde7bbf605d4fa.svg\" class=\"tex\" style=\"vertical-align:-8.4pt\" alt=\"CH:HA= дробь: чис­ли­тель: 1, зна­ме­на­тель: 2 конец дроби : левая круг­лая скоб­ка 3 плюс 5 пра­вая круг­лая скоб­ка =1:16. \"> </p><p class=\"left_margin\"></p></center><p> Что и тре­бо­ва­лось до­ка­зать.</p><p class=\"left_margin\">б)  Пусть </p><p class=\"left_margin\"></p><center><p><img src=\"https://ege.sdamgia.ru/formula/svg/ec/ec480f8701c0c76c078e1e0762c21d90.svg\" class=\"tex\" style=\"vertical-align:-3.0pt\" alt=\"EH=x,\"> <img src=\"https://ege.sdamgia.ru/formula/svg/d7/d7ea280df014adbe4077d233184ebb11.svg\" class=\"tex\" style=\"vertical-align:-3.0pt\" alt=\"FP=y,\"> <img src=\"https://ege.sdamgia.ru/formula/svg/d2/d2c84baebfe6114855fe94600152ada9.svg\" class=\"tex\" style=\"vertical-align:-1.9pt\" alt=\"AE=z.\"></p><p class=\"left_margin\"></p></center><p> Тогда из тео­ре­мы Пи­фа­го­ра по­лу­ча­ем, что </p><p class=\"left_margin\"></p><center><p><img src=\"https://ege.sdamgia.ru/formula/svg/c4/c4b348bb1a99e7ce6e6c5c97df093a52.svg\" class=\"tex\" style=\"vertical-align:-3.0pt\" alt=\"z в квад­ра­те =8 в квад­ра­те плюс x в квад­ра­те ,\"> <img src=\"https://ege.sdamgia.ru/formula/svg/e8/e8687889bf86b69af6ce881533089cf5.svg\" class=\"tex\" style=\"vertical-align:-3.0pt\" alt=\"z в квад­ра­те =3 в квад­ра­те плюс y в квад­ра­те ,\"> <img src=\"https://ege.sdamgia.ru/formula/svg/a8/a83bcc7a28e4833dda932d9d3795bf04.svg\" class=\"tex\" style=\"vertical-align:-3.6pt\" alt=\"z в квад­ра­те =5 в квад­ра­те плюс левая круг­лая скоб­ка y минус x пра­вая круг­лая скоб­ка в квад­ра­те .\"> </p><p class=\"left_margin\"></p></center><p> Вы­ра­зим из этой си­сте­мы <i>y</i> через <i>x</i>. Имеем <img src=\"https://ege.sdamgia.ru/formula/svg/42/42d44c2e8bba3d59c325d2441f62478d.svg\" class=\"tex\" style=\"vertical-align:-3.0pt\" alt=\"x в квад­ра­те плюс 55=y в квад­ра­те ,\"> зна­чит, </p><p class=\"left_margin\"></p><center><p><img src=\"https://ege.sdamgia.ru/formula/svg/f4/f4023ed38ad843fed9755b622eee5b4f.svg\" class=\"tex\" style=\"vertical-align:-3.0pt\" alt=\"64 плюс x в квад­ра­те =25 плюс x в квад­ра­те минус 2xy плюс x в квад­ра­те плюс 55.\"></p><p class=\"left_margin\"></p></center><p> От­сю­да <img src=\"https://ege.sdamgia.ru/formula/svg/53/53692173b9b628cd46e59aa95e3cfc39.svg\" class=\"tex\" style=\"vertical-align:-3.0pt\" alt=\"2xy=x в квад­ра­те плюс 16,\"> то есть <img src=\"https://ege.sdamgia.ru/formula/svg/ea/ea669a3c8b7afabaf6681edf59309032.svg\" class=\"tex\" style=\"vertical-align:-8.5pt\" alt=\"y= дробь: чис­ли­тель: x, зна­ме­на­тель: 2 конец дроби плюс дробь: чис­ли­тель: 8, зна­ме­на­тель: x конец дроби . \"> Окон­ча­тель­но по­лу­ча­ем урав­не­ние </p><p class=\"left_margin\"></p><center><p><img src=\"https://ege.sdamgia.ru/formula/svg/58/5872c42bedb44dcbd701cf1e288224fa.svg\" class=\"tex\" style=\"vertical-align:-8.5pt\" alt=\"x в квад­ра­те плюс 55= дробь: чис­ли­тель: x в квад­ра­те , зна­ме­на­тель: 4 конец дроби плюс 8 плюс дробь: чис­ли­тель: 64, зна­ме­на­тель: x в квад­ра­те конец дроби . \"></p><p class=\"left_margin\"></p></center><p class=\"left_margin\">Решая это урав­не­ние, по­лу­ча­ем что <img src=\"https://ege.sdamgia.ru/formula/svg/db/db0966dff9ca360c0e59ee3f3e761448.svg\" class=\"tex\" style=\"vertical-align:-8.5pt\" alt=\"x в квад­ра­те = дробь: чис­ли­тель: 4, зна­ме­на­тель: 3 конец дроби ,\"> по­это­му <img src=\"https://ege.sdamgia.ru/formula/svg/e0/e0a3c64d8994fe05807280c91ec80bd0.svg\" class=\"tex\" style=\"vertical-align:-8.4pt\" alt=\"z в квад­ра­те = дробь: чис­ли­тель: 196, зна­ме­на­тель: 3 конец дроби . \"> Для по­лу­че­ния от­ве­та за­ме­тим, что пло­щадь рав­но­сто­рон­не­го тре­уголь­ни­ка со сто­ро­ной <i>z</i> равна <img src=\"https://ege.sdamgia.ru/formula/svg/1e/1eb454d106d294f75219c3478a89dfc4.svg\" class=\"tex\" style=\"vertical-align:-8.5pt\" alt=\" дробь: чис­ли­тель: ко­рень из: на­ча­ло ар­гу­мен­та: 3 конец ар­гу­мен­та z в квад­ра­те , зна­ме­на­тель: 4 конец дроби . \"></p><p>&nbsp;</p><p><span style=\"letter-spacing: 2px;\">Ответ:</span> <img src=\"https://ege.sdamgia.ru/formula/svg/27/27c14219c3e8d403e033940e2000c225.svg\" class=\"tex\" style=\"vertical-align:-8.6pt\" alt=\" дробь: чис­ли­тель: 49 ко­рень из: на­ча­ло ар­гу­мен­та: 3 конец ар­гу­мен­та , зна­ме­на­тель: 3 конец дроби . \"></p><p>&nbsp;</p><p><b>При­ве­дем ре­ше­ние пунк­та б) Ирины Шраго.</b></p><p class=\"left_margin\">Пусть <i>K</i>  — точка пе­ре­се­че­ния от­рез­ков <i>BP</i> и <i>AE</i>. В со­от­вет­ствии с пунк­том а) <img src=\"https://ege.sdamgia.ru/formula/svg/b9/b908dbdf517e20fb9e304648d1c1c6ba.svg\" class=\"tex\" style=\"vertical-align:-1.8pt\" alt=\"AK:AE=AP:AH=3:8.\"> Пусть <img src=\"https://ege.sdamgia.ru/formula/svg/57/577363af03c4e2931da8245ec8724fbd.svg\" class=\"tex\" style=\"vertical-align:-3.0pt\" alt=\"\\angle AFK= альфа ,\"> тогда</p><p class=\"left_margin\"></p><center><p><span data-width=\"640\" data-formulahash=\"172b1430672f40344d29af5739e2c5f0\" class=\"tex-span\" style=\"\"><img src=\"https://ege.sdamgia.ru/formula/svg/17/172b1430672f40344d29af5739e2c5f0.svg\" class=\"tex\" style=\"vertical-align:-8.4pt\" alt=\"\\angle FKA=120 гра­ду­сов минус альфа , синус \\angle FKA= синус 120 гра­ду­сов ко­си­нус альфа минус синус \\apha ко­си­нус 120 гра­ду­сов = дробь: чис­ли­тель: ко­рень из: на­ча­ло ар­гу­мен­та: 3 конец ар­гу­мен­та , зна­ме­на­тель: 2 конец дроби ко­си­нус альфа плюс дробь: чис­ли­тель: 1, зна­ме­на­тель: 2 конец дроби синус альфа . \"></span><span data-width=\"515\" data-formulahash=\"172b1430672f40344d29af5739e2c5f0\" class=\"tex-span\" style=\"display:none\"><img src=\"https://ege.sdamgia.ru/formula/svg/82/8251aebd7bd86cc90601034f2fa86048.svg\" class=\"tex\" style=\"vertical-align:-3.0pt\" alt=\"\\angle FKA=120 гра­ду­сов минус альфа , синус \\angle FKA=\"><br><img src=\"https://ege.sdamgia.ru/formula/svg/96/9626434060fe01a3179ec268ad69e57a.svg\" class=\"tex\" style=\"vertical-align:-8.5pt\" alt=\"= синус 120 гра­ду­сов ко­си­нус альфа минус синус \\apha ко­си­нус 120 гра­ду­сов = дробь: чис­ли­тель: ко­рень из: на­ча­ло ар­гу­мен­та: 3 конец ар­гу­мен­та , зна­ме­на­тель: 2 конец дроби ко­си­нус альфа плюс дробь: чис­ли­тель: 1, зна­ме­на­тель: 2 конец дроби синус альфа . \"></span></p><p class=\"left_margin\"></p></center><p class=\"left_margin\">В тре­уголь­ни­ке <i>AFK</i> по тео­ре­ме си­ну­сов </p><p class=\"left_margin\"></p><center><p><span data-width=\"640\" data-formulahash=\"b5b5d33e696383bbf4457cdd10a6028c\" class=\"tex-span\" style=\"\"><img src=\"https://ege.sdamgia.ru/formula/svg/b5/b5b5d33e696383bbf4457cdd10a6028c.svg\" class=\"tex\" style=\"vertical-align:-15.0pt\" alt=\" дробь: чис­ли­тель: AK, зна­ме­на­тель: синус альфа конец дроби = дробь: чис­ли­тель: AF, зна­ме­на­тель: синус \\angle FKA конец дроби рав­но­силь­но дробь: чис­ли­тель: дробь: чис­ли­тель: 3, зна­ме­на­тель: 8 конец дроби AF, зна­ме­на­тель: синус альфа конец дроби = дробь: чис­ли­тель: AF, зна­ме­на­тель: дробь: чис­ли­тель: ко­рень из: на­ча­ло ар­гу­мен­та: 3 конец ар­гу­мен­та , зна­ме­на­тель: 2 конец дроби ко­си­нус альфа плюс дробь: чис­ли­тель: 1, зна­ме­на­тель: 2 конец дроби синус альфа конец дроби рав­но­силь­но дробь: чис­ли­тель: 3, зна­ме­на­тель: 8 тан­генс альфа конец дроби = дробь: чис­ли­тель: 1, зна­ме­на­тель: дробь: чис­ли­тель: ко­рень из: на­ча­ло ар­гу­мен­та: 3 конец ар­гу­мен­та , зна­ме­на­тель: 2 конец дроби плюс дробь: чис­ли­тель: 1, зна­ме­на­тель: 2 конец дроби тан­генс альфа конец дроби рав­но­силь­но тан­генс альфа = дробь: чис­ли­тель: 3 ко­рень из: на­ча­ло ар­гу­мен­та: 3 конец ар­гу­мен­та , зна­ме­на­тель: 13 конец дроби . \"></span><span data-width=\"590\" data-formulahash=\"b5b5d33e696383bbf4457cdd10a6028c\" class=\"tex-span\" style=\"display:none\"><img src=\"https://ege.sdamgia.ru/formula/svg/9c/9c3f3c01e419b7e8072b8e7f39b91bd1.svg\" class=\"tex\" style=\"vertical-align:-15.1pt\" alt=\" дробь: чис­ли­тель: AK, зна­ме­на­тель: синус альфа конец дроби = дробь: чис­ли­тель: AF, зна­ме­на­тель: синус \\angle FKA конец дроби рав­но­силь­но дробь: чис­ли­тель: дробь: чис­ли­тель: 3, зна­ме­на­тель: 8 конец дроби AF, зна­ме­на­тель: синус альфа конец дроби = дробь: чис­ли­тель: AF, зна­ме­на­тель: дробь: чис­ли­тель: ко­рень из: на­ча­ло ар­гу­мен­та: 3 конец ар­гу­мен­та , зна­ме­на­тель: 2 конец дроби ко­си­нус альфа плюс дробь: чис­ли­тель: 1, зна­ме­на­тель: 2 конец дроби синус альфа конец дроби рав­но­силь­но \"><br><img src=\"https://ege.sdamgia.ru/formula/svg/c0/c0184910cf63e263d10d934b8b0ab9cc.svg\" class=\"tex\" style=\"vertical-align:-15.2pt\" alt=\" рав­но­силь­но дробь: чис­ли­тель: 3, зна­ме­на­тель: 8 тан­генс альфа конец дроби = дробь: чис­ли­тель: 1, зна­ме­на­тель: дробь: чис­ли­тель: ко­рень из: на­ча­ло ар­гу­мен­та: 3 конец ар­гу­мен­та , зна­ме­на­тель: 2 конец дроби плюс дробь: чис­ли­тель: 1, зна­ме­на­тель: 2 конец дроби тан­генс альфа конец дроби рав­но­силь­но тан­генс альфа = дробь: чис­ли­тель: 3 ко­рень из: на­ча­ло ар­гу­мен­та: 3 конец ар­гу­мен­та , зна­ме­на­тель: 13 конец дроби . \"></span></p><p class=\"left_margin\"></p></center><p class=\"left_margin\">Тогда <img src=\"https://ege.sdamgia.ru/formula/svg/9e/9e7929c269dfe48b727ebc86fad7058b.svg\" class=\"tex\" style=\"vertical-align:-8.5pt\" alt=\" синус альфа = дробь: чис­ли­тель: 3 ко­рень из: на­ча­ло ар­гу­мен­та: 3 конец ар­гу­мен­та , зна­ме­на­тель: 14 конец дроби . \"> Из пря­мо­уголь­но­го тре­уголь­ни­ка <i>AFP</i> по­лу­чим <img src=\"https://ege.sdamgia.ru/formula/svg/eb/ebfa256e0343abe408eddf5fcd8facc5.svg\" class=\"tex\" style=\"vertical-align:-10.9pt\" alt=\"AF= дробь: чис­ли­тель: AP, зна­ме­на­тель: синус альфа конец дроби = дробь: чис­ли­тель: 14, зна­ме­на­тель: ко­рень из: на­ча­ло ар­гу­мен­та: 3 конец ар­гу­мен­та конец дроби . \"></p><p class=\"left_margin\">Пло­щадь рав­но­сто­рон­не­го тре­уголь­ни­ка равна: <img src=\"https://ege.sdamgia.ru/formula/svg/74/749c9c586aaa51acaf6c6fa6b97ff893.svg\" class=\"tex\" style=\"vertical-align:-11.1pt\" alt=\"S_AFE= дробь: чис­ли­тель: 1, зна­ме­на­тель: 2 конец дроби умно­жить на дробь: чис­ли­тель: 14, зна­ме­на­тель: ко­рень из 3 конец дроби } умно­жить на дробь: чис­ли­тель: 14, зна­ме­на­тель: ко­рень из 3 конец дроби } умно­жить на дробь: чис­ли­тель: ко­рень из: на­ча­ло ар­гу­мен­та: 3 конец ар­гу­мен­та , зна­ме­на­тель: 2 конец дроби = дробь: чис­ли­тель: 49 ко­рень из: на­ча­ло ар­гу­мен­та: 3 конец ар­гу­мен­та , зна­ме­на­тель: 3 конец дроби . \"></p></div>",
        "image_urls": [
            "https://ege.sdamgia.ru/formula/svg/64/640685346107aff42f4ca37f8eaf302f.svg",
            "https://ege.sdamgia.ru/formula/svg/6b/6b6b8f9e44003a280fc75c87fb0b514e.svg",
            "https://ege.sdamgia.ru/formula/svg/7b/7b95d7eeb6ab62e411bde7bbf605d4fa.svg",
            "https://ege.sdamgia.ru/formula/svg/ec/ec480f8701c0c76c078e1e0762c21d90.svg",
            "https://ege.sdamgia.ru/formula/svg/d7/d7ea280df014adbe4077d233184ebb11.svg",
            "https://ege.sdamgia.ru/formula/svg/d2/d2c84baebfe6114855fe94600152ada9.svg",
            "https://ege.sdamgia.ru/formula/svg/c4/c4b348bb1a99e7ce6e6c5c97df093a52.svg",
            "https://ege.sdamgia.ru/formula/svg/e8/e8687889bf86b69af6ce881533089cf5.svg",
            "https://ege.sdamgia.ru/formula/svg/a8/a83bcc7a28e4833dda932d9d3795bf04.svg",
            "https://ege.sdamgia.ru/formula/svg/42/42d44c2e8bba3d59c325d2441f62478d.svg",
            "https://ege.sdamgia.ru/formula/svg/f4/f4023ed38ad843fed9755b622eee5b4f.svg",
            "https://ege.sdamgia.ru/formula/svg/53/53692173b9b628cd46e59aa95e3cfc39.svg",
            "https://ege.sdamgia.ru/formula/svg/ea/ea669a3c8b7afabaf6681edf59309032.svg",
            "https://ege.sdamgia.ru/formula/svg/58/5872c42bedb44dcbd701cf1e288224fa.svg",
            "https://ege.sdamgia.ru/formula/svg/db/db0966dff9ca360c0e59ee3f3e761448.svg",
            "https://ege.sdamgia.ru/formula/svg/e0/e0a3c64d8994fe05807280c91ec80bd0.svg",
            "https://ege.sdamgia.ru/formula/svg/1e/1eb454d106d294f75219c3478a89dfc4.svg",
            "https://ege.sdamgia.ru/formula/svg/27/27c14219c3e8d403e033940e2000c225.svg",
            "https://ege.sdamgia.ru/formula/svg/b9/b908dbdf517e20fb9e304648d1c1c6ba.svg",
            "https://ege.sdamgia.ru/formula/svg/57/577363af03c4e2931da8245ec8724fbd.svg",
            "https://ege.sdamgia.ru/formula/svg/17/172b1430672f40344d29af5739e2c5f0.svg",
            "https://ege.sdamgia.ru/formula/svg/82/8251aebd7bd86cc90601034f2fa86048.svg",
            "https://ege.sdamgia.ru/formula/svg/96/9626434060fe01a3179ec268ad69e57a.svg",
            "https://ege.sdamgia.ru/formula/svg/b5/b5b5d33e696383bbf4457cdd10a6028c.svg",
            "https://ege.sdamgia.ru/formula/svg/9c/9c3f3c01e419b7e8072b8e7f39b91bd1.svg",
            "https://ege.sdamgia.ru/formula/svg/c0/c0184910cf63e263d10d934b8b0ab9cc.svg",
            "https://ege.sdamgia.ru/formula/svg/9e/9e7929c269dfe48b727ebc86fad7058b.svg",
            "https://ege.sdamgia.ru/formula/svg/eb/ebfa256e0343abe408eddf5fcd8facc5.svg",
            "https://ege.sdamgia.ru/formula/svg/74/749c9c586aaa51acaf6c6fa6b97ff893.svg",
            "/get_file?id=147870"
        ]
    },
    "answer": "",
    "topic_id": 17,
    "analog_ids": []
}