{
    "gia_type": "ege",
    "subject": "math",
    "id": 559410,
    "condition": {
        "text": "В треугольнике ABC биссектрисы AK и BL пересекаются в точке I. Известно, что около четырёхугольника CKIL можно описать окружность.а)  Докажите, что угол BCA равен 60°.б)  Найдите площадь треугольника ABC, если его периметр равен 25 и IC  =  4.",
        "html": "<div align=\"justify\" width=\"100%\" id=\"body452558\" class=\"pbody\"><p class=\"left_margin\">В тре­уголь­ни­ке <i>ABC</i> бис­сек­три­сы <i>AK</i> и <i>BL</i> пе­ре­се­ка­ют­ся в точке <i>I</i>. Из­вест­но, что около четырёхуголь­ни­ка <i>CKIL</i> можно опи­сать окруж­ность.</p><p class=\"left_margin\">а)  До­ка­жи­те, что угол <i>BCA</i> равен 60°.</p><p class=\"left_margin\">б)  Най­ди­те пло­щадь тре­уголь­ни­ка <i>ABC</i>, если его пе­ри­метр равен 25 и <i>IC</i>  =  4.</p></div>",
        "image_urls": []
    },
    "solution": {
        "text": "Решение. а)  Обозначим через α и β углы CAB и ABC соответственно. Тогда углы IAB и ABI равны  и  соответственно. По теореме о сумме углов треугольника получаем, что угол BIA равен  Такая же величина у вертикального к нему угла LIK. По условию около четырёхугольника CKIL можно описать окружность. Следовательно, угол BCA дополняет угол LIK до 180°. С другой стороны, по теореме о сумме углов треугольника угол BCA дополняет до 180° сумму углов α и β. Следовательно,  и  Значит, угол BCA равен 60°.б)  Поскольку точка I является точкой пересечения биссектрис AK и BL, она также лежит на биссектрисе угла BCA и является центром вписанной в треугольник ABC окружности. Значит, радиус этой окружности равен длине перпендикуляра IH, опущенного из этой точки на BC. По доказанному угол HCI равен половине угла BCA, то есть он равен 30°. В прямоугольном треугольнике HCI против угла в 30° лежит катет IH. Следовательно,  Площадь треугольника ABC равна половине произведения его периметра на радиус вписанной окружности. Значит, эта площадь равна  Ответ: б) 25.",
        "html": "<div align=\"justify\" width=\"100%\" id=\"sol559410\" class=\"solution\" style=\"clear:both;\" class=\"pbody\"><p class=\"left_margin\"></p><b>Ре­ше­ние<!--rule_info-->. </b><p class=\"left_margin\"><img src=\"/get_file?id=147872\" style=\"float:right;margin:10px;max-width:100%\"></p><p class=\"left_margin\">а)  Обо­зна­чим через α и β углы <i>CAB</i> и <i>ABC</i> со­от­вет­ствен­но. Тогда углы <i>IAB</i> и <i>ABI</i> равны <img src=\"https://ege.sdamgia.ru/formula/svg/d1/d10e63f9fadfc68af5748d918bc9915d.svg\" class=\"tex\" style=\"vertical-align:-8.4pt\" alt=\" дробь: чис­ли­тель: альфа , зна­ме­на­тель: 2 конец дроби \"> и <img src=\"https://ege.sdamgia.ru/formula/svg/0a/0a628a32e8cc8a59f3ae26f60a993a7f.svg\" class=\"tex\" style=\"vertical-align:-8.4pt\" alt=\" дробь: чис­ли­тель: бета , зна­ме­на­тель: 2 конец дроби \"> со­от­вет­ствен­но. По тео­ре­ме о сумме углов тре­уголь­ни­ка по­лу­ча­ем, что угол <i>BIA</i> равен <img src=\"https://ege.sdamgia.ru/formula/svg/84/846dc652d6a72b84217578743e29cf3b.svg\" class=\"tex\" style=\"vertical-align:-8.4pt\" alt=\"180 гра­ду­сов минус дробь: чис­ли­тель: альфа , зна­ме­на­тель: 2 конец дроби минус дробь: чис­ли­тель: бета , зна­ме­на­тель: 2 конец дроби . \"> Такая же ве­ли­чи­на у вер­ти­каль­но­го к нему угла <i>LIK</i>. По усло­вию около четырёхуголь­ни­ка <i>CKIL</i> можно опи­сать окруж­ность. Сле­до­ва­тель­но, угол <i>BCA</i> до­пол­ня­ет угол <i>LIK</i> до 180°. С дру­гой сто­ро­ны, по тео­ре­ме о сумме углов тре­уголь­ни­ка угол <i>BCA</i> до­пол­ня­ет до 180° сумму углов α и β. Сле­до­ва­тель­но, <img src=\"https://ege.sdamgia.ru/formula/svg/df/dfcda001d0dc4f70c0a77d93e8e3a420.svg\" class=\"tex\" style=\"vertical-align:-8.4pt\" alt=\"180 гра­ду­сов минус дробь: чис­ли­тель: альфа , зна­ме­на­тель: 2 конец дроби минус дробь: чис­ли­тель: бета , зна­ме­на­тель: 2 конец дроби = альфа плюс бета \"> и <img src=\"https://ege.sdamgia.ru/formula/svg/dc/dcfa775d3a1f961da89742b9f578b86a.svg\" class=\"tex\" style=\"vertical-align:-3.4pt\" alt=\" альфа плюс бета =120 гра­ду­сов.\"> Зна­чит, угол <i>BCA</i> равен 60°.</p><p class=\"left_margin\">б)  По­сколь­ку точка <i>I</i> яв­ля­ет­ся точ­кой пе­ре­се­че­ния бис­сек­трис <i>AK</i> и <i>BL</i>, она также лежит на бис­сек­три­се угла <i>BCA</i> и яв­ля­ет­ся цен­тром впи­сан­ной в тре­уголь­ник <i>ABC</i> окруж­но­сти. Зна­чит, ра­ди­ус этой окруж­но­сти равен длине пер­пен­ди­ку­ля­ра <i>IH</i>, опу­щен­но­го из этой точки на <i>BC</i>. По до­ка­зан­но­му угол <i>HCI</i> равен по­ло­ви­не угла <i>BCA</i>, то есть он равен 30°. В пря­мо­уголь­ном тре­уголь­ни­ке <i>HCI</i> про­тив угла в 30° лежит катет <i>IH</i>. Сле­до­ва­тель­но, <img src=\"https://ege.sdamgia.ru/formula/svg/52/520e65cf169c9de8630687e65c976778.svg\" class=\"tex\" style=\"vertical-align:-8.4pt\" alt=\"IH= дробь: чис­ли­тель: 1, зна­ме­на­тель: 2 конец дроби умно­жить на IC=2. \"> Пло­щадь тре­уголь­ни­ка <i>ABC</i> равна по­ло­ви­не про­из­ве­де­ния его пе­ри­мет­ра на ра­ди­ус впи­сан­ной окруж­но­сти. Зна­чит, эта пло­щадь равна <img src=\"https://ege.sdamgia.ru/formula/svg/60/6043e72b640b8f0e4c1edd7c0afb06c8.svg\" class=\"tex\" style=\"vertical-align:-8.4pt\" alt=\" дробь: чис­ли­тель: 1, зна­ме­на­тель: 2 конец дроби умно­жить на 25 умно­жить на 2=25. \"></p><p>&nbsp;</p><p><span style=\"letter-spacing: 2px;\">Ответ:</span> б) 25.</p></div>",
        "image_urls": [
            "https://ege.sdamgia.ru/formula/svg/d1/d10e63f9fadfc68af5748d918bc9915d.svg",
            "https://ege.sdamgia.ru/formula/svg/0a/0a628a32e8cc8a59f3ae26f60a993a7f.svg",
            "https://ege.sdamgia.ru/formula/svg/84/846dc652d6a72b84217578743e29cf3b.svg",
            "https://ege.sdamgia.ru/formula/svg/df/dfcda001d0dc4f70c0a77d93e8e3a420.svg",
            "https://ege.sdamgia.ru/formula/svg/dc/dcfa775d3a1f961da89742b9f578b86a.svg",
            "https://ege.sdamgia.ru/formula/svg/52/520e65cf169c9de8630687e65c976778.svg",
            "https://ege.sdamgia.ru/formula/svg/60/6043e72b640b8f0e4c1edd7c0afb06c8.svg",
            "/get_file?id=147872"
        ]
    },
    "answer": "б) 25.",
    "topic_id": 17,
    "analog_ids": [
        559410,
        559604,
        654880,
        654936
    ]
}