{
    "gia_type": "ege",
    "subject": "math",
    "id": 562144,
    "condition": {
        "text": "На сторонах AC, AB и BC прямоугольного треугольника ABC с прямым углом C вне треугольника ABC  построены равнобедренные прямоугольные треугольники AKC, ALB и BMC с прямыми углами K, L и M соответственно.а)  Докажите, что LC  — высота треугольника KLM.б)  Найдите площадь треугольника KLM, если LC  =  4.",
        "html": "<div align=\"justify\" width=\"100%\" id=\"body458012\" class=\"pbody\"><p class=\"left_margin\">На сто­ро­нах <i>AC</i>, <i>AB</i> и <i>BC</i> пря­мо­уголь­но­го тре­уголь­ни­ка <i>ABC</i> с пря­мым углом <i>C</i> вне тре­уголь­ни­ка <i>ABC</i>  по­стро­е­ны рав­но­бед­рен­ные пря­мо­уголь­ные тре­уголь­ни­ки <i>AKC</i>, <i>ALB</i> и <i>BMC</i> с пря­мы­ми уг­ла­ми <i>K</i>, <i>L</i> и <i>M</i> со­от­вет­ствен­но.</p><p class=\"left_margin\">а)  До­ка­жи­те, что <i>LC</i>  — вы­со­та тре­уголь­ни­ка <i>KLM</i>.</p><p class=\"left_margin\">б)  Най­ди­те пло­щадь тре­уголь­ни­ка <i>KLM</i>, если <i>LC</i>  =  4.</p></div>",
        "image_urls": []
    },
    "solution": {
        "text": "Решение. а)  По условию   значит, четырёхугольник LACB вписанный. Хорды AL и LB описанной около четырёхугольника LACB окружности равны. Значит, равны между собой стягиваемые этими хордами дуги, а также опирающиеся на эти дуги вписанные углы ACL и LCB. Тогда углы ACL и LCB равны между собой, и, значит, каждый из них равен 45°. Острый угол  KCA равнобедренного прямоугольного треугольника также равен 45°. Следовательно, а значит, LC  — высота треугольника KLM. б)  Обозначим отрезки буквами для удобства: BC  — a, AC  — b, AB  — c и CL  — d. P  — точка пересечения CL и AB. Тогда по доказанному в пункте а) отрезок CP  — биссектриса треугольника ABC. По свойству биссектрисы AP : PB  =  AC : CB  =  b : a, AP + PB  =  AB  =  c. Отсюда  и  Поскольку углы ACL и LBC равны 45°, получаем, что треугольники ACL и PAL подобны по двум углам, тогда:  Площадь треугольника KLM равна половине произведения его высоты LC, обозначенной буквой d, на сторону, являющейся основанием треугольника и равным Следовательно, искомая площадь равна  то есть 8. Ответ: 8. Приведем решение пункта б) Luigi Cussigh.Пусть BC  =  a, AC  =  b, AB  =  c. Четырехугольник ALBC  — вписанный, тогда по теореме Птолемея AL · BC + AC · BL  =  AB · CL. Прямоугольный треугольник ALB  — равнобедренный, тогда  следовательно, Прямоугольный треугольник AKC  — равнобедренный, тогда  аналогично   Площадь треугольника KLM равна половине произведения его высоты LC на сторону, являющуюся основанием треугольника и равную Следовательно, искомая площадь равна  Приведем решение Ирины Шраго.Обозначим отрезки буквами для удобства: BC  — a, AC  — b, AB  — c и CL  — d. По доказанному в пункте а) углы ACL и LBC равны 45°.По теореме косинусов для треугольника ACL По теореме косинусов для треугольника BCL По условию AL  =  LB, тогда Следовательно, либо  либо a  =  b, тогда треугольник ABC равнобедренный, и Площадь треугольника KLM равна половине произведения его высоты LC на сторону, являющуюся основанием треугольника и равную тогда  искомая площадь равна ",
        "html": "<div align=\"justify\" width=\"100%\" id=\"sol562144\" class=\"solution\" style=\"clear:both;\" class=\"pbody\"><p class=\"left_margin\"></p><b>Ре­ше­ние<!--rule_info-->. </b><p class=\"left_margin\"><img src=\"/get_file?id=147873\" style=\"float:right;margin:10px;max-width:100%\"></p><p class=\"left_margin\">а)  По усло­вию </p><p class=\"left_margin\"></p><center><p><img src=\"https://ege.sdamgia.ru/formula/svg/ff/ff80e339ecbbd2d2566b52a95bb7eb4c.svg\" class=\"tex\" style=\"vertical-align:-3.0pt\" alt=\"\\angle ACB плюс \\angle BLA=90 гра­ду­сов плюс 90 гра­ду­сов=180 гра­ду­сов,\"> </p><p class=\"left_margin\"></p></center><p> зна­чит, четырёхуголь­ник <i>LACB</i> впи­сан­ный. Хорды <i>AL</i> и <i>LB</i> опи­сан­ной около четырёхуголь­ни­ка <i>LACB</i> окруж­но­сти равны. Зна­чит, равны между собой стя­ги­ва­е­мые этими хор­да­ми дуги, а также опи­ра­ю­щи­е­ся на эти дуги впи­сан­ные углы <i>ACL</i> и <i>LCB</i>. Тогда углы <i>ACL</i> и <i>LCB</i> равны между собой, и, зна­чит, каж­дый из них равен 45°. Ост­рый угол  <i>KCA</i> рав­но­бед­рен­но­го пря­мо­уголь­но­го тре­уголь­ни­ка также равен 45°. Сле­до­ва­тель­но, </p><p class=\"left_margin\"></p><center><p><img src=\"https://ege.sdamgia.ru/formula/svg/49/49a1146a8b562baf8a6e882963cda791.svg\" class=\"tex\" style=\"vertical-align:-3.0pt\" alt=\"\\angle KCL=\\angle KCA плюс \\angle ACL=90 гра­ду­сов,\"></p><p class=\"left_margin\"></p></center><p>а зна­чит, <i>LC</i>  — вы­со­та тре­уголь­ни­ка <i>KLM</i>. </p><p class=\"left_margin\">б)  Обо­зна­чим от­рез­ки бук­ва­ми для удоб­ства: <i>BC</i>  — <i>a</i>, <i>AC</i>  — <i>b,</i> <i>AB</i>  — <i>c</i> и <i>CL</i>  — <i>d.</i> <i>P</i>  — точка пе­ре­се­че­ния <i>CL</i> и <i>AB</i>. Тогда по до­ка­зан­но­му в пунк­те а) от­ре­зок <i>CP</i>  — бис­сек­три­са тре­уголь­ни­ка <i>ABC</i>. По свой­ству бис­сек­три­сы <i>AP</i> : <i>PB</i>  =  <i>AC</i> : <i>CB</i>  =  <i>b</i> : <i>a</i>, <i>AP</i> + <i>PB</i>  =  <i>AB</i>  =  <i>c</i>. От­сю­да </p><p class=\"left_margin\"></p><center><p><img src=\"https://ege.sdamgia.ru/formula/svg/73/738a588b5c7cf637fdef895197ddbdc9.svg\" class=\"tex\" style=\"vertical-align:-9.3pt\" alt=\"AP= дробь: чис­ли­тель: bc, зна­ме­на­тель: a плюс b конец дроби \"> и <img src=\"https://ege.sdamgia.ru/formula/svg/33/33d3b311c927dd5e44248be94aa34a83.svg\" class=\"tex\" style=\"vertical-align:-9.3pt\" alt=\"PB= дробь: чис­ли­тель: ac, зна­ме­на­тель: a плюс b конец дроби . \"></p><p class=\"left_margin\"></p></center><p> По­сколь­ку углы <i>ACL</i> и <i>LBC</i> равны 45°, по­лу­ча­ем, что тре­уголь­ни­ки <i>ACL</i> и <i>PAL</i> по­доб­ны по двум углам, тогда:</p><p></p><div class=\"flex-math\"><p><img src=\"https://ege.sdamgia.ru/formula/svg/6c/6c6e423043df91b175f3d949d8c8b87e.svg\" class=\"tex\" style=\"vertical-align:-8.3pt\" alt=\" дробь: чис­ли­тель: AC, зна­ме­на­тель: PA конец дроби = дробь: чис­ли­тель: CL, зна­ме­на­тель: AL конец дроби , \"> </p><p><img src=\"https://ege.sdamgia.ru/formula/svg/37/371b7c4730c1f8ea6d6f9673207f0165.svg\" class=\"tex\" style=\"vertical-align:-11.0pt\" alt=\"b: дробь: чис­ли­тель: bc, зна­ме­на­тель: a плюс b конец дроби =d: дробь: чис­ли­тель: c, зна­ме­на­тель: ко­рень из: на­ча­ло ар­гу­мен­та: 2 конец ар­гу­мен­та конец дроби , \"> </p><p><img src=\"https://ege.sdamgia.ru/formula/svg/92/92faaa8c4e907100ab7affcd0dda990a.svg\" class=\"tex\" style=\"vertical-align:-11.0pt\" alt=\"d= дробь: чис­ли­тель: a плюс b, зна­ме­на­тель: ко­рень из: на­ча­ло ар­гу­мен­та: 2 конец ар­гу­мен­та конец дроби . \"></p><p></p></div><p class=\"left_margin\">Пло­щадь тре­уголь­ни­ка <i>KLM</i> равна по­ло­ви­не про­из­ве­де­ния его вы­со­ты <i>LC</i>, обо­зна­чен­ной бук­вой <i>d,</i> на сто­ро­ну, яв­ля­ю­щей­ся ос­но­ва­ни­ем тре­уголь­ни­ка и рав­ным</p><p class=\"left_margin\"></p><center><p><img src=\"https://ege.sdamgia.ru/formula/svg/9a/9a0ac0c4aa1b2716b0469709872f3a5a.svg\" class=\"tex\" style=\"vertical-align:-11.0pt\" alt=\"KM=KC плюс CM= дробь: чис­ли­тель: a, зна­ме­на­тель: ко­рень из: на­ча­ло ар­гу­мен­та: 2 конец ар­гу­мен­та конец дроби плюс дробь: чис­ли­тель: b, зна­ме­на­тель: ко­рень из: на­ча­ло ар­гу­мен­та: 2 конец ар­гу­мен­та конец дроби =d. \"> </p><p class=\"left_margin\"></p></center><p class=\"left_margin\">Сле­до­ва­тель­но, ис­ко­мая пло­щадь равна <img src=\"https://ege.sdamgia.ru/formula/svg/4d/4dc7e4393ecffd3faa636e11231dd8eb.svg\" class=\"tex\" style=\"vertical-align:-8.4pt\" alt=\" дробь: чис­ли­тель: d в квад­ра­те , зна­ме­на­тель: 2 конец дроби , \"> то есть 8.</p><p>&nbsp;</p><p><span style=\"letter-spacing: 2px;\">Ответ:</span> 8.</p><p>&nbsp;</p><p><b>При­ве­дем ре­ше­ние пунк­та б) Luigi Cussigh.</b></p><p class=\"left_margin\">Пусть <i>BC</i>  =  <i>a</i>, <i>AC</i>  =  <i>b</i>, <i>AB</i>  =  <i>c</i>. Че­ты­рех­уголь­ник <i>ALBC</i>  — впи­сан­ный, тогда по тео­ре­ме Пто­ле­мея </p><p class=\"left_margin\"></p><center><p><i>AL</i> · <i>BC</i> + <i>AC</i> · <i>BL</i>  =  <i>AB</i> · <i>CL</i>.</p><p class=\"left_margin\"></p></center><p> Пря­мо­уголь­ный тре­уголь­ник <i>ALB</i>  — рав­но­бед­рен­ный, тогда <img src=\"https://ege.sdamgia.ru/formula/svg/49/4906f330801bc144c2963ad8a51771be.svg\" class=\"tex\" style=\"vertical-align:-8.5pt\" alt=\"AL=LB= дробь: чис­ли­тель: c ко­рень из: на­ча­ло ар­гу­мен­та: 2 конец ар­гу­мен­та , зна­ме­на­тель: 2 конец дроби , \"> сле­до­ва­тель­но,</p><p class=\"left_margin\"></p><center><p><img src=\"https://ege.sdamgia.ru/formula/svg/24/24c33c884f779340a450f30cc2132dd1.svg\" class=\"tex\" style=\"vertical-align:-8.5pt\" alt=\" дробь: чис­ли­тель: ac ко­рень из: на­ча­ло ар­гу­мен­та: 2 конец ар­гу­мен­та , зна­ме­на­тель: 2 конец дроби плюс дробь: чис­ли­тель: bc ко­рень из: на­ча­ло ар­гу­мен­та: 2 конец ар­гу­мен­та , зна­ме­на­тель: 2 конец дроби =4c рав­но­силь­но дробь: чис­ли­тель: a ко­рень из: на­ча­ло ар­гу­мен­та: 2 конец ар­гу­мен­та , зна­ме­на­тель: 2 конец дроби плюс дробь: чис­ли­тель: b ко­рень из: на­ча­ло ар­гу­мен­та: 2 конец ар­гу­мен­та , зна­ме­на­тель: 2 конец дроби =4. \"></p><p class=\"left_margin\"></p></center><p> Пря­мо­уголь­ный тре­уголь­ник <i>AKC</i>  — рав­но­бед­рен­ный, тогда <img src=\"https://ege.sdamgia.ru/formula/svg/2d/2d396c801fb1ecbf975e3a92d414668a.svg\" class=\"tex\" style=\"vertical-align:-8.5pt\" alt=\"AK=KC= дробь: чис­ли­тель: b ко­рень из: на­ча­ло ар­гу­мен­та: 2 конец ар­гу­мен­та , зна­ме­на­тель: 2 конец дроби , \"> ана­ло­гич­но  <img src=\"https://ege.sdamgia.ru/formula/svg/7e/7e9f5e021f094a1436a0a03e4af0ce36.svg\" class=\"tex\" style=\"vertical-align:-8.5pt\" alt=\"CM=MB= дробь: чис­ли­тель: a ко­рень из: на­ча­ло ар­гу­мен­та: 2 конец ар­гу­мен­та , зна­ме­на­тель: 2 конец дроби . \"> </p><p class=\"left_margin\">Пло­щадь тре­уголь­ни­ка <i>KLM</i> равна по­ло­ви­не про­из­ве­де­ния его вы­со­ты <i>LC</i> на сто­ро­ну, яв­ля­ю­щу­ю­ся ос­но­ва­ни­ем тре­уголь­ни­ка и рав­ную</p><p class=\"left_margin\"></p><center><p><img src=\"https://ege.sdamgia.ru/formula/svg/4f/4f597c6ebe1bddce50e585022a3f5edb.svg\" class=\"tex\" style=\"vertical-align:-11.0pt\" alt=\"KM=KC плюс CM= дробь: чис­ли­тель: a, зна­ме­на­тель: ко­рень из: на­ча­ло ар­гу­мен­та: 2 конец ар­гу­мен­та конец дроби плюс дробь: чис­ли­тель: b, зна­ме­на­тель: ко­рень из: на­ча­ло ар­гу­мен­та: 2 конец ар­гу­мен­та конец дроби =4. \"> </p><p class=\"left_margin\"></p></center><p class=\"left_margin\">Сле­до­ва­тель­но, ис­ко­мая пло­щадь равна </p><p class=\"left_margin\"></p><center><p><img src=\"https://ege.sdamgia.ru/formula/svg/60/60c9c625cbc5f33f19da8ab428c78605.svg\" class=\"tex\" style=\"vertical-align:-8.4pt\" alt=\" дробь: чис­ли­тель: 1, зна­ме­на­тель: 2 конец дроби умно­жить на 4 умно­жить на 4 =8.\"></p><p class=\"left_margin\"></p></center><p>&nbsp;</p><p><b>При­ве­дем ре­ше­ние Ирины Шраго.</b></p><p class=\"left_margin\">Обо­зна­чим от­рез­ки бук­ва­ми для удоб­ства: <i>BC</i>  — <i>a</i>, <i>AC</i>  — <i>b,</i> <i>AB</i>  — <i>c</i> и <i>CL</i>  — <i>d.</i> По до­ка­зан­но­му в пунк­те а) углы <i>ACL</i> и <i>LBC</i> равны 45°.</p><p class=\"left_margin\">По тео­ре­ме ко­си­ну­сов для тре­уголь­ни­ка <i>ACL</i> <img src=\"https://ege.sdamgia.ru/formula/svg/56/5654f8a1bac944fda9ed02a1a65310bd.svg\" class=\"tex\" style=\"vertical-align:-1.8pt\" alt=\"b в квад­ра­те плюс d в квад­ра­те минус 2bd ко­си­нус 45 гра­ду­сов.\"></p><p class=\"left_margin\">По тео­ре­ме ко­си­ну­сов для тре­уголь­ни­ка <i>BCL</i> <img src=\"https://ege.sdamgia.ru/formula/svg/7d/7d72f2caf45667e5d8bcae4b94e11d75.svg\" class=\"tex\" style=\"vertical-align:-1.8pt\" alt=\"a в квад­ра­те плюс d в квад­ра­те минус 2ad ко­си­нус 4 5 гра­ду­сов.\"></p><p class=\"left_margin\">По усло­вию <i>AL</i>  =  <i>LB</i>, тогда </p><p class=\"left_margin\"></p><center><p><span data-width=\"640\" data-formulahash=\"c01938503bf79176c7fe53c21b32f867\" class=\"tex-span\" style=\"\"><img src=\"https://ege.sdamgia.ru/formula/svg/ed/ed34ab5de6eeebbf4a30e828e0e55184.svg\" class=\"tex\" style=\"vertical-align:-1.8pt\" alt=\"b в квад­ра­те плюс d в квад­ра­те минус 2bd ко­си­нус 45 гра­ду­сов=a в квад­ра­те плюс d в квад­ра­те минус 2ad ко­си­нус 4 5 гра­ду­сов рав­но­силь­но \"><br><img src=\"https://ege.sdamgia.ru/formula/svg/3d/3d5335dddf65f3695ee7a9fd488f9386.svg\" class=\"tex\" style=\"vertical-align:-3.6pt\" alt=\" рав­но­силь­но b в квад­ра­те минус a в квад­ра­те минус d ко­рень из: на­ча­ло ар­гу­мен­та: 2 конец ар­гу­мен­та левая круг­лая скоб­ка b минус a пра­вая круг­лая скоб­ка =0 рав­но­силь­но левая круг­лая скоб­ка b минус a пра­вая круг­лая скоб­ка левая круг­лая скоб­ка b плюс a минус d ко­рень из: на­ча­ло ар­гу­мен­та: 2 конец ар­гу­мен­та пра­вая круг­лая скоб­ка =0.\"></span><span data-width=\"365\" data-formulahash=\"c01938503bf79176c7fe53c21b32f867\" class=\"tex-span\" style=\"display:none\"><img src=\"https://ege.sdamgia.ru/formula/svg/ed/ed34ab5de6eeebbf4a30e828e0e55184.svg\" class=\"tex\" style=\"vertical-align:-1.8pt\" alt=\"b в квад­ра­те плюс d в квад­ра­те минус 2bd ко­си­нус 45 гра­ду­сов=a в квад­ра­те плюс d в квад­ра­те минус 2ad ко­си­нус 4 5 гра­ду­сов рав­но­силь­но \"><br><img src=\"https://ege.sdamgia.ru/formula/svg/46/4697731a2f4e6c426eb0b3c511fb2db5.svg\" class=\"tex\" style=\"vertical-align:-3.6pt\" alt=\" рав­но­силь­но b в квад­ра­те минус a в квад­ра­те минус d ко­рень из: на­ча­ло ар­гу­мен­та: 2 конец ар­гу­мен­та левая круг­лая скоб­ка b минус a пра­вая круг­лая скоб­ка =0 рав­но­силь­но \"><br><img src=\"https://ege.sdamgia.ru/formula/svg/93/930bc052703c8d3bbc662228edf455d6.svg\" class=\"tex\" style=\"vertical-align:-3.6pt\" alt=\" рав­но­силь­но левая круг­лая скоб­ка b минус a пра­вая круг­лая скоб­ка левая круг­лая скоб­ка b плюс a минус d ко­рень из: на­ча­ло ар­гу­мен­та: 2 конец ар­гу­мен­та пра­вая круг­лая скоб­ка =0.\"></span></p><p class=\"left_margin\"></p></center><p class=\"left_margin\">Сле­до­ва­тель­но, либо <img src=\"https://ege.sdamgia.ru/formula/svg/c4/c4ed78b4a0ccde3ad115bb05a19e69b0.svg\" class=\"tex\" style=\"vertical-align:-8.5pt\" alt=\"d= дробь: чис­ли­тель: левая круг­лая скоб­ка a плюс b пра­вая круг­лая скоб­ка ко­рень из: на­ча­ло ар­гу­мен­та: 2 конец ар­гу­мен­та , зна­ме­на­тель: 2 конец дроби , \"> либо <i>a</i>  =  <i>b</i>, тогда тре­уголь­ник <i>ABC</i> рав­но­бед­рен­ный, и <img src=\"https://ege.sdamgia.ru/formula/svg/fb/fb7afde94feacf08cdc8a281ab2741b7.svg\" class=\"tex\" style=\"vertical-align:-8.5pt\" alt=\"d=c=a ко­рень из: на­ча­ло ар­гу­мен­та: 2 конец ар­гу­мен­та = дробь: чис­ли­тель: левая круг­лая скоб­ка a плюс b пра­вая круг­лая скоб­ка ко­рень из: на­ча­ло ар­гу­мен­та: 2 конец ар­гу­мен­та , зна­ме­на­тель: 2 конец дроби . \"></p><p class=\"left_margin\">Пло­щадь тре­уголь­ни­ка <i>KLM</i> равна по­ло­ви­не про­из­ве­де­ния его вы­со­ты <i>LC</i> на сто­ро­ну, яв­ля­ю­щу­ю­ся ос­но­ва­ни­ем тре­уголь­ни­ка и рав­ную</p><p class=\"left_margin\"></p><center><p><img src=\"https://ege.sdamgia.ru/formula/svg/d4/d41b18254abd56fa285059fa2bfe47b1.svg\" class=\"tex\" style=\"vertical-align:-11.1pt\" alt=\"KM=KC плюс CM= дробь: чис­ли­тель: a, зна­ме­на­тель: ко­рень из: на­ча­ло ар­гу­мен­та: 2 конец ар­гу­мен­та конец дроби плюс дробь: чис­ли­тель: b, зна­ме­на­тель: ко­рень из: на­ча­ло ар­гу­мен­та: 2 конец ар­гу­мен­та конец дроби = дробь: чис­ли­тель: левая круг­лая скоб­ка a плюс b пра­вая круг­лая скоб­ка ко­рень из: на­ча­ло ар­гу­мен­та: 2 конец ар­гу­мен­та , зна­ме­на­тель: 2 конец дроби =d, \"> </p><p class=\"left_margin\"></p></center><p>тогда  ис­ко­мая пло­щадь равна </p><p class=\"left_margin\"></p><center><p><img src=\"https://ege.sdamgia.ru/formula/svg/60/60c9c625cbc5f33f19da8ab428c78605.svg\" class=\"tex\" style=\"vertical-align:-8.4pt\" alt=\" дробь: чис­ли­тель: 1, зна­ме­на­тель: 2 конец дроби умно­жить на 4 умно­жить на 4 =8.\"></p><p class=\"left_margin\"></p></center></div>",
        "image_urls": [
            "https://ege.sdamgia.ru/formula/svg/ff/ff80e339ecbbd2d2566b52a95bb7eb4c.svg",
            "https://ege.sdamgia.ru/formula/svg/49/49a1146a8b562baf8a6e882963cda791.svg",
            "https://ege.sdamgia.ru/formula/svg/73/738a588b5c7cf637fdef895197ddbdc9.svg",
            "https://ege.sdamgia.ru/formula/svg/33/33d3b311c927dd5e44248be94aa34a83.svg",
            "https://ege.sdamgia.ru/formula/svg/6c/6c6e423043df91b175f3d949d8c8b87e.svg",
            "https://ege.sdamgia.ru/formula/svg/37/371b7c4730c1f8ea6d6f9673207f0165.svg",
            "https://ege.sdamgia.ru/formula/svg/92/92faaa8c4e907100ab7affcd0dda990a.svg",
            "https://ege.sdamgia.ru/formula/svg/9a/9a0ac0c4aa1b2716b0469709872f3a5a.svg",
            "https://ege.sdamgia.ru/formula/svg/4d/4dc7e4393ecffd3faa636e11231dd8eb.svg",
            "https://ege.sdamgia.ru/formula/svg/49/4906f330801bc144c2963ad8a51771be.svg",
            "https://ege.sdamgia.ru/formula/svg/24/24c33c884f779340a450f30cc2132dd1.svg",
            "https://ege.sdamgia.ru/formula/svg/2d/2d396c801fb1ecbf975e3a92d414668a.svg",
            "https://ege.sdamgia.ru/formula/svg/7e/7e9f5e021f094a1436a0a03e4af0ce36.svg",
            "https://ege.sdamgia.ru/formula/svg/4f/4f597c6ebe1bddce50e585022a3f5edb.svg",
            "https://ege.sdamgia.ru/formula/svg/60/60c9c625cbc5f33f19da8ab428c78605.svg",
            "https://ege.sdamgia.ru/formula/svg/56/5654f8a1bac944fda9ed02a1a65310bd.svg",
            "https://ege.sdamgia.ru/formula/svg/7d/7d72f2caf45667e5d8bcae4b94e11d75.svg",
            "https://ege.sdamgia.ru/formula/svg/ed/ed34ab5de6eeebbf4a30e828e0e55184.svg",
            "https://ege.sdamgia.ru/formula/svg/3d/3d5335dddf65f3695ee7a9fd488f9386.svg",
            "https://ege.sdamgia.ru/formula/svg/ed/ed34ab5de6eeebbf4a30e828e0e55184.svg",
            "https://ege.sdamgia.ru/formula/svg/46/4697731a2f4e6c426eb0b3c511fb2db5.svg",
            "https://ege.sdamgia.ru/formula/svg/93/930bc052703c8d3bbc662228edf455d6.svg",
            "https://ege.sdamgia.ru/formula/svg/c4/c4ed78b4a0ccde3ad115bb05a19e69b0.svg",
            "https://ege.sdamgia.ru/formula/svg/fb/fb7afde94feacf08cdc8a281ab2741b7.svg",
            "https://ege.sdamgia.ru/formula/svg/d4/d41b18254abd56fa285059fa2bfe47b1.svg",
            "https://ege.sdamgia.ru/formula/svg/60/60c9c625cbc5f33f19da8ab428c78605.svg",
            "/get_file?id=147873"
        ]
    },
    "answer": "8.",
    "topic_id": 17,
    "analog_ids": [
        562144,
        562151
    ]
}