{
    "gia_type": "ege",
    "subject": "math",
    "id": 562151,
    "condition": {
        "text": "На сторонах AC, AB и BC прямоугольного треугольника ABC с прямым углом C вне треугольника ABC  построены равнобедренные прямоугольные треугольники AKC, ALB и BMC с прямыми углами K, L и M соответственно.а)  Докажите, что LC  — высота треугольника KLM.б)  Найдите площадь треугольника KLM, если LC  =  6.",
        "html": "<div align=\"justify\" width=\"100%\" id=\"body458011\" class=\"pbody\"><p class=\"left_margin\">На сто­ро­нах <i>AC</i>, <i>AB</i> и <i>BC</i> пря­мо­уголь­но­го тре­уголь­ни­ка <i>ABC</i> с пря­мым углом <i>C</i> вне тре­уголь­ни­ка <i>ABC</i>  по­стро­е­ны рав­но­бед­рен­ные пря­мо­уголь­ные тре­уголь­ни­ки <i>AKC</i>, <i>ALB</i> и <i>BMC</i> с пря­мы­ми уг­ла­ми <i>K</i>, <i>L</i> и <i>M</i> со­от­вет­ствен­но.</p><p class=\"left_margin\">а)  До­ка­жи­те, что <i>LC</i>  — вы­со­та тре­уголь­ни­ка <i>KLM</i>.</p><p class=\"left_margin\">б)  Най­ди­те пло­щадь тре­уголь­ни­ка <i>KLM</i>, если <i>LC</i>  =  6.</p></div>",
        "image_urls": []
    },
    "solution": {
        "text": "Решение. а)  По условию   значит, четырёхугольник LACB вписанный. Хорды AL и LB описанной около четырёхугольника LACB окружности равны. Значит, равны между собой стягиваемые этими хордами дуги, а также опирающиеся на эти дуги вписанные углы ACL и LCB. Тогда углы ACL и LBC равны 45°.По условию углы KCA и MCB равны 45°. Следовательно,  а значит, LC  — высота треугольника KLM. б)  Для удобства обозначим отрезки буквами: BC  — a, AC  — b, AB  — c и CL  — d. Пусть P  — точка пересечения CL и AB. Тогда по доказанному в пункте а) отрезок CP  — биссектриса треугольника ABC. По свойству биссектрисы AP : PB  =  AC : CB  =  b : a, AP + PB  =  AB  =  c. Отсюда  и Поскольку углы ACL и LBC равны 45°, получаем, что треугольники ACL и PAL подобны по двум углам, тогда    и     Площадь треугольника KLM равна половине произведения его высоты LC, обозначенной буквой d, на сторону, являющуюся основанием треугольника и равную Следовательно, искомая площадь равна  Ответ: 18.",
        "html": "<div align=\"justify\" width=\"100%\" id=\"sol562151\" class=\"solution\" style=\"clear:both;\" class=\"pbody\"><p class=\"left_margin\"></p><b>Ре­ше­ние<!--rule_info-->. </b><p class=\"left_margin\"><img src=\"/get_file?id=147873\" style=\"float:right;margin:10px;max-width:100%\"></p><p class=\"left_margin\">а)  По усло­вию </p><p class=\"left_margin\"></p><center><p><img src=\"https://ege.sdamgia.ru/formula/svg/ff/ff80e339ecbbd2d2566b52a95bb7eb4c.svg\" class=\"tex\" style=\"vertical-align:-3.0pt\" alt=\"\\angle ACB плюс \\angle BLA=90 гра­ду­сов плюс 90 гра­ду­сов=180 гра­ду­сов,\"> </p><p class=\"left_margin\"></p></center><p> зна­чит, четырёхуголь­ник <i>LACB</i> впи­сан­ный. Хорды <i>AL</i> и <i>LB</i> опи­сан­ной около четырёхуголь­ни­ка <i>LACB</i> окруж­но­сти равны. Зна­чит, равны между собой стя­ги­ва­е­мые этими хор­да­ми дуги, а также опи­ра­ю­щи­е­ся на эти дуги впи­сан­ные углы <i>ACL</i> и <i>LCB</i>. Тогда углы <i>ACL</i> и <i>LBC</i> равны 45°.</p><p class=\"left_margin\">По усло­вию углы <i>KCA</i> и <i>MCB</i> равны 45°. Сле­до­ва­тель­но, </p><p class=\"left_margin\"></p><center><p><img src=\"https://ege.sdamgia.ru/formula/svg/49/49a1146a8b562baf8a6e882963cda791.svg\" class=\"tex\" style=\"vertical-align:-3.0pt\" alt=\"\\angle KCL=\\angle KCA плюс \\angle ACL=90 гра­ду­сов,\"></p><p><img src=\"https://ege.sdamgia.ru/formula/svg/46/462402ff62608e6be453050c324a9893.svg\" class=\"tex\" style=\"vertical-align:-3.0pt\" alt=\"\\angle MCL=\\angle MCB плюс \\angle LCB=90 гра­ду­сов,\"> </p><p class=\"left_margin\"></p></center><p>а зна­чит, <i>LC</i>  — вы­со­та тре­уголь­ни­ка <i>KLM</i>. </p><p class=\"left_margin\">б)  Для удоб­ства обо­зна­чим от­рез­ки бук­ва­ми: <i>BC</i>  — <i>a</i>, <i>AC</i>  — <i>b,</i> <i>AB</i>  — <i>c</i> и <i>CL</i>  — <i>d.</i> Пусть <i>P</i>  — точка пе­ре­се­че­ния <i>CL</i> и <i>AB</i>. Тогда по до­ка­зан­но­му в пунк­те а) от­ре­зок <i>CP</i>  — бис­сек­три­са тре­уголь­ни­ка <i>ABC</i>. По свой­ству бис­сек­три­сы <i>AP</i> : <i>PB</i>  =  <i>AC</i> : <i>CB</i>  =  <i>b</i> : <i>a</i>, <i>AP</i> + <i>PB</i>  =  <i>AB</i>  =  <i>c</i>. От­сю­да </p><p class=\"left_margin\"></p><center><p><img src=\"https://ege.sdamgia.ru/formula/svg/73/738a588b5c7cf637fdef895197ddbdc9.svg\" class=\"tex\" style=\"vertical-align:-9.3pt\" alt=\"AP= дробь: чис­ли­тель: bc, зна­ме­на­тель: a плюс b конец дроби \"> и <img src=\"https://ege.sdamgia.ru/formula/svg/33/33d3b311c927dd5e44248be94aa34a83.svg\" class=\"tex\" style=\"vertical-align:-9.3pt\" alt=\"PB= дробь: чис­ли­тель: ac, зна­ме­на­тель: a плюс b конец дроби . \"></p><p class=\"left_margin\"></p></center><p class=\"left_margin\">По­сколь­ку углы <i>ACL</i> и <i>LBC</i> равны 45°, по­лу­ча­ем, что тре­уголь­ни­ки <i>ACL</i> и <i>PAL</i> по­доб­ны по двум углам, тогда</p><p class=\"left_margin\"></p><center><p><img src=\"https://ege.sdamgia.ru/formula/svg/6c/6c6e423043df91b175f3d949d8c8b87e.svg\" class=\"tex\" style=\"vertical-align:-8.3pt\" alt=\" дробь: чис­ли­тель: AC, зна­ме­на­тель: PA конец дроби = дробь: чис­ли­тель: CL, зна­ме­на­тель: AL конец дроби , \"> <img src=\"https://ege.sdamgia.ru/formula/svg/19/19d21d326728d2b75b19bed0adb5d129.svg\" class=\"tex\" style=\"vertical-align:-11.0pt\" alt=\"b: дробь: чис­ли­тель: bc, зна­ме­на­тель: a плюс b конец дроби =d: дробь: чис­ли­тель: c, зна­ме­на­тель: ко­рень из: на­ча­ло ар­гу­мен­та: 2 конец ар­гу­мен­та конец дроби \">   и    <img src=\"https://ege.sdamgia.ru/formula/svg/92/92faaa8c4e907100ab7affcd0dda990a.svg\" class=\"tex\" style=\"vertical-align:-11.0pt\" alt=\"d= дробь: чис­ли­тель: a плюс b, зна­ме­на­тель: ко­рень из: на­ча­ло ар­гу­мен­та: 2 конец ар­гу­мен­та конец дроби . \"></p><p class=\"left_margin\"></p></center><p> Пло­щадь тре­уголь­ни­ка <i>KLM</i> равна по­ло­ви­не про­из­ве­де­ния его вы­со­ты <i>LC</i>, обо­зна­чен­ной бук­вой <i>d,</i> на сто­ро­ну, яв­ля­ю­щу­ю­ся ос­но­ва­ни­ем тре­уголь­ни­ка и рав­ную</p><p class=\"left_margin\"></p><center><p><img src=\"https://ege.sdamgia.ru/formula/svg/9a/9a0ac0c4aa1b2716b0469709872f3a5a.svg\" class=\"tex\" style=\"vertical-align:-11.0pt\" alt=\"KM=KC плюс CM= дробь: чис­ли­тель: a, зна­ме­на­тель: ко­рень из: на­ча­ло ар­гу­мен­та: 2 конец ар­гу­мен­та конец дроби плюс дробь: чис­ли­тель: b, зна­ме­на­тель: ко­рень из: на­ча­ло ар­гу­мен­та: 2 конец ар­гу­мен­та конец дроби =d. \"> </p><p class=\"left_margin\"></p></center><p class=\"left_margin\">Сле­до­ва­тель­но, ис­ко­мая пло­щадь равна <img src=\"https://ege.sdamgia.ru/formula/svg/04/045ca28f004fdb84832c8ca70818fc3e.svg\" class=\"tex\" style=\"vertical-align:-8.4pt\" alt=\" дробь: чис­ли­тель: d в квад­ра­те , зна­ме­на­тель: 2 конец дроби =18. \"></p><p>&nbsp;</p><p><span style=\"letter-spacing: 2px;\">Ответ:</span> 18.</p></div>",
        "image_urls": [
            "https://ege.sdamgia.ru/formula/svg/ff/ff80e339ecbbd2d2566b52a95bb7eb4c.svg",
            "https://ege.sdamgia.ru/formula/svg/49/49a1146a8b562baf8a6e882963cda791.svg",
            "https://ege.sdamgia.ru/formula/svg/46/462402ff62608e6be453050c324a9893.svg",
            "https://ege.sdamgia.ru/formula/svg/73/738a588b5c7cf637fdef895197ddbdc9.svg",
            "https://ege.sdamgia.ru/formula/svg/33/33d3b311c927dd5e44248be94aa34a83.svg",
            "https://ege.sdamgia.ru/formula/svg/6c/6c6e423043df91b175f3d949d8c8b87e.svg",
            "https://ege.sdamgia.ru/formula/svg/19/19d21d326728d2b75b19bed0adb5d129.svg",
            "https://ege.sdamgia.ru/formula/svg/92/92faaa8c4e907100ab7affcd0dda990a.svg",
            "https://ege.sdamgia.ru/formula/svg/9a/9a0ac0c4aa1b2716b0469709872f3a5a.svg",
            "https://ege.sdamgia.ru/formula/svg/04/045ca28f004fdb84832c8ca70818fc3e.svg",
            "/get_file?id=147873"
        ]
    },
    "answer": "18.",
    "topic_id": 17,
    "analog_ids": [
        562144
    ]
}