{
    "gia_type": "ege",
    "subject": "math",
    "id": 562189,
    "condition": {
        "text": "На сторонах AC, AB и BC прямоугольного треугольника ABC с прямым углом C во внешнюю сторону построены равнобедренные прямоугольные треугольники AKC и ALB и BMC с прямыми углами K, L и M соответственно.а)  Докажите, что LC  — высота треугольника KLM.б)  Найдите площадь треугольника KLM, если LC  =  10.",
        "html": "<div align=\"justify\" width=\"100%\" id=\"body457457\" class=\"pbody\"><p class=\"left_margin\">На сто­ро­нах <i>AC</i>, <i>AB</i> и <i>BC</i> пря­мо­уголь­но­го тре­уголь­ни­ка <i>ABC</i> с пря­мым углом <i>C</i> во внеш­нюю сто­ро­ну по­стро­е­ны рав­но­бед­рен­ные пря­мо­уголь­ные тре­уголь­ни­ки <i>AKC</i> и <i>ALB</i> и <i>BMC</i> с пря­мы­ми уг­ла­ми <i>K</i>, <i>L</i> и <i>M</i> со­от­вет­ствен­но.</p><p class=\"left_margin\">а)  До­ка­жи­те, что <i>LC</i>  — вы­со­та тре­уголь­ни­ка <i>KLM</i>.</p><p class=\"left_margin\">б)  Най­ди­те пло­щадь тре­уголь­ни­ка <i>KLM</i>, если <i>LC</i>  =  10.</p></div>",
        "image_urls": []
    },
    "solution": {
        "text": "Решение. а)  Заметим, что ACBL вписан в окружность с диаметром AB. Значит,  как вписанные, следовательно,  откуда  Что требовалось доказать.б)  По теореме синусов для треугольника ACLнаходим: Отсюда  Ответ: 50.",
        "html": "<div align=\"justify\" width=\"100%\" id=\"sol562189\" class=\"solution\" style=\"clear:both;\" class=\"pbody\"><p class=\"left_margin\"></p><b>Ре­ше­ние<!--rule_info-->. </b><p class=\"left_margin\"><img src=\"/get_file?id=115194\" style=\"float:right;margin:10px;max-width:100%\">а)  За­ме­тим, что <i>ACBL</i> впи­сан в окруж­ность с диа­мет­ром <i>AB</i>. Зна­чит, <img src=\"https://ege.sdamgia.ru/formula/svg/58/58f1a1ceeb8a9aad83e2c40d17f2a007.svg\" class=\"tex\" style=\"vertical-align:-1.8pt\" alt=\"\\angle ACL=\\angle ABL \"> как впи­сан­ные, сле­до­ва­тель­но, <img src=\"https://ege.sdamgia.ru/formula/svg/0d/0df8237c6f8e127d795509de10691b31.svg\" class=\"tex\" style=\"vertical-align:-3.0pt\" alt=\"\\angle ACL=45 гра­ду­сов ,\"> от­ку­да <img src=\"https://ege.sdamgia.ru/formula/svg/0c/0cb9039e7ac46eca5b1f23efb5db788f.svg\" class=\"tex\" style=\"vertical-align:-1.8pt\" alt=\"\\angle KCL=45 гра­ду­сов плюс 45 гра­ду­сов =90 гра­ду­сов .\"> Что тре­бо­ва­лось до­ка­зать.</p><p class=\"left_margin\">б)  По тео­ре­ме си­ну­сов для тре­уголь­ни­ка <i>ACL</i>на­хо­дим:</p><p class=\"left_margin\"></p><center><p><span data-width=\"640\" data-formulahash=\"7cd687a37c1beb5504d02e823ee27255\" class=\"tex-span\" style=\"\"><img src=\"https://ege.sdamgia.ru/formula/svg/d1/d107207730df0e98b6a818e5de1ce201.svg\" class=\"tex\" style=\"vertical-align:-3.6pt\" alt=\"CL=2R умно­жить на синус \\widehatCAL =AB умно­жить на синус левая круг­лая скоб­ка \\widehatCAB плюс 45 гра­ду­сов пра­вая круг­лая скоб­ка =\"><br><img src=\"https://ege.sdamgia.ru/formula/svg/71/719614028b71135ef873a5fb6da7d6a8.svg\" class=\"tex\" style=\"vertical-align:-8.4pt\" alt=\"= дробь: чис­ли­тель: ко­рень из 2 , зна­ме­на­тель: 2 конец дроби умно­жить на AB умно­жить на синус \\widehatCAB плюс дробь: чис­ли­тель: ко­рень из 2 , зна­ме­на­тель: 2 конец дроби умно­жить на AB умно­жить на ко­си­нус \\widehatCAB= дробь: чис­ли­тель: ко­рень из 2 , зна­ме­на­тель: 2 конец дроби умно­жить на BC плюс дробь: чис­ли­тель: ко­рень из 2 , зна­ме­на­тель: 2 конец дроби умно­жить на AC=CM плюс CK=MK. \"></span><span data-width=\"515\" data-formulahash=\"7cd687a37c1beb5504d02e823ee27255\" class=\"tex-span\" style=\"display:none\"><img src=\"https://ege.sdamgia.ru/formula/svg/d1/d107207730df0e98b6a818e5de1ce201.svg\" class=\"tex\" style=\"vertical-align:-3.6pt\" alt=\"CL=2R умно­жить на синус \\widehatCAL =AB умно­жить на синус левая круг­лая скоб­ка \\widehatCAB плюс 45 гра­ду­сов пра­вая круг­лая скоб­ка =\"><br><img src=\"https://ege.sdamgia.ru/formula/svg/12/12134274b8c7a701beac7baea1d55e1d.svg\" class=\"tex\" style=\"vertical-align:-8.5pt\" alt=\"= дробь: чис­ли­тель: ко­рень из 2 , зна­ме­на­тель: 2 конец дроби умно­жить на AB умно­жить на синус \\widehatCAB плюс дробь: чис­ли­тель: ко­рень из 2 , зна­ме­на­тель: 2 конец дроби умно­жить на AB умно­жить на ко­си­нус \\widehatCAB= \"><br><img src=\"https://ege.sdamgia.ru/formula/svg/7c/7c93099b6b834f30576d1fe1d4517392.svg\" class=\"tex\" style=\"vertical-align:-8.5pt\" alt=\"= дробь: чис­ли­тель: ко­рень из 2 , зна­ме­на­тель: 2 конец дроби умно­жить на BC плюс дробь: чис­ли­тель: ко­рень из 2 , зна­ме­на­тель: 2 конец дроби умно­жить на AC=CM плюс CK=MK. \"></span></p><p class=\"left_margin\"></p></center><p> От­сю­да <img src=\"https://ege.sdamgia.ru/formula/svg/23/232361aefd3acb2d2aaac5d70f377161.svg\" class=\"tex\" style=\"vertical-align:-8.4pt\" alt=\"S_KLM= дробь: чис­ли­тель: 1, зна­ме­на­тель: 2 конец дроби умно­жить на 10 умно­жить на 10=50.\"></p><p>&nbsp;</p><p><span style=\"letter-spacing: 2px;\">Ответ:</span> 50.</p></div>",
        "image_urls": [
            "https://ege.sdamgia.ru/formula/svg/58/58f1a1ceeb8a9aad83e2c40d17f2a007.svg",
            "https://ege.sdamgia.ru/formula/svg/0d/0df8237c6f8e127d795509de10691b31.svg",
            "https://ege.sdamgia.ru/formula/svg/0c/0cb9039e7ac46eca5b1f23efb5db788f.svg",
            "https://ege.sdamgia.ru/formula/svg/d1/d107207730df0e98b6a818e5de1ce201.svg",
            "https://ege.sdamgia.ru/formula/svg/71/719614028b71135ef873a5fb6da7d6a8.svg",
            "https://ege.sdamgia.ru/formula/svg/d1/d107207730df0e98b6a818e5de1ce201.svg",
            "https://ege.sdamgia.ru/formula/svg/12/12134274b8c7a701beac7baea1d55e1d.svg",
            "https://ege.sdamgia.ru/formula/svg/7c/7c93099b6b834f30576d1fe1d4517392.svg",
            "https://ege.sdamgia.ru/formula/svg/23/232361aefd3acb2d2aaac5d70f377161.svg",
            "/get_file?id=115194"
        ]
    },
    "answer": "50.",
    "topic_id": 17,
    "analog_ids": []
}