{
    "gia_type": "ege",
    "subject": "math",
    "id": 562696,
    "condition": {
        "text": "В  треугольнике ABC проведены  две  высоты BM и CN, причем AM : CM  =  2 : 3 и а)  Докажите, что угол ABC тупой.б)  Найдите отношение площадей треугольников BMN и ABC.",
        "html": "<div align=\"justify\" width=\"100%\" id=\"body456948\" class=\"pbody\"><p class=\"left_margin\">В  тре­уголь­ни­ке <i>ABC</i> про­ве­де­ны  две  вы­со­ты <i>BM</i> и <i>CN</i>, при­чем <i>AM</i> : <i>CM</i>  =  2 : 3 и <img src=\"https://ege.sdamgia.ru/formula/svg/9a/9a1c640b06d5e502fe51a64555eb6f1d.svg\" class=\"tex\" style=\"vertical-align:-11.0pt\" alt=\" ко­си­нус \\angle BAC= дробь: чис­ли­тель: 2, зна­ме­на­тель: ко­рень из: на­ча­ло ар­гу­мен­та: 5 конец ар­гу­мен­та конец дроби . \"></p><p class=\"left_margin\">а)  До­ка­жи­те, что угол <i>ABC</i> тупой.</p><p class=\"left_margin\">б)  Най­ди­те от­но­ше­ние пло­ща­дей тре­уголь­ни­ков <i>BMN</i> и <i>ABC</i>.</p></div>",
        "image_urls": [
            "https://ege.sdamgia.ru/formula/svg/9a/9a1c640b06d5e502fe51a64555eb6f1d.svg"
        ]
    },
    "solution": {
        "text": "Решение. а)  Пусть AM  =  2x, CM  =  3x. Тогда  По теореме косинусовоткуда  что и требовалось доказать.б)  Далее получаем:    откуда ТогдаОтвет: б) 2 : 5.",
        "html": "<div align=\"justify\" width=\"100%\" id=\"sol562696\" class=\"solution\" style=\"clear:both;\" class=\"pbody\"><p class=\"left_margin\"></p><b>Ре­ше­ние<!--rule_info-->. </b><p class=\"left_margin\"><img src=\"/get_file?id=147937\" style=\"float:right;margin:10px;max-width:100%\"></p><p class=\"left_margin\">а)  Пусть <i>AM</i>  =  2<i>x</i>, <i>CM</i>  =  3<i>x</i>. Тогда </p><p class=\"left_margin\"></p><center><p><img src=\"https://ege.sdamgia.ru/formula/svg/e5/e51bc8bf166411279e788e030598b3f8.svg\" class=\"tex\" style=\"vertical-align:-10.9pt\" alt=\"BA= дробь: чис­ли­тель: AM, зна­ме­на­тель: ко­си­нус \\angle BAM конец дроби =2x: дробь: чис­ли­тель: 2, зна­ме­на­тель: ко­рень из: на­ча­ло ар­гу­мен­та: 5 конец ар­гу­мен­та конец дроби = ко­рень из: на­ча­ло ар­гу­мен­та: 5 конец ар­гу­мен­та x, \"></p><p><img src=\"https://ege.sdamgia.ru/formula/svg/db/db6d09baa1ac3014af496813f61a98fa.svg\" class=\"tex\" style=\"vertical-align:-3.0pt\" alt=\"BM в квад­ра­те =BA в квад­ра­те минус AM в квад­ра­те =x в квад­ра­те ,\"></p><p><img src=\"https://ege.sdamgia.ru/formula/svg/e3/e3822ab3df4f74614e8c262438cc3377.svg\" class=\"tex\" style=\"vertical-align:-3.6pt\" alt=\"BC в квад­ра­те =x в квад­ра­те плюс левая круг­лая скоб­ка 3x пра­вая круг­лая скоб­ка в квад­ра­те =10x в квад­ра­те .\"></p><p class=\"left_margin\"></p></center><p> По тео­ре­ме ко­си­ну­сов</p><p class=\"left_margin\"></p><center><p><img src=\"https://ege.sdamgia.ru/formula/svg/c6/c6b49491c069a94369e40b89e9e7aa1a.svg\" class=\"tex\" style=\"vertical-align:-11.0pt\" alt=\" ко­си­нус \\angle ABC= дробь: чис­ли­тель: AB в квад­ра­те плюс BC в квад­ра­те минус AC в квад­ра­те , зна­ме­на­тель: 2AB умно­жить на BC конец дроби = дробь: чис­ли­тель: 5x в квад­ра­те плюс 10x в квад­ра­те минус 25x в квад­ра­те , зна­ме­на­тель: 2 ко­рень из: на­ча­ло ар­гу­мен­та: 5 конец ар­гу­мен­та x умно­жить на ко­рень из: на­ча­ло ар­гу­мен­та: 10 конец ар­гу­мен­та x конец дроби = минус дробь: чис­ли­тель: ко­рень из: на­ча­ло ар­гу­мен­та: 2 конец ар­гу­мен­та , зна­ме­на­тель: 2 конец дроби , \"></p><p class=\"left_margin\"></p></center><p>от­ку­да <img src=\"https://ege.sdamgia.ru/formula/svg/ad/ada17bba9913db7dc262830ac33a680e.svg\" class=\"tex\" style=\"vertical-align:-3.0pt\" alt=\"\\angle ABC=135 гра­ду­сов,\"> что и тре­бо­ва­лось до­ка­зать.</p><p class=\"left_margin\">б)  Далее по­лу­ча­ем: <img src=\"https://ege.sdamgia.ru/formula/svg/93/930e82595cbff97c9fda7768bbd359d0.svg\" class=\"tex\" style=\"vertical-align:-11.0pt\" alt=\" ко­си­нус \\angle ABM= дробь: чис­ли­тель: BM, зна­ме­на­тель: AB конец дроби = дробь: чис­ли­тель: 1, зна­ме­на­тель: ко­рень из: на­ча­ло ар­гу­мен­та: 5 конец ар­гу­мен­та конец дроби , \"> <img src=\"https://ege.sdamgia.ru/formula/svg/49/495f9d1ea6a98936c5ccf4845ac7ea96.svg\" class=\"tex\" style=\"vertical-align:-11.0pt\" alt=\" ко­си­нус \\angle MBN= минус дробь: чис­ли­тель: 1, зна­ме­на­тель: ко­рень из: на­ча­ло ар­гу­мен­та: 5 конец ар­гу­мен­та конец дроби , \"> <img src=\"https://ege.sdamgia.ru/formula/svg/cb/cb6f6a1faaa31f2c238e2d4ae5aa92d6.svg\" class=\"tex\" style=\"vertical-align:-11.0pt\" alt=\" синус \\angle MBN= дробь: чис­ли­тель: 2, зна­ме­на­тель: ко­рень из: на­ча­ло ар­гу­мен­та: 5 конец ар­гу­мен­та конец дроби , \"> от­ку­да</p><p class=\"left_margin\"></p><center><p><img src=\"https://ege.sdamgia.ru/formula/svg/89/8905c9c6a25586a000efc9522314a160.svg\" class=\"tex\" style=\"vertical-align:-3.0pt\" alt=\"\\angle NBC=180 гра­ду­сов минус \\angle ABC=45 гра­ду­сов,\"></p><p><img src=\"https://ege.sdamgia.ru/formula/svg/ea/eaef4575daf5a5723b4e223f2b6a770e.svg\" class=\"tex\" style=\"vertical-align:-8.5pt\" alt=\"BN=BC умно­жить на дробь: чис­ли­тель: ко­рень из: на­ча­ло ар­гу­мен­та: 2 конец ар­гу­мен­та , зна­ме­на­тель: 2 конец дроби = ко­рень из: на­ча­ло ар­гу­мен­та: 5 конец ар­гу­мен­та x. \"></p><p class=\"left_margin\"></p></center><p> Тогда</p><p class=\"left_margin\"></p><center><p><img src=\"https://ege.sdamgia.ru/formula/svg/45/45eb3ec68405cfd8dcd985a21116c1d5.svg\" class=\"tex\" style=\"vertical-align:-15.2pt\" alt=\" дробь: чис­ли­тель: S_MBN, зна­ме­на­тель: S_ABC конец дроби = дробь: чис­ли­тель: \\tfrac1, зна­ме­на­тель: 2 конец дроби умно­жить на BM умно­жить на BN умно­жить на \\tfrac2 ко­рень из: на­ча­ло ар­гу­мен­та: 5 конец ар­гу­мен­та \\tfrac12 умно­жить на AB умно­жить на BC умно­жить на \\tfrac ко­рень из: на­ча­ло ар­гу­мен­та: 2 конец ар­гу­мен­та 2= дробь: чис­ли­тель: ко­рень из: на­ча­ло ар­гу­мен­та: 5 конец ар­гу­мен­та умно­жить на x умно­жить на x умно­жить на \\tfrac2, зна­ме­на­тель: ко­рень из: на­ча­ло ар­гу­мен­та: 5 конец ар­гу­мен­та конец дроби ко­рень из: на­ча­ло ар­гу­мен­та: 5 конец ар­гу­мен­та умно­жить на x умно­жить на ко­рень из: на­ча­ло ар­гу­мен­та: 10 конец ар­гу­мен­та x умно­жить на \\tfrac ко­рень из: на­ча­ло ар­гу­мен­та: 2 конец ар­гу­мен­та 2= дробь: чис­ли­тель: 2, зна­ме­на­тель: 5 конец дроби . \"></p><p class=\"left_margin\"></p></center><p><span style=\"letter-spacing: 2px;\">Ответ:</span> б) 2 : 5.</p></div>",
        "image_urls": [
            "https://ege.sdamgia.ru/formula/svg/e5/e51bc8bf166411279e788e030598b3f8.svg",
            "https://ege.sdamgia.ru/formula/svg/db/db6d09baa1ac3014af496813f61a98fa.svg",
            "https://ege.sdamgia.ru/formula/svg/e3/e3822ab3df4f74614e8c262438cc3377.svg",
            "https://ege.sdamgia.ru/formula/svg/c6/c6b49491c069a94369e40b89e9e7aa1a.svg",
            "https://ege.sdamgia.ru/formula/svg/ad/ada17bba9913db7dc262830ac33a680e.svg",
            "https://ege.sdamgia.ru/formula/svg/93/930e82595cbff97c9fda7768bbd359d0.svg",
            "https://ege.sdamgia.ru/formula/svg/49/495f9d1ea6a98936c5ccf4845ac7ea96.svg",
            "https://ege.sdamgia.ru/formula/svg/cb/cb6f6a1faaa31f2c238e2d4ae5aa92d6.svg",
            "https://ege.sdamgia.ru/formula/svg/89/8905c9c6a25586a000efc9522314a160.svg",
            "https://ege.sdamgia.ru/formula/svg/ea/eaef4575daf5a5723b4e223f2b6a770e.svg",
            "https://ege.sdamgia.ru/formula/svg/45/45eb3ec68405cfd8dcd985a21116c1d5.svg",
            "/get_file?id=147937"
        ]
    },
    "answer": "б) 2 : 5.",
    "topic_id": 17,
    "analog_ids": []
}