{
    "gia_type": "ege",
    "subject": "math",
    "id": 563681,
    "condition": {
        "text": "Отрезок CH  — высота прямоугольного треугольника ABC с прямым углом C. На катетах AC  и BC выбраны точки M и N соответственно такие, что  a) Докажите, что треугольник MNH подобен треугольнику ABC.б)  Найдите CN, если BC  =  3, AC  =  5, CM  =  2.",
        "html": "<div align=\"justify\" width=\"100%\" id=\"body456477\" class=\"pbody\"><p class=\"left_margin\">От­ре­зок <i>CH</i>  — вы­со­та пря­мо­уголь­но­го тре­уголь­ни­ка <i>ABC </i>с пря­мым углом <i>C</i>. На ка­те­тах <i>AC </i> и <i>BC</i> вы­бра­ны точки <i>M</i> и <i>N</i> со­от­вет­ствен­но такие, что  <img src=\"https://ege.sdamgia.ru/formula/svg/22/228437e75b3f9137dde31066cd305be7.svg\" class=\"tex\" style=\"vertical-align:-1.8pt\" alt=\"\\angle MHN = 90 гра­ду­сов. \"></p><p class=\"left_margin\">a) До­ка­жи­те, что тре­уголь­ник <i>MNH</i> по­до­бен тре­уголь­ни­ку <i>ABC</i>.</p><p class=\"left_margin\">б)  Най­ди­те <i>CN</i>, если <i>BC</i>  =  3, <i>AC</i>  =  5, <i>CM</i>  =  2.</p></div>",
        "image_urls": [
            "https://ege.sdamgia.ru/formula/svg/22/228437e75b3f9137dde31066cd305be7.svg"
        ]
    },
    "solution": {
        "text": "Решение. а)  Заметим, что сумма углов MHN и MCN равна 180°, поэтому четырехугольник CMHN вписан в окружность. Углы HMN и HCN равны как вписанные. Углы HCN и CAB равны, потому что каждый из них равен  Таким образом, треугольники HMN и CAB подобны по двум углам. Это и требовалось доказать.б)  Заметим, что   а  Тогда треугольники CMH и BNH подобны по двум углам, причем из пункта а) следует, что  Из  этой цепочки равенств получаем, что  а тогда  Ответ:  Примечание.Внимательный читатель заметит неточность в рисунке. Подробно об этом написано в примечании к задаче 563674.",
        "html": "<div align=\"justify\" width=\"100%\" id=\"sol563681\" class=\"solution\" style=\"clear:both;\" class=\"pbody\"><p class=\"left_margin\"></p><b>Ре­ше­ние<!--rule_info-->. </b><p class=\"left_margin\"><img src=\"/get_file?id=150038\" style=\"float:right;margin:10px;max-width:100%\"></p><p class=\"left_margin\">а)  За­ме­тим, что сумма углов <i>MHN</i> и <i>MCN</i> равна 180°, по­это­му че­ты­рех­уголь­ник <i>CMHN</i> впи­сан в окруж­ность. Углы <i>HMN</i> и <i>HCN</i> равны как впи­сан­ные. Углы <i>HCN</i> и <i>CAB</i> равны, по­то­му что каж­дый из них равен <img src=\"https://ege.sdamgia.ru/formula/svg/fa/faa3742e3b684549313f5cf0a5bb27c6.svg\" class=\"tex\" style=\"vertical-align:-1.8pt\" alt=\"90 в сте­пе­ни левая круг­лая скоб­ка \\circ пра­вая круг­лая скоб­ка минус \\angle ABC.\"> Таким об­ра­зом, тре­уголь­ни­ки <i>HMN</i> и <i>CAB</i> по­доб­ны по двум углам. Это и тре­бо­ва­лось до­ка­зать.</p><p class=\"left_margin\">б)  За­ме­тим, что  </p><p class=\"left_margin\"></p><center><p><img src=\"https://ege.sdamgia.ru/formula/svg/44/4472954a8fa55843786cd0c5f582657a.svg\" class=\"tex\" style=\"vertical-align:-3.0pt\" alt=\"\\angle CMH=180 в сте­пе­ни левая круг­лая скоб­ка \\circ пра­вая круг­лая скоб­ка минус \\angle CNH=\\angle BNH,\"> </p><p class=\"left_margin\"></p></center><p>а <img src=\"https://ege.sdamgia.ru/formula/svg/8b/8b0ddf705f71f36b9728f2065524d852.svg\" class=\"tex\" style=\"vertical-align:-1.8pt\" alt=\"\\angle MCH=90 в сте­пе­ни левая круг­лая скоб­ка \\circ пра­вая круг­лая скоб­ка минус \\angle A=\\angle B.\"> Тогда тре­уголь­ни­ки <i>CMH</i> и <i>BNH</i> по­доб­ны по двум углам, при­чем из пунк­та а) сле­ду­ет, что</p><p class=\"left_margin\"></p><center><p> <img src=\"https://ege.sdamgia.ru/formula/svg/a8/a89d58fe0a57add2d62ba85706cca85c.svg\" class=\"tex\" style=\"vertical-align:-8.4pt\" alt=\" дробь: чис­ли­тель: CM, зна­ме­на­тель: BN конец дроби = дробь: чис­ли­тель: MH, зна­ме­на­тель: HN конец дроби = дробь: чис­ли­тель: AC, зна­ме­на­тель: BC конец дроби = дробь: чис­ли­тель: 5, зна­ме­на­тель: 3 конец дроби . \"></p><p class=\"left_margin\"></p></center><p> Из  этой це­поч­ки ра­венств по­лу­ча­ем, что <img src=\"https://ege.sdamgia.ru/formula/svg/b3/b32e15ce4e2cb620d59235d31b925d83.svg\" class=\"tex\" style=\"vertical-align:-8.4pt\" alt=\"BN= дробь: чис­ли­тель: 6, зна­ме­на­тель: 5 конец дроби ,\"> а тогда <img src=\"https://ege.sdamgia.ru/formula/svg/e6/e6cd58318cbb41270e3028032460b170.svg\" class=\"tex\" style=\"vertical-align:-8.4pt\" alt=\"CN=3 минус дробь: чис­ли­тель: 6, зна­ме­на­тель: 5 конец дроби = дробь: чис­ли­тель: 9, зна­ме­на­тель: 5 конец дроби .\"></p><p>&nbsp;</p><p><span style=\"letter-spacing: 2px;\">Ответ:</span> <img src=\"https://ege.sdamgia.ru/formula/svg/03/03df4f5803efa3d4390e49658681e746.svg\" class=\"tex\" style=\"vertical-align:-8.5pt\" alt=\" дробь: чис­ли­тель: 9, зна­ме­на­тель: 5 конец дроби .\"></p><p>&nbsp;</p><p><b>При­ме­ча­ние.</b></p><p class=\"left_margin\">Вни­ма­тель­ный чи­та­тель за­ме­тит не­точ­ность в ри­сун­ке. По­дроб­но об этом на­пи­са­но в при­ме­ча­нии к за­да­че <a href=\"https://math-ege.sdamgia.ru/problem?id=563674\" target=\"_blank\">563674</a>.</p></div>",
        "image_urls": [
            "https://ege.sdamgia.ru/formula/svg/fa/faa3742e3b684549313f5cf0a5bb27c6.svg",
            "https://ege.sdamgia.ru/formula/svg/44/4472954a8fa55843786cd0c5f582657a.svg",
            "https://ege.sdamgia.ru/formula/svg/8b/8b0ddf705f71f36b9728f2065524d852.svg",
            "https://ege.sdamgia.ru/formula/svg/a8/a89d58fe0a57add2d62ba85706cca85c.svg",
            "https://ege.sdamgia.ru/formula/svg/b3/b32e15ce4e2cb620d59235d31b925d83.svg",
            "https://ege.sdamgia.ru/formula/svg/e6/e6cd58318cbb41270e3028032460b170.svg",
            "https://ege.sdamgia.ru/formula/svg/03/03df4f5803efa3d4390e49658681e746.svg",
            "/get_file?id=150038"
        ]
    },
    "answer": "",
    "topic_id": 17,
    "analog_ids": [
        563681,
        563674
    ]
}