{
    "gia_type": "ege",
    "subject": "math",
    "id": 621229,
    "condition": {
        "text": "В остроугольном  треугольнике ABC проведены высоты BB1 и CC1. Прямые B1C1  и BC пересекаются в точке P. а)  Докажите, что треугольники PBC1 и PB1C подобны. б)  Найдите  расстояние  от вершины A до  точки  пересечения высот  треугольника ABC, если BP  =  BB1, ∠ABC  =  80°,  а точка B лежит между C и P.",
        "html": "<div align=\"justify\" width=\"100%\" id=\"body463953\" class=\"pbody\"><p class=\"left_margin\">В ост­ро­уголь­ном  тре­уголь­ни­ке <i>ABC</i> про­ве­де­ны вы­со­ты <i>BB</i><sub>1</sub> и <i>CC</i><sub>1</sub>. Пря­мые <i>B</i><sub>1</sub><i>C</i><sub>1</sub>  и <i>BC</i> пе­ре­се­ка­ют­ся в точке <i>P</i>. </p><p class=\"left_margin\">а)  До­ка­жи­те, что тре­уголь­ни­ки <i>PBC</i><sub>1</sub> и <i>PB</i><sub>1</sub><i>C</i> по­доб­ны. </p><p class=\"left_margin\">б)  Най­ди­те  рас­сто­я­ние  от вер­ши­ны <i>A</i> до  точки  пе­ре­се­че­ния высот  тре­уголь­ни­ка <i>ABC</i>, если <i>BP</i>  =  <i>BB</i><sub>1</sub>, ∠<i>ABC</i>  =  80°, <img src=\"https://ege.sdamgia.ru/formula/svg/f6/f6c15d1bf30074604a59ba2a62345821.svg\" class=\"tex\" style=\"vertical-align:-3.1pt\" alt=\"BC=2 ко­рень из: на­ча­ло ар­гу­мен­та: 3 конец ар­гу­мен­та ,\"> а точка <i>B</i> лежит между <i>C</i> и <i>P</i>.</p></div>",
        "image_urls": [
            "https://ege.sdamgia.ru/formula/svg/f6/f6c15d1bf30074604a59ba2a62345821.svg"
        ]
    },
    "solution": {
        "text": "Решение. а)  Точки B, C, B1, C1 лежат на окружности с диаметром BC, поэтому сумма углов BCB1 и BC1B1 равна 180°. Отсюда следует равенство углов PC1B и PCB1. А тогда треугольники PC1B и PCB1 подобны по двум углам. Что и требовалось доказать.б)  Пусть H  — точка пересечения высот треугольника ABC. Заметим, что треугольник PBB1 равнобедренный, поэтому углы BPB1 и BB1P равны. А углы HB1C1 и HAC1 опираются на одну и ту же дугу окружности, построенной на AH как на диаметре, поэтому они тоже равны. Последний же угол, как легко видеть равен  Теперь получаем, что угол PBB1 равен  Угол ABB1 же тогда равен  откуда Заметим теперь, что  поэтому треугольники AB1C1 и ABC подобны с коэффициентом  Диаметр описанной окружности треугольника ABC равен  Диаметры описанных окружностей подобных треугольников относятся как коэффициент подобия, поэтому  Отсюда AH  =  6. Ответ: б) 6.",
        "html": "<div align=\"justify\" width=\"100%\" id=\"sol621229\" class=\"solution\" style=\"clear:both;\" class=\"pbody\"><p class=\"left_margin\"></p><b>Ре­ше­ние<!--rule_info-->. </b><p class=\"left_margin\"><img src=\"/get_file?id=147945\" style=\"float:right;margin:10px;max-width:100%\"></p><p class=\"left_margin\">а)  Точки <i>B</i>, <i>C</i>, <i>B</i><sub>1</sub>, <i>C</i><sub>1</sub> лежат на окруж­но­сти с диа­мет­ром <i>BC</i>, по­это­му сумма углов <i>BCB</i><sub>1</sub> и <i>BC</i><sub>1</sub><i>B</i><sub>1</sub> равна 180°. От­сю­да сле­ду­ет ра­вен­ство углов <i>PC</i><sub>1</sub><i>B</i> и <i>PCB</i><sub>1</sub>. А тогда тре­уголь­ни­ки <i>PC</i><sub>1</sub><i>B</i> и <i>PCB</i><sub>1</sub> по­доб­ны по двум углам. Что и тре­бо­ва­лось до­ка­зать.</p><p class=\"left_margin\">б)  Пусть <i>H</i>  — точка пе­ре­се­че­ния высот тре­уголь­ни­ка <i>ABC</i>. За­ме­тим, что тре­уголь­ник <i>PBB</i><sub>1</sub> рав­но­бед­рен­ный, по­это­му углы <i>BPB</i><sub>1</sub> и <i>BB</i><sub>1</sub><i>P</i> равны. А углы <i>HB</i><sub>1</sub><i>C</i><sub>1</sub> и <i>HAC</i><sub>1</sub> опи­ра­ют­ся на одну и ту же дугу окруж­но­сти, по­стро­ен­ной на <i>AH</i> как на диа­мет­ре, по­это­му они тоже равны. По­след­ний же угол, как легко ви­деть равен <img src=\"https://ege.sdamgia.ru/formula/svg/85/8554adb3bc6cea1cda99f5b9c3f3e788.svg\" class=\"tex\" style=\"vertical-align:-1.8pt\" alt=\"90 в сте­пе­ни левая круг­лая скоб­ка \\circ пра­вая круг­лая скоб­ка минус \\angle ABC=10 в сте­пе­ни левая круг­лая скоб­ка \\circ пра­вая круг­лая скоб­ка .\"> Те­перь по­лу­ча­ем, что угол <i>PBB</i><sub>1</sub> равен <img src=\"https://ege.sdamgia.ru/formula/svg/d8/d8540da47480764f7892e334fe2d4273.svg\" class=\"tex\" style=\"vertical-align:-1.8pt\" alt=\"180 в сте­пе­ни левая круг­лая скоб­ка \\circ пра­вая круг­лая скоб­ка минус 10 в сте­пе­ни левая круг­лая скоб­ка \\circ пра­вая круг­лая скоб­ка минус 10 в сте­пе­ни левая круг­лая скоб­ка \\circ пра­вая круг­лая скоб­ка =160 в сте­пе­ни левая круг­лая скоб­ка \\circ пра­вая круг­лая скоб­ка .\"> Угол <i>ABB</i><sub>1</sub> же тогда равен <img src=\"https://ege.sdamgia.ru/formula/svg/03/03f268cf4e1f9dd951e4383a5f3f3037.svg\" class=\"tex\" style=\"vertical-align:-3.0pt\" alt=\"160 в сте­пе­ни левая круг­лая скоб­ка \\circ пра­вая круг­лая скоб­ка плюс 80 в сте­пе­ни левая круг­лая скоб­ка \\circ пра­вая круг­лая скоб­ка минус 180 в сте­пе­ни левая круг­лая скоб­ка \\circ пра­вая круг­лая скоб­ка =60 в сте­пе­ни левая круг­лая скоб­ка \\circ пра­вая круг­лая скоб­ка ,\"> от­ку­да <img src=\"https://ege.sdamgia.ru/formula/svg/7f/7f6ef015ca79513d98dc0f18c0e075df.svg\" class=\"tex\" style=\"vertical-align:-1.8pt\" alt=\"\\angle A=30 в сте­пе­ни левая круг­лая скоб­ка \\circ пра­вая круг­лая скоб­ка .\"></p><p class=\"left_margin\">За­ме­тим те­перь, что </p><p class=\"left_margin\"></p><center><p><img src=\"https://ege.sdamgia.ru/formula/svg/b1/b1b52c38dbb357c41b6ff4f4a84fbbd3.svg\" class=\"tex\" style=\"vertical-align:-8.5pt\" alt=\"AB_1:AB=AC_1:AC= ко­си­нус \\angle A= дробь: чис­ли­тель: ко­рень из: на­ча­ло ар­гу­мен­та: 3 конец ар­гу­мен­та , зна­ме­на­тель: 2 конец дроби , \"></p><p class=\"left_margin\"></p></center><p> по­это­му тре­уголь­ни­ки <i>AB</i><sub>1</sub><i>C</i><sub>1</sub> и <i>ABC</i> по­доб­ны с ко­эф­фи­ци­ен­том <img src=\"https://ege.sdamgia.ru/formula/svg/53/5331a1879e0f42f047d1f5b5d74c45d1.svg\" class=\"tex\" style=\"vertical-align:-8.5pt\" alt=\" дробь: чис­ли­тель: ко­рень из: на­ча­ло ар­гу­мен­та: 3 конец ар­гу­мен­та , зна­ме­на­тель: 2 конец дроби . \"> Диа­метр опи­сан­ной окруж­но­сти тре­уголь­ни­ка <i>ABC</i> равен <img src=\"https://ege.sdamgia.ru/formula/svg/43/438d120c8353d4f4361776d8f50e8dcf.svg\" class=\"tex\" style=\"vertical-align:-8.4pt\" alt=\" дробь: чис­ли­тель: BC, зна­ме­на­тель: синус A конец дроби =4 ко­рень из: на­ча­ло ар­гу­мен­та: 3 конец ар­гу­мен­та . \"> Диа­мет­ры опи­сан­ных окруж­но­стей по­доб­ных тре­уголь­ни­ков от­но­сят­ся как ко­эф­фи­ци­ент по­до­бия, по­это­му <img src=\"https://ege.sdamgia.ru/formula/svg/73/73ac59e4269f0ab6f2cdb2e48e61ca50.svg\" class=\"tex\" style=\"vertical-align:-1.8pt\" alt=\"AH:4 ко­рень из: на­ча­ло ар­гу­мен­та: 3 конец ар­гу­мен­та = ко­рень из: на­ча­ло ар­гу­мен­та: 3 конец ар­гу­мен­та :2.\"> От­сю­да <i>AH</i>  =  6.</p><p>&nbsp;</p><p><span style=\"letter-spacing: 2px;\">Ответ:</span> б) 6.</p></div>",
        "image_urls": [
            "https://ege.sdamgia.ru/formula/svg/85/8554adb3bc6cea1cda99f5b9c3f3e788.svg",
            "https://ege.sdamgia.ru/formula/svg/d8/d8540da47480764f7892e334fe2d4273.svg",
            "https://ege.sdamgia.ru/formula/svg/03/03f268cf4e1f9dd951e4383a5f3f3037.svg",
            "https://ege.sdamgia.ru/formula/svg/7f/7f6ef015ca79513d98dc0f18c0e075df.svg",
            "https://ege.sdamgia.ru/formula/svg/b1/b1b52c38dbb357c41b6ff4f4a84fbbd3.svg",
            "https://ege.sdamgia.ru/formula/svg/53/5331a1879e0f42f047d1f5b5d74c45d1.svg",
            "https://ege.sdamgia.ru/formula/svg/43/438d120c8353d4f4361776d8f50e8dcf.svg",
            "https://ege.sdamgia.ru/formula/svg/73/73ac59e4269f0ab6f2cdb2e48e61ca50.svg",
            "/get_file?id=147945"
        ]
    },
    "answer": "б) 6.",
    "topic_id": 17,
    "analog_ids": []
}