{
    "gia_type": "ege",
    "subject": "math",
    "id": 623356,
    "condition": {
        "text": "Дан остроугольный треугольник ABC.  Биссектриса внутреннего угла при вершине B  пересекает  биссектрису внешнего  угла  при  вершине  C  в  точке  M,  а  биссектриса внутреннего угла при вершине C пересекает биссектрису внешнего угла при вершине B в точке N.а)  Докажите, что б)  Найдите BM,  если AB  =  AC  =  5, BC  =  6.",
        "html": "<div align=\"justify\" width=\"100%\" id=\"body519168\" class=\"pbody\"><p class=\"left_margin\">Дан ост­ро­уголь­ный тре­уголь­ник <i>ABC</i>.  Бис­сек­три­са внут­рен­не­го угла при вер­ши­не <i>B</i>  пе­ре­се­ка­ет  бис­сек­три­су внеш­не­го  угла  при  вер­ши­не  <i>C</i>  в  точке  <i>M</i>,  а  бис­сек­три­са внут­рен­не­го угла при вер­ши­не <i>C</i> пе­ре­се­ка­ет бис­сек­три­су внеш­не­го угла при вер­ши­не <i>B</i> в точке <i>N</i>.</p><p class=\"left_margin\">а)  До­ка­жи­те, что <img src=\"https://ege.sdamgia.ru/formula/svg/55/55bae5294403bde7e62ad96e1e867b58.svg\" class=\"tex\" style=\"vertical-align:-1.8pt\" alt=\"2\\angle BMN=\\angle ACB.\"></p><p class=\"left_margin\">б)  Най­ди­те <i>BM</i>,  если <i>AB</i>  =  <i>AC</i>  =  5, <i>BC</i>  =  6.</p></div>",
        "image_urls": [
            "https://ege.sdamgia.ru/formula/svg/55/55bae5294403bde7e62ad96e1e867b58.svg"
        ]
    },
    "solution": {
        "text": "Решение. а)  Обозначим точку пересечения внутренних биссектрис буквой I. Заметим, что точка M равноудалена от прямых AB, BC, AC, поэтому она лежит на биссектрисе внешнего угла при вершине A. Аналогично, на этой же биссектрисе лежит точка N. Поэтому прямая MN проходит через точку A, то есть угол BMN равен углу IMA. Заметим еще, что Таким образом, четырехугольник AICM вписан в окружность. Значит,  Что и требовалось доказать.б)  Зная  найдем   Биссектрисы внутреннего и внешнего угла перпендикулярны, поэтому IM  — диаметр окружности IAMC. По теореме синусов  Найдем отрезок BI. Пусть длина биссектрисы, проведенной из вершины B, равна l. Применим теорему косинусов:  значит,  Теперь, по свойству биссектрисы, получаем, что  Отсюда  а тогда  Ответ: б)  Приведем решение пункта а) Ирины Шраго.Заметим, что угол между биссектрисами внешнего и внутреннего угла равен 90°, следовательно, ∠NBM = ∠NCM  =  90°. Тогда четырехугольник NBCM  — вписанный, и ∠BMN = ∠BCN как углы, опирающиеся на одну дугу. При этом  поскольку CN  — биссектриса, следовательно, ",
        "html": "<div align=\"justify\" width=\"100%\" id=\"sol623356\" class=\"solution\" style=\"clear:both;\" class=\"pbody\"><p class=\"left_margin\"></p><b>Ре­ше­ние<!--rule_info-->. </b><p class=\"left_margin\"><img src=\"/get_file?id=97047\" style=\"float:right;margin:10px;max-width:100%\"></p><p class=\"left_margin\">а)  Обо­зна­чим точку пе­ре­се­че­ния внут­рен­них бис­сек­трис бук­вой <i>I</i>. За­ме­тим, что точка <i>M</i> рав­но­уда­ле­на от пря­мых <i>AB</i>, <i>BC</i>, <i>AC</i>, по­это­му она лежит на бис­сек­три­се внеш­не­го угла при вер­ши­не <i>A</i>. Ана­ло­гич­но, на этой же бис­сек­три­се лежит точка <i>N</i>. По­это­му пря­мая <i>MN</i> про­хо­дит через точку <i>A</i>, то есть угол <i>BMN</i> равен углу <i>IMA</i>. За­ме­тим еще, что</p><p class=\"left_margin\"></p><center><p><span data-width=\"640\" data-formulahash=\"e31e258708d85a68b6a3e37f57af9a8d\" class=\"tex-span\" style=\"\"><img src=\"https://ege.sdamgia.ru/formula/svg/e3/e31e258708d85a68b6a3e37f57af9a8d.svg\" class=\"tex\" style=\"vertical-align:-11.2pt\" alt=\" \\angle AMC плюс \\angle AIC= левая круг­лая скоб­ка 180 в сте­пе­ни левая круг­лая скоб­ка \\circ пра­вая круг­лая скоб­ка минус дробь: чис­ли­тель: 1, зна­ме­на­тель: 2 конец дроби левая круг­лая скоб­ка 360 в сте­пе­ни левая круг­лая скоб­ка \\circ пра­вая круг­лая скоб­ка минус \\angle A минус \\angle C пра­вая круг­лая скоб­ка пра­вая круг­лая скоб­ка плюс левая круг­лая скоб­ка 180 в сте­пе­ни левая круг­лая скоб­ка \\circ пра­вая круг­лая скоб­ка минус дробь: чис­ли­тель: 1, зна­ме­на­тель: 2 конец дроби левая круг­лая скоб­ка \\angle A плюс \\angle C пра­вая круг­лая скоб­ка пра­вая круг­лая скоб­ка =180 в сте­пе­ни левая круг­лая скоб­ка \\circ пра­вая круг­лая скоб­ка .\"></span><span data-width=\"515\" data-formulahash=\"e31e258708d85a68b6a3e37f57af9a8d\" class=\"tex-span\" style=\"display:none\"><img src=\"https://ege.sdamgia.ru/formula/svg/10/10e1cb78cc1a815b208b986b324a5374.svg\" class=\"tex\" style=\"vertical-align:-1.8pt\" alt=\" \\angle AMC плюс \\angle AIC=\"><br><img src=\"https://ege.sdamgia.ru/formula/svg/57/57582adbee13026ec8ceb96ce0d25466.svg\" class=\"tex\" style=\"vertical-align:-11.2pt\" alt=\"= левая круг­лая скоб­ка 180 в сте­пе­ни левая круг­лая скоб­ка \\circ пра­вая круг­лая скоб­ка минус дробь: чис­ли­тель: 1, зна­ме­на­тель: 2 конец дроби левая круг­лая скоб­ка 360 в сте­пе­ни левая круг­лая скоб­ка \\circ пра­вая круг­лая скоб­ка минус \\angle A минус \\angle C пра­вая круг­лая скоб­ка пра­вая круг­лая скоб­ка плюс левая круг­лая скоб­ка 180 в сте­пе­ни левая круг­лая скоб­ка \\circ пра­вая круг­лая скоб­ка минус дробь: чис­ли­тель: 1, зна­ме­на­тель: 2 конец дроби левая круг­лая скоб­ка \\angle A плюс \\angle C пра­вая круг­лая скоб­ка пра­вая круг­лая скоб­ка =180 в сте­пе­ни левая круг­лая скоб­ка \\circ пра­вая круг­лая скоб­ка .\"></span><span data-width=\"415\" data-formulahash=\"e31e258708d85a68b6a3e37f57af9a8d\" class=\"tex-span\" style=\"display:none\"><img src=\"https://ege.sdamgia.ru/formula/svg/10/10e1cb78cc1a815b208b986b324a5374.svg\" class=\"tex\" style=\"vertical-align:-1.8pt\" alt=\" \\angle AMC плюс \\angle AIC=\"><br><img src=\"https://ege.sdamgia.ru/formula/svg/52/52d1f7fd793b67721045a175e1805088.svg\" class=\"tex\" style=\"vertical-align:-11.2pt\" alt=\"= левая круг­лая скоб­ка 180 в сте­пе­ни левая круг­лая скоб­ка \\circ пра­вая круг­лая скоб­ка минус дробь: чис­ли­тель: 1, зна­ме­на­тель: 2 конец дроби левая круг­лая скоб­ка 360 в сте­пе­ни левая круг­лая скоб­ка \\circ пра­вая круг­лая скоб­ка минус \\angle A минус \\angle C пра­вая круг­лая скоб­ка пра­вая круг­лая скоб­ка плюс левая круг­лая скоб­ка 180 в сте­пе­ни левая круг­лая скоб­ка \\circ пра­вая круг­лая скоб­ка минус дробь: чис­ли­тель: 1, зна­ме­на­тель: 2 конец дроби левая круг­лая скоб­ка \\angle A плюс \\angle C пра­вая круг­лая скоб­ка пра­вая круг­лая скоб­ка =\"><br><img src=\"https://ege.sdamgia.ru/formula/svg/30/30fde6593ae68044291d12a69e02e4b7.svg\" class=\"tex\" style=\"vertical-align:-1.8pt\" alt=\"=180 в сте­пе­ни левая круг­лая скоб­ка \\circ пра­вая круг­лая скоб­ка .\"></span></p><p class=\"left_margin\"></p></center><p> Таким об­ра­зом, че­ты­рех­уголь­ник <i>AICM</i> впи­сан в окруж­ность. Зна­чит, <img src=\"https://ege.sdamgia.ru/formula/svg/ef/ef93700ab33f759a9ba6df853ffbd1e9.svg\" class=\"tex\" style=\"vertical-align:-1.8pt\" alt=\"2 \\angle AMI=2 \\angle ACI=\\angle ACB.\"> Что и тре­бо­ва­лось до­ка­зать.</p><p class=\"left_margin\">б)  Зная <img src=\"https://ege.sdamgia.ru/formula/svg/e9/e988039753b1d02e6cec99d0e23e53cf.svg\" class=\"tex\" style=\"vertical-align:-8.5pt\" alt=\" ко­си­нус \\angle ABC= дробь: чис­ли­тель: 3, зна­ме­на­тель: 5 конец дроби ,\"> най­дем </p><p class=\"left_margin\"></p><center><p><img src=\"https://ege.sdamgia.ru/formula/svg/24/2453207ec2f0a2886cfb03f33de793ce.svg\" class=\"tex\" style=\"vertical-align:-11.2pt\" alt=\" синус \\angle AIC= ко­си­нус левая круг­лая скоб­ка дробь: чис­ли­тель: 1, зна­ме­на­тель: 2 конец дроби \\angle ABC пра­вая круг­лая скоб­ка = ко­рень из: на­ча­ло ар­гу­мен­та: дробь: чис­ли­тель: 1 плюс \\tfrac35, зна­ме­на­тель: 2 конец дроби конец ар­гу­мен­та = дробь: чис­ли­тель: 2, зна­ме­на­тель: ко­рень из: на­ча­ло ар­гу­мен­та: 5 конец ар­гу­мен­та конец дроби . \"></p><p class=\"left_margin\"></p></center> <p> Бис­сек­три­сы внут­рен­не­го и внеш­не­го угла пер­пен­ди­ку­ляр­ны, по­это­му <i>IM</i>  — диа­метр окруж­но­сти <i>IAMC</i>. По тео­ре­ме си­ну­сов <img src=\"https://ege.sdamgia.ru/formula/svg/c0/c030ef076b90ea07404dadd09b006f29.svg\" class=\"tex\" style=\"vertical-align:-8.5pt\" alt=\"IM= дробь: чис­ли­тель: AC, зна­ме­на­тель: синус \\angle AIC конец дроби = дробь: чис­ли­тель: 5 ко­рень из: на­ча­ло ар­гу­мен­та: 5 конец ар­гу­мен­та , зна­ме­на­тель: 2 конец дроби . \"> </p><p class=\"left_margin\">Най­дем от­ре­зок <i>BI</i>. Пусть длина бис­сек­три­сы, про­ве­ден­ной из вер­ши­ны <i>B</i>, равна <i>l</i>. При­ме­ним тео­ре­му ко­си­ну­сов: </p><p class=\"left_margin\"></p><center><p><img src=\"https://ege.sdamgia.ru/formula/svg/69/69011bb7b159beea66b43aebc4f3d47e.svg\" class=\"tex\" style=\"vertical-align:-11.2pt\" alt=\"l в квад­ра­те =6 в квад­ра­те плюс левая круг­лая скоб­ка дробь: чис­ли­тель: 6, зна­ме­на­тель: 11 конец дроби умно­жить на 5 пра­вая круг­лая скоб­ка в квад­ра­те минус 2 умно­жить на 6 умно­жить на дробь: чис­ли­тель: 6, зна­ме­на­тель: 11 конец дроби умно­жить на 5 умно­жить на дробь: чис­ли­тель: 3, зна­ме­на­тель: 5 конец дроби = дробь: чис­ли­тель: 2880, зна­ме­на­тель: 121 конец дроби , \"></p><p class=\"left_margin\"></p></center> <p>зна­чит, <img src=\"https://ege.sdamgia.ru/formula/svg/ac/ac8421bd6272dedb9a7b4f1a570e6aa3.svg\" class=\"tex\" style=\"vertical-align:-8.5pt\" alt=\"l= дробь: чис­ли­тель: 24 ко­рень из: на­ча­ло ар­гу­мен­та: 5 конец ар­гу­мен­та , зна­ме­на­тель: 11 конец дроби . \"> Те­перь, по свой­ству бис­сек­три­сы, по­лу­ча­ем, что <img src=\"https://ege.sdamgia.ru/formula/svg/78/780f42c9376205b7f40ef1d477eee1ef.svg\" class=\"tex\" style=\"vertical-align:-11.1pt\" alt=\"BI:l=6: левая круг­лая скоб­ка 6 плюс дробь: чис­ли­тель: 6, зна­ме­на­тель: 11 конец дроби умно­жить на 5 пра­вая круг­лая скоб­ка =11:16. \"> От­сю­да <img src=\"https://ege.sdamgia.ru/formula/svg/cf/cfcb116ddf2d58f093dfe09a876ac81a.svg\" class=\"tex\" style=\"vertical-align:-8.5pt\" alt=\"BI= дробь: чис­ли­тель: 3 ко­рень из: на­ча­ло ар­гу­мен­та: 5 конец ар­гу­мен­та , зна­ме­на­тель: 2 конец дроби , \"> а тогда <img src=\"https://ege.sdamgia.ru/formula/svg/ae/aed082d8d0926a303b5bc8963435e1e2.svg\" class=\"tex\" style=\"vertical-align:-1.8pt\" alt=\"BM=BI плюс IM=4 ко­рень из: на­ча­ло ар­гу­мен­та: 5 конец ар­гу­мен­та .\"></p><p>&nbsp;</p><p><span style=\"letter-spacing: 2px;\">Ответ:</span> б) <img src=\"https://ege.sdamgia.ru/formula/svg/d2/d2cd6303ac029199b8b7f3b0feea4472.svg\" class=\"tex\" style=\"vertical-align:-1.8pt\" alt=\"4 ко­рень из: на­ча­ло ар­гу­мен­та: 5 конец ар­гу­мен­та .\"></p><p>&nbsp;</p><p><b>При­ве­дем ре­ше­ние пунк­та а) Ирины Шраго.</b></p><p class=\"left_margin\">За­ме­тим, что угол между бис­сек­три­са­ми внеш­не­го и внут­рен­не­го угла равен 90°, сле­до­ва­тель­но, ∠<i>NBM</i> = ∠<i>NCM</i>  =  90°. Тогда че­ты­рех­уголь­ник <i>NBCM</i>  — впи­сан­ный, и ∠<i>BMN</i> = ∠<i>BCN</i> как углы, опи­ра­ю­щи­е­ся на одну дугу. При этом <img src=\"https://ege.sdamgia.ru/formula/svg/24/2441abee54a24835c04fc0c4fe3b0439.svg\" class=\"tex\" style=\"vertical-align:-8.3pt\" alt=\"\\angle BCN = дробь: чис­ли­тель: \\angle ACB, зна­ме­на­тель: 2 конец дроби , \"> по­сколь­ку <i>CN</i>  — бис­сек­три­са, сле­до­ва­тель­но, <img src=\"https://ege.sdamgia.ru/formula/svg/56/5617c65717c83519469453cee40c31b1.svg\" class=\"tex\" style=\"vertical-align:-8.3pt\" alt=\"\\angle BMN = дробь: чис­ли­тель: \\angle ACB, зна­ме­на­тель: 2 конец дроби рав­но­силь­но 2 \\angle BMN = \\angke ACB. \"></p></div>",
        "image_urls": [
            "https://ege.sdamgia.ru/formula/svg/e3/e31e258708d85a68b6a3e37f57af9a8d.svg",
            "https://ege.sdamgia.ru/formula/svg/10/10e1cb78cc1a815b208b986b324a5374.svg",
            "https://ege.sdamgia.ru/formula/svg/57/57582adbee13026ec8ceb96ce0d25466.svg",
            "https://ege.sdamgia.ru/formula/svg/10/10e1cb78cc1a815b208b986b324a5374.svg",
            "https://ege.sdamgia.ru/formula/svg/52/52d1f7fd793b67721045a175e1805088.svg",
            "https://ege.sdamgia.ru/formula/svg/30/30fde6593ae68044291d12a69e02e4b7.svg",
            "https://ege.sdamgia.ru/formula/svg/ef/ef93700ab33f759a9ba6df853ffbd1e9.svg",
            "https://ege.sdamgia.ru/formula/svg/e9/e988039753b1d02e6cec99d0e23e53cf.svg",
            "https://ege.sdamgia.ru/formula/svg/24/2453207ec2f0a2886cfb03f33de793ce.svg",
            "https://ege.sdamgia.ru/formula/svg/c0/c030ef076b90ea07404dadd09b006f29.svg",
            "https://ege.sdamgia.ru/formula/svg/69/69011bb7b159beea66b43aebc4f3d47e.svg",
            "https://ege.sdamgia.ru/formula/svg/ac/ac8421bd6272dedb9a7b4f1a570e6aa3.svg",
            "https://ege.sdamgia.ru/formula/svg/78/780f42c9376205b7f40ef1d477eee1ef.svg",
            "https://ege.sdamgia.ru/formula/svg/cf/cfcb116ddf2d58f093dfe09a876ac81a.svg",
            "https://ege.sdamgia.ru/formula/svg/ae/aed082d8d0926a303b5bc8963435e1e2.svg",
            "https://ege.sdamgia.ru/formula/svg/d2/d2cd6303ac029199b8b7f3b0feea4472.svg",
            "https://ege.sdamgia.ru/formula/svg/24/2441abee54a24835c04fc0c4fe3b0439.svg",
            "https://ege.sdamgia.ru/formula/svg/56/5617c65717c83519469453cee40c31b1.svg",
            "/get_file?id=97047"
        ]
    },
    "answer": "б)",
    "topic_id": 17,
    "analog_ids": []
}