{
    "gia_type": "ege",
    "subject": "math",
    "id": 627047,
    "condition": {
        "text": "Пусть AA1, BB1  и  CC1  — высоты  остроугольного  треугольника ABC  с углом  45°  при вершине C.а)  Докажите, что треугольник A1B1C1 прямоугольный.б)  Найдите отношение, в котором высота АА1 делит отрезок В1С1, если BC  =  2B1C1.",
        "html": "<div align=\"justify\" width=\"100%\" id=\"body524187\" class=\"pbody\"><p class=\"left_margin\">Пусть <i>AA</i><sub>1</sub>, <i>BB</i><sub>1</sub>  и  <i>CC</i><sub>1</sub>  — вы­со­ты  ост­ро­уголь­но­го  тре­уголь­ни­ка <i>ABC</i>  с углом  45°  при вер­ши­не <i>C</i>.</p><p class=\"left_margin\">а)  До­ка­жи­те, что тре­уголь­ник <i>A</i><sub>1</sub><i>B</i><sub>1</sub><i>C</i><sub>1</sub> пря­мо­уголь­ный.</p><p class=\"left_margin\">б)  Най­ди­те от­но­ше­ние, в ко­то­ром вы­со­та <i>АА</i><sub>1</sub> делит от­ре­зок <i>В</i><sub>1</sub><i>С</i><sub>1</sub>, если <i>BC</i>  =  2<i>B</i><sub>1</sub><i>C</i><sub>1</sub>.</p></div>",
        "image_urls": []
    },
    "solution": {
        "text": "Решение. а)  Углы BB1C и CC1B прямые, поэтому точки B, B1, C, C1 лежат на окружности с диаметром BC. Тогда  Аналогично,  Значит,  Что и требовалось доказать.б)  Из предыдущего пункта следует, что треугольники ABC и AB1C1 подобны по двум углам. Коэффициент подобия равен  С другой стороны, коэффициент подобия равен  Отсюда   Тогда  Пусть AA1 и B1C1 пересекаются в точке D. Запишем две теоремы синусов  — для треугольников AB1D и AC1D:1)  2)   Поделив первое равенство на второе получим следующее:Ответ: б) 2 : 1. Приведем решение пункта б) Ирины Шраго.Из предыдущего пункта следует, что треугольники ABC и AB1C1 подобны по двум углам. Коэффициент подобия равен  С другой стороны, коэффициент подобия равен  Отсюда   Тогда из треугольника ABB1 получим ∠ABB1  =  30°, из треугольника ACC1 получим ∠ACC1  =  30°.Пусть H  — точка пересечения высот треугольника ABC. Вокруг четырехугольника A1BC1H можно описать окружность, следовательно, ∠C1A1H = ∠C1BH как вписанные углы, опирающиеся на одну и ту же дугу. Вокруг четырехугольника A1CB1H можно описать окружность, следовательно, ∠B1A1H = ∠B1CH как вписанные углы, опирающиеся на одну и ту же дугу. Тогда ∠B1A1H = ∠C1A1H  =  30°. Следовательно, ∠B1A1C1  =  60°, AA1  — его биссектриса. Биссектриса делит противоположную сторону на отрезки, пропорциональные прилежащим сторонам. В прямоугольном треугольнике B1A1C1 сторона B1A1  — гипотенуза, A1C1  — катет, лежащий напротив угла в 30°, следовательно,",
        "html": "<div align=\"justify\" width=\"100%\" id=\"sol627047\" class=\"solution\" style=\"clear:both;\" class=\"pbody\"><p class=\"left_margin\"></p><b>Ре­ше­ние<!--rule_info-->. </b><p class=\"left_margin\"><img src=\"/get_file?id=147952\" style=\"float:right;margin:10px;max-width:100%\"></p><p class=\"left_margin\">а)  Углы <i>BB</i><sub>1</sub><i>C</i> и <i>CC</i><sub>1</sub><i>B</i> пря­мые, по­это­му точки <i>B</i>, <i>B</i><sub>1</sub>, <i>C</i>, <i>C</i><sub>1</sub> лежат на окруж­но­сти с диа­мет­ром <i>BC</i>. Тогда </p><p class=\"left_margin\"></p><center><p><img src=\"https://ege.sdamgia.ru/formula/svg/fa/fa0f852fb914e281022e7dccee264b43.svg\" class=\"tex\" style=\"vertical-align:-3.6pt\" alt=\"\\angle AC_1B_1 = 180 в сте­пе­ни левая круг­лая скоб­ка \\circ пра­вая круг­лая скоб­ка минус \\angle BC_1B_1=180 в сте­пе­ни левая круг­лая скоб­ка \\circ пра­вая круг­лая скоб­ка минус левая круг­лая скоб­ка 180 в сте­пе­ни левая круг­лая скоб­ка \\circ пра­вая круг­лая скоб­ка минус \\angle C пра­вая круг­лая скоб­ка =\\angle C=45 в сте­пе­ни левая круг­лая скоб­ка \\circ пра­вая круг­лая скоб­ка .\"></p><p class=\"left_margin\"></p></center><p> Ана­ло­гич­но, <img src=\"https://ege.sdamgia.ru/formula/svg/06/06942279803ca49b97f9b7c56408d2c4.svg\" class=\"tex\" style=\"vertical-align:-2.6pt\" alt=\"\\angle BC_1A_1=45 в сте­пе­ни левая круг­лая скоб­ка \\circ пра­вая круг­лая скоб­ка .\"> Зна­чит, </p><p class=\"left_margin\"></p><center><p><img src=\"https://ege.sdamgia.ru/formula/svg/40/404b7bdd3ed47a59f7abe80d812b3e15.svg\" class=\"tex\" style=\"vertical-align:-2.6pt\" alt=\"\\angle A_1C_1B_1=180 в сте­пе­ни левая круг­лая скоб­ка \\circ пра­вая круг­лая скоб­ка минус 45 в сте­пе­ни левая круг­лая скоб­ка \\circ пра­вая круг­лая скоб­ка минус 45 в сте­пе­ни левая круг­лая скоб­ка \\circ пра­вая круг­лая скоб­ка =90 в сте­пе­ни левая круг­лая скоб­ка \\circ пра­вая круг­лая скоб­ка .\"></p><p class=\"left_margin\"></p></center><p> Что и тре­бо­ва­лось до­ка­зать.</p><p class=\"left_margin\">б)  Из преды­ду­ще­го пунк­та сле­ду­ет, что тре­уголь­ни­ки <i>ABC</i> и <i>AB</i><sub>1</sub><i>C</i><sub>1</sub> по­доб­ны по двум углам. Ко­эф­фи­ци­ент по­до­бия равен <img src=\"https://ege.sdamgia.ru/formula/svg/df/df891673eebcb2d3914dcd5e01fe5b2d.svg\" class=\"tex\" style=\"vertical-align:-10.0pt\" alt=\" дробь: чис­ли­тель: BC, зна­ме­на­тель: B_1C_1 конец дроби =2. \"> С дру­гой сто­ро­ны, ко­эф­фи­ци­ент по­до­бия равен <img src=\"https://ege.sdamgia.ru/formula/svg/7a/7afbd9c358b5bd3db657aa468ccb30b9.svg\" class=\"tex\" style=\"vertical-align:-10.0pt\" alt=\" дробь: чис­ли­тель: AB, зна­ме­на­тель: AB_1 конец дроби = дробь: чис­ли­тель: 1, зна­ме­на­тель: ко­си­нус A конец дроби . \"> От­сю­да <img src=\"https://ege.sdamgia.ru/formula/svg/af/af25cefce52bf2cc56bab1e22de1f1d2.svg\" class=\"tex\" style=\"vertical-align:-8.4pt\" alt=\" ко­си­нус A= дробь: чис­ли­тель: 1, зна­ме­на­тель: 2 конец дроби ,\"> <img src=\"https://ege.sdamgia.ru/formula/svg/2e/2e9e989faedd4029d780ccfad3c62230.svg\" class=\"tex\" style=\"vertical-align:-1.8pt\" alt=\"\\angle A=60 в сте­пе­ни левая круг­лая скоб­ка \\circ пра­вая круг­лая скоб­ка .\"> Тогда <img src=\"https://ege.sdamgia.ru/formula/svg/fe/fec7ad77ff68015fb1f9ddbd1b1aa050.svg\" class=\"tex\" style=\"vertical-align:-2.6pt\" alt=\"\\angle B=\\angle AB_1C_1=75 в сте­пе­ни левая круг­лая скоб­ка \\circ пра­вая круг­лая скоб­ка .\"> Пусть <i>AA</i><sub>1</sub> и <i>B</i><sub>1</sub><i>C</i><sub>1</sub> пе­ре­се­ка­ют­ся в точке <i>D</i>. За­пи­шем две тео­ре­мы си­ну­сов  — для тре­уголь­ни­ков <i>AB</i><sub>1</sub><i>D</i> и <i>AC</i><sub>1</sub><i>D</i>:</p><p></p><div class=\"flex-math\"><p class=\"left_margin\">1)  <img src=\"https://ege.sdamgia.ru/formula/svg/78/7819a7ba02a4274ffffaf29be58ce208.svg\" class=\"tex\" style=\"vertical-align:-8.4pt\" alt=\" дробь: чис­ли­тель: B_1D, зна­ме­на­тель: синус 45 в сте­пе­ни левая круг­лая скоб­ка \\circ пра­вая круг­лая скоб­ка конец дроби = дробь: чис­ли­тель: AD, зна­ме­на­тель: синус 75 в сте­пе­ни левая круг­лая скоб­ка \\circ пра­вая круг­лая скоб­ка конец дроби ; \"></p><p class=\"left_margin\">2)  <img src=\"https://ege.sdamgia.ru/formula/svg/56/564be3c7f974a09c7d5ae0ef721331c2.svg\" class=\"tex\" style=\"vertical-align:-8.4pt\" alt=\" дробь: чис­ли­тель: C_1D, зна­ме­на­тель: синус 15 в сте­пе­ни левая круг­лая скоб­ка \\circ пра­вая круг­лая скоб­ка конец дроби = дробь: чис­ли­тель: AD, зна­ме­на­тель: синус 45 в сте­пе­ни левая круг­лая скоб­ка \\circ пра­вая круг­лая скоб­ка конец дроби . \"></p><p></p></div><p> По­де­лив пер­вое ра­вен­ство на вто­рое по­лу­чим сле­ду­ю­щее:</p><p class=\"left_margin\"></p><center><p><img src=\"https://ege.sdamgia.ru/formula/svg/f0/f0a52957024712264b0e49e8797fb3b9.svg\" class=\"tex\" style=\"vertical-align:-13.1pt\" alt=\" дробь: чис­ли­тель: B_1D, зна­ме­на­тель: C_1D конец дроби = дробь: чис­ли­тель: синус 45 в сте­пе­ни левая круг­лая скоб­ка \\circ пра­вая круг­лая скоб­ка , зна­ме­на­тель: синус 75 в сте­пе­ни левая круг­лая скоб­ка \\circ пра­вая круг­лая скоб­ка конец дроби умно­жить на дробь: чис­ли­тель: синус 45 в сте­пе­ни левая круг­лая скоб­ка \\circ пра­вая круг­лая скоб­ка , зна­ме­на­тель: синус 15 в сте­пе­ни левая круг­лая скоб­ка \\circ пра­вая круг­лая скоб­ка конец дроби = дробь: чис­ли­тель: синус в квад­ра­те 45 в сте­пе­ни левая круг­лая скоб­ка \\circ пра­вая круг­лая скоб­ка , зна­ме­на­тель: синус 15 в сте­пе­ни левая круг­лая скоб­ка \\circ пра­вая круг­лая скоб­ка ко­си­нус 15 в сте­пе­ни левая круг­лая скоб­ка \\circ пра­вая круг­лая скоб­ка конец дроби = дробь: чис­ли­тель: \\tfrac12, зна­ме­на­тель: \\tfrac12 синус 30 в сте­пе­ни левая круг­лая скоб­ка \\circ пра­вая круг­лая скоб­ка конец дроби =2. \"></p><p class=\"left_margin\"></p></center><p><span style=\"letter-spacing: 2px;\">Ответ:</span> б) 2 : 1.</p><p>&nbsp;</p><p><b>При­ве­дем ре­ше­ние пунк­та б) Ирины Шраго.</b></p><p class=\"left_margin\">Из преды­ду­ще­го пунк­та сле­ду­ет, что тре­уголь­ни­ки <i>ABC</i> и <i>AB</i><sub>1</sub><i>C</i><sub>1</sub> по­доб­ны по двум углам. Ко­эф­фи­ци­ент по­до­бия равен <img src=\"https://ege.sdamgia.ru/formula/svg/df/df891673eebcb2d3914dcd5e01fe5b2d.svg\" class=\"tex\" style=\"vertical-align:-10.0pt\" alt=\" дробь: чис­ли­тель: BC, зна­ме­на­тель: B_1C_1 конец дроби =2. \"> С дру­гой сто­ро­ны, ко­эф­фи­ци­ент по­до­бия равен <img src=\"https://ege.sdamgia.ru/formula/svg/7a/7afbd9c358b5bd3db657aa468ccb30b9.svg\" class=\"tex\" style=\"vertical-align:-10.0pt\" alt=\" дробь: чис­ли­тель: AB, зна­ме­на­тель: AB_1 конец дроби = дробь: чис­ли­тель: 1, зна­ме­на­тель: ко­си­нус A конец дроби . \"> От­сю­да <img src=\"https://ege.sdamgia.ru/formula/svg/af/af25cefce52bf2cc56bab1e22de1f1d2.svg\" class=\"tex\" style=\"vertical-align:-8.4pt\" alt=\" ко­си­нус A= дробь: чис­ли­тель: 1, зна­ме­на­тель: 2 конец дроби ,\"> <img src=\"https://ege.sdamgia.ru/formula/svg/2e/2e9e989faedd4029d780ccfad3c62230.svg\" class=\"tex\" style=\"vertical-align:-1.8pt\" alt=\"\\angle A=60 в сте­пе­ни левая круг­лая скоб­ка \\circ пра­вая круг­лая скоб­ка .\"> Тогда из тре­уголь­ни­ка <i>ABB</i><sub>1</sub> по­лу­чим ∠<i>ABB</i><sub>1</sub>  =  30°, из тре­уголь­ни­ка <i>ACC</i><sub>1</sub> по­лу­чим ∠<i>ACC</i><sub>1</sub>  =  30°.</p><p class=\"left_margin\">Пусть <i>H</i>  — точка пе­ре­се­че­ния высот тре­уголь­ни­ка <i>ABC</i>. </p><p class=\"left_margin\">Во­круг че­ты­рех­уголь­ни­ка <i>A</i><sub>1</sub><i>BC</i><sub>1</sub><i>H</i> можно опи­сать окруж­ность, сле­до­ва­тель­но, ∠<i>C</i><sub>1</sub><i>A</i><sub>1</sub><i>H</i> = ∠<i>C</i><sub>1</sub><i>BH</i> как впи­сан­ные углы, опи­ра­ю­щи­е­ся на одну и ту же дугу. Во­круг че­ты­рех­уголь­ни­ка <i>A</i><sub>1</sub><i>CB</i><sub>1</sub><i>H</i> можно опи­сать окруж­ность, сле­до­ва­тель­но, ∠<i>B</i><sub>1</sub><i>A</i><sub>1</sub><i>H</i> = ∠<i>B</i><sub>1</sub><i>CH</i> как впи­сан­ные углы, опи­ра­ю­щи­е­ся на одну и ту же дугу. Тогда ∠<i>B</i><sub>1</sub><i>A</i><sub>1</sub><i>H</i> = ∠<i>C</i><sub>1</sub><i>A</i><sub>1</sub><i>H</i>  =  30°. Сле­до­ва­тель­но, ∠<i>B</i><sub>1</sub><i>A</i><sub>1</sub><i>C</i><sub>1</sub>  =  60°, <i>AA</i><sub>1</sub>  — его бис­сек­три­са. Бис­сек­три­са делит про­ти­во­по­лож­ную сто­ро­ну на от­рез­ки, про­пор­ци­о­наль­ные при­ле­жа­щим сто­ро­нам. В пря­мо­уголь­ном тре­уголь­ни­ке <i>B</i><sub>1</sub><i>A</i><sub>1</sub><i>C</i><sub>1</sub> сто­ро­на <i>B</i><sub>1</sub><i>A</i><sub>1</sub>  — ги­по­те­ну­за, <i>A</i><sub>1</sub><i>C</i><sub>1</sub>  — катет, ле­жа­щий на­про­тив угла в 30°, сле­до­ва­тель­но,</p><p class=\"left_margin\"></p><center><p><img src=\"https://ege.sdamgia.ru/formula/svg/1f/1fc225e18c2179eda252b75fecbb2c44.svg\" class=\"tex\" style=\"vertical-align:-10.0pt\" alt=\" дробь: чис­ли­тель: B_1D, зна­ме­на­тель: C_1D конец дроби = дробь: чис­ли­тель: B_1A_1, зна­ме­на­тель: A_1C_1 конец дроби = дробь: чис­ли­тель: 2, зна­ме­на­тель: 1 конец дроби . \"></p><p class=\"left_margin\"></p></center></div>",
        "image_urls": [
            "https://ege.sdamgia.ru/formula/svg/fa/fa0f852fb914e281022e7dccee264b43.svg",
            "https://ege.sdamgia.ru/formula/svg/06/06942279803ca49b97f9b7c56408d2c4.svg",
            "https://ege.sdamgia.ru/formula/svg/40/404b7bdd3ed47a59f7abe80d812b3e15.svg",
            "https://ege.sdamgia.ru/formula/svg/df/df891673eebcb2d3914dcd5e01fe5b2d.svg",
            "https://ege.sdamgia.ru/formula/svg/7a/7afbd9c358b5bd3db657aa468ccb30b9.svg",
            "https://ege.sdamgia.ru/formula/svg/af/af25cefce52bf2cc56bab1e22de1f1d2.svg",
            "https://ege.sdamgia.ru/formula/svg/2e/2e9e989faedd4029d780ccfad3c62230.svg",
            "https://ege.sdamgia.ru/formula/svg/fe/fec7ad77ff68015fb1f9ddbd1b1aa050.svg",
            "https://ege.sdamgia.ru/formula/svg/78/7819a7ba02a4274ffffaf29be58ce208.svg",
            "https://ege.sdamgia.ru/formula/svg/56/564be3c7f974a09c7d5ae0ef721331c2.svg",
            "https://ege.sdamgia.ru/formula/svg/f0/f0a52957024712264b0e49e8797fb3b9.svg",
            "https://ege.sdamgia.ru/formula/svg/df/df891673eebcb2d3914dcd5e01fe5b2d.svg",
            "https://ege.sdamgia.ru/formula/svg/7a/7afbd9c358b5bd3db657aa468ccb30b9.svg",
            "https://ege.sdamgia.ru/formula/svg/af/af25cefce52bf2cc56bab1e22de1f1d2.svg",
            "https://ege.sdamgia.ru/formula/svg/2e/2e9e989faedd4029d780ccfad3c62230.svg",
            "https://ege.sdamgia.ru/formula/svg/1f/1fc225e18c2179eda252b75fecbb2c44.svg",
            "/get_file?id=147952"
        ]
    },
    "answer": "б) 2 : 1.",
    "topic_id": 17,
    "analog_ids": []
}