{
    "gia_type": "ege",
    "subject": "math",
    "id": 630198,
    "condition": {
        "text": "В треугольнике ABC точки M и N  — середины сторон AB и BC соответственно. Известно, что около четырехугольника AMNC можно описать окружность.а)  Докажите, что треугольник ABC  — равнобедренный.б)  На стороне AС отмечена точка F, такая что  Отрезок BF пересекает отрезок MN в точке E. Найдите радиус окружности, описанной около четырёхугольника AMNC, если  и ",
        "html": "<div align=\"justify\" width=\"100%\" id=\"body521034\" class=\"pbody\"><p class=\"left_margin\">В тре­уголь­ни­ке <i>ABC</i> точки <i>M</i> и <i>N</i>  — се­ре­ди­ны сто­рон <i>AB</i> и <i>BC</i> со­от­вет­ствен­но. Из­вест­но, что около че­ты­рех­уголь­ни­ка <i>AMNC</i> можно опи­сать окруж­ность.</p><p class=\"left_margin\">а)  До­ка­жи­те, что тре­уголь­ник <i>ABC</i>  — рав­но­бед­рен­ный.</p><p class=\"left_margin\">б)  На сто­ро­не <i>AС</i> от­ме­че­на точка <i>F</i>, такая что <img src=\"https://ege.sdamgia.ru/formula/svg/3e/3efc117342d53d18567d769f7f17e2b5.svg\" class=\"tex\" style=\"vertical-align:-1.8pt\" alt=\"\\angle AFB=135 гра­ду­сов.\"> От­ре­зок <i>BF</i> пе­ре­се­ка­ет от­ре­зок <i>MN</i> в точке <i>E</i>. Най­ди­те ра­ди­ус окруж­но­сти, опи­сан­ной около четырёхуголь­ни­ка <i>AMNC</i>, если <img src=\"https://ege.sdamgia.ru/formula/svg/91/917e01103a803d6016f66fea1c135803.svg\" class=\"tex\" style=\"vertical-align:-1.8pt\" alt=\"\\angle ABC =120 гра­ду­сов\"> и <img src=\"https://ege.sdamgia.ru/formula/svg/36/363fd89f3ec0d83173e4d5dcb51dea58.svg\" class=\"tex\" style=\"vertical-align:-1.8pt\" alt=\"EF=6 ко­рень из 2 .\"></p></div>",
        "image_urls": [
            "https://ege.sdamgia.ru/formula/svg/3e/3efc117342d53d18567d769f7f17e2b5.svg",
            "https://ege.sdamgia.ru/formula/svg/91/917e01103a803d6016f66fea1c135803.svg",
            "https://ege.sdamgia.ru/formula/svg/36/363fd89f3ec0d83173e4d5dcb51dea58.svg"
        ]
    },
    "solution": {
        "text": "Решение. a)  Отрезок MN  — средняя линия треугольника ABC, значит, прямые AC и MN параллельны, а четырёхугольник AMNC является трапецией  Поскольку окружность можно описать только около равнобедренной трапеции,  то есть  а значит, треугольник ABC равнобедренный.б)  Пусть точка O  — центр окружности, описанной около трапеции AMNC, точка H  — основание высоты BH треугольника ABC, а точка D  — середина отрезка NC. Угол EFC равен 45°, значит, расстояние между прямыми AC и MN равно  Поскольку отрезок MN  — средняя линия треугольника ABC, он делит высоту BH пополам, значит,  Треугольник ABC равнобедренный, поэтому  В прямоугольном треугольнике BCH угол C равен 30°, значит,     Центр описанной около многоугольника окружности лежит на пересечении серединных перпендикуляров к каждой из его сторон, следовательно,  точка H лежит на прямой BO, а NO  — радиус окружности, описанной около четырёхугольника AMNC.В прямоугольном треугольнике BDO угол OBD равен 60°, откуда находим  Из прямоугольного треугольника NDO находим Ответ: б)  Приведем решение пункта б) Ирины Шраго.Пусть точка O  — центр окружности, описанной около трапеции AMNC, точка H  — основание высоты BH треугольника ABC. Треугольник ABC равнобедренный, тогдаследовательно, градусная мера дуги MNC составляет 60°, центральный угол MOC равен 60°, треугольник MOC равносторонний, значит, MC  — искомый радиус окружности.Прямая MN параллельна AC, M  — середина AB, тогда по теореме Фалеса EF  =  BE, следовательно, ∠AFB  =  135°, тогда ∠BFH  =  45° и Из прямоугольного треугольника ABH с углом 30° получим AB  =  2BH  =  24, тогда BM  =  12.По доказанному в пункте а) BC  =  AB, тогда по теореме косинусов для треугольника MBC получим:следовательно, ",
        "html": "<div align=\"justify\" width=\"100%\" id=\"sol630198\" class=\"solution\" style=\"clear:both;\" class=\"pbody\"><p class=\"left_margin\"></p><b>Ре­ше­ние<!--rule_info-->. </b><p class=\"left_margin\"><img src=\"/get_file?id=147956\" style=\"float:right;margin:10px;max-width:100%\">a)  От­ре­зок <i>MN</i>  — сред­няя линия тре­уголь­ни­ка <i>ABC</i>, зна­чит, пря­мые <i>AC</i> и <i>MN</i> па­рал­лель­ны, а четырёхуголь­ник <i>AMNC</i> яв­ля­ет­ся тра­пе­ци­ей <img src=\"https://ege.sdamgia.ru/formula/svg/36/36ccbe9a4a54daa1263a857e519a6635.svg\" class=\"tex\" style=\"vertical-align:-3.6pt\" alt=\" левая круг­лая скоб­ка M N мень­ше A C пра­вая круг­лая скоб­ка .\"> По­сколь­ку окруж­ность можно опи­сать толь­ко около рав­но­бед­рен­ной тра­пе­ции, <img src=\"https://ege.sdamgia.ru/formula/svg/9b/9bacecf7548d1ffcb16ef6e2b742724b.svg\" class=\"tex\" style=\"vertical-align:-3.0pt\" alt=\"A M=C N,\"> то есть <img src=\"https://ege.sdamgia.ru/formula/svg/e1/e177526b1e33f511f45bc431bb81c502.svg\" class=\"tex\" style=\"vertical-align:-3.0pt\" alt=\"A B=B C,\"> а зна­чит, тре­уголь­ник <i>ABC</i> рав­но­бед­рен­ный.</p><p class=\"left_margin\">б)  Пусть точка <i>O</i>  — центр окруж­но­сти, опи­сан­ной около тра­пе­ции <i>AMNC</i>, точка <i>H</i>  — ос­но­ва­ние вы­со­ты <i>BH</i> тре­уголь­ни­ка <i>ABC</i>, а точка <i>D</i>  — се­ре­ди­на от­рез­ка <i>NC</i>. Угол <i>EFC</i> равен 45°, зна­чит, рас­сто­я­ние между пря­мы­ми <i>AC</i> и <i>MN</i> равно <img src=\"https://ege.sdamgia.ru/formula/svg/74/74299f0f1efe1d3c4c9ed268d5e24ebe.svg\" class=\"tex\" style=\"vertical-align:-1.8pt\" alt=\"E F умно­жить на синус 45 в сте­пе­ни левая круг­лая скоб­ка \\circ пра­вая круг­лая скоб­ка =6.\"> По­сколь­ку от­ре­зок <i>MN</i>  — сред­няя линия тре­уголь­ни­ка <i>ABC</i>, он делит вы­со­ту <i>BH</i> по­по­лам, зна­чит, <img src=\"https://ege.sdamgia.ru/formula/svg/90/906c4cdd09b79aa2ca8b6bcf1e33db66.svg\" class=\"tex\" style=\"vertical-align:-1.8pt\" alt=\"B H=12.\"> Тре­уголь­ник <i>ABC</i> рав­но­бед­рен­ный, по­это­му </p><p class=\"left_margin\"></p><center><p><img src=\"https://ege.sdamgia.ru/formula/svg/7e/7eafb3b6e183559a83c8ee6b5a37e86e.svg\" class=\"tex\" style=\"vertical-align:-8.3pt\" alt=\"\\angle B C A=\\angle B A C= дробь: чис­ли­тель: 180 в сте­пе­ни левая круг­лая скоб­ка \\circ пра­вая круг­лая скоб­ка минус \\angle A B C, зна­ме­на­тель: 2 конец дроби =30 в сте­пе­ни левая круг­лая скоб­ка \\circ пра­вая круг­лая скоб­ка . \"></p><p class=\"left_margin\"></p></center><p> В пря­мо­уголь­ном тре­уголь­ни­ке <i>BCH</i> угол <i>C</i> равен 30°, зна­чит, </p><p></p><div class=\"flex-math\"><p><img src=\"https://ege.sdamgia.ru/formula/svg/0d/0d008f13191477abcd08faededd434dc.svg\" class=\"tex\" style=\"vertical-align:-2.2pt\" alt=\" B C=2 B H=24 ;\"> <img src=\"https://ege.sdamgia.ru/formula/svg/05/051f80ca51663fc8d33bd7589a6694e7.svg\" class=\"tex\" style=\"vertical-align:-8.3pt\" alt=\"B N= дробь: чис­ли­тель: B C, зна­ме­на­тель: 2 конец дроби =12, \"> <img src=\"https://ege.sdamgia.ru/formula/svg/3e/3e4cc04d4774bec2b0ba0dcf8580b346.svg\" class=\"tex\" style=\"vertical-align:-8.3pt\" alt=\"N D= дробь: чис­ли­тель: B C, зна­ме­на­тель: 4 конец дроби =6, \"> <img src=\"https://ege.sdamgia.ru/formula/svg/88/8848442ebfe77cd38aa7ce5b266b654d.svg\" class=\"tex\" style=\"vertical-align:-1.8pt\" alt=\"B D=B N плюс N D=18.\"></p><p></p></div><p> Центр опи­сан­ной около мно­го­уголь­ни­ка окруж­но­сти лежит на пе­ре­се­че­нии се­ре­дин­ных пер­пен­ди­ку­ля­ров к каж­дой из его сто­рон, сле­до­ва­тель­но, <img src=\"https://ege.sdamgia.ru/formula/svg/c9/c9d0b5153ad474299c4849befded348f.svg\" class=\"tex\" style=\"vertical-align:-3.0pt\" alt=\"\\angle B D O=90 в сте­пе­ни левая круг­лая скоб­ка \\circ пра­вая круг­лая скоб­ка ,\"> точка <i>H</i> лежит на пря­мой <i>BO</i>, а <i>NO</i>  — ра­ди­ус окруж­но­сти, опи­сан­ной около четырёхуголь­ни­ка <i>AMNC</i>.</p><p class=\"left_margin\">В пря­мо­уголь­ном тре­уголь­ни­ке <i>BDO</i> угол <i>OBD</i> равен 60°, от­ку­да на­хо­дим </p><p class=\"left_margin\"></p><center><p><img src=\"https://ege.sdamgia.ru/formula/svg/76/769f4d33a9d212238035874e25f294f8.svg\" class=\"tex\" style=\"vertical-align:-3.3pt\" alt=\" O D=B D умно­жить на тан­генс 60 в сте­пе­ни левая круг­лая скоб­ка \\circ пра­вая круг­лая скоб­ка =18 ко­рень из: на­ча­ло ар­гу­мен­та: 3 конец ар­гу­мен­та .\"></p><p class=\"left_margin\"></p></center><p> Из пря­мо­уголь­но­го тре­уголь­ни­ка <i>NDO</i> на­хо­дим </p><p class=\"left_margin\"></p><center><p><img src=\"https://ege.sdamgia.ru/formula/svg/c6/c6f997f2ddfbe3cccc66a560f40a494d.svg\" class=\"tex\" style=\"vertical-align:-2.5pt\" alt=\" O N= ко­рень из: на­ча­ло ар­гу­мен­та: O D в сте­пе­ни левая круг­лая скоб­ка 2 конец ар­гу­мен­та плюс N D в квад­ра­те пра­вая круг­лая скоб­ка =12 ко­рень из: на­ча­ло ар­гу­мен­та: 7 конец ар­гу­мен­та .\"></p><p class=\"left_margin\"></p></center><p><span style=\"letter-spacing: 2px;\">Ответ:</span> б) <img src=\"https://ege.sdamgia.ru/formula/svg/c4/c43f33853f3ab495ecaeae4738cfae37.svg\" class=\"tex\" style=\"vertical-align:-1.8pt\" alt=\"12 ко­рень из 7 .\"></p><p>&nbsp;</p><p><b>При­ве­дем ре­ше­ние пунк­та б) Ирины Шраго.</b></p><p class=\"left_margin\">Пусть точка <i>O</i>  — центр окруж­но­сти, опи­сан­ной около тра­пе­ции <i>AMNC</i>, точка <i>H</i>  — ос­но­ва­ние вы­со­ты <i>BH</i> тре­уголь­ни­ка <i>ABC</i>. Тре­уголь­ник <i>ABC</i> рав­но­бед­рен­ный, тогда</p><p class=\"left_margin\"></p><center><p><img src=\"https://ege.sdamgia.ru/formula/svg/b7/b797ac82cf3b0ba414356ae4912fc062.svg\" class=\"tex\" style=\"vertical-align:-8.3pt\" alt=\"\\angle BAC= дробь: чис­ли­тель: 180 гра­ду­сов минус \\angle ABC, зна­ме­на­тель: 2 конец дроби =30 гра­ду­сов, \"></p><p class=\"left_margin\"></p></center><p>сле­до­ва­тель­но, гра­дус­ная мера дуги <i>MNC</i> со­став­ля­ет 60°, цен­траль­ный угол <i>MOC</i> равен 60°, тре­уголь­ник <i>MOC</i> рав­но­сто­рон­ний, зна­чит, <i>MC</i>  — ис­ко­мый ра­ди­ус окруж­но­сти.</p><p class=\"left_margin\">Пря­мая <i>MN</i> па­рал­лель­на <i>AC</i>, <i>M</i>  — се­ре­ди­на <i>AB</i>, тогда по тео­ре­ме Фа­ле­са <i>EF</i>  =  <i>BE</i>, сле­до­ва­тель­но, <img src=\"https://ege.sdamgia.ru/formula/svg/6c/6cc23277b906806e44909b5a61885d20.svg\" class=\"tex\" style=\"vertical-align:-1.8pt\" alt=\"BF=2EF=12 ко­рень из: на­ча­ло ар­гу­мен­та: 2 конец ар­гу­мен­та .\"></p><p>∠<i>AFB</i>  =  135°, тогда ∠<i>BFH</i>  =  45° и <img src=\"https://ege.sdamgia.ru/formula/svg/87/877aafe3cb4a751d29a71dc3ebc75359.svg\" class=\"tex\" style=\"vertical-align:-11.0pt\" alt=\"BH= дробь: чис­ли­тель: BF, зна­ме­на­тель: ко­рень из: на­ча­ло ар­гу­мен­та: 2 конец ар­гу­мен­та конец дроби =12. \"></p><p class=\"left_margin\">Из пря­мо­уголь­но­го тре­уголь­ни­ка <i>ABH</i> с углом 30° по­лу­чим <i>AB</i>  =  2<i>BH</i>  =  24, тогда <i>BM</i>  =  12.</p><p class=\"left_margin\">По до­ка­зан­но­му в пунк­те а) <i>BC</i>  =  <i>AB</i>, тогда по тео­ре­ме ко­си­ну­сов для тре­уголь­ни­ка <i>MBC</i> по­лу­чим:</p><p class=\"left_margin\"></p><center><p><span data-width=\"640\" data-formulahash=\"f4d746e51953c20a04dcdd519e49351c\" class=\"tex-span\" style=\"\"><img src=\"https://ege.sdamgia.ru/formula/svg/f4/f4d746e51953c20a04dcdd519e49351c.svg\" class=\"tex\" style=\"vertical-align:-8.3pt\" alt=\"MC в квад­ра­те =BM в квад­ра­те плюс BC в квад­ра­те минус 2 умно­жить на BM умно­жить на BC умно­жить на ко­си­нус \\angle ABC =12 в квад­ра­те плюс 24 в квад­ра­те плюс 2 умно­жить на 12 умно­жить на 24 умно­жить на дробь: чис­ли­тель: 1, зна­ме­на­тель: 2 конец дроби =12 в квад­ра­те умно­жить на 7,\"></span><span data-width=\"515\" data-formulahash=\"f4d746e51953c20a04dcdd519e49351c\" class=\"tex-span\" style=\"display:none\"><img src=\"https://ege.sdamgia.ru/formula/svg/22/224e55dbfcad8c09ed5fcf973896bbc2.svg\" class=\"tex\" style=\"vertical-align:-1.8pt\" alt=\"MC в квад­ра­те =BM в квад­ра­те плюс BC в квад­ра­те минус 2 умно­жить на BM умно­жить на BC умно­жить на ко­си­нус \\angle ABC =\"><br><img src=\"https://ege.sdamgia.ru/formula/svg/37/37880f5cab0b556a4afd713cf3b6fb40.svg\" class=\"tex\" style=\"vertical-align:-8.4pt\" alt=\"=12 в квад­ра­те плюс 24 в квад­ра­те плюс 2 умно­жить на 12 умно­жить на 24 умно­жить на дробь: чис­ли­тель: 1, зна­ме­на­тель: 2 конец дроби =12 в квад­ра­те умно­жить на 7,\"></span></p><p class=\"left_margin\"></p></center><p>сле­до­ва­тель­но, <img src=\"https://ege.sdamgia.ru/formula/svg/70/70eaf33340004f0395cc6281a0091a11.svg\" class=\"tex\" style=\"vertical-align:-1.8pt\" alt=\"MC=12 ко­рень из: на­ча­ло ар­гу­мен­та: 7 конец ар­гу­мен­та .\"></p></div>",
        "image_urls": [
            "https://ege.sdamgia.ru/formula/svg/36/36ccbe9a4a54daa1263a857e519a6635.svg",
            "https://ege.sdamgia.ru/formula/svg/9b/9bacecf7548d1ffcb16ef6e2b742724b.svg",
            "https://ege.sdamgia.ru/formula/svg/e1/e177526b1e33f511f45bc431bb81c502.svg",
            "https://ege.sdamgia.ru/formula/svg/74/74299f0f1efe1d3c4c9ed268d5e24ebe.svg",
            "https://ege.sdamgia.ru/formula/svg/90/906c4cdd09b79aa2ca8b6bcf1e33db66.svg",
            "https://ege.sdamgia.ru/formula/svg/7e/7eafb3b6e183559a83c8ee6b5a37e86e.svg",
            "https://ege.sdamgia.ru/formula/svg/0d/0d008f13191477abcd08faededd434dc.svg",
            "https://ege.sdamgia.ru/formula/svg/05/051f80ca51663fc8d33bd7589a6694e7.svg",
            "https://ege.sdamgia.ru/formula/svg/3e/3e4cc04d4774bec2b0ba0dcf8580b346.svg",
            "https://ege.sdamgia.ru/formula/svg/88/8848442ebfe77cd38aa7ce5b266b654d.svg",
            "https://ege.sdamgia.ru/formula/svg/c9/c9d0b5153ad474299c4849befded348f.svg",
            "https://ege.sdamgia.ru/formula/svg/76/769f4d33a9d212238035874e25f294f8.svg",
            "https://ege.sdamgia.ru/formula/svg/c6/c6f997f2ddfbe3cccc66a560f40a494d.svg",
            "https://ege.sdamgia.ru/formula/svg/c4/c43f33853f3ab495ecaeae4738cfae37.svg",
            "https://ege.sdamgia.ru/formula/svg/b7/b797ac82cf3b0ba414356ae4912fc062.svg",
            "https://ege.sdamgia.ru/formula/svg/6c/6cc23277b906806e44909b5a61885d20.svg",
            "https://ege.sdamgia.ru/formula/svg/87/877aafe3cb4a751d29a71dc3ebc75359.svg",
            "https://ege.sdamgia.ru/formula/svg/f4/f4d746e51953c20a04dcdd519e49351c.svg",
            "https://ege.sdamgia.ru/formula/svg/22/224e55dbfcad8c09ed5fcf973896bbc2.svg",
            "https://ege.sdamgia.ru/formula/svg/37/37880f5cab0b556a4afd713cf3b6fb40.svg",
            "https://ege.sdamgia.ru/formula/svg/70/70eaf33340004f0395cc6281a0091a11.svg",
            "/get_file?id=147956"
        ]
    },
    "answer": "б)",
    "topic_id": 17,
    "analog_ids": []
}