{
    "gia_type": "ege",
    "subject": "math",
    "id": 630101,
    "condition": {
        "text": "Биссектриса BB1 и высота CC1 треугольника ABC пересекают описанную окружность в точках М и N. Известно, что  и  а)  Докажите, что CN  =  BМ.б)  Пусть MN и ВС пересекаются в точке D. Найти площадь треугольника BDN, если его высота ВН равна 7.",
        "html": "<div align=\"justify\" width=\"100%\" id=\"body521129\" class=\"pbody\"><p class=\"left_margin\">Бис­сек­три­са <i>BB</i><sub>1</sub> и вы­со­та <i>CC</i><sub>1</sub> тре­уголь­ни­ка <i>ABC</i> пе­ре­се­ка­ют опи­сан­ную окруж­ность в точ­ках <i>М</i> и <i>N</i>. Из­вест­но, что <img src=\"https://ege.sdamgia.ru/formula/svg/3f/3f75dc185662490d61d89dbd85ee80db.svg\" class=\"tex\" style=\"vertical-align:-1.8pt\" alt=\" \\angle BCA = 85 гра­ду­сов \"> и  <img src=\"https://ege.sdamgia.ru/formula/svg/64/64bda2969e4e47cebba7da073ee6b57f.svg\" class=\"tex\" style=\"vertical-align:-1.8pt\" alt=\"\\angle ABC = 40 гра­ду­сов .\"></p><p class=\"left_margin\">а)  До­ка­жи­те, что <i>CN</i>  =  <i>BМ</i>.</p><p class=\"left_margin\">б)  Пусть <i>MN</i> и <i>ВС</i> пе­ре­се­ка­ют­ся в точке <i>D</i>. Найти пло­щадь тре­уголь­ни­ка <i>BDN</i>, если его вы­со­та <i>ВН</i> равна 7.</p></div>",
        "image_urls": [
            "https://ege.sdamgia.ru/formula/svg/3f/3f75dc185662490d61d89dbd85ee80db.svg",
            "https://ege.sdamgia.ru/formula/svg/64/64bda2969e4e47cebba7da073ee6b57f.svg"
        ]
    },
    "solution": {
        "text": "Решение.  а)  Заметим, что   Тогда   следовательно,  Равные дуги стягивают равные хорды, следовательно, BM = CN.б)  Заметим, что углы BND и NBD опираются на дуги равные  следовательно,  таким образом, треугольник BDN равнобедренный,  Тогда, как гипотенуза в прямоугольном треугольнике BHD с углом 30 градусов BD = ND = 2BH = 14. ",
        "html": "<div align=\"justify\" width=\"100%\" id=\"sol630101\" class=\"solution\" style=\"clear:both;\" class=\"pbody\"><p class=\"left_margin\"></p><b>Ре­ше­ние<!--rule_info-->. </b><p class=\"left_margin\"><img src=\"/get_file?id=111783\" style=\"float:right;margin:10px;max-width:100%\"> а)  За­ме­тим, что <img src=\"https://ege.sdamgia.ru/formula/svg/7e/7e442847cd8c9922e00e0492c6bd64fe.svg\" class=\"tex\" style=\"vertical-align:-3.0pt\" alt=\"\\angle BAC = 180 гра­ду­сов минус \\angle BCA минус \\angle ABC = 55 гра­ду­сов,\"> <img src=\"https://ege.sdamgia.ru/formula/svg/1d/1d012c2e9fd207dcc10d71dd1204f2cd.svg\" class=\"tex\" style=\"vertical-align:-1.8pt\" alt=\"\\angle ACN = 90 гра­ду­сов минус \\angle BAC = 35 гра­ду­сов.\"> Тогда <img src=\"https://ege.sdamgia.ru/formula/svg/b2/b26b8c4a269485542edd72a5b993e8b5.svg\" class=\"tex\" style=\"vertical-align:-3.0pt\" alt=\"\\smile BC = 110 гра­ду­сов,\"> <img src=\"https://ege.sdamgia.ru/formula/svg/a6/a694a2ad68c2dd93454c5c6ffe0c1136.svg\" class=\"tex\" style=\"vertical-align:-3.0pt\" alt=\"\\smile CM = \\smile MA= 40 гра­ду­сов,\"><img src=\"https://ege.sdamgia.ru/formula/svg/fc/fcc360767bd56864582ec16039c7dff7.svg\" class=\"tex\" style=\"vertical-align:-3.0pt\" alt=\"\\smile AN = 70 гра­ду­сов,\"> сле­до­ва­тель­но, <img src=\"https://ege.sdamgia.ru/formula/svg/98/982a656499e60ada02757a90ef92e281.svg\" class=\"tex\" style=\"vertical-align:-1.8pt\" alt=\"\\smile BM = 150 гра­ду­сов = \\smile CN.\"> Рав­ные дуги стя­ги­ва­ют рав­ные хорды, сле­до­ва­тель­но, <i>BM = CN</i>.</p><p class=\"left_margin\">б)  За­ме­тим, что углы <i>BND</i> и <i>NBD</i> опи­ра­ют­ся на дуги рав­ные <img src=\"https://ege.sdamgia.ru/formula/svg/f1/f1c5c9a37ba6ebc920b67520f48f5eb5.svg\" class=\"tex\" style=\"vertical-align:-3.0pt\" alt=\"150 гра­ду­сов,\"> сле­до­ва­тель­но, <img src=\"https://ege.sdamgia.ru/formula/svg/a3/a38b8e88471b74e1c9c8acb0ba61a7af.svg\" class=\"tex\" style=\"vertical-align:-3.0pt\" alt=\"\\angle BND =\\angle NBD = 75 гра­ду­сов,\"> таким об­ра­зом, тре­уголь­ник <i>BDN</i> рав­но­бед­рен­ный, <img src=\"https://ege.sdamgia.ru/formula/svg/42/4235154516d14918fa14ef538c50d262.svg\" class=\"tex\" style=\"vertical-align:-1.8pt\" alt=\"\\angle BDN = 30 гра­ду­сов.\"> Тогда, как ги­по­те­ну­за в пря­мо­уголь­ном тре­уголь­ни­ке <i>BHD</i> с углом 30 гра­ду­сов <i>BD = ND =</i> 2<i>BH</i> = 14. <img src=\"https://ege.sdamgia.ru/formula/svg/2d/2d0b5fcba3e7d988551e117eab0e8e82.svg\" class=\"tex\" style=\"vertical-align:-8.4pt\" alt=\"S_BDN= дробь: чис­ли­тель: 1, зна­ме­на­тель: 2 конец дроби умно­жить на BH умно­жить на ND= 49. \"></p></div>",
        "image_urls": [
            "https://ege.sdamgia.ru/formula/svg/7e/7e442847cd8c9922e00e0492c6bd64fe.svg",
            "https://ege.sdamgia.ru/formula/svg/1d/1d012c2e9fd207dcc10d71dd1204f2cd.svg",
            "https://ege.sdamgia.ru/formula/svg/b2/b26b8c4a269485542edd72a5b993e8b5.svg",
            "https://ege.sdamgia.ru/formula/svg/a6/a694a2ad68c2dd93454c5c6ffe0c1136.svg",
            "https://ege.sdamgia.ru/formula/svg/fc/fcc360767bd56864582ec16039c7dff7.svg",
            "https://ege.sdamgia.ru/formula/svg/98/982a656499e60ada02757a90ef92e281.svg",
            "https://ege.sdamgia.ru/formula/svg/f1/f1c5c9a37ba6ebc920b67520f48f5eb5.svg",
            "https://ege.sdamgia.ru/formula/svg/a3/a38b8e88471b74e1c9c8acb0ba61a7af.svg",
            "https://ege.sdamgia.ru/formula/svg/42/4235154516d14918fa14ef538c50d262.svg",
            "https://ege.sdamgia.ru/formula/svg/2d/2d0b5fcba3e7d988551e117eab0e8e82.svg",
            "/get_file?id=111783"
        ]
    },
    "answer": "",
    "topic_id": 17,
    "analog_ids": []
}