{
    "gia_type": "ege",
    "subject": "math",
    "id": 633185,
    "condition": {
        "text": "Дан треугольник АВС. Биссектриса внутреннего угла при вершине В пересекает биссектрису внешнего угла при вершине С в точке М, а биссектриса внутреннего угла при вершине С пересекает биссектрису внешнего угла при вершине В в точке N.а)  Докажите, что б)  Найдите CN, если  и ",
        "html": "<div align=\"justify\" width=\"100%\" id=\"body509853\" class=\"pbody\"><p class=\"left_margin\">Дан тре­уголь­ник <i>АВС</i>. Бис­сек­три­са внут­рен­не­го угла при вер­ши­не <i>В</i> пе­ре­се­ка­ет бис­сек­три­су внеш­не­го угла при вер­ши­не <i>С</i> в точке <i>М</i>, а бис­сек­три­са внут­рен­не­го угла при вер­ши­не <i>С</i> пе­ре­се­ка­ет бис­сек­три­су внеш­не­го угла при вер­ши­не <i>В</i> в точке <i>N.</i></p><p class=\"left_margin\">а)  До­ка­жи­те, что <img src=\"https://ege.sdamgia.ru/formula/svg/2c/2c0d888990b392422b9a88d45d4d8317.svg\" class=\"tex\" style=\"vertical-align:-1.8pt\" alt=\"\\angle NMB =\\angle NCA .\"></p><p class=\"left_margin\">б)  Най­ди­те <i>CN,</i> если <img src=\"https://ege.sdamgia.ru/formula/svg/0a/0ac5ee49e1d1cbf4f798ec7802372381.svg\" class=\"tex\" style=\"vertical-align:-1.8pt\" alt=\" AB = AC =10\"> и <img src=\"https://ege.sdamgia.ru/formula/svg/08/086bb7686b93385ed823ce4a254e2875.svg\" class=\"tex\" style=\"vertical-align:-1.8pt\" alt=\" BC =16.\"></p></div>",
        "image_urls": [
            "https://ege.sdamgia.ru/formula/svg/2c/2c0d888990b392422b9a88d45d4d8317.svg",
            "https://ege.sdamgia.ru/formula/svg/0a/0ac5ee49e1d1cbf4f798ec7802372381.svg",
            "https://ege.sdamgia.ru/formula/svg/08/086bb7686b93385ed823ce4a254e2875.svg"
        ]
    },
    "solution": {
        "text": "Решение. а) Точка N равноудалена от прямых AC, BC, AB, тогда AN  — биссектриса внешнего угла A. Аналогично AM  — биссектриса внешнего угла A, из чего следует, что точки N, A, M лежат на одной прямой. Далее, прямые NB и BM взаимно перпендикулярны как биссектрисы смежных углов. Прямые NC и CM также взаимно перпендикулярны. Следовательно, четырехугольник NBCM вписан в окружность с диаметром NM, где углы NMB и NCB равны как вписанные. Значит, б)  Из пункта а) следует, что  Аналогично углы  ANC и ACN равны. Следовательно, прямые MN и BC параллельны. Отсюда CA  — медиана прямоугольного треугольника NCM, значит,  Высота этого треугольника, проведенная из вершины C, равна высоте треугольника ABC, приведённой из вершины A, то есть  Поэтому из пропорции  получаем Тогда  а потому  Ответ: б) ",
        "html": "<div align=\"justify\" width=\"100%\" id=\"sol633185\" class=\"solution\" style=\"clear:both;\" class=\"pbody\"><p class=\"left_margin\"></p><b>Ре­ше­ние<!--rule_info-->. </b><p class=\"left_margin\"><img src=\"/get_file?id=117045\" style=\"float:right;margin:10px;max-width:100%\">а) Точка <i>N</i> рав­но­уда­ле­на от пря­мых <i>AC</i>, <i>BC</i>, <i>AB</i>, тогда <i>AN</i>  — бис­сек­три­са внеш­не­го угла <i>A</i>. Ана­ло­гич­но <i>AM</i>  — бис­сек­три­са внеш­не­го угла <i>A</i>, из чего сле­ду­ет, что точки <i>N, A, M</i> лежат на одной пря­мой. Далее, пря­мые <i>NB</i> и <i>BM</i> вза­им­но пер­пен­ди­ку­ляр­ны как бис­сек­три­сы смеж­ных углов. Пря­мые <i>NC</i> и <i>CM</i> также вза­им­но пер­пен­ди­ку­ляр­ны. Сле­до­ва­тель­но, че­ты­рех­уголь­ник <i>NBCM</i> впи­сан в окруж­ность с диа­мет­ром <i>NM</i>, где углы <i>NMB</i> и <i>NCB</i> равны как впи­сан­ные. Зна­чит, <img src=\"https://ege.sdamgia.ru/formula/svg/9f/9fd53720296d0673d5c20f282d34c0ed.svg\" class=\"tex\" style=\"vertical-align:-1.8pt\" alt=\"\\angle NCA=\\angle NCB=\\angle NMB.\"></p><p class=\"left_margin\">б)  Из пунк­та а) сле­ду­ет, что </p><p class=\"left_margin\"></p><center><p><img src=\"https://ege.sdamgia.ru/formula/svg/78/78ac20e4dcc01962d7b272d2eacd8a9e.svg\" class=\"tex\" style=\"vertical-align:-8.4pt\" alt=\"\\angle AMB=\\angle ACN= дробь: чис­ли­тель: 1, зна­ме­на­тель: 2 конец дроби \\angle C= дробь: чис­ли­тель: 1, зна­ме­на­тель: 2 конец дроби \\angle B=\\angle ABM.\"></p><p class=\"left_margin\"></p></center><p> Ана­ло­гич­но углы  <i>ANC</i> и <i>ACN</i> равны. Сле­до­ва­тель­но, пря­мые <i>MN</i> и <i>BC</i> па­рал­лель­ны. От­сю­да <i>CA</i>  — ме­ди­а­на пря­мо­уголь­но­го тре­уголь­ни­ка <i>NCM</i>, зна­чит, <img src=\"https://ege.sdamgia.ru/formula/svg/33/330bea8d7930b89e1258d2dcfb462b88.svg\" class=\"tex\" style=\"vertical-align:-1.8pt\" alt=\"NM=20.\"> Вы­со­та этого тре­уголь­ни­ка, про­ве­ден­ная из вер­ши­ны <i>C</i>, равна вы­со­те тре­уголь­ни­ка <i>ABC</i>, при­ведённой из вер­ши­ны <i>A</i>, то есть <img src=\"https://ege.sdamgia.ru/formula/svg/da/dafcb58c04f387b698ccde2daeeb337a.svg\" class=\"tex\" style=\"vertical-align:-2.5pt\" alt=\"h= ко­рень из: на­ча­ло ар­гу­мен­та: 10 в квад­ра­те минус 8 в квад­ра­те конец ар­гу­мен­та =6.\"> По­это­му из про­пор­ции <img src=\"https://ege.sdamgia.ru/formula/svg/05/0543c479094a7e208c037a2be6921b0f.svg\" class=\"tex\" style=\"vertical-align:-8.4pt\" alt=\" дробь: чис­ли­тель: CH, зна­ме­на­тель: NH конец дроби = дробь: чис­ли­тель: MH, зна­ме­на­тель: CH конец дроби \"> по­лу­ча­ем</p><p class=\"left_margin\"></p><center><p><img src=\"https://ege.sdamgia.ru/formula/svg/4f/4f7847056c4a2b8fedd6e9e6c1087466.svg\" class=\"tex\" style=\"vertical-align:-9.6pt\" alt=\" MH умно­жить на левая круг­лая скоб­ка 20 минус MH пра­вая круг­лая скоб­ка =36 \\underset MH боль­ше 0, MH мень­ше AC \\mathop рав­но­силь­но MH=2.\"></p><p class=\"left_margin\"></p></center><p> Тогда <img src=\"https://ege.sdamgia.ru/formula/svg/ae/ae6eafe9d18a365f84215bf0a1f61676.svg\" class=\"tex\" style=\"vertical-align:-3.0pt\" alt=\"CN в квад­ра­те =6 в квад­ра­те плюс 18 в квад­ра­те =360,\"> а по­то­му <img src=\"https://ege.sdamgia.ru/formula/svg/c8/c897df7ab488d9d5ca0ebc67938966f9.svg\" class=\"tex\" style=\"vertical-align:-1.8pt\" alt=\"CN = 6 ко­рень из: на­ча­ло ар­гу­мен­та: 10 конец ар­гу­мен­та .\"></p><p>&nbsp;</p><p><span style=\"letter-spacing: 2px;\">Ответ:</span> б) <img src=\"https://ege.sdamgia.ru/formula/svg/19/19038d94030ab1f23d8935b86efdf5df.svg\" class=\"tex\" style=\"vertical-align:-1.8pt\" alt=\"6 ко­рень из: на­ча­ло ар­гу­мен­та: 10 конец ар­гу­мен­та .\"></p></div>",
        "image_urls": [
            "https://ege.sdamgia.ru/formula/svg/9f/9fd53720296d0673d5c20f282d34c0ed.svg",
            "https://ege.sdamgia.ru/formula/svg/78/78ac20e4dcc01962d7b272d2eacd8a9e.svg",
            "https://ege.sdamgia.ru/formula/svg/33/330bea8d7930b89e1258d2dcfb462b88.svg",
            "https://ege.sdamgia.ru/formula/svg/da/dafcb58c04f387b698ccde2daeeb337a.svg",
            "https://ege.sdamgia.ru/formula/svg/05/0543c479094a7e208c037a2be6921b0f.svg",
            "https://ege.sdamgia.ru/formula/svg/4f/4f7847056c4a2b8fedd6e9e6c1087466.svg",
            "https://ege.sdamgia.ru/formula/svg/ae/ae6eafe9d18a365f84215bf0a1f61676.svg",
            "https://ege.sdamgia.ru/formula/svg/c8/c897df7ab488d9d5ca0ebc67938966f9.svg",
            "https://ege.sdamgia.ru/formula/svg/19/19038d94030ab1f23d8935b86efdf5df.svg",
            "/get_file?id=117045"
        ]
    },
    "answer": "б)",
    "topic_id": 17,
    "analog_ids": []
}