{
    "gia_type": "ege",
    "subject": "math",
    "id": 633755,
    "condition": {
        "text": "На стороне BC треугольника ABC, в котором  взята точка D так, что  Биссектриса BL пересекает отрезок AD в точке P, отрезок CK  — перпендикуляр к прямой AD.а)  Докажите, что б)  Найдите отношение площади треугольника ABP к площади четырехугольника CDPL, если ",
        "html": "<div align=\"justify\" width=\"100%\" id=\"body509287\" class=\"pbody\"><p class=\"left_margin\">На сто­ро­не <i>BC</i> тре­уголь­ни­ка <i>ABC,</i> в ко­то­ром <img src=\"https://ege.sdamgia.ru/formula/svg/0a/0a07604fb3eeec494c6f27234d3d77ab.svg\" class=\"tex\" style=\"vertical-align:-3.0pt\" alt=\" AB мень­ше BC ,\"> взята точка <i>D</i> так, что <img src=\"https://ege.sdamgia.ru/formula/svg/46/469c88606f1ec660a047c9c5181b1302.svg\" class=\"tex\" style=\"vertical-align:-1.8pt\" alt=\" BD = AB .\"> Бис­сек­три­са <i>BL</i> пе­ре­се­ка­ет от­ре­зок <i>AD</i> в точке <i>P,</i> от­ре­зок <i>CK</i>  — пер­пен­ди­ку­ляр к пря­мой <i>AD</i>.</p><p class=\"left_margin\">а)  До­ка­жи­те, что <img src=\"https://ege.sdamgia.ru/formula/svg/81/812e46e68203d84e1b276cc62eb3ff81.svg\" class=\"tex\" style=\"vertical-align:-8.3pt\" alt=\" дробь: чис­ли­тель: B C, зна­ме­на­тель: A B конец дроби минус дробь: чис­ли­тель: D K, зна­ме­на­тель: A P конец дроби =1. \"></p><p class=\"left_margin\">б)  Най­ди­те от­но­ше­ние пло­ща­ди тре­уголь­ни­ка <i>ABP</i> к пло­ща­ди че­ты­рех­уголь­ни­ка <i>CDPL</i>, если <img src=\"https://ege.sdamgia.ru/formula/svg/c5/c58b0afe46c9efaaefb79be65aa151b1.svg\" class=\"tex\" style=\"vertical-align:-1.8pt\" alt=\" AB : BC =5: 7.\"></p></div>",
        "image_urls": [
            "https://ege.sdamgia.ru/formula/svg/0a/0a07604fb3eeec494c6f27234d3d77ab.svg",
            "https://ege.sdamgia.ru/formula/svg/46/469c88606f1ec660a047c9c5181b1302.svg",
            "https://ege.sdamgia.ru/formula/svg/81/812e46e68203d84e1b276cc62eb3ff81.svg",
            "https://ege.sdamgia.ru/formula/svg/c5/c58b0afe46c9efaaefb79be65aa151b1.svg"
        ]
    },
    "solution": {
        "text": "Решение. а) Треугольник ABD равнобедренный, значит, его биссектриса BP также является высотой и медианой. Используя параллельность прямых PL и KC и свойство биссектрисы треугольника ABС, получаем: б)  Запишем теорему Менелая для треугольника BLC и прямой PD:  откуда  то есть  Следовательно, то есть  И поскольку  находим:Ответ: б) ",
        "html": "<div align=\"justify\" width=\"100%\" id=\"sol633755\" class=\"solution\" style=\"clear:both;\" class=\"pbody\"><p class=\"left_margin\"></p><b>Ре­ше­ние<!--rule_info-->. </b><p class=\"left_margin\"><img src=\"/get_file?id=117480\" style=\"float:right;margin:10px;max-width:100%\">а) Тре­уголь­ник <i>ABD</i> рав­но­бед­рен­ный, зна­чит, его бис­сек­три­са <i>BP</i> также яв­ля­ет­ся вы­со­той и ме­ди­а­ной. Ис­поль­зуя па­рал­лель­ность пря­мых <i>PL</i> и <i>KC</i> и свой­ство бис­сек­три­сы тре­уголь­ни­ка <i>ABС</i>, по­лу­ча­ем:</p><p class=\"left_margin\"></p><center><p><img src=\"https://ege.sdamgia.ru/formula/svg/ec/ecf581e2ce0b80fddd1b26e7b460c7e2.svg\" class=\"tex\" style=\"vertical-align:-8.3pt\" alt=\" дробь: чис­ли­тель: BC, зна­ме­на­тель: AB конец дроби = дробь: чис­ли­тель: LC, зна­ме­на­тель: AL конец дроби = дробь: чис­ли­тель: PK, зна­ме­на­тель: AP конец дроби = дробь: чис­ли­тель: PK, зна­ме­на­тель: PD конец дроби = дробь: чис­ли­тель: PD плюс KD, зна­ме­на­тель: PD конец дроби =1 плюс дробь: чис­ли­тель: KD, зна­ме­на­тель: PD конец дроби =1 плюс дробь: чис­ли­тель: DK, зна­ме­на­тель: AP конец дроби . \"></p><p class=\"left_margin\"></p></center> <p class=\"left_margin\">б)  За­пи­шем тео­ре­му Ме­не­лая для тре­уголь­ни­ка <i>BLC</i> и пря­мой <i>PD</i>:</p><p class=\"left_margin\"></p><center><p><img src=\"https://ege.sdamgia.ru/formula/svg/91/91205aa58481b9952ecb658f5681ef01.svg\" class=\"tex\" style=\"vertical-align:-8.4pt\" alt=\" дробь: чис­ли­тель: CD, зна­ме­на­тель: DB конец дроби умно­жить на дробь: чис­ли­тель: BP, зна­ме­на­тель: PL конец дроби умно­жить на дробь: чис­ли­тель: LA, зна­ме­на­тель: AC конец дроби =1, \">  </p><p class=\"left_margin\"></p></center><p>от­ку­да <img src=\"https://ege.sdamgia.ru/formula/svg/a8/a8086023599bc9bf3543325efcac4b45.svg\" class=\"tex\" style=\"vertical-align:-8.4pt\" alt=\" дробь: чис­ли­тель: 2, зна­ме­на­тель: 5 конец дроби умно­жить на дробь: чис­ли­тель: BP, зна­ме­на­тель: PL конец дроби умно­жить на дробь: чис­ли­тель: 5, зна­ме­на­тель: 12 конец дроби =1, \"> то есть <img src=\"https://ege.sdamgia.ru/formula/svg/0e/0e3852562c78b33888cf59819230402e.svg\" class=\"tex\" style=\"vertical-align:-8.4pt\" alt=\" дробь: чис­ли­тель: BP, зна­ме­на­тель: PL конец дроби =6. \"> Сле­до­ва­тель­но,</p><p class=\"left_margin\"></p><center><p><img src=\"https://ege.sdamgia.ru/formula/svg/b0/b08516ba9391ca0e3d83d9bd0cb5fb63.svg\" class=\"tex\" style=\"vertical-align:-8.4pt\" alt=\"S_ABP=S_BPD= дробь: чис­ли­тель: 6, зна­ме­на­тель: 7 конец дроби умно­жить на S_BLD= дробь: чис­ли­тель: 6, зна­ме­на­тель: 7 конец дроби умно­жить на дробь: чис­ли­тель: 5, зна­ме­на­тель: 2 конец дроби умно­жить на S_CLD,\"></p><p class=\"left_margin\"></p></center><p> то есть <img src=\"https://ege.sdamgia.ru/formula/svg/de/de56f56d9f15b01bd86678481b480156.svg\" class=\"tex\" style=\"vertical-align:-8.5pt\" alt=\"S_CLD= дробь: чис­ли­тель: 7, зна­ме­на­тель: 15 конец дроби умно­жить на S_ABP. \"> И по­сколь­ку <img src=\"https://ege.sdamgia.ru/formula/svg/a9/a97e310de47bf6323c3f07b598ae698b.svg\" class=\"tex\" style=\"vertical-align:-8.5pt\" alt=\"S_PLD= дробь: чис­ли­тель: 1, зна­ме­на­тель: 6 конец дроби умно­жить на S_ABP,\"> на­хо­дим:</p><p class=\"left_margin\"></p><center><p><img src=\"https://ege.sdamgia.ru/formula/svg/6f/6fbc53059723c02193128293201f6796.svg\" class=\"tex\" style=\"vertical-align:-21.9pt\" alt=\" дробь: чис­ли­тель: S_ABP, зна­ме­на­тель: S_CDPL конец дроби = дробь: чис­ли­тель: 1, зна­ме­на­тель: \\dfrac 715 плюс \\dfrac 16 конец дроби = дробь: чис­ли­тель: 90, зна­ме­на­тель: 42 плюс 15 конец дроби = дробь: чис­ли­тель: 30, зна­ме­на­тель: 19 конец дроби . \"></p><p class=\"left_margin\"></p></center><p><span style=\"letter-spacing: 2px;\">Ответ:</span> б) <img src=\"https://ege.sdamgia.ru/formula/svg/0d/0dde1d2f171ea9fd7750325eebed7ff1.svg\" class=\"tex\" style=\"vertical-align:-8.5pt\" alt=\" дробь: чис­ли­тель: 30, зна­ме­на­тель: 19 конец дроби . \"></p></div>",
        "image_urls": [
            "https://ege.sdamgia.ru/formula/svg/ec/ecf581e2ce0b80fddd1b26e7b460c7e2.svg",
            "https://ege.sdamgia.ru/formula/svg/91/91205aa58481b9952ecb658f5681ef01.svg",
            "https://ege.sdamgia.ru/formula/svg/a8/a8086023599bc9bf3543325efcac4b45.svg",
            "https://ege.sdamgia.ru/formula/svg/0e/0e3852562c78b33888cf59819230402e.svg",
            "https://ege.sdamgia.ru/formula/svg/b0/b08516ba9391ca0e3d83d9bd0cb5fb63.svg",
            "https://ege.sdamgia.ru/formula/svg/de/de56f56d9f15b01bd86678481b480156.svg",
            "https://ege.sdamgia.ru/formula/svg/a9/a97e310de47bf6323c3f07b598ae698b.svg",
            "https://ege.sdamgia.ru/formula/svg/6f/6fbc53059723c02193128293201f6796.svg",
            "https://ege.sdamgia.ru/formula/svg/0d/0dde1d2f171ea9fd7750325eebed7ff1.svg",
            "/get_file?id=117480"
        ]
    },
    "answer": "б)",
    "topic_id": 17,
    "analog_ids": []
}