{
    "gia_type": "ege",
    "subject": "math",
    "id": 634664,
    "condition": {
        "text": "В остроугольном треугольнике ABC на высоте AD взята точка M, а на высоте BP точка N так, что углы BMC и ANC  — прямые. Известно, что  и а)  Докажите, что б)  Найдите длину биссектрисы CL треугольника MCN.",
        "html": "<div align=\"justify\" width=\"100%\" id=\"body508372\" class=\"pbody\"><p class=\"left_margin\">В ост­ро­уголь­ном тре­уголь­ни­ке <i>ABC</i> на вы­со­те <i>AD</i> взята точка <i>M</i>, а на вы­со­те <i>BP</i> точка <i>N</i> так, что углы <i>BMC</i> и <i>ANC</i>  — пря­мые. Из­вест­но, что <img src=\"https://ege.sdamgia.ru/formula/svg/5e/5ecd55df779936de73a47368448cb7ba.svg\" class=\"tex\" style=\"vertical-align:-1.8pt\" alt=\"\\angle M C N=30 в сте­пе­ни левая круг­лая скоб­ка \\circ пра­вая круг­лая скоб­ка \"> и <img src=\"https://ege.sdamgia.ru/formula/svg/d2/d287fbe98eea831ec321d81273aaa67d.svg\" class=\"tex\" style=\"vertical-align:-1.8pt\" alt=\" M N=4 плюс 2 ко­рень из: на­ча­ло ар­гу­мен­та: 3 конец ар­гу­мен­та .\"></p><p class=\"left_margin\">а)  До­ка­жи­те, что <img src=\"https://ege.sdamgia.ru/formula/svg/a8/a81412e9afefee6b2bc8fa35830ba4b4.svg\" class=\"tex\" style=\"vertical-align:-8.5pt\" alt=\" дробь: чис­ли­тель: M D в квад­ра­те , зна­ме­на­тель: B D умно­жить на C D конец дроби =1. \"></p><p class=\"left_margin\">б)  Най­ди­те длину бис­сек­три­сы <i>CL</i> тре­уголь­ни­ка <i>MCN</i>.</p></div>",
        "image_urls": [
            "https://ege.sdamgia.ru/formula/svg/5e/5ecd55df779936de73a47368448cb7ba.svg",
            "https://ege.sdamgia.ru/formula/svg/d2/d287fbe98eea831ec321d81273aaa67d.svg",
            "https://ege.sdamgia.ru/formula/svg/a8/a81412e9afefee6b2bc8fa35830ba4b4.svg"
        ]
    },
    "solution": {
        "text": "Решение.  а)  Заметим, что  Поэтому треугольники BMD и MCD подобны по двум углам, значит,  откуда б)  Из подобия треугольников CNP и CAN получаем, что  Отсюда следует, что  Из подобия треугольников CMD и CBM получаем, что  а потому  Из подобия треугольников CPB и CDA получаем, что  откуда следует, что  Таким образом,  или  Следовательно, отрезок CL  — биссектриса и высота треугольника CMN.Пусть  тогда по теореме косинусов получаем По теореме Пифагора,  то естьтогда  Ответ: б)  Примечание.Заметим, что формула  представляет собой известное соотношение: высота прямоугольного треугольника, проведенная из вершины прямого угла, является средним пропорциональным между проекциями катетов на гипотенузу.",
        "html": "<div align=\"justify\" width=\"100%\" id=\"sol634664\" class=\"solution\" style=\"clear:both;\" class=\"pbody\"><p class=\"left_margin\"></p><b>Ре­ше­ние<!--rule_info-->. </b><p class=\"left_margin\"><img src=\"/get_file?id=118540\" style=\"float:right;margin:10px;max-width:100%\"> а)  За­ме­тим, что <img src=\"https://ege.sdamgia.ru/formula/svg/44/4456e00410a730830987b256e962ccdd.svg\" class=\"tex\" style=\"vertical-align:-1.8pt\" alt=\"\\angle BMD=90 гра­ду­сов минус \\angle CMD=\\angle MCD.\"> По­это­му тре­уголь­ни­ки <i>BMD</i> и <i>MCD</i> по­доб­ны по двум углам, зна­чит, <img src=\"https://ege.sdamgia.ru/formula/svg/97/97058bed8daaf9f8c604aaabc9f8d01e.svg\" class=\"tex\" style=\"vertical-align:-3.0pt\" alt=\"MD:CD=BD:MD,\"> от­ку­да <img src=\"https://ege.sdamgia.ru/formula/svg/c0/c0836c284630f20aceb58816f6bf6533.svg\" class=\"tex\" style=\"vertical-align:-1.8pt\" alt=\"MD в квад­ра­те =BD умно­жить на CD.\"></p><p class=\"left_margin\">б)  Из по­до­бия тре­уголь­ни­ков <i>CNP</i> и <i>CAN</i> по­лу­ча­ем, что <img src=\"https://ege.sdamgia.ru/formula/svg/35/35da6476b5d8ad3de6bb026cd741bbc4.svg\" class=\"tex\" style=\"vertical-align:-1.8pt\" alt=\"CN:CP=CA:CN.\"> От­сю­да сле­ду­ет, что <img src=\"https://ege.sdamgia.ru/formula/svg/26/264603591d46b4999572ddc196127277.svg\" class=\"tex\" style=\"vertical-align:-1.8pt\" alt=\"CN в квад­ра­те =CP умно­жить на CA.\"> Из по­до­бия тре­уголь­ни­ков <i>CMD</i> и <i>CBM</i> по­лу­ча­ем, что <img src=\"https://ege.sdamgia.ru/formula/svg/47/47db285a1002a4ff1b11bb2e89dba4cb.svg\" class=\"tex\" style=\"vertical-align:-3.0pt\" alt=\"CM:CD=CB:CM,\"> а по­то­му <img src=\"https://ege.sdamgia.ru/formula/svg/84/840125f89c49d0ef524cc9bcac8e6d1e.svg\" class=\"tex\" style=\"vertical-align:-1.8pt\" alt=\"CM в квад­ра­те =CD умно­жить на CB.\"> Из по­до­бия тре­уголь­ни­ков <i>CPB</i> и <i>CDA</i> по­лу­ча­ем, что <img src=\"https://ege.sdamgia.ru/formula/svg/c7/c74730362cb2255f1770d57aac27f08f.svg\" class=\"tex\" style=\"vertical-align:-3.0pt\" alt=\"CP:CD=CB:CA,\"> от­ку­да сле­ду­ет, что <img src=\"https://ege.sdamgia.ru/formula/svg/c2/c29bb46c5f7e184609533a73acc41da8.svg\" class=\"tex\" style=\"vertical-align:-1.8pt\" alt=\"CP умно­жить на CA=CB умно­жить на CD.\"> Таким об­ра­зом, <img src=\"https://ege.sdamgia.ru/formula/svg/b4/b46cd17e311c75e35be4343e95c7c3a7.svg\" class=\"tex\" style=\"vertical-align:-1.8pt\" alt=\"CN в квад­ра­те =CM в квад­ра­те \"> или <img src=\"https://ege.sdamgia.ru/formula/svg/21/2153fe8755ff28bae4d18e0aa6566134.svg\" class=\"tex\" style=\"vertical-align:-1.8pt\" alt=\"CN=CM.\"> Сле­до­ва­тель­но, от­ре­зок <i>CL</i>  — бис­сек­три­са и вы­со­та тре­уголь­ни­ка <i>CMN</i>.</p><p class=\"left_margin\">Пусть <img src=\"https://ege.sdamgia.ru/formula/svg/d3/d3a7d5d539e1c3e978c67bb4719621b7.svg\" class=\"tex\" style=\"vertical-align:-3.0pt\" alt=\"CN=x,\"> тогда по тео­ре­ме ко­си­ну­сов по­лу­ча­ем</p><p class=\"left_margin\"></p><center><p><span data-width=\"640\" data-formulahash=\"748eba0851c73a4311774c92361120c2\" class=\"tex-span\" style=\"\"><img src=\"https://ege.sdamgia.ru/formula/svg/a6/a686d801dfa88733e9fac3c6bf627541.svg\" class=\"tex\" style=\"vertical-align:-8.5pt\" alt=\"2x в квад­ра­те минус 2x в квад­ра­те умно­жить на дробь: чис­ли­тель: ко­рень из: на­ча­ло ар­гу­мен­та: 3 конец ар­гу­мен­та , зна­ме­на­тель: 2 конец дроби = левая круг­лая скоб­ка 4 плюс 2 ко­рень из: на­ча­ло ар­гу­мен­та: 3 конец ар­гу­мен­та пра­вая круг­лая скоб­ка в квад­ра­те рав­но­силь­но x в квад­ра­те левая круг­лая скоб­ка 2 минус ко­рень из: на­ча­ло ар­гу­мен­та: 3 конец ар­гу­мен­та пра­вая круг­лая скоб­ка =28 плюс 16 ко­рень из: на­ча­ло ар­гу­мен­та: 3 конец ар­гу­мен­та рав­но­силь­но \"><br><img src=\"https://ege.sdamgia.ru/formula/svg/3f/3f599a3ac2636b67b7ae9795a1358486.svg\" class=\"tex\" style=\"vertical-align:-3.7pt\" alt=\" рав­но­силь­но x в квад­ра­те = левая круг­лая скоб­ка 2 плюс ко­рень из: на­ча­ло ар­гу­мен­та: 3 конец ар­гу­мен­та пра­вая круг­лая скоб­ка умно­жить на левая круг­лая скоб­ка 28 плюс 16 ко­рень из: на­ча­ло ар­гу­мен­та: 3 конец ар­гу­мен­та пра­вая круг­лая скоб­ка рав­но­силь­но x в квад­ра­те =60 ко­рень из: на­ча­ло ар­гу­мен­та: 3 конец ар­гу­мен­та плюс 104.\"></span><span data-width=\"365\" data-formulahash=\"748eba0851c73a4311774c92361120c2\" class=\"tex-span\" style=\"display:none\"><img src=\"https://ege.sdamgia.ru/formula/svg/b2/b2ac827e62095f2c74fae370280a8c5a.svg\" class=\"tex\" style=\"vertical-align:-8.5pt\" alt=\"2x в квад­ра­те минус 2x в квад­ра­те умно­жить на дробь: чис­ли­тель: ко­рень из: на­ча­ло ар­гу­мен­та: 3 конец ар­гу­мен­та , зна­ме­на­тель: 2 конец дроби = левая круг­лая скоб­ка 4 плюс 2 ко­рень из: на­ча­ло ар­гу­мен­та: 3 конец ар­гу­мен­та пра­вая круг­лая скоб­ка в квад­ра­те рав­но­силь­но \"><br><img src=\"https://ege.sdamgia.ru/formula/svg/73/73a8cab2bbb88290cd6b23c7e07f81cd.svg\" class=\"tex\" style=\"vertical-align:-3.7pt\" alt=\" рав­но­силь­но x в квад­ра­те левая круг­лая скоб­ка 2 минус ко­рень из: на­ча­ло ар­гу­мен­та: 3 конец ар­гу­мен­та пра­вая круг­лая скоб­ка =28 плюс 16 ко­рень из: на­ча­ло ар­гу­мен­та: 3 конец ар­гу­мен­та рав­но­силь­но \"><br><img src=\"https://ege.sdamgia.ru/formula/svg/3f/3f599a3ac2636b67b7ae9795a1358486.svg\" class=\"tex\" style=\"vertical-align:-3.7pt\" alt=\" рав­но­силь­но x в квад­ра­те = левая круг­лая скоб­ка 2 плюс ко­рень из: на­ча­ло ар­гу­мен­та: 3 конец ар­гу­мен­та пра­вая круг­лая скоб­ка умно­жить на левая круг­лая скоб­ка 28 плюс 16 ко­рень из: на­ча­ло ар­гу­мен­та: 3 конец ар­гу­мен­та пра­вая круг­лая скоб­ка рав­но­силь­но x в квад­ра­те =60 ко­рень из: на­ча­ло ар­гу­мен­та: 3 конец ар­гу­мен­та плюс 104.\"></span></p><p class=\"left_margin\"></p></center><p> По тео­ре­ме Пи­фа­го­ра, <img src=\"https://ege.sdamgia.ru/formula/svg/db/db60a97f3e2259dd77c0529b8a4c72df.svg\" class=\"tex\" style=\"vertical-align:-3.0pt\" alt=\"CL в квад­ра­те =CN в квад­ра­те минус NL в квад­ра­те ,\"> то есть</p><p class=\"left_margin\"></p><center><p><span data-width=\"640\" data-formulahash=\"a4197166ee9ad754519ed67379eaa72d\" class=\"tex-span\" style=\"\"><img src=\"https://ege.sdamgia.ru/formula/svg/a4/a4197166ee9ad754519ed67379eaa72d.svg\" class=\"tex\" style=\"vertical-align:-3.6pt\" alt=\"CL в квад­ра­те = 60 ко­рень из: на­ча­ло ар­гу­мен­та: 3 конец ар­гу­мен­та плюс 104 минус левая круг­лая скоб­ка 2 плюс ко­рень из: на­ча­ло ар­гу­мен­та: 3 конец ар­гу­мен­та пра­вая круг­лая скоб­ка в квад­ра­те =97 плюс 56 ко­рень из: на­ча­ло ар­гу­мен­та: 3 конец ар­гу­мен­та =49 плюс 56 ко­рень из: на­ча­ло ар­гу­мен­та: 3 конец ар­гу­мен­та плюс 48= левая круг­лая скоб­ка 7 плюс 4 ко­рень из: на­ча­ло ар­гу­мен­та: 3 конец ар­гу­мен­та пра­вая круг­лая скоб­ка в квад­ра­те ,\"></span><span data-width=\"515\" data-formulahash=\"a4197166ee9ad754519ed67379eaa72d\" class=\"tex-span\" style=\"display:none\"><img src=\"https://ege.sdamgia.ru/formula/svg/16/16d36e4cd83b79a56db00088d9b168ad.svg\" class=\"tex\" style=\"vertical-align:-3.7pt\" alt=\"CL в квад­ра­те = 60 ко­рень из: на­ча­ло ар­гу­мен­та: 3 конец ар­гу­мен­та плюс 104 минус левая круг­лая скоб­ка 2 плюс ко­рень из: на­ча­ло ар­гу­мен­та: 3 конец ар­гу­мен­та пра­вая круг­лая скоб­ка в квад­ра­те =\"><br><img src=\"https://ege.sdamgia.ru/formula/svg/36/36fe25aa8cc6a73ebdb1e6f50f4791c2.svg\" class=\"tex\" style=\"vertical-align:-3.7pt\" alt=\"=97 плюс 56 ко­рень из: на­ча­ло ар­гу­мен­та: 3 конец ар­гу­мен­та =49 плюс 56 ко­рень из: на­ча­ло ар­гу­мен­та: 3 конец ар­гу­мен­та плюс 48= левая круг­лая скоб­ка 7 плюс 4 ко­рень из: на­ча­ло ар­гу­мен­та: 3 конец ар­гу­мен­та пра­вая круг­лая скоб­ка в квад­ра­те ,\"></span></p><p class=\"left_margin\"></p></center><p>тогда <img src=\"https://ege.sdamgia.ru/formula/svg/5a/5ab6241bc0dd2c56c1ca44032e011383.svg\" class=\"tex\" style=\"vertical-align:-1.8pt\" alt=\"CL = 7 плюс 4 ко­рень из: на­ча­ло ар­гу­мен­та: 3 конец ар­гу­мен­та .\"></p><p>&nbsp;</p><p><span style=\"letter-spacing: 2px;\">Ответ:</span> б) <img src=\"https://ege.sdamgia.ru/formula/svg/3b/3b1f822ca370ab32792b14ffb3a2b9ff.svg\" class=\"tex\" style=\"vertical-align:-1.8pt\" alt=\"7 плюс 4 ко­рень из: на­ча­ло ар­гу­мен­та: 3 конец ар­гу­мен­та .\"></p><p>&nbsp;</p><p><b>При­ме­ча­ние.</b></p><p class=\"left_margin\">За­ме­тим, что фор­му­ла <img src=\"https://ege.sdamgia.ru/formula/svg/b4/b4b229c257a1e802885ed726175e16d2.svg\" class=\"tex\" style=\"vertical-align:-8.5pt\" alt=\" дробь: чис­ли­тель: M D в квад­ра­те , зна­ме­на­тель: B D умно­жить на C D конец дроби =1 \"> пред­став­ля­ет собой из­вест­ное со­от­но­ше­ние: вы­со­та пря­мо­уголь­но­го тре­уголь­ни­ка, про­ве­ден­ная из вер­ши­ны пря­мо­го угла, яв­ля­ет­ся сред­ним про­пор­ци­о­наль­ным между про­ек­ци­я­ми ка­те­тов на ги­по­те­ну­зу.</p></div>",
        "image_urls": [
            "https://ege.sdamgia.ru/formula/svg/44/4456e00410a730830987b256e962ccdd.svg",
            "https://ege.sdamgia.ru/formula/svg/97/97058bed8daaf9f8c604aaabc9f8d01e.svg",
            "https://ege.sdamgia.ru/formula/svg/c0/c0836c284630f20aceb58816f6bf6533.svg",
            "https://ege.sdamgia.ru/formula/svg/35/35da6476b5d8ad3de6bb026cd741bbc4.svg",
            "https://ege.sdamgia.ru/formula/svg/26/264603591d46b4999572ddc196127277.svg",
            "https://ege.sdamgia.ru/formula/svg/47/47db285a1002a4ff1b11bb2e89dba4cb.svg",
            "https://ege.sdamgia.ru/formula/svg/84/840125f89c49d0ef524cc9bcac8e6d1e.svg",
            "https://ege.sdamgia.ru/formula/svg/c7/c74730362cb2255f1770d57aac27f08f.svg",
            "https://ege.sdamgia.ru/formula/svg/c2/c29bb46c5f7e184609533a73acc41da8.svg",
            "https://ege.sdamgia.ru/formula/svg/b4/b46cd17e311c75e35be4343e95c7c3a7.svg",
            "https://ege.sdamgia.ru/formula/svg/21/2153fe8755ff28bae4d18e0aa6566134.svg",
            "https://ege.sdamgia.ru/formula/svg/d3/d3a7d5d539e1c3e978c67bb4719621b7.svg",
            "https://ege.sdamgia.ru/formula/svg/a6/a686d801dfa88733e9fac3c6bf627541.svg",
            "https://ege.sdamgia.ru/formula/svg/3f/3f599a3ac2636b67b7ae9795a1358486.svg",
            "https://ege.sdamgia.ru/formula/svg/b2/b2ac827e62095f2c74fae370280a8c5a.svg",
            "https://ege.sdamgia.ru/formula/svg/73/73a8cab2bbb88290cd6b23c7e07f81cd.svg",
            "https://ege.sdamgia.ru/formula/svg/3f/3f599a3ac2636b67b7ae9795a1358486.svg",
            "https://ege.sdamgia.ru/formula/svg/db/db60a97f3e2259dd77c0529b8a4c72df.svg",
            "https://ege.sdamgia.ru/formula/svg/a4/a4197166ee9ad754519ed67379eaa72d.svg",
            "https://ege.sdamgia.ru/formula/svg/16/16d36e4cd83b79a56db00088d9b168ad.svg",
            "https://ege.sdamgia.ru/formula/svg/36/36fe25aa8cc6a73ebdb1e6f50f4791c2.svg",
            "https://ege.sdamgia.ru/formula/svg/5a/5ab6241bc0dd2c56c1ca44032e011383.svg",
            "https://ege.sdamgia.ru/formula/svg/3b/3b1f822ca370ab32792b14ffb3a2b9ff.svg",
            "https://ege.sdamgia.ru/formula/svg/b4/b4b229c257a1e802885ed726175e16d2.svg",
            "/get_file?id=118540"
        ]
    },
    "answer": "б)",
    "topic_id": 17,
    "analog_ids": []
}