{
    "gia_type": "ege",
    "subject": "math",
    "id": 635756,
    "condition": {
        "text": "На сторонах острого угла с вершиной О взяты точки А и В. На луче ОВ взята точка M на расстоянии 3OA от прямой OA, а на луче OA  — точка N на расстоянии 3OB от прямой ОВ. Радиус окружности, описанной около треугольника AOB, равен  3.а)  Докажите, что треугольник АОВ подобен треугольнику MON.б)  Найдите длину отрезка MN.",
        "html": "<div align=\"justify\" width=\"100%\" id=\"body515472\" class=\"pbody\"><p class=\"left_margin\">На сто­ро­нах остро­го угла с вер­ши­ной <i>О</i> взяты точки <i>А</i> и <i>В</i>. На луче <i>ОВ</i> взята точка <i>M</i> на рас­сто­я­нии 3<i>OA</i> от пря­мой <i>OA,</i> а на луче <i>OA</i>  — точка <i>N</i> на рас­сто­я­нии 3<i>OB</i> от пря­мой <i>ОВ</i>. Ра­ди­ус окруж­но­сти, опи­сан­ной около тре­уголь­ни­ка <i>AOB</i>, равен  3.</p><p class=\"left_margin\">а)  До­ка­жи­те, что тре­уголь­ник <i>АОВ</i> по­до­бен тре­уголь­ни­ку <i>MON</i>.</p><p class=\"left_margin\">б)  Най­ди­те длину от­рез­ка <i>MN</i>.</p></div>",
        "image_urls": []
    },
    "solution": {
        "text": "Решение. а)  Введем обозначения, как показано на рисунке. Пусть OA  =  a и OB  =  b, тогда  и  Заметим, что  Следовательно, треугольники AOB и MON подобны, что и требовалось доказать.б)  По теореме синусов  или  Значит,  откуда Ответ: б)  18.",
        "html": "<div align=\"justify\" width=\"100%\" id=\"sol635756\" class=\"solution\" style=\"clear:both;\" class=\"pbody\"><p class=\"left_margin\"></p><b>Ре­ше­ние<!--rule_info-->. </b><p class=\"left_margin\"><img src=\"/get_file?id=119919\" style=\"float:right;margin:10px;max-width:100%\">а)  Вве­дем обо­зна­че­ния, как по­ка­за­но на ри­сун­ке. Пусть <i>OA</i>  =  <i>a</i> и <i>OB</i>  =  <i>b</i>, тогда <img src=\"https://ege.sdamgia.ru/formula/svg/ce/ceee4c0cf374080abe3510612ecdfc1b.svg\" class=\"tex\" style=\"vertical-align:-1.8pt\" alt=\"NP=3b\"> и <img src=\"https://ege.sdamgia.ru/formula/svg/ea/ea240530e705353f98ad21ddbdadfc94.svg\" class=\"tex\" style=\"vertical-align:-3.0pt\" alt=\"MQ=3a.\"> За­ме­тим, что </p><p class=\"left_margin\"></p><center><p><img src=\"https://ege.sdamgia.ru/formula/svg/9c/9c14a0248579a0673f8c4bcf01d984e0.svg\" class=\"tex\" style=\"vertical-align:-8.5pt\" alt=\"ON : OM = дробь: чис­ли­тель: NP, зна­ме­на­тель: синус \\angle O конец дроби : дробь: чис­ли­тель: MQ, зна­ме­на­тель: синус \\angle O конец дроби = NP : MQ =3b: 3a =OB:OA. \"></p><p class=\"left_margin\"></p></center><p> Сле­до­ва­тель­но, тре­уголь­ни­ки <i>AOB</i> и <i>MON</i> по­доб­ны, что и тре­бо­ва­лось до­ка­зать.</p><p class=\"left_margin\">б)  По тео­ре­ме си­ну­сов <img src=\"https://ege.sdamgia.ru/formula/svg/63/6349985dd282e6fd2a96527493514cb4.svg\" class=\"tex\" style=\"vertical-align:-8.4pt\" alt=\" дробь: чис­ли­тель: AB, зна­ме­на­тель: синус \\angle O конец дроби =2 умно­жить на 3 \"> или <img src=\"https://ege.sdamgia.ru/formula/svg/ad/ada657c0697d550d40c20ee8705ad35a.svg\" class=\"tex\" style=\"vertical-align:-1.8pt\" alt=\"AB=6 синус \\angle O.\"> Зна­чит, </p><p class=\"left_margin\"></p><center><p><img src=\"https://ege.sdamgia.ru/formula/svg/5d/5d9cb49a3f7b122938d2dc36b892fe50.svg\" class=\"tex\" style=\"vertical-align:-8.5pt\" alt=\"MN : AB=ON : OB= дробь: чис­ли­тель: 3b, зна­ме­на­тель: синус \\angle O конец дроби : b= дробь: чис­ли­тель: 3, зна­ме­на­тель: синус \\angle O конец дроби , \"></p><p class=\"left_margin\"></p></center><p> от­ку­да </p><p class=\"left_margin\"></p><center><p><img src=\"https://ege.sdamgia.ru/formula/svg/38/38207201f256bdd5681a6fef5870d90e.svg\" class=\"tex\" style=\"vertical-align:-8.5pt\" alt=\"MN=AB умно­жить на дробь: чис­ли­тель: 3, зна­ме­на­тель: синус \\angle O конец дроби = 6 синус \\angle O умно­жить на дробь: чис­ли­тель: 3, зна­ме­на­тель: синус \\angle O конец дроби =18. \"></p><p class=\"left_margin\"></p></center><p><span style=\"letter-spacing: 2px;\">Ответ:</span> б)  18.</p></div>",
        "image_urls": [
            "https://ege.sdamgia.ru/formula/svg/ce/ceee4c0cf374080abe3510612ecdfc1b.svg",
            "https://ege.sdamgia.ru/formula/svg/ea/ea240530e705353f98ad21ddbdadfc94.svg",
            "https://ege.sdamgia.ru/formula/svg/9c/9c14a0248579a0673f8c4bcf01d984e0.svg",
            "https://ege.sdamgia.ru/formula/svg/63/6349985dd282e6fd2a96527493514cb4.svg",
            "https://ege.sdamgia.ru/formula/svg/ad/ada657c0697d550d40c20ee8705ad35a.svg",
            "https://ege.sdamgia.ru/formula/svg/5d/5d9cb49a3f7b122938d2dc36b892fe50.svg",
            "https://ege.sdamgia.ru/formula/svg/38/38207201f256bdd5681a6fef5870d90e.svg",
            "/get_file?id=119919"
        ]
    },
    "answer": "б)  18.",
    "topic_id": 17,
    "analog_ids": []
}