{
    "gia_type": "ege",
    "subject": "math",
    "id": 635755,
    "condition": {
        "text": "В остроугольном треугольнике  проведены высота BH и медиана AM, причем точки A, B, Н и М лежат на одной окружности.а)  Докажите, что треугольник ABC равнобедренный.б)  Найдите площадь треугольника ABC, если  и MH  =  3.",
        "html": "<div align=\"justify\" width=\"100%\" id=\"body515479\" class=\"pbody\"><p class=\"left_margin\">В ост­ро­уголь­ном тре­уголь­ни­ке <img src=\"https://ege.sdamgia.ru/formula/svg/c5/c5128f579b83322a464b5b5065364dd8.svg\" class=\"tex\" style=\"vertical-align:-1.8pt\" alt=\" ABC \"> про­ве­де­ны вы­со­та <i>BH</i> и ме­ди­а­на <i>AM,</i> при­чем точки <i>A</i>, <i>B, Н</i> и <i>М</i> лежат на одной окруж­но­сти.</p><p class=\"left_margin\">а)  До­ка­жи­те, что тре­уголь­ник <i>ABC</i> рав­но­бед­рен­ный.</p><p class=\"left_margin\">б)  Най­ди­те пло­щадь тре­уголь­ни­ка <i>ABC</i>, если <img src=\"https://ege.sdamgia.ru/formula/svg/bb/bb90bd5fdd5fee1ca8df27a9ee9b1607.svg\" class=\"tex\" style=\"vertical-align:-1.8pt\" alt=\"AM: BH = 4 : 3\"> и <i>MH</i>  =  3.</p></div>",
        "image_urls": [
            "https://ege.sdamgia.ru/formula/svg/c5/c5128f579b83322a464b5b5065364dd8.svg",
            "https://ege.sdamgia.ru/formula/svg/bb/bb90bd5fdd5fee1ca8df27a9ee9b1607.svg"
        ]
    },
    "solution": {
        "text": "Решение. а)  Если четырехугольник ABMH вписан в окружность, то сторона AB  — ее диаметр (так как угол  значит,  откуда следует, что отрезок MH  — медиана и высота, следовательно, б)  Отрезок MH  — медиана прямоугольного треугольника BHC, поэтому  то есть BC  =  6. Пусть  и  тогда откуда  Следовательно,  откуда для площади треугольника ABC получаем:Ответ: б) ",
        "html": "<div align=\"justify\" width=\"100%\" id=\"sol635755\" class=\"solution\" style=\"clear:both;\" class=\"pbody\"><p class=\"left_margin\"></p><b>Ре­ше­ние<!--rule_info-->. </b><p class=\"left_margin\"><img src=\"/get_file?id=119917\" style=\"float:right;margin:10px;max-width:100%\">а)  Если че­ты­рех­уголь­ник <i>ABMH</i> впи­сан в окруж­ность, то сто­ро­на <i>AB</i>  — ее диа­метр (так как угол <img src=\"https://ege.sdamgia.ru/formula/svg/36/36a932309c44ecf24429b78164c4ddbb.svg\" class=\"tex\" style=\"vertical-align:-3.6pt\" alt=\"\\angle AHB=90 гра­ду­сов пра­вая круг­лая скоб­ка ,\"> зна­чит, <img src=\"https://ege.sdamgia.ru/formula/svg/1d/1d101107098d7e0851cf1f9721fa8bb3.svg\" class=\"tex\" style=\"vertical-align:-3.0pt\" alt=\"\\angle AMB=90 гра­ду­сов,\"> от­ку­да сле­ду­ет, что от­ре­зок <i>MH</i>  — ме­ди­а­на и вы­со­та, сле­до­ва­тель­но, <img src=\"https://ege.sdamgia.ru/formula/svg/1f/1f7457513062b57a30dc3761caea31ea.svg\" class=\"tex\" style=\"vertical-align:-1.8pt\" alt=\"AB=AC.\"></p><p class=\"left_margin\">б)  От­ре­зок <i>MH</i>  — ме­ди­а­на пря­мо­уголь­но­го тре­уголь­ни­ка <i>BHC</i>, по­это­му <img src=\"https://ege.sdamgia.ru/formula/svg/ee/eed0d17a00bd01a87db9750168d88158.svg\" class=\"tex\" style=\"vertical-align:-8.3pt\" alt=\"MH= дробь: чис­ли­тель: BC, зна­ме­на­тель: 2 конец дроби , \"> то есть <i>BC</i>  =  6. Пусть <img src=\"https://ege.sdamgia.ru/formula/svg/65/6541c89d4c4873837d4b99443dacc04c.svg\" class=\"tex\" style=\"vertical-align:-1.8pt\" alt=\"AM=4x\"> и <img src=\"https://ege.sdamgia.ru/formula/svg/ff/ffd44cc177a501c56192567d79cc4d01.svg\" class=\"tex\" style=\"vertical-align:-3.0pt\" alt=\"BH=3x,\"> тогда</p><p class=\"left_margin\"></p><center><p><img src=\"https://ege.sdamgia.ru/formula/svg/54/54b7ea9a61202ab452d47f3a9e57bb23.svg\" class=\"tex\" style=\"vertical-align:-8.3pt\" alt=\" дробь: чис­ли­тель: 4x умно­жить на 6, зна­ме­на­тель: 2 конец дроби = дробь: чис­ли­тель: 3x умно­жить на AC, зна­ме­на­тель: 2 конец дроби , \"></p><p class=\"left_margin\"></p></center><p> от­ку­да <img src=\"https://ege.sdamgia.ru/formula/svg/03/03a35ecef9a52d642486447a170658f3.svg\" class=\"tex\" style=\"vertical-align:-1.8pt\" alt=\"AC=BA=8.\"> Сле­до­ва­тель­но, <img src=\"https://ege.sdamgia.ru/formula/svg/08/08ac8f555fd9defcd1b8cf10e586fac4.svg\" class=\"tex\" style=\"vertical-align:-3.0pt\" alt=\"AM= ко­рень из: на­ча­ло ар­гу­мен­та: 8 в квад­ра­те минус 3 в квад­ра­те конец ар­гу­мен­та = ко­рень из: на­ча­ло ар­гу­мен­та: 55 конец ар­гу­мен­та ,\"> от­ку­да для пло­ща­ди тре­уголь­ни­ка <i>ABC</i> по­лу­ча­ем:</p><p class=\"left_margin\"></p><center><p><img src=\"https://ege.sdamgia.ru/formula/svg/c9/c9a9c8da035305a763f829f1a5416559.svg\" class=\"tex\" style=\"vertical-align:-8.4pt\" alt=\"S_ABC= дробь: чис­ли­тель: 1, зна­ме­на­тель: 2 конец дроби умно­жить на 6 умно­жить на ко­рень из: на­ча­ло ар­гу­мен­та: 55 конец ар­гу­мен­та =3 ко­рень из: на­ча­ло ар­гу­мен­та: 55 конец ар­гу­мен­та .\"></p><p class=\"left_margin\"></p></center><p><span style=\"letter-spacing: 2px;\">Ответ:</span> б) <img src=\"https://ege.sdamgia.ru/formula/svg/14/1469baebd322cad14629a9eb29fd036b.svg\" class=\"tex\" style=\"vertical-align:-1.8pt\" alt=\"3 ко­рень из: на­ча­ло ар­гу­мен­та: 55 конец ар­гу­мен­та .\"></p></div>",
        "image_urls": [
            "https://ege.sdamgia.ru/formula/svg/36/36a932309c44ecf24429b78164c4ddbb.svg",
            "https://ege.sdamgia.ru/formula/svg/1d/1d101107098d7e0851cf1f9721fa8bb3.svg",
            "https://ege.sdamgia.ru/formula/svg/1f/1f7457513062b57a30dc3761caea31ea.svg",
            "https://ege.sdamgia.ru/formula/svg/ee/eed0d17a00bd01a87db9750168d88158.svg",
            "https://ege.sdamgia.ru/formula/svg/65/6541c89d4c4873837d4b99443dacc04c.svg",
            "https://ege.sdamgia.ru/formula/svg/ff/ffd44cc177a501c56192567d79cc4d01.svg",
            "https://ege.sdamgia.ru/formula/svg/54/54b7ea9a61202ab452d47f3a9e57bb23.svg",
            "https://ege.sdamgia.ru/formula/svg/03/03a35ecef9a52d642486447a170658f3.svg",
            "https://ege.sdamgia.ru/formula/svg/08/08ac8f555fd9defcd1b8cf10e586fac4.svg",
            "https://ege.sdamgia.ru/formula/svg/c9/c9a9c8da035305a763f829f1a5416559.svg",
            "https://ege.sdamgia.ru/formula/svg/14/1469baebd322cad14629a9eb29fd036b.svg",
            "/get_file?id=119917"
        ]
    },
    "answer": "б)",
    "topic_id": 17,
    "analog_ids": []
}