{
    "gia_type": "ege",
    "subject": "math",
    "id": 637857,
    "condition": {
        "text": "В треугольнике KLM на продолжении стороны KL за точку L взята точка D, точка N лежит на пересечении биссектрисы угла MLD и прямой KM. Отрезки KC и NP  — биссектрисы треугольника KLN, а)  Докажите, что б)  Найдите площадь треугольника LMC, если KL  =  10 и ML  =  5.",
        "html": "<div align=\"justify\" width=\"100%\" id=\"body513373\" class=\"pbody\"><p class=\"left_margin\">В тре­уголь­ни­ке <i>KLM</i> на про­дол­же­нии сто­ро­ны <i>KL</i> за точку <i>L</i> взята точка <i>D</i>, точка <i>N</i> лежит на пе­ре­се­че­нии бис­сек­три­сы угла <i>MLD</i> и пря­мой <i>KM</i>. От­рез­ки <i>KC</i> и <i>NP</i>  — бис­сек­три­сы тре­уголь­ни­ка <i>KLN</i>, <img src=\"https://ege.sdamgia.ru/formula/svg/6c/6c8cfd35c5b2b75e7e1b7c4cd677f6d4.svg\" class=\"tex\" style=\"vertical-align:-1.8pt\" alt=\"\\angle P M C=90 в сте­пе­ни левая круг­лая скоб­ка \\circ пра­вая круг­лая скоб­ка .\"></p><p class=\"left_margin\">а)  До­ка­жи­те, что <img src=\"https://ege.sdamgia.ru/formula/svg/be/be474f42cf72540aa0ac399d64d3c89a.svg\" class=\"tex\" style=\"vertical-align:-1.8pt\" alt=\"\\angle K L M=60 в сте­пе­ни левая круг­лая скоб­ка \\circ пра­вая круг­лая скоб­ка .\"></p><p class=\"left_margin\">б)  Най­ди­те пло­щадь тре­уголь­ни­ка <i>LMC,</i> если <i>KL</i>  =  10 и <i>ML</i>  =  5.</p></div>",
        "image_urls": [
            "https://ege.sdamgia.ru/formula/svg/6c/6c8cfd35c5b2b75e7e1b7c4cd677f6d4.svg",
            "https://ege.sdamgia.ru/formula/svg/be/be474f42cf72540aa0ac399d64d3c89a.svg"
        ]
    },
    "solution": {
        "text": "Решение. а)  Точка  C лежит на биссектрисе угла LKM, а потому равноудалена от прямых KM и KL. Кроме того она равноудалена от прямых KL и LM. Значит, она равноудалена от прямых KM и LM, то есть MC  — биссектриса угла LMN. По условию  поэтому  Значит, MP  — биссектриса угла LMK. Тогда точка P равноудалена от прямых NM, ML и LN. Таким образом, углы PLM, MLC и CLD равны. В сумме эти три угла дают развернутый угол, поэтому  Что и требовалось доказать.б)  По теореме косинусов Заметим, что  тогда  и  Следовательно, треугольник KLN равнобедренный, а отрезок LM  — его высота и биссектриса. По доказанному ранее отрезок MC  — биссектриса треугольника LMN, поэтому  Отсюда  Тогда площадь треугольника CML равна  Ответ: б) ",
        "html": "<div align=\"justify\" width=\"100%\" id=\"sol637857\" class=\"solution\" style=\"clear:both;\" class=\"pbody\"><p class=\"left_margin\"></p><b>Ре­ше­ние<!--rule_info-->. </b><p class=\"left_margin\"><img src=\"/get_file?id=183485\" style=\"float:right;margin:10px;max-width:100%\">а)  Точка  <i>C</i> лежит на бис­сек­три­се угла <i>LKM</i>, а по­то­му рав­но­уда­ле­на от пря­мых <i>KM</i> и <i>KL</i>. Кроме того она рав­но­уда­ле­на от пря­мых <i>KL</i> и <i>LM</i>. Зна­чит, она рав­но­уда­ле­на от пря­мых <i>KM</i> и <i>LM</i>, то есть <i>MC</i>  — бис­сек­три­са угла <i>LMN</i>. По усло­вию <img src=\"https://ege.sdamgia.ru/formula/svg/76/76e428e866fcaf1537119c04d4332752.svg\" class=\"tex\" style=\"vertical-align:-3.0pt\" alt=\"\\angle CMP=90 в сте­пе­ни левая круг­лая скоб­ка \\circ пра­вая круг­лая скоб­ка ,\"> по­это­му </p><p class=\"left_margin\"></p><center><p><img src=\"https://ege.sdamgia.ru/formula/svg/12/124bff18e559ee84e9b3a9af90383b32.svg\" class=\"tex\" style=\"vertical-align:-1.8pt\" alt=\"\\angle KMP=90 в сте­пе­ни левая круг­лая скоб­ка \\circ пра­вая круг­лая скоб­ка минус \\angle NMC=90 в сте­пе­ни левая круг­лая скоб­ка \\circ пра­вая круг­лая скоб­ка минус \\angle LMC=\\angle PML.\"></p><p class=\"left_margin\"></p></center><p> Зна­чит, <i>MP</i>  — бис­сек­три­са угла <i>LMK</i>. Тогда точка <i>P</i> рав­но­уда­ле­на от пря­мых <i>NM</i>, <i>ML</i> и <i>LN</i>. Таким об­ра­зом, углы <i>PLM</i>, <i>MLC</i> и <i>CLD</i> равны. В сумме эти три угла дают раз­вер­ну­тый угол, по­это­му <img src=\"https://ege.sdamgia.ru/formula/svg/ba/bad5d110890897f2a0b2c1e621796b89.svg\" class=\"tex\" style=\"vertical-align:-1.8pt\" alt=\"\\angle KLM=60 в сте­пе­ни левая круг­лая скоб­ка \\circ пра­вая круг­лая скоб­ка .\"> Что и тре­бо­ва­лось до­ка­зать.</p><p class=\"left_margin\">б)  По тео­ре­ме ко­си­ну­сов</p><p class=\"left_margin\"></p><center><p><img src=\"https://ege.sdamgia.ru/formula/svg/b5/b5e9f88c424459b5696bbf7556eabf71.svg\" class=\"tex\" style=\"vertical-align:-8.4pt\" alt=\"KM в квад­ра­те =100 плюс 25 минус 2 умно­жить на 10 умно­жить на 5 умно­жить на дробь: чис­ли­тель: 1, зна­ме­на­тель: 2 конец дроби =75.\"></p><p class=\"left_margin\"></p></center><p> За­ме­тим, что <img src=\"https://ege.sdamgia.ru/formula/svg/2f/2f26385c97a9760438f0dec09bd71263.svg\" class=\"tex\" style=\"vertical-align:-3.0pt\" alt=\"KM в квад­ра­те плюс ML в квад­ра­те =KL в квад­ра­те ,\"> тогда <img src=\"https://ege.sdamgia.ru/formula/svg/bb/bbbdff529a68438a496468dbff0b67e7.svg\" class=\"tex\" style=\"vertical-align:-1.8pt\" alt=\"\\angle KML=90 в сте­пе­ни левая круг­лая скоб­ка \\circ пра­вая круг­лая скоб­ка \"> и <img src=\"https://ege.sdamgia.ru/formula/svg/93/93a0e028fa3993ac917e02b9fa9d008c.svg\" class=\"tex\" style=\"vertical-align:-1.8pt\" alt=\"\\angle LKM=30 в сте­пе­ни левая круг­лая скоб­ка \\circ пра­вая круг­лая скоб­ка .\"> Сле­до­ва­тель­но, тре­уголь­ник <i>KLN</i> рав­но­бед­рен­ный, а от­ре­зок <i>LM</i>  — его вы­со­та и бис­сек­три­са. По до­ка­зан­но­му ранее от­ре­зок <i>MC</i>  — бис­сек­три­са тре­уголь­ни­ка <i>LMN</i>, по­это­му </p><p class=\"left_margin\"></p><center><p><img src=\"https://ege.sdamgia.ru/formula/svg/01/01aae40a79cb234806d1ea2ace1a3036.svg\" class=\"tex\" style=\"vertical-align:-1.8pt\" alt=\"CL:CN=ML:MN=1: ко­рень из: на­ча­ло ар­гу­мен­та: 3 конец ар­гу­мен­та .\"></p><p class=\"left_margin\"></p></center><p> От­сю­да </p><p class=\"left_margin\"></p><center><p><img src=\"https://ege.sdamgia.ru/formula/svg/83/8392f8a2acc96a80f7b73c90d3ab157f.svg\" class=\"tex\" style=\"vertical-align:-11.0pt\" alt=\"CL= дробь: чис­ли­тель: 1, зна­ме­на­тель: 1 плюс ко­рень из: на­ча­ло ар­гу­мен­та: 3 конец ар­гу­мен­та конец дроби умно­жить на 10. \"></p><p class=\"left_margin\"></p></center><p> Тогда пло­щадь тре­уголь­ни­ка <i>CML</i> равна </p><p class=\"left_margin\"></p><center><p><img src=\"https://ege.sdamgia.ru/formula/svg/ae/aebdc3479ad49a8ee2e5a4251334478a.svg\" class=\"tex\" style=\"vertical-align:-12.4pt\" alt=\" дробь: чис­ли­тель: 1, зна­ме­на­тель: 2 конец дроби умно­жить на 5 умно­жить на дробь: чис­ли­тель: 10, зна­ме­на­тель: 1 плюс ко­рень из: на­ча­ло ар­гу­мен­та: 3 конец ар­гу­мен­та конец дроби умно­жить на дробь: чис­ли­тель: ко­рень из: на­ча­ло ар­гу­мен­та: 3 конец ар­гу­мен­та , зна­ме­на­тель: 2 конец дроби = дробь: чис­ли­тель: 25 ко­рень из: на­ча­ло ар­гу­мен­та: 3 конец ар­гу­мен­та , зна­ме­на­тель: 2 левая круг­лая скоб­ка ко­рень из: на­ча­ло ар­гу­мен­та: 3 конец ар­гу­мен­та плюс 1 пра­вая круг­лая скоб­ка конец дроби . \"> </p><p class=\"left_margin\"></p></center><p><span style=\"letter-spacing: 2px;\">Ответ:</span> б) <img src=\"https://ege.sdamgia.ru/formula/svg/74/741fdba220f13c8cfe06c2b0c1f20bd1.svg\" class=\"tex\" style=\"vertical-align:-12.4pt\" alt=\" дробь: чис­ли­тель: 25 ко­рень из: на­ча­ло ар­гу­мен­та: 3 конец ар­гу­мен­та , зна­ме­на­тель: 2 левая круг­лая скоб­ка ко­рень из: на­ча­ло ар­гу­мен­та: 3 конец ар­гу­мен­та плюс 1 пра­вая круг­лая скоб­ка конец дроби . \"></p></div>",
        "image_urls": [
            "https://ege.sdamgia.ru/formula/svg/76/76e428e866fcaf1537119c04d4332752.svg",
            "https://ege.sdamgia.ru/formula/svg/12/124bff18e559ee84e9b3a9af90383b32.svg",
            "https://ege.sdamgia.ru/formula/svg/ba/bad5d110890897f2a0b2c1e621796b89.svg",
            "https://ege.sdamgia.ru/formula/svg/b5/b5e9f88c424459b5696bbf7556eabf71.svg",
            "https://ege.sdamgia.ru/formula/svg/2f/2f26385c97a9760438f0dec09bd71263.svg",
            "https://ege.sdamgia.ru/formula/svg/bb/bbbdff529a68438a496468dbff0b67e7.svg",
            "https://ege.sdamgia.ru/formula/svg/93/93a0e028fa3993ac917e02b9fa9d008c.svg",
            "https://ege.sdamgia.ru/formula/svg/01/01aae40a79cb234806d1ea2ace1a3036.svg",
            "https://ege.sdamgia.ru/formula/svg/83/8392f8a2acc96a80f7b73c90d3ab157f.svg",
            "https://ege.sdamgia.ru/formula/svg/ae/aebdc3479ad49a8ee2e5a4251334478a.svg",
            "https://ege.sdamgia.ru/formula/svg/74/741fdba220f13c8cfe06c2b0c1f20bd1.svg",
            "/get_file?id=183485"
        ]
    },
    "answer": "б)",
    "topic_id": 17,
    "analog_ids": []
}