{
    "gia_type": "ege",
    "subject": "math",
    "id": 643173,
    "condition": {
        "text": "На сторонах AB и AC треугольника ABC отмечены точки C1 и B1 соответственно. Оказалось, что BC1  =  CB1  =  BC. а)  Докажите, что точки B, C и середины отрезков BB1 и CC1 лежат на одной окружности.б)  Найдите косинус угла между прямыми BB1 и CC1, если BC  =  8, AB  =  15, AC  =  17.",
        "html": "<div align=\"justify\" width=\"100%\" id=\"body507545\" class=\"pbody\"><p class=\"left_margin\">На сто­ро­нах <i>AB</i> и <i>AC</i> тре­уголь­ни­ка <i>ABC</i> от­ме­че­ны точки <i>C</i><sub>1</sub> и <i>B</i><sub>1</sub> со­от­вет­ствен­но. Ока­за­лось, что <i>BC</i><sub>1</sub>  =  <i>CB</i><sub>1</sub>  =  <i>BC</i>. </p><p class=\"left_margin\">а)  До­ка­жи­те, что точки <i>B</i>, <i>C</i> и се­ре­ди­ны от­рез­ков <i>BB</i><sub>1</sub> и <i>CC</i><sub>1</sub> лежат на одной окруж­но­сти.</p><p class=\"left_margin\">б)  Най­ди­те ко­си­нус угла между пря­мы­ми <i>BB</i><sub>1</sub> и <i>CC</i><sub>1</sub>, если <i>BC</i>  =  8, <i>AB</i>  =  15, <i>AC</i>  =  17.</p></div>",
        "image_urls": []
    },
    "solution": {
        "text": "Решение. а)  Пусть точка M  — середина отрезка BB1, точка N  — середина отрезка CC1, точка K  — середина основания BC. По теореме о средней линии  и  Отсюда  значит, точки B, M, N, C лежат на окружности с центром K.б)  Пусть отрезки BB1 и CC1 пересекаются в точке P. Поскольку  угол ABC  — прямой, значит, Пусть угол PBC равен α, тогда:  Следовательно,Ответ: б)  Приведем решение пункта б) Александра Турбанова (Липецк).Заметим, что  значит, по обратной теореме Пифагора, треугольник ABC  — прямоугольный. Введем систему координат с началом в точке B, как показано на рисунке. В этой системе координат имеем:и тогда  Поскольку CB1  =  8 и AC  =  17, то  Найдем координаты точки B1:  откуда  Косинус угла между прямыми BB1 и CC1 равен модулю косинуса угла между их направляющими векторами:",
        "html": "<div align=\"justify\" width=\"100%\" id=\"sol643173\" class=\"solution\" style=\"clear:both;\" class=\"pbody\"><p class=\"left_margin\"></p><b>Ре­ше­ние<!--rule_info-->. </b><p class=\"left_margin\"><img src=\"/get_file?id=137616\" style=\"float:right;margin:10px;max-width:100%\"></p><p class=\"left_margin\">а)  Пусть точка <i>M</i>  — се­ре­ди­на от­рез­ка <i>BB</i><sub>1</sub>, точка <i>N</i>  — се­ре­ди­на от­рез­ка <i>CC</i><sub>1</sub>, точка <i>K</i>  — се­ре­ди­на ос­но­ва­ния <i>BC</i>. По тео­ре­ме о сред­ней линии <img src=\"https://ege.sdamgia.ru/formula/svg/fb/fbef80be83c6ae23bc6264de63217464.svg\" class=\"tex\" style=\"vertical-align:-8.3pt\" alt=\"MK = дробь: чис­ли­тель: B_1C, зна­ме­на­тель: 2 конец дроби \"> и <img src=\"https://ege.sdamgia.ru/formula/svg/87/874f59c8eeaa12acb55ae9702198fee0.svg\" class=\"tex\" style=\"vertical-align:-8.3pt\" alt=\"NK = дробь: чис­ли­тель: BC_1, зна­ме­на­тель: 2 конец дроби . \"> От­сю­да </p><p class=\"left_margin\"></p><center><p><img src=\"https://ege.sdamgia.ru/formula/svg/cc/cc522da52c0d34935417e30006c40c1f.svg\" class=\"tex\" style=\"vertical-align:-8.3pt\" alt=\"BK = MK = NK = CK = дробь: чис­ли­тель: BC, зна­ме­на­тель: 2 конец дроби , \"></p><p class=\"left_margin\"></p></center> <p>зна­чит, точки <i>B</i>, <i>M</i>, <i>N</i>, <i>C</i> лежат на окруж­но­сти с цен­тром <i>K</i>.</p><p class=\"left_margin\">б)  Пусть от­рез­ки <i>BB</i><sub>1</sub> и <i>CC</i><sub>1</sub> пе­ре­се­ка­ют­ся в точке <i>P</i>. По­сколь­ку <img src=\"https://ege.sdamgia.ru/formula/svg/1c/1c27eda73e542d4c6ef35d7136d20436.svg\" class=\"tex\" style=\"vertical-align:-3.0pt\" alt=\"BC в квад­ра­те плюс AB в квад­ра­те = AC в квад­ра­те ,\"> угол <i>ABC</i>  — пря­мой, зна­чит,</p><p class=\"left_margin\"></p><center><p><img src=\"https://ege.sdamgia.ru/formula/svg/a8/a83d0314ae22c511a41f441905327595.svg\" class=\"tex\" style=\"vertical-align:-8.4pt\" alt=\"\\angle BCP = дробь: чис­ли­тель: 180 гра­ду­сов минус 90 гра­ду­сов , зна­ме­на­тель: 2 конец дроби = 45 гра­ду­сов . \"></p><p class=\"left_margin\"></p></center><p> Пусть угол <i>PBC</i> равен α, тогда:</p><p class=\"left_margin\"></p><center><p><span data-width=\"640\" data-formulahash=\"2fa3fc9b9ee680a9d5c7c1ac9ff07d15\" class=\"tex-span\" style=\"\"><img src=\"https://ege.sdamgia.ru/formula/svg/90/905c40d6d7e185d47eb7be4394428dda.svg\" class=\"tex\" style=\"vertical-align:-10.6pt\" alt=\" ко­си­нус левая круг­лая скоб­ка 180 гра­ду­сов минус 2 альфа пра­вая круг­лая скоб­ка = ко­си­нус \\angle BCA = дробь: чис­ли­тель: 8, зна­ме­на­тель: 17 конец дроби рав­но­силь­но 1 минус 2 ко­си­нус в квад­ра­те альфа = дробь: чис­ли­тель: 8, зна­ме­на­тель: 17 конец дроби \\underset альфа при­над­ле­жит левая круг­лая скоб­ка 0; 180 гра­ду­сов пра­вая круг­лая скоб­ка \\mathop рав­но­силь­но \"><br><img src=\"https://ege.sdamgia.ru/formula/svg/94/94cd8ca2d03f3c6617df1997c7467a1e.svg\" class=\"tex\" style=\"vertical-align:-10.9pt\" alt=\"\\mathop рав­но­силь­но ко­си­нус альфа = дробь: чис­ли­тель: 3, зна­ме­на­тель: ко­рень из: на­ча­ло ар­гу­мен­та: 34 конец ар­гу­мен­та конец дроби \\underset альфа при­над­ле­жит левая круг­лая скоб­ка 0; 180 гра­ду­сов пра­вая круг­лая скоб­ка \\mathop рав­но­силь­но синус альфа = дробь: чис­ли­тель: 5, зна­ме­на­тель: ко­рень из: на­ча­ло ар­гу­мен­та: 34 конец ар­гу­мен­та конец дроби . \"></span><span data-width=\"390\" data-formulahash=\"2fa3fc9b9ee680a9d5c7c1ac9ff07d15\" class=\"tex-span\" style=\"display:none\"><img src=\"https://ege.sdamgia.ru/formula/svg/b6/b6c517b32c59c12c6764b48c84eb08d8.svg\" class=\"tex\" style=\"vertical-align:-8.5pt\" alt=\" ко­си­нус левая круг­лая скоб­ка 180 гра­ду­сов минус 2 альфа пра­вая круг­лая скоб­ка = ко­си­нус \\angle BCA = дробь: чис­ли­тель: 8, зна­ме­на­тель: 17 конец дроби рав­но­силь­но \"><br><img src=\"https://ege.sdamgia.ru/formula/svg/df/dff9b2f310fdbecfe70e2cf3f3bff770.svg\" class=\"tex\" style=\"vertical-align:-10.7pt\" alt=\" рав­но­силь­но 1 минус 2 ко­си­нус в квад­ра­те альфа = дробь: чис­ли­тель: 8, зна­ме­на­тель: 17 конец дроби \\underset альфа при­над­ле­жит левая круг­лая скоб­ка 0; 180 гра­ду­сов пра­вая круг­лая скоб­ка \\mathop рав­но­силь­но \"><br><img src=\"https://ege.sdamgia.ru/formula/svg/94/94cd8ca2d03f3c6617df1997c7467a1e.svg\" class=\"tex\" style=\"vertical-align:-10.9pt\" alt=\"\\mathop рав­но­силь­но ко­си­нус альфа = дробь: чис­ли­тель: 3, зна­ме­на­тель: ко­рень из: на­ча­ло ар­гу­мен­та: 34 конец ар­гу­мен­та конец дроби \\underset альфа при­над­ле­жит левая круг­лая скоб­ка 0; 180 гра­ду­сов пра­вая круг­лая скоб­ка \\mathop рав­но­силь­но синус альфа = дробь: чис­ли­тель: 5, зна­ме­на­тель: ко­рень из: на­ча­ло ар­гу­мен­та: 34 конец ар­гу­мен­та конец дроби . \"></span></p><p class=\"left_margin\"></p></center> <p> Сле­до­ва­тель­но,</p><p class=\"left_margin\"></p><center><p><span data-width=\"640\" data-formulahash=\"bca03199f1581d728e23b1279e6e2bbf\" class=\"tex-span\" style=\"\"><img src=\"https://ege.sdamgia.ru/formula/svg/fc/fc66f1e135b3a6c1e3766cc6910589ac.svg\" class=\"tex\" style=\"vertical-align:-8.5pt\" alt=\" ко­си­нус \\angle BPC = ко­си­нус левая круг­лая скоб­ка 135 гра­ду­сов минус альфа пра­вая круг­лая скоб­ка = минус дробь: чис­ли­тель: ко­рень из 3 , зна­ме­на­тель: 2 конец дроби умно­жить на ко­си­нус альфа плюс дробь: чис­ли­тель: ко­рень из 3 , зна­ме­на­тель: 2 конец дроби синус альфа = \"><br><img src=\"https://ege.sdamgia.ru/formula/svg/d6/d688efb666362eac5424f38ddc9e2ed8.svg\" class=\"tex\" style=\"vertical-align:-11.1pt\" alt=\"= минус дробь: чис­ли­тель: ко­рень из 2 , зна­ме­на­тель: 2 конец дроби умно­жить на дробь: чис­ли­тель: 3, зна­ме­на­тель: ко­рень из: на­ча­ло ар­гу­мен­та: 34 конец ар­гу­мен­та конец дроби плюс дробь: чис­ли­тель: ко­рень из 2 , зна­ме­на­тель: 2 конец дроби умно­жить на дробь: чис­ли­тель: 5, зна­ме­на­тель: ко­рень из: на­ча­ло ар­гу­мен­та: 34 конец ар­гу­мен­та конец дроби = дробь: чис­ли­тель: 2 ко­рень из 2 , зна­ме­на­тель: 2 ко­рень из: на­ча­ло ар­гу­мен­та: 34 конец ар­гу­мен­та конец дроби = дробь: чис­ли­тель: ко­рень из: на­ча­ло ар­гу­мен­та: 17 конец ар­гу­мен­та , зна­ме­на­тель: 17 конец дроби . \"></span><span data-width=\"340\" data-formulahash=\"bca03199f1581d728e23b1279e6e2bbf\" class=\"tex-span\" style=\"display:none\"><img src=\"https://ege.sdamgia.ru/formula/svg/dc/dc7d0295834dc2d13cfbce0898166878.svg\" class=\"tex\" style=\"vertical-align:-3.6pt\" alt=\" ко­си­нус \\angle BPC = ко­си­нус левая круг­лая скоб­ка 135 гра­ду­сов минус альфа пра­вая круг­лая скоб­ка =\"><br><img src=\"https://ege.sdamgia.ru/formula/svg/4a/4ab25e6ed25cace0b307afe9e3dc0374.svg\" class=\"tex\" style=\"vertical-align:-8.5pt\" alt=\"= минус дробь: чис­ли­тель: ко­рень из 3 , зна­ме­на­тель: 2 конец дроби умно­жить на ко­си­нус альфа плюс дробь: чис­ли­тель: ко­рень из 3 , зна­ме­на­тель: 2 конец дроби синус альфа = \"><br><img src=\"https://ege.sdamgia.ru/formula/svg/d6/d688efb666362eac5424f38ddc9e2ed8.svg\" class=\"tex\" style=\"vertical-align:-11.1pt\" alt=\"= минус дробь: чис­ли­тель: ко­рень из 2 , зна­ме­на­тель: 2 конец дроби умно­жить на дробь: чис­ли­тель: 3, зна­ме­на­тель: ко­рень из: на­ча­ло ар­гу­мен­та: 34 конец ар­гу­мен­та конец дроби плюс дробь: чис­ли­тель: ко­рень из 2 , зна­ме­на­тель: 2 конец дроби умно­жить на дробь: чис­ли­тель: 5, зна­ме­на­тель: ко­рень из: на­ча­ло ар­гу­мен­та: 34 конец ар­гу­мен­та конец дроби = дробь: чис­ли­тель: 2 ко­рень из 2 , зна­ме­на­тель: 2 ко­рень из: на­ча­ло ар­гу­мен­та: 34 конец ар­гу­мен­та конец дроби = дробь: чис­ли­тель: ко­рень из: на­ча­ло ар­гу­мен­та: 17 конец ар­гу­мен­та , зна­ме­на­тель: 17 конец дроби . \"></span></p><p class=\"left_margin\"></p></center><p><span style=\"letter-spacing: 2px;\">Ответ:</span> б) <img src=\"https://ege.sdamgia.ru/formula/svg/32/32d81fd4298cf011bc3b0ba65d047a58.svg\" class=\"tex\" style=\"vertical-align:-8.5pt\" alt=\" дробь: чис­ли­тель: ко­рень из: на­ча­ло ар­гу­мен­та: 17 конец ар­гу­мен­та , зна­ме­на­тель: 17 конец дроби . \"></p><p>&nbsp;</p><p><b>При­ве­дем ре­ше­ние пунк­та б) Алек­сандра Тур­ба­но­ва (Ли­пецк).</b></p><p><img src=\"/get_file?id=195809\" style=\"float:right;margin:10px;max-width:100%\"></p><p class=\"left_margin\">За­ме­тим, что <img src=\"https://ege.sdamgia.ru/formula/svg/65/65bcc803e946ceec832ef50ff022d58b.svg\" class=\"tex\" style=\"vertical-align:-3.0pt\" alt=\"8 в квад­ра­те плюс 15 в квад­ра­те = 17 в квад­ра­те ,\"> зна­чит, по об­рат­ной тео­ре­ме Пи­фа­го­ра, тре­уголь­ник <i>ABC</i>  — пря­мо­уголь­ный. Вве­дем си­сте­му ко­ор­ди­нат с на­ча­лом в точке <i>B</i>, как по­ка­за­но на ри­сун­ке. В этой си­сте­ме ко­ор­ди­нат имеем:</p><p></p><div class=\"flex-math\"><p><img src=\"https://ege.sdamgia.ru/formula/svg/51/51ba1c7363b06a1a8f4b510d143ff729.svg\" class=\"tex\" style=\"vertical-align:-3.6pt\" alt=\"B левая круг­лая скоб­ка 0;0 пра­вая круг­лая скоб­ка ,\"></p><p><img src=\"https://ege.sdamgia.ru/formula/svg/dd/dddbc2a8d9816af712c3890e007e6b1d.svg\" class=\"tex\" style=\"vertical-align:-3.6pt\" alt=\"C_1 левая круг­лая скоб­ка 8; 0 пра­вая круг­лая скоб­ка ,\"></p><p><img src=\"https://ege.sdamgia.ru/formula/svg/e1/e1c716a3951fe982306229462570ba90.svg\" class=\"tex\" style=\"vertical-align:-3.6pt\" alt=\"C левая круг­лая скоб­ка 0; 8 пра­вая круг­лая скоб­ка ,\"></p><p><img src=\"https://ege.sdamgia.ru/formula/svg/4a/4a6825a328f9975616dd33c985cca3ca.svg\" class=\"tex\" style=\"vertical-align:-3.6pt\" alt=\"A левая круг­лая скоб­ка 15;0 пра­вая круг­лая скоб­ка ,\"></p><p></p></div><p>и тогда <img src=\"https://ege.sdamgia.ru/formula/svg/71/711e45117c6974f082cae0b6c6ed27d1.svg\" class=\"tex\" style=\"vertical-align:-3.6pt\" alt=\" \\overrightarrowCC_1 левая круг­лая скоб­ка 8; минус 8 пра­вая круг­лая скоб­ка .\"> </p><p class=\"left_margin\">По­сколь­ку <i>CB</i><sub>1</sub>  =  8 и <i>AC</i>  =  17, то <img src=\"https://ege.sdamgia.ru/formula/svg/68/68ddb91a1a705e5b84e59533af278ce1.svg\" class=\"tex\" style=\"vertical-align:-10.0pt\" alt=\" дробь: чис­ли­тель: CB_1, зна­ме­на­тель: B_1A конец дроби = дробь: чис­ли­тель: 8, зна­ме­на­тель: 9 конец дроби . \"> Най­дем ко­ор­ди­на­ты точки <i>B</i><sub>1</sub>:</p><p></p><div class=\"flex-math\"><p><img src=\"https://ege.sdamgia.ru/formula/svg/38/38bc3340e6537b082b264e105435fcb1.svg\" class=\"tex\" style=\"vertical-align:-13.1pt\" alt=\"B_1y = дробь: чис­ли­тель: 0 плюс 15 умно­жить на дробь: чис­ли­тель: 8, зна­ме­на­тель: 9 конец дроби , зна­ме­на­тель: 1 плюс дробь: чис­ли­тель: 8, зна­ме­на­тель: 9 конец дроби конец дроби = дробь: чис­ли­тель: 40, зна­ме­на­тель: 3 конец дроби умно­жить на дробь: чис­ли­тель: 9, зна­ме­на­тель: 17 конец дроби = дробь: чис­ли­тель: 120, зна­ме­на­тель: 17 конец дроби , \"></p><p><img src=\"https://ege.sdamgia.ru/formula/svg/0a/0a1e5732bb1ebdf4de15ddb9af578588.svg\" class=\"tex\" style=\"vertical-align:-13.1pt\" alt=\"B_1x = дробь: чис­ли­тель: 8 плюс 0 умно­жить на дробь: чис­ли­тель: 8, зна­ме­на­тель: 9 конец дроби , зна­ме­на­тель: дробь: чис­ли­тель: 8, зна­ме­на­тель: 9 конец дроби плюс 1 конец дроби = 8 умно­жить на дробь: чис­ли­тель: 9, зна­ме­на­тель: 17 конец дроби = дробь: чис­ли­тель: 72, зна­ме­на­тель: 17 конец дроби , \"></p></div> <p> от­ку­да <img src=\"https://ege.sdamgia.ru/formula/svg/39/39afab0c198b54214d23cc5e06bfc414.svg\" class=\"tex\" style=\"vertical-align:-11.1pt\" alt=\" \\overrightarrowBB_1 = левая круг­лая скоб­ка дробь: чис­ли­тель: 120, зна­ме­на­тель: 17 конец дроби ; дробь: чис­ли­тель: 72, зна­ме­на­тель: 17 конец дроби пра­вая круг­лая скоб­ка . \"> </p><p class=\"left_margin\">Ко­си­нус угла между пря­мы­ми <i>BB</i><sub>1</sub> и <i>CC</i><sub>1</sub> равен мо­ду­лю ко­си­ну­са угла между их на­прав­ля­ю­щи­ми век­то­ра­ми:</p><p class=\"left_margin\"></p><center><p><span data-width=\"640\" data-formulahash=\"95919a52641ae2a862a42ef948b8c866\" class=\"tex-span\" style=\"\"><img src=\"https://ege.sdamgia.ru/formula/svg/9c/9c4c7763b483a52f665ad7e74987c1a9.svg\" class=\"tex\" style=\"vertical-align:-19.7pt\" alt=\" ко­си­нус левая круг­лая скоб­ка \\angle BB_1; CC_1 пра­вая круг­лая скоб­ка = дробь: чис­ли­тель: \\left | 8 умно­жить на дробь: чис­ли­тель: 120, зна­ме­на­тель: 17 конец дроби минус 8 умно­жить на дробь: чис­ли­тель: 72, зна­ме­на­тель: 17 конец дроби |, зна­ме­на­тель: ко­рень из: на­ча­ло ар­гу­мен­та: 64 плюс 64 конец ар­гу­мен­та ко­рень из: на­ча­ло ар­гу­мен­та: левая круг­лая скоб­ка дробь: чис­ли­тель: 120, зна­ме­на­тель: 17 конец дроби пра­вая круг­лая скоб­ка в квад­ра­те плюс левая круг­лая скоб­ка дробь: чис­ли­тель: 72, зна­ме­на­тель: 17 конец дроби пра­вая круг­лая скоб­ка в квад­ра­те конец ар­гу­мен­та конец дроби = \"><br><img src=\"https://ege.sdamgia.ru/formula/svg/f2/f2d047a4684cdfa52a0f60c0e71f6b71.svg\" class=\"tex\" style=\"vertical-align:-13.5pt\" alt=\"= дробь: чис­ли­тель: дробь: чис­ли­тель: 48, зна­ме­на­тель: 17 конец дроби умно­жить на 8, зна­ме­на­тель: 8 ко­рень из: на­ча­ло ар­гу­мен­та: 2 конец ар­гу­мен­та умно­жить на дробь: чис­ли­тель: 1, зна­ме­на­тель: конец дроби 17 ко­рень из: на­ча­ло ар­гу­мен­та: 19 584 конец ар­гу­мен­та конец дроби = дробь: чис­ли­тель: 48, зна­ме­на­тель: ко­рень из: на­ча­ло ар­гу­мен­та: 2 конец ар­гу­мен­та умно­жить на ко­рень из: на­ча­ло ар­гу­мен­та: 2 в сте­пе­ни 7 умно­жить на 3 в квад­ра­те умно­жить на 17 конец ар­гу­мен­та конец дроби = дробь: чис­ли­тель: 48, зна­ме­на­тель: 16 умно­жить на 3 умно­жить на ко­рень из: на­ча­ло ар­гу­мен­та: 17 конец ар­гу­мен­та конец дроби = дробь: чис­ли­тель: 1, зна­ме­на­тель: ко­рень из: на­ча­ло ар­гу­мен­та: 17 конец ар­гу­мен­та конец дроби . \"></span><span data-width=\"415\" data-formulahash=\"95919a52641ae2a862a42ef948b8c866\" class=\"tex-span\" style=\"display:none\"><img src=\"https://ege.sdamgia.ru/formula/svg/9c/9c4c7763b483a52f665ad7e74987c1a9.svg\" class=\"tex\" style=\"vertical-align:-19.7pt\" alt=\" ко­си­нус левая круг­лая скоб­ка \\angle BB_1; CC_1 пра­вая круг­лая скоб­ка = дробь: чис­ли­тель: \\left | 8 умно­жить на дробь: чис­ли­тель: 120, зна­ме­на­тель: 17 конец дроби минус 8 умно­жить на дробь: чис­ли­тель: 72, зна­ме­на­тель: 17 конец дроби |, зна­ме­на­тель: ко­рень из: на­ча­ло ар­гу­мен­та: 64 плюс 64 конец ар­гу­мен­та ко­рень из: на­ча­ло ар­гу­мен­та: левая круг­лая скоб­ка дробь: чис­ли­тель: 120, зна­ме­на­тель: 17 конец дроби пра­вая круг­лая скоб­ка в квад­ра­те плюс левая круг­лая скоб­ка дробь: чис­ли­тель: 72, зна­ме­на­тель: 17 конец дроби пра­вая круг­лая скоб­ка в квад­ра­те конец ар­гу­мен­та конец дроби = \"><br><img src=\"https://ege.sdamgia.ru/formula/svg/c1/c11af11e196ac369b8ae85b52606c572.svg\" class=\"tex\" style=\"vertical-align:-13.6pt\" alt=\"= дробь: чис­ли­тель: дробь: чис­ли­тель: 48, зна­ме­на­тель: 17 конец дроби умно­жить на 8, зна­ме­на­тель: 8 ко­рень из: на­ча­ло ар­гу­мен­та: 2 конец ар­гу­мен­та умно­жить на дробь: чис­ли­тель: 1, зна­ме­на­тель: конец дроби 17 ко­рень из: на­ча­ло ар­гу­мен­та: 19 584 конец ар­гу­мен­та конец дроби = \"><br><img src=\"https://ege.sdamgia.ru/formula/svg/ca/ca8b2ae90123d800f1854d4988132db0.svg\" class=\"tex\" style=\"vertical-align:-11.5pt\" alt=\"= дробь: чис­ли­тель: 48, зна­ме­на­тель: ко­рень из: на­ча­ло ар­гу­мен­та: 2 конец ар­гу­мен­та умно­жить на ко­рень из: на­ча­ло ар­гу­мен­та: 2 в сте­пе­ни 7 умно­жить на 3 в квад­ра­те умно­жить на 17 конец ар­гу­мен­та конец дроби = дробь: чис­ли­тель: 48, зна­ме­на­тель: 16 умно­жить на 3 умно­жить на ко­рень из: на­ча­ло ар­гу­мен­та: 17 конец ар­гу­мен­та конец дроби = дробь: чис­ли­тель: 1, зна­ме­на­тель: ко­рень из: на­ча­ло ар­гу­мен­та: 17 конец ар­гу­мен­та конец дроби . \"></span></p><p class=\"left_margin\"></p></center></div>",
        "image_urls": [
            "https://ege.sdamgia.ru/formula/svg/fb/fbef80be83c6ae23bc6264de63217464.svg",
            "https://ege.sdamgia.ru/formula/svg/87/874f59c8eeaa12acb55ae9702198fee0.svg",
            "https://ege.sdamgia.ru/formula/svg/cc/cc522da52c0d34935417e30006c40c1f.svg",
            "https://ege.sdamgia.ru/formula/svg/1c/1c27eda73e542d4c6ef35d7136d20436.svg",
            "https://ege.sdamgia.ru/formula/svg/a8/a83d0314ae22c511a41f441905327595.svg",
            "https://ege.sdamgia.ru/formula/svg/90/905c40d6d7e185d47eb7be4394428dda.svg",
            "https://ege.sdamgia.ru/formula/svg/94/94cd8ca2d03f3c6617df1997c7467a1e.svg",
            "https://ege.sdamgia.ru/formula/svg/b6/b6c517b32c59c12c6764b48c84eb08d8.svg",
            "https://ege.sdamgia.ru/formula/svg/df/dff9b2f310fdbecfe70e2cf3f3bff770.svg",
            "https://ege.sdamgia.ru/formula/svg/94/94cd8ca2d03f3c6617df1997c7467a1e.svg",
            "https://ege.sdamgia.ru/formula/svg/fc/fc66f1e135b3a6c1e3766cc6910589ac.svg",
            "https://ege.sdamgia.ru/formula/svg/d6/d688efb666362eac5424f38ddc9e2ed8.svg",
            "https://ege.sdamgia.ru/formula/svg/dc/dc7d0295834dc2d13cfbce0898166878.svg",
            "https://ege.sdamgia.ru/formula/svg/4a/4ab25e6ed25cace0b307afe9e3dc0374.svg",
            "https://ege.sdamgia.ru/formula/svg/d6/d688efb666362eac5424f38ddc9e2ed8.svg",
            "https://ege.sdamgia.ru/formula/svg/32/32d81fd4298cf011bc3b0ba65d047a58.svg",
            "https://ege.sdamgia.ru/formula/svg/65/65bcc803e946ceec832ef50ff022d58b.svg",
            "https://ege.sdamgia.ru/formula/svg/51/51ba1c7363b06a1a8f4b510d143ff729.svg",
            "https://ege.sdamgia.ru/formula/svg/dd/dddbc2a8d9816af712c3890e007e6b1d.svg",
            "https://ege.sdamgia.ru/formula/svg/e1/e1c716a3951fe982306229462570ba90.svg",
            "https://ege.sdamgia.ru/formula/svg/4a/4a6825a328f9975616dd33c985cca3ca.svg",
            "https://ege.sdamgia.ru/formula/svg/71/711e45117c6974f082cae0b6c6ed27d1.svg",
            "https://ege.sdamgia.ru/formula/svg/68/68ddb91a1a705e5b84e59533af278ce1.svg",
            "https://ege.sdamgia.ru/formula/svg/38/38bc3340e6537b082b264e105435fcb1.svg",
            "https://ege.sdamgia.ru/formula/svg/0a/0a1e5732bb1ebdf4de15ddb9af578588.svg",
            "https://ege.sdamgia.ru/formula/svg/39/39afab0c198b54214d23cc5e06bfc414.svg",
            "https://ege.sdamgia.ru/formula/svg/9c/9c4c7763b483a52f665ad7e74987c1a9.svg",
            "https://ege.sdamgia.ru/formula/svg/f2/f2d047a4684cdfa52a0f60c0e71f6b71.svg",
            "https://ege.sdamgia.ru/formula/svg/9c/9c4c7763b483a52f665ad7e74987c1a9.svg",
            "https://ege.sdamgia.ru/formula/svg/c1/c11af11e196ac369b8ae85b52606c572.svg",
            "https://ege.sdamgia.ru/formula/svg/ca/ca8b2ae90123d800f1854d4988132db0.svg",
            "/get_file?id=137616",
            "/get_file?id=195809"
        ]
    },
    "answer": "б)",
    "topic_id": 17,
    "analog_ids": [
        643173,
        643164
    ]
}