{
    "gia_type": "ege",
    "subject": "math",
    "id": 648014,
    "condition": {
        "text": "В остроугольном треугольнике ABC  угол A равен 60°. Точка D  — точка пересечения биссектрис, точка Н  — точка пересечения высот.а)  Докажите, что точки B, C, H и D лежат на одной окружности.б)  Найдите угол ABC, если ",
        "html": "<div align=\"justify\" width=\"100%\" id=\"body495026\" class=\"pbody\"><p class=\"left_margin\">В ост­ро­уголь­ном тре­уголь­ни­ке <i>ABC</i> <img src=\"https://ege.sdamgia.ru/formula/svg/11/11f3069cf76ea2c4e6240624c407ccf8.svg\" class=\"tex\" style=\"vertical-align:-3.0pt\" alt=\"A B боль­ше A C,\"> угол <i>A</i> равен 60°. Точка <i>D</i>  — точка пе­ре­се­че­ния бис­сек­трис, точка <i>Н</i>  — точка пе­ре­се­че­ния высот.</p><p class=\"left_margin\">а)  До­ка­жи­те, что точки <i>B</i>, <i>C</i>, <i>H</i> и <i>D</i> лежат на одной окруж­но­сти.</p><p class=\"left_margin\">б)  Най­ди­те угол <i>ABC</i>, если <img src=\"https://ege.sdamgia.ru/formula/svg/a6/a68643a556452d692757587b99837e0a.svg\" class=\"tex\" style=\"vertical-align:-1.8pt\" alt=\" \\angle A H D = 51 гра­ду­сов .\"></p></div>",
        "image_urls": [
            "https://ege.sdamgia.ru/formula/svg/11/11f3069cf76ea2c4e6240624c407ccf8.svg",
            "https://ege.sdamgia.ru/formula/svg/a6/a68643a556452d692757587b99837e0a.svg"
        ]
    },
    "solution": {
        "text": "Решение. а)  Пусть BB1 и CC1  — высоты треугольника, тогда: Точки H и D лежат в одной полуплоскости относительно прямой BC и  следовательно, точки B, H, D, C лежат на одной окружности.б)  Пусть  тогда  Значит,  Тогда  Таким образом,  следовательно,  откуда  Ответ: б)  34°.",
        "html": "<div align=\"justify\" width=\"100%\" id=\"sol648014\" class=\"solution\" style=\"clear:both;\" class=\"pbody\"><p class=\"left_margin\"></p><b>Ре­ше­ние<!--rule_info-->. </b><p class=\"left_margin\"><img src=\"/get_file?id=176792\" style=\"float:right;margin:10px;max-width:100%\">а)  Пусть <i>BB</i><sub>1</sub> и <i>CC</i><sub>1</sub>  — вы­со­ты тре­уголь­ни­ка, тогда: </p><p class=\"left_margin\"></p><center><p><img src=\"https://ege.sdamgia.ru/formula/svg/93/9341c402a09f24817a8e49e6d3f96888.svg\" class=\"tex\" style=\"vertical-align:-3.0pt\" alt=\"\\angle BHC = \\angle C_1 H B_1 = 180 гра­ду­сов минус \\angle A = 120 гра­ду­сов , \"></p><p><span data-width=\"640\" data-formulahash=\"72136b2e63364b3af9c79e3dd58c5f29\" class=\"tex-span\" style=\"\"><img src=\"https://ege.sdamgia.ru/formula/svg/72/72136b2e63364b3af9c79e3dd58c5f29.svg\" class=\"tex\" style=\"vertical-align:-8.3pt\" alt=\" \\angle BDC = 180 гра­ду­сов минус дробь: чис­ли­тель: 1, зна­ме­на­тель: 2 конец дроби \\angle B минус дробь: чис­ли­тель: 1, зна­ме­на­тель: 2 конец дроби \\angle C = 180 гра­ду­сов минус дробь: чис­ли­тель: 1, зна­ме­на­тель: 2 конец дроби левая круг­лая скоб­ка 180 гра­ду­сов минус \\angle A пра­вая круг­лая скоб­ка = дробь: чис­ли­тель: 1, зна­ме­на­тель: 2 конец дроби \\angle A плюс 90 гра­ду­сов = 120 гра­ду­сов .\"></span><span data-width=\"515\" data-formulahash=\"72136b2e63364b3af9c79e3dd58c5f29\" class=\"tex-span\" style=\"display:none\"><img src=\"https://ege.sdamgia.ru/formula/svg/82/820efdc196c10138986b4f9180658e79.svg\" class=\"tex\" style=\"vertical-align:-8.4pt\" alt=\" \\angle BDC = 180 гра­ду­сов минус дробь: чис­ли­тель: 1, зна­ме­на­тель: 2 конец дроби \\angle B минус дробь: чис­ли­тель: 1, зна­ме­на­тель: 2 конец дроби \\angle C =\"><br><img src=\"https://ege.sdamgia.ru/formula/svg/c3/c303e3475482ff16d193a00e039171a8.svg\" class=\"tex\" style=\"vertical-align:-8.4pt\" alt=\"= 180 гра­ду­сов минус дробь: чис­ли­тель: 1, зна­ме­на­тель: 2 конец дроби левая круг­лая скоб­ка 180 гра­ду­сов минус \\angle A пра­вая круг­лая скоб­ка = дробь: чис­ли­тель: 1, зна­ме­на­тель: 2 конец дроби \\angle A плюс 90 гра­ду­сов = 120 гра­ду­сов .\"></span></p><p class=\"left_margin\"></p></center><p class=\"left_margin\">Точки <i>H</i> и <i>D</i> лежат в одной по­лу­плос­ко­сти от­но­си­тель­но пря­мой <i>BC</i> и <img src=\"https://ege.sdamgia.ru/formula/svg/ed/ed3e388bd419487412bc73e0a25ac22b.svg\" class=\"tex\" style=\"vertical-align:-3.0pt\" alt=\"\\angle BHC = \\angle BDC,\"> сле­до­ва­тель­но, точки <i>B</i>, <i>H</i>, <i>D</i>, <i>C</i> лежат на одной окруж­но­сти.</p><p class=\"left_margin\">б)  Пусть <img src=\"https://ege.sdamgia.ru/formula/svg/ae/ae937e848078bbfd287738f63f470726.svg\" class=\"tex\" style=\"vertical-align:-3.0pt\" alt=\"\\angle ABC = x,\"> тогда <img src=\"https://ege.sdamgia.ru/formula/svg/aa/aa8ace3b6359d822826791e66527ae4e.svg\" class=\"tex\" style=\"vertical-align:-1.8pt\" alt=\"\\angle ACB = 120 гра­ду­сов минус x. \"> Зна­чит, </p><p class=\"left_margin\"></p><center><p><img src=\"https://ege.sdamgia.ru/formula/svg/42/4260de91c9a235879a389f9244835260.svg\" class=\"tex\" style=\"vertical-align:-3.6pt\" alt=\"\\angle AHB = 180 гра­ду­сов минус левая круг­лая скоб­ка 120 гра­ду­сов минус x пра­вая круг­лая скоб­ка = x плюс 60 гра­ду­сов,\"></p><p><img src=\"https://ege.sdamgia.ru/formula/svg/91/91c0b6721d0df3768456cfcbac8be6f7.svg\" class=\"tex\" style=\"vertical-align:-1.8pt\" alt=\"\\angle BHD = \\angle AHB минус \\angle AHD= x плюс 60 гра­ду­сов минус 51 гра­ду­сов= 9 гра­ду­сов плюс x. \"></p><p class=\"left_margin\"></p></center><p> Тогда </p><p class=\"left_margin\"></p><center><p><img src=\"https://ege.sdamgia.ru/formula/svg/0e/0ecfa9f64fac96f924c44a15c8b2b6c2.svg\" class=\"tex\" style=\"vertical-align:-1.8pt\" alt=\"\\angle BCD = \\angle BHD =9 гра­ду­сов плюс x.\"></p><p class=\"left_margin\"></p></center><p> Таким об­ра­зом, </p><p class=\"left_margin\"></p><center><p><img src=\"https://ege.sdamgia.ru/formula/svg/5c/5c38b5e907b122a19366bab632603451.svg\" class=\"tex\" style=\"vertical-align:-3.6pt\" alt=\"\\angle ACB = 2 левая круг­лая скоб­ка 9 гра­ду­сов плюс x пра­вая круг­лая скоб­ка = 120 гра­ду­сов минус x,\"></p><p class=\"left_margin\"></p></center><p> сле­до­ва­тель­но, <img src=\"https://ege.sdamgia.ru/formula/svg/cd/cdd76e4c698e8fb8a92332696b9cabf4.svg\" class=\"tex\" style=\"vertical-align:-3.0pt\" alt=\" 3 x = 120 гра­ду­сов минус 18 гра­ду­сов , \"> от­ку­да <img src=\"https://ege.sdamgia.ru/formula/svg/8b/8b3820a55c5002b62ca21b19eb175ea5.svg\" class=\"tex\" style=\"vertical-align:-1.8pt\" alt=\"x = 34 гра­ду­сов .\"></p><p>&nbsp;</p><p><span style=\"letter-spacing: 2px;\">Ответ:</span> б)  34°.</p></div>",
        "image_urls": [
            "https://ege.sdamgia.ru/formula/svg/93/9341c402a09f24817a8e49e6d3f96888.svg",
            "https://ege.sdamgia.ru/formula/svg/72/72136b2e63364b3af9c79e3dd58c5f29.svg",
            "https://ege.sdamgia.ru/formula/svg/82/820efdc196c10138986b4f9180658e79.svg",
            "https://ege.sdamgia.ru/formula/svg/c3/c303e3475482ff16d193a00e039171a8.svg",
            "https://ege.sdamgia.ru/formula/svg/ed/ed3e388bd419487412bc73e0a25ac22b.svg",
            "https://ege.sdamgia.ru/formula/svg/ae/ae937e848078bbfd287738f63f470726.svg",
            "https://ege.sdamgia.ru/formula/svg/aa/aa8ace3b6359d822826791e66527ae4e.svg",
            "https://ege.sdamgia.ru/formula/svg/42/4260de91c9a235879a389f9244835260.svg",
            "https://ege.sdamgia.ru/formula/svg/91/91c0b6721d0df3768456cfcbac8be6f7.svg",
            "https://ege.sdamgia.ru/formula/svg/0e/0ecfa9f64fac96f924c44a15c8b2b6c2.svg",
            "https://ege.sdamgia.ru/formula/svg/5c/5c38b5e907b122a19366bab632603451.svg",
            "https://ege.sdamgia.ru/formula/svg/cd/cdd76e4c698e8fb8a92332696b9cabf4.svg",
            "https://ege.sdamgia.ru/formula/svg/8b/8b3820a55c5002b62ca21b19eb175ea5.svg",
            "/get_file?id=176792"
        ]
    },
    "answer": "б)  34°.",
    "topic_id": 17,
    "analog_ids": []
}