{
    "gia_type": "ege",
    "subject": "math",
    "id": 650213,
    "condition": {
        "text": "Отрезок AA1  — высота остроугольного треугольника ABC, H  — точка пересечения его высот, М  — середина стороны ВС.а)  Докажите, что б)  Найдите длину отрезка АН, если   и ",
        "html": "<div align=\"justify\" width=\"100%\" id=\"body492825\" class=\"pbody\"><p class=\"left_margin\">От­ре­зок <i>AA</i><sub>1</sub>  — вы­со­та ост­ро­уголь­но­го тре­уголь­ни­ка <i>ABC</i>, <i>H</i>  — точка пе­ре­се­че­ния его высот, <i>М</i>  — се­ре­ди­на сто­ро­ны <i>ВС</i>.</p><p class=\"left_margin\">а)  До­ка­жи­те, что <img src=\"https://ege.sdamgia.ru/formula/svg/ea/ea2258cc597dd11493b9237087250783.svg\" class=\"tex\" style=\"vertical-align:-2.5pt\" alt=\"A H умно­жить на A A_1 = A M в квад­ра­те минус B M в квад­ра­те .\"></p><p class=\"left_margin\">б)  Най­ди­те длину от­рез­ка <i>АН</i>, если <img src=\"https://ege.sdamgia.ru/formula/svg/d2/d26cd84c94e719b9185120361470f65d.svg\" class=\"tex\" style=\"vertical-align:-3.0pt\" alt=\"A B=15,\"> <img src=\"https://ege.sdamgia.ru/formula/svg/47/47413f92f0c9971a02a77311d13c62de.svg\" class=\"tex\" style=\"vertical-align:-1.8pt\" alt=\" A C=13\"> и <img src=\"https://ege.sdamgia.ru/formula/svg/52/5210c0a63a6ac23933f4c11a5ada2a9a.svg\" class=\"tex\" style=\"vertical-align:-1.8pt\" alt=\"A M=2 ко­рень из: на­ча­ло ар­гу­мен­та: 37 конец ар­гу­мен­та .\"></p></div>",
        "image_urls": [
            "https://ege.sdamgia.ru/formula/svg/ea/ea2258cc597dd11493b9237087250783.svg",
            "https://ege.sdamgia.ru/formula/svg/d2/d26cd84c94e719b9185120361470f65d.svg",
            "https://ege.sdamgia.ru/formula/svg/47/47413f92f0c9971a02a77311d13c62de.svg",
            "https://ege.sdamgia.ru/formula/svg/52/5210c0a63a6ac23933f4c11a5ada2a9a.svg"
        ]
    },
    "solution": {
        "text": "Решение. а)  Пусть BB1  — высота треугольника ABC. Тогда подобны пары треугольников: AHB1 и ACA1, BHA1 и BCB1. Из этих подобий и теоремы Пифагора следуют две цепочки равенств:   откуда  Что и требовалось доказать.б)  По формуле длины медианы для треугольника ABC получим, что  откуда По формуле Герона находим:  Следовательно,  то есть  Используя результат пункта a), получаем, что  Ответ: б) ",
        "html": "<div align=\"justify\" width=\"100%\" id=\"sol650213\" class=\"solution\" style=\"clear:both;\" class=\"pbody\"><p class=\"left_margin\"></p><b>Ре­ше­ние<!--rule_info-->. </b><p class=\"left_margin\"><img src=\"/get_file?id=153894\" style=\"float:right;margin:10px;max-width:100%\">а)  Пусть <i>BB</i><sub>1</sub>  — вы­со­та тре­уголь­ни­ка <i>ABC</i>. Тогда по­доб­ны пары тре­уголь­ни­ков: <i>AHB</i><sub>1</sub> и <i>ACA</i><sub>1</sub>, <i>BHA</i><sub>1</sub> и <i>BCB</i><sub>1</sub>. Из этих по­до­бий и тео­ре­мы Пи­фа­го­ра сле­ду­ют две це­поч­ки ра­венств: </p><p class=\"left_margin\"></p><center><p><span data-width=\"640\" data-formulahash=\"c6265d52b7a243eebdfda9e6b34b4282\" class=\"tex-span\" style=\"\"><img src=\"https://ege.sdamgia.ru/formula/svg/5f/5fab25a267c9f8d84b8112433e2b6a39.svg\" class=\"tex\" style=\"vertical-align:-3.6pt\" alt=\" AM в квад­ра­те минус BM в квад­ра­те = левая круг­лая скоб­ка AA_1 в квад­ра­те плюс A_1M в квад­ра­те пра­вая круг­лая скоб­ка минус BM в квад­ра­те = AA_1 в квад­ра­те минус левая круг­лая скоб­ка BM минус A_1M пра­вая круг­лая скоб­ка левая круг­лая скоб­ка BM плюс A_1M пра­вая круг­лая скоб­ка =\"><br><img src=\"https://ege.sdamgia.ru/formula/svg/c6/c69b44b02d8aae536f7272a30897b72a.svg\" class=\"tex\" style=\"vertical-align:-3.6pt\" alt=\"= AA_1 в квад­ра­те минус A_1B умно­жить на A_1C = AC в квад­ра­те минус A_1C в квад­ра­те минус A_1B умно­жить на A_1C = AC в квад­ра­те минус A_1C умно­жить на BC, \"></span><span data-width=\"465\" data-formulahash=\"c6265d52b7a243eebdfda9e6b34b4282\" class=\"tex-span\" style=\"display:none\"><img src=\"https://ege.sdamgia.ru/formula/svg/66/66935f140aa4d1b8b2268e068dbd62b2.svg\" class=\"tex\" style=\"vertical-align:-3.6pt\" alt=\" AM в квад­ра­те минус BM в квад­ра­те = левая круг­лая скоб­ка AA_1 в квад­ра­те плюс A_1M в квад­ра­те пра­вая круг­лая скоб­ка минус BM в квад­ра­те =\"><br><img src=\"https://ege.sdamgia.ru/formula/svg/34/341776f214ee21ddaf42e23f0f6b7d1c.svg\" class=\"tex\" style=\"vertical-align:-3.6pt\" alt=\"= AA_1 в квад­ра­те минус левая круг­лая скоб­ка BM минус A_1M пра­вая круг­лая скоб­ка левая круг­лая скоб­ка BM плюс A_1M пра­вая круг­лая скоб­ка = AA_1 в квад­ра­те минус A_1B умно­жить на A_1C =\"><br><img src=\"https://ege.sdamgia.ru/formula/svg/c0/c037378e2ab13c9564ec56515aeedac6.svg\" class=\"tex\" style=\"vertical-align:-3.0pt\" alt=\"= AC в квад­ра­те минус A_1C в квад­ра­те минус A_1B умно­жить на A_1C = AC в квад­ра­те минус A_1C умно­жить на BC, \"></span><span data-width=\"340\" data-formulahash=\"c6265d52b7a243eebdfda9e6b34b4282\" class=\"tex-span\" style=\"display:none\"><img src=\"https://ege.sdamgia.ru/formula/svg/66/66935f140aa4d1b8b2268e068dbd62b2.svg\" class=\"tex\" style=\"vertical-align:-3.6pt\" alt=\" AM в квад­ра­те минус BM в квад­ра­те = левая круг­лая скоб­ка AA_1 в квад­ра­те плюс A_1M в квад­ра­те пра­вая круг­лая скоб­ка минус BM в квад­ра­те =\"><br><img src=\"https://ege.sdamgia.ru/formula/svg/45/4502bbc6b023a8b3327324fa739e0a07.svg\" class=\"tex\" style=\"vertical-align:-3.6pt\" alt=\"= AA_1 в квад­ра­те минус левая круг­лая скоб­ка BM минус A_1M пра­вая круг­лая скоб­ка левая круг­лая скоб­ка BM плюс A_1M пра­вая круг­лая скоб­ка =\"><br><img src=\"https://ege.sdamgia.ru/formula/svg/4a/4aa36c21d3dc3f29c4f665b7444eafd4.svg\" class=\"tex\" style=\"vertical-align:-3.6pt\" alt=\"= AA_1 в квад­ра­те минус A_1B умно­жить на A_1C =\"><br><img src=\"https://ege.sdamgia.ru/formula/svg/c0/c037378e2ab13c9564ec56515aeedac6.svg\" class=\"tex\" style=\"vertical-align:-3.0pt\" alt=\"= AC в квад­ра­те минус A_1C в квад­ра­те минус A_1B умно­жить на A_1C = AC в квад­ра­те минус A_1C умно­жить на BC, \"></span></p><p>&nbsp;</p><p><span data-width=\"640\" data-formulahash=\"2276cec6bb1f080d295f5b3714b324cc\" class=\"tex-span\" style=\"\"><img src=\"https://ege.sdamgia.ru/formula/svg/22/2276cec6bb1f080d295f5b3714b324cc.svg\" class=\"tex\" style=\"vertical-align:-3.6pt\" alt=\" AH умно­жить на AA_1 = AB_1AC = левая круг­лая скоб­ка AC минус CB_1 пра­вая круг­лая скоб­ка умно­жить на AC = AC в квад­ра­те минус CB_1 умно­жить на CA = AC в квад­ра­те минус CA_1 умно­жить на CB,\"></span><span data-width=\"490\" data-formulahash=\"2276cec6bb1f080d295f5b3714b324cc\" class=\"tex-span\" style=\"display:none\"><img src=\"https://ege.sdamgia.ru/formula/svg/62/625d1cd13d6e6519027373066fcaefe7.svg\" class=\"tex\" style=\"vertical-align:-3.6pt\" alt=\" AH умно­жить на AA_1 = AB_1AC = левая круг­лая скоб­ка AC минус CB_1 пра­вая круг­лая скоб­ка умно­жить на AC =\"><br><img src=\"https://ege.sdamgia.ru/formula/svg/fa/fa4424fd46ce9298eaa0495619ea0ca6.svg\" class=\"tex\" style=\"vertical-align:-3.0pt\" alt=\"= AC в квад­ра­те минус CB_1 умно­жить на CA = AC в квад­ра­те минус CA_1 умно­жить на CB,\"></span></p><p class=\"left_margin\"></p></center><p> от­ку­да <img src=\"https://ege.sdamgia.ru/formula/svg/01/018131439c2f07682fd588f477b5cba1.svg\" class=\"tex\" style=\"vertical-align:-2.5pt\" alt=\"AH умно­жить на AA_1 = AM в квад­ра­те минус BM в квад­ра­те .\"> Что и тре­бо­ва­лось до­ка­зать.</p><p class=\"left_margin\">б)  По фор­му­ле длины ме­ди­а­ны для тре­уголь­ни­ка <i>ABC</i> по­лу­чим, что </p><p class=\"left_margin\"></p><center><p><img src=\"https://ege.sdamgia.ru/formula/svg/58/58811e7616f2bd2454c1761492538510.svg\" class=\"tex\" style=\"vertical-align:-3.0pt\" alt=\"4AM в квад­ра­те = 2AB в квад­ра­те плюс 2AC в квад­ра­те минус BC в квад­ра­те ,\"></p><p class=\"left_margin\"></p></center><p> от­ку­да</p><p class=\"left_margin\"></p><center><p><img src=\"https://ege.sdamgia.ru/formula/svg/6c/6cf2c7c520a800b99bb51ca093473120.svg\" class=\"tex\" style=\"vertical-align:-1.8pt\" alt=\"BC в квад­ра­те = 2 умно­жить на 15 в квад­ра­те плюс 2 умно­жить на 13 в квад­ра­те минус 4 умно­жить на 4 умно­жить на 37 = 196 = 14 в квад­ра­те .\"></p><p class=\"left_margin\"></p></center><p> По фор­му­ле Ге­ро­на на­хо­дим: </p><p class=\"left_margin\"></p><center><p><img src=\"https://ege.sdamgia.ru/formula/svg/21/21b8b955a11912971ac42ec8073b6fb5.svg\" class=\"tex\" style=\"vertical-align:-3.6pt\" alt=\"S_ABC = ко­рень из: на­ча­ло ар­гу­мен­та: 21 левая круг­лая скоб­ка 21 минус 15 пра­вая круг­лая скоб­ка левая круг­лая скоб­ка 21 минус 14 пра­вая круг­лая скоб­ка левая круг­лая скоб­ка 21 минус 13 пра­вая круг­лая скоб­ка конец ар­гу­мен­та = 84.\"> </p><p class=\"left_margin\"></p></center><p class=\"left_margin\">Сле­до­ва­тель­но, <img src=\"https://ege.sdamgia.ru/formula/svg/3e/3e97ec7a6eb57778b57a4f4f429d937a.svg\" class=\"tex\" style=\"vertical-align:-3.0pt\" alt=\"AA_1 умно­жить на BC = 168,\"> то есть <img src=\"https://ege.sdamgia.ru/formula/svg/43/43e1d85c7bdd6ae777c9ec983e75371e.svg\" class=\"tex\" style=\"vertical-align:-2.5pt\" alt=\"AA_1 = 12.\"> Ис­поль­зуя ре­зуль­тат пунк­та a), по­лу­ча­ем, что </p><p class=\"left_margin\"></p><center><p><img src=\"https://ege.sdamgia.ru/formula/svg/82/820b928e0eced05573933a381b26829a.svg\" class=\"tex\" style=\"vertical-align:-8.4pt\" alt=\"AH = левая круг­лая скоб­ка AM в квад­ра­те минус BM в квад­ра­те пра­вая круг­лая скоб­ка : AA_1 = левая круг­лая скоб­ка 148 минус 49 пра­вая круг­лая скоб­ка : 12 = дробь: чис­ли­тель: 33, зна­ме­на­тель: 4 конец дроби . \"> </p><p class=\"left_margin\"></p></center><p><span style=\"letter-spacing: 2px;\">Ответ:</span> б) <img src=\"https://ege.sdamgia.ru/formula/svg/63/63ffb35be6394a1ec4bfb4c89a859d88.svg\" class=\"tex\" style=\"vertical-align:-8.4pt\" alt=\" дробь: чис­ли­тель: 33, зна­ме­на­тель: 4 конец дроби . \"></p></div>",
        "image_urls": [
            "https://ege.sdamgia.ru/formula/svg/5f/5fab25a267c9f8d84b8112433e2b6a39.svg",
            "https://ege.sdamgia.ru/formula/svg/c6/c69b44b02d8aae536f7272a30897b72a.svg",
            "https://ege.sdamgia.ru/formula/svg/66/66935f140aa4d1b8b2268e068dbd62b2.svg",
            "https://ege.sdamgia.ru/formula/svg/34/341776f214ee21ddaf42e23f0f6b7d1c.svg",
            "https://ege.sdamgia.ru/formula/svg/c0/c037378e2ab13c9564ec56515aeedac6.svg",
            "https://ege.sdamgia.ru/formula/svg/66/66935f140aa4d1b8b2268e068dbd62b2.svg",
            "https://ege.sdamgia.ru/formula/svg/45/4502bbc6b023a8b3327324fa739e0a07.svg",
            "https://ege.sdamgia.ru/formula/svg/4a/4aa36c21d3dc3f29c4f665b7444eafd4.svg",
            "https://ege.sdamgia.ru/formula/svg/c0/c037378e2ab13c9564ec56515aeedac6.svg",
            "https://ege.sdamgia.ru/formula/svg/22/2276cec6bb1f080d295f5b3714b324cc.svg",
            "https://ege.sdamgia.ru/formula/svg/62/625d1cd13d6e6519027373066fcaefe7.svg",
            "https://ege.sdamgia.ru/formula/svg/fa/fa4424fd46ce9298eaa0495619ea0ca6.svg",
            "https://ege.sdamgia.ru/formula/svg/01/018131439c2f07682fd588f477b5cba1.svg",
            "https://ege.sdamgia.ru/formula/svg/58/58811e7616f2bd2454c1761492538510.svg",
            "https://ege.sdamgia.ru/formula/svg/6c/6cf2c7c520a800b99bb51ca093473120.svg",
            "https://ege.sdamgia.ru/formula/svg/21/21b8b955a11912971ac42ec8073b6fb5.svg",
            "https://ege.sdamgia.ru/formula/svg/3e/3e97ec7a6eb57778b57a4f4f429d937a.svg",
            "https://ege.sdamgia.ru/formula/svg/43/43e1d85c7bdd6ae777c9ec983e75371e.svg",
            "https://ege.sdamgia.ru/formula/svg/82/820b928e0eced05573933a381b26829a.svg",
            "https://ege.sdamgia.ru/formula/svg/63/63ffb35be6394a1ec4bfb4c89a859d88.svg",
            "/get_file?id=153894"
        ]
    },
    "answer": "б)",
    "topic_id": 17,
    "analog_ids": []
}