{
    "gia_type": "ege",
    "subject": "math",
    "id": 650559,
    "condition": {
        "text": "В остроугольном треугольнике ABC высоты AA1, BB1 и CC1 пересекаются в точке Н. Через точку C1 параллельно высоте BB1 проведена прямая, пересекающая высоту АА1 в точке К.а)  Докажите, что б)  Найдите отношение площадей треугольников С1HK и ABC, если   и ",
        "html": "<div align=\"justify\" width=\"100%\" id=\"body492483\" class=\"pbody\"><p class=\"left_margin\">В ост­ро­уголь­ном тре­уголь­ни­ке <i>ABC</i> вы­со­ты <i>AA</i><sub>1</sub>, <i>BB</i><sub>1</sub> и <i>CC</i><sub>1</sub> пе­ре­се­ка­ют­ся в точке <i>Н</i>. Через точку <i>C</i><sub>1</sub> па­рал­лель­но вы­со­те <i>BB</i><sub>1</sub> про­ве­де­на пря­мая, пе­ре­се­ка­ю­щая вы­со­ту <i>АА</i><sub>1</sub> в точке <i>К</i>.</p><p class=\"left_margin\">а)  До­ка­жи­те, что <img src=\"https://ege.sdamgia.ru/formula/svg/dd/dd44df67710fddf23ced7388ac8342ae.svg\" class=\"tex\" style=\"vertical-align:-2.5pt\" alt=\"A B умно­жить на K H = B C умно­жить на C_1 H.\"></p><p class=\"left_margin\">б)  Най­ди­те от­но­ше­ние пло­ща­дей тре­уголь­ни­ков <i>С</i><sub>1</sub><i>HK</i> и <i>ABC</i>, если <img src=\"https://ege.sdamgia.ru/formula/svg/e4/e4ae289f02dea565f8e671fa2f65468f.svg\" class=\"tex\" style=\"vertical-align:-3.0pt\" alt=\"AB = 4,\"> <img src=\"https://ege.sdamgia.ru/formula/svg/95/95a454fae67e9289bb21c8f0f0fbd5d8.svg\" class=\"tex\" style=\"vertical-align:-1.8pt\" alt=\"B C = 5\"> и <img src=\"https://ege.sdamgia.ru/formula/svg/db/db752e35a812bc9b67ba19ec7a8a56c1.svg\" class=\"tex\" style=\"vertical-align:-1.8pt\" alt=\"A C = ко­рень из: на­ча­ло ар­гу­мен­та: 17 конец ар­гу­мен­та .\"></p></div>",
        "image_urls": [
            "https://ege.sdamgia.ru/formula/svg/dd/dd44df67710fddf23ced7388ac8342ae.svg",
            "https://ege.sdamgia.ru/formula/svg/e4/e4ae289f02dea565f8e671fa2f65468f.svg",
            "https://ege.sdamgia.ru/formula/svg/95/95a454fae67e9289bb21c8f0f0fbd5d8.svg",
            "https://ege.sdamgia.ru/formula/svg/db/db752e35a812bc9b67ba19ec7a8a56c1.svg"
        ]
    },
    "solution": {
        "text": "Решение. а)  По теореме Фалеса  откуда находим:  Из равенства углов  следует подобие треугольников BCC1 и HAC1, откуда находим: Окончательно получаем, что б)  Заметим, что  Тогда  Здесь мы использовали результат пункт а). По теореме косинусов  следовательно,  Получаем: а так как  то: Следовательно,  Таким образом, отношение площадей треугольников С1HK и ABC равноОтвет: б) ",
        "html": "<div align=\"justify\" width=\"100%\" id=\"sol650559\" class=\"solution\" style=\"clear:both;\" class=\"pbody\"><p class=\"left_margin\"></p><b>Ре­ше­ние<!--rule_info-->. </b><p class=\"left_margin\"><img src=\"/get_file?id=155592\" style=\"float:right;margin:10px;max-width:100%\">а)  По тео­ре­ме Фа­ле­са <img src=\"https://ege.sdamgia.ru/formula/svg/2c/2ca085b8cd18be504ee0b057ddabbbff.svg\" class=\"tex\" style=\"vertical-align:-10.0pt\" alt=\" дробь: чис­ли­тель: KH, зна­ме­на­тель: BC конец дроби = дробь: чис­ли­тель: AK, зна­ме­на­тель: AC_1 конец дроби = дробь: чис­ли­тель: AH, зна­ме­на­тель: AB конец дроби , \"> от­ку­да на­хо­дим: <img src=\"https://ege.sdamgia.ru/formula/svg/cd/cdb5f2fdf0816f8d39aa6a5d18319299.svg\" class=\"tex\" style=\"vertical-align:-2.5pt\" alt=\"AB умно­жить на KH = AH умно­жить на BC_1.\"> Из ра­вен­ства углов <img src=\"https://ege.sdamgia.ru/formula/svg/07/07c5be69a43457486dd2a1244b0e0cc9.svg\" class=\"tex\" style=\"vertical-align:-2.5pt\" alt=\"\\angle BAA_1= \\angle BCC_1\"> сле­ду­ет по­до­бие тре­уголь­ни­ков <i>BCC</i><sub>1</sub> и <i>HAC</i><sub>1</sub>, от­ку­да на­хо­дим:</p><p class=\"left_margin\"></p><center><p><img src=\"https://ege.sdamgia.ru/formula/svg/21/21898535953362a70ed2948a5c68747f.svg\" class=\"tex\" style=\"vertical-align:-10.0pt\" alt=\" дробь: чис­ли­тель: C_1 H, зна­ме­на­тель: BC_1 конец дроби = дробь: чис­ли­тель: AH, зна­ме­на­тель: BC конец дроби рав­но­силь­но AH умно­жить на BC_1 = BC умно­жить на C_1 H. \"></p><p class=\"left_margin\"></p></center><p> Окон­ча­тель­но по­лу­ча­ем, что </p><p class=\"left_margin\"></p><center><p><img src=\"https://ege.sdamgia.ru/formula/svg/64/64e8e8a92058d9b4e5a020c22888c10b.svg\" class=\"tex\" style=\"vertical-align:-2.5pt\" alt=\"AB умно­жить на KH = AH умно­жить на BC_1 = BC умно­жить на C_1 H.\"></p><p class=\"left_margin\"></p></center><p class=\"left_margin\">б)  За­ме­тим, что </p><p class=\"left_margin\"></p><center><p><img src=\"https://ege.sdamgia.ru/formula/svg/f3/f33ecdd92353d1edd1df11469644af17.svg\" class=\"tex\" style=\"vertical-align:-2.6pt\" alt=\"\\angle C_1HK = C_1 HA = 90 гра­ду­сов минус \\angle C_1 AH = \\angle ABC.\"></p><p class=\"left_margin\"></p></center><p> Тогда </p><p class=\"left_margin\"></p><center><p><img src=\"https://ege.sdamgia.ru/formula/svg/8a/8a702f53a8fab28e6ddf9acf3015bda8.svg\" class=\"tex\" style=\"vertical-align:-11.2pt\" alt=\" дробь: чис­ли­тель: S_C_1HK, зна­ме­на­тель: S_ ABC конец дроби = дробь: чис­ли­тель: C_1H умно­жить на HK, зна­ме­на­тель: AB умно­жить на BC конец дроби = дробь: чис­ли­тель: C_1H умно­жить на дробь: чис­ли­тель: BC умно­жить на C_1H, зна­ме­на­тель: AB конец дроби , зна­ме­на­тель: AB умно­жить на BC конец дроби = левая круг­лая скоб­ка дробь: чис­ли­тель: C_1H, зна­ме­на­тель: AB конец дроби пра­вая круг­лая скоб­ка в квад­ра­те . \"></p><p class=\"left_margin\"></p></center><p> Здесь мы ис­поль­зо­ва­ли ре­зуль­тат пункт а). </p><p class=\"left_margin\">По тео­ре­ме ко­си­ну­сов </p><p class=\"left_margin\"></p><center><p><img src=\"https://ege.sdamgia.ru/formula/svg/5c/5ce406e093ec745051f9d927c73ce0a1.svg\" class=\"tex\" style=\"vertical-align:-8.4pt\" alt=\" ко­си­нус \\angle ABC = дробь: чис­ли­тель: 16 плюс 25 минус 17, зна­ме­на­тель: 2 умно­жить на 4 умно­жить на 5 конец дроби = дробь: чис­ли­тель: 3, зна­ме­на­тель: 5 конец дроби , \"></p><p class=\"left_margin\"></p></center><p> сле­до­ва­тель­но, <img src=\"https://ege.sdamgia.ru/formula/svg/c5/c51005fff725aa8c2d42c902fb8dd26e.svg\" class=\"tex\" style=\"vertical-align:-8.4pt\" alt=\" дробь: чис­ли­тель: C_1H, зна­ме­на­тель: AH конец дроби = дробь: чис­ли­тель: 3, зна­ме­на­тель: 5 конец дроби . \"> По­лу­ча­ем:</p><p class=\"left_margin\"></p><center><p><img src=\"https://ege.sdamgia.ru/formula/svg/fa/fa11bc6dc144a2bc006b3a5527544016.svg\" class=\"tex\" style=\"vertical-align:-10.9pt\" alt=\" синус \\angle ABB_1 = ко­си­нус \\angle BAC = дробь: чис­ли­тель: 16 плюс 17 минус 25, зна­ме­на­тель: 2 умно­жить на 4 умно­жить на ко­рень из: на­ча­ло ар­гу­мен­та: 17 конец ар­гу­мен­та конец дроби = дробь: чис­ли­тель: 1, зна­ме­на­тель: ко­рень из: на­ча­ло ар­гу­мен­та: 17 конец ар­гу­мен­та конец дроби , \"></p><p class=\"left_margin\"></p></center><p> а так как <img src=\"https://ege.sdamgia.ru/formula/svg/c4/c4a40827a2607c6af9aa0500b608f55f.svg\" class=\"tex\" style=\"vertical-align:-3.0pt\" alt=\" синус \\angle BHA = синус \\angle BHA_1 = ко­си­нус \\angle HBA_1 = синус \\angle BCA,\"> то:</p><p class=\"left_margin\"></p><center><p><img src=\"https://ege.sdamgia.ru/formula/svg/4c/4cdd899d613c843e231132d2c353dee7.svg\" class=\"tex\" style=\"vertical-align:-10.9pt\" alt=\" ко­си­нус \\angle BCA = дробь: чис­ли­тель: 17 плюс 25 минус 16, зна­ме­на­тель: 2 умно­жить на 5 умно­жить на ко­рень из: на­ча­ло ар­гу­мен­та: 17 конец ар­гу­мен­та конец дроби = дробь: чис­ли­тель: 13, зна­ме­на­тель: 5 ко­рень из: на­ча­ло ар­гу­мен­та: 17 конец ар­гу­мен­та конец дроби . \"></p><p class=\"left_margin\"></p></center><p> Сле­до­ва­тель­но, <img src=\"https://ege.sdamgia.ru/formula/svg/ea/eaf075c9633aae36a9604c3a9622ecaf.svg\" class=\"tex\" style=\"vertical-align:-10.9pt\" alt=\" синус \\angle BCA = дробь: чис­ли­тель: 16, зна­ме­на­тель: 5 ко­рень из: на­ча­ло ар­гу­мен­та: 17 конец ар­гу­мен­та конец дроби . \"> </p><p class=\"left_margin\">Таким об­ра­зом, от­но­ше­ние пло­ща­дей тре­уголь­ни­ков <i>С</i><sub>1</sub><i>HK</i> и <i>ABC</i> равно</p><p class=\"left_margin\"></p><center><p><span data-width=\"640\" data-formulahash=\"53011af269a159adfb3aa097326e6457\" class=\"tex-span\" style=\"\"><img src=\"https://ege.sdamgia.ru/formula/svg/53/53011af269a159adfb3aa097326e6457.svg\" class=\"tex\" style=\"vertical-align:-11.1pt\" alt=\" левая круг­лая скоб­ка дробь: чис­ли­тель: C_1H, зна­ме­на­тель: AB конец дроби пра­вая круг­лая скоб­ка в квад­ра­те = левая круг­лая скоб­ка дробь: чис­ли­тель: C_1H, зна­ме­на­тель: AH конец дроби умно­жить на дробь: чис­ли­тель: AH, зна­ме­на­тель: AB конец дроби пра­вая круг­лая скоб­ка в квад­ра­те = левая круг­лая скоб­ка дробь: чис­ли­тель: 3, зна­ме­на­тель: 5 конец дроби умно­жить на левая круг­лая скоб­ка дробь: чис­ли­тель: 1, зна­ме­на­тель: ко­рень из: на­ча­ло ар­гу­мен­та: 17 конец ар­гу­мен­та конец дроби : дробь: чис­ли­тель: 16, зна­ме­на­тель: 5 ко­рень из: на­ча­ло ар­гу­мен­та: 17 конец ар­гу­мен­та конец дроби пра­вая круг­лая скоб­ка пра­вая круг­лая скоб­ка в квад­ра­те = левая круг­лая скоб­ка дробь: чис­ли­тель: 3, зна­ме­на­тель: 16 конец дроби пра­вая круг­лая скоб­ка в квад­ра­те = дробь: чис­ли­тель: 9, зна­ме­на­тель: 256 конец дроби . \"></span><span data-width=\"490\" data-formulahash=\"53011af269a159adfb3aa097326e6457\" class=\"tex-span\" style=\"display:none\"><img src=\"https://ege.sdamgia.ru/formula/svg/de/de8fbd44453bdaa13579ee9186c26867.svg\" class=\"tex\" style=\"vertical-align:-11.2pt\" alt=\" левая круг­лая скоб­ка дробь: чис­ли­тель: C_1H, зна­ме­на­тель: AB конец дроби пра­вая круг­лая скоб­ка в квад­ра­те = левая круг­лая скоб­ка дробь: чис­ли­тель: C_1H, зна­ме­на­тель: AH конец дроби умно­жить на дробь: чис­ли­тель: AH, зна­ме­на­тель: AB конец дроби пра­вая круг­лая скоб­ка в квад­ра­те = \"><br><img src=\"https://ege.sdamgia.ru/formula/svg/77/77d318c416bdb81cc6204624a6af351e.svg\" class=\"tex\" style=\"vertical-align:-11.2pt\" alt=\"= левая круг­лая скоб­ка дробь: чис­ли­тель: 3, зна­ме­на­тель: 5 конец дроби умно­жить на левая круг­лая скоб­ка дробь: чис­ли­тель: 1, зна­ме­на­тель: ко­рень из: на­ча­ло ар­гу­мен­та: 17 конец ар­гу­мен­та конец дроби : дробь: чис­ли­тель: 16, зна­ме­на­тель: 5 ко­рень из: на­ча­ло ар­гу­мен­та: 17 конец ар­гу­мен­та конец дроби пра­вая круг­лая скоб­ка пра­вая круг­лая скоб­ка в квад­ра­те = левая круг­лая скоб­ка дробь: чис­ли­тель: 3, зна­ме­на­тель: 16 конец дроби пра­вая круг­лая скоб­ка в квад­ра­те = дробь: чис­ли­тель: 9, зна­ме­на­тель: 256 конец дроби . \"></span></p><p class=\"left_margin\"></p></center><p><span style=\"letter-spacing: 2px;\">Ответ:</span> б) <img src=\"https://ege.sdamgia.ru/formula/svg/b0/b08030065cd74c8a5d1ac84b5f7f77ff.svg\" class=\"tex\" style=\"vertical-align:-8.5pt\" alt=\" дробь: чис­ли­тель: 9, зна­ме­на­тель: 256 конец дроби \"></p></div>",
        "image_urls": [
            "https://ege.sdamgia.ru/formula/svg/2c/2ca085b8cd18be504ee0b057ddabbbff.svg",
            "https://ege.sdamgia.ru/formula/svg/cd/cdb5f2fdf0816f8d39aa6a5d18319299.svg",
            "https://ege.sdamgia.ru/formula/svg/07/07c5be69a43457486dd2a1244b0e0cc9.svg",
            "https://ege.sdamgia.ru/formula/svg/21/21898535953362a70ed2948a5c68747f.svg",
            "https://ege.sdamgia.ru/formula/svg/64/64e8e8a92058d9b4e5a020c22888c10b.svg",
            "https://ege.sdamgia.ru/formula/svg/f3/f33ecdd92353d1edd1df11469644af17.svg",
            "https://ege.sdamgia.ru/formula/svg/8a/8a702f53a8fab28e6ddf9acf3015bda8.svg",
            "https://ege.sdamgia.ru/formula/svg/5c/5ce406e093ec745051f9d927c73ce0a1.svg",
            "https://ege.sdamgia.ru/formula/svg/c5/c51005fff725aa8c2d42c902fb8dd26e.svg",
            "https://ege.sdamgia.ru/formula/svg/fa/fa11bc6dc144a2bc006b3a5527544016.svg",
            "https://ege.sdamgia.ru/formula/svg/c4/c4a40827a2607c6af9aa0500b608f55f.svg",
            "https://ege.sdamgia.ru/formula/svg/4c/4cdd899d613c843e231132d2c353dee7.svg",
            "https://ege.sdamgia.ru/formula/svg/ea/eaf075c9633aae36a9604c3a9622ecaf.svg",
            "https://ege.sdamgia.ru/formula/svg/53/53011af269a159adfb3aa097326e6457.svg",
            "https://ege.sdamgia.ru/formula/svg/de/de8fbd44453bdaa13579ee9186c26867.svg",
            "https://ege.sdamgia.ru/formula/svg/77/77d318c416bdb81cc6204624a6af351e.svg",
            "https://ege.sdamgia.ru/formula/svg/b0/b08030065cd74c8a5d1ac84b5f7f77ff.svg",
            "/get_file?id=155592"
        ]
    },
    "answer": "б)",
    "topic_id": 17,
    "analog_ids": []
}