{
    "gia_type": "ege",
    "subject": "math",
    "id": 658426,
    "condition": {
        "text": "В треугольнике FGH угол G прямой,   Точка D лежит на стороне FH, A и B  — точки пересечения медиан треугольников FGD и DGH соответственно.а)  Докажите, что б)  Найдите площадь треугольника GAB.",
        "html": "<div align=\"justify\" width=\"100%\" id=\"body288006\" class=\"pbody\"><p class=\"left_margin\">В тре­уголь­ни­ке <i>FGH</i> угол <i>G</i> пря­мой, <img src=\"https://ege.sdamgia.ru/formula/svg/fd/fd1387869c27f5d13d8dbc7ba912db91.svg\" class=\"tex\" style=\"vertical-align:-3.0pt\" alt=\"F G = 8,\"> <img src=\"https://ege.sdamgia.ru/formula/svg/ca/ca58b64365a3e448ba38442335c5dd93.svg\" class=\"tex\" style=\"vertical-align:-1.8pt\" alt=\" G H = 2.\"> Точка <i>D</i> лежит на сто­ро­не <i>FH</i>, <i>A</i> и <i>B</i>  — точки пе­ре­се­че­ния ме­ди­ан тре­уголь­ни­ков <i>FGD</i> и <i>DGH</i> со­от­вет­ствен­но.</p><p class=\"left_margin\">а)  До­ка­жи­те, что <img src=\"https://ege.sdamgia.ru/formula/svg/ec/ec003b33b04eede85b99d5ecb11709f0.svg\" class=\"tex\" style=\"vertical-align:-3.6pt\" alt=\"9 B G в квад­ра­те плюс D H в квад­ра­те = 2 левая круг­лая скоб­ка D G в квад­ра­те плюс G H в квад­ра­те пра­вая круг­лая скоб­ка .\"></p><p class=\"left_margin\">б)  Най­ди­те пло­щадь тре­уголь­ни­ка <i>GAB</i>.</p></div>",
        "image_urls": [
            "https://ege.sdamgia.ru/formula/svg/fd/fd1387869c27f5d13d8dbc7ba912db91.svg",
            "https://ege.sdamgia.ru/formula/svg/ca/ca58b64365a3e448ba38442335c5dd93.svg",
            "https://ege.sdamgia.ru/formula/svg/ec/ec003b33b04eede85b99d5ecb11709f0.svg"
        ]
    },
    "solution": {
        "text": "Решение. а)  Пусть точка M  — середина отрезка HD. Тогда по теореме косинусов: следовательно, Тогда: Так как  то: б)  Пусть точка N  — середина отрезка DF. Тогда  так как  а высота, проведенная из точки G,  — общая. Далее,  следовательно, треугольники GBA и GMN подобны с коэффициентом  Значит, Ответ: б) ",
        "html": "<div align=\"justify\" width=\"100%\" id=\"sol658426\" class=\"solution\" style=\"clear:both;\" class=\"pbody\"><p class=\"left_margin\"></p><b>Ре­ше­ние<!--rule_info-->. </b><p class=\"left_margin\"><img src=\"/get_file?id=175425\" style=\"float:right;margin:10px;max-width:100%\">а)  Пусть точка <i>M</i>  — се­ре­ди­на от­рез­ка <i>HD</i>. Тогда по тео­ре­ме ко­си­ну­сов:</p><p></p><div class=\"flex-math\"><p><img src=\"https://ege.sdamgia.ru/formula/svg/53/53581a02669c4f1c971e13c6eb316b56.svg\" class=\"tex\" style=\"vertical-align:-8.5pt\" alt=\" ко­си­нус \\angle HMG = дробь: чис­ли­тель: MH в квад­ра­те плюс MG в квад­ра­те минус GH в квад­ра­те , зна­ме­на­тель: 2 MH умно­жить на MG конец дроби ; \"></p><p><img src=\"https://ege.sdamgia.ru/formula/svg/37/37ce4a8155e014b385f0999e7aba65e5.svg\" class=\"tex\" style=\"vertical-align:-8.5pt\" alt=\" ко­си­нус \\angle DMG = дробь: чис­ли­тель: DM в квад­ра­те плюс MG в квад­ра­те минус GD в квад­ра­те , зна­ме­на­тель: 2 умно­жить на DM умно­жить на MG конец дроби ; \"></p><p></p></div><p> сле­до­ва­тель­но,</p><p class=\"left_margin\"></p><center><p><img src=\"https://ege.sdamgia.ru/formula/svg/32/327d6f7a928a74bddbb06f2f5c21d0d8.svg\" class=\"tex\" style=\"vertical-align:-1.8pt\" alt=\" \\angle HMG плюс \\angle DMG = 180 гра­ду­сов рав­но­силь­но ко­си­нус \\angle HMG плюс ко­си­нус \\angle DMB = 0. \"></p><p class=\"left_margin\"></p></center><p> Тогда:</p><p class=\"left_margin\"></p><center><p><span data-width=\"640\" data-formulahash=\"db3492b1cd082df4a261e0715fe522bf\" class=\"tex-span\" style=\"\"><img src=\"https://ege.sdamgia.ru/formula/svg/db/db3492b1cd082df4a261e0715fe522bf.svg\" class=\"tex\" style=\"vertical-align:-8.4pt\" alt=\" дробь: чис­ли­тель: MH в квад­ра­те плюс MG в квад­ра­те минус GH в квад­ра­те , зна­ме­на­тель: 2 MH умно­жить на MG конец дроби плюс дробь: чис­ли­тель: DM в квад­ра­те плюс MG в квад­ра­те минус GD в квад­ра­те , зна­ме­на­тель: 2 DM умно­жить на MG конец дроби = 0 рав­но­силь­но  MH в квад­ра­те плюс MG в квад­ра­те минус GH в квад­ра­те плюс DM в квад­ра­те плюс MG в квад­ра­те минус GD в квад­ра­те = 0.\"></span><span data-width=\"590\" data-formulahash=\"db3492b1cd082df4a261e0715fe522bf\" class=\"tex-span\" style=\"display:none\"><img src=\"https://ege.sdamgia.ru/formula/svg/d6/d6c97a90981b941ee99c4aa329dc5a32.svg\" class=\"tex\" style=\"vertical-align:-8.5pt\" alt=\" дробь: чис­ли­тель: MH в квад­ра­те плюс MG в квад­ра­те минус GH в квад­ра­те , зна­ме­на­тель: 2 MH умно­жить на MG конец дроби плюс дробь: чис­ли­тель: DM в квад­ра­те плюс MG в квад­ра­те минус GD в квад­ра­те , зна­ме­на­тель: 2 DM умно­жить на MG конец дроби = 0 рав­но­силь­но \"><br><img src=\"https://ege.sdamgia.ru/formula/svg/80/800130d732894a2054350dd98f2c895f.svg\" class=\"tex\" style=\"vertical-align:-1.8pt\" alt=\" рав­но­силь­но MH в квад­ра­те плюс MG в квад­ра­те минус GH в квад­ра­те плюс DM в квад­ра­те плюс MG в квад­ра­те минус GD в квад­ра­те = 0.\"></span></p><p class=\"left_margin\"></p></center><p> Так как <img src=\"https://ege.sdamgia.ru/formula/svg/36/363ae94acc3e11207eee4f5ec1b050ec.svg\" class=\"tex\" style=\"vertical-align:-3.0pt\" alt=\" MH = MD, \"> то: </p><p class=\"left_margin\"></p><center><p><span data-width=\"640\" data-formulahash=\"c6ab9733b2f9e42cfc03eb26c3fab9fb\" class=\"tex-span\" style=\"\"><img src=\"https://ege.sdamgia.ru/formula/svg/a9/a993fc5e96cba2eaf634f5a73c48b49b.svg\" class=\"tex\" style=\"vertical-align:-3.6pt\" alt=\" 2 MG в квад­ра­те плюс 2 MH в квад­ра­те = GD в квад­ра­те плюс GH в квад­ра­те рав­но­силь­но 4 MG в квад­ра­те плюс 4 MH в квад­ра­те = 2 левая круг­лая скоб­ка GD в квад­ра­те плюс GH в квад­ра­те пра­вая круг­лая скоб­ка рав­но­силь­но \"><br><img src=\"https://ege.sdamgia.ru/formula/svg/58/58b4f81aaa51b6266c1905b57a1a3285.svg\" class=\"tex\" style=\"vertical-align:-11.1pt\" alt=\" рав­но­силь­но 4 умно­жить на левая круг­лая скоб­ка дробь: чис­ли­тель: 3, зна­ме­на­тель: 2 конец дроби умно­жить на BG пра­вая круг­лая скоб­ка в квад­ра­те плюс левая круг­лая скоб­ка 2 MH пра­вая круг­лая скоб­ка в квад­ра­те = 2 левая круг­лая скоб­ка GD в квад­ра­те плюс GH в квад­ра­те пра­вая круг­лая скоб­ка рав­но­силь­но 9 BG в квад­ра­те плюс HD в квад­ра­те = 2 левая круг­лая скоб­ка DG в квад­ра­те плюс GH в квад­ра­те пра­вая круг­лая скоб­ка .\"></span><span data-width=\"490\" data-formulahash=\"c6ab9733b2f9e42cfc03eb26c3fab9fb\" class=\"tex-span\" style=\"display:none\"><img src=\"https://ege.sdamgia.ru/formula/svg/a9/a993fc5e96cba2eaf634f5a73c48b49b.svg\" class=\"tex\" style=\"vertical-align:-3.6pt\" alt=\" 2 MG в квад­ра­те плюс 2 MH в квад­ра­те = GD в квад­ра­те плюс GH в квад­ра­те рав­но­силь­но 4 MG в квад­ра­те плюс 4 MH в квад­ра­те = 2 левая круг­лая скоб­ка GD в квад­ра­те плюс GH в квад­ра­те пра­вая круг­лая скоб­ка рав­но­силь­но \"><br><img src=\"https://ege.sdamgia.ru/formula/svg/d8/d8ce774ed64ed06ce8d484aeddb5235d.svg\" class=\"tex\" style=\"vertical-align:-11.2pt\" alt=\" рав­но­силь­но 4 умно­жить на левая круг­лая скоб­ка дробь: чис­ли­тель: 3, зна­ме­на­тель: 2 конец дроби умно­жить на BG пра­вая круг­лая скоб­ка в квад­ра­те плюс левая круг­лая скоб­ка 2 MH пра­вая круг­лая скоб­ка в квад­ра­те = 2 левая круг­лая скоб­ка GD в квад­ра­те плюс GH в квад­ра­те пра­вая круг­лая скоб­ка рав­но­силь­но \"><br><img src=\"https://ege.sdamgia.ru/formula/svg/6c/6c0582270ade8002c0ac8384c5d509d7.svg\" class=\"tex\" style=\"vertical-align:-3.6pt\" alt=\" рав­но­силь­но 9 BG в квад­ра­те плюс HD в квад­ра­те = 2 левая круг­лая скоб­ка DG в квад­ра­те плюс GH в квад­ра­те пра­вая круг­лая скоб­ка .\"></span><span data-width=\"415\" data-formulahash=\"c6ab9733b2f9e42cfc03eb26c3fab9fb\" class=\"tex-span\" style=\"display:none\"><img src=\"https://ege.sdamgia.ru/formula/svg/56/56b613100a943fde4c07c01345ce7713.svg\" class=\"tex\" style=\"vertical-align:-1.8pt\" alt=\" 2 MG в квад­ра­те плюс 2 MH в квад­ра­те = GD в квад­ра­те плюс GH в квад­ра­те рав­но­силь­но \"><br><img src=\"https://ege.sdamgia.ru/formula/svg/b4/b44b63b76b7bb5e788f507562f3e4b8f.svg\" class=\"tex\" style=\"vertical-align:-3.6pt\" alt=\" рав­но­силь­но 4 MG в квад­ра­те плюс 4 MH в квад­ра­те = 2 левая круг­лая скоб­ка GD в квад­ра­те плюс GH в квад­ра­те пра­вая круг­лая скоб­ка рав­но­силь­но \"><br><img src=\"https://ege.sdamgia.ru/formula/svg/d8/d8ce774ed64ed06ce8d484aeddb5235d.svg\" class=\"tex\" style=\"vertical-align:-11.2pt\" alt=\" рав­но­силь­но 4 умно­жить на левая круг­лая скоб­ка дробь: чис­ли­тель: 3, зна­ме­на­тель: 2 конец дроби умно­жить на BG пра­вая круг­лая скоб­ка в квад­ра­те плюс левая круг­лая скоб­ка 2 MH пра­вая круг­лая скоб­ка в квад­ра­те = 2 левая круг­лая скоб­ка GD в квад­ра­те плюс GH в квад­ра­те пра­вая круг­лая скоб­ка рав­но­силь­но \"><br><img src=\"https://ege.sdamgia.ru/formula/svg/6c/6c0582270ade8002c0ac8384c5d509d7.svg\" class=\"tex\" style=\"vertical-align:-3.6pt\" alt=\" рав­но­силь­но 9 BG в квад­ра­те плюс HD в квад­ра­те = 2 левая круг­лая скоб­ка DG в квад­ра­те плюс GH в квад­ра­те пра­вая круг­лая скоб­ка .\"></span></p><p class=\"left_margin\"></p></center><p class=\"left_margin\">б)  Пусть точка <i>N</i>  — се­ре­ди­на от­рез­ка <i>DF</i>. Тогда <img src=\"https://ege.sdamgia.ru/formula/svg/36/362b7caf13f4870720ddc8681c321617.svg\" class=\"tex\" style=\"vertical-align:-8.4pt\" alt=\"S_GMN = дробь: чис­ли­тель: 1, зна­ме­на­тель: 2 конец дроби S_CHF,\"> так как <img src=\"https://ege.sdamgia.ru/formula/svg/a5/a50aeaee75395b87d94622fcd87c452d.svg\" class=\"tex\" style=\"vertical-align:-8.4pt\" alt=\"MN = дробь: чис­ли­тель: 1, зна­ме­на­тель: 2 конец дроби HF,\"> а вы­со­та, про­ве­ден­ная из точки <i>G</i>,  — общая. Далее, </p><p class=\"left_margin\"></p><center><p><img src=\"https://ege.sdamgia.ru/formula/svg/68/68bfc0b13729ae6ebce76902cb4043ea.svg\" class=\"tex\" style=\"vertical-align:-8.4pt\" alt=\" дробь: чис­ли­тель: GB, зна­ме­на­тель: GM конец дроби = дробь: чис­ли­тель: GA, зна­ме­на­тель: GN конец дроби = дробь: чис­ли­тель: 2, зна­ме­на­тель: 3 конец дроби , \"></p><p class=\"left_margin\"></p></center><p> сле­до­ва­тель­но, тре­уголь­ни­ки <i>GBA</i> и <i>GMN</i> по­доб­ны с ко­эф­фи­ци­ен­том <img src=\"https://ege.sdamgia.ru/formula/svg/c8/c828f131b06376e785a2958e5c63959f.svg\" class=\"tex\" style=\"vertical-align:-8.5pt\" alt=\"k = дробь: чис­ли­тель: 2, зна­ме­на­тель: 3 конец дроби .\"> Зна­чит, </p><p class=\"left_margin\"></p><center><p><img src=\"https://ege.sdamgia.ru/formula/svg/16/16b90548f3624bafab3796b33527669a.svg\" class=\"tex\" style=\"vertical-align:-11.2pt\" alt=\"S_GBA = левая круг­лая скоб­ка дробь: чис­ли­тель: 2, зна­ме­на­тель: 3 конец дроби пра­вая круг­лая скоб­ка в квад­ра­те умно­жить на S_GMN = дробь: чис­ли­тель: 4, зна­ме­на­тель: 9 конец дроби умно­жить на дробь: чис­ли­тель: 1, зна­ме­на­тель: 2 конец дроби умно­жить на S_GHF = дробь: чис­ли­тель: 4, зна­ме­на­тель: 9 конец дроби умно­жить на дробь: чис­ли­тель: 1, зна­ме­на­тель: 2 конец дроби умно­жить на дробь: чис­ли­тель: 1, зна­ме­на­тель: 2 конец дроби умно­жить на 2 умно­жить на 8 = дробь: чис­ли­тель: 16, зна­ме­на­тель: 9 конец дроби . \"></p><p class=\"left_margin\"></p></center><p><span style=\"letter-spacing: 2px;\">Ответ:</span> б) <img src=\"https://ege.sdamgia.ru/formula/svg/60/60e952308209da8ed478d44041481f2c.svg\" class=\"tex\" style=\"vertical-align:-8.4pt\" alt=\" дробь: чис­ли­тель: 16, зна­ме­на­тель: 9 конец дроби . \"></p></div>",
        "image_urls": [
            "https://ege.sdamgia.ru/formula/svg/53/53581a02669c4f1c971e13c6eb316b56.svg",
            "https://ege.sdamgia.ru/formula/svg/37/37ce4a8155e014b385f0999e7aba65e5.svg",
            "https://ege.sdamgia.ru/formula/svg/32/327d6f7a928a74bddbb06f2f5c21d0d8.svg",
            "https://ege.sdamgia.ru/formula/svg/db/db3492b1cd082df4a261e0715fe522bf.svg",
            "https://ege.sdamgia.ru/formula/svg/d6/d6c97a90981b941ee99c4aa329dc5a32.svg",
            "https://ege.sdamgia.ru/formula/svg/80/800130d732894a2054350dd98f2c895f.svg",
            "https://ege.sdamgia.ru/formula/svg/36/363ae94acc3e11207eee4f5ec1b050ec.svg",
            "https://ege.sdamgia.ru/formula/svg/a9/a993fc5e96cba2eaf634f5a73c48b49b.svg",
            "https://ege.sdamgia.ru/formula/svg/58/58b4f81aaa51b6266c1905b57a1a3285.svg",
            "https://ege.sdamgia.ru/formula/svg/a9/a993fc5e96cba2eaf634f5a73c48b49b.svg",
            "https://ege.sdamgia.ru/formula/svg/d8/d8ce774ed64ed06ce8d484aeddb5235d.svg",
            "https://ege.sdamgia.ru/formula/svg/6c/6c0582270ade8002c0ac8384c5d509d7.svg",
            "https://ege.sdamgia.ru/formula/svg/56/56b613100a943fde4c07c01345ce7713.svg",
            "https://ege.sdamgia.ru/formula/svg/b4/b44b63b76b7bb5e788f507562f3e4b8f.svg",
            "https://ege.sdamgia.ru/formula/svg/d8/d8ce774ed64ed06ce8d484aeddb5235d.svg",
            "https://ege.sdamgia.ru/formula/svg/6c/6c0582270ade8002c0ac8384c5d509d7.svg",
            "https://ege.sdamgia.ru/formula/svg/36/362b7caf13f4870720ddc8681c321617.svg",
            "https://ege.sdamgia.ru/formula/svg/a5/a50aeaee75395b87d94622fcd87c452d.svg",
            "https://ege.sdamgia.ru/formula/svg/68/68bfc0b13729ae6ebce76902cb4043ea.svg",
            "https://ege.sdamgia.ru/formula/svg/c8/c828f131b06376e785a2958e5c63959f.svg",
            "https://ege.sdamgia.ru/formula/svg/16/16b90548f3624bafab3796b33527669a.svg",
            "https://ege.sdamgia.ru/formula/svg/60/60e952308209da8ed478d44041481f2c.svg",
            "/get_file?id=175425"
        ]
    },
    "answer": "б)",
    "topic_id": 17,
    "analog_ids": []
}