{
    "gia_type": "ege",
    "subject": "math",
    "id": 658810,
    "condition": {
        "text": "На боковых сторонах AB и BC равнобедренного треугольника ABC со сторонами  и  отмечены точки E и D соответственно так, что   Отрезки AD и CE пересекаются в точке O.а)  Докажите, что отношение площадей треугольников AOE и COD равно 14 : 3.б)  Найдите площадь четырехугольника BDOE.",
        "html": "<div align=\"justify\" width=\"100%\" id=\"body287622\" class=\"pbody\"><p class=\"left_margin\">На бо­ко­вых сто­ро­нах <i>AB</i> и <i>BC</i> рав­но­бед­рен­но­го тре­уголь­ни­ка <i>ABC</i> со сто­ро­на­ми <img src=\"https://ege.sdamgia.ru/formula/svg/ce/ce7b7a50b8d2b43026fc0499d4364490.svg\" class=\"tex\" style=\"vertical-align:-1.8pt\" alt=\" AB = BC =8\"> и <img src=\"https://ege.sdamgia.ru/formula/svg/3a/3a2fb13e9590f9019dc79aebee0ef39b.svg\" class=\"tex\" style=\"vertical-align:-1.8pt\" alt=\" AC = 6\"> от­ме­че­ны точки <i>E</i> и <i>D</i> со­от­вет­ствен­но так, что <img src=\"https://ege.sdamgia.ru/formula/svg/6f/6f5be5334301bf854a6aa7410265fc33.svg\" class=\"tex\" style=\"vertical-align:-3.0pt\" alt=\" AE = 2,\"> <img src=\"https://ege.sdamgia.ru/formula/svg/40/40e01fd21ea296d79eb68c174e928e97.svg\" class=\"tex\" style=\"vertical-align:-1.8pt\" alt=\" CD = 1.\"> От­рез­ки <i>AD</i> и <i>CE</i> пе­ре­се­ка­ют­ся в точке <i>O</i>.</p><p class=\"left_margin\">а)  До­ка­жи­те, что от­но­ше­ние пло­ща­дей тре­уголь­ни­ков <i>AOE</i> и <i>COD</i> равно 14 : 3.</p><p class=\"left_margin\">б)  Най­ди­те пло­щадь че­ты­рех­уголь­ни­ка <i>BDOE</i>.</p></div>",
        "image_urls": [
            "https://ege.sdamgia.ru/formula/svg/ce/ce7b7a50b8d2b43026fc0499d4364490.svg",
            "https://ege.sdamgia.ru/formula/svg/3a/3a2fb13e9590f9019dc79aebee0ef39b.svg",
            "https://ege.sdamgia.ru/formula/svg/6f/6f5be5334301bf854a6aa7410265fc33.svg",
            "https://ege.sdamgia.ru/formula/svg/40/40e01fd21ea296d79eb68c174e928e97.svg"
        ]
    },
    "solution": {
        "text": "Решение. а)  Запишем теорему Менелая для треугольника ADB и секущей ED: откуда  Запишем теорему Менелая для треугольника CBE и секущей DO: откуда  Таким образом, отношение площадей треугольников AOE и COD равноб)  Находим площадь треугольника ABC: Находим площадь треугольника CEB: Находим площадь треугольника COD: Находим площадь треугольника BDOE:Ответ: б) ",
        "html": "<div align=\"justify\" width=\"100%\" id=\"sol658810\" class=\"solution\" style=\"clear:both;\" class=\"pbody\"><p class=\"left_margin\"></p><b>Ре­ше­ние<!--rule_info-->. </b><p class=\"left_margin\"><img src=\"/get_file?id=177241\" style=\"float:right;margin:10px;max-width:100%\">а)  За­пи­шем тео­ре­му Ме­не­лая для тре­уголь­ни­ка <i>ADB</i> и се­ку­щей <i>ED</i>:</p><p class=\"left_margin\"></p><center><p><img src=\"https://ege.sdamgia.ru/formula/svg/18/1862f592005c4453e69f01fa2784d291.svg\" class=\"tex\" style=\"vertical-align:-8.4pt\" alt=\" дробь: чис­ли­тель: AO, зна­ме­на­тель: OD конец дроби умно­жить на дробь: чис­ли­тель: DC, зна­ме­на­тель: CB конец дроби умно­жить на дробь: чис­ли­тель: BE, зна­ме­на­тель: EA конец дроби = 1, \"></p><p class=\"left_margin\"></p></center><p> от­ку­да <img src=\"https://ege.sdamgia.ru/formula/svg/d4/d487eef809c84cf11d98f7f670784fa7.svg\" class=\"tex\" style=\"vertical-align:-8.4pt\" alt=\" дробь: чис­ли­тель: AO, зна­ме­на­тель: OD конец дроби = дробь: чис­ли­тель: 8, зна­ме­на­тель: 1 конец дроби умно­жить на дробь: чис­ли­тель: 2, зна­ме­на­тель: 6 конец дроби = дробь: чис­ли­тель: 8, зна­ме­на­тель: 3 конец дроби . \"> За­пи­шем тео­ре­му Ме­не­лая для тре­уголь­ни­ка <i>CBE</i> и се­ку­щей <i>DO</i>:</p><p class=\"left_margin\"></p><center><p><img src=\"https://ege.sdamgia.ru/formula/svg/67/6793dd98053eaebcef0a2459ef220aec.svg\" class=\"tex\" style=\"vertical-align:-8.4pt\" alt=\" дробь: чис­ли­тель: EO, зна­ме­на­тель: OC конец дроби умно­жить на дробь: чис­ли­тель: CD, зна­ме­на­тель: DB конец дроби умно­жить на дробь: чис­ли­тель: BA, зна­ме­на­тель: AE конец дроби = 1, \"></p><p class=\"left_margin\"></p></center><p> от­ку­да <img src=\"https://ege.sdamgia.ru/formula/svg/70/70e78e0c7fc719ead2581f7f5ba1b181.svg\" class=\"tex\" style=\"vertical-align:-8.4pt\" alt=\" дробь: чис­ли­тель: EO, зна­ме­на­тель: OC конец дроби = дробь: чис­ли­тель: 2, зна­ме­на­тель: 8 конец дроби умно­жить на дробь: чис­ли­тель: 7, зна­ме­на­тель: 1 конец дроби = дробь: чис­ли­тель: 7, зна­ме­на­тель: 4 конец дроби . \"> Таким об­ра­зом, от­но­ше­ние пло­ща­дей тре­уголь­ни­ков <i>AOE</i> и <i>COD</i> равно</p><p class=\"left_margin\"></p><center><p><img src=\"https://ege.sdamgia.ru/formula/svg/2c/2cef965cadb39143c27fecf2b82e135e.svg\" class=\"tex\" style=\"vertical-align:-13.1pt\" alt=\" дробь: чис­ли­тель: S_AOE, зна­ме­на­тель: S_COD конец дроби = дробь: чис­ли­тель: дробь: чис­ли­тель: 1, зна­ме­на­тель: 2 конец дроби умно­жить на OE умно­жить на OA умно­жить на синус \\angle AOE, зна­ме­на­тель: дробь: чис­ли­тель: 1, зна­ме­на­тель: 2 конец дроби CO умно­жить на OD умно­жить на синус \\angle COD конец дроби = дробь: чис­ли­тель: EO, зна­ме­на­тель: OC конец дроби умно­жить на дробь: чис­ли­тель: AO, зна­ме­на­тель: OD конец дроби = дробь: чис­ли­тель: 7, зна­ме­на­тель: 4 конец дроби умно­жить на дробь: чис­ли­тель: 8, зна­ме­на­тель: 3 конец дроби = дробь: чис­ли­тель: 14, зна­ме­на­тель: 3 конец дроби . \"></p><p class=\"left_margin\"></p></center><p class=\"left_margin\">б)  На­хо­дим пло­щадь тре­уголь­ни­ка <i>ABC</i>:</p><p class=\"left_margin\"></p><center><p><img src=\"https://ege.sdamgia.ru/formula/svg/39/398ca2b7163c4fa7956c5a5b2db7bb4c.svg\" class=\"tex\" style=\"vertical-align:-9.3pt\" alt=\"S_ABC = ко­рень из: на­ча­ло ар­гу­мен­та: дробь: чис­ли­тель: 8 плюс 8 плюс 6, зна­ме­на­тель: 2 конец дроби умно­жить на дробь: чис­ли­тель: 8 плюс 8 минус 6, зна­ме­на­тель: 2 конец дроби умно­жить на дробь: чис­ли­тель: 8 плюс 6 минус 8, зна­ме­на­тель: 2 конец дроби умно­жить на дробь: чис­ли­тель: 8 плюс 6 минус 8, зна­ме­на­тель: 2 конец дроби конец ар­гу­мен­та = 3 ко­рень из: на­ча­ло ар­гу­мен­та: 55 конец ар­гу­мен­та . \"></p><p class=\"left_margin\"></p></center><p> На­хо­дим пло­щадь тре­уголь­ни­ка <i>CEB</i>:</p><p class=\"left_margin\"></p><center><p><img src=\"https://ege.sdamgia.ru/formula/svg/95/9591e47a3529b0d891f386d910506830.svg\" class=\"tex\" style=\"vertical-align:-8.4pt\" alt=\"S_CEB = дробь: чис­ли­тель: EB, зна­ме­на­тель: AB конец дроби умно­жить на S_ABC = дробь: чис­ли­тель: 3, зна­ме­на­тель: 4 конец дроби умно­жить на 3 ко­рень из: на­ча­ло ар­гу­мен­та: 55 конец ар­гу­мен­та = дробь: чис­ли­тель: 9, зна­ме­на­тель: 4 конец дроби ко­рень из: на­ча­ло ар­гу­мен­та: 55 конец ар­гу­мен­та . \"></p><p class=\"left_margin\"></p></center><p> На­хо­дим пло­щадь тре­уголь­ни­ка <i>COD</i>:</p><p class=\"left_margin\"></p><center><p><img src=\"https://ege.sdamgia.ru/formula/svg/af/af2d08df05dd264a8abf3a1990623f9d.svg\" class=\"tex\" style=\"vertical-align:-8.5pt\" alt=\"S_COD = дробь: чис­ли­тель: CO, зна­ме­на­тель: CE конец дроби умно­жить на дробь: чис­ли­тель: CD, зна­ме­на­тель: CB конец дроби умно­жить на S_CEB = дробь: чис­ли­тель: 4, зна­ме­на­тель: 11 конец дроби умно­жить на дробь: чис­ли­тель: 1, зна­ме­на­тель: 8 конец дроби умно­жить на дробь: чис­ли­тель: 9, зна­ме­на­тель: 4 конец дроби ко­рень из: на­ча­ло ар­гу­мен­та: 55 конец ар­гу­мен­та = дробь: чис­ли­тель: 9 ко­рень из: на­ча­ло ар­гу­мен­та: 55 конец ар­гу­мен­та , зна­ме­на­тель: 88 конец дроби . \"></p><p class=\"left_margin\"></p></center><p> На­хо­дим пло­щадь тре­уголь­ни­ка <i>BDOE</i>:</p><p class=\"left_margin\"></p><center><p><img src=\"https://ege.sdamgia.ru/formula/svg/b3/b3e99c93cc64a8e835e3e4f9030b10ed.svg\" class=\"tex\" style=\"vertical-align:-8.5pt\" alt=\"S_BDOE = S_CEB минус S_COD = дробь: чис­ли­тель: 9 ко­рень из: на­ча­ло ар­гу­мен­та: 55 конец ар­гу­мен­та , зна­ме­на­тель: 88 конец дроби умно­жить на левая круг­лая скоб­ка 22 минус 1 пра­вая круг­лая скоб­ка = дробь: чис­ли­тель: 189 ко­рень из: на­ча­ло ар­гу­мен­та: 55 конец ар­гу­мен­та , зна­ме­на­тель: 88 конец дроби . \"></p><p class=\"left_margin\"></p></center><p><span style=\"letter-spacing: 2px;\">Ответ:</span> б) <img src=\"https://ege.sdamgia.ru/formula/svg/12/12b07ed5f998cbbb6ea7a39a3edc4b4c.svg\" class=\"tex\" style=\"vertical-align:-8.5pt\" alt=\" дробь: чис­ли­тель: 189 ко­рень из: на­ча­ло ар­гу­мен­та: 55 конец ар­гу­мен­та , зна­ме­на­тель: 88 конец дроби . \"></p></div>",
        "image_urls": [
            "https://ege.sdamgia.ru/formula/svg/18/1862f592005c4453e69f01fa2784d291.svg",
            "https://ege.sdamgia.ru/formula/svg/d4/d487eef809c84cf11d98f7f670784fa7.svg",
            "https://ege.sdamgia.ru/formula/svg/67/6793dd98053eaebcef0a2459ef220aec.svg",
            "https://ege.sdamgia.ru/formula/svg/70/70e78e0c7fc719ead2581f7f5ba1b181.svg",
            "https://ege.sdamgia.ru/formula/svg/2c/2cef965cadb39143c27fecf2b82e135e.svg",
            "https://ege.sdamgia.ru/formula/svg/39/398ca2b7163c4fa7956c5a5b2db7bb4c.svg",
            "https://ege.sdamgia.ru/formula/svg/95/9591e47a3529b0d891f386d910506830.svg",
            "https://ege.sdamgia.ru/formula/svg/af/af2d08df05dd264a8abf3a1990623f9d.svg",
            "https://ege.sdamgia.ru/formula/svg/b3/b3e99c93cc64a8e835e3e4f9030b10ed.svg",
            "https://ege.sdamgia.ru/formula/svg/12/12b07ed5f998cbbb6ea7a39a3edc4b4c.svg",
            "/get_file?id=177241"
        ]
    },
    "answer": "б)",
    "topic_id": 17,
    "analog_ids": []
}