{
    "gia_type": "ege",
    "subject": "math",
    "id": 667320,
    "condition": {
        "text": "Дан равносторонний треугольник АВС. На стороне АС выбрана точка М, серединный перпендикуляр к отрезку ВМ пересекает сторону АВ в точке E, а сторону ВС в точке K.а)  Докажите, что угол АЕМ равен углу СМK.б)  Найдите отношение площадей треугольников АЕМ и СМK, если AM : CM  =  1 : 4.",
        "html": "<div align=\"justify\" width=\"100%\" id=\"body278596\" class=\"pbody\"><p class=\"left_margin\">Дан рав­но­сто­рон­ний тре­уголь­ник <i>АВС</i>. На сто­ро­не <i>АС</i> вы­бра­на точка <i>М</i>, се­ре­дин­ный пер­пен­ди­ку­ляр к от­рез­ку <i>ВМ</i> пе­ре­се­ка­ет сто­ро­ну <i>АВ</i> в точке <i>E</i>, а сто­ро­ну <i>ВС</i> в точке <i>K</i>.</p><p class=\"left_margin\">а)  До­ка­жи­те, что угол <i>АЕМ</i> равен углу <i>СМK</i>.</p><p class=\"left_margin\">б)  Най­ди­те от­но­ше­ние пло­ща­дей тре­уголь­ни­ков <i>АЕМ</i> и <i>СМK</i>, если <i>AM</i> : <i>CM</i>  =  1 : 4.</p></div>",
        "image_urls": []
    },
    "solution": {
        "text": "Решение. а)  Пусть  тогда  Треугольники BEK и MEK равны, поскольку они симметричны относительно EK. Тогда  и б)  Пусть AM  =  x, CM  =  4x, AE  =  y, тогда  Пусть также CK  =  t, тогда  Из подобия треугольников AME и CKM находим:тогдаоткуда  Таким образом,  следовательно,  Ответ: 4 : 9.",
        "html": "<div align=\"justify\" width=\"100%\" id=\"sol667320\" class=\"solution\" style=\"clear:both;\" class=\"pbody\"><p class=\"left_margin\"></p><b>Ре­ше­ние<!--rule_info-->. </b><p class=\"left_margin\"><img src=\"/get_file?id=186822\" style=\"float:right;margin:10px;max-width:100%\"></p><p class=\"left_margin\">а)  Пусть <img src=\"https://ege.sdamgia.ru/formula/svg/d2/d28d6db25914fa0b41187dfbbc3e0861.svg\" class=\"tex\" style=\"vertical-align:-3.0pt\" alt=\"\\angle AEM = альфа ,\"> тогда <img src=\"https://ege.sdamgia.ru/formula/svg/ca/ca6cad78ca5c9e9e1fb8d02453b14dc0.svg\" class=\"tex\" style=\"vertical-align:-1.8pt\" alt=\"\\angle AME = 180 гра­ду­сов минус 60 гра­ду­сов минус альфа = 120 гра­ду­сов минус альфа .\"> Тре­уголь­ни­ки <i>BEK</i> и <i>MEK</i> равны, по­сколь­ку они сим­мет­рич­ны от­но­си­тель­но <i>EK</i>. Тогда <img src=\"https://ege.sdamgia.ru/formula/svg/39/3937804f50ef919f7ca1d793a42d9e47.svg\" class=\"tex\" style=\"vertical-align:-1.8pt\" alt=\"\\angle EMK = 60 гра­ду­сов \"> и </p><p class=\"left_margin\"></p><center><p><img src=\"https://ege.sdamgia.ru/formula/svg/c4/c40dcee18f6198699636c560c097b1a3.svg\" class=\"tex\" style=\"vertical-align:-3.6pt\" alt=\"\\angle CMK = 180 гра­ду­сов минус левая круг­лая скоб­ка 120 гра­ду­сов минус альфа пра­вая круг­лая скоб­ка минус 60 гра­ду­сов = альфа = \\angle AEM.\"></p><p class=\"left_margin\"></p></center><p class=\"left_margin\">б)  Пусть <i>AM</i>  =  <i>x</i>, <i>CM</i>  =  4<i>x</i>, <i>AE</i>  =  <i>y</i>, тогда <img src=\"https://ege.sdamgia.ru/formula/svg/f3/f3951486e190db5fc1cb1969ee11e3d3.svg\" class=\"tex\" style=\"vertical-align:-3.0pt\" alt=\"BE = EM = 5x минус y.\"> Пусть также <i>CK</i>  =  <i>t</i>, тогда <img src=\"https://ege.sdamgia.ru/formula/svg/83/8354a21f78ceff3fb09ec7495c933fbe.svg\" class=\"tex\" style=\"vertical-align:-1.8pt\" alt=\"BK = KM = 5x минус t.\"> Из по­до­бия тре­уголь­ни­ков <i>AME</i> и <i>CKM</i> на­хо­дим:</p><p class=\"left_margin\"></p><center><p><img src=\"https://ege.sdamgia.ru/formula/svg/f7/f79dfa320b828bab327c741940c95e3a.svg\" class=\"tex\" style=\"vertical-align:-9.2pt\" alt=\" дробь: чис­ли­тель: AE, зна­ме­на­тель: MC конец дроби = дробь: чис­ли­тель: AM, зна­ме­на­тель: KC конец дроби = дробь: чис­ли­тель: ME, зна­ме­на­тель: KM конец дроби \\Leftightarrow дробь: чис­ли­тель: y, зна­ме­на­тель: 4x конец дроби = дробь: чис­ли­тель: x, зна­ме­на­тель: t конец дроби = дробь: чис­ли­тель: 5x минус y, зна­ме­на­тель: 5x минус t конец дроби , \"></p><p class=\"left_margin\"></p></center><p>тогда</p><p class=\"left_margin\"></p><center><p><img src=\"https://ege.sdamgia.ru/formula/svg/5c/5c85ca8394cc2a06952311b7020b8914.svg\" class=\"tex\" style=\"vertical-align:-14.4pt\" alt=\" си­сте­ма вы­ра­же­ний yt = 4x в квад­ра­те , x левая круг­лая скоб­ка 5x минус t пра­вая круг­лая скоб­ка = левая круг­лая скоб­ка 5x минус y пра­вая круг­лая скоб­ка t конец си­сте­мы . \"></p><p class=\"left_margin\"></p></center><p>от­ку­да </p><p class=\"left_margin\"></p><center><p><img src=\"https://ege.sdamgia.ru/formula/svg/02/0281ba98cfbc28dec999e8c287a9847d.svg\" class=\"tex\" style=\"vertical-align:-1.8pt\" alt=\"5x в квад­ра­те минус xt = 5xt минус 4x в квад­ра­те рав­но­силь­но 9x в квад­ра­те = 6xt рав­но­силь­но 3x = 2t.\"></p><p class=\"left_margin\"></p></center><p> Таким об­ра­зом, <img src=\"https://ege.sdamgia.ru/formula/svg/f0/f0fa62fe9faec8e55d0ec588d214aab3.svg\" class=\"tex\" style=\"vertical-align:-8.4pt\" alt=\" дробь: чис­ли­тель: AM, зна­ме­на­тель: KC конец дроби = дробь: чис­ли­тель: 2, зна­ме­на­тель: 3 конец дроби , \"> сле­до­ва­тель­но, <img src=\"https://ege.sdamgia.ru/formula/svg/e5/e5641458e289c1424194d1810f543fc7.svg\" class=\"tex\" style=\"vertical-align:-11.2pt\" alt=\" дробь: чис­ли­тель: S_AME, зна­ме­на­тель: S_KMC конец дроби = левая круг­лая скоб­ка дробь: чис­ли­тель: AM, зна­ме­на­тель: KC конец дроби пра­вая круг­лая скоб­ка в квад­ра­те = дробь: чис­ли­тель: 4, зна­ме­на­тель: 9 конец дроби . \"></p><p>&nbsp;</p><p><span style=\"letter-spacing: 2px;\">Ответ:</span> 4 : 9.</p></div>",
        "image_urls": [
            "https://ege.sdamgia.ru/formula/svg/d2/d28d6db25914fa0b41187dfbbc3e0861.svg",
            "https://ege.sdamgia.ru/formula/svg/ca/ca6cad78ca5c9e9e1fb8d02453b14dc0.svg",
            "https://ege.sdamgia.ru/formula/svg/39/3937804f50ef919f7ca1d793a42d9e47.svg",
            "https://ege.sdamgia.ru/formula/svg/c4/c40dcee18f6198699636c560c097b1a3.svg",
            "https://ege.sdamgia.ru/formula/svg/f3/f3951486e190db5fc1cb1969ee11e3d3.svg",
            "https://ege.sdamgia.ru/formula/svg/83/8354a21f78ceff3fb09ec7495c933fbe.svg",
            "https://ege.sdamgia.ru/formula/svg/f7/f79dfa320b828bab327c741940c95e3a.svg",
            "https://ege.sdamgia.ru/formula/svg/5c/5c85ca8394cc2a06952311b7020b8914.svg",
            "https://ege.sdamgia.ru/formula/svg/02/0281ba98cfbc28dec999e8c287a9847d.svg",
            "https://ege.sdamgia.ru/formula/svg/f0/f0fa62fe9faec8e55d0ec588d214aab3.svg",
            "https://ege.sdamgia.ru/formula/svg/e5/e5641458e289c1424194d1810f543fc7.svg",
            "/get_file?id=186822"
        ]
    },
    "answer": "4 : 9.",
    "topic_id": 17,
    "analog_ids": []
}