{
    "gia_type": "ege",
    "subject": "math",
    "id": 668799,
    "condition": {
        "text": "В прямоугольном треугольнике MNK точки P и T  — середины гипотенузы NK и катета MK соответственно. Биссектриса угла MNK пересекает прямую PT в точке Q.а)  Докажите, что треугольники KQM и NPQ подобны.б)  Найдите косинус угла KNM, если отношение площадей треугольников KQM и NPQ равно 0,8.",
        "html": "<div align=\"justify\" width=\"100%\" id=\"body285315\" class=\"pbody\"><p class=\"left_margin\">В пря­мо­уголь­ном тре­уголь­ни­ке <i>MNK</i> точки <i>P</i> и <i>T</i>  — се­ре­ди­ны ги­по­те­ну­зы <i>NK</i> и ка­те­та <i>MK</i> со­от­вет­ствен­но. Бис­сек­три­са угла <i>MNK</i> пе­ре­се­ка­ет пря­мую <i>PT</i> в точке <i>Q</i>.</p><p class=\"left_margin\">а)  До­ка­жи­те, что тре­уголь­ни­ки <i>KQM</i> и <i>NPQ</i> по­доб­ны.</p><p class=\"left_margin\">б)  Най­ди­те ко­си­нус угла <i>KNM</i>, если от­но­ше­ние пло­ща­дей тре­уголь­ни­ков <i>KQM</i> и <i>NPQ</i> равно 0,8.</p></div>",
        "image_urls": []
    },
    "solution": {
        "text": "Решение. а)  Прямые MN и PQ параллельны, значит, углы MNQ и PQN равны. Следовательно, углы PNQ и PQN равны, тогда PQ  =  PN  =  PK  =  PM. Значит, P  — центр окружности, описанной около четырехугольника NKQM. Тогда углы QMK и QNK равны как вписанные, аналогично равны углы QKM и QNM. Тем самым треугольники KQM и NPQ подобны по двум углам.б)  Отношение площадей треугольников KQM и NPQ равно 0,8, следовательно,Пусть MQ  =  QK  =  2x, тогда   По теореме косинусов для треугольника QPK получаем: Заметим, что угол KNM равен углу QPK. Ответ: б) ",
        "html": "<div align=\"justify\" width=\"100%\" id=\"sol668799\" class=\"solution\" style=\"clear:both;\" class=\"pbody\"><p class=\"left_margin\"></p><b>Ре­ше­ние<!--rule_info-->. </b><p class=\"left_margin\"><img src=\"/get_file?id=188698\" style=\"float:right;margin:10px;max-width:100%\"></p><p class=\"left_margin\">а)  Пря­мые <i>MN</i> и <i>PQ</i> па­рал­лель­ны, зна­чит, углы <i>MNQ</i> и <i>PQN</i> равны. Сле­до­ва­тель­но, углы <i>PNQ</i> и <i>PQN</i> равны, тогда <i>PQ</i>  =  <i>PN</i>  =  <i>PK</i>  =  <i>PM</i>. Зна­чит, <i>P</i>  — центр окруж­но­сти, опи­сан­ной около че­ты­рех­уголь­ни­ка <i>NKQM</i>. Тогда углы <i>QMK</i> и <i>QNK</i> равны как впи­сан­ные, ана­ло­гич­но равны углы <i>QKM</i> и <i>QNM</i>. Тем самым тре­уголь­ни­ки <i>KQM</i> и <i>NPQ</i> по­доб­ны по двум углам.</p><p class=\"left_margin\">б)  От­но­ше­ние пло­ща­дей тре­уголь­ни­ков <i>KQM</i> и <i>NPQ</i> равно 0,8, сле­до­ва­тель­но,</p><p class=\"left_margin\"></p><center><p><img src=\"https://ege.sdamgia.ru/formula/svg/91/91680ac5a37ba87a711f4ca30eb7be3c.svg\" class=\"tex\" style=\"vertical-align:-11.2pt\" alt=\" левая круг­лая скоб­ка дробь: чис­ли­тель: MQ, зна­ме­на­тель: NP конец дроби пра­вая круг­лая скоб­ка в квад­ра­те = дробь: чис­ли­тель: 4, зна­ме­на­тель: 5 конец дроби рав­но­силь­но дробь: чис­ли­тель: MQ, зна­ме­на­тель: NP конец дроби = дробь: чис­ли­тель: 2, зна­ме­на­тель: ко­рень из 5 конец дроби . \"></p><p class=\"left_margin\"></p></center><p class=\"left_margin\">Пусть <i>MQ</i>  =  <i>QK</i>  =  2<i>x</i>, тогда </p><p class=\"left_margin\"></p><center><p><img src=\"https://ege.sdamgia.ru/formula/svg/2c/2ce0147f09b953b6f2e63a2057053449.svg\" class=\"tex\" style=\"vertical-align:-3.0pt\" alt=\"NP = PK = PQ = ко­рень из 5 x.\"> </p><p class=\"left_margin\"></p></center><p> По тео­ре­ме ко­си­ну­сов для тре­уголь­ни­ка <i>QPK</i> по­лу­ча­ем:</p><p class=\"left_margin\"></p><center><p><img src=\"https://ege.sdamgia.ru/formula/svg/98/98be966e7d28fe3ef63a7895b9a544da.svg\" class=\"tex\" style=\"vertical-align:-11.0pt\" alt=\" ко­си­нус \\angle QPK = дробь: чис­ли­тель: 5x в квад­ра­те плюс 5x в квад­ра­те минус 4x в квад­ра­те , зна­ме­на­тель: 2 умно­жить на ко­рень из 5 x умно­жить на ко­рень из 5 x конец дроби = дробь: чис­ли­тель: 3, зна­ме­на­тель: 5 конец дроби . \"></p><p class=\"left_margin\"></p></center><p> За­ме­тим, что угол <i>KNM</i> равен углу <i>QPK</i>.</p><p>&nbsp;</p><p><span style=\"letter-spacing: 2px;\">Ответ:</span> б) <img src=\"https://ege.sdamgia.ru/formula/svg/32/326afbb690720ceab6627a8df09bf603.svg\" class=\"tex\" style=\"vertical-align:-8.5pt\" alt=\" дробь: чис­ли­тель: 3, зна­ме­на­тель: 5 конец дроби .\"></p></div>",
        "image_urls": [
            "https://ege.sdamgia.ru/formula/svg/91/91680ac5a37ba87a711f4ca30eb7be3c.svg",
            "https://ege.sdamgia.ru/formula/svg/2c/2ce0147f09b953b6f2e63a2057053449.svg",
            "https://ege.sdamgia.ru/formula/svg/98/98be966e7d28fe3ef63a7895b9a544da.svg",
            "https://ege.sdamgia.ru/formula/svg/32/326afbb690720ceab6627a8df09bf603.svg",
            "/get_file?id=188698"
        ]
    },
    "answer": "б)",
    "topic_id": 17,
    "analog_ids": []
}