{
    "gia_type": "ege",
    "subject": "math",
    "id": 503130,
    "condition": {
        "text": "Биссектриса угла ADC параллелограмма ABCD пересекает прямую AB в точке E. В треугольник ADE вписана окружность, касающаяся стороны AE в точке K и стороны AD в точке T.а)  Докажите, что прямые KT и DE параллельны. б)  Найдите угол BAD, если известно, что AD = 8 и KT = 4.",
        "html": "<div align=\"justify\" width=\"100%\" id=\"body639910\" class=\"pbody\"><p class=\"left_margin\">Бис­сек­три­са угла <i>ADC</i> па­рал­ле­ло­грам­ма <i>ABCD</i> пе­ре­се­ка­ет пря­мую <i>AB</i> в точке <i>E</i>. В тре­уголь­ник <i>ADE</i> впи­са­на окруж­ность, ка­са­ю­ща­я­ся сто­ро­ны <i>AE</i> в точке <i>K</i> и сто­ро­ны <i>AD</i> в точке <i>T</i>.</p><p class=\"left_margin\">а)  До­ка­жи­те, что пря­мые <i>KT</i> и <i>DE</i> па­рал­лель­ны. </p><p class=\"left_margin\">б)  Най­ди­те угол <i>BAD</i>, если из­вест­но, что <i>AD</i> = 8 и <i>KT</i> = 4.</p></div>",
        "image_urls": []
    },
    "solution": {
        "text": "Решение. а)  Прямые AE и CD параллельны, a DE  — биссектриса угла ADC, поэтому ∠AED = ∠CDE = ∠ADE. Значит, треугольник ADE равнобедренный, AD  =  АЕ. Отрезки АK и AT касательных, проведённых к окружности из точки A, равны, значит, треугольник ATK также равнобедренный, причём угол при вершине A у этих треугольников общий. Поэтому ∠ATK = ∠ADE. Следовательно, KT || DE. б)  Пусть окружность касается основания DE равнобедренного треугольника ADE в точке М. Тогда M  — середина DE. Обозначим DM  =  x. Тогда DT  =  DM  =  x, AT  =  AD − DT  =  8 − x. Треугольник ATK подобен треугольнику ADE, поэтому  или  Отсюда находим, что x  =  4. Тогда DE  =  2х  =  8, значит, треугольник ADE равносторонний. Следовательно, ∠BAD = ∠EAD  =  60°. Ответ: 60°.",
        "html": "<div align=\"justify\" width=\"100%\" id=\"sol503130\" class=\"solution\" style=\"clear:both;\" class=\"pbody\"><p class=\"left_margin\"></p><b>Ре­ше­ние<!--rule_info-->. </b><p class=\"left_margin\"><img src=\"/get_file?id=150085\" style=\"float:right;margin:10px;max-width:100%\"></p><p class=\"left_margin\">а)  Пря­мые <i>AE</i> и <i>CD</i> па­рал­лель­ны, a <i>DE</i>  — бис­сек­три­са угла <i>ADC</i>, по­это­му ∠<i>AED</i> = ∠<i>CDE</i> = ∠<i>ADE</i>. Зна­чит, тре­уголь­ник <i>ADE</i> рав­но­бед­рен­ный, <i>AD</i>  =  <i>АЕ</i>. От­рез­ки <i>АK</i> и <i>AT</i> ка­са­тель­ных, про­ведённых к окруж­но­сти из точки <i>A</i>, равны, зна­чит, тре­уголь­ник <i>ATK</i> также рав­но­бед­рен­ный, причём угол при вер­ши­не <i>A</i> у этих тре­уголь­ни­ков общий. По­это­му ∠<i>ATK</i> = ∠<i>ADE</i>. Сле­до­ва­тель­но, <i>KT</i> || <i>DE</i>. </p><p class=\"left_margin\">б)  Пусть окруж­ность ка­са­ет­ся ос­но­ва­ния <i>DE</i> рав­но­бед­рен­но­го тре­уголь­ни­ка <i>ADE</i> в точке <i>М</i>. Тогда <i>M</i>  — се­ре­ди­на <i>DE</i>. Обо­зна­чим <i>DM</i>  =  <i>x</i>. Тогда <i>DT</i>  =  <i>DM</i>  =  <i>x</i>, <i>AT</i>  =  <i>AD</i> − <i>DT</i>  =  8 − <i>x</i>. Тре­уголь­ник <i>ATK</i> по­до­бен тре­уголь­ни­ку <i>ADE</i>, по­это­му <img src=\"https://ege.sdamgia.ru/formula/svg/b8/b86eb799d124e82473ecf5770229ad6e.svg\" class=\"tex\" style=\"vertical-align:-8.3pt\" alt=\" дробь: чис­ли­тель: AT, зна­ме­на­тель: AD конец дроби = дробь: чис­ли­тель: TK, зна­ме­на­тель: DE конец дроби , \"> или <img src=\"https://ege.sdamgia.ru/formula/svg/32/32a6a375f3cf5d079d2f98ce05143f46.svg\" class=\"tex\" style=\"vertical-align:-8.5pt\" alt=\" дробь: чис­ли­тель: 8 минус x, зна­ме­на­тель: 8 конец дроби = дробь: чис­ли­тель: 4, зна­ме­на­тель: 2x конец дроби . \"> <img src=\"/get_file?id=150086\" style=\"float:right;margin:10px;max-width:100%\">От­сю­да на­хо­дим, что <i>x</i>  =  4. Тогда <i>DE</i>  =  2<i>х</i>  =  8, зна­чит, тре­уголь­ник <i>ADE</i> рав­но­сто­рон­ний. Сле­до­ва­тель­но, ∠<i>BAD</i> = ∠<i>EAD</i>  =  60°.</p><p>&nbsp;</p><p><span style=\"letter-spacing:2px \">Ответ</span>: 60°.</p></div>",
        "image_urls": [
            "https://ege.sdamgia.ru/formula/svg/b8/b86eb799d124e82473ecf5770229ad6e.svg",
            "https://ege.sdamgia.ru/formula/svg/32/32a6a375f3cf5d079d2f98ce05143f46.svg",
            "/get_file?id=150085",
            "/get_file?id=150086"
        ]
    },
    "answer": "",
    "topic_id": 17,
    "analog_ids": [
        503002,
        511381
    ]
}