{
    "gia_type": "ege",
    "subject": "math",
    "id": 514719,
    "condition": {
        "text": "Отрезок, соединяющий середины M и N оснований BC и AD соответственно трапеции ABCD, разбивает её на две трапеции, в каждую из которых можно вписать окружность.а)  Докажите, что трапеция ABCD равнобедренная.б)  Известно, что радиус этих окружностей равен 3, а меньшее основание BC исходной трапеции равно 10. Найдите радиус окружности, касающейся боковой стороны AB, основания AN трапеции ABMN и вписанной в неё окружности.",
        "html": "<div align=\"justify\" width=\"100%\" id=\"body636003\" class=\"pbody\"><p class=\"left_margin\">От­ре­зок, со­еди­ня­ю­щий се­ре­ди­ны <i>M</i> и <i>N</i> ос­но­ва­ний <i>BC</i> и <i>AD</i> со­от­вет­ствен­но тра­пе­ции <i>ABCD</i>, раз­би­ва­ет её на две тра­пе­ции, в каж­дую из ко­то­рых можно впи­сать окруж­ность.</p><p class=\"left_margin\">а)  До­ка­жи­те, что тра­пе­ция <i>ABCD</i> рав­но­бед­рен­ная.</p><p class=\"left_margin\">б)  Из­вест­но, что ра­ди­ус этих окруж­но­стей равен 3, а мень­шее ос­но­ва­ние <i>BC</i> ис­ход­ной тра­пе­ции равно 10. Най­ди­те ра­ди­ус окруж­но­сти, ка­са­ю­щей­ся бо­ко­вой сто­ро­ны <i>AB</i>, ос­но­ва­ния <i>AN</i> тра­пе­ции <i>ABMN</i> и впи­сан­ной в неё окруж­но­сти.</p></div>",
        "image_urls": []
    },
    "solution": {
        "text": "Решение. а)  Из описанности трапеций следует, что  и  Поскольку  и  получаем что б)  Очевидно, при этих условиях отрезок MN является высотой трапеции и имеет длину 6.  Пусть AN = t, тогда из описанности трапеции BMNA, следует,  откуда  Опуская высоту BK, получим  откуда  Решая это уравнение, получаем  и Обозначим O  — центр окружности, вписанной в BMNA, центр второй окружности  —  их проекции на сторону AB за T и  соответственно, радиус второй окружности обозначим r. Тогда   — трапеция, в которой    Опустим из O перпендикуляры OL и OH на BM и MN соответственно.  Тогда OLMH  — квадрат со стороной 3, поэтому  а  Из подобия треугольников ATO и  находим тогда, что  и Теперь, опустим перпендикуляр  на OT. Тогда   получаем уравнение:Из двух корней подходит только меньший, поскольку  Ответ:  ",
        "html": "<div align=\"justify\" width=\"100%\" id=\"sol514719\" class=\"solution\" style=\"clear:both;\" class=\"pbody\"><p class=\"left_margin\"></p><b>Ре­ше­ние<!--rule_info-->. </b><p class=\"left_margin\">а)  Из опи­сан­но­сти тра­пе­ций сле­ду­ет, что <img src=\"https://ege.sdamgia.ru/formula/svg/99/99806e6984860dec2463fd97f8219048.svg\" class=\"tex\" style=\"vertical-align:-1.8pt\" alt=\"BM плюс AN=AB плюс MN\"> и <img src=\"https://ege.sdamgia.ru/formula/svg/3b/3baa38dd3a005c584a71959717a6a6bd.svg\" class=\"tex\" style=\"vertical-align:-1.8pt\" alt=\"MC плюс ND=CD плюс MN.\"> По­сколь­ку <img src=\"https://ege.sdamgia.ru/formula/svg/ec/ec1dc0b835f25dd6fea5b692bae04d14.svg\" class=\"tex\" style=\"vertical-align:-1.8pt\" alt=\"BM=MC\"> и <img src=\"https://ege.sdamgia.ru/formula/svg/e7/e7bb969455923aa64208b1a188a6acc8.svg\" class=\"tex\" style=\"vertical-align:-3.0pt\" alt=\"AN=ND,\"> по­лу­ча­ем что <img src=\"https://ege.sdamgia.ru/formula/svg/4a/4aba43550616c6043d30b978beda40be.svg\" class=\"tex\" style=\"vertical-align:-1.8pt\" alt=\"AB=CD.\"><img src=\"/get_file?id=150080\" style=\"margin:10px auto;display:block;max-width:100%\"></p><p class=\"left_margin\">б)  Оче­вид­но, при этих усло­ви­ях от­ре­зок <i>MN</i> яв­ля­ет­ся вы­со­той тра­пе­ции и имеет длину 6.  Пусть <i>AN = t</i>, тогда из опи­сан­но­сти тра­пе­ции <i>BMNA,</i> сле­ду­ет, <img src=\"https://ege.sdamgia.ru/formula/svg/99/9903d5a3cfe05937cee39ad88fc5022e.svg\" class=\"tex\" style=\"vertical-align:-3.0pt\" alt=\"AB плюс 6=t плюс 5,\"> от­ку­да <img src=\"https://ege.sdamgia.ru/formula/svg/e5/e5aeb12fb87b8ce73325f3c7baf2e9ec.svg\" class=\"tex\" style=\"vertical-align:-1.8pt\" alt=\"AB=t минус 1.\"> Опус­кая вы­со­ту <i>BK</i>, по­лу­чим <img src=\"https://ege.sdamgia.ru/formula/svg/61/61cf7e7c3b147a364feee42d897ec64d.svg\" class=\"tex\" style=\"vertical-align:-3.0pt\" alt=\"BK в квад­ра­те плюс KA в квад­ра­те =BA в квад­ра­те ,\"> от­ку­да <img src=\"https://ege.sdamgia.ru/formula/svg/dc/dc270d69289a67834d85ee211b98b731.svg\" class=\"tex\" style=\"vertical-align:-3.6pt\" alt=\" левая круг­лая скоб­ка t минус 5 пра­вая круг­лая скоб­ка в квад­ра­те плюс 36= левая круг­лая скоб­ка t минус 1 пра­вая круг­лая скоб­ка в квад­ра­те .\"> Решая это урав­не­ние, по­лу­ча­ем <img src=\"https://ege.sdamgia.ru/formula/svg/66/66343eb463e103ec62ef6f81c39626e0.svg\" class=\"tex\" style=\"vertical-align:-3.0pt\" alt=\"t=7,5\"> и <img src=\"https://ege.sdamgia.ru/formula/svg/5d/5d5ba2a96132c085d752b23c39bcfb68.svg\" class=\"tex\" style=\"vertical-align:-3.0pt\" alt=\"AB=6,5.\"></p><p class=\"left_margin\">Обо­зна­чим <i>O</i>  — центр окруж­но­сти, впи­сан­ной в <i>BMNA</i>, центр вто­рой окруж­но­сти  — <img src=\"https://ege.sdamgia.ru/formula/svg/1e/1ec6d5a276cf991f701744f94eaa34b1.svg\" class=\"tex\" style=\"vertical-align:-3.0pt\" alt=\"O_1,\"> их про­ек­ции на сто­ро­ну <i>AB</i> за <i>T</i> и <img src=\"https://ege.sdamgia.ru/formula/svg/24/2452fee413f58bb9509e88d80d4b9f8d.svg\" class=\"tex\" style=\"vertical-align:-2.5pt\" alt=\"T_1\"> со­от­вет­ствен­но, ра­ди­ус вто­рой окруж­но­сти обо­зна­чим <i>r</i>. Тогда <img src=\"https://ege.sdamgia.ru/formula/svg/47/474436006ecc06e86ea446b127da3f3b.svg\" class=\"tex\" style=\"vertical-align:-2.5pt\" alt=\"TOO_1T_1\">  — тра­пе­ция, в ко­то­рой <img src=\"https://ege.sdamgia.ru/formula/svg/15/152f32b93cbf0667336dcc47869d6c0b.svg\" class=\"tex\" style=\"vertical-align:-3.0pt\" alt=\"TO=3,\"> <img src=\"https://ege.sdamgia.ru/formula/svg/c5/c5281906d75770be8f14bb5ded0fabaa.svg\" class=\"tex\" style=\"vertical-align:-3.0pt\" alt=\"T_1O_1=r,\"> <img src=\"https://ege.sdamgia.ru/formula/svg/44/446b88028772d4045ec1bffad005e943.svg\" class=\"tex\" style=\"vertical-align:-2.5pt\" alt=\"OO_1=3 плюс r.\"> </p><p class=\"left_margin\">Опу­стим из <i>O</i> пер­пен­ди­ку­ля­ры <i>OL</i> и <i>OH</i> на <i>BM</i> и <i>MN</i> со­от­вет­ствен­но.  Тогда <i>OLMH</i>  — квад­рат со сто­ро­ной 3, по­это­му <img src=\"https://ege.sdamgia.ru/formula/svg/e2/e2aed3549948a99dfd98cf087befd9da.svg\" class=\"tex\" style=\"vertical-align:-3.0pt\" alt=\"BL=BT=5 минус 3=2,\"> а <img src=\"https://ege.sdamgia.ru/formula/svg/c8/c8857ca86e0f9274aa42d3bff5807d54.svg\" class=\"tex\" style=\"vertical-align:-3.0pt\" alt=\"AT=4,5.\"> Из по­до­бия тре­уголь­ни­ков <i>ATO</i> и <img src=\"https://ege.sdamgia.ru/formula/svg/2d/2d3c7bac46e331447bf46f6b4b8c7569.svg\" class=\"tex\" style=\"vertical-align:-2.5pt\" alt=\"AT_1O_1\"> на­хо­дим тогда, что <img src=\"https://ege.sdamgia.ru/formula/svg/61/61161b068c11e926b29756b9b5943cbd.svg\" class=\"tex\" style=\"vertical-align:-3.0pt\" alt=\"AT_1=1,5r\"> и <img src=\"https://ege.sdamgia.ru/formula/svg/d4/d42db49c012426d024a0cab6e36aeda9.svg\" class=\"tex\" style=\"vertical-align:-3.0pt\" alt=\"TT_1=4,5 минус 1,5r.\"></p><p class=\"left_margin\">Те­перь, опу­стим пер­пен­ди­ку­ляр <img src=\"https://ege.sdamgia.ru/formula/svg/86/86d2a9f2aaa4ad96a311c4db802b835a.svg\" class=\"tex\" style=\"vertical-align:-2.5pt\" alt=\"O_1G\"> на <i>OT</i>. Тогда <img src=\"https://ege.sdamgia.ru/formula/svg/0d/0dfb3a56312a6461bb996a26efa9f6c7.svg\" class=\"tex\" style=\"vertical-align:-3.0pt\" alt=\"OG=3 минус r,\"> <img src=\"https://ege.sdamgia.ru/formula/svg/cb/cbe2a83fc749f60e14793210aa6dff08.svg\" class=\"tex\" style=\"vertical-align:-3.0pt\" alt=\"O_1G=T_1T=4,5 минус 1,5r,\"> по­лу­ча­ем урав­не­ние:</p><p class=\"left_margin\"></p><center><p><span data-width=\"640\" data-formulahash=\"4cdd0d85e224f959096793a095ad32ce\" class=\"tex-span\" style=\"\"><img src=\"https://ege.sdamgia.ru/formula/svg/a3/a3498e718e5426831a4b26e4c9b8888f.svg\" class=\"tex\" style=\"vertical-align:-3.6pt\" alt=\" левая круг­лая скоб­ка 4,5 минус 1,5r пра­вая круг­лая скоб­ка в квад­ра­те плюс левая круг­лая скоб­ка 3 минус r пра­вая круг­лая скоб­ка в квад­ра­те = левая круг­лая скоб­ка r плюс 3 пра­вая круг­лая скоб­ка в квад­ра­те рав­но­силь­но левая круг­лая скоб­ка 9 минус 3r пра­вая круг­лая скоб­ка в квад­ра­те плюс левая круг­лая скоб­ка 6 минус 2r пра­вая круг­лая скоб­ка в квад­ра­те = левая круг­лая скоб­ка 2r плюс 6 пра­вая круг­лая скоб­ка в квад­ра­те рав­но­силь­но \"><br><img src=\"https://ege.sdamgia.ru/formula/svg/02/0256d5f7701daece02fae01a478f0c2c.svg\" class=\"tex\" style=\"vertical-align:-8.6pt\" alt=\" рав­но­силь­но 3r в квад­ра­те минус 34r плюс 27=0 рав­но­силь­но r= дробь: чис­ли­тель: 17\\pm ко­рень из: на­ча­ло ар­гу­мен­та: 208 конец ар­гу­мен­та , зна­ме­на­тель: 3 конец дроби . \"></span><span data-width=\"440\" data-formulahash=\"4cdd0d85e224f959096793a095ad32ce\" class=\"tex-span\" style=\"display:none\"><img src=\"https://ege.sdamgia.ru/formula/svg/43/430e4afbe7aefebc103fbabd9311a0ab.svg\" class=\"tex\" style=\"vertical-align:-3.6pt\" alt=\" левая круг­лая скоб­ка 4,5 минус 1,5r пра­вая круг­лая скоб­ка в квад­ра­те плюс левая круг­лая скоб­ка 3 минус r пра­вая круг­лая скоб­ка в квад­ра­те = левая круг­лая скоб­ка r плюс 3 пра­вая круг­лая скоб­ка в квад­ра­те рав­но­силь­но \"><br><img src=\"https://ege.sdamgia.ru/formula/svg/f5/f5ae4151b71151ab5b7fc46d6270e630.svg\" class=\"tex\" style=\"vertical-align:-3.6pt\" alt=\" рав­но­силь­но левая круг­лая скоб­ка 9 минус 3r пра­вая круг­лая скоб­ка в квад­ра­те плюс левая круг­лая скоб­ка 6 минус 2r пра­вая круг­лая скоб­ка в квад­ра­те = левая круг­лая скоб­ка 2r плюс 6 пра­вая круг­лая скоб­ка в квад­ра­те рав­но­силь­но \"><br><img src=\"https://ege.sdamgia.ru/formula/svg/02/0256d5f7701daece02fae01a478f0c2c.svg\" class=\"tex\" style=\"vertical-align:-8.6pt\" alt=\" рав­но­силь­но 3r в квад­ра­те минус 34r плюс 27=0 рав­но­силь­но r= дробь: чис­ли­тель: 17\\pm ко­рень из: на­ча­ло ар­гу­мен­та: 208 конец ар­гу­мен­та , зна­ме­на­тель: 3 конец дроби . \"></span></p><p class=\"left_margin\"></p></center><p class=\"left_margin\">Из двух кор­ней под­хо­дит толь­ко мень­ший, по­сколь­ку <img src=\"https://ege.sdamgia.ru/formula/svg/20/20f54e2ac712c855d2755d2d654035d5.svg\" class=\"tex\" style=\"vertical-align:-1.8pt\" alt=\"r мень­ше 3.\"></p><p>&nbsp;</p><p><span style=\"letter-spacing: 2px;\">Ответ:</span>  <img src=\"https://ege.sdamgia.ru/formula/svg/14/148abd0d3049dc2611b004bd09789aa0.svg\" class=\"tex\" style=\"vertical-align:-8.6pt\" alt=\"r= дробь: чис­ли­тель: 17 минус ко­рень из: на­ча­ло ар­гу­мен­та: 208 конец ар­гу­мен­та , зна­ме­на­тель: 3 конец дроби . \"></p></div>",
        "image_urls": [
            "https://ege.sdamgia.ru/formula/svg/99/99806e6984860dec2463fd97f8219048.svg",
            "https://ege.sdamgia.ru/formula/svg/3b/3baa38dd3a005c584a71959717a6a6bd.svg",
            "https://ege.sdamgia.ru/formula/svg/ec/ec1dc0b835f25dd6fea5b692bae04d14.svg",
            "https://ege.sdamgia.ru/formula/svg/e7/e7bb969455923aa64208b1a188a6acc8.svg",
            "https://ege.sdamgia.ru/formula/svg/4a/4aba43550616c6043d30b978beda40be.svg",
            "https://ege.sdamgia.ru/formula/svg/99/9903d5a3cfe05937cee39ad88fc5022e.svg",
            "https://ege.sdamgia.ru/formula/svg/e5/e5aeb12fb87b8ce73325f3c7baf2e9ec.svg",
            "https://ege.sdamgia.ru/formula/svg/61/61cf7e7c3b147a364feee42d897ec64d.svg",
            "https://ege.sdamgia.ru/formula/svg/dc/dc270d69289a67834d85ee211b98b731.svg",
            "https://ege.sdamgia.ru/formula/svg/66/66343eb463e103ec62ef6f81c39626e0.svg",
            "https://ege.sdamgia.ru/formula/svg/5d/5d5ba2a96132c085d752b23c39bcfb68.svg",
            "https://ege.sdamgia.ru/formula/svg/1e/1ec6d5a276cf991f701744f94eaa34b1.svg",
            "https://ege.sdamgia.ru/formula/svg/24/2452fee413f58bb9509e88d80d4b9f8d.svg",
            "https://ege.sdamgia.ru/formula/svg/47/474436006ecc06e86ea446b127da3f3b.svg",
            "https://ege.sdamgia.ru/formula/svg/15/152f32b93cbf0667336dcc47869d6c0b.svg",
            "https://ege.sdamgia.ru/formula/svg/c5/c5281906d75770be8f14bb5ded0fabaa.svg",
            "https://ege.sdamgia.ru/formula/svg/44/446b88028772d4045ec1bffad005e943.svg",
            "https://ege.sdamgia.ru/formula/svg/e2/e2aed3549948a99dfd98cf087befd9da.svg",
            "https://ege.sdamgia.ru/formula/svg/c8/c8857ca86e0f9274aa42d3bff5807d54.svg",
            "https://ege.sdamgia.ru/formula/svg/2d/2d3c7bac46e331447bf46f6b4b8c7569.svg",
            "https://ege.sdamgia.ru/formula/svg/61/61161b068c11e926b29756b9b5943cbd.svg",
            "https://ege.sdamgia.ru/formula/svg/d4/d42db49c012426d024a0cab6e36aeda9.svg",
            "https://ege.sdamgia.ru/formula/svg/86/86d2a9f2aaa4ad96a311c4db802b835a.svg",
            "https://ege.sdamgia.ru/formula/svg/0d/0dfb3a56312a6461bb996a26efa9f6c7.svg",
            "https://ege.sdamgia.ru/formula/svg/cb/cbe2a83fc749f60e14793210aa6dff08.svg",
            "https://ege.sdamgia.ru/formula/svg/a3/a3498e718e5426831a4b26e4c9b8888f.svg",
            "https://ege.sdamgia.ru/formula/svg/02/0256d5f7701daece02fae01a478f0c2c.svg",
            "https://ege.sdamgia.ru/formula/svg/43/430e4afbe7aefebc103fbabd9311a0ab.svg",
            "https://ege.sdamgia.ru/formula/svg/f5/f5ae4151b71151ab5b7fc46d6270e630.svg",
            "https://ege.sdamgia.ru/formula/svg/02/0256d5f7701daece02fae01a478f0c2c.svg",
            "https://ege.sdamgia.ru/formula/svg/20/20f54e2ac712c855d2755d2d654035d5.svg",
            "https://ege.sdamgia.ru/formula/svg/14/148abd0d3049dc2611b004bd09789aa0.svg",
            "/get_file?id=150080"
        ]
    },
    "answer": "",
    "topic_id": 17,
    "analog_ids": [
        513267,
        562178
    ]
}