{
    "gia_type": "ege",
    "subject": "math",
    "id": 517758,
    "condition": {
        "text": "В трапецию ABCD с основаниями AD и BC вписана окружность с центром O.а)  Докажите, что б)  Найдите площадь трапеции, если  а основания равны 5 и 7.",
        "html": "<div align=\"justify\" width=\"100%\" id=\"body624770\" class=\"pbody\"><p class=\"left_margin\">В тра­пе­цию <i>ABCD</i> с ос­но­ва­ни­я­ми <i>AD</i> и <i>BC</i> впи­са­на окруж­ность с цен­тром <i>O</i>.</p><p class=\"left_margin\">а)  До­ка­жи­те, что <img src=\"https://ege.sdamgia.ru/formula/svg/c3/c303fcfa5d97bec05d9de07e09be4f54.svg\" class=\"tex\" style=\"vertical-align:-1.8pt\" alt=\" синус \\angle AOD= синус \\angle BOC.\"></p><p class=\"left_margin\">б)  Най­ди­те пло­щадь тра­пе­ции, если <img src=\"https://ege.sdamgia.ru/formula/svg/bc/bc6836252f4f913c84351e40310e7658.svg\" class=\"tex\" style=\"vertical-align:-3.0pt\" alt=\"\\angle BAD=90 гра­ду­сов,\"> а ос­но­ва­ния равны 5 и 7.</p></div>",
        "image_urls": [
            "https://ege.sdamgia.ru/formula/svg/c3/c303fcfa5d97bec05d9de07e09be4f54.svg",
            "https://ege.sdamgia.ru/formula/svg/bc/bc6836252f4f913c84351e40310e7658.svg"
        ]
    },
    "solution": {
        "text": "Решение. а)  Центр окружности, вписанной в угол, лежит на биссектрисе угла, поэтому AO и BO  — биссектрисы углов BAD и ABC. Сумма этих углов равна  поэтому сумма углов BAO и ABO равна  Аналогично,  Тогда ## Следовательно, б)  Окружность радиуса R, вписанная в прямоугольную трапецию ABCD, касается ее сторон AB, BC, CD и AD в точках  соответственно. Тогда AKON и BKOL  — квадраты, поэтому   Значит,  Биссектрисы углов трапеции, прилежащих к боковой стороне, пересекаются под прямым углом, поэтому треугольник COD прямоугольный. Отрезок   — высота этого прямоугольного треугольника, проведенная из вершины прямого угла, поэтому  то есть  Откуда находим, что  Следовательно, площадь трапеции равнаОтвет: б) 35. Приведем решение, основанное на идее Олега Бражника из Саратова.Пусть ВС  — меньшее основание трапеции, и положим AB  =  х. Проведем высоту СК, заметим, что   Трапеция описана вокруг окружности, поэтому  Следовательно,  Применим теорему Пифагора к треугольнику CKD: Тогда ",
        "html": "<div align=\"justify\" width=\"100%\" id=\"sol517758\" class=\"solution\" style=\"clear:both;\" class=\"pbody\"><p class=\"left_margin\"></p><b>Ре­ше­ние<!--rule_info-->. </b><p class=\"left_margin\"><img src=\"/get_file?id=150106\" style=\"float:right;margin:10px;max-width:100%\"></p><p class=\"left_margin\">а)  Центр окруж­но­сти, впи­сан­ной в угол, лежит на бис­сек­три­се угла, по­это­му <i>AO</i> и <i>BO</i>  — бис­сек­три­сы углов <i>BAD</i> и <i>ABC</i>. Сумма этих углов равна <img src=\"https://ege.sdamgia.ru/formula/svg/4f/4f73aff4ecdc0a00a516850bd538cf02.svg\" class=\"tex\" style=\"vertical-align:-3.0pt\" alt=\"180 гра­ду­сов,\"> по­это­му сумма углов <i>BAO</i> и <i>ABO</i> равна <img src=\"https://ege.sdamgia.ru/formula/svg/ed/ed616683ebe476bf630d62f5c15973f6.svg\" class=\"tex\" style=\"vertical-align:-1.8pt\" alt=\"90 гра­ду­сов.\"> Ана­ло­гич­но, <img src=\"https://ege.sdamgia.ru/formula/svg/64/6492ebb5e0f7e3bb23a59973b97129e1.svg\" class=\"tex\" style=\"vertical-align:-1.8pt\" alt=\"\\angle COD=90 гра­ду­сов.\"> Тогда ##</p><center><p><img src=\"https://ege.sdamgia.ru/formula/svg/59/59720d3d32fb48754cd591450c407dc8.svg\" class=\"tex\" style=\"vertical-align:-3.6pt\" alt=\"\\angle AOD плюс \\angle BOC=360 гра­ду­сов минус левая круг­лая скоб­ка \\angle AOB плюс \\angle COD пра­вая круг­лая скоб­ка =180 гра­ду­сов.\"></p><p class=\"left_margin\"></p></center><p> Сле­до­ва­тель­но, <img src=\"https://ege.sdamgia.ru/formula/svg/31/31bb8a2e9c438f93a330722fe95fcd06.svg\" class=\"tex\" style=\"vertical-align:-3.6pt\" alt=\" синус \\angle AOD= синус левая круг­лая скоб­ка 180 гра­ду­сов минус \\angle BOC пра­вая круг­лая скоб­ка = синус \\angle BOC.\"></p><p class=\"left_margin\">б)  Окруж­ность ра­ди­у­са <i>R</i>, впи­сан­ная в пря­мо­уголь­ную тра­пе­цию <i>ABCD</i>, ка­са­ет­ся ее сто­рон <i>AB</i>, <i>BC</i>, <i>CD</i> и <i>AD</i> в точ­ках <img src=\"https://ege.sdamgia.ru/formula/svg/c4/c414072df9e1528ab362d2a3e9a6d7cd.svg\" class=\"tex\" style=\"vertical-align:-3.0pt\" alt=\"K,L,MиN\"> со­от­вет­ствен­но. Тогда <i>AKON</i> и <i>BKOL</i>  — квад­ра­ты, по­это­му <img src=\"https://ege.sdamgia.ru/formula/svg/ac/accd8b6fb1fa9f026cd072a6690b597a.svg\" class=\"tex\" style=\"vertical-align:-3.0pt\" alt=\"BL=OL=R,\"> <img src=\"https://ege.sdamgia.ru/formula/svg/e2/e29a0f610879caab3c3562f305812f98.svg\" class=\"tex\" style=\"vertical-align:-1.8pt\" alt=\"AN=ON=R.\"> Зна­чит, </p><p class=\"left_margin\"></p><center><p><img src=\"https://ege.sdamgia.ru/formula/svg/e0/e01b4b88858e11db57573d949382b8b2.svg\" class=\"tex\" style=\"vertical-align:-3.0pt\" alt=\"CM=CL=BC минус BL=5 минус R,\"> <img src=\"https://ege.sdamgia.ru/formula/svg/3c/3c962508aa65db18c41e3faf609883b2.svg\" class=\"tex\" style=\"vertical-align:-1.8pt\" alt=\"DM=DN=AD минус AN=7 минус R.\"></p><p class=\"left_margin\"></p></center><p><img src=\"/get_file?id=150105\" style=\"float:right;margin:10px;max-width:100%\"></p><p class=\"left_margin\">Бис­сек­три­сы углов тра­пе­ции, при­ле­жа­щих к бо­ко­вой сто­ро­не, пе­ре­се­ка­ют­ся под пря­мым углом, по­это­му тре­уголь­ник <i>COD</i> пря­мо­уголь­ный. От­ре­зок <img src=\"https://ege.sdamgia.ru/formula/svg/b5/b5ed00bfae4ed6defef2b3b2413f9dfc.svg\" class=\"tex\" style=\"vertical-align:-1.8pt\" alt=\"OM=R\">  — вы­со­та этого пря­мо­уголь­но­го тре­уголь­ни­ка, про­ве­ден­ная из вер­ши­ны пря­мо­го угла, по­это­му <img src=\"https://ege.sdamgia.ru/formula/svg/04/042a410f08a8bb96d8ed3ec2c710142c.svg\" class=\"tex\" style=\"vertical-align:-3.0pt\" alt=\"OM в квад­ра­те =CM умно­жить на DM,\"> то есть <img src=\"https://ege.sdamgia.ru/formula/svg/4a/4a5909656d50781868b3e4ea3abf6d14.svg\" class=\"tex\" style=\"vertical-align:-3.6pt\" alt=\"R в квад­ра­те = левая круг­лая скоб­ка 5 минус R пра­вая круг­лая скоб­ка левая круг­лая скоб­ка 7 минус R пра­вая круг­лая скоб­ка .\"> От­ку­да на­хо­дим, что <img src=\"https://ege.sdamgia.ru/formula/svg/b5/b5494d61add3325a86be6d95642ea82f.svg\" class=\"tex\" style=\"vertical-align:-8.3pt\" alt=\"R= дробь: чис­ли­тель: 35, зна­ме­на­тель: 12 конец дроби . \"> Сле­до­ва­тель­но, пло­щадь тра­пе­ции равна</p><p class=\"left_margin\"></p><center><p><img src=\"https://ege.sdamgia.ru/formula/svg/67/67214a1cf8fde676a90bc22c2dde3092.svg\" class=\"tex\" style=\"vertical-align:-8.4pt\" alt=\"S_ABCD= дробь: чис­ли­тель: 1, зна­ме­на­тель: 2 конец дроби левая круг­лая скоб­ка AD плюс BC пра­вая круг­лая скоб­ка умно­жить на 2R=35.\"></p><p class=\"left_margin\"></p></center><p><span style=\"letter-spacing: 2px;\">Ответ:</span> б) 35.</p><p>&nbsp;</p><p><img src=\"/get_file?id=150107\" style=\"float:right;margin:10px;max-width:100%\"></p><p><b>При­ве­дем ре­ше­ние, ос­но­ван­ное на идее Олега Браж­ни­ка из Са­ра­то­ва.</b></p><p class=\"left_margin\">Пусть <i>ВС</i>  — мень­шее ос­но­ва­ние тра­пе­ции, и по­ло­жим <i>AB</i>  =  <i>х</i>. Про­ве­дем вы­со­ту <i>СК</i>, за­ме­тим, что <img src=\"https://ege.sdamgia.ru/formula/svg/2f/2f2eeec1f15c6584e4969afdf69375a2.svg\" class=\"tex\" style=\"vertical-align:-3.0pt\" alt=\"CK=AB=x,\"> <img src=\"https://ege.sdamgia.ru/formula/svg/c2/c2ded7f3b8237010e626321f8a18def2.svg\" class=\"tex\" style=\"vertical-align:-1.8pt\" alt=\"KD = AD минус BC = 2.\"> Тра­пе­ция опи­са­на во­круг окруж­но­сти, по­это­му <img src=\"https://ege.sdamgia.ru/formula/svg/cd/cd79fc8ae3dec40ec8c402cecdf423ae.svg\" class=\"tex\" style=\"vertical-align:-1.8pt\" alt=\"CD плюс AB = BC плюс AD = 12.\"> Сле­до­ва­тель­но, <img src=\"https://ege.sdamgia.ru/formula/svg/1c/1ce456955e88a62b0fcef064282a9572.svg\" class=\"tex\" style=\"vertical-align:-1.8pt\" alt=\"CD= 12 минус AB = 12 минус x.\"> При­ме­ним тео­ре­му Пи­фа­го­ра к тре­уголь­ни­ку <i>CKD</i>: </p><p class=\"left_margin\"></p><center><p><img src=\"https://ege.sdamgia.ru/formula/svg/1e/1e276d16bbc66be147ef6db3ca56d869.svg\" class=\"tex\" style=\"vertical-align:-8.5pt\" alt=\" CD в квад­ра­те = CK в квад­ра­те плюс KD в квад­ра­те рав­но­силь­но левая круг­лая скоб­ка 12 минус x пра­вая круг­лая скоб­ка в квад­ра­те = x в квад­ра­те плюс 4 рав­но­силь­но 144 минус 24x = 4 рав­но­силь­но x = дробь: чис­ли­тель: 35, зна­ме­на­тель: 6 конец дроби .\"></p><p class=\"left_margin\"></p></center><p class=\"left_margin\">Тогда </p><p class=\"left_margin\"></p><center><p><img src=\"https://ege.sdamgia.ru/formula/svg/68/6865c5eee01c497cb36db61d1b6a9ed9.svg\" class=\"tex\" style=\"vertical-align:-8.4pt\" alt=\"S_ABCD= дробь: чис­ли­тель: BC плюс AD, зна­ме­на­тель: 2 конец дроби CK = дробь: чис­ли­тель: 5 плюс 7, зна­ме­на­тель: 2 конец дроби умно­жить на дробь: чис­ли­тель: 35, зна­ме­на­тель: 6 конец дроби = 35.\"></p><p class=\"left_margin\"></p></center></div>",
        "image_urls": [
            "https://ege.sdamgia.ru/formula/svg/4f/4f73aff4ecdc0a00a516850bd538cf02.svg",
            "https://ege.sdamgia.ru/formula/svg/ed/ed616683ebe476bf630d62f5c15973f6.svg",
            "https://ege.sdamgia.ru/formula/svg/64/6492ebb5e0f7e3bb23a59973b97129e1.svg",
            "https://ege.sdamgia.ru/formula/svg/59/59720d3d32fb48754cd591450c407dc8.svg",
            "https://ege.sdamgia.ru/formula/svg/31/31bb8a2e9c438f93a330722fe95fcd06.svg",
            "https://ege.sdamgia.ru/formula/svg/c4/c414072df9e1528ab362d2a3e9a6d7cd.svg",
            "https://ege.sdamgia.ru/formula/svg/ac/accd8b6fb1fa9f026cd072a6690b597a.svg",
            "https://ege.sdamgia.ru/formula/svg/e2/e29a0f610879caab3c3562f305812f98.svg",
            "https://ege.sdamgia.ru/formula/svg/e0/e01b4b88858e11db57573d949382b8b2.svg",
            "https://ege.sdamgia.ru/formula/svg/3c/3c962508aa65db18c41e3faf609883b2.svg",
            "https://ege.sdamgia.ru/formula/svg/b5/b5ed00bfae4ed6defef2b3b2413f9dfc.svg",
            "https://ege.sdamgia.ru/formula/svg/04/042a410f08a8bb96d8ed3ec2c710142c.svg",
            "https://ege.sdamgia.ru/formula/svg/4a/4a5909656d50781868b3e4ea3abf6d14.svg",
            "https://ege.sdamgia.ru/formula/svg/b5/b5494d61add3325a86be6d95642ea82f.svg",
            "https://ege.sdamgia.ru/formula/svg/67/67214a1cf8fde676a90bc22c2dde3092.svg",
            "https://ege.sdamgia.ru/formula/svg/2f/2f2eeec1f15c6584e4969afdf69375a2.svg",
            "https://ege.sdamgia.ru/formula/svg/c2/c2ded7f3b8237010e626321f8a18def2.svg",
            "https://ege.sdamgia.ru/formula/svg/cd/cd79fc8ae3dec40ec8c402cecdf423ae.svg",
            "https://ege.sdamgia.ru/formula/svg/1c/1ce456955e88a62b0fcef064282a9572.svg",
            "https://ege.sdamgia.ru/formula/svg/1e/1e276d16bbc66be147ef6db3ca56d869.svg",
            "https://ege.sdamgia.ru/formula/svg/68/6865c5eee01c497cb36db61d1b6a9ed9.svg",
            "/get_file?id=150106",
            "/get_file?id=150105",
            "/get_file?id=150107"
        ]
    },
    "answer": "б) 35.",
    "topic_id": 17,
    "analog_ids": []
}