{
    "gia_type": "ege",
    "subject": "math",
    "id": 517741,
    "condition": {
        "text": "Окружность, вписанная в трапецию ABCD, касается ее боковых сторон AB и CD в точках M и N соответственно. Известно, что AM  =  8MB и DN  =  2CN.а)  Докажите, что AD  =  4BC.б)  Найдите длину отрезка MN, если радиус окружности равен ",
        "html": "<div align=\"justify\" width=\"100%\" id=\"body624785\" class=\"pbody\"><p class=\"left_margin\">Окруж­ность, впи­сан­ная в тра­пе­цию <i>ABCD</i>, ка­са­ет­ся ее бо­ко­вых сто­рон <i>AB</i> и <i>CD</i> в точ­ках <i>M</i> и <i>N</i> со­от­вет­ствен­но. Из­вест­но, что <i>AM</i>  =  8<i>MB</i> и <i>DN</i>  =  2<i>CN</i>.</p><p class=\"left_margin\">а)  До­ка­жи­те, что <i>AD</i>  =  4<i>BC</i>.</p><p class=\"left_margin\">б)  Най­ди­те длину от­рез­ка <i>MN</i>, если ра­ди­ус окруж­но­сти равен <img src=\"https://ege.sdamgia.ru/formula/svg/36/36b8e06eec32ea7d7a9bbbfc5295b2d6.svg\" class=\"tex\" style=\"vertical-align:-1.8pt\" alt=\" ко­рень из: на­ча­ло ар­гу­мен­та: 6 конец ар­гу­мен­та .\"></p></div>",
        "image_urls": [
            "https://ege.sdamgia.ru/formula/svg/36/36b8e06eec32ea7d7a9bbbfc5295b2d6.svg"
        ]
    },
    "solution": {
        "text": "Решение. а)  Пусть окружность касается оснований BC и AD в точках K и L соответственно, а ее центр находится в точке O.Лучи AO и BO являются биссектрисами углов BAD и ABC соответственно, поэтому то есть треугольник AOB прямоугольный. Аналогично, треугольник COD тоже прямоугольный. Пусть BM  =  x, CN  =  y, тогда AM  =  8x, DN  =  2y.откуда y  =  2x. Получаем: BK  =  BM  =  x, AL  =  AM  =  8x, CK  =  CN  =  2x, DL  =  DN  =  4x, BC  =  BK + KC  =  3x, AD  =  AL + LD  =  12x, то есть AD  =  4BC.б)  Заметим, что  поэтому Пусть прямые AB и CD пересекаются в точке P, а прямые MN и PO пересекаются в точке Q. Тогда треугольники BPC и APD подобны, поэтому AP  =  4BP, AB  =  3BP, BP  =  3x, PN  =  PM  =  4x. Прямая PO является серединным перпендикуляром к MN. В прямоугольном треугольнике OMP получаем:Значит,  Ответ: б) 4. Приведем другое решение пункта а)Пусть окружность касается оснований BC и AD в точках K и L соответственно, ее центр находится в точке O, а BM  =  x, CN  =  y, тогда AM  =  8x, DN  =  2y. Поскольку точки M, K, N и L  — точки касания,    и   Опустим высоты BH и CQ: тогда по теореме Пифагора   Поскольку  имеем  откуда Таким образом, BC  =  BK + KC  =  3x, AD  =  AL + LD  =  12x, то есть AD  =  4BC.",
        "html": "<div align=\"justify\" width=\"100%\" id=\"sol517741\" class=\"solution\" style=\"clear:both;\" class=\"pbody\"><p class=\"left_margin\"></p><b>Ре­ше­ние<!--rule_info-->. </b><p class=\"left_margin\"><img src=\"/get_file?id=148582\" style=\"float:right;margin:10px;max-width:100%\"></p><p class=\"left_margin\">а)  Пусть окруж­ность ка­са­ет­ся ос­но­ва­ний <i>BC</i> и <i>AD</i> в точ­ках <i>K</i> и <i>L</i> со­от­вет­ствен­но, а ее центр на­хо­дит­ся в точке <i>O</i>.</p><p class=\"left_margin\">Лучи <i>AO</i> и <i>BO</i> яв­ля­ют­ся бис­сек­три­са­ми углов <i>BAD</i> и <i>ABC</i> со­от­вет­ствен­но, по­это­му </p><p class=\"left_margin\"></p><center><p><img src=\"https://ege.sdamgia.ru/formula/svg/da/dad71d80a540f074005d15b243d9ec90.svg\" class=\"tex\" style=\"vertical-align:-8.3pt\" alt=\"\\angleBAO плюс \\angleABO= дробь: чис­ли­тель: \\angleBAD плюс \\angleABC, зна­ме­на­тель: 2 конец дроби =90 гра­ду­сов, \"></p><p class=\"left_margin\"></p></center><p>то есть тре­уголь­ник <i>AOB</i> пря­мо­уголь­ный. Ана­ло­гич­но, тре­уголь­ник <i>COD</i> тоже пря­мо­уголь­ный. Пусть <i>BM</i>  =  <i>x</i>, <i>CN</i>  =  <i>y</i>, тогда <i>AM</i>  =  8<i>x</i>, <i>DN</i>  =  2<i>y</i>.</p><p class=\"left_margin\"></p><center><p><img src=\"https://ege.sdamgia.ru/formula/svg/22/224efbc3f8d393ee6db73d7aeb4ac807.svg\" class=\"tex\" style=\"vertical-align:-3.1pt\" alt=\"MO= ко­рень из: на­ча­ло ар­гу­мен­та: AM умно­жить на MB конец ар­гу­мен­та =2 ко­рень из 2 умно­жить на x=NO= ко­рень из: на­ча­ло ар­гу­мен­та: CN умно­жить на ND конец ар­гу­мен­та = ко­рень из: на­ча­ло ар­гу­мен­та: 2 конец ар­гу­мен­та умно­жить на y,\"></p><p class=\"left_margin\"></p></center><p>от­ку­да <i>y</i>  =  2<i>x</i>. По­лу­ча­ем: <i>BK</i>  =  <i>BM</i>  =  <i>x</i>, <i>AL</i>  =  <i>AM</i>  =  8<i>x</i>, <i>CK</i>  =  <i>CN</i>  =  2<i>x</i>, <i>DL</i>  =  <i>DN</i>  =  4<i>x</i>, <i>BC</i>  =  <i>BK</i> + <i>KC</i>  =  3<i>x</i>, <i>AD</i>  =  <i>AL</i> + <i>LD</i>  =  12<i>x</i>, то есть <i>AD</i>  =  4<i>BC</i>.</p><p class=\"left_margin\">б)  За­ме­тим, что <img src=\"https://ege.sdamgia.ru/formula/svg/a0/a0945e68e40971d731229c529beb9863.svg\" class=\"tex\" style=\"vertical-align:-3.0pt\" alt=\"OM=2 ко­рень из: на­ча­ло ар­гу­мен­та: 2 конец ар­гу­мен­та умно­жить на x= ко­рень из: на­ча­ло ар­гу­мен­та: 6 конец ар­гу­мен­та ,\"> по­это­му <img src=\"https://ege.sdamgia.ru/formula/svg/e4/e434a916466c6340538b80f11c50f7af.svg\" class=\"tex\" style=\"vertical-align:-8.5pt\" alt=\"x= дробь: чис­ли­тель: ко­рень из: на­ча­ло ар­гу­мен­та: 3 конец ар­гу­мен­та , зна­ме­на­тель: 2 конец дроби . \"></p><p class=\"left_margin\">Пусть пря­мые <i>AB</i> и <i>CD</i> пе­ре­се­ка­ют­ся в точке <i>P</i>, а пря­мые <i>MN</i> и <i>PO</i> пе­ре­се­ка­ют­ся в точке <i>Q</i>. Тогда тре­уголь­ни­ки <i>BPC</i> и <i>APD</i> по­доб­ны, по­это­му <i>AP</i>  =  4<i>BP</i>, <i>AB</i>  =  3<i>BP</i>, <i>BP</i>  =  3<i>x</i>, <i>PN</i>  =  <i>PM</i>  =  4<i>x</i>. Пря­мая <i>PO</i> яв­ля­ет­ся се­ре­дин­ным пер­пен­ди­ку­ля­ром к <i>MN</i>. В пря­мо­уголь­ном тре­уголь­ни­ке <i>OMP</i> по­лу­ча­ем:</p><p class=\"left_margin\"></p><center><p><img src=\"https://ege.sdamgia.ru/formula/svg/75/754d658d1365b1843bbc58980bfc142b.svg\" class=\"tex\" style=\"vertical-align:-8.6pt\" alt=\"OP= ко­рень из: на­ча­ло ар­гу­мен­та: OM в квад­ра­те плюс MP в квад­ра­те конец ар­гу­мен­та =2 ко­рень из: на­ча­ло ар­гу­мен­та: 6 конец ар­гу­мен­та умно­жить на x, MQ= дробь: чис­ли­тель: MP умно­жить на MO, зна­ме­на­тель: PO конец дроби = дробь: чис­ли­тель: 4 ко­рень из: на­ча­ло ар­гу­мен­та: 3 конец ар­гу­мен­та , зна­ме­на­тель: 3 конец дроби умно­жить на x. \"></p><p class=\"left_margin\"></p></center><p class=\"left_margin\">Зна­чит, <img src=\"https://ege.sdamgia.ru/formula/svg/b7/b7318943466461555042638d5e9fe5a2.svg\" class=\"tex\" style=\"vertical-align:-8.6pt\" alt=\"MN=2MQ= дробь: чис­ли­тель: 8 ко­рень из 3 , зна­ме­на­тель: 3 конец дроби умно­жить на x=4. \"></p><p>&nbsp;</p><p><span style=\"letter-spacing: 2px;\">Ответ:</span> б) 4.</p><p>&nbsp;</p><p><b>При­ве­дем дру­гое ре­ше­ние пунк­та а)</b></p><p><img src=\"/get_file?id=148581\" style=\"float:right;margin:10px;max-width:100%\"></p><p class=\"left_margin\">Пусть окруж­ность ка­са­ет­ся ос­но­ва­ний <i>BC</i> и <i>AD</i> в точ­ках <i>K</i> и <i>L</i> со­от­вет­ствен­но, ее центр на­хо­дит­ся в точке <i>O</i>, а <i>BM</i>  =  <i>x</i>, <i>CN</i>  =  <i>y</i>, тогда <i>AM</i>  =  8<i>x</i>, <i>DN</i>  =  2<i>y</i>. По­сколь­ку точки <i>M</i>, <i>K</i>, <i>N</i> и <i>L</i>  — точки ка­са­ния, <img src=\"https://ege.sdamgia.ru/formula/svg/4f/4f6ecbc6618ee17793ed41ad38d3f19b.svg\" class=\"tex\" style=\"vertical-align:-3.0pt\" alt=\"MB = BK = x,\"> <img src=\"https://ege.sdamgia.ru/formula/svg/4a/4aee669103157ab269371b2987d0e457.svg\" class=\"tex\" style=\"vertical-align:-3.0pt\" alt=\"KC = CN = y,\"> <img src=\"https://ege.sdamgia.ru/formula/svg/42/42e1e31e7aa9cbc9a3817413fb50fe36.svg\" class=\"tex\" style=\"vertical-align:-3.0pt\" alt=\"LD = DN = 2y\"> и  <img src=\"https://ege.sdamgia.ru/formula/svg/f8/f837d0362a2687e76eee65f1ba32cb91.svg\" class=\"tex\" style=\"vertical-align:-1.8pt\" alt=\"AM = AL = 8x.\"> Опу­стим вы­со­ты <i>BH</i> и <i>CQ</i>:</p><p class=\"left_margin\"></p><center><p><img src=\"https://ege.sdamgia.ru/formula/svg/f2/f20669853e030cca6995681d6df79e17.svg\" class=\"tex\" style=\"vertical-align:-3.0pt\" alt=\"AH=AL минус BK=7x,\"> <img src=\"https://ege.sdamgia.ru/formula/svg/14/14e5d397f7276d92e7efaaf1b422f73c.svg\" class=\"tex\" style=\"vertical-align:-3.0pt\" alt=\"QD=LD минус KC=y,\"></p><p class=\"left_margin\"></p></center><p>тогда по тео­ре­ме Пи­фа­го­ра <img src=\"https://ege.sdamgia.ru/formula/svg/7e/7e8eed65beac3f765e17fc3c802b3e94.svg\" class=\"tex\" style=\"vertical-align:-3.0pt\" alt=\"BH= ко­рень из: на­ча­ло ар­гу­мен­та: AB в квад­ра­те минус AH в квад­ра­те конец ар­гу­мен­та = ко­рень из: на­ча­ло ар­гу­мен­та: 32 конец ар­гу­мен­та x,\"> <img src=\"https://ege.sdamgia.ru/formula/svg/1b/1b935fea35f3a87b5e86efa899abfaad.svg\" class=\"tex\" style=\"vertical-align:-3.1pt\" alt=\"CQ= ко­рень из: на­ча­ло ар­гу­мен­та: CD в квад­ра­те минус QD в квад­ра­те конец ар­гу­мен­та = ко­рень из 8 y.\"> По­сколь­ку <img src=\"https://ege.sdamgia.ru/formula/svg/fe/fe25aad934b8ca54fe951f6da26393ba.svg\" class=\"tex\" style=\"vertical-align:-3.0pt\" alt=\"BH=CQ,\"> имеем <img src=\"https://ege.sdamgia.ru/formula/svg/a5/a5f80f9d553048e306640dc4f95053e9.svg\" class=\"tex\" style=\"vertical-align:-3.1pt\" alt=\" ко­рень из: на­ча­ло ар­гу­мен­та: 32 конец ар­гу­мен­та x= ко­рень из 8 y,\"> от­ку­да <img src=\"https://ege.sdamgia.ru/formula/svg/1d/1dbf2d78661bc2f32ac390021c5b8b73.svg\" class=\"tex\" style=\"vertical-align:-3.0pt\" alt=\"y=2x.\"></p><p class=\"left_margin\">Таким об­ра­зом, <i>BC</i>  =  <i>BK</i> + <i>KC</i>  =  3<i>x</i>, <i>AD</i>  =  <i>AL</i> + <i>LD</i>  =  12<i>x</i>, то есть <i>AD</i>  =  4<i>BC</i>.</p></div>",
        "image_urls": [
            "https://ege.sdamgia.ru/formula/svg/da/dad71d80a540f074005d15b243d9ec90.svg",
            "https://ege.sdamgia.ru/formula/svg/22/224efbc3f8d393ee6db73d7aeb4ac807.svg",
            "https://ege.sdamgia.ru/formula/svg/a0/a0945e68e40971d731229c529beb9863.svg",
            "https://ege.sdamgia.ru/formula/svg/e4/e434a916466c6340538b80f11c50f7af.svg",
            "https://ege.sdamgia.ru/formula/svg/75/754d658d1365b1843bbc58980bfc142b.svg",
            "https://ege.sdamgia.ru/formula/svg/b7/b7318943466461555042638d5e9fe5a2.svg",
            "https://ege.sdamgia.ru/formula/svg/4f/4f6ecbc6618ee17793ed41ad38d3f19b.svg",
            "https://ege.sdamgia.ru/formula/svg/4a/4aee669103157ab269371b2987d0e457.svg",
            "https://ege.sdamgia.ru/formula/svg/42/42e1e31e7aa9cbc9a3817413fb50fe36.svg",
            "https://ege.sdamgia.ru/formula/svg/f8/f837d0362a2687e76eee65f1ba32cb91.svg",
            "https://ege.sdamgia.ru/formula/svg/f2/f20669853e030cca6995681d6df79e17.svg",
            "https://ege.sdamgia.ru/formula/svg/14/14e5d397f7276d92e7efaaf1b422f73c.svg",
            "https://ege.sdamgia.ru/formula/svg/7e/7e8eed65beac3f765e17fc3c802b3e94.svg",
            "https://ege.sdamgia.ru/formula/svg/1b/1b935fea35f3a87b5e86efa899abfaad.svg",
            "https://ege.sdamgia.ru/formula/svg/fe/fe25aad934b8ca54fe951f6da26393ba.svg",
            "https://ege.sdamgia.ru/formula/svg/a5/a5f80f9d553048e306640dc4f95053e9.svg",
            "https://ege.sdamgia.ru/formula/svg/1d/1dbf2d78661bc2f32ac390021c5b8b73.svg",
            "/get_file?id=148582",
            "/get_file?id=148581"
        ]
    },
    "answer": "б) 4.",
    "topic_id": 17,
    "analog_ids": [
        517741,
        517751
    ]
}