{
    "gia_type": "ege",
    "subject": "math",
    "id": 518116,
    "condition": {
        "text": "В прямоугольную трапецию ABCD с прямым углом при вершине A и острым углом при вершине D вписана окружность с центром O. Прямая DO пересекает сторону AB в точке M, а прямая CO пересекает сторону AD в точке K.а)  Докажите, что б)  Найдите площадь треугольника AOM, если  и ",
        "html": "<div align=\"justify\" width=\"100%\" id=\"body624920\" class=\"pbody\"><p class=\"left_margin\">В пря­мо­уголь­ную тра­пе­цию <i>ABCD</i> с пря­мым углом при вер­ши­не <i>A</i> и ост­рым углом при вер­ши­не <i>D</i> впи­са­на окруж­ность с цен­тром <i>O</i>. Пря­мая <i>DO</i> пе­ре­се­ка­ет сто­ро­ну <i>AB</i> в точке <i>M</i>, а пря­мая <i>CO</i> пе­ре­се­ка­ет сто­ро­ну <i>AD</i> в точке <i>K</i>.</p><p class=\"left_margin\">а)  До­ка­жи­те, что <img src=\"https://ege.sdamgia.ru/formula/svg/15/151a1d10326ac17c5da6e55206e97051.svg\" class=\"tex\" style=\"vertical-align:-1.8pt\" alt=\"\\angle AMO = \\angle DKO.\"></p><p class=\"left_margin\">б)  Най­ди­те пло­щадь тре­уголь­ни­ка <i>AOM</i>, если <img src=\"https://ege.sdamgia.ru/formula/svg/80/80793ad7f49788cbf2d60ba3a70caa40.svg\" class=\"tex\" style=\"vertical-align:-1.8pt\" alt=\"BC=10\"> и <img src=\"https://ege.sdamgia.ru/formula/svg/99/9984832245d29a578ac76a15c8d185a7.svg\" class=\"tex\" style=\"vertical-align:-1.8pt\" alt=\"AD=15.\"></p></div>",
        "image_urls": [
            "https://ege.sdamgia.ru/formula/svg/15/151a1d10326ac17c5da6e55206e97051.svg",
            "https://ege.sdamgia.ru/formula/svg/80/80793ad7f49788cbf2d60ba3a70caa40.svg",
            "https://ege.sdamgia.ru/formula/svg/99/9984832245d29a578ac76a15c8d185a7.svg"
        ]
    },
    "solution": {
        "text": "Решение. а)  Лучи CO и DO являются биссектрисами углов BCD и ADC соответственно, поэтому то есть прямые CO и DO перпендикулярны.Получаем б)  Лучи  AO и BO являются биссектрисами прямым углов BAD и ABC соответственно, поэтому треугольник AOB равнобедренный прямоугольный. Значит,   Поскольку прямые CO и DO перпендикулярны, получаем:Следовательно, треугольники AOM и BOC равны и нужно найти площадь одного из них.Пусть окружность касается сторон AB, BC, CD и AD в точках E, F, G и H соответственно, а её радиус равен r. Тогда  В прямоугольном треугольнике COD имеем: откуда  Значит,  Ответ: б) 30.",
        "html": "<div align=\"justify\" width=\"100%\" id=\"sol518116\" class=\"solution\" style=\"clear:both;\" class=\"pbody\"><p class=\"left_margin\"></p><b>Ре­ше­ние<!--rule_info-->. </b><p class=\"left_margin\"><img src=\"/get_file?id=150109\" style=\"float:right;margin:10px;max-width:100%\"></p><p class=\"left_margin\">а)  Лучи <i>CO</i> и <i>DO</i> яв­ля­ют­ся бис­сек­три­са­ми углов <i>BCD</i> и <i>ADC</i> со­от­вет­ствен­но, по­это­му </p><p class=\"left_margin\"></p><center><p><img src=\"https://ege.sdamgia.ru/formula/svg/15/1594a54644ca7a8af5285014cd2748b7.svg\" class=\"tex\" style=\"vertical-align:-8.3pt\" alt=\"\\angleDCO плюс \\angleCDO= дробь: чис­ли­тель: \\angleBCD плюс \\angleADC, зна­ме­на­тель: 2 конец дроби =90 гра­ду­сов, \"></p><p class=\"left_margin\"></p></center><p>то есть пря­мые <i>CO</i> и <i>DO</i> пер­пен­ди­ку­ляр­ны.</p><p class=\"left_margin\">По­лу­ча­ем </p><p class=\"left_margin\"></p><center><p><img src=\"https://ege.sdamgia.ru/formula/svg/36/36b99bf5360f9ddb01e456bb01d24e07.svg\" class=\"tex\" style=\"vertical-align:-1.8pt\" alt=\"\\angleAMO=90 гра­ду­сов минус \\angleADM=90 гра­ду­сов минус \\angleKDO=\\angleDKO.\"></p><p class=\"left_margin\"></p></center><p class=\"left_margin\">б)  Лучи  <i>AO</i> и <i>BO</i> яв­ля­ют­ся бис­сек­три­са­ми пря­мым углов <i>BAD</i> и <i>ABC</i> со­от­вет­ствен­но, по­это­му тре­уголь­ник <i>AOB</i> рав­но­бед­рен­ный пря­мо­уголь­ный. Зна­чит, <img src=\"https://ege.sdamgia.ru/formula/svg/85/85e56713174b117e3b92bc49edb2877e.svg\" class=\"tex\" style=\"vertical-align:-3.0pt\" alt=\"\\angleMAO=\\angleCBO=45 гра­ду­сов,\"> <img src=\"https://ege.sdamgia.ru/formula/svg/03/039e2e4790f224c7478058f9a0e1c89b.svg\" class=\"tex\" style=\"vertical-align:-1.8pt\" alt=\"AO=BO.\"> По­сколь­ку пря­мые <i>CO</i> и <i>DO</i> пер­пен­ди­ку­ляр­ны, по­лу­ча­ем:</p><p class=\"left_margin\"></p><center><p><img src=\"https://ege.sdamgia.ru/formula/svg/4f/4f100be8779e19d68dcc60b4bf637352.svg\" class=\"tex\" style=\"vertical-align:-1.8pt\" alt=\"\\angleBOC=90 гра­ду­сов минус \\angleBOM=\\angleAOM.\"></p><p class=\"left_margin\"></p></center><p class=\"left_margin\">Сле­до­ва­тель­но, тре­уголь­ни­ки <i>AOM</i> и <i>BOC</i> равны и нужно найти пло­щадь од­но­го из них.</p><p class=\"left_margin\">Пусть окруж­ность ка­са­ет­ся сто­рон <i>AB</i>, <i>BC</i>, <i>CD</i> и <i>AD</i> в точ­ках <i>E</i>, <i>F</i>, <i>G</i> и <i>H</i> со­от­вет­ствен­но, а её ра­ди­ус равен <i>r</i>. Тогда</p><p class=\"left_margin\"></p><center><p><img src=\"https://ege.sdamgia.ru/formula/svg/d7/d71d16d23109e02e50d8885e8eb2c9bc.svg\" class=\"tex\" style=\"vertical-align:-2.2pt\" alt=\"AH=AE=BE=BF=r;\"> <img src=\"https://ege.sdamgia.ru/formula/svg/16/162c668109d5ea26c5f66e44eda56118.svg\" class=\"tex\" style=\"vertical-align:-2.2pt\" alt=\"CF=CG=10 минус r;\"> <img src=\"https://ege.sdamgia.ru/formula/svg/7d/7d2256d4ed917be53477d9e1a3e961e1.svg\" class=\"tex\" style=\"vertical-align:-1.8pt\" alt=\"DH=DG=15 минус r.\"></p><p class=\"left_margin\"></p></center><p class=\"left_margin\">В пря­мо­уголь­ном тре­уголь­ни­ке <i>COD</i> имеем:</p><p class=\"left_margin\"></p><center><p><img src=\"https://ege.sdamgia.ru/formula/svg/4a/4a219ba8a6b95765c591f8c36e9c34f6.svg\" class=\"tex\" style=\"vertical-align:-2.3pt\" alt=\"OG в квад­ра­те =CG умно­жить на DG;\"> <img src=\"https://ege.sdamgia.ru/formula/svg/86/86cd5b7d6e7c257d14c2a4e1a81ceaee.svg\" class=\"tex\" style=\"vertical-align:-3.6pt\" alt=\"r в квад­ра­те = левая круг­лая скоб­ка 10 минус r пра­вая круг­лая скоб­ка левая круг­лая скоб­ка 15 минус r пра­вая круг­лая скоб­ка ,\"></p><p class=\"left_margin\"></p></center><p>от­ку­да <img src=\"https://ege.sdamgia.ru/formula/svg/c5/c5bccf0f88772209e5e9c2c39511ff51.svg\" class=\"tex\" style=\"vertical-align:-1.8pt\" alt=\"r=6.\"> Зна­чит, <img src=\"https://ege.sdamgia.ru/formula/svg/92/921e57d3eff026646aba29809b49fd22.svg\" class=\"tex\" style=\"vertical-align:-8.3pt\" alt=\"S_AOM=S_BOC= дробь: чис­ли­тель: BC умно­жить на OF, зна­ме­на­тель: 2 конец дроби =30. \"></p><p>&nbsp;</p><p><span style=\"letter-spacing: 2px;\">Ответ:</span> б) 30.</p></div>",
        "image_urls": [
            "https://ege.sdamgia.ru/formula/svg/15/1594a54644ca7a8af5285014cd2748b7.svg",
            "https://ege.sdamgia.ru/formula/svg/36/36b99bf5360f9ddb01e456bb01d24e07.svg",
            "https://ege.sdamgia.ru/formula/svg/85/85e56713174b117e3b92bc49edb2877e.svg",
            "https://ege.sdamgia.ru/formula/svg/03/039e2e4790f224c7478058f9a0e1c89b.svg",
            "https://ege.sdamgia.ru/formula/svg/4f/4f100be8779e19d68dcc60b4bf637352.svg",
            "https://ege.sdamgia.ru/formula/svg/d7/d71d16d23109e02e50d8885e8eb2c9bc.svg",
            "https://ege.sdamgia.ru/formula/svg/16/162c668109d5ea26c5f66e44eda56118.svg",
            "https://ege.sdamgia.ru/formula/svg/7d/7d2256d4ed917be53477d9e1a3e961e1.svg",
            "https://ege.sdamgia.ru/formula/svg/4a/4a219ba8a6b95765c591f8c36e9c34f6.svg",
            "https://ege.sdamgia.ru/formula/svg/86/86cd5b7d6e7c257d14c2a4e1a81ceaee.svg",
            "https://ege.sdamgia.ru/formula/svg/c5/c5bccf0f88772209e5e9c2c39511ff51.svg",
            "https://ege.sdamgia.ru/formula/svg/92/921e57d3eff026646aba29809b49fd22.svg",
            "/get_file?id=150109"
        ]
    },
    "answer": "б) 30.",
    "topic_id": 17,
    "analog_ids": []
}