{
    "gia_type": "ege",
    "subject": "math",
    "id": 526255,
    "condition": {
        "text": "Около остроугольного треугольника ABC с различными сторонами описали окружность с диаметром BN. Высота BH пересекает эту окружность в точке K. а)  Докажите, что б)  Найдите KN, если   а радиус окружности равен 12.",
        "html": "<div align=\"justify\" width=\"100%\" id=\"body420179\" class=\"pbody\"><p class=\"left_margin\">Около ост­ро­уголь­но­го тре­уголь­ни­ка <i>ABC</i> с раз­лич­ны­ми сто­ро­на­ми опи­са­ли окруж­ность с диа­мет­ром <i>BN</i>. Вы­со­та <i>BH</i> пе­ре­се­ка­ет эту окруж­ность в точке <i>K</i>. </p><p class=\"left_margin\">а)  До­ка­жи­те, что <img src=\"https://ege.sdamgia.ru/formula/svg/cb/cbc08bdb6958becd6c27cdd100cb6437.svg\" class=\"tex\" style=\"vertical-align:-1.8pt\" alt=\"AN=CK.\"></p><p class=\"left_margin\">б)  Най­ди­те <i>KN</i>, если <img src=\"https://ege.sdamgia.ru/formula/svg/53/532b51c627d8e05e693eabe5358da71a.svg\" class=\"tex\" style=\"vertical-align:-3.0pt\" alt=\"\\angle BAC=35 гра­ду­сов,\"> <img src=\"https://ege.sdamgia.ru/formula/svg/ed/ed6c16def910534b19487ba574210f6e.svg\" class=\"tex\" style=\"vertical-align:-3.0pt\" alt=\"\\angle ACB=65 гра­ду­сов,\"> а ра­ди­ус окруж­но­сти равен 12.</p></div>",
        "image_urls": [
            "https://ege.sdamgia.ru/formula/svg/cb/cbc08bdb6958becd6c27cdd100cb6437.svg",
            "https://ege.sdamgia.ru/formula/svg/53/532b51c627d8e05e693eabe5358da71a.svg",
            "https://ege.sdamgia.ru/formula/svg/ed/ed6c16def910534b19487ba574210f6e.svg"
        ]
    },
    "solution": {
        "text": "Решение. a) Равные дуги стягивают равны хорды; вписанные углы, опирающиеся на равные дуги, равны. Поэтому достаточно доказать, что  Пусть угол КВС равен α. Сумма острых углов прямоугольного треугольника BНC равна 90°, поэтому  Центральный угол ВОА в два раза больше вписанного угла ВСА, опирающегося на ту же дугу АВ, поэтому  Наконец, треугольник BОА равнобедренный, поскольку AO  =  OB как радиусы окружности, поэтому каждый из равных углов при его основании АВ равен  Итак,  поэтому  Требуемое доказано.б)  Заметим, что  Тогда: Далее,   как угол, опирающийся на диаметр. Диаметр равен удвоенному радиусу:  Тогда  как катет, лежащий против угла в 30° в прямоугольном треугольнике BKN. Ответ:  Примечание Евгения Обухова (Москва).Пункт а) это известный факт о том, что при изогональном сопряжении ортоцентр переходит в центр описанной окружности.  Примечание Дмитрия Гущина.Ученик, занимающийся в математическом кружке или посещающий факультатив по математике, узнает в задаче стандартную конструкцию: радиус описанной окружности и высоту, проведенные из одной вершины треугольника. Эти отрезки переходят друг в друга при симметрии относительно биссектрисы треугольника, исходящей из той же вершины. Поскольку при такой симметрии стороны угла также переходят в друг друга, угол КВС переходит в угол ABN. Отсюда и следует равенство хорд AN и СК. Прямые, проходящие через вершину угла и симметричные относительно биссектрисы этого угла, называются изогональными. Материалы для занятия со школьниками по данной теме можно взять, например, в статье Д. Прокопенко «Изогональное сопряжение и педальные треугольники».",
        "html": "<div align=\"justify\" width=\"100%\" id=\"sol526255\" class=\"solution\" style=\"clear:both;\" class=\"pbody\"><p class=\"left_margin\"></p><b>Ре­ше­ние<!--rule_info-->. </b><p class=\"left_margin\"><img src=\"/get_file?id=150288\" style=\"float:right;margin:10px;max-width:100%\"></p><p class=\"left_margin\">a) Рав­ные дуги стя­ги­ва­ют равны хорды; впи­сан­ные углы, опи­ра­ю­щи­е­ся на рав­ные дуги, равны. По­это­му до­ста­точ­но до­ка­зать, что <img src=\"https://ege.sdamgia.ru/formula/svg/96/964ed6763d4566e54ebc5eb36b4f1f26.svg\" class=\"tex\" style=\"vertical-align:-1.8pt\" alt=\"\\angle ABN=\\angle KBC.\"> Пусть угол <i>КВС</i> равен α. Сумма ост­рых углов пря­мо­уголь­но­го тре­уголь­ни­ка <i>BНC</i> равна 90°, по­это­му <img src=\"https://ege.sdamgia.ru/formula/svg/24/24c23f04dfafaeed0c49f74b23fdc8c4.svg\" class=\"tex\" style=\"vertical-align:-1.8pt\" alt=\"\\angle BCH= \\angle BCA =90 гра­ду­сов минус альфа .\"> Цен­траль­ный угол <i>ВОА</i> в два раза боль­ше впи­сан­но­го угла <i>ВСА</i>, опи­ра­ю­ще­го­ся на ту же дугу <i>АВ</i>, по­это­му <img src=\"https://ege.sdamgia.ru/formula/svg/89/89879ffe374fc94a2e3efd7a314fc155.svg\" class=\"tex\" style=\"vertical-align:-1.8pt\" alt=\"\\angle BOA= 180 гра­ду­сов минус 2 альфа .\"> На­ко­нец, тре­уголь­ник <i>BОА</i> рав­но­бед­рен­ный, по­сколь­ку <i>AO</i>  =  <i>OB</i> как ра­ди­у­сы окруж­но­сти, по­это­му каж­дый из рав­ных углов при его ос­но­ва­нии <i>АВ</i> равен <img src=\"https://ege.sdamgia.ru/formula/svg/3a/3a034f1f8562d453eb82a4132025f914.svg\" class=\"tex\" style=\"vertical-align:-4.6pt\" alt=\"\\tfrac12 левая круг­лая скоб­ка 180 гра­ду­сов минус левая круг­лая скоб­ка 180 гра­ду­сов минус 2 альфа пра­вая круг­лая скоб­ка пра­вая круг­лая скоб­ка = альфа .\"> Итак, <img src=\"https://ege.sdamgia.ru/formula/svg/71/711f19b1a32e1a4343e0cf05764076b2.svg\" class=\"tex\" style=\"vertical-align:-3.0pt\" alt=\"\\angle ABN= альфа = \\angle KBC,\"> по­это­му <img src=\"https://ege.sdamgia.ru/formula/svg/cb/cbc08bdb6958becd6c27cdd100cb6437.svg\" class=\"tex\" style=\"vertical-align:-1.8pt\" alt=\"AN=CK.\"> Тре­бу­е­мое до­ка­за­но.</p><p class=\"left_margin\">б)  За­ме­тим, что <img src=\"https://ege.sdamgia.ru/formula/svg/88/88e0184ef39ff2ed54e9f63f7fda9592.svg\" class=\"tex\" style=\"vertical-align:-1.8pt\" alt=\"\\angle ABC=80 гра­ду­сов.\"> Тогда: </p><p class=\"left_margin\"></p><center><p><img src=\"https://ege.sdamgia.ru/formula/svg/ee/ee045aab577d5424620bff7c71066d14.svg\" class=\"tex\" style=\"vertical-align:-1.8pt\" alt=\"\\angle NBK=\\angle ABC минус \\angle ABN минус \\angle KBC=80 гра­ду­сов минус 25 гра­ду­сов минус 25 гра­ду­сов=30 гра­ду­сов.\"></p><p class=\"left_margin\"></p></center><p class=\"left_margin\">Далее,  <img src=\"https://ege.sdamgia.ru/formula/svg/80/80a94df3a15e9aa942f571daa7195ba4.svg\" class=\"tex\" style=\"vertical-align:-1.8pt\" alt=\"\\angle NKB=90 гра­ду­сов\"> как угол, опи­ра­ю­щий­ся на диа­метр. Диа­метр равен удво­ен­но­му ра­ди­у­су: <img src=\"https://ege.sdamgia.ru/formula/svg/48/48e3181c77b18569483449efdb637fd8.svg\" class=\"tex\" style=\"vertical-align:-1.8pt\" alt=\"BN=24.\"> Тогда <img src=\"https://ege.sdamgia.ru/formula/svg/84/84fadef26fcd1ee981f47703d3785a1f.svg\" class=\"tex\" style=\"vertical-align:-8.4pt\" alt=\"KN= дробь: чис­ли­тель: 1, зна­ме­на­тель: 2 конец дроби BN=12 \"> как катет, ле­жа­щий про­тив угла в 30° в пря­мо­уголь­ном тре­уголь­ни­ке <i>BKN</i>.</p><p>&nbsp;</p><p><span style=\"letter-spacing: 2px;\">Ответ:</span> <img src=\"https://ege.sdamgia.ru/formula/svg/76/76fde070b319d3b1f25909d6ed937b89.svg\" class=\"tex\" style=\"vertical-align:-1.8pt\" alt=\"12.\"></p><p>&nbsp;</p><p><b>При­ме­ча­ние Ев­ге­ния Обу­хо­ва (Москва).</b></p><p class=\"left_margin\">Пункт а) это из­вест­ный факт о том, что при изо­го­наль­ном со­пря­же­нии ор­то­центр пе­ре­хо­дит в центр опи­сан­ной окруж­но­сти. </p><p>&nbsp;</p><p><b>При­ме­ча­ние Дмит­рия Гу­щи­на.</b></p><p class=\"left_margin\">Уче­ник, за­ни­ма­ю­щий­ся в ма­те­ма­ти­че­ском круж­ке или по­се­ща­ю­щий фа­куль­та­тив по ма­те­ма­ти­ке, узна­ет в за­да­че стан­дарт­ную кон­струк­цию: ра­ди­ус опи­сан­ной окруж­но­сти и вы­со­ту, про­ве­ден­ные из одной вер­ши­ны тре­уголь­ни­ка. Эти от­рез­ки пе­ре­хо­дят друг в друга при сим­мет­рии от­но­си­тель­но бис­сек­три­сы тре­уголь­ни­ка, ис­хо­дя­щей из той же вер­ши­ны. По­сколь­ку при такой сим­мет­рии сто­ро­ны угла также пе­ре­хо­дят в друг друга, угол <i>КВС</i> пе­ре­хо­дит в угол <i>ABN</i>. От­сю­да и сле­ду­ет ра­вен­ство хорд <i>AN</i> и <i>СК</i>. </p><p class=\"left_margin\">Пря­мые, про­хо­дя­щие через вер­ши­ну угла и сим­мет­рич­ные от­но­си­тель­но бис­сек­три­сы этого угла, на­зы­ва­ют­ся изо­го­наль­ны­ми. Ма­те­ри­а­лы для за­ня­тия со школь­ни­ка­ми по дан­ной теме можно взять, на­при­мер, в <a href=\"/get_file?id=40934\" target=\"_blank\">ста­тье</a> Д. Про­ко­пен­ко «Изо­го­наль­ное со­пря­же­ние и пе­даль­ные тре­уголь­ни­ки».</p></div>",
        "image_urls": [
            "https://ege.sdamgia.ru/formula/svg/96/964ed6763d4566e54ebc5eb36b4f1f26.svg",
            "https://ege.sdamgia.ru/formula/svg/24/24c23f04dfafaeed0c49f74b23fdc8c4.svg",
            "https://ege.sdamgia.ru/formula/svg/89/89879ffe374fc94a2e3efd7a314fc155.svg",
            "https://ege.sdamgia.ru/formula/svg/3a/3a034f1f8562d453eb82a4132025f914.svg",
            "https://ege.sdamgia.ru/formula/svg/71/711f19b1a32e1a4343e0cf05764076b2.svg",
            "https://ege.sdamgia.ru/formula/svg/cb/cbc08bdb6958becd6c27cdd100cb6437.svg",
            "https://ege.sdamgia.ru/formula/svg/88/88e0184ef39ff2ed54e9f63f7fda9592.svg",
            "https://ege.sdamgia.ru/formula/svg/ee/ee045aab577d5424620bff7c71066d14.svg",
            "https://ege.sdamgia.ru/formula/svg/80/80a94df3a15e9aa942f571daa7195ba4.svg",
            "https://ege.sdamgia.ru/formula/svg/48/48e3181c77b18569483449efdb637fd8.svg",
            "https://ege.sdamgia.ru/formula/svg/84/84fadef26fcd1ee981f47703d3785a1f.svg",
            "https://ege.sdamgia.ru/formula/svg/76/76fde070b319d3b1f25909d6ed937b89.svg",
            "/get_file?id=150288"
        ]
    },
    "answer": "",
    "topic_id": 17,
    "analog_ids": []
}