{
    "gia_type": "ege",
    "subject": "math",
    "id": 526292,
    "condition": {
        "text": "Точка O  — центр вписанной в треугольник ABC окружности. Прямая OB вторично пересекает описанную около этого треугольника окружность в точке P.а)  Докажите, что б)  Найдите площадь треугольника APC, если радиус описанной около треугольника ABC окружности равен 4, а ",
        "html": "<div align=\"justify\" width=\"100%\" id=\"body420136\" class=\"pbody\"><p class=\"left_margin\">Точка <i>O</i>  — центр впи­сан­ной в тре­уголь­ник <i>ABC</i> окруж­но­сти. Пря­мая <i>OB</i> вто­рич­но пе­ре­се­ка­ет опи­сан­ную около этого тре­уголь­ни­ка окруж­ность в точке <i>P</i>.</p><p class=\"left_margin\">а)  До­ка­жи­те, что <img src=\"https://ege.sdamgia.ru/formula/svg/4c/4cd64757de8fdb62a390d52d61be74f4.svg\" class=\"tex\" style=\"vertical-align:-1.8pt\" alt=\"\\angle POC=\\angle PCO.\"></p><p class=\"left_margin\">б)  Най­ди­те пло­щадь тре­уголь­ни­ка <i>APC</i>, если ра­ди­ус опи­сан­ной около тре­уголь­ни­ка <i>ABC</i> окруж­но­сти равен 4, а <img src=\"https://ege.sdamgia.ru/formula/svg/96/962a78288a12cc728158b08e76cf2db3.svg\" class=\"tex\" style=\"vertical-align:-1.8pt\" alt=\"\\angle ABC = 120 гра­ду­сов.\"></p></div>",
        "image_urls": [
            "https://ege.sdamgia.ru/formula/svg/4c/4cd64757de8fdb62a390d52d61be74f4.svg",
            "https://ege.sdamgia.ru/formula/svg/96/962a78288a12cc728158b08e76cf2db3.svg"
        ]
    },
    "solution": {
        "text": "Решение. а)  Пусть O  — центр вписанной окружности, следовательно, BO и CO − биссектрисы. Обозначим углы :   Тогда   и  (опираются на одну дугу). Имеем:  Но также  как внешний угол. Откуда следует требуемое равенство: б)    Сумма противоположных углов вписанного четырехугольника равна 180o, следовательно,   как хорды, стягивающие равные дуги. Следовательно, треугольник APC  — равносторонний, его площадь равна  По теореме синусов,  Следовательно, искомая площадь  Ответ: б)   Примечание Дмитрия Гущина.Ученик, занимавшийся в математическом кружке, или посещавший факультатив, узнает в этой задаче ЕГЭ−2019 стандартную конструкцию. Напомним (см. Лемму о трезубце), что:1.  Биссектриса угла треугольника делит пополам угол между радиусом описанной окружности и высотой, проведённой из вершины того же угла.2.  Точка пересечения биссектрисы угла треугольника с серединным перпендикуляром к противоположной стороне лежит на описанной окружности данного треугольника. Эта точка равноудалена от центра вписанной окружности, а также двух вершин треугольника и центра вневписанной окружности, противолежащих данному углу треугольника. В нашем случае эта точка  — точка Р, тогда треугольник OPC равнобедренный, что сразу же доказывает пункт а). Пункт б): треугольник APC равнобедренный, и поскольку угол Р в нем равен 60°, то и равносторонний. Ещё несколько задач на этот сюжет можно посмотреть здесь.",
        "html": "<div align=\"justify\" width=\"100%\" id=\"sol526292\" class=\"solution\" style=\"clear:both;\" class=\"pbody\"><p class=\"left_margin\"></p><b>Ре­ше­ние<!--rule_info-->. </b><p class=\"left_margin\"><img src=\"/get_file?id=150289\" style=\"float:right;margin:10px;max-width:100%\"></p><p class=\"left_margin\">а)  Пусть <i>O</i>  — центр впи­сан­ной окруж­но­сти, сле­до­ва­тель­но, <i>BO</i> и <i>CO</i> − бис­сек­три­сы. Обо­зна­чим углы <img src=\"https://ege.sdamgia.ru/formula/svg/0c/0c4bad9b5dcd63cb41fa3c1a1a786909.svg\" class=\"tex\" style=\"vertical-align:-1.8pt\" alt=\"\\Delta ABC\">: <img src=\"https://ege.sdamgia.ru/formula/svg/27/27f097b7c7c8a63a7036ad4ad80dc999.svg\" class=\"tex\" style=\"vertical-align:-3.3pt\" alt=\"\\angle B=2 бета ,\"> <img src=\"https://ege.sdamgia.ru/formula/svg/fe/fe5939fa07a5c441f0335a33a0cdc16b.svg\" class=\"tex\" style=\"vertical-align:-3.3pt\" alt=\"\\angle C=2 гамма .\"> Тогда <img src=\"https://ege.sdamgia.ru/formula/svg/dd/dd8d3d172b30632077f36ddb7dc37767.svg\" class=\"tex\" style=\"vertical-align:-3.3pt\" alt=\"\\angle ABP=\\angle PBC= бета ,\"> <img src=\"https://ege.sdamgia.ru/formula/svg/3d/3d3c2c579fcfc03836ac377f5635286c.svg\" class=\"tex\" style=\"vertical-align:-1.8pt\" alt=\"\\angle ABP=\\angle ACP\"> и <img src=\"https://ege.sdamgia.ru/formula/svg/fd/fdfbde2d3bce9fd6ff1840b06060d454.svg\" class=\"tex\" style=\"vertical-align:-1.8pt\" alt=\"\\angle CBP=\\angle CAP\"> (опи­ра­ют­ся на одну дугу). Имеем: <img src=\"https://ege.sdamgia.ru/formula/svg/f7/f7c77a48eeacb29ea65a956373a5f9ed.svg\" class=\"tex\" style=\"vertical-align:-3.3pt\" alt=\"\\angle OCP= гамма плюс бета .\"> Но также <img src=\"https://ege.sdamgia.ru/formula/svg/31/31405ccf7b419120203798ed87cad8b4.svg\" class=\"tex\" style=\"vertical-align:-3.3pt\" alt=\"\\angle POC= гамма плюс бета ,\"> как внеш­ний угол. От­ку­да сле­ду­ет тре­бу­е­мое ра­вен­ство: <img src=\"https://ege.sdamgia.ru/formula/svg/4c/4cd64757de8fdb62a390d52d61be74f4.svg\" class=\"tex\" style=\"vertical-align:-1.8pt\" alt=\"\\angle POC=\\angle PCO.\"></p><p class=\"left_margin\">б)    Сумма про­ти­во­по­лож­ных углов впи­сан­но­го че­ты­рех­уголь­ни­ка равна 180<sup>o</sup>, сле­до­ва­тель­но, <img src=\"https://ege.sdamgia.ru/formula/svg/97/9755f4a8ced66186a23378645a0ca81e.svg\" class=\"tex\" style=\"vertical-align:-3.0pt\" alt=\"\\angle APC=60 гра­ду­сов,\"> <img src=\"https://ege.sdamgia.ru/formula/svg/4a/4a08bb25b30c15a0a42a3c92a04b55ef.svg\" class=\"tex\" style=\"vertical-align:-3.0pt\" alt=\"AP=PC,\"> как хорды, стя­ги­ва­ю­щие рав­ные дуги. Сле­до­ва­тель­но, тре­уголь­ник <i>APC</i>  — рав­но­сто­рон­ний, его пло­щадь равна <img src=\"https://ege.sdamgia.ru/formula/svg/3f/3f4a04646574fb82d9bbe7fa916c392c.svg\" class=\"tex\" style=\"vertical-align:-8.5pt\" alt=\"S= дробь: чис­ли­тель: AC в квад­ра­те ко­рень из: на­ча­ло ар­гу­мен­та: 3 конец ар­гу­мен­та , зна­ме­на­тель: 4 конец дроби . \"> </p><p class=\"left_margin\">По тео­ре­ме си­ну­сов, <img src=\"https://ege.sdamgia.ru/formula/svg/a3/a3e1b96dfaae70e8a58a666b0461647b.svg\" class=\"tex\" style=\"vertical-align:-8.5pt\" alt=\"AC=2R синус \\widehatABC= 8 умно­жить на дробь: чис­ли­тель: ко­рень из: на­ча­ло ар­гу­мен­та: 3 конец ар­гу­мен­та , зна­ме­на­тель: 2 конец дроби =4 ко­рень из: на­ча­ло ар­гу­мен­та: 3 конец ар­гу­мен­та . \"> Сле­до­ва­тель­но, ис­ко­мая пло­щадь <img src=\"https://ege.sdamgia.ru/formula/svg/79/791ca3f74d0831d95ee5ae165296ef87.svg\" class=\"tex\" style=\"vertical-align:-8.5pt\" alt=\"S = дробь: чис­ли­тель: 48 умно­жить на ко­рень из: на­ча­ло ар­гу­мен­та: 3 конец ар­гу­мен­та , зна­ме­на­тель: 4 конец дроби = 12 ко­рень из: на­ча­ло ар­гу­мен­та: 3 конец ар­гу­мен­та . \"></p><p>&nbsp;</p><p><span style=\"letter-spacing: 2px;\">Ответ: б) </span> <img src=\"https://ege.sdamgia.ru/formula/svg/ea/ea133fe2603bafe0585498a7d5cc86b4.svg\" class=\"tex\" style=\"vertical-align:-1.8pt\" alt=\"12 ко­рень из: на­ча­ло ар­гу­мен­та: 3 конец ар­гу­мен­та .\"></p><p>&nbsp;</p><p><b>При­ме­ча­ние Дмит­рия Гу­щи­на.</b></p><p class=\"left_margin\">Уче­ник, за­ни­мав­ший­ся в ма­те­ма­ти­че­ском круж­ке, или по­се­щав­ший фа­куль­та­тив, узна­ет в этой за­да­че ЕГЭ−2019 стан­дарт­ную кон­струк­цию. На­пом­ним (см. Лемму о тре­зуб­це), что:</p><p class=\"left_margin\">1.  Бис­сек­три­са угла тре­уголь­ни­ка делит по­по­лам угол между ра­ди­у­сом опи­сан­ной окруж­но­сти и вы­со­той, про­ведённой из вер­ши­ны того же угла.</p><p class=\"left_margin\">2.  Точка пе­ре­се­че­ния бис­сек­три­сы угла тре­уголь­ни­ка с се­ре­дин­ным пер­пен­ди­ку­ля­ром к про­ти­во­по­лож­ной сто­ро­не лежит на опи­сан­ной окруж­но­сти дан­но­го тре­уголь­ни­ка. Эта точка рав­но­уда­ле­на от цен­тра впи­сан­ной окруж­но­сти, а также двух вер­шин тре­уголь­ни­ка и цен­тра внев­пи­сан­ной окруж­но­сти, про­ти­во­ле­жа­щих дан­но­му углу тре­уголь­ни­ка.</p><p>&nbsp;</p><p class=\"left_margin\">В нашем слу­чае эта точка  — точка <i>Р</i>, тогда тре­уголь­ник <i>OPC</i> рав­но­бед­рен­ный, что сразу же до­ка­зы­ва­ет пункт а). Пункт б): тре­уголь­ник <i>APC</i> рав­но­бед­рен­ный, и по­сколь­ку угол <i>Р</i> в нем равен 60°, то и рав­но­сто­рон­ний.</p><p>&nbsp;</p><p class=\"left_margin\">Ещё не­сколь­ко задач на этот сюжет можно по­смот­реть <a href=\"/get_file?id=40905\" target=\"_blank&quot;\">здесь</a>.</p></div>",
        "image_urls": [
            "https://ege.sdamgia.ru/formula/svg/0c/0c4bad9b5dcd63cb41fa3c1a1a786909.svg",
            "https://ege.sdamgia.ru/formula/svg/27/27f097b7c7c8a63a7036ad4ad80dc999.svg",
            "https://ege.sdamgia.ru/formula/svg/fe/fe5939fa07a5c441f0335a33a0cdc16b.svg",
            "https://ege.sdamgia.ru/formula/svg/dd/dd8d3d172b30632077f36ddb7dc37767.svg",
            "https://ege.sdamgia.ru/formula/svg/3d/3d3c2c579fcfc03836ac377f5635286c.svg",
            "https://ege.sdamgia.ru/formula/svg/fd/fdfbde2d3bce9fd6ff1840b06060d454.svg",
            "https://ege.sdamgia.ru/formula/svg/f7/f7c77a48eeacb29ea65a956373a5f9ed.svg",
            "https://ege.sdamgia.ru/formula/svg/31/31405ccf7b419120203798ed87cad8b4.svg",
            "https://ege.sdamgia.ru/formula/svg/4c/4cd64757de8fdb62a390d52d61be74f4.svg",
            "https://ege.sdamgia.ru/formula/svg/97/9755f4a8ced66186a23378645a0ca81e.svg",
            "https://ege.sdamgia.ru/formula/svg/4a/4a08bb25b30c15a0a42a3c92a04b55ef.svg",
            "https://ege.sdamgia.ru/formula/svg/3f/3f4a04646574fb82d9bbe7fa916c392c.svg",
            "https://ege.sdamgia.ru/formula/svg/a3/a3e1b96dfaae70e8a58a666b0461647b.svg",
            "https://ege.sdamgia.ru/formula/svg/79/791ca3f74d0831d95ee5ae165296ef87.svg",
            "https://ege.sdamgia.ru/formula/svg/ea/ea133fe2603bafe0585498a7d5cc86b4.svg",
            "/get_file?id=150289"
        ]
    },
    "answer": "б)",
    "topic_id": 17,
    "analog_ids": [
        526292,
        526531
    ]
}