{
    "gia_type": "ege",
    "subject": "math",
    "id": 552513,
    "condition": {
        "text": "В  окружность радиуса   с центром в точке O вписана  трапеция  ABCD. Основание трапеции AD  является диаметром окружности, угол BAD равен 60°. Хорда СЕ пересекает диаметр AD в точке Р такой, что AP : PD  =  1 : 3. а)  Докажите, что точка Р  — cередина отрезка АО. б)  Найдите площадь треугольника BPE.",
        "html": "<div align=\"justify\" width=\"100%\" id=\"body393405\" class=\"pbody\"><p class=\"left_margin\">В  окруж­ность ра­ди­у­са  <img src=\"https://ege.sdamgia.ru/formula/svg/75/75b40b045a877069177a66be80d76df1.svg\" class=\"tex\" style=\"vertical-align:-1.8pt\" alt=\"2 ко­рень из: на­ча­ло ар­гу­мен­та: 7 конец ар­гу­мен­та \"> с цен­тром в точке <i>O</i> впи­са­на  тра­пе­ция  <i>ABCD</i>. Ос­но­ва­ние тра­пе­ции <i>AD</i>  яв­ля­ет­ся диа­мет­ром окруж­но­сти, угол <i>BAD</i> равен 60°. Хорда <i>СЕ</i> пе­ре­се­ка­ет диа­метр <i>AD</i> в точке <i>Р</i> такой, что <i>AP</i> : <i>PD</i>  =  1 : 3. </p><p class=\"left_margin\">а)  До­ка­жи­те, что точка <i>Р</i>  — cере­ди­на от­рез­ка <i>АО</i>. </p><p class=\"left_margin\">б)  Най­ди­те пло­щадь тре­уголь­ни­ка <i>BPE</i>.</p></div>",
        "image_urls": [
            "https://ege.sdamgia.ru/formula/svg/75/75b40b045a877069177a66be80d76df1.svg"
        ]
    },
    "solution": {
        "text": "Решение.  а)  Отрезки AP и PD относятся как 1 к 3. Следовательно, отрезки AP и AD относятся как 1 к 4. Точка O  — середина AD, значит, отрезки AP и AO относятся как 1 к 2. Следовательно, Р  — cередина отрезка АО. б)  Заметим, что треугольник ABO равнобедренный с углом  то есть он является равносторонним. Из пункта а) следует, что точка P  — середина отрезка AO, поэтому отрезок BP  — высота треугольника ABO. Воспользуемся теоремой Пифагора для треугольника ABP: Заметим, что тогда по теореме Пифагора для треугольника PBC: откуда Воспользуемся свойством пропорциональных отрезков в круге: Отсюда   Поэтому, Ответ: б) ",
        "html": "<div align=\"justify\" width=\"100%\" id=\"sol552513\" class=\"solution\" style=\"clear:both;\" class=\"pbody\"><p class=\"left_margin\"></p><b>Ре­ше­ние<!--rule_info-->. </b><p class=\"left_margin\"><img src=\"/get_file?id=150419\" style=\"float:right;margin:10px;max-width:100%\"> а)  От­рез­ки <i>AP</i> и <i>PD</i> от­но­сят­ся как 1 к 3. Сле­до­ва­тель­но, от­рез­ки <i>AP</i> и <i>AD</i> от­но­сят­ся как 1 к 4. Точка <i>O</i>  — се­ре­ди­на <i>AD</i>, зна­чит, от­рез­ки <i>AP</i> и <i>AO</i> от­но­сят­ся как 1 к 2. Сле­до­ва­тель­но, <i>Р</i>  — cере­ди­на от­рез­ка <i>АО</i>. </p><p class=\"left_margin\">б)  За­ме­тим, что тре­уголь­ник <i>ABO</i> рав­но­бед­рен­ный с углом <img src=\"https://ege.sdamgia.ru/formula/svg/ab/ab6ee9453072146c995cfa41da07513e.svg\" class=\"tex\" style=\"vertical-align:-3.0pt\" alt=\"60 в сте­пе­ни левая круг­лая скоб­ка \\circ пра­вая круг­лая скоб­ка ,\"> то есть он яв­ля­ет­ся рав­но­сто­рон­ним. Из пунк­та а) сле­ду­ет, что точка <i>P</i>  — се­ре­ди­на от­рез­ка <i>AO</i>, по­это­му от­ре­зок <i>BP</i>  — вы­со­та тре­уголь­ни­ка <i>ABO</i>. Вос­поль­зу­ем­ся тео­ре­мой Пи­фа­го­ра для тре­уголь­ни­ка <i>ABP:</i></p><p class=\"left_margin\"></p><center><p> <img src=\"https://ege.sdamgia.ru/formula/svg/c7/c76d84860e327ae8381f1860b7cb16c8.svg\" class=\"tex\" style=\"vertical-align:-1.8pt\" alt=\"BP в квад­ра­те =AB в квад­ра­те минус AP в квад­ра­те =28 минус 7=21.\"></p><p class=\"left_margin\"></p></center><p class=\"left_margin\">За­ме­тим, что <img src=\"https://ege.sdamgia.ru/formula/svg/1c/1c0191ef98d322f71b2a87b831ee28d7.svg\" class=\"tex\" style=\"vertical-align:-3.0pt\" alt=\"BC=2PO,\">тогда по тео­ре­ме Пи­фа­го­ра для тре­уголь­ни­ка <i>PBC</i>:</p><p class=\"left_margin\"></p><center><p><img src=\"https://ege.sdamgia.ru/formula/svg/07/070b6c654e236f1eba9a914fa22bb54f.svg\" class=\"tex\" style=\"vertical-align:-3.0pt\" alt=\"PC в квад­ра­те =BC в квад­ра­те плюс BP в квад­ра­те =28 плюс 21=49,\"></p><p class=\"left_margin\"></p></center><p> от­ку­да <img src=\"https://ege.sdamgia.ru/formula/svg/87/87388f024513337cb12edec39fed77ab.svg\" class=\"tex\" style=\"vertical-align:-1.8pt\" alt=\"PC=7.\"></p><p class=\"left_margin\">Вос­поль­зу­ем­ся свой­ством про­пор­ци­о­наль­ных от­рез­ков в круге:</p><p class=\"left_margin\"></p><center><p><img src=\"https://ege.sdamgia.ru/formula/svg/e6/e688cb0006a688b14cac0fb60a746b7b.svg\" class=\"tex\" style=\"vertical-align:-1.8pt\" alt=\"EP умно­жить на PC=AP умно­жить на PD= ко­рень из: на­ча­ло ар­гу­мен­та: 7 конец ар­гу­мен­та умно­жить на 3 ко­рень из: на­ча­ло ар­гу­мен­та: 7 конец ар­гу­мен­та =21.\"></p><p class=\"left_margin\"></p></center><p> От­сю­да <img src=\"https://ege.sdamgia.ru/formula/svg/b6/b63f8e9bfb4df67ff363604def088720.svg\" class=\"tex\" style=\"vertical-align:-3.0pt\" alt=\"EP=3,\"> <img src=\"https://ege.sdamgia.ru/formula/svg/0c/0c808383f10f66f0e30c1bd827f0697e.svg\" class=\"tex\" style=\"vertical-align:-8.5pt\" alt=\" синус \\angle EPB= синус \\angle BPC= дробь: чис­ли­тель: 2 ко­рень из: на­ча­ло ар­гу­мен­та: 7 конец ар­гу­мен­та , зна­ме­на­тель: 7 конец дроби . \"> По­это­му, </p><p class=\"left_margin\"></p><center><p><img src=\"https://ege.sdamgia.ru/formula/svg/e6/e6eda6bec0e1fbaffd8ed70a5c6f7d46.svg\" class=\"tex\" style=\"vertical-align:-8.5pt\" alt=\"S_BPE= дробь: чис­ли­тель: 1, зна­ме­на­тель: 2 конец дроби умно­жить на EP умно­жить на PB умно­жить на синус \\angle EPB= дробь: чис­ли­тель: 1, зна­ме­на­тель: 2 конец дроби умно­жить на 3 умно­жить на ко­рень из: на­ча­ло ар­гу­мен­та: 21 конец ар­гу­мен­та умно­жить на дробь: чис­ли­тель: 2 ко­рень из: на­ча­ло ар­гу­мен­та: 7 конец ар­гу­мен­та , зна­ме­на­тель: 7 конец дроби =3 ко­рень из: на­ча­ло ар­гу­мен­та: 3 конец ар­гу­мен­та . \"></p><p class=\"left_margin\"></p></center><p><span style=\"letter-spacing: 2px;\">Ответ:</span> б) <img src=\"https://ege.sdamgia.ru/formula/svg/9e/9e1ab0705cef94938a8dd5a85c99d7a5.svg\" class=\"tex\" style=\"vertical-align:-1.8pt\" alt=\"3 ко­рень из: на­ча­ло ар­гу­мен­та: 3 конец ар­гу­мен­та .\"></p></div>",
        "image_urls": [
            "https://ege.sdamgia.ru/formula/svg/ab/ab6ee9453072146c995cfa41da07513e.svg",
            "https://ege.sdamgia.ru/formula/svg/c7/c76d84860e327ae8381f1860b7cb16c8.svg",
            "https://ege.sdamgia.ru/formula/svg/1c/1c0191ef98d322f71b2a87b831ee28d7.svg",
            "https://ege.sdamgia.ru/formula/svg/07/070b6c654e236f1eba9a914fa22bb54f.svg",
            "https://ege.sdamgia.ru/formula/svg/87/87388f024513337cb12edec39fed77ab.svg",
            "https://ege.sdamgia.ru/formula/svg/e6/e688cb0006a688b14cac0fb60a746b7b.svg",
            "https://ege.sdamgia.ru/formula/svg/b6/b63f8e9bfb4df67ff363604def088720.svg",
            "https://ege.sdamgia.ru/formula/svg/0c/0c808383f10f66f0e30c1bd827f0697e.svg",
            "https://ege.sdamgia.ru/formula/svg/e6/e6eda6bec0e1fbaffd8ed70a5c6f7d46.svg",
            "https://ege.sdamgia.ru/formula/svg/9e/9e1ab0705cef94938a8dd5a85c99d7a5.svg",
            "/get_file?id=150419"
        ]
    },
    "answer": "б)",
    "topic_id": 17,
    "analog_ids": []
}