{
    "gia_type": "ege",
    "subject": "math",
    "id": 556537,
    "condition": {
        "text": "Дана трапеция KLMN с основаниями KN и LM. Окружности, построенные на боковых сторонах KL и MN как на диаметрах, пересекаются в точках A и B.а)  Докажите, что средняя линия трапеции лежит на серединном перпендикуляре к отрезку AB.б)  Найдите AB, если известно, что боковые стороны трапеции равны 26 и 28, а средняя линия трапеции равна 15.",
        "html": "<div align=\"justify\" width=\"100%\" id=\"body398085\" class=\"pbody\"><p class=\"left_margin\">Дана тра­пе­ция <i>KLMN</i> с ос­но­ва­ни­я­ми <i>KN</i> и <i>LM</i>. Окруж­но­сти, по­стро­ен­ные на бо­ко­вых сто­ро­нах <i>KL</i> и <i>MN</i> как на диа­мет­рах, пе­ре­се­ка­ют­ся в точ­ках <i>A</i> и <i>B</i>.</p><p class=\"left_margin\">а)  До­ка­жи­те, что сред­няя линия тра­пе­ции лежит на се­ре­дин­ном пер­пен­ди­ку­ля­ре к от­рез­ку <i>AB</i>.</p><p class=\"left_margin\">б)  Най­ди­те <i>AB</i>, если из­вест­но, что бо­ко­вые сто­ро­ны тра­пе­ции равны 26 и 28, а сред­няя линия тра­пе­ции равна 15.</p></div>",
        "image_urls": []
    },
    "solution": {
        "text": "Решение. а)  Пусть C и D  — центры окружностей с диаметрами KL и MN соответственно. Тогда C и D  — середины боковых сторон трапеции, значит, CD  — средняя линия трапеции. Линия центров CD пересекающихся окружностей перпендикулярна их общей хорде и делит её пополам, следовательно, CD  — серединный перпендикуляр к отрезку AB.б)  Пусть H  — середина AB. Тогда AH  — высота треугольника CAD со сторонами  Пусть p  — полупериметр треугольника CAD, S  — площадь треугольника. ТогдаЗначит,Следовательно,  Ответ: б) 22,4.",
        "html": "<div align=\"justify\" width=\"100%\" id=\"sol556537\" class=\"solution\" style=\"clear:both;\" class=\"pbody\"><p class=\"left_margin\"></p><b>Ре­ше­ние<!--rule_info-->. </b><p class=\"left_margin\"><img src=\"/get_file?id=150421\" style=\"float:right;margin:10px;max-width:100%\"></p><p class=\"left_margin\">а)  Пусть <i>C</i> и <i>D</i>  — цен­тры окруж­но­стей с диа­мет­ра­ми <i>KL</i> и <i>MN</i> со­от­вет­ствен­но. Тогда <i>C</i> и <i>D</i>  — се­ре­ди­ны бо­ко­вых сто­рон тра­пе­ции, зна­чит, <i>CD</i>  — сред­няя линия тра­пе­ции. Линия цен­тров <i>CD</i> пе­ре­се­ка­ю­щих­ся окруж­но­стей пер­пен­ди­ку­ляр­на их общей хорде и делит её по­по­лам, сле­до­ва­тель­но, <i>CD</i>  — се­ре­дин­ный пер­пен­ди­ку­ляр к от­рез­ку <i>AB</i>.</p><p class=\"left_margin\">б)  Пусть <i>H</i>  — се­ре­ди­на <i>AB</i>. Тогда <i>AH</i>  — вы­со­та тре­уголь­ни­ка <i>CAD</i> со сто­ро­на­ми</p><p class=\"left_margin\"></p><center><p><img src=\"https://ege.sdamgia.ru/formula/svg/e7/e7461f841aa8d89073146f02e40775dc.svg\" class=\"tex\" style=\"vertical-align:-3.0pt\" alt=\"CD=15,\"> <img src=\"https://ege.sdamgia.ru/formula/svg/c7/c73b121b7da3ced0c63d91e1773632f0.svg\" class=\"tex\" style=\"vertical-align:-8.4pt\" alt=\"AC= дробь: чис­ли­тель: 1, зна­ме­на­тель: 2 конец дроби KL=14,\"> <img src=\"https://ege.sdamgia.ru/formula/svg/c1/c15210b0a63a83d93d6dba92087487f0.svg\" class=\"tex\" style=\"vertical-align:-8.4pt\" alt=\"AD= дробь: чис­ли­тель: 1, зна­ме­на­тель: 2 конец дроби MN=13.\"></p><p class=\"left_margin\"></p></center><p class=\"left_margin\">Пусть <i>p</i>  — по­лу­пе­ри­метр тре­уголь­ни­ка <i>CAD</i>, <i>S</i>  — пло­щадь тре­уголь­ни­ка. Тогда</p><p class=\"left_margin\"></p><center><p><img src=\"https://ege.sdamgia.ru/formula/svg/18/1826334014d8f463df2d4df3ab58a13f.svg\" class=\"tex\" style=\"vertical-align:-8.3pt\" alt=\"p= дробь: чис­ли­тель: 13 плюс 14 плюс 15, зна­ме­на­тель: 2 конец дроби =21, \"></p><p><img src=\"https://ege.sdamgia.ru/formula/svg/77/7732afd6f52e5bf8e8c25fe68a223b83.svg\" class=\"tex\" style=\"vertical-align:-3.6pt\" alt=\"S= ко­рень из: на­ча­ло ар­гу­мен­та: p левая круг­лая скоб­ка p минус 13 пра­вая круг­лая скоб­ка левая круг­лая скоб­ка p минус 14 пра­вая круг­лая скоб­ка левая круг­лая скоб­ка p минус 15 пра­вая круг­лая скоб­ка конец ар­гу­мен­та = ко­рень из: на­ча­ло ар­гу­мен­та: 21 умно­жить на 8 умно­жить на 7 умно­жить на 6 конец ар­гу­мен­та =84.\"></p><p class=\"left_margin\"></p></center><p class=\"left_margin\">Зна­чит,</p><p class=\"left_margin\"></p><center><p><img src=\"https://ege.sdamgia.ru/formula/svg/27/2770bc27b2686d0473f426fe411fb82f.svg\" class=\"tex\" style=\"vertical-align:-8.4pt\" alt=\"AH= дробь: чис­ли­тель: 2S, зна­ме­на­тель: CD конец дроби = дробь: чис­ли­тель: 2 умно­жить на 84, зна­ме­на­тель: 15 конец дроби = дробь: чис­ли­тель: 2 умно­жить на 28, зна­ме­на­тель: 5 конец дроби =11,2. \"></p><p class=\"left_margin\"></p></center><p class=\"left_margin\">Сле­до­ва­тель­но, <img src=\"https://ege.sdamgia.ru/formula/svg/ef/efb30ea639f246facf4fc72e3e703637.svg\" class=\"tex\" style=\"vertical-align:-3.0pt\" alt=\"AB=2AH=22,4.\"></p><p>&nbsp;</p><p><span style=\"letter-spacing: 2px;\">Ответ:</span> б) 22,4.</p></div>",
        "image_urls": [
            "https://ege.sdamgia.ru/formula/svg/e7/e7461f841aa8d89073146f02e40775dc.svg",
            "https://ege.sdamgia.ru/formula/svg/c7/c73b121b7da3ced0c63d91e1773632f0.svg",
            "https://ege.sdamgia.ru/formula/svg/c1/c15210b0a63a83d93d6dba92087487f0.svg",
            "https://ege.sdamgia.ru/formula/svg/18/1826334014d8f463df2d4df3ab58a13f.svg",
            "https://ege.sdamgia.ru/formula/svg/77/7732afd6f52e5bf8e8c25fe68a223b83.svg",
            "https://ege.sdamgia.ru/formula/svg/27/2770bc27b2686d0473f426fe411fb82f.svg",
            "https://ege.sdamgia.ru/formula/svg/ef/efb30ea639f246facf4fc72e3e703637.svg",
            "/get_file?id=150421"
        ]
    },
    "answer": "б) 22,4.",
    "topic_id": 17,
    "analog_ids": [
        556537,
        556549
    ]
}