{
    "gia_type": "ege",
    "subject": "math",
    "id": 560140,
    "condition": {
        "text": "Четырёхугольник ABCD вписан в окружность, причём диаметром окружности является его диагональ AC. Также известно, что в ABCD можно вписать окружность.а)  Докажите, что отрезки AC и BD перпендикулярны.б)  Найдите радиус вписанной окружности четырёхугольника ABCD, если AC  =  26 и BD  =  24.",
        "html": "<div align=\"justify\" width=\"100%\" id=\"body451312\" class=\"pbody\"><p class=\"left_margin\">Четырёхуголь­ник <i>ABCD</i> впи­сан в окруж­ность, причём диа­мет­ром окруж­но­сти яв­ля­ет­ся его диа­го­наль <i>AC</i>. Также из­вест­но, что в <i>ABCD</i> можно впи­сать окруж­ность.</p><p class=\"left_margin\">а)  До­ка­жи­те, что от­рез­ки <i>AC</i> и <i>BD</i> пер­пен­ди­ку­ляр­ны.</p><p class=\"left_margin\">б)  Най­ди­те ра­ди­ус впи­сан­ной окруж­но­сти четырёхуголь­ни­ка <i>ABCD</i>, если <i>AC</i>  =  26 и <i>BD</i>  =  24.</p></div>",
        "image_urls": []
    },
    "solution": {
        "text": "Решение. а)  Пусть BD и AC пересекаются в точке M. Так как ABCD  — описанный четырёхугольник,  Будем считать, что    и  Углы ABC и ADC прямые, так как AC  — диаметр. По теореме Пифагора получаем  и  Отсюда следует, что  то есть  и  Это значит, что треугольники ABC и ADC равны по третьему признаку равенства треугольников, поэтому  Следовательно, CM  — биссектриса треугольника DBC, а также его высота и медиана.б)  Пусть O  — центр окружности, описанной около четырёхугольника ABCD. Тогда её радиус  поэтому  Допустим, что  тогда  и  Рассматривая прямоугольные треугольники AMB и ABC, можем записать  следовательно,  Аналогично  поэтому полупериметр четырёхугольника ABCD равен  Площадь же четырёхугольника ABCD равна  Искомый радиус вписанной окружности равен  Ответ: б) ",
        "html": "<div align=\"justify\" width=\"100%\" id=\"sol560140\" class=\"solution\" style=\"clear:both;\" class=\"pbody\"><p class=\"left_margin\"></p><b>Ре­ше­ние<!--rule_info-->. </b><p class=\"left_margin\"><img src=\"/get_file?id=150422\" style=\"float:right;margin:10px;max-width:100%\"></p><p class=\"left_margin\">а)  Пусть <i>BD</i> и <i>AC</i> пе­ре­се­ка­ют­ся в точке <i>M</i>. Так как <i>ABCD</i>  — опи­сан­ный четырёхуголь­ник, <img src=\"https://ege.sdamgia.ru/formula/svg/8f/8f8aaad95be915f3dbed409e4b74e729.svg\" class=\"tex\" style=\"vertical-align:-1.8pt\" alt=\"AB плюс CD=BC плюс AD=s.\"> Будем счи­тать, что <img src=\"https://ege.sdamgia.ru/formula/svg/d3/d358acb3874d4a0b896d7ca784205f64.svg\" class=\"tex\" style=\"vertical-align:-3.0pt\" alt=\"AB=x,\"> <img src=\"https://ege.sdamgia.ru/formula/svg/ca/ca95da701a749e374690ea4479725447.svg\" class=\"tex\" style=\"vertical-align:-3.0pt\" alt=\"BC=y,\"> <img src=\"https://ege.sdamgia.ru/formula/svg/b2/b221a205c9ed5a50445db595719bdb78.svg\" class=\"tex\" style=\"vertical-align:-1.8pt\" alt=\"CD=s минус x\"> и <img src=\"https://ege.sdamgia.ru/formula/svg/a4/a47123b5ae120537bed2da0de4b9e7f3.svg\" class=\"tex\" style=\"vertical-align:-3.0pt\" alt=\"AD=s минус y.\"> Углы <i>ABC</i> и <i>ADC</i> пря­мые, так как <i>AC</i>  — диа­метр. По тео­ре­ме Пи­фа­го­ра по­лу­ча­ем <img src=\"https://ege.sdamgia.ru/formula/svg/4a/4ace602b9e3547b1253a76611f3062b9.svg\" class=\"tex\" style=\"vertical-align:-3.0pt\" alt=\"AC в квад­ра­те =x в квад­ра­те плюс y в квад­ра­те \"> и <img src=\"https://ege.sdamgia.ru/formula/svg/5a/5a8ebf6816d9cf749a1af286f402b721.svg\" class=\"tex\" style=\"vertical-align:-3.6pt\" alt=\"AC в квад­ра­те = левая круг­лая скоб­ка s минус x пра­вая круг­лая скоб­ка в квад­ра­те плюс левая круг­лая скоб­ка s минус y пра­вая круг­лая скоб­ка в квад­ра­те .\"> От­сю­да сле­ду­ет, что <img src=\"https://ege.sdamgia.ru/formula/svg/af/af7ef47a84853a76e2907a3f32fcef5c.svg\" class=\"tex\" style=\"vertical-align:-3.1pt\" alt=\"x плюс y=s,\"> то есть <img src=\"https://ege.sdamgia.ru/formula/svg/ef/ef11b7d5bbf8004a130f4ee075f90518.svg\" class=\"tex\" style=\"vertical-align:-1.8pt\" alt=\"AB=AD\"> и <img src=\"https://ege.sdamgia.ru/formula/svg/d6/d664ed8ceb4ad4040e73d4a462498e7c.svg\" class=\"tex\" style=\"vertical-align:-1.8pt\" alt=\"BC=DC.\"> Это зна­чит, что тре­уголь­ни­ки <i>ABC</i> и <i>ADC</i> равны по тре­тье­му при­зна­ку ра­вен­ства тре­уголь­ни­ков, по­это­му <img src=\"https://ege.sdamgia.ru/formula/svg/78/782eddce5429074c03f6a88afff9cde3.svg\" class=\"tex\" style=\"vertical-align:-1.8pt\" alt=\"\\angle ACB=\\angle ACD.\"> Сле­до­ва­тель­но, <i>CM</i>  — бис­сек­три­са тре­уголь­ни­ка <i>DBC</i>, а также его вы­со­та и ме­ди­а­на.</p><p class=\"left_margin\">б)  Пусть <i>O</i>  — центр окруж­но­сти, опи­сан­ной около четырёхуголь­ни­ка <i>ABCD</i>. Тогда её ра­ди­ус <img src=\"https://ege.sdamgia.ru/formula/svg/b2/b292793fefda5e0111f702ce4bf0b8db.svg\" class=\"tex\" style=\"vertical-align:-8.4pt\" alt=\"OB= дробь: чис­ли­тель: 1, зна­ме­на­тель: 2 конец дроби AC=13,\"> по­это­му <img src=\"https://ege.sdamgia.ru/formula/svg/40/4037d7f37ed60a3baba557114ccbeb8e.svg\" class=\"tex\" style=\"vertical-align:-2.5pt\" alt=\"OM= ко­рень из: на­ча­ло ар­гу­мен­та: OB в квад­ра­те минус BM в квад­ра­те конец ар­гу­мен­та =5.\"> До­пу­стим, что <img src=\"https://ege.sdamgia.ru/formula/svg/fd/fd0ce43e51555d355cc0be41d7c18321.svg\" class=\"tex\" style=\"vertical-align:-3.0pt\" alt=\"AM мень­ше MC,\"> тогда <img src=\"https://ege.sdamgia.ru/formula/svg/c5/c5e82a3e0ad1aac360ac287dd46adc85.svg\" class=\"tex\" style=\"vertical-align:-1.8pt\" alt=\"AM = 8\"> и <img src=\"https://ege.sdamgia.ru/formula/svg/51/515d6efb66d338af67159236229f8298.svg\" class=\"tex\" style=\"vertical-align:-1.8pt\" alt=\"MС =18.\"> Рас­смат­ри­вая пря­мо­уголь­ные тре­уголь­ни­ки <i>AMB</i> и <i>ABC</i>, можем за­пи­сать <img src=\"https://ege.sdamgia.ru/formula/svg/46/46afe85ffeac96bacc1b965caeddd5f1.svg\" class=\"tex\" style=\"vertical-align:-8.4pt\" alt=\" ко­си­нус \\angle BAM= дробь: чис­ли­тель: AM, зна­ме­на­тель: AB конец дроби = дробь: чис­ли­тель: AB, зна­ме­на­тель: AC конец дроби , \"> сле­до­ва­тель­но, <img src=\"https://ege.sdamgia.ru/formula/svg/91/9100c6cc2aaf17a51194ca5b8a66ca90.svg\" class=\"tex\" style=\"vertical-align:-1.8pt\" alt=\"AB= ко­рень из: на­ча­ло ар­гу­мен­та: AM умно­жить на AC конец ар­гу­мен­та =4 ко­рень из: на­ча­ло ар­гу­мен­та: 13 конец ар­гу­мен­та .\"> Ана­ло­гич­но <img src=\"https://ege.sdamgia.ru/formula/svg/6b/6b9d9815092dc43a0dc388094aac8d1c.svg\" class=\"tex\" style=\"vertical-align:-3.1pt\" alt=\"BC = 6 ко­рень из: на­ча­ло ар­гу­мен­та: 13 конец ар­гу­мен­та ,\"> по­это­му по­лу­пе­ри­метр четырёхуголь­ни­ка <i>ABCD</i> равен <img src=\"https://ege.sdamgia.ru/formula/svg/36/369ed7a5f9ac80ad2c83d618ca0fed90.svg\" class=\"tex\" style=\"vertical-align:-1.8pt\" alt=\"10 ко­рень из: на­ча­ло ар­гу­мен­та: 13 конец ар­гу­мен­та .\"> Пло­щадь же четырёхуголь­ни­ка <i>ABCD</i> равна <img src=\"https://ege.sdamgia.ru/formula/svg/49/49fe3593d42e5f232f5e697f9433a7f2.svg\" class=\"tex\" style=\"vertical-align:-8.4pt\" alt=\" дробь: чис­ли­тель: 1, зна­ме­на­тель: 2 конец дроби умно­жить на AC умно­жить на BD = 312.\"> Ис­ко­мый ра­ди­ус впи­сан­ной окруж­но­сти равен <img src=\"https://ege.sdamgia.ru/formula/svg/b2/b21e527dcb9ed53a03160f9662472aa5.svg\" class=\"tex\" style=\"vertical-align:-11.1pt\" alt=\" дробь: чис­ли­тель: 312, зна­ме­на­тель: 10 ко­рень из: на­ча­ло ар­гу­мен­та: 13 конец ар­гу­мен­та конец дроби = дробь: чис­ли­тель: 12 ко­рень из: на­ча­ло ар­гу­мен­та: 13, зна­ме­на­тель: конец ар­гу­мен­та конец дроби 5. \"></p><p>&nbsp;</p><p><span style=\"letter-spacing: 2px;\">Ответ:</span> б) <img src=\"https://ege.sdamgia.ru/formula/svg/d3/d3bd4a3d5e6fc00deb8e44357fe2bae7.svg\" class=\"tex\" style=\"vertical-align:-8.6pt\" alt=\" дробь: чис­ли­тель: 12 ко­рень из: на­ча­ло ар­гу­мен­та: 13, зна­ме­на­тель: конец ар­гу­мен­та конец дроби 5.\"></p></div>",
        "image_urls": [
            "https://ege.sdamgia.ru/formula/svg/8f/8f8aaad95be915f3dbed409e4b74e729.svg",
            "https://ege.sdamgia.ru/formula/svg/d3/d358acb3874d4a0b896d7ca784205f64.svg",
            "https://ege.sdamgia.ru/formula/svg/ca/ca95da701a749e374690ea4479725447.svg",
            "https://ege.sdamgia.ru/formula/svg/b2/b221a205c9ed5a50445db595719bdb78.svg",
            "https://ege.sdamgia.ru/formula/svg/a4/a47123b5ae120537bed2da0de4b9e7f3.svg",
            "https://ege.sdamgia.ru/formula/svg/4a/4ace602b9e3547b1253a76611f3062b9.svg",
            "https://ege.sdamgia.ru/formula/svg/5a/5a8ebf6816d9cf749a1af286f402b721.svg",
            "https://ege.sdamgia.ru/formula/svg/af/af7ef47a84853a76e2907a3f32fcef5c.svg",
            "https://ege.sdamgia.ru/formula/svg/ef/ef11b7d5bbf8004a130f4ee075f90518.svg",
            "https://ege.sdamgia.ru/formula/svg/d6/d664ed8ceb4ad4040e73d4a462498e7c.svg",
            "https://ege.sdamgia.ru/formula/svg/78/782eddce5429074c03f6a88afff9cde3.svg",
            "https://ege.sdamgia.ru/formula/svg/b2/b292793fefda5e0111f702ce4bf0b8db.svg",
            "https://ege.sdamgia.ru/formula/svg/40/4037d7f37ed60a3baba557114ccbeb8e.svg",
            "https://ege.sdamgia.ru/formula/svg/fd/fd0ce43e51555d355cc0be41d7c18321.svg",
            "https://ege.sdamgia.ru/formula/svg/c5/c5e82a3e0ad1aac360ac287dd46adc85.svg",
            "https://ege.sdamgia.ru/formula/svg/51/515d6efb66d338af67159236229f8298.svg",
            "https://ege.sdamgia.ru/formula/svg/46/46afe85ffeac96bacc1b965caeddd5f1.svg",
            "https://ege.sdamgia.ru/formula/svg/91/9100c6cc2aaf17a51194ca5b8a66ca90.svg",
            "https://ege.sdamgia.ru/formula/svg/6b/6b9d9815092dc43a0dc388094aac8d1c.svg",
            "https://ege.sdamgia.ru/formula/svg/36/369ed7a5f9ac80ad2c83d618ca0fed90.svg",
            "https://ege.sdamgia.ru/formula/svg/49/49fe3593d42e5f232f5e697f9433a7f2.svg",
            "https://ege.sdamgia.ru/formula/svg/b2/b21e527dcb9ed53a03160f9662472aa5.svg",
            "https://ege.sdamgia.ru/formula/svg/d3/d3bd4a3d5e6fc00deb8e44357fe2bae7.svg",
            "/get_file?id=150422"
        ]
    },
    "answer": "б)",
    "topic_id": 17,
    "analog_ids": []
}