{
    "gia_type": "ege",
    "subject": "math",
    "id": 561450,
    "condition": {
        "text": "К окружности, вписанной в квадрат ABCD, проведена касательная, пересекающая стороны AB и AD  в точках M и N соответственно.а)   Докажите, что периметр треугольника AMN равен стороне квадрата.б)  Прямая MN пересекает прямую BC в точке P. В каком отношении делит сторону AB (считая от точки B)  прямая,  проходящая  через  точку P и центр окружности, если AN : ND  =  1 : 2.",
        "html": "<div align=\"justify\" width=\"100%\" id=\"body458710\" class=\"pbody\"><p class=\"left_margin\">К окруж­но­сти, впи­сан­ной в квад­рат <i>ABCD</i>, про­ве­де­на ка­са­тель­ная, пе­ре­се­ка­ю­щая сто­ро­ны <i>AB</i> и <i>AD</i>  в точ­ках <i>M</i> и <i>N</i> со­от­вет­ствен­но.</p><p class=\"left_margin\">а)   До­ка­жи­те, что пе­ри­метр тре­уголь­ни­ка <i>AMN</i> равен сто­ро­не квад­ра­та.</p><p class=\"left_margin\">б)  Пря­мая <i>MN</i> пе­ре­се­ка­ет пря­мую <i>BC</i> в точке <i>P</i>. В каком от­но­ше­нии делит сто­ро­ну <i>AB</i> (счи­тая от точки <i>B</i>)  пря­мая,  про­хо­дя­щая  через  точку <i>P</i> и центр окруж­но­сти, если <i>AN</i> : <i>ND</i>  =  1 : 2.</p></div>",
        "image_urls": []
    },
    "solution": {
        "text": "Решение. а)  Пусть K  — точка касания окружности с прямой MN, F  — точка касания окружности и прямой AB, E  — точка касания окружности и прямой AD. По свойству касательных, проведенных из одной точки, MK  =  MF, KN  =  NE. Отсюда следует, что периметр треугольника AMN равен  Что и требовалось доказать.б)  Пусть О  — центр окружности, а H  — точка пересечения прямых AB и PO. Заметим, что центр окружности, вписанной в угол, лежит на биссектрисе этого угла, поэтому  Далее,  ПоэтомуТогда треугольники FOH и NOE равны по катету и острому углу. Значит, FH  =  EN, и AH : HB  =  DN : NA  =  2 : 1, тогда BH : HA =  1 : 2. Ответ: б) 1 : 2.",
        "html": "<div align=\"justify\" width=\"100%\" id=\"sol561450\" class=\"solution\" style=\"clear:both;\" class=\"pbody\"><p class=\"left_margin\"></p><b>Ре­ше­ние<!--rule_info-->. </b><p class=\"left_margin\"><img src=\"/get_file?id=150424\" style=\"float:right;margin:10px;max-width:100%\"></p><p class=\"left_margin\">а)  Пусть <i>K</i>  — точка ка­са­ния окруж­но­сти с пря­мой <i>MN</i>, <i>F</i>  — точка ка­са­ния окруж­но­сти и пря­мой <i>AB</i>, <i>E</i>  — точка ка­са­ния окруж­но­сти и пря­мой <i>AD</i>. По свой­ству ка­са­тель­ных, про­ве­ден­ных из одной точки, <i>MK</i>  =  <i>MF</i>, <i>KN</i>  =  <i>NE</i>. От­сю­да сле­ду­ет, что пе­ри­метр тре­уголь­ни­ка <i>AMN</i> равен </p><p class=\"left_margin\"></p><center><p><img src=\"https://ege.sdamgia.ru/formula/svg/e3/e30bfdc91284baa95b38c60f5f24dec6.svg\" class=\"tex\" style=\"vertical-align:-8.4pt\" alt=\"AF плюс AE= дробь: чис­ли­тель: 1, зна­ме­на­тель: 2 конец дроби AB плюс дробь: чис­ли­тель: 1, зна­ме­на­тель: 2 конец дроби AD=AB.\"></p><p class=\"left_margin\"></p></center><p> Что и тре­бо­ва­лось до­ка­зать.</p><p class=\"left_margin\">б)  Пусть <i>О</i>  — центр окруж­но­сти, а <i>H</i>  — точка пе­ре­се­че­ния пря­мых <i>AB</i> и <i>PO</i>. За­ме­тим, что центр окруж­но­сти, впи­сан­ной в угол, лежит на бис­сек­три­се этого угла, по­это­му </p><p class=\"left_margin\"></p><center><p><img src=\"https://ege.sdamgia.ru/formula/svg/36/360a89f377382ff9fcb44d3fe06c176b.svg\" class=\"tex\" style=\"vertical-align:-8.4pt\" alt=\"\\angle OPB= дробь: чис­ли­тель: 1, зна­ме­на­тель: 2 конец дроби \\angle NPB= дробь: чис­ли­тель: 1, зна­ме­на­тель: 2 конец дроби \\angle ANM.\"></p><p class=\"left_margin\"></p></center><p> Далее, </p><p class=\"left_margin\"></p><center><p><img src=\"https://ege.sdamgia.ru/formula/svg/87/872d91697788fce0277c66777eed440b.svg\" class=\"tex\" style=\"vertical-align:-1.8pt\" alt=\"\\angle ANM=180 в сте­пе­ни левая круг­лая скоб­ка \\circ пра­вая круг­лая скоб­ка минус 2\\angle ENO=2\\angle NOE.\"></p><p class=\"left_margin\"></p></center><p> По­это­му</p><p class=\"left_margin\"></p><center><p><img src=\"https://ege.sdamgia.ru/formula/svg/98/98499700de719d1e45c02f1fc05408a4.svg\" class=\"tex\" style=\"vertical-align:-8.4pt\" alt=\"\\angle FOH=\\angle OPB= дробь: чис­ли­тель: 1, зна­ме­на­тель: 2 конец дроби \\angle ANM=\\angle NOE.\"></p><p class=\"left_margin\"></p></center><p class=\"left_margin\">Тогда тре­уголь­ни­ки <i>FOH</i> и <i>NOE</i> равны по ка­те­ту и остро­му углу. Зна­чит, <i>FH</i>  =  <i>EN</i>, и <i>AH</i> : <i>HB</i>  =  <i>DN</i> : <i>NA</i>  =  2 : 1, тогда <i>BH</i> : <i>HA</i> =  1 : 2.</p><p>&nbsp;</p><p><span style=\"letter-spacing: 2px;\">Ответ:</span> б) 1 : 2.</p></div>",
        "image_urls": [
            "https://ege.sdamgia.ru/formula/svg/e3/e30bfdc91284baa95b38c60f5f24dec6.svg",
            "https://ege.sdamgia.ru/formula/svg/36/360a89f377382ff9fcb44d3fe06c176b.svg",
            "https://ege.sdamgia.ru/formula/svg/87/872d91697788fce0277c66777eed440b.svg",
            "https://ege.sdamgia.ru/formula/svg/98/98499700de719d1e45c02f1fc05408a4.svg",
            "/get_file?id=150424"
        ]
    },
    "answer": "б) 1 : 2.",
    "topic_id": 17,
    "analog_ids": []
}