{
    "gia_type": "ege",
    "subject": "math",
    "id": 562939,
    "condition": {
        "text": "В параллелограмме ABCD расположены две равные непересекающиеся окружности. Первая касается сторон AD, AB и BC, вторая  — сторон AD, CD и BC.а)  Докажите, что общая внутренняя касательная l окружностей проходит через точку пересечения диагоналей параллелограмма ABCD.б)  Пусть ABCD  — прямоугольник, а прямая l касается окружностей в точках M и N. Найдите площадь четырёхугольника с вершинами в точках M, N и в центрах окружностей, если AD  =  16 , а расстояние между центрами окружностей равно 10.",
        "html": "<div align=\"justify\" width=\"100%\" id=\"body456711\" class=\"pbody\"><p class=\"left_margin\">В па­рал­ле­ло­грам­ме <i>ABCD</i> рас­по­ло­же­ны две рав­ные не­пе­ре­се­ка­ю­щи­е­ся окруж­но­сти. Пер­вая ка­са­ет­ся сто­рон <i>AD</i>, <i>AB</i> и <i>BC</i>, вто­рая  — сто­рон <i>AD</i>, <i>CD</i> и <i>BC</i>.</p><p class=\"left_margin\">а)  До­ка­жи­те, что общая внут­рен­няя ка­са­тель­ная <i>l</i> окруж­но­стей про­хо­дит через точку пе­ре­се­че­ния диа­го­на­лей па­рал­ле­ло­грам­ма <i>ABCD</i>.</p><p class=\"left_margin\">б)  Пусть <i>ABCD</i>  — пря­мо­уголь­ник, а пря­мая <i>l</i> ка­са­ет­ся окруж­но­стей в точ­ках <i>M</i> и <i>N</i>. Най­ди­те пло­щадь четырёхуголь­ни­ка с вер­ши­на­ми в точ­ках <i>M</i>, <i>N</i> и в цен­трах окруж­но­стей, если <i>AD</i>  =  16 , а рас­сто­я­ние между цен­тра­ми окруж­но­стей равно 10.</p></div>",
        "image_urls": []
    },
    "solution": {
        "text": "Решение. а)  Пусть O  — точка пересечения диагонали AC параллелограмма с общей внутренней касательной l к данным окружностям, P и Q  — точки пересечения прямой l со сторонами AD и BC соответственно. Достаточно доказать, что O  — середина диагонали AC.Пусть O1 и O2  — центры первой и второй окружностей соответственно. Первая окружность касается стороны AD в точке K, вторая окружность касается стороны BC в точке L. Лучи AO1 и CO2  — биссектрисы равных углов BAD и BCD, значит, прямоугольные треугольники AKO1 и CLO2 равны по катету (радиусы равных окружностей) и противолежащему острому углу. Тогда AK  =  CL.  Аналогично KP  =  LQ. Следовательно, Значит, треугольники AOP и COQ равны по стороне и двум прилежащим к ней углам, поэтому AO  =  OC, а точка O  — середина диагонали AC, то есть центр параллелограмма ABCD.б)  Поскольку ABCD  — прямоугольник, его сторона AD равна сумме диаметра окружности и отрезка O1O2, то есть 2r + O1O2  =  AD, 2r + 10  =  16, следовательно, r  =  3.Четырёхугольник O1MO2N  — параллелограмм, так как его противоположные стороны O1M и O2N равны и параллельны. Диагонали O1O2 и MN параллелограмма O1MO2N пересекаются в точке O и делятся этой точкой пополам. Площадь параллелограмма O1MO2N в четыре раза больше площади треугольника OO1M, в котором   По теореме ПифагораСледовательно,Ответ: б) 24.",
        "html": "<div align=\"justify\" width=\"100%\" id=\"sol562939\" class=\"solution\" style=\"clear:both;\" class=\"pbody\"><p class=\"left_margin\"></p><b>Ре­ше­ние<!--rule_info-->. </b><p class=\"left_margin\">а)  Пусть <i>O</i>  — точка пе­ре­се­че­ния диа­го­на­ли <i>AC</i> па­рал­ле­ло­грам­ма с общей внут­рен­ней ка­са­тель­ной <i>l</i> к дан­ным окруж­но­стям, <i>P</i> и <i>Q</i>  — точки пе­ре­се­че­ния пря­мой <i>l</i> со сто­ро­на­ми <i>AD</i> и <i>BC</i> со­от­вет­ствен­но. До­ста­точ­но до­ка­зать, что <i>O</i>  — се­ре­ди­на диа­го­на­ли <i>AC</i>.</p><p class=\"left_margin\">Пусть <i>O</i><sub>1</sub> и <i>O</i><sub>2</sub>  — цен­тры пер­вой и вто­рой окруж­но­стей со­от­вет­ствен­но. Пер­вая окруж­ность ка­са­ет­ся сто­ро­ны <i>AD</i> в точке <i>K</i>, вто­рая окруж­ность ка­са­ет­ся сто­ро­ны <i>BC</i> в точке <i>L</i>. </p><p><img src=\"/get_file?id=85474\" style=\"margin:10px auto;display:block;max-width:100%\"></p><p class=\"left_margin\">Лучи <i>AO</i><sub>1</sub> и <i>CO</i><sub>2</sub>  — бис­сек­три­сы рав­ных углов <i>BAD</i> и <i>BCD</i>, зна­чит, пря­мо­уголь­ные тре­уголь­ни­ки <i>AKO</i><sub>1</sub> и <i>CLO</i><sub>2</sub> равны по ка­те­ту (ра­ди­у­сы рав­ных окруж­но­стей) и про­ти­во­ле­жа­ще­му остро­му углу. Тогда <i>AK</i>  =  <i>CL</i>.  Ана­ло­гич­но <i>KP</i>  =  <i>LQ</i>. Сле­до­ва­тель­но,</p><p class=\"left_margin\"></p><center><p><img src=\"https://ege.sdamgia.ru/formula/svg/80/80b22ab35151eb58059d03bd5b597890.svg\" class=\"tex\" style=\"vertical-align:-3.0pt\" alt=\"AP=AK плюс KP=CL плюс LQ=CQ.\"></p><p class=\"left_margin\"></p></center><p> Зна­чит, тре­уголь­ни­ки <i>AOP</i> и <i>COQ</i> равны по сто­ро­не и двум при­ле­жа­щим к ней углам, по­это­му <i>AO</i>  =  <i>OC</i>, а точка <i>O</i>  — се­ре­ди­на диа­го­на­ли <i>AC</i>, то есть центр па­рал­ле­ло­грам­ма <i>ABCD</i>.</p><p class=\"left_margin\">б)  По­сколь­ку <i>ABCD</i>  — пря­мо­уголь­ник, его сто­ро­на <i>AD</i> равна сумме диа­мет­ра окруж­но­сти и от­рез­ка <i>O</i><sub>1</sub><i>O</i><sub>2</sub>, то есть 2<i>r</i> + <i>O</i><sub>1</sub><i>O</i><sub>2</sub>  =  <i>AD</i>, 2<i>r</i> + 10  =  16, сле­до­ва­тель­но, <i>r</i>  =  3.</p><p class=\"left_margin\">Четырёхуголь­ник <i>O</i><sub>1</sub><i>MO</i><sub>2</sub><i>N</i>  — па­рал­ле­ло­грамм, так как его про­ти­во­по­лож­ные сто­ро­ны <i>O</i><sub>1</sub><i>M</i> и <i>O</i><sub>2</sub><i>N</i> равны и па­рал­лель­ны. Диа­го­на­ли <i>O</i><sub>1</sub><i>O</i><sub>2</sub> и <i>MN</i> па­рал­ле­ло­грам­ма <i>O</i><sub>1</sub><i>MO</i><sub>2</sub><i>N</i> пе­ре­се­ка­ют­ся в точке <i>O</i> и де­лят­ся этой точ­кой по­по­лам. </p><p><img src=\"/get_file?id=85475\" style=\"margin:10px auto;display:block;max-width:100%\"></p><p class=\"left_margin\">Пло­щадь па­рал­ле­ло­грам­ма <i>O</i><sub>1</sub><i>MO</i><sub>2</sub><i>N</i> в че­ты­ре раза боль­ше пло­ща­ди тре­уголь­ни­ка <i>OO</i><sub>1</sub><i>M</i>, в ко­то­ром <img src=\"https://ege.sdamgia.ru/formula/svg/09/09f18e8ff0f1bfad6a2e61e943a722c8.svg\" class=\"tex\" style=\"vertical-align:-8.4pt\" alt=\"OO_1= дробь: чис­ли­тель: 1, зна­ме­на­тель: 2 конец дроби O_1O_2=5, \"> <img src=\"https://ege.sdamgia.ru/formula/svg/86/861792fb87afd4d32e4dae6212c669f6.svg\" class=\"tex\" style=\"vertical-align:-2.5pt\" alt=\"O_1M=r=3.\"> По тео­ре­ме Пи­фа­го­ра</p><p class=\"left_margin\"></p><center><p><img src=\"https://ege.sdamgia.ru/formula/svg/c6/c65e88f7fb837c315b161b77e57a7044.svg\" class=\"tex\" style=\"vertical-align:-6.8pt\" alt=\"OM= ко­рень из: на­ча­ло ар­гу­мен­та: OO_1 в квад­ра­те минус O_1M в квад­ра­те конец ар­гу­мен­та = ко­рень из: на­ча­ло ар­гу­мен­та: 5 в квад­ра­те минус 3 в квад­ра­те конец ар­гу­мен­та =4.\"></p><p class=\"left_margin\"></p></center><p class=\"left_margin\">Сле­до­ва­тель­но,</p><p class=\"left_margin\"></p><center><p><img src=\"https://ege.sdamgia.ru/formula/svg/67/67ec4c4bff88d1b8626f78f8bc3e2951.svg\" class=\"tex\" style=\"vertical-align:-8.4pt\" alt=\"S_O_1MO_2N=4S_OO_1M=4 умно­жить на дробь: чис­ли­тель: 1, зна­ме­на­тель: 2 конец дроби умно­жить на OM умно­жить на O_1M=2 умно­жить на 4 умно­жить на 3=24. \"></p><p class=\"left_margin\"></p></center><p><span style=\"letter-spacing: 2px;\">Ответ:</span> б) 24.</p></div>",
        "image_urls": [
            "https://ege.sdamgia.ru/formula/svg/80/80b22ab35151eb58059d03bd5b597890.svg",
            "https://ege.sdamgia.ru/formula/svg/09/09f18e8ff0f1bfad6a2e61e943a722c8.svg",
            "https://ege.sdamgia.ru/formula/svg/86/861792fb87afd4d32e4dae6212c669f6.svg",
            "https://ege.sdamgia.ru/formula/svg/c6/c65e88f7fb837c315b161b77e57a7044.svg",
            "https://ege.sdamgia.ru/formula/svg/67/67ec4c4bff88d1b8626f78f8bc3e2951.svg",
            "/get_file?id=85474",
            "/get_file?id=85475"
        ]
    },
    "answer": "б) 24.",
    "topic_id": 17,
    "analog_ids": [
        562939,
        562984
    ]
}