{
    "gia_type": "ege",
    "subject": "math",
    "id": 563577,
    "condition": {
        "text": "Трапеция ABCD с большим основанием AD и высотой BH вписана в окружность. Прямая BH вторично пересекает эту окружность в точке K. а)  Докажите, что прямые AC и AK перпендикулярны.б)  Прямые CK и AD пересекаются  в точке N. Найдите AD, если радиус окружности равен 12,  а площадь  четырёхугольника BCNH в 8 раз больше площади треугольника KNH.",
        "html": "<div align=\"justify\" width=\"100%\" id=\"body456581\" class=\"pbody\"><p class=\"left_margin\">Тра­пе­ция <i>ABCD</i> с боль­шим ос­но­ва­ни­ем <i>AD</i> и вы­со­той <i>BH</i> впи­са­на в окруж­ность. Пря­мая <i>BH</i> вто­рич­но пе­ре­се­ка­ет эту окруж­ность в точке <i>K</i>. </p><p class=\"left_margin\">а)  До­ка­жи­те, что пря­мые <i>AC</i> и <i>AK</i> пер­пен­ди­ку­ляр­ны.</p><p class=\"left_margin\">б)  Пря­мые <i>CK</i> и <i>AD</i> пе­ре­се­ка­ют­ся  в точке <i>N.</i> Най­ди­те <i>AD</i>, если ра­ди­ус окруж­но­сти равен 12, <img src=\"https://ege.sdamgia.ru/formula/svg/94/94d643a4b9798e11c45441ce0525f450.svg\" class=\"tex\" style=\"vertical-align:-3.0pt\" alt=\"\\angle BAC = 30 гра­ду­сов,\"> а пло­щадь  четырёхуголь­ни­ка <i>BCNH</i> в 8 раз боль­ше пло­ща­ди тре­уголь­ни­ка <i>KNH</i>.</p></div>",
        "image_urls": [
            "https://ege.sdamgia.ru/formula/svg/94/94d643a4b9798e11c45441ce0525f450.svg"
        ]
    },
    "solution": {
        "text": "Решение. а)  Поскольку основания трапеции AD и BC параллельны, а её высота  то  а значит, вписанный угол KBC, равны 90°, опирается на диаметр CK, на который опирается и вписанный угол CAK . Поэтому б)  Вписанные углы CKB и CAB опираются на одну дугу, а следовательно, равны. Поэтому в прямоугольном треугольнике KBC катет BC лежит напротив угла 30°, а значит, равен половине гипотенузы CK, то есть  а катет В треугольниках KBC и KHN угол K общий, а углы KHN и KBC прямые, и, значит, треугольники подобны. Отношение площадей подобных треугольников равно квадрату коэффициента подобия, поэтому Следовательно,  то есть  а значит,  Так как трапеция вписана в окружность, она равнобедренная, поэтому высота BH делит большее основание AD на отрезки  и  Воспользуемся теоремой о произведении отрезков пересекающихся хорд окружности, получим  откуда   Тогда  поэтому  то есть  Ответ: ",
        "html": "<div align=\"justify\" width=\"100%\" id=\"sol563577\" class=\"solution\" style=\"clear:both;\" class=\"pbody\"><p class=\"left_margin\"></p><b>Ре­ше­ние<!--rule_info-->. </b><p class=\"left_margin\"><img src=\"/get_file?id=150471\" style=\"float:right;margin:10px;max-width:100%\"></p><p class=\"left_margin\">а)  По­сколь­ку ос­но­ва­ния тра­пе­ции <i>AD</i> и <i>BC</i> па­рал­лель­ны, а её вы­со­та <img src=\"https://ege.sdamgia.ru/formula/svg/f7/f708b6082366d0e0700a26af1b76111b.svg\" class=\"tex\" style=\"vertical-align:-3.0pt\" alt=\"BH\\perp AD,\"> то <img src=\"https://ege.sdamgia.ru/formula/svg/91/9177c670b6b6e32d30ff3300ccbcdd1c.svg\" class=\"tex\" style=\"vertical-align:-3.0pt\" alt=\"BH\\perp BC,\"> а зна­чит, впи­сан­ный угол <i>KBC</i>, равны 90°, опи­ра­ет­ся на диа­метр <i>CK</i>, на ко­то­рый опи­ра­ет­ся и впи­сан­ный угол <i>CAK </i>. По­это­му <img src=\"https://ege.sdamgia.ru/formula/svg/b1/b13489fd926bb938280b176293b56e90.svg\" class=\"tex\" style=\"vertical-align:-1.8pt\" alt=\"AC\\perp AK.\"></p><p class=\"left_margin\">б)  Впи­сан­ные углы <i>CKB</i> и<i> CAB </i>опи­ра­ют­ся на одну дугу, а сле­до­ва­тель­но, равны. По­это­му в пря­мо­уголь­ном тре­уголь­ни­ке <i>KBC </i>катет <i>BC</i> лежит на­про­тив угла 30°, а зна­чит, равен по­ло­ви­не ги­по­те­ну­зы <i>CK,</i> то есть <img src=\"https://ege.sdamgia.ru/formula/svg/33/33184ed171de2e918cf284bbdf3ae332.svg\" class=\"tex\" style=\"vertical-align:-8.4pt\" alt=\"BC= дробь: чис­ли­тель: 1, зна­ме­на­тель: 2 конец дроби CK=R=12, \"> а катет </p><p class=\"left_margin\"></p><center><p><img src=\"https://ege.sdamgia.ru/formula/svg/e3/e33e2287327d181545d34c8cb6b7ee6e.svg\" class=\"tex\" style=\"vertical-align:-8.5pt\" alt=\"BK=CK умно­жить на ко­си­нус 30 гра­ду­сов=2R умно­жить на \\dfrac ко­рень из: на­ча­ло ар­гу­мен­та: 3 конец ар­гу­мен­та 2=12 ко­рень из: на­ча­ло ар­гу­мен­та: 3 конец ар­гу­мен­та .\"></p><p class=\"left_margin\"></p></center><p class=\"left_margin\">В тре­уголь­ни­ках <i>KBC </i>и <i>KHN</i> угол <i>K</i> общий, а углы <i>KHN</i> и <i>KBC</i> пря­мые, и, зна­чит, тре­уголь­ни­ки по­доб­ны. От­но­ше­ние пло­ща­дей по­доб­ных тре­уголь­ни­ков равно квад­ра­ту ко­эф­фи­ци­ен­та по­до­бия, по­это­му</p><p class=\"left_margin\"></p><center><p><img src=\"https://ege.sdamgia.ru/formula/svg/82/8213ad5ca892473379d100984caf143b.svg\" class=\"tex\" style=\"vertical-align:-11.2pt\" alt=\" дробь: чис­ли­тель: S_KBC, зна­ме­на­тель: S_KHN конец дроби = дробь: чис­ли­тель: S_KHN плюс S_BCNH, зна­ме­на­тель: S_KHN конец дроби = дробь: чис­ли­тель: S_KHN плюс 8S_KHN, зна­ме­на­тель: S_KHN конец дроби =9= левая круг­лая скоб­ка дробь: чис­ли­тель: KB, зна­ме­на­тель: KH конец дроби пра­вая круг­лая скоб­ка в квад­ра­те . \"></p><p class=\"left_margin\"></p></center><p> Сле­до­ва­тель­но, <img src=\"https://ege.sdamgia.ru/formula/svg/44/44eb12cc13d2aa63b3acdbe1ba0e1fa1.svg\" class=\"tex\" style=\"vertical-align:-8.5pt\" alt=\"3= дробь: чис­ли­тель: 12 ко­рень из: на­ча­ло ар­гу­мен­та: 3 конец ар­гу­мен­та , зна­ме­на­тель: KH конец дроби , \"> то есть <img src=\"https://ege.sdamgia.ru/formula/svg/cb/cb3156a5480feb0172a8afd22b67b1d4.svg\" class=\"tex\" style=\"vertical-align:-3.1pt\" alt=\"KH=4 ко­рень из: на­ча­ло ар­гу­мен­та: 3 конец ар­гу­мен­та ,\"> а зна­чит, <img src=\"https://ege.sdamgia.ru/formula/svg/26/26654235169efb54483569b085ae1b14.svg\" class=\"tex\" style=\"vertical-align:-1.8pt\" alt=\"BH=BK минус KH=8 ко­рень из: на­ча­ло ар­гу­мен­та: 3 конец ар­гу­мен­та .\"> </p><p class=\"left_margin\">Так как тра­пе­ция впи­са­на в окруж­ность, она рав­но­бед­рен­ная, по­это­му вы­со­та <i>BH</i> делит боль­шее ос­но­ва­ние <i>AD</i> на от­рез­ки <img src=\"https://ege.sdamgia.ru/formula/svg/23/23129a791b31d3417ae9dcf8ae1131ae.svg\" class=\"tex\" style=\"vertical-align:-8.3pt\" alt=\"AH= дробь: чис­ли­тель: AD минус BC, зна­ме­на­тель: 2 конец дроби \"> и <img src=\"https://ege.sdamgia.ru/formula/svg/85/8526bfb451bcc1523fadc2490de81e26.svg\" class=\"tex\" style=\"vertical-align:-8.3pt\" alt=\"HD=\\dfracAD плюс BC2.\"> Вос­поль­зу­ем­ся тео­ре­мой о про­из­ве­де­нии от­рез­ков пе­ре­се­ка­ю­щих­ся хорд окруж­но­сти, по­лу­чим <img src=\"https://ege.sdamgia.ru/formula/svg/6b/6b3cb737d2e2cfd4cf31e85e0bf36846.svg\" class=\"tex\" style=\"vertical-align:-3.0pt\" alt=\"AH умно­жить на HD=BH умно­жить на HK,\"> от­ку­да </p><p class=\"left_margin\"></p><center><p><img src=\"https://ege.sdamgia.ru/formula/svg/6f/6f70b2aee7d0740bb21a46ba0e1b295e.svg\" class=\"tex\" style=\"vertical-align:-8.4pt\" alt=\" дробь: чис­ли­тель: AD в квад­ра­те минус BC в квад­ра­те , зна­ме­на­тель: 4 конец дроби =8 ко­рень из: на­ча­ло ар­гу­мен­та: 3 конец ар­гу­мен­та умно­жить на 4 ко­рень из: на­ча­ло ар­гу­мен­та: 3 конец ар­гу­мен­та . \"> </p><p class=\"left_margin\"></p></center><p> Тогда <img src=\"https://ege.sdamgia.ru/formula/svg/84/84bac4b036a8652f5ceec53f5a60c3a1.svg\" class=\"tex\" style=\"vertical-align:-8.4pt\" alt=\" дробь: чис­ли­тель: AD в квад­ра­те минус 144, зна­ме­на­тель: 4 конец дроби =96, \"> по­это­му <img src=\"https://ege.sdamgia.ru/formula/svg/b7/b7b00db30f59ce8b6de9204ea3c4d411.svg\" class=\"tex\" style=\"vertical-align:-3.0pt\" alt=\"AD в квад­ра­те =528,\"> то есть <img src=\"https://ege.sdamgia.ru/formula/svg/42/424d913df118bebb694e95e755826958.svg\" class=\"tex\" style=\"vertical-align:-1.8pt\" alt=\"AD=4 ко­рень из: на­ча­ло ар­гу­мен­та: 33 конец ар­гу­мен­та .\"></p><p>&nbsp;</p><p><span style=\"letter-spacing: 2px;\">Ответ:</span> <img src=\"https://ege.sdamgia.ru/formula/svg/89/896defb466894d15f5afe6c0d9701f85.svg\" class=\"tex\" style=\"vertical-align:-1.8pt\" alt=\"AD=4 ко­рень из: на­ча­ло ар­гу­мен­та: 33 конец ар­гу­мен­та .\"></p></div>",
        "image_urls": [
            "https://ege.sdamgia.ru/formula/svg/f7/f708b6082366d0e0700a26af1b76111b.svg",
            "https://ege.sdamgia.ru/formula/svg/91/9177c670b6b6e32d30ff3300ccbcdd1c.svg",
            "https://ege.sdamgia.ru/formula/svg/b1/b13489fd926bb938280b176293b56e90.svg",
            "https://ege.sdamgia.ru/formula/svg/33/33184ed171de2e918cf284bbdf3ae332.svg",
            "https://ege.sdamgia.ru/formula/svg/e3/e33e2287327d181545d34c8cb6b7ee6e.svg",
            "https://ege.sdamgia.ru/formula/svg/82/8213ad5ca892473379d100984caf143b.svg",
            "https://ege.sdamgia.ru/formula/svg/44/44eb12cc13d2aa63b3acdbe1ba0e1fa1.svg",
            "https://ege.sdamgia.ru/formula/svg/cb/cb3156a5480feb0172a8afd22b67b1d4.svg",
            "https://ege.sdamgia.ru/formula/svg/26/26654235169efb54483569b085ae1b14.svg",
            "https://ege.sdamgia.ru/formula/svg/23/23129a791b31d3417ae9dcf8ae1131ae.svg",
            "https://ege.sdamgia.ru/formula/svg/85/8526bfb451bcc1523fadc2490de81e26.svg",
            "https://ege.sdamgia.ru/formula/svg/6b/6b3cb737d2e2cfd4cf31e85e0bf36846.svg",
            "https://ege.sdamgia.ru/formula/svg/6f/6f70b2aee7d0740bb21a46ba0e1b295e.svg",
            "https://ege.sdamgia.ru/formula/svg/84/84bac4b036a8652f5ceec53f5a60c3a1.svg",
            "https://ege.sdamgia.ru/formula/svg/b7/b7b00db30f59ce8b6de9204ea3c4d411.svg",
            "https://ege.sdamgia.ru/formula/svg/42/424d913df118bebb694e95e755826958.svg",
            "https://ege.sdamgia.ru/formula/svg/89/896defb466894d15f5afe6c0d9701f85.svg",
            "/get_file?id=150471"
        ]
    },
    "answer": "",
    "topic_id": 17,
    "analog_ids": [
        563577,
        563551
    ]
}