{
    "gia_type": "ege",
    "subject": "math",
    "id": 621779,
    "condition": {
        "text": "Около окружности с центром O описана трапеция ABCD с основаниями AD и BC.а)  Докажите, что AB  — диаметр окружности, описанной около треугольника AOB.б)  Найдите отношение площади четырёхугольника, вершины которого  — точки касания окружности со сторонами трапеции, к площади самой трапеции ABCD, если известно, что AB  =  CD, а основания трапеции относятся как 1 : 2.",
        "html": "<div align=\"justify\" width=\"100%\" id=\"body463407\" class=\"pbody\"><p class=\"left_margin\">Около окруж­но­сти с цен­тром <i>O</i> опи­са­на тра­пе­ция <i>ABCD</i> с ос­но­ва­ни­я­ми <i>AD</i> и <i>BC</i>.</p><p class=\"left_margin\">а)  До­ка­жи­те, что <i>AB</i>  — диа­метр окруж­но­сти, опи­сан­ной около тре­уголь­ни­ка <i>AOB</i>.</p><p class=\"left_margin\">б)  Най­ди­те от­но­ше­ние пло­ща­ди четырёхуголь­ни­ка, вер­ши­ны ко­то­ро­го  — точки ка­са­ния окруж­но­сти со сто­ро­на­ми тра­пе­ции, к пло­ща­ди самой тра­пе­ции <i>ABCD</i>, если из­вест­но, что <i>AB</i>  =  <i>CD</i>, а ос­но­ва­ния тра­пе­ции от­но­сят­ся как 1 : 2.</p></div>",
        "image_urls": []
    },
    "solution": {
        "text": "Решение. а)  Центр окружности, вписанной в угол, лежит на его биссектрисе, поэтому AO и BO  — биссектрисы углов BAD и ABC соответственно. Следовательно,Если угол, вписанный в окружность, прямой, то он опирается на диаметр. Следовательно, отрезок AB  — диаметр окружности, описанной около треугольника AOB.б)  Пусть K, L, M и N  — точки касания окружности со сторонами AB, BC, CD и AD данной трапеции соответственно. Тогда L  — середина основания BC, потому что углы ABC и BCD равны, углы OBL и OCL равны и прямоугольные треугольники OBL и OCL равны по общему катету OL и острому углу. Аналогично N  — середина основания AD.  Обозначим CM  =  CL  =  BL  =  BK  =  x; DM  =  DN  =  AN  =  AK  =  y (x < y); OK  =  OL  =  ON  =  OM  =  r. Тогда y  =  2x, LN  =  2r  — высота трапеции, а KM равно среднему гармоническому длин отрезков AD и  Для полноты докажем это утверждение. Отложим на стороне AD отрезок PD  =  BC, и пусть Q  — точка пересечения отрезков BP и KM. Тогда BCDP  — параллелограмм и BP параллельно CD. Заметим, что    QM  =  BC, а KQ находится из подобия треугольников BKQ и BAP: Пусть площадь трапеции ABCD равна S, а площадь четырёхугольника KLMN равна S1. Тогда а так как диагонали KM и LN четырёхугольника KLMN перпендикулярны, получаем, что  Следовательно,  Ответ: б)  Приведем другое решение.Пусть K, L, M и N  — точки касания окружности со сторонами AB, BC, CD и AD данной трапеции соответственно. Тогда L  — середина основания BC, потому что углы ABC и BCD равны, углы OBL и OCL равны и прямоугольные треугольники OBL и OCL равны по общему катету OL и острому углу. Аналогично N  — середина основания AD. Пусть BL  =  x, тогда BC  =  2x, AD  =  4x. По свойству касательных BK  =  BL  =  CM  =  CL  =  2x, AK  =  AN  =  DM  =  ND  =  2x, тогда AB  =  3x.Пусть ∠BAD  =  α, и пусть h  — высота трапеции, тогда",
        "html": "<div align=\"justify\" width=\"100%\" id=\"sol621779\" class=\"solution\" style=\"clear:both;\" class=\"pbody\"><p class=\"left_margin\"></p><b>Ре­ше­ние<!--rule_info-->. </b><p class=\"left_margin\"><img src=\"/get_file?id=150480\" style=\"float:right;margin:10px;max-width:100%\"></p><p class=\"left_margin\">а)  Центр окруж­но­сти, впи­сан­ной в угол, лежит на его бис­сек­три­се, по­это­му <i>AO</i> и <i>BO</i>  — бис­сек­три­сы углов <i>BAD</i> и <i>ABC</i> со­от­вет­ствен­но. Сле­до­ва­тель­но,</p><p class=\"left_margin\"></p><center><p><span data-width=\"640\" data-formulahash=\"589e9c29e20af4efc7a1e6df4faa6887\" class=\"tex-span\" style=\"\"><img src=\"https://ege.sdamgia.ru/formula/svg/58/589e9c29e20af4efc7a1e6df4faa6887.svg\" class=\"tex\" style=\"vertical-align:-8.3pt\" alt=\"\\angle OAB плюс \\angle OBA= дробь: чис­ли­тель: 1, зна­ме­на­тель: 2 конец дроби \\angle BAD плюс дробь: чис­ли­тель: 1, зна­ме­на­тель: 2 конец дроби \\angle ABC= дробь: чис­ли­тель: 1, зна­ме­на­тель: 2 конец дроби левая круг­лая скоб­ка \\angle BAD плюс \\angle ABC пра­вая круг­лая скоб­ка = дробь: чис­ли­тель: 1, зна­ме­на­тель: 2 конец дроби умно­жить на 180 гра­ду­сов =90 гра­ду­сов,\"></span><span data-width=\"515\" data-formulahash=\"589e9c29e20af4efc7a1e6df4faa6887\" class=\"tex-span\" style=\"display:none\"><img src=\"https://ege.sdamgia.ru/formula/svg/d5/d5a94e5d04bd36236c52464ebc0267f4.svg\" class=\"tex\" style=\"vertical-align:-8.4pt\" alt=\"\\angle OAB плюс \\angle OBA= дробь: чис­ли­тель: 1, зна­ме­на­тель: 2 конец дроби \\angle BAD плюс дробь: чис­ли­тель: 1, зна­ме­на­тель: 2 конец дроби \\angle ABC=\"><br><img src=\"https://ege.sdamgia.ru/formula/svg/7d/7da3f1c4bd9299df0685e08d4c0390da.svg\" class=\"tex\" style=\"vertical-align:-8.4pt\" alt=\"= дробь: чис­ли­тель: 1, зна­ме­на­тель: 2 конец дроби левая круг­лая скоб­ка \\angle BAD плюс \\angle ABC пра­вая круг­лая скоб­ка = дробь: чис­ли­тель: 1, зна­ме­на­тель: 2 конец дроби умно­жить на 180 гра­ду­сов =90 гра­ду­сов,\"></span></p><p><img src=\"https://ege.sdamgia.ru/formula/svg/d9/d9d6a5b11aec1d6ab70f66490b18fc5c.svg\" class=\"tex\" style=\"vertical-align:-1.8pt\" alt=\"\\angle AOB=180 гра­ду­сов минус \\angle OAB минус \\angle OBA=180 гра­ду­сов минус 90 гра­ду­сов =90 гра­ду­сов. \"></p><p class=\"left_margin\"></p></center><p class=\"left_margin\">Если угол, впи­сан­ный в окруж­ность, пря­мой, то он опи­ра­ет­ся на диа­метр. Сле­до­ва­тель­но, от­ре­зок <i>AB</i>  — диа­метр окруж­но­сти, опи­сан­ной около тре­уголь­ни­ка <i>AOB</i>.</p><p class=\"left_margin\">б)  Пусть <i>K</i>, <i>L</i>, <i>M</i> и <i>N</i>  — точки ка­са­ния окруж­но­сти со сто­ро­на­ми <i>AB</i>, <i>BC</i>, <i>CD</i> и <i>AD</i> дан­ной тра­пе­ции со­от­вет­ствен­но. Тогда <i>L</i>  — се­ре­ди­на ос­но­ва­ния <i>BC</i>, по­то­му что углы <i>ABC</i> и <i>BCD</i> равны, углы <i>OBL</i> и <i>OCL</i> равны и пря­мо­уголь­ные тре­уголь­ни­ки <i>OBL</i> и <i>OCL</i> равны по об­ще­му ка­те­ту <i>OL</i> и остро­му углу. Ана­ло­гич­но <i>N</i>  — се­ре­ди­на ос­но­ва­ния <i>AD</i>.  Обо­зна­чим <i>CM</i>  =  <i>CL</i>  =  <i>BL</i>  =  <i>BK</i>  =  <i>x</i>; <i>DM</i>  =  <i>DN</i>  =  <i>AN</i>  =  <i>AK</i>  =  <i>y</i> (<i>x</i> &lt; <i>y</i>); <i>OK</i>  =  <i>OL</i>  =  <i>ON</i>  =  <i>OM</i>  =  <i>r</i>. Тогда <i>y</i>  =  2<i>x</i>, <i>LN</i>  =  2<i>r</i>  — вы­со­та тра­пе­ции, а <i>KM</i> равно сред­не­му <img src=\"/get_file?id=150479\" style=\"float:right;margin:10px;max-width:100%\">гар­мо­ни­че­ско­му длин от­рез­ков <i>AD</i> и <img src=\"https://ege.sdamgia.ru/formula/svg/f3/f3118fc2720d0e28c4a8acbda5e45197.svg\" class=\"tex\" style=\"vertical-align:-9.2pt\" alt=\"BC:KM= дробь: чис­ли­тель: 2 умно­жить на AD умно­жить на BC, зна­ме­на­тель: AD плюс BC конец дроби . \"> Для пол­но­ты до­ка­жем это утвер­жде­ние. От­ло­жим на сто­ро­не <i>AD</i> от­ре­зок <i>PD</i>  =  <i>BC</i>, и пусть <i>Q</i>  — точка пе­ре­се­че­ния от­рез­ков <i>BP</i> и <i>KM</i>. Тогда <i>BCDP</i>  — па­рал­ле­ло­грамм и <i>BP</i> па­рал­лель­но <i>CD</i>.</p><p> За­ме­тим, что <img src=\"https://ege.sdamgia.ru/formula/svg/b3/b34f9d92f388fe8cba0c436fee0c9121.svg\" class=\"tex\" style=\"vertical-align:-8.3pt\" alt=\"BK= дробь: чис­ли­тель: BC, зна­ме­на­тель: 2 конец дроби , \"> <img src=\"https://ege.sdamgia.ru/formula/svg/1f/1f9546569e961e4641c82c4c5393f194.svg\" class=\"tex\" style=\"vertical-align:-8.3pt\" alt=\"AK= дробь: чис­ли­тель: AD, зна­ме­на­тель: 2 конец дроби , \"> <img src=\"https://ege.sdamgia.ru/formula/svg/d6/d6fb88644eca4af369fdf0fc9af145a6.svg\" class=\"tex\" style=\"vertical-align:-8.3pt\" alt=\"AB= дробь: чис­ли­тель: AD плюс BC, зна­ме­на­тель: 2 конец дроби , \"> <i>QM</i>  =  <i>BC</i>, а <i>KQ</i> на­хо­дит­ся из по­до­бия тре­уголь­ни­ков <i>BKQ</i> и <i>BAP</i>:</p><p class=\"left_margin\"></p><center><p><img src=\"https://ege.sdamgia.ru/formula/svg/47/47e28918c3dabd2eed36cc4b53eb0575.svg\" class=\"tex\" style=\"vertical-align:-9.3pt\" alt=\" дробь: чис­ли­тель: KQ, зна­ме­на­тель: AP конец дроби = дробь: чис­ли­тель: BK, зна­ме­на­тель: AB конец дроби = дробь: чис­ли­тель: BC, зна­ме­на­тель: AD плюс BC конец дроби рав­но­силь­но KQ= дробь: чис­ли­тель: левая круг­лая скоб­ка AD минус BC пра­вая круг­лая скоб­ка умно­жить на BC, зна­ме­на­тель: AD плюс BC конец дроби , \"></p><p><img src=\"https://ege.sdamgia.ru/formula/svg/4e/4e3e428bce542858e58ff4b19f235bbb.svg\" class=\"tex\" style=\"vertical-align:-9.3pt\" alt=\"KM=KQ плюс QM= дробь: чис­ли­тель: BC умно­жить на левая круг­лая скоб­ка AD минус BC пра­вая круг­лая скоб­ка , зна­ме­на­тель: AD плюс BC конец дроби плюс BC= дробь: чис­ли­тель: 2 умно­жить на AD умно­жить на BC, зна­ме­на­тель: AD плюс BC конец дроби , \"></p><p><img src=\"https://ege.sdamgia.ru/formula/svg/04/04471ebadb99268bd00bfc847dd9f9c3.svg\" class=\"tex\" style=\"vertical-align:-10.5pt\" alt=\"KM= дробь: чис­ли­тель: 2 умно­жить на BC умно­жить на AD, зна­ме­на­тель: BC плюс AD конец дроби = дробь: чис­ли­тель: 2 умно­жить на 2x умно­жить на 2y, зна­ме­на­тель: 2x плюс 2y конец дроби = дробь: чис­ли­тель: 4xy, зна­ме­на­тель: x плюс y конец дроби = дробь: чис­ли­тель: 8x в квад­ра­те , зна­ме­на­тель: 3x конец дроби = дробь: чис­ли­тель: 8, зна­ме­на­тель: 3 конец дроби x. \"></p><p class=\"left_margin\"></p></center><p> Пусть пло­щадь тра­пе­ции <i>ABCD</i> равна <i>S</i>, а пло­щадь четырёхуголь­ни­ка <i>KLMN</i> равна <i>S</i><sub>1</sub>. Тогда</p><p class=\"left_margin\"></p><center><p><img src=\"https://ege.sdamgia.ru/formula/svg/0f/0f1cdb4db8cb9ec3f3287e0f5a2f08d5.svg\" class=\"tex\" style=\"vertical-align:-8.3pt\" alt=\"S= дробь: чис­ли­тель: BC плюс AD, зна­ме­на­тель: 2 конец дроби умно­жить на LN= дробь: чис­ли­тель: 2x плюс 2y, зна­ме­на­тель: 2 конец дроби умно­жить на 2r=2 левая круг­лая скоб­ка x плюс y пра­вая круг­лая скоб­ка r=6xr, \"></p><p class=\"left_margin\"></p></center><p> а так как диа­го­на­ли <i>KM</i> и <i>LN</i> четырёхуголь­ни­ка <i>KLMN</i> пер­пен­ди­ку­ляр­ны, по­лу­ча­ем, что </p><p class=\"left_margin\"></p><center><p><img src=\"https://ege.sdamgia.ru/formula/svg/13/130a60d51248b301d4c553ce3ccf0c89.svg\" class=\"tex\" style=\"vertical-align:-8.5pt\" alt=\"S_1= дробь: чис­ли­тель: 1, зна­ме­на­тель: 2 конец дроби KM умно­жить на LN= дробь: чис­ли­тель: 1, зна­ме­на­тель: 2 конец дроби умно­жить на дробь: чис­ли­тель: 8, зна­ме­на­тель: 3 конец дроби x умно­жить на 2r= дробь: чис­ли­тель: 8, зна­ме­на­тель: 3 конец дроби xr.\"></p><p class=\"left_margin\"></p></center><p> Сле­до­ва­тель­но, <img src=\"https://ege.sdamgia.ru/formula/svg/68/68b65f0469bf377c0e46935033773576.svg\" class=\"tex\" style=\"vertical-align:-8.4pt\" alt=\" дробь: чис­ли­тель: S_1, зна­ме­на­тель: S конец дроби = дробь: чис­ли­тель: 8xr, зна­ме­на­тель: 3 умно­жить на 6xr конец дроби = дробь: чис­ли­тель: 4, зна­ме­на­тель: 9 конец дроби . \"></p><p>&nbsp;</p><p><span style=\"letter-spacing: 2px;\">Ответ:</span> б) <img src=\"https://ege.sdamgia.ru/formula/svg/2e/2efecc31e9cf9a0ffe2e0e46c0b2b21e.svg\" class=\"tex\" style=\"vertical-align:-8.5pt\" alt=\" дробь: чис­ли­тель: 4, зна­ме­на­тель: 9 конец дроби .\"></p><p>&nbsp;</p><p><b>При­ве­дем дру­гое ре­ше­ние.</b></p><p class=\"left_margin\">Пусть <i>K</i>, <i>L</i>, <i>M</i> и <i>N</i>  — точки ка­са­ния окруж­но­сти со сто­ро­на­ми <i>AB</i>, <i>BC</i>, <i>CD</i> и <i>AD</i> дан­ной тра­пе­ции со­от­вет­ствен­но. Тогда <i>L</i>  — се­ре­ди­на ос­но­ва­ния <i>BC</i>, по­то­му что углы <i>ABC</i> и <i>BCD</i> равны, углы <i>OBL</i> и <i>OCL</i> равны и пря­мо­уголь­ные тре­уголь­ни­ки <i>OBL</i> и <i>OCL</i> равны по об­ще­му ка­те­ту <i>OL</i> и остро­му углу. Ана­ло­гич­но <i>N</i>  — се­ре­ди­на ос­но­ва­ния <i>AD</i>. </p><p class=\"left_margin\">Пусть <i>BL</i>  =  <i>x</i>, тогда <i>BC</i>  =  2<i>x</i>, <i>AD</i>  =  4<i>x</i>. </p><p class=\"left_margin\">По свой­ству ка­са­тель­ных <i>BK</i>  =  <i>BL</i>  =  <i>CM</i>  =  <i>CL</i>  =  2<i>x</i>, <i>AK</i>  =  <i>AN</i>  =  <i>DM</i>  =  <i>ND</i>  =  2<i>x</i>, тогда <i>AB</i>  =  3<i>x</i>.</p><p class=\"left_margin\">Пусть ∠<i>BAD</i>  =  α, и пусть <i>h</i>  — вы­со­та тра­пе­ции, тогда</p><p class=\"left_margin\"></p><center><p><img src=\"https://ege.sdamgia.ru/formula/svg/cd/cd6b6068f80867dbac137e04ca9f28dd.svg\" class=\"tex\" style=\"vertical-align:-8.3pt\" alt=\"S_ABCD= дробь: чис­ли­тель: AD плюс BC, зна­ме­на­тель: 2 конец дроби h= дробь: чис­ли­тель: 4x плюс 2x, зна­ме­на­тель: 2 конец дроби умно­жить на 3x синус альфа = 9x в квад­ра­те синус альфа , \"></p><p><span data-width=\"640\" data-formulahash=\"37c44d892ca4874cbb0cf2439cd7cabb\" class=\"tex-span\" style=\"\"><img src=\"https://ege.sdamgia.ru/formula/svg/b8/b8fdf36b3f45c9b82a58ebb8d613e5f3.svg\" class=\"tex\" style=\"vertical-align:-3.6pt\" alt=\"S_KLMN=S_ABCD минус левая круг­лая скоб­ка S_KBL плюс S_LCM плюс S_MDN плюс S_NAK пра­вая круг­лая скоб­ка =\"><br><img src=\"https://ege.sdamgia.ru/formula/svg/02/029f5a7b4a8ea142a6d4759a041ebbec.svg\" class=\"tex\" style=\"vertical-align:-11.2pt\" alt=\"=9x в квад­ра­те синус альфа минус левая круг­лая скоб­ка 2 умно­жить на дробь: чис­ли­тель: 1, зна­ме­на­тель: 2 конец дроби x в квад­ра­те синус левая круг­лая скоб­ка 180 гра­ду­сов минус альфа пра­вая круг­лая скоб­ка плюс 2 умно­жить на дробь: чис­ли­тель: 1, зна­ме­на­тель: 2 конец дроби левая круг­лая скоб­ка 2x пра­вая круг­лая скоб­ка в квад­ра­те синус альфа пра­вая круг­лая скоб­ка =4x в квад­ра­те синус альфа ,\"></span><span data-width=\"390\" data-formulahash=\"37c44d892ca4874cbb0cf2439cd7cabb\" class=\"tex-span\" style=\"display:none\"><img src=\"https://ege.sdamgia.ru/formula/svg/b8/b8fdf36b3f45c9b82a58ebb8d613e5f3.svg\" class=\"tex\" style=\"vertical-align:-3.6pt\" alt=\"S_KLMN=S_ABCD минус левая круг­лая скоб­ка S_KBL плюс S_LCM плюс S_MDN плюс S_NAK пра­вая круг­лая скоб­ка =\"><br><img src=\"https://ege.sdamgia.ru/formula/svg/b3/b34e784ad24be9dc0b26bb5ee72ad465.svg\" class=\"tex\" style=\"vertical-align:-11.1pt\" alt=\"=9x в квад­ра­те синус альфа минус левая круг­лая скоб­ка 2 умно­жить на дробь: чис­ли­тель: 1, зна­ме­на­тель: 2 конец дроби x в квад­ра­те синус левая круг­лая скоб­ка 180 гра­ду­сов минус альфа пра­вая круг­лая скоб­ка плюс 2 умно­жить на дробь: чис­ли­тель: 1, зна­ме­на­тель: 2 конец дроби левая круг­лая скоб­ка 2x пра­вая круг­лая скоб­ка в квад­ра­те синус альфа пра­вая круг­лая скоб­ка =\"><br><img src=\"https://ege.sdamgia.ru/formula/svg/8b/8bb5c95d3bb9538958b84767d0545109.svg\" class=\"tex\" style=\"vertical-align:-3.0pt\" alt=\"=4x в квад­ра­те синус альфа ,\"></span></p><p><img src=\"https://ege.sdamgia.ru/formula/svg/87/87f214f22382e89a5e9c7aa2ed5e722d.svg\" class=\"tex\" style=\"vertical-align:-10.1pt\" alt=\" дробь: чис­ли­тель: S_KLMN, зна­ме­на­тель: S_ABCD конец дроби = дробь: чис­ли­тель: 4x в квад­ра­те синус альфа , зна­ме­на­тель: 9 x в квад­ра­те синус альфа конец дроби = дробь: чис­ли­тель: 4, зна­ме­на­тель: 9 конец дроби . \"></p><p class=\"left_margin\"></p></center></div>",
        "image_urls": [
            "https://ege.sdamgia.ru/formula/svg/58/589e9c29e20af4efc7a1e6df4faa6887.svg",
            "https://ege.sdamgia.ru/formula/svg/d5/d5a94e5d04bd36236c52464ebc0267f4.svg",
            "https://ege.sdamgia.ru/formula/svg/7d/7da3f1c4bd9299df0685e08d4c0390da.svg",
            "https://ege.sdamgia.ru/formula/svg/d9/d9d6a5b11aec1d6ab70f66490b18fc5c.svg",
            "https://ege.sdamgia.ru/formula/svg/f3/f3118fc2720d0e28c4a8acbda5e45197.svg",
            "https://ege.sdamgia.ru/formula/svg/b3/b34f9d92f388fe8cba0c436fee0c9121.svg",
            "https://ege.sdamgia.ru/formula/svg/1f/1f9546569e961e4641c82c4c5393f194.svg",
            "https://ege.sdamgia.ru/formula/svg/d6/d6fb88644eca4af369fdf0fc9af145a6.svg",
            "https://ege.sdamgia.ru/formula/svg/47/47e28918c3dabd2eed36cc4b53eb0575.svg",
            "https://ege.sdamgia.ru/formula/svg/4e/4e3e428bce542858e58ff4b19f235bbb.svg",
            "https://ege.sdamgia.ru/formula/svg/04/04471ebadb99268bd00bfc847dd9f9c3.svg",
            "https://ege.sdamgia.ru/formula/svg/0f/0f1cdb4db8cb9ec3f3287e0f5a2f08d5.svg",
            "https://ege.sdamgia.ru/formula/svg/13/130a60d51248b301d4c553ce3ccf0c89.svg",
            "https://ege.sdamgia.ru/formula/svg/68/68b65f0469bf377c0e46935033773576.svg",
            "https://ege.sdamgia.ru/formula/svg/2e/2efecc31e9cf9a0ffe2e0e46c0b2b21e.svg",
            "https://ege.sdamgia.ru/formula/svg/cd/cd6b6068f80867dbac137e04ca9f28dd.svg",
            "https://ege.sdamgia.ru/formula/svg/b8/b8fdf36b3f45c9b82a58ebb8d613e5f3.svg",
            "https://ege.sdamgia.ru/formula/svg/02/029f5a7b4a8ea142a6d4759a041ebbec.svg",
            "https://ege.sdamgia.ru/formula/svg/b8/b8fdf36b3f45c9b82a58ebb8d613e5f3.svg",
            "https://ege.sdamgia.ru/formula/svg/b3/b34e784ad24be9dc0b26bb5ee72ad465.svg",
            "https://ege.sdamgia.ru/formula/svg/8b/8bb5c95d3bb9538958b84767d0545109.svg",
            "https://ege.sdamgia.ru/formula/svg/87/87f214f22382e89a5e9c7aa2ed5e722d.svg",
            "/get_file?id=150480",
            "/get_file?id=150479"
        ]
    },
    "answer": "б)",
    "topic_id": 17,
    "analog_ids": [
        621779,
        621908
    ]
}