{
    "gia_type": "ege",
    "subject": "math",
    "id": 627185,
    "condition": {
        "text": "На окружности ω отмечены точки M, N, K таким образом, что MN  — диаметр, а K  — середина  дуги MN. Точка E  — середина  хорды MK. Точка  B  — середина  дуги  KN,  не содержащей точку M. Через точку E проведена хорда AB.а)  Докажите, что б)  В  окружность ω вписан  прямоугольник  ABCD.  Найдите  его  площадь,  если ",
        "html": "<div align=\"justify\" width=\"100%\" id=\"body524045\" class=\"pbody\"><p class=\"left_margin\">На окруж­но­сти <i>ω</i> от­ме­че­ны точки <i>M</i>, <i>N</i>, <i>K</i> таким об­ра­зом, что <i>MN</i>  — диа­метр, а <i>K</i>  — се­ре­ди­на  дуги <i>MN</i>. Точка <i>E</i>  — се­ре­ди­на  хорды <i>MK</i>. Точка  <i>B</i>  — се­ре­ди­на  дуги  <i>KN</i>,  не со­дер­жа­щей точку <i>M</i>. Через точку <i>E</i> про­ве­де­на хорда <i>AB</i>.</p><p class=\"left_margin\">а)  До­ка­жи­те, что <img src=\"https://ege.sdamgia.ru/formula/svg/37/3702ded76c25b9e028e2d9bcafc9575f.svg\" class=\"tex\" style=\"vertical-align:-1.8pt\" alt=\"AE:BE=1:3.\"></p><p class=\"left_margin\">б)  В  окруж­ность <i>ω</i> впи­сан  пря­мо­уголь­ник  <i>ABCD</i>.  Най­ди­те  его  пло­щадь,  если <img src=\"https://ege.sdamgia.ru/formula/svg/d0/d04bfa93762eadbc66f1ca79b8cecc63.svg\" class=\"tex\" style=\"vertical-align:-1.8pt\" alt=\"MN=3 ко­рень из: на­ча­ло ар­гу­мен­та: 7 конец ар­гу­мен­та .\"></p></div>",
        "image_urls": [
            "https://ege.sdamgia.ru/formula/svg/37/3702ded76c25b9e028e2d9bcafc9575f.svg",
            "https://ege.sdamgia.ru/formula/svg/d0/d04bfa93762eadbc66f1ca79b8cecc63.svg"
        ]
    },
    "solution": {
        "text": "Решение. а)  Пусть O  — центр окружности, R  — её радиус. Тогда  Далее, поскольку  тогда  Отсюда, по теореме Пифагора,  С дугой стороны,  что и требовалось доказать.б)  Имеем: Диагональ прямоугольника, вписанного в окружность, это диаметр окружности, следовательно, Тогда  Ответ: б) ",
        "html": "<div align=\"justify\" width=\"100%\" id=\"sol627185\" class=\"solution\" style=\"clear:both;\" class=\"pbody\"><p class=\"left_margin\"></p><b>Ре­ше­ние<!--rule_info-->. </b><p class=\"left_margin\"><img src=\"/get_file?id=150491\" style=\"float:right;margin:10px;max-width:100%\"></p><p class=\"left_margin\">а)  Пусть <i>O</i>  — центр окруж­но­сти, <i>R</i>  — её ра­ди­ус. Тогда <img src=\"https://ege.sdamgia.ru/formula/svg/c5/c5db55e8345e8d3488909e15bfb33c2e.svg\" class=\"tex\" style=\"vertical-align:-8.5pt\" alt=\"OE=EM=EK= дробь: чис­ли­тель: R ко­рень из: на­ча­ло ар­гу­мен­та: 2 конец ар­гу­мен­та , зна­ме­на­тель: 2 конец дроби . \"> Далее, по­сколь­ку <img src=\"https://ege.sdamgia.ru/formula/svg/c2/c280e9954d43692e41474a38cbf95f38.svg\" class=\"tex\" style=\"vertical-align:-3.0pt\" alt=\"\\angle EOK=45 гра­ду­сов =\\angle KOB=\\angle BON,\"> тогда <img src=\"https://ege.sdamgia.ru/formula/svg/70/706ad70cdde1b106982747b6001faa9d.svg\" class=\"tex\" style=\"vertical-align:-1.8pt\" alt=\"\\angle EOB=90 гра­ду­сов .\"> От­сю­да, по тео­ре­ме Пи­фа­го­ра, </p><p class=\"left_margin\"></p><center><p><img src=\"https://ege.sdamgia.ru/formula/svg/25/25dff3a8ee14b04ccaf339f124a338c8.svg\" class=\"tex\" style=\"vertical-align:-8.4pt\" alt=\"EB в квад­ра­те =EO в квад­ра­те плюс OB в квад­ра­те = дробь: чис­ли­тель: R в квад­ра­те , зна­ме­на­тель: 2 конец дроби плюс R в квад­ра­те = дробь: чис­ли­тель: 3R в квад­ра­те , зна­ме­на­тель: 2 конец дроби . \"></p><p class=\"left_margin\"></p></center><p> С дугой сто­ро­ны, </p><p class=\"left_margin\"></p><center><p><img src=\"https://ege.sdamgia.ru/formula/svg/72/72867d8804f009fb7a2f23489b191a30.svg\" class=\"tex\" style=\"vertical-align:-14.4pt\" alt=\"AE умно­жить на EB= левая круг­лая скоб­ка дробь: чис­ли­тель: R ко­рень из: на­ча­ло ар­гу­мен­та: 2 конец ар­гу­мен­та , зна­ме­на­тель: 2 конец дроби пра­вая круг­лая скоб­ка умно­жить на левая круг­лая скоб­ка дробь: чис­ли­тель: R ко­рень из: на­ча­ло ар­гу­мен­та: 2 конец ар­гу­мен­та , зна­ме­на­тель: 2 конец дроби пра­вая круг­лая скоб­ка = дробь: чис­ли­тель: R в квад­ра­те , зна­ме­на­тель: 2 конец дроби , \"></p><p><img src=\"https://ege.sdamgia.ru/formula/svg/79/79b5c90924e08b412b59b83575597f89.svg\" class=\"tex\" style=\"vertical-align:-14.7pt\" alt=\" дробь: чис­ли­тель: AE, зна­ме­на­тель: EB конец дроби = дробь: чис­ли­тель: AE умно­жить на EB, зна­ме­на­тель: EB в квад­ра­те конец дроби = дробь: чис­ли­тель: \\tfracR в квад­ра­те , зна­ме­на­тель: 2 конец дроби \\tfrac3R в квад­ра­те 2= дробь: чис­ли­тель: 1, зна­ме­на­тель: 3 конец дроби , \"></p><p class=\"left_margin\"></p></center><p> что и тре­бо­ва­лось до­ка­зать.</p><p class=\"left_margin\">б)  Имеем:</p><p class=\"left_margin\"></p><center><p><img src=\"https://ege.sdamgia.ru/formula/svg/61/61d0eaca300026858f54559ffada9c50.svg\" class=\"tex\" style=\"vertical-align:-8.7pt\" alt=\"AB= дробь: чис­ли­тель: 4, зна­ме­на­тель: 3 конец дроби EB= дробь: чис­ли­тель: 4, зна­ме­на­тель: 3 конец дроби умно­жить на ко­рень из: на­ча­ло ар­гу­мен­та: дробь: чис­ли­тель: 3R в квад­ра­те , зна­ме­на­тель: 2 конец дроби конец ар­гу­мен­та = дробь: чис­ли­тель: 2 ко­рень из: на­ча­ло ар­гу­мен­та: 6 конец ар­гу­мен­та R, зна­ме­на­тель: 3 конец дроби . \"></p><p class=\"left_margin\"></p></center><p> Диа­го­наль пря­мо­уголь­ни­ка, впи­сан­но­го в окруж­ность, это диа­метр окруж­но­сти, сле­до­ва­тель­но,</p><p class=\"left_margin\"></p><center><p><span data-width=\"640\" data-formulahash=\"c2b1986ba610668adaa4edb90429391e\" class=\"tex-span\" style=\"\"><img src=\"https://ege.sdamgia.ru/formula/svg/c2/c2b1986ba610668adaa4edb90429391e.svg\" class=\"tex\" style=\"vertical-align:-8.4pt\" alt=\"AB= дробь: чис­ли­тель: 2 ко­рень из: на­ча­ло ар­гу­мен­та: 6 конец ар­гу­мен­та , зна­ме­на­тель: 3 конец дроби умно­жить на дробь: чис­ли­тель: 3 ко­рень из: на­ча­ло ар­гу­мен­та: 7 конец ар­гу­мен­та , зна­ме­на­тель: 2 конец дроби = ко­рень из: на­ча­ло ар­гу­мен­та: 42 конец ар­гу­мен­та ,\\quad\\quad\\quad AC=3 ко­рень из: на­ча­ло ар­гу­мен­та: 7 конец ар­гу­мен­та ,\\quad\\quad\\quad BC в квад­ра­те = левая круг­лая скоб­ка 3 ко­рень из: на­ча­ло ар­гу­мен­та: 7 конец ар­гу­мен­та пра­вая круг­лая скоб­ка в квад­ра­те минус левая круг­лая скоб­ка ко­рень из: на­ча­ло ар­гу­мен­та: 42 конец ар­гу­мен­та пра­вая круг­лая скоб­ка в квад­ра­те =21. \"></span><span data-width=\"415\" data-formulahash=\"c2b1986ba610668adaa4edb90429391e\" class=\"tex-span\" style=\"display:none\"><img src=\"https://ege.sdamgia.ru/formula/svg/57/57bd1310ff5b0c9fa70ab6cae428934f.svg\" class=\"tex\" style=\"vertical-align:-8.5pt\" alt=\"AB= дробь: чис­ли­тель: 2 ко­рень из: на­ча­ло ар­гу­мен­та: 6 конец ар­гу­мен­та , зна­ме­на­тель: 3 конец дроби умно­жить на дробь: чис­ли­тель: 3 ко­рень из: на­ча­ло ар­гу­мен­та: 7 конец ар­гу­мен­та , зна­ме­на­тель: 2 конец дроби = ко­рень из: на­ча­ло ар­гу­мен­та: 42 конец ар­гу­мен­та ,\\quad\\quad\\quad AC=3 ко­рень из: на­ча­ло ар­гу­мен­та: 7 конец ар­гу­мен­та ,\\quad \"><br><img src=\"https://ege.sdamgia.ru/formula/svg/e5/e570f6a116a308260a90cf71d2f93628.svg\" class=\"tex\" style=\"vertical-align:-3.6pt\" alt=\"\\quad\\quad\\quad BC в квад­ра­те = левая круг­лая скоб­ка 3 ко­рень из: на­ча­ло ар­гу­мен­та: 7 конец ар­гу­мен­та пра­вая круг­лая скоб­ка в квад­ра­те минус левая круг­лая скоб­ка ко­рень из: на­ча­ло ар­гу­мен­та: 42 конец ар­гу­мен­та пра­вая круг­лая скоб­ка в квад­ра­те =21.\"></span></p><p class=\"left_margin\"></p></center><p> Тогда <img src=\"https://ege.sdamgia.ru/formula/svg/a9/a947f5dba579d78087315cdf3982da0a.svg\" class=\"tex\" style=\"vertical-align:-2.6pt\" alt=\"S_ABCD=AB умно­жить на BC= ко­рень из: на­ча­ло ар­гу­мен­та: 42 конец ар­гу­мен­та умно­жить на ко­рень из: на­ча­ло ар­гу­мен­та: 21 конец ар­гу­мен­та =21 ко­рень из: на­ча­ло ар­гу­мен­та: 2 конец ар­гу­мен­та .\"></p><p>&nbsp;</p><p><span style=\"letter-spacing: 2px;\">Ответ:</span> б) <img src=\"https://ege.sdamgia.ru/formula/svg/1d/1d54e3da8ceb7c4b5168433d99b6f390.svg\" class=\"tex\" style=\"vertical-align:-1.8pt\" alt=\"21 ко­рень из: на­ча­ло ар­гу­мен­та: 2 конец ар­гу­мен­та .\"></p></div>",
        "image_urls": [
            "https://ege.sdamgia.ru/formula/svg/c5/c5db55e8345e8d3488909e15bfb33c2e.svg",
            "https://ege.sdamgia.ru/formula/svg/c2/c280e9954d43692e41474a38cbf95f38.svg",
            "https://ege.sdamgia.ru/formula/svg/70/706ad70cdde1b106982747b6001faa9d.svg",
            "https://ege.sdamgia.ru/formula/svg/25/25dff3a8ee14b04ccaf339f124a338c8.svg",
            "https://ege.sdamgia.ru/formula/svg/72/72867d8804f009fb7a2f23489b191a30.svg",
            "https://ege.sdamgia.ru/formula/svg/79/79b5c90924e08b412b59b83575597f89.svg",
            "https://ege.sdamgia.ru/formula/svg/61/61d0eaca300026858f54559ffada9c50.svg",
            "https://ege.sdamgia.ru/formula/svg/c2/c2b1986ba610668adaa4edb90429391e.svg",
            "https://ege.sdamgia.ru/formula/svg/57/57bd1310ff5b0c9fa70ab6cae428934f.svg",
            "https://ege.sdamgia.ru/formula/svg/e5/e570f6a116a308260a90cf71d2f93628.svg",
            "https://ege.sdamgia.ru/formula/svg/a9/a947f5dba579d78087315cdf3982da0a.svg",
            "https://ege.sdamgia.ru/formula/svg/1d/1d54e3da8ceb7c4b5168433d99b6f390.svg",
            "/get_file?id=150491"
        ]
    },
    "answer": "б)",
    "topic_id": 17,
    "analog_ids": []
}