{
    "gia_type": "ege",
    "subject": "math",
    "id": 628918,
    "condition": {
        "text": "Выпуклый  четырехугольник  ABCD  вписан  в  окружность  радиуса  R  с  центром  в точке O, его диагонали AC и BD пересекаются в точке P, а продолжения сторон BC и AD пересекаются в точке Q. а)  Докажите, что б)  Найдите R, если АВ  =  5, CD  =  6, ",
        "html": "<div align=\"justify\" width=\"100%\" id=\"body521802\" class=\"pbody\"><p class=\"left_margin\">Вы­пук­лый  че­ты­рех­уголь­ник  <i>ABCD</i>  впи­сан  в  окруж­ность  ра­ди­у­са  <i>R</i>  с  цен­тром  в точке <i>O</i>, его диа­го­на­ли <i>AC</i> и <i>BD</i> пе­ре­се­ка­ют­ся в точке <i>P</i>, а про­дол­же­ния сто­рон <i>BC</i> и <i>AD</i> пе­ре­се­ка­ют­ся в точке <i>Q</i>. </p><p class=\"left_margin\">а)  До­ка­жи­те, что <img src=\"https://ege.sdamgia.ru/formula/svg/10/106a666b7722be3abb763f3e9cba174e.svg\" class=\"tex\" style=\"vertical-align:-3.0pt\" alt=\"AQ умно­жить на DQ плюс BP умно­жить на DP=OQ в квад­ра­те минус OP в квад­ра­те .\"></p><p class=\"left_margin\">б)  Най­ди­те <i>R</i>, если <i>АВ</i>  =  5, <i>CD</i>  =  6, <img src=\"https://ege.sdamgia.ru/formula/svg/9f/9f8977e0e9ee59f7ed25732630d56cd1.svg\" class=\"tex\" style=\"vertical-align:-3.0pt\" alt=\"\\angle AQB=30 гра­ду­сов .\"></p></div>",
        "image_urls": [
            "https://ege.sdamgia.ru/formula/svg/10/106a666b7722be3abb763f3e9cba174e.svg",
            "https://ege.sdamgia.ru/formula/svg/9f/9f8977e0e9ee59f7ed25732630d56cd1.svg"
        ]
    },
    "solution": {
        "text": "Решение.  а)  Проведем QG  — касательную к окружности и EF  — диаметр, проходящий через точку P. Тогда по теоремам о пропорциональных отрезках в круге получаем:  и  Складывая эти два равенства, получаем требуемое.б)  Пусть  Тогда, по теореме о внешнем угле,  Далее, по теореме синусов  и  Поделив одно равенство на другое получим: Отсюда  Значит,  Ответ: б) ",
        "html": "<div align=\"justify\" width=\"100%\" id=\"sol628918\" class=\"solution\" style=\"clear:both;\" class=\"pbody\"><p class=\"left_margin\"></p><b>Ре­ше­ние<!--rule_info-->. </b><p class=\"left_margin\"><img src=\"/get_file?id=108635\" style=\"float:right;margin:10px;max-width:100%\"> а)  Про­ве­дем <i>QG</i>  — ка­са­тель­ную к окруж­но­сти и <i>EF</i>  — диа­метр, про­хо­дя­щий через точку <i>P</i>. Тогда по тео­ре­мам о про­пор­ци­о­наль­ных от­рез­ках в круге по­лу­ча­ем: </p><p class=\"left_margin\"></p><center><p><img src=\"https://ege.sdamgia.ru/formula/svg/34/34c4f24c3c3e4c957f56b0ca05dea728.svg\" class=\"tex\" style=\"vertical-align:-3.0pt\" alt=\"AQ умно­жить на DQ=QG в квад­ра­те =QO в квад­ра­те минус R в квад­ра­те \"></p><p class=\"left_margin\"></p></center><p> и </p><p class=\"left_margin\"></p><center><p><img src=\"https://ege.sdamgia.ru/formula/svg/83/83aeed376d31a15813ab3ac9c18d68f8.svg\" class=\"tex\" style=\"vertical-align:-3.6pt\" alt=\"BP умно­жить на DP=EP умно­жить на FP= левая круг­лая скоб­ка R минус OP пра­вая круг­лая скоб­ка умно­жить на левая круг­лая скоб­ка R плюс OP пра­вая круг­лая скоб­ка =R в квад­ра­те минус OP в квад­ра­те .\"></p><p class=\"left_margin\"></p></center><p> Скла­ды­вая эти два ра­вен­ства, по­лу­ча­ем тре­бу­е­мое.</p><p class=\"left_margin\">б)  Пусть <img src=\"https://ege.sdamgia.ru/formula/svg/ac/ac7eddb3bf82f0389ebb61213fa6c072.svg\" class=\"tex\" style=\"vertical-align:-1.8pt\" alt=\"\\angle ADB= альфа .\"> Тогда, по тео­ре­ме о внеш­нем угле, <img src=\"https://ege.sdamgia.ru/formula/svg/c2/c28013a88e751defd518b7467e40d36f.svg\" class=\"tex\" style=\"vertical-align:-1.8pt\" alt=\"\\angle CBD= альфа плюс 30 в сте­пе­ни левая круг­лая скоб­ка \\circ пра­вая круг­лая скоб­ка .\"> Далее, по тео­ре­ме си­ну­сов <img src=\"https://ege.sdamgia.ru/formula/svg/59/59580b179a4e1c5eadf71b7b71966158.svg\" class=\"tex\" style=\"vertical-align:-3.6pt\" alt=\"6=2R умно­жить на синус левая круг­лая скоб­ка альфа плюс 30 в сте­пе­ни левая круг­лая скоб­ка \\circ пра­вая круг­лая скоб­ка пра­вая круг­лая скоб­ка \"> и <img src=\"https://ege.sdamgia.ru/formula/svg/1b/1b29a544bffeff034923ca10e9311203.svg\" class=\"tex\" style=\"vertical-align:-1.8pt\" alt=\"5=2R умно­жить на синус альфа .\"> По­де­лив одно ра­вен­ство на дру­гое по­лу­чим:</p><p class=\"left_margin\"></p><center><p><img src=\"https://ege.sdamgia.ru/formula/svg/c3/c3b547f6f4146594da41ec4e7898721b.svg\" class=\"tex\" style=\"vertical-align:-8.6pt\" alt=\"\\dfrac65=\\dfrac ко­рень из: на­ча­ло ар­гу­мен­та: 3 конец ар­гу­мен­та 2 плюс дробь: чис­ли­тель: 1, зна­ме­на­тель: 2 конец дроби \\ctg альфа рав­но­силь­но \\ctg альфа =\\dfrac12 минус 5 ко­рень из: на­ча­ло ар­гу­мен­та: 3 конец ар­гу­мен­та 5. \"></p><p class=\"left_margin\"></p></center><p> От­сю­да </p><p class=\"left_margin\"></p><center><p><img src=\"https://ege.sdamgia.ru/formula/svg/8e/8e0ebef4fa588a8e7be47aeec0c86fd2.svg\" class=\"tex\" style=\"vertical-align:-11.3pt\" alt=\" дробь: чис­ли­тель: 1, зна­ме­на­тель: синус альфа конец дроби = ко­рень из: на­ча­ло ар­гу­мен­та: \\dfrac244 минус 120 ко­рень из: на­ча­ло ар­гу­мен­та: 3 конец ар­гу­мен­та конец ар­гу­мен­та 25=\\dfrac2 ко­рень из: на­ча­ло ар­гу­мен­та: 61 минус 30 ко­рень из: на­ча­ло ар­гу­мен­та: 3 конец ар­гу­мен­та конец ар­гу­мен­та 5. \"></p><p class=\"left_margin\"></p></center><p> Зна­чит, <img src=\"https://ege.sdamgia.ru/formula/svg/14/14af3425e3a6fa443000979d6628e109.svg\" class=\"tex\" style=\"vertical-align:-4.9pt\" alt=\"R= ко­рень из: на­ча­ло ар­гу­мен­та: 61 минус 30 ко­рень из: на­ча­ло ар­гу­мен­та: 3 конец ар­гу­мен­та конец ар­гу­мен­та .\"></p><p>&nbsp;</p><p><span style=\"letter-spacing: 2px;\">Ответ:</span> <nobr>б) <img src=\"https://ege.sdamgia.ru/formula/svg/1d/1dd98fd10147d66ed4425cfaa6b6c96b.svg\" class=\"tex\" style=\"vertical-align:-4.9pt\" alt=\" ко­рень из: на­ча­ло ар­гу­мен­та: 61 минус 30 ко­рень из: на­ча­ло ар­гу­мен­та: 3 конец ар­гу­мен­та конец ар­гу­мен­та .\"></nobr></p></div>",
        "image_urls": [
            "https://ege.sdamgia.ru/formula/svg/34/34c4f24c3c3e4c957f56b0ca05dea728.svg",
            "https://ege.sdamgia.ru/formula/svg/83/83aeed376d31a15813ab3ac9c18d68f8.svg",
            "https://ege.sdamgia.ru/formula/svg/ac/ac7eddb3bf82f0389ebb61213fa6c072.svg",
            "https://ege.sdamgia.ru/formula/svg/c2/c28013a88e751defd518b7467e40d36f.svg",
            "https://ege.sdamgia.ru/formula/svg/59/59580b179a4e1c5eadf71b7b71966158.svg",
            "https://ege.sdamgia.ru/formula/svg/1b/1b29a544bffeff034923ca10e9311203.svg",
            "https://ege.sdamgia.ru/formula/svg/c3/c3b547f6f4146594da41ec4e7898721b.svg",
            "https://ege.sdamgia.ru/formula/svg/8e/8e0ebef4fa588a8e7be47aeec0c86fd2.svg",
            "https://ege.sdamgia.ru/formula/svg/14/14af3425e3a6fa443000979d6628e109.svg",
            "https://ege.sdamgia.ru/formula/svg/1d/1dd98fd10147d66ed4425cfaa6b6c96b.svg",
            "/get_file?id=108635"
        ]
    },
    "answer": "б)",
    "topic_id": 17,
    "analog_ids": []
}