{
    "gia_type": "ege",
    "subject": "math",
    "id": 629507,
    "condition": {
        "text": "В равнобедренном тупоугольном треугольнике ABC на продолжение боковой стороны BC опущена высота AH. Из точки H на сторону AB и основание AC опущены перпендикуляры HK и HM соответственно. а)  Докажите, что отрезки AM и MK равны.б)  Найдите MK, если AB  =  5, AC  =  8.",
        "html": "<div align=\"justify\" width=\"100%\" id=\"body521727\" class=\"pbody\"><p class=\"left_margin\">В рав­но­бед­рен­ном ту­по­уголь­ном тре­уголь­ни­ке <i>ABC</i> на про­дол­же­ние бо­ко­вой сто­ро­ны <i>BC</i> опу­ще­на вы­со­та <i>AH</i>. Из точки <i>H</i> на сто­ро­ну <i>AB</i> и ос­но­ва­ние <i>AC</i> опу­ще­ны пер­пен­ди­ку­ля­ры <i>HK</i> и <i>HM</i> со­от­вет­ствен­но. </p><p class=\"left_margin\">а)  До­ка­жи­те, что от­рез­ки <i>AM</i> и <i>MK</i> равны.</p><p class=\"left_margin\">б)  Най­ди­те <i>MK</i>, если <i>AB</i>  =  5, <i>AC</i>  =  8.</p></div>",
        "image_urls": []
    },
    "solution": {
        "text": "Решение. а)  Пусть  Тогда  Отсюда  поскольку четырехугольник AHKM вписанный. Тогда треугольник AMK равнобедренный и AM  =  MK. Что и требовалось доказать.б)  Из треугольника ABC получаем, что  Значит,  Тогда: Ответ: б) ",
        "html": "<div align=\"justify\" width=\"100%\" id=\"sol629507\" class=\"solution\" style=\"clear:both;\" class=\"pbody\"><p class=\"left_margin\"></p><b>Ре­ше­ние<!--rule_info-->. </b><p class=\"left_margin\"><img src=\"/get_file?id=150493\" style=\"float:right;margin:10px;max-width:100%\"></p><p class=\"left_margin\">а)  Пусть <img src=\"https://ege.sdamgia.ru/formula/svg/ad/aded8a895cdae640abff363514f84809.svg\" class=\"tex\" style=\"vertical-align:-1.8pt\" alt=\"\\angle BCA=\\angle AHM= альфа .\"> Тогда <img src=\"https://ege.sdamgia.ru/formula/svg/4e/4e776b78f3a79c52ad6a51beb6566ef4.svg\" class=\"tex\" style=\"vertical-align:-1.8pt\" alt=\"\\angle ABH=\\angle AHK=2 альфа .\"> От­сю­да </p><p class=\"left_margin\"></p><center><p><img src=\"https://ege.sdamgia.ru/formula/svg/c8/c89542bd4e7175d764a0248d283771ee.svg\" class=\"tex\" style=\"vertical-align:-3.0pt\" alt=\"\\angle AHM=\\angle MHK=\\angle MAK=\\angle MKA,\"></p><p class=\"left_margin\"></p></center><p> по­сколь­ку че­ты­рех­уголь­ник <i>AHKM</i> впи­сан­ный. Тогда тре­уголь­ник <i>AMK</i> рав­но­бед­рен­ный и <i>AM</i>  =  <i>MK</i>. Что и тре­бо­ва­лось до­ка­зать.</p><p class=\"left_margin\">б)  Из тре­уголь­ни­ка <i>ABC</i> по­лу­ча­ем, что <img src=\"https://ege.sdamgia.ru/formula/svg/fa/faf8cda0da495afa50cf506134ee9034.svg\" class=\"tex\" style=\"vertical-align:-8.5pt\" alt=\" ко­си­нус \\angle BCA= дробь: чис­ли­тель: 4, зна­ме­на­тель: 5 конец дроби .\"> Зна­чит, <img src=\"https://ege.sdamgia.ru/formula/svg/45/45784fdc8eca6958d4a1eb0464daac75.svg\" class=\"tex\" style=\"vertical-align:-8.5pt\" alt=\" синус \\angle BCA= дробь: чис­ли­тель: 3, зна­ме­на­тель: 5 конец дроби .\"> Тогда:</p><p class=\"left_margin\"></p><center><p><img src=\"https://ege.sdamgia.ru/formula/svg/66/66bfe64391c017e3d1815d70d2198b40.svg\" class=\"tex\" style=\"vertical-align:-8.5pt\" alt=\"HA=8 умно­жить на дробь: чис­ли­тель: 3, зна­ме­на­тель: 5 конец дроби = дробь: чис­ли­тель: 24, зна­ме­на­тель: 5 конец дроби , \"> </p><p><img src=\"https://ege.sdamgia.ru/formula/svg/f2/f29ffa46c141aeae8f3b2f124ad2bb75.svg\" class=\"tex\" style=\"vertical-align:-8.5pt\" alt=\"MK=AM=HA умно­жить на синус \\angle AHM= дробь: чис­ли­тель: 24, зна­ме­на­тель: 5 конец дроби умно­жить на дробь: чис­ли­тель: 3, зна­ме­на­тель: 5 конец дроби = дробь: чис­ли­тель: 72, зна­ме­на­тель: 25 конец дроби . \"></p><p class=\"left_margin\"></p></center><p><span style=\"letter-spacing: 2px;\">Ответ:</span> б) <img src=\"https://ege.sdamgia.ru/formula/svg/14/14bc23246103088efc60297dd7cf554f.svg\" class=\"tex\" style=\"vertical-align:-8.5pt\" alt=\" дробь: чис­ли­тель: 72, зна­ме­на­тель: 25 конец дроби . \"></p></div>",
        "image_urls": [
            "https://ege.sdamgia.ru/formula/svg/ad/aded8a895cdae640abff363514f84809.svg",
            "https://ege.sdamgia.ru/formula/svg/4e/4e776b78f3a79c52ad6a51beb6566ef4.svg",
            "https://ege.sdamgia.ru/formula/svg/c8/c89542bd4e7175d764a0248d283771ee.svg",
            "https://ege.sdamgia.ru/formula/svg/fa/faf8cda0da495afa50cf506134ee9034.svg",
            "https://ege.sdamgia.ru/formula/svg/45/45784fdc8eca6958d4a1eb0464daac75.svg",
            "https://ege.sdamgia.ru/formula/svg/66/66bfe64391c017e3d1815d70d2198b40.svg",
            "https://ege.sdamgia.ru/formula/svg/f2/f29ffa46c141aeae8f3b2f124ad2bb75.svg",
            "https://ege.sdamgia.ru/formula/svg/14/14bc23246103088efc60297dd7cf554f.svg",
            "/get_file?id=150493"
        ]
    },
    "answer": "б)",
    "topic_id": 17,
    "analog_ids": []
}