{
    "gia_type": "ege",
    "subject": "math",
    "id": 632832,
    "condition": {
        "text": "В трапеции АВСD боковая сторона CD перпендикулярна основаниям AD и ВС. В эту трапецию  вписали  окружность  с  центром О.  Прямая  АО  пересекает  продолжение отрезка ВС в точке Е. а)  Докажите, что AD  =  CE + CD. б)   Найдите площадь трапеции ABCD,  если AE  =  10, ",
        "html": "<div align=\"justify\" width=\"100%\" id=\"body509692\" class=\"pbody\"><p class=\"left_margin\">В тра­пе­ции <i>АВСD</i> бо­ко­вая сто­ро­на <i>CD</i> пер­пен­ди­ку­ляр­на ос­но­ва­ни­ям <i>AD</i> и <i>ВС</i>. В эту тра­пе­цию  впи­са­ли  окруж­ность  с  цен­тром <i>О</i>.  Пря­мая  <i>АО</i>  пе­ре­се­ка­ет  про­дол­же­ние от­рез­ка <i>ВС</i> в точке <i>Е</i>. </p><p class=\"left_margin\">а)  До­ка­жи­те, что <i>AD</i>  =  <i>CE</i> + <i>CD</i>. </p><p class=\"left_margin\">б)   Най­ди­те пло­щадь тра­пе­ции <i>ABCD</i>,  если <i>AE</i>  =  10, <img src=\"https://ege.sdamgia.ru/formula/svg/a6/a644c9545f03b94d6edae8cac7645cd9.svg\" class=\"tex\" style=\"vertical-align:-1.8pt\" alt=\" \\angle BAD=60 гра­ду­сов .\"></p></div>",
        "image_urls": [
            "https://ege.sdamgia.ru/formula/svg/a6/a644c9545f03b94d6edae8cac7645cd9.svg"
        ]
    },
    "solution": {
        "text": "Решение. а)  Заметим, что  как накрест лежащие при параллельных прямых AD и BC. Точки M и N  — точки касания окружности с основаниями BC и AD соответственно. Отрезки MO и ON равны как радиусы, следовательно, треугольник MOE равен треугольнику NOA, а потому отрезки ME и AN равны. Значит,  Что и требовалось доказать.б)  Точка O равноудалена от прямых AB и AD, следовательно, прямая AO  — биссектриса угла BAD. Тогда  и откуда следует, что  По свойству описанного четырехугольника  тогдаОтвет: б) ",
        "html": "<div align=\"justify\" width=\"100%\" id=\"sol632832\" class=\"solution\" style=\"clear:both;\" class=\"pbody\"><p class=\"left_margin\"></p><b>Ре­ше­ние<!--rule_info-->. </b><p class=\"left_margin\"><img src=\"/get_file?id=116281\" style=\"float:right;margin:10px;max-width:100%\">а)  За­ме­тим, что <img src=\"https://ege.sdamgia.ru/formula/svg/8e/8e04cced53ccf2352cf63916592d9d10.svg\" class=\"tex\" style=\"vertical-align:-1.8pt\" alt=\"\\angle OAN=\\angle OEM\"> как на­крест ле­жа­щие при па­рал­лель­ных пря­мых <i>AD</i> и <i>BC</i>. Точки <i>M</i> и <i>N</i>  — точки ка­са­ния окруж­но­сти с ос­но­ва­ни­я­ми <i>BC</i> и <i>AD</i> со­от­вет­ствен­но. От­рез­ки <i>MO</i> и <i>ON</i> равны как ра­ди­у­сы, сле­до­ва­тель­но, тре­уголь­ник <i>MOE</i> равен тре­уголь­ни­ку <i>NOA</i>, а по­то­му от­рез­ки <i>ME</i> и <i>AN</i> равны. Зна­чит, </p><p class=\"left_margin\"></p><center><p><img src=\"https://ege.sdamgia.ru/formula/svg/6d/6db16e82042252ebc31766e3a964b810.svg\" class=\"tex\" style=\"vertical-align:-8.3pt\" alt=\"AD=AN плюс ND=ME плюс ND= дробь: чис­ли­тель: 1, зна­ме­на­тель: 2 конец дроби CD плюс CE плюс дробь: чис­ли­тель: 1, зна­ме­на­тель: 2 конец дроби CD=CD плюс CE.\"></p><p class=\"left_margin\"></p></center><p> Что и тре­бо­ва­лось до­ка­зать.</p><p class=\"left_margin\">б)  Точка <i>O</i> рав­но­уда­ле­на от пря­мых <i>AB</i> и <i>AD</i>, сле­до­ва­тель­но, пря­мая <i>AO</i>  — бис­сек­три­са угла <i>BAD</i>. Тогда <img src=\"https://ege.sdamgia.ru/formula/svg/3e/3eb0df64505e48790524dddd36600309.svg\" class=\"tex\" style=\"vertical-align:-1.8pt\" alt=\"\\angle OAN=30 гра­ду­сов \"> и</p><p class=\"left_margin\"></p><center><p><img src=\"https://ege.sdamgia.ru/formula/svg/fa/fa443a7493b354a95514b89764ebd5ff.svg\" class=\"tex\" style=\"vertical-align:-8.4pt\" alt=\"MN=2ON=AO= дробь: чис­ли­тель: 1, зна­ме­на­тель: 2 конец дроби AE=5,\"></p><p class=\"left_margin\"></p></center><p> от­ку­да сле­ду­ет, что </p><p></p><div class=\"flex-math\"><p><img src=\"https://ege.sdamgia.ru/formula/svg/2b/2bffbafe3a40e2c87417ab2ab026f93d.svg\" class=\"tex\" style=\"vertical-align:-11.0pt\" alt=\"AB= дробь: чис­ли­тель: MN, зна­ме­на­тель: синус 60 гра­ду­сов конец дроби = дробь: чис­ли­тель: 10, зна­ме­на­тель: ко­рень из: на­ча­ло ар­гу­мен­та: 3 конец ар­гу­мен­та конец дроби \"> </p><p></p></div><p class=\"left_margin\">По свой­ству опи­сан­но­го че­ты­рех­уголь­ни­ка <img src=\"https://ege.sdamgia.ru/formula/svg/65/65f9e13a2607ea49a30ac2447e6bad80.svg\" class=\"tex\" style=\"vertical-align:-3.0pt\" alt=\"AB плюс CD=BC плюс AD,\"> тогда</p><p class=\"left_margin\"></p><center><p><span data-width=\"640\" data-formulahash=\"9ad0599c4a36237bd4d9e12f87ecf3a9\" class=\"tex-span\" style=\"\"><img src=\"https://ege.sdamgia.ru/formula/svg/09/09cf307e7eb978672a9776cd4adbd2e9.svg\" class=\"tex\" style=\"vertical-align:-8.4pt\" alt=\" S_ABCD= дробь: чис­ли­тель: 1, зна­ме­на­тель: 2 конец дроби умно­жить на MN умно­жить на левая круг­лая скоб­ка BC плюс AD пра­вая круг­лая скоб­ка = дробь: чис­ли­тель: 1, зна­ме­на­тель: 2 конец дроби умно­жить на MN умно­жить на левая круг­лая скоб­ка AB плюс CD пра­вая круг­лая скоб­ка =\"><br><img src=\"https://ege.sdamgia.ru/formula/svg/49/497e862a25807040810568361ecacb01.svg\" class=\"tex\" style=\"vertical-align:-11.3pt\" alt=\"= дробь: чис­ли­тель: 5, зна­ме­на­тель: 2 конец дроби умно­жить на левая круг­лая скоб­ка дробь: чис­ли­тель: 10, зна­ме­на­тель: ко­рень из: на­ча­ло ар­гу­мен­та: 3 конец ар­гу­мен­та конец дроби плюс 5 пра­вая круг­лая скоб­ка = дробь: чис­ли­тель: 25 ко­рень из: на­ча­ло ар­гу­мен­та: 3 конец ар­гу­мен­та плюс 50, зна­ме­на­тель: 2 ко­рень из 3 конец дроби = дробь: чис­ли­тель: 75 плюс 50 ко­рень из: на­ча­ло ар­гу­мен­та: 3 конец ар­гу­мен­та , зна­ме­на­тель: 6 конец дроби . \"></span><span data-width=\"340\" data-formulahash=\"9ad0599c4a36237bd4d9e12f87ecf3a9\" class=\"tex-span\" style=\"display:none\"><img src=\"https://ege.sdamgia.ru/formula/svg/04/04e50145a0ab72fcf6ca76418284d490.svg\" class=\"tex\" style=\"vertical-align:-8.4pt\" alt=\" S_ABCD= дробь: чис­ли­тель: 1, зна­ме­на­тель: 2 конец дроби умно­жить на MN умно­жить на левая круг­лая скоб­ка BC плюс AD пра­вая круг­лая скоб­ка =\"><br><img src=\"https://ege.sdamgia.ru/formula/svg/0d/0dd25aef2344fca47db14f1e018b9862.svg\" class=\"tex\" style=\"vertical-align:-11.1pt\" alt=\"= дробь: чис­ли­тель: 1, зна­ме­на­тель: 2 конец дроби умно­жить на MN умно­жить на левая круг­лая скоб­ка AB плюс CD пра­вая круг­лая скоб­ка = дробь: чис­ли­тель: 5, зна­ме­на­тель: 2 конец дроби умно­жить на левая круг­лая скоб­ка дробь: чис­ли­тель: 10, зна­ме­на­тель: ко­рень из: на­ча­ло ар­гу­мен­та: 3 конец ар­гу­мен­та конец дроби плюс 5 пра­вая круг­лая скоб­ка = \"><br><img src=\"https://ege.sdamgia.ru/formula/svg/45/457c7360a321a93cdd7d5d949f81737f.svg\" class=\"tex\" style=\"vertical-align:-11.1pt\" alt=\"= дробь: чис­ли­тель: 25 ко­рень из: на­ча­ло ар­гу­мен­та: 3 конец ар­гу­мен­та плюс 50, зна­ме­на­тель: 2 ко­рень из 3 конец дроби = дробь: чис­ли­тель: 75 плюс 50 ко­рень из: на­ча­ло ар­гу­мен­та: 3 конец ар­гу­мен­та , зна­ме­на­тель: 6 конец дроби . \"></span></p><p class=\"left_margin\"></p></center><p><span style=\"letter-spacing: 2px;\">Ответ:</span> б) <img src=\"https://ege.sdamgia.ru/formula/svg/15/15093c0b71363ce67f79a78f6ba82d51.svg\" class=\"tex\" style=\"vertical-align:-8.4pt\" alt=\" дробь: чис­ли­тель: 25, зна­ме­на­тель: 6 конец дроби левая круг­лая скоб­ка 3 плюс 2 ко­рень из 3 пра­вая круг­лая скоб­ка . \"></p></div>",
        "image_urls": [
            "https://ege.sdamgia.ru/formula/svg/8e/8e04cced53ccf2352cf63916592d9d10.svg",
            "https://ege.sdamgia.ru/formula/svg/6d/6db16e82042252ebc31766e3a964b810.svg",
            "https://ege.sdamgia.ru/formula/svg/3e/3eb0df64505e48790524dddd36600309.svg",
            "https://ege.sdamgia.ru/formula/svg/fa/fa443a7493b354a95514b89764ebd5ff.svg",
            "https://ege.sdamgia.ru/formula/svg/2b/2bffbafe3a40e2c87417ab2ab026f93d.svg",
            "https://ege.sdamgia.ru/formula/svg/65/65f9e13a2607ea49a30ac2447e6bad80.svg",
            "https://ege.sdamgia.ru/formula/svg/09/09cf307e7eb978672a9776cd4adbd2e9.svg",
            "https://ege.sdamgia.ru/formula/svg/49/497e862a25807040810568361ecacb01.svg",
            "https://ege.sdamgia.ru/formula/svg/04/04e50145a0ab72fcf6ca76418284d490.svg",
            "https://ege.sdamgia.ru/formula/svg/0d/0dd25aef2344fca47db14f1e018b9862.svg",
            "https://ege.sdamgia.ru/formula/svg/45/457c7360a321a93cdd7d5d949f81737f.svg",
            "https://ege.sdamgia.ru/formula/svg/15/15093c0b71363ce67f79a78f6ba82d51.svg",
            "/get_file?id=116281"
        ]
    },
    "answer": "б)",
    "topic_id": 17,
    "analog_ids": []
}