{
    "gia_type": "ege",
    "subject": "math",
    "id": 639772,
    "condition": {
        "text": "Около окружности с центром O описана трапеция ABCD с основаниями AD и BC, K  — точка касания окружности со стороной AB.а)  Докажите, что б)  Найдите отношение меньшего основания трапеции к большему, если известно, что AB  =  CD, а площадь четырехугольника с вершинами в точках касания окружности со сторонами трапеции составляет  площади трапеции ABCD.",
        "html": "<div align=\"justify\" width=\"100%\" id=\"body503264\" class=\"pbody\"><p class=\"left_margin\">Около окруж­но­сти с цен­тром <i>O</i> опи­са­на тра­пе­ция <i>ABCD</i> с ос­но­ва­ни­я­ми <i>AD</i> и <i>BC</i>, <i>K</i>  — точка ка­са­ния окруж­но­сти со <nobr>сто­ро­ной <i>AB.</i></nobr></p><p class=\"left_margin\">а)  До­ка­жи­те, что <img src=\"https://ege.sdamgia.ru/formula/svg/d7/d77bcad335f835f57c36265afdee4404.svg\" class=\"tex\" style=\"vertical-align:-1.8pt\" alt=\"A B умно­жить на ко­рень из: на­ча­ло ар­гу­мен­та: A K умно­жить на B K конец ар­гу­мен­та =A O умно­жить на B O.\"></p><p class=\"left_margin\">б)  Най­ди­те от­но­ше­ние мень­ше­го ос­но­ва­ния тра­пе­ции к боль­ше­му, если из­вест­но, что <i>AB</i>  =  <i>CD</i>, а пло­щадь че­ты­рех­уголь­ни­ка с вер­ши­на­ми в точ­ках ка­са­ния окруж­но­сти со сто­ро­на­ми тра­пе­ции со­став­ля­ет <img src=\"https://ege.sdamgia.ru/formula/svg/d2/d2445169c2408b11255f171355ac035d.svg\" class=\"tex\" style=\"vertical-align:-8.4pt\" alt=\" дробь: чис­ли­тель: 16, зна­ме­на­тель: 81 конец дроби \"> пло­ща­ди тра­пе­ции <i>ABCD</i>.</p></div>",
        "image_urls": [
            "https://ege.sdamgia.ru/formula/svg/d7/d77bcad335f835f57c36265afdee4404.svg",
            "https://ege.sdamgia.ru/formula/svg/d2/d2445169c2408b11255f171355ac035d.svg"
        ]
    },
    "solution": {
        "text": "Решение. а)  Центр вписанной в четырехугольник окружности лежит на пересечении его биссектрис. Поэтому  и  Следовательно,а значит, треугольник AOB  — прямоугольный. Пусть отрезок OK  — его высота, тогда  Запишем площадь треугольника AOB двумя способами:  откуда  Что и требовалось доказать.б)  Пусть точки касания окружности со сторонами BC, CD и DA это точки L, M и N соответственно. Пусть также  и  Обозначим P  — точку пересечения отрезков KM и LN, и проведем BH  — высоту трапеции. Тогда треугольники ABH и OKP подобны по двум углам, откуда  Значит, Находим:  откуда Ответ: б) ",
        "html": "<div align=\"justify\" width=\"100%\" id=\"sol639772\" class=\"solution\" style=\"clear:both;\" class=\"pbody\"><p class=\"left_margin\"></p><b>Ре­ше­ние<!--rule_info-->. </b><p class=\"left_margin\"><img src=\"/get_file?id=128175\" style=\"float:right;margin:10px;max-width:100%\">а)  Центр впи­сан­ной в че­ты­рех­уголь­ник окруж­но­сти лежит на пе­ре­се­че­нии его бис­сек­трис. По­это­му <img src=\"https://ege.sdamgia.ru/formula/svg/f7/f78db7e0eeea51439092174d7c1c2031.svg\" class=\"tex\" style=\"vertical-align:-8.4pt\" alt=\"\\angle KAO = дробь: чис­ли­тель: 1, зна­ме­на­тель: 2 конец дроби \\angle BAD\"> и <img src=\"https://ege.sdamgia.ru/formula/svg/16/166f15a5715a19f8e31c7811ff14cab4.svg\" class=\"tex\" style=\"vertical-align:-8.4pt\" alt=\"\\angle KBO = дробь: чис­ли­тель: 1, зна­ме­на­тель: 2 конец дроби \\angle ABC.\"> Сле­до­ва­тель­но,</p><p class=\"left_margin\"></p><center><p><img src=\"https://ege.sdamgia.ru/formula/svg/74/74d033e51f65c8d7c11b4f783e56467c.svg\" class=\"tex\" style=\"vertical-align:-8.4pt\" alt=\"\\angle KAO плюс \\angle KBO = дробь: чис­ли­тель: 1, зна­ме­на­тель: 2 конец дроби левая круг­лая скоб­ка \\angle BAD плюс \\angle ABC пра­вая круг­лая скоб­ка = 90 гра­ду­сов,\"></p><p class=\"left_margin\"></p></center><p>а зна­чит, тре­уголь­ник <i>AOB</i>  — пря­мо­уголь­ный. Пусть от­ре­зок <i>OK</i>  — его вы­со­та, тогда <img src=\"https://ege.sdamgia.ru/formula/svg/7a/7a16509fa3ae2f0ac32156c7b0ef56a2.svg\" class=\"tex\" style=\"vertical-align:-1.8pt\" alt=\"KO в квад­ра­те = AK умно­жить на BK.\"> За­пи­шем пло­щадь тре­уголь­ни­ка <i>AOB</i> двумя спо­со­ба­ми:</p><p class=\"left_margin\"></p><center><p><img src=\"https://ege.sdamgia.ru/formula/svg/d5/d502afd488c030de77338351affcf126.svg\" class=\"tex\" style=\"vertical-align:-8.3pt\" alt=\"S = дробь: чис­ли­тель: KO умно­жить на AB, зна­ме­на­тель: 2 конец дроби = дробь: чис­ли­тель: BO умно­жить на AO, зна­ме­на­тель: 2 конец дроби , \"></p><p class=\"left_margin\"></p></center> <p> от­ку­да <img src=\"https://ege.sdamgia.ru/formula/svg/90/90472c083a96abe6b37b28411129e83e.svg\" class=\"tex\" style=\"vertical-align:-1.8pt\" alt=\" ко­рень из: на­ча­ло ар­гу­мен­та: AK умно­жить на BK конец ар­гу­мен­та умно­жить на AB = AO умно­жить на BO.\"> Что и тре­бо­ва­лось до­ка­зать.</p><p class=\"left_margin\">б)  Пусть точки ка­са­ния окруж­но­сти со сто­ро­на­ми <i>BC</i>, <i>CD</i> и <i>DA</i> это точки <i>L</i>, <i>M</i> и <i>N</i> со­от­вет­ствен­но. Пусть также <img src=\"https://ege.sdamgia.ru/formula/svg/51/51993a669c8e6f1312f9299d9ce83bfd.svg\" class=\"tex\" style=\"vertical-align:-1.8pt\" alt=\"BL = BK = b\"> и <img src=\"https://ege.sdamgia.ru/formula/svg/4d/4d92d3f1767dc14a0a6337fb1d558796.svg\" class=\"tex\" style=\"vertical-align:-1.8pt\" alt=\"AK = AN = a.\"> Обо­зна­чим <i>P</i>  — точку пе­ре­се­че­ния от­рез­ков <i>KM</i> и <i>LN</i>, и про­ве­дем <i>BH</i>  — вы­со­ту тра­пе­ции. Тогда тре­уголь­ни­ки <i>ABH</i> и <i>OKP</i> по­доб­ны по двум углам, от­ку­да <img src=\"https://ege.sdamgia.ru/formula/svg/18/18c03113bd2365208082d4e766450352.svg\" class=\"tex\" style=\"vertical-align:-8.5pt\" alt=\" дробь: чис­ли­тель: KP, зна­ме­на­тель: KO конец дроби = дробь: чис­ли­тель: BH, зна­ме­на­тель: AB конец дроби . \"> Зна­чит,</p><p class=\"left_margin\"></p><center><p><img src=\"https://ege.sdamgia.ru/formula/svg/85/85fadd2b9e5bebb143d1083842727d28.svg\" class=\"tex\" style=\"vertical-align:-9.2pt\" alt=\"KM =2KP= дробь: чис­ли­тель: KO умно­жить на BH, зна­ме­на­тель: AB конец дроби = дробь: чис­ли­тель: ко­рень из: на­ча­ло ар­гу­мен­та: ab конец ар­гу­мен­та умно­жить на ко­рень из: на­ча­ло ар­гу­мен­та: левая круг­лая скоб­ка a плюс b пра­вая круг­лая скоб­ка в квад­ра­те минус левая круг­лая скоб­ка a минус b пра­вая круг­лая скоб­ка в квад­ра­те конец ар­гу­мен­та , зна­ме­на­тель: a плюс b конец дроби = дробь: чис­ли­тель: 2 ab, зна­ме­на­тель: a плюс b конец дроби . \"></p><p class=\"left_margin\"></p></center><p> На­хо­дим: </p><p class=\"left_margin\"></p><center><p><span data-width=\"640\" data-formulahash=\"aca635c75c51495dd58a314baae62253\" class=\"tex-span\" style=\"\"><img src=\"https://ege.sdamgia.ru/formula/svg/ac/aca635c75c51495dd58a314baae62253.svg\" class=\"tex\" style=\"vertical-align:-9.2pt\" alt=\"S_KLMN = дробь: чис­ли­тель: 1, зна­ме­на­тель: 2 конец дроби умно­жить на LN умно­жить на KM = дробь: чис­ли­тель: 1, зна­ме­на­тель: 2 конец дроби умно­жить на дробь: чис­ли­тель: 4ab, зна­ме­на­тель: a плюс b конец дроби умно­жить на LN = дробь: чис­ли­тель: 16, зна­ме­на­тель: 81 конец дроби умно­жить на S_ABCD = дробь: чис­ли­тель: 16, зна­ме­на­тель: 81 конец дроби умно­жить на дробь: чис­ли­тель: 1, зна­ме­на­тель: 2 конец дроби умно­жить на левая круг­лая скоб­ка 2a плюс 2b пра­вая круг­лая скоб­ка умно­жить на LN, \"></span><span data-width=\"490\" data-formulahash=\"aca635c75c51495dd58a314baae62253\" class=\"tex-span\" style=\"display:none\"><img src=\"https://ege.sdamgia.ru/formula/svg/8a/8a388f1d22d2d5dfd44876276d33c408.svg\" class=\"tex\" style=\"vertical-align:-9.3pt\" alt=\"S_KLMN = дробь: чис­ли­тель: 1, зна­ме­на­тель: 2 конец дроби умно­жить на LN умно­жить на KM = дробь: чис­ли­тель: 1, зна­ме­на­тель: 2 конец дроби умно­жить на дробь: чис­ли­тель: 4ab, зна­ме­на­тель: a плюс b конец дроби умно­жить на LN = \"><br><img src=\"https://ege.sdamgia.ru/formula/svg/72/72b08c4a83b26cadab90b8740308fb4f.svg\" class=\"tex\" style=\"vertical-align:-8.4pt\" alt=\"= дробь: чис­ли­тель: 16, зна­ме­на­тель: 81 конец дроби умно­жить на S_ABCD = дробь: чис­ли­тель: 16, зна­ме­на­тель: 81 конец дроби умно­жить на дробь: чис­ли­тель: 1, зна­ме­на­тель: 2 конец дроби умно­жить на левая круг­лая скоб­ка 2a плюс 2b пра­вая круг­лая скоб­ка умно­жить на LN, \"></span></p><p class=\"left_margin\"></p></center><p> от­ку­да </p><p class=\"left_margin\"></p><center><p><span data-width=\"640\" data-formulahash=\"8503a96838ec1204231f12e945ccca38\" class=\"tex-span\" style=\"\"><img src=\"https://ege.sdamgia.ru/formula/svg/ec/ecb1450a9e6596d10f539f27e881fbb8.svg\" class=\"tex\" style=\"vertical-align:-9.3pt\" alt=\" дробь: чис­ли­тель: 2 ab, зна­ме­на­тель: a плюс b конец дроби = дробь: чис­ли­тель: 16, зна­ме­на­тель: 81 конец дроби умно­жить на левая круг­лая скоб­ка a плюс b пра­вая круг­лая скоб­ка рав­но­силь­но 8 левая круг­лая скоб­ка a плюс b пра­вая круг­лая скоб­ка в квад­ра­те = 81 ab рав­но­силь­но \"><br><img src=\"https://ege.sdamgia.ru/formula/svg/e1/e1a2e9b49d5526346d7b71f66b9a66a3.svg\" class=\"tex\" style=\"vertical-align:-8.5pt\" alt=\" рав­но­силь­но 8 a в квад­ра­те минус 65 ab плюс 8b в квад­ра­те = 0 рав­но­силь­но левая круг­лая скоб­ка 8a минус b пра­вая круг­лая скоб­ка левая круг­лая скоб­ка a минус 8b пра­вая круг­лая скоб­ка = 0 рав­но­силь­но дробь: чис­ли­тель: 2a, зна­ме­на­тель: 2b конец дроби = дробь: чис­ли­тель: 1, зна­ме­на­тель: 8 конец дроби . \"></span><span data-width=\"390\" data-formulahash=\"8503a96838ec1204231f12e945ccca38\" class=\"tex-span\" style=\"display:none\"><img src=\"https://ege.sdamgia.ru/formula/svg/ec/ecb1450a9e6596d10f539f27e881fbb8.svg\" class=\"tex\" style=\"vertical-align:-9.3pt\" alt=\" дробь: чис­ли­тель: 2 ab, зна­ме­на­тель: a плюс b конец дроби = дробь: чис­ли­тель: 16, зна­ме­на­тель: 81 конец дроби умно­жить на левая круг­лая скоб­ка a плюс b пра­вая круг­лая скоб­ка рав­но­силь­но 8 левая круг­лая скоб­ка a плюс b пра­вая круг­лая скоб­ка в квад­ра­те = 81 ab рав­но­силь­но \"><br><img src=\"https://ege.sdamgia.ru/formula/svg/92/929ec36260e5092f316e8b2461f8a626.svg\" class=\"tex\" style=\"vertical-align:-1.8pt\" alt=\" рав­но­силь­но 8 a в квад­ра­те минус 65 ab плюс 8b в квад­ра­те = 0 рав­но­силь­но \"><br><img src=\"https://ege.sdamgia.ru/formula/svg/e2/e2dd691799e46ea92d8f6f7e5bdb1df7.svg\" class=\"tex\" style=\"vertical-align:-8.5pt\" alt=\" рав­но­силь­но левая круг­лая скоб­ка 8a минус b пра­вая круг­лая скоб­ка левая круг­лая скоб­ка a минус 8b пра­вая круг­лая скоб­ка = 0 рав­но­силь­но дробь: чис­ли­тель: 2a, зна­ме­на­тель: 2b конец дроби = дробь: чис­ли­тель: 1, зна­ме­на­тель: 8 конец дроби . \"></span></p><p class=\"left_margin\"></p></center><p><span style=\"letter-spacing: 2px;\">Ответ:</span> б) <img src=\"https://ege.sdamgia.ru/formula/svg/5e/5e76d2e3a0a2b85da95a71ce1a48e9b9.svg\" class=\"tex\" style=\"vertical-align:-8.5pt\" alt=\" дробь: чис­ли­тель: 1, зна­ме­на­тель: 8 конец дроби .\"></p></div>",
        "image_urls": [
            "https://ege.sdamgia.ru/formula/svg/f7/f78db7e0eeea51439092174d7c1c2031.svg",
            "https://ege.sdamgia.ru/formula/svg/16/166f15a5715a19f8e31c7811ff14cab4.svg",
            "https://ege.sdamgia.ru/formula/svg/74/74d033e51f65c8d7c11b4f783e56467c.svg",
            "https://ege.sdamgia.ru/formula/svg/7a/7a16509fa3ae2f0ac32156c7b0ef56a2.svg",
            "https://ege.sdamgia.ru/formula/svg/d5/d502afd488c030de77338351affcf126.svg",
            "https://ege.sdamgia.ru/formula/svg/90/90472c083a96abe6b37b28411129e83e.svg",
            "https://ege.sdamgia.ru/formula/svg/51/51993a669c8e6f1312f9299d9ce83bfd.svg",
            "https://ege.sdamgia.ru/formula/svg/4d/4d92d3f1767dc14a0a6337fb1d558796.svg",
            "https://ege.sdamgia.ru/formula/svg/18/18c03113bd2365208082d4e766450352.svg",
            "https://ege.sdamgia.ru/formula/svg/85/85fadd2b9e5bebb143d1083842727d28.svg",
            "https://ege.sdamgia.ru/formula/svg/ac/aca635c75c51495dd58a314baae62253.svg",
            "https://ege.sdamgia.ru/formula/svg/8a/8a388f1d22d2d5dfd44876276d33c408.svg",
            "https://ege.sdamgia.ru/formula/svg/72/72b08c4a83b26cadab90b8740308fb4f.svg",
            "https://ege.sdamgia.ru/formula/svg/ec/ecb1450a9e6596d10f539f27e881fbb8.svg",
            "https://ege.sdamgia.ru/formula/svg/e1/e1a2e9b49d5526346d7b71f66b9a66a3.svg",
            "https://ege.sdamgia.ru/formula/svg/ec/ecb1450a9e6596d10f539f27e881fbb8.svg",
            "https://ege.sdamgia.ru/formula/svg/92/929ec36260e5092f316e8b2461f8a626.svg",
            "https://ege.sdamgia.ru/formula/svg/e2/e2dd691799e46ea92d8f6f7e5bdb1df7.svg",
            "https://ege.sdamgia.ru/formula/svg/5e/5e76d2e3a0a2b85da95a71ce1a48e9b9.svg",
            "/get_file?id=128175"
        ]
    },
    "answer": "б)",
    "topic_id": 17,
    "analog_ids": []
}