{
    "gia_type": "ege",
    "subject": "math",
    "id": 639954,
    "condition": {
        "text": "Серединный перпендикуляр к стороне AB треугольника ABC переcекает сторону AC в точке D. Окружность с центром O, вписанная в треугольник ADB, касается отрезка AD в точке P, а прямая OP пересекает сторону AB в точке K.а)  Докажите, что около четырёхугольника BDOK можно описать окружность.б)  Найдите радиус окружности, описанной около четырёхугольника BDOK, если AB  =  10,  AC  =  9.",
        "html": "<div align=\"justify\" width=\"100%\" id=\"body503086\" class=\"pbody\"><p class=\"left_margin\">Се­ре­дин­ный пер­пен­ди­ку­ляр к сто­ро­не <i>AB</i> тре­уголь­ни­ка <i>ABC</i> переcекает сто­ро­ну <i>AC</i> в точке <i>D</i>. Окруж­ность с цен­тром <i>O</i>, впи­сан­ная в тре­уголь­ник <i>ADB</i>, ка­са­ет­ся от­рез­ка <i>AD</i> в точке <i>P</i>, а пря­мая <i>OP</i> пе­ре­се­ка­ет сто­ро­ну <i>AB</i> в точке <i>K</i>.</p><p class=\"left_margin\">а)  До­ка­жи­те, что около четырёхуголь­ни­ка <i>BDOK</i> можно опи­сать окруж­ность.</p><p class=\"left_margin\">б)  Най­ди­те ра­ди­ус окруж­но­сти, опи­сан­ной около четырёхуголь­ни­ка <i>BDOK</i>, если <i>AB</i>  =  10, <img src=\"https://ege.sdamgia.ru/formula/svg/92/92e5f64870fb376f9c2382b874a8da11.svg\" class=\"tex\" style=\"vertical-align:-3.0pt\" alt=\"BC= ко­рень из: на­ча­ло ар­гу­мен­та: 19 конец ар­гу­мен­та ,\"> <i>AC</i>  =  9.</p></div>",
        "image_urls": [
            "https://ege.sdamgia.ru/formula/svg/92/92e5f64870fb376f9c2382b874a8da11.svg"
        ]
    },
    "solution": {
        "text": "Решение. а)  Пусть точка M  — середина стороны AB. Заметим, что DM  — медиана и высота, а следовательно, и биссектриса равнобедренного треугольника ADB, значит, точка O принадлежит DM. Треугольники DOP и OKM прямоугольные. При этом  значит,  Тогда   следовательно, четырёхугольник BDOK является вписанным. б)  Заметим, что  тогда по обратной теореме Пифагора:  Откуда находим:  Прямая AO  — биссектриса угла DAB. Пусть  Тогда: откуда  тогда Так как  то  Cледовательно,  По теореме синусов  где R  — радиус окружности, описанной около четырехугольника BDOK. Тогда:  Таким образом,  Ответ: б) ",
        "html": "<div align=\"justify\" width=\"100%\" id=\"sol639954\" class=\"solution\" style=\"clear:both;\" class=\"pbody\"><p class=\"left_margin\"></p><b>Ре­ше­ние<!--rule_info-->. </b><p class=\"left_margin\"><img src=\"/get_file?id=128796\" style=\"float:right;margin:10px;max-width:100%\">а)  Пусть точка <i>M</i>  — се­ре­ди­на сто­ро­ны <i>AB</i>. За­ме­тим, что <i>DM</i>  — ме­ди­а­на и вы­со­та, а сле­до­ва­тель­но, и бис­сек­три­са рав­но­бед­рен­но­го тре­уголь­ни­ка <i>ADB</i>, зна­чит, точка <i>O</i> при­над­ле­жит <i>DM</i>. Тре­уголь­ни­ки <i>DOP</i> и <i>OKM</i> пря­мо­уголь­ные. При этом <img src=\"https://ege.sdamgia.ru/formula/svg/cf/cfde6baf3795d643de1619da3b54fcbd.svg\" class=\"tex\" style=\"vertical-align:-3.0pt\" alt=\"\\angle POD = \\angle KOM,\"> зна­чит, <img src=\"https://ege.sdamgia.ru/formula/svg/c0/c0e5fc07c59f165f7a6b0f0573484b2c.svg\" class=\"tex\" style=\"vertical-align:-1.8pt\" alt=\"\\angle PDO = \\angle OKM.\"> Тогда </p><p class=\"left_margin\"></p><center><p><img src=\"https://ege.sdamgia.ru/formula/svg/2d/2dfb643409cdcb291b3f88f154dc9c15.svg\" class=\"tex\" style=\"vertical-align:-3.0pt\" alt=\"\\angle ODB = \\angle PDO = \\angle OKM = 180 гра­ду­сов минус \\angle OKB,\"> </p><p class=\"left_margin\"></p></center><p> сле­до­ва­тель­но, четырёхуголь­ник <i>BDOK</i> яв­ля­ет­ся впи­сан­ным. </p><p class=\"left_margin\">б)  За­ме­тим, что <img src=\"https://ege.sdamgia.ru/formula/svg/30/30e9c80bdb91c0d5ae541d898ec79a49.svg\" class=\"tex\" style=\"vertical-align:-3.0pt\" alt=\"AC в квад­ра­те плюс CB в квад­ра­те = 81 плюс 19 = AB в квад­ра­те ,\"> тогда по об­рат­ной тео­ре­ме Пи­фа­го­ра: <img src=\"https://ege.sdamgia.ru/formula/svg/8f/8fc2b03eeb2e751a4ccdf18143b447f7.svg\" class=\"tex\" style=\"vertical-align:-1.8pt\" alt=\"\\angle ACB = 90 гра­ду­сов.\"> От­ку­да на­хо­дим: <img src=\"https://ege.sdamgia.ru/formula/svg/36/36ae293f3c815f38a75142d8e8ddc905.svg\" class=\"tex\" style=\"vertical-align:-8.5pt\" alt=\" ко­си­нус \\angle CAB = дробь: чис­ли­тель: 9, зна­ме­на­тель: 10 конец дроби . \"> </p><p class=\"left_margin\">Пря­мая <i>AO</i>  — бис­сек­три­са угла <i>DAB</i>. Пусть <img src=\"https://ege.sdamgia.ru/formula/svg/80/803f3a780d9c33fb7d555efcc62318a1.svg\" class=\"tex\" style=\"vertical-align:-1.8pt\" alt=\"\\angle OAM = альфа .\"> Тогда:</p><p class=\"left_margin\"></p><center><p><img src=\"https://ege.sdamgia.ru/formula/svg/08/084b1a8c6a96bc5b520e8a9fb0c79501.svg\" class=\"tex\" style=\"vertical-align:-9.4pt\" alt=\" дробь: чис­ли­тель: 9, зна­ме­на­тель: 10 конец дроби = 2 ко­си­нус в квад­ра­те альфа минус 1 рав­но­силь­но ко­си­нус в квад­ра­те альфа = дробь: чис­ли­тель: 19, зна­ме­на­тель: 20 конец дроби рав­но­силь­но ко­си­нус альфа = ко­рень из: на­ча­ло ар­гу­мен­та: дробь: чис­ли­тель: 19, зна­ме­на­тель: 20 конец дроби конец ар­гу­мен­та , \"></p><p class=\"left_margin\"></p></center><p> от­ку­да <img src=\"https://ege.sdamgia.ru/formula/svg/88/8825c18e95360b659ae29d46e39511df.svg\" class=\"tex\" style=\"vertical-align:-11.0pt\" alt=\" синус альфа = ко­рень из: на­ча­ло ар­гу­мен­та: дробь: чис­ли­тель: 1, зна­ме­на­тель: 20 конец дроби конец ар­гу­мен­та , тан­генс альфа = дробь: чис­ли­тель: 1, зна­ме­на­тель: ко­рень из: на­ча­ло ар­гу­мен­та: 19 конец ар­гу­мен­та конец дроби , \"> тогда <img src=\"https://ege.sdamgia.ru/formula/svg/6c/6cfe549ac07ffae1950bf897da406d5a.svg\" class=\"tex\" style=\"vertical-align:-11.0pt\" alt=\"OM=5 умно­жить на дробь: чис­ли­тель: 1, зна­ме­на­тель: ко­рень из: на­ча­ло ар­гу­мен­та: 19 конец ар­гу­мен­та конец дроби = дробь: чис­ли­тель: 5 ко­рень из: на­ча­ло ар­гу­мен­та: 19 конец ар­гу­мен­та , зна­ме­на­тель: 19 конец дроби . \"></p><p class=\"left_margin\">Так как <img src=\"https://ege.sdamgia.ru/formula/svg/a9/a987d0c148378bd7399971b9bf214469.svg\" class=\"tex\" style=\"vertical-align:-8.5pt\" alt=\" тан­генс \\angle CAB = дробь: чис­ли­тель: ко­рень из: на­ча­ло ар­гу­мен­та: 19 конец ар­гу­мен­та , зна­ме­на­тель: 9 конец дроби , \"> то </p><p class=\"left_margin\"></p><center><p><img src=\"https://ege.sdamgia.ru/formula/svg/5e/5e371742657b0e296831d937700ad87c.svg\" class=\"tex\" style=\"vertical-align:-8.5pt\" alt=\"DM = AM умно­жить на дробь: чис­ли­тель: ко­рень из: на­ча­ло ар­гу­мен­та: 19 конец ар­гу­мен­та , зна­ме­на­тель: 9 конец дроби = дробь: чис­ли­тель: 5 ко­рень из: на­ча­ло ар­гу­мен­та: 19 конец ар­гу­мен­та , зна­ме­на­тель: 9 конец дроби . \"></p><p class=\"left_margin\"></p></center> <p class=\"left_margin\">Cле­до­ва­тель­но, </p><p class=\"left_margin\"></p><center><p><img src=\"https://ege.sdamgia.ru/formula/svg/6e/6ed3c65230a12d27c948571ed0a9792a.svg\" class=\"tex\" style=\"vertical-align:-11.2pt\" alt=\"DO = 5 ко­рень из: на­ча­ло ар­гу­мен­та: 19 конец ар­гу­мен­та левая круг­лая скоб­ка дробь: чис­ли­тель: 1, зна­ме­на­тель: 9 конец дроби минус дробь: чис­ли­тель: 1, зна­ме­на­тель: 19 конец дроби пра­вая круг­лая скоб­ка = дробь: чис­ли­тель: 50 ко­рень из: на­ча­ло ар­гу­мен­та: 19 конец ар­гу­мен­та , зна­ме­на­тель: 171 конец дроби . \"></p><p class=\"left_margin\"></p></center><p> По тео­ре­ме си­ну­сов <img src=\"https://ege.sdamgia.ru/formula/svg/5d/5dc010139099ca672994473c10212909.svg\" class=\"tex\" style=\"vertical-align:-8.4pt\" alt=\" дробь: чис­ли­тель: DO, зна­ме­на­тель: синус \\angle DBO конец дроби = 2 R, \"> где <i>R</i>  — ра­ди­ус окруж­но­сти, опи­сан­ной около че­ты­рех­уголь­ни­ка <i>BDOK</i>. Тогда: </p><p class=\"left_margin\"></p><center><p><img src=\"https://ege.sdamgia.ru/formula/svg/ed/ede286df68daa9c2caebed1208e571b4.svg\" class=\"tex\" style=\"vertical-align:-8.5pt\" alt=\"2R= дробь: чис­ли­тель: 50 ко­рень из: на­ча­ло ар­гу­мен­та: 19 конец ар­гу­мен­та , зна­ме­на­тель: 171 конец дроби : синус альфа = дробь: чис­ли­тель: 50 ко­рень из: на­ча­ло ар­гу­мен­та: 19 конец ар­гу­мен­та , зна­ме­на­тель: 171 конец дроби умно­жить на ко­рень из: на­ча­ло ар­гу­мен­та: 20 конец ар­гу­мен­та . \"></p><p class=\"left_margin\"></p></center><p> Таким об­ра­зом, <img src=\"https://ege.sdamgia.ru/formula/svg/9b/9b7d5998a43d593d839add2f0227b6f5.svg\" class=\"tex\" style=\"vertical-align:-8.5pt\" alt=\"R = дробь: чис­ли­тель: 50 ко­рень из: на­ча­ло ар­гу­мен­та: 95 конец ар­гу­мен­та , зна­ме­на­тель: 171 конец дроби . \"></p><p>&nbsp;</p><p><span style=\"letter-spacing: 2px;\">Ответ:</span> б) <img src=\"https://ege.sdamgia.ru/formula/svg/41/41a1b302b4cc5078b722861ac85324b4.svg\" class=\"tex\" style=\"vertical-align:-8.5pt\" alt=\" дробь: чис­ли­тель: 50 ко­рень из: на­ча­ло ар­гу­мен­та: 95 конец ар­гу­мен­та , зна­ме­на­тель: 171 конец дроби . \"></p></div>",
        "image_urls": [
            "https://ege.sdamgia.ru/formula/svg/cf/cfde6baf3795d643de1619da3b54fcbd.svg",
            "https://ege.sdamgia.ru/formula/svg/c0/c0e5fc07c59f165f7a6b0f0573484b2c.svg",
            "https://ege.sdamgia.ru/formula/svg/2d/2dfb643409cdcb291b3f88f154dc9c15.svg",
            "https://ege.sdamgia.ru/formula/svg/30/30e9c80bdb91c0d5ae541d898ec79a49.svg",
            "https://ege.sdamgia.ru/formula/svg/8f/8fc2b03eeb2e751a4ccdf18143b447f7.svg",
            "https://ege.sdamgia.ru/formula/svg/36/36ae293f3c815f38a75142d8e8ddc905.svg",
            "https://ege.sdamgia.ru/formula/svg/80/803f3a780d9c33fb7d555efcc62318a1.svg",
            "https://ege.sdamgia.ru/formula/svg/08/084b1a8c6a96bc5b520e8a9fb0c79501.svg",
            "https://ege.sdamgia.ru/formula/svg/88/8825c18e95360b659ae29d46e39511df.svg",
            "https://ege.sdamgia.ru/formula/svg/6c/6cfe549ac07ffae1950bf897da406d5a.svg",
            "https://ege.sdamgia.ru/formula/svg/a9/a987d0c148378bd7399971b9bf214469.svg",
            "https://ege.sdamgia.ru/formula/svg/5e/5e371742657b0e296831d937700ad87c.svg",
            "https://ege.sdamgia.ru/formula/svg/6e/6ed3c65230a12d27c948571ed0a9792a.svg",
            "https://ege.sdamgia.ru/formula/svg/5d/5dc010139099ca672994473c10212909.svg",
            "https://ege.sdamgia.ru/formula/svg/ed/ede286df68daa9c2caebed1208e571b4.svg",
            "https://ege.sdamgia.ru/formula/svg/9b/9b7d5998a43d593d839add2f0227b6f5.svg",
            "https://ege.sdamgia.ru/formula/svg/41/41a1b302b4cc5078b722861ac85324b4.svg",
            "/get_file?id=128796"
        ]
    },
    "answer": "б)",
    "topic_id": 17,
    "analog_ids": [
        639954,
        640523
    ]
}