{
    "gia_type": "ege",
    "subject": "math",
    "id": 640283,
    "condition": {
        "text": "На окружности отмечены точки K, L, M, N, причем прямые KL и MN пересекаются вне круга в точке E, прямые LM и KN пересекаются вне круга в точке F. Биссектриса угла KEN пересекает отрезки LM и KN в точках P и R соответственно. Прямая, проведенная через точку F перпендикулярно прямой PR, пересекает отрезки KL и MN в точках S и Q соответственно.а)  Докажите, что PQRS  — ромб.б)  Найдите площадь четырехугольника PQRS, если известно, что EL  =  4, EM  =  6, LM  =  5 и KN  =  15.",
        "html": "<div align=\"justify\" width=\"100%\" id=\"body502759\" class=\"pbody\"><p class=\"left_margin\">На окруж­но­сти от­ме­че­ны точки <i>K</i>, <i>L</i>, <i>M</i>, <i>N</i>, при­чем пря­мые <i>KL</i> и <i>MN</i> пе­ре­се­ка­ют­ся вне круга в точке <i>E,</i> пря­мые <i>LM</i> и <i>KN</i> пе­ре­се­ка­ют­ся вне круга в точке <i>F</i>. Бис­сек­три­са угла <i>KEN</i> пе­ре­се­ка­ет от­рез­ки <i>LM</i> и <i>KN</i> в точ­ках <i>P</i> и <i>R</i> со­от­вет­ствен­но. Пря­мая, про­ве­ден­ная через точку <i>F</i> пер­пен­ди­ку­ляр­но пря­мой <i>PR</i>, пе­ре­се­ка­ет от­рез­ки <i>KL</i> и <i>MN</i> в точ­ках <i>S</i> и <i>Q</i> со­от­вет­ствен­но.</p><p class=\"left_margin\">а)  До­ка­жи­те, что <i>PQRS</i>  — ромб.</p><p class=\"left_margin\">б)  Най­ди­те пло­щадь че­ты­рех­уголь­ни­ка <i>PQRS</i>, если из­вест­но, что <i>EL</i>  =  4, <i>EM</i>  =  6, <i>LM</i>  =  5 и <i>KN</i>  =  15.</p></div>",
        "image_urls": []
    },
    "solution": {
        "text": "Решение. а)  Обозначим точку пересечения прямых RP и SQ с окружностью так, как показано на рисунке. Тогда: откуда и откуда Из выражения (2) вычтем (1), получаем:  откуда Следовательно,  значит, треугольник RFP  — равнобедренный и RT  =  TP. Аналогично ST  =  TQ, тогда четырёхугольник PQRS  — параллелограмм с перпендикулярными диагоналями, то есть ромб.б)  Заметим, что  тогда треугольники KEN и MEL подобны по двум углам, значит,   откуда следует, что KE  =  18, KL  =  14 и NE  =  12, NM  =  6. По свойству биссектрисы  тогда LP  =  2 и PM  =  3. Аналогично треугольники FNM и FLK подобны, следовательно,  то есть  откуда FM  =  9 и NF  =  6. По свойству биссектрисы  откуда NQ  =  2,4 и QM  =  3,6. По теореме косинусов  тогда  или  Аналогично  следовательно,  откуда Таким образом, площадь ромба PQRS равнаОтвет: б) ",
        "html": "<div align=\"justify\" width=\"100%\" id=\"sol640283\" class=\"solution\" style=\"clear:both;\" class=\"pbody\"><p class=\"left_margin\"></p><b>Ре­ше­ние<!--rule_info-->. </b><p class=\"left_margin\"><img src=\"/get_file?id=130111\" style=\"float:right;margin:10px;max-width:100%\">а)  Обо­зна­чим точку пе­ре­се­че­ния пря­мых <i>RP</i> и <i>SQ</i> с окруж­но­стью так, как по­ка­за­но на ри­сун­ке. Тогда:</p><p class=\"left_margin\"></p><center><p><img src=\"https://ege.sdamgia.ru/formula/svg/16/16a3c22946b714ec7137b9975546bd7e.svg\" class=\"tex\" style=\"vertical-align:-8.3pt\" alt=\"\\angle SET = дробь: чис­ли­тель: 1, зна­ме­на­тель: 2 конец дроби левая круг­лая скоб­ка \\smile KR_1 минус \\smile LP_1 пра­вая круг­лая скоб­ка = \\angle TEQ = дробь: чис­ли­тель: 1, зна­ме­на­тель: 2 конец дроби левая круг­лая скоб­ка \\smile R_1N минус \\smile P_1M пра­вая круг­лая скоб­ка ,\"></p><p class=\"left_margin\"></p></center><p> от­ку­да</p><p class=\"left_margin\"></p><center><p><span data-width=\"640\" data-formulahash=\"1c3f3671bcb98da815cd659098dbdd6f\" class=\"tex-span\" style=\"\"><img src=\"https://ege.sdamgia.ru/formula/svg/1c/1c3f3671bcb98da815cd659098dbdd6f.svg\" class=\"tex\" style=\"vertical-align:-3.6pt\" alt=\"\\smile K R_1 минус \\smile L P_1 = \\smile R_1 N минус \\smile P_1 M рав­но­силь­но \\smile K R_1 плюс \\smile P_1 M = \\smile R_1 N плюс \\smile LP_1; \\qquad левая круг­лая скоб­ка 1 пра­вая круг­лая скоб­ка \"></span><span data-width=\"515\" data-formulahash=\"1c3f3671bcb98da815cd659098dbdd6f\" class=\"tex-span\" style=\"display:none\"><img src=\"https://ege.sdamgia.ru/formula/svg/3f/3f59cdb891dd951083e4c8177b825fe4.svg\" class=\"tex\" style=\"vertical-align:-2.5pt\" alt=\"\\smile K R_1 минус \\smile L P_1 = \\smile R_1 N минус \\smile P_1 M рав­но­силь­но \"><br><img src=\"https://ege.sdamgia.ru/formula/svg/0f/0ff642e3c626bcd57747542fbe764587.svg\" class=\"tex\" style=\"vertical-align:-3.6pt\" alt=\" рав­но­силь­но \\smile K R_1 плюс \\smile P_1 M = \\smile R_1 N плюс \\smile LP_1; \\qquad левая круг­лая скоб­ка 1 пра­вая круг­лая скоб­ка \"></span></p><p class=\"left_margin\"></p></center><p> и </p><p class=\"left_margin\"></p><center><p><img src=\"https://ege.sdamgia.ru/formula/svg/98/980761a142b63586cee68a086045c965.svg\" class=\"tex\" style=\"vertical-align:-8.3pt\" alt=\"\\angle ETQ = 90 гра­ду­сов = дробь: чис­ли­тель: 1, зна­ме­на­тель: 2 конец дроби левая круг­лая скоб­ка \\smile R_1 S_1 плюс \\smile P_1 Q_1 пра­вая круг­лая скоб­ка = дробь: чис­ли­тель: 1, зна­ме­на­тель: 2 конец дроби левая круг­лая скоб­ка \\smile S_1 P_1 плюс \\smile R_1 Q_1 пра­вая круг­лая скоб­ка ,\"></p><p class=\"left_margin\"></p></center><p>от­ку­да </p><p class=\"left_margin\"></p><center><p><img src=\"https://ege.sdamgia.ru/formula/svg/43/435fe0dd58eb2ff7b86bd6c583e7c260.svg\" class=\"tex\" style=\"vertical-align:-3.6pt\" alt=\"\\smile R_1 S_1 плюс \\smile P_1 Q_1 = \\smile S_1 P_1 плюс \\smile R_1 Q_1. \\qquad левая круг­лая скоб­ка 2 пра­вая круг­лая скоб­ка \"></p><p class=\"left_margin\"></p></center><p class=\"left_margin\">Из вы­ра­же­ния (2) <nobr>вы­чтем (1),</nobr> по­лу­ча­ем: </p><p class=\"left_margin\"></p><center><p><span data-width=\"640\" data-formulahash=\"ca32ab726d22eab020399ec602b32350\" class=\"tex-span\" style=\"\"><img src=\"https://ege.sdamgia.ru/formula/svg/ca/ca32ab726d22eab020399ec602b32350.svg\" class=\"tex\" style=\"vertical-align:-3.0pt\" alt=\"\\smile R_1 S_1 минус \\smile K R_1 плюс \\smile P_1 Q_1 минус \\smile P_1 M = \\smile S_1 P_1 минус \\smile LP_1 плюс \\smile R_1 Q_1 минус \\smile R_1 N,\"></span><span data-width=\"540\" data-formulahash=\"ca32ab726d22eab020399ec602b32350\" class=\"tex-span\" style=\"display:none\"><img src=\"https://ege.sdamgia.ru/formula/svg/00/009fad32d98d4662df1ca859b664a13a.svg\" class=\"tex\" style=\"vertical-align:-3.0pt\" alt=\"\\smile R_1 S_1 минус \\smile K R_1 плюс \\smile P_1 Q_1 минус \"><br><img src=\"https://ege.sdamgia.ru/formula/svg/4d/4d33e595ce93130f0014a4ea088a98f3.svg\" class=\"tex\" style=\"vertical-align:-3.0pt\" alt=\" минус \\smile P_1 M = \\smile S_1 P_1 минус \\smile LP_1 плюс \\smile R_1 Q_1 минус \\smile R_1 N,\"></span></p><p class=\"left_margin\"></p></center><p> от­ку­да</p><p class=\"left_margin\"></p><center><p><span data-width=\"640\" data-formulahash=\"fcdc6566e6f4e2c5c364f002c734c6da\" class=\"tex-span\" style=\"\"><img src=\"https://ege.sdamgia.ru/formula/svg/fc/fcdc6566e6f4e2c5c364f002c734c6da.svg\" class=\"tex\" style=\"vertical-align:-8.3pt\" alt=\" \\smile KS_1 плюс \\smile Q_1 M = \\smile S_1 L плюс \\smile NQ рав­но­силь­но дробь: чис­ли­тель: 1, зна­ме­на­тель: 2 конец дроби левая круг­лая скоб­ка \\smile KS_1 минус \\smile NQ_1 пра­вая круг­лая скоб­ка = дробь: чис­ли­тель: 1, зна­ме­на­тель: 2 конец дроби левая круг­лая скоб­ка \\smile S_1 L минус \\smile Q_1 M пра­вая круг­лая скоб­ка .\"></span><span data-width=\"515\" data-formulahash=\"fcdc6566e6f4e2c5c364f002c734c6da\" class=\"tex-span\" style=\"display:none\"><img src=\"https://ege.sdamgia.ru/formula/svg/48/485f1feebd8c822889c99da92f59c7c0.svg\" class=\"tex\" style=\"vertical-align:-3.0pt\" alt=\" \\smile KS_1 плюс \\smile Q_1 M = \\smile S_1 L плюс \\smile NQ рав­но­силь­но \"><br><img src=\"https://ege.sdamgia.ru/formula/svg/7d/7dfb7a8aaa9dc501665118ce0e111430.svg\" class=\"tex\" style=\"vertical-align:-8.4pt\" alt=\" рав­но­силь­но дробь: чис­ли­тель: 1, зна­ме­на­тель: 2 конец дроби левая круг­лая скоб­ка \\smile KS_1 минус \\smile NQ_1 пра­вая круг­лая скоб­ка = дробь: чис­ли­тель: 1, зна­ме­на­тель: 2 конец дроби левая круг­лая скоб­ка \\smile S_1 L минус \\smile Q_1 M пра­вая круг­лая скоб­ка .\"></span></p><p class=\"left_margin\"></p></center><p> Сле­до­ва­тель­но, <img src=\"https://ege.sdamgia.ru/formula/svg/0d/0d958e098bc0366d702f283d17259e2e.svg\" class=\"tex\" style=\"vertical-align:-3.0pt\" alt=\"\\angle KFS = \\angle SFL,\"> зна­чит, тре­уголь­ник <i>RFP</i>  — рав­но­бед­рен­ный и <i>RT</i>  =  <i>TP</i>. Ана­ло­гич­но <i>ST</i>  =  <i>TQ</i>, тогда четырёхуголь­ник <i>PQRS</i>  — па­рал­ле­ло­грамм с пер­пен­ди­ку­ляр­ны­ми диа­го­на­ля­ми, то есть ромб.</p><p class=\"left_margin\">б)  За­ме­тим, что <img src=\"https://ege.sdamgia.ru/formula/svg/64/642554ab31d76c2b978c946bb56d7d9c.svg\" class=\"tex\" style=\"vertical-align:-3.0pt\" alt=\"\\angle NKE = 180 гра­ду­сов минус \\angle NML = \\angle LME, \"> тогда тре­уголь­ни­ки <i>KEN</i> и <i>MEL</i> по­доб­ны по двум углам, зна­чит, </p><p></p><div class=\"flex-math\"> <p><img src=\"https://ege.sdamgia.ru/formula/svg/27/27c8198bfdef553fa4fe1801c27cc404.svg\" class=\"tex\" style=\"vertical-align:-8.5pt\" alt=\" дробь: чис­ли­тель: ME, зна­ме­на­тель: KE конец дроби = дробь: чис­ли­тель: LM, зна­ме­на­тель: KN конец дроби , \"></p><p><img src=\"https://ege.sdamgia.ru/formula/svg/8c/8c57b335d8afc8484ad7e35c9e603d8c.svg\" class=\"tex\" style=\"vertical-align:-8.5pt\" alt=\" дробь: чис­ли­тель: LE, зна­ме­на­тель: NE конец дроби = дробь: чис­ли­тель: LM, зна­ме­на­тель: KN конец дроби , \"></p><p></p></div><p> от­ку­да сле­ду­ет, что <i>KE</i>  =  18, <i>KL</i>  =  14 и <i>NE</i>  =  12, <i>NM</i>  =  6. </p><p class=\"left_margin\">По свой­ству бис­сек­три­сы <img src=\"https://ege.sdamgia.ru/formula/svg/fd/fdcd90e4ce5059262ff39ad9a2d2b93e.svg\" class=\"tex\" style=\"vertical-align:-8.5pt\" alt=\" дробь: чис­ли­тель: LP, зна­ме­на­тель: PM конец дроби = дробь: чис­ли­тель: 4, зна­ме­на­тель: 6 конец дроби , \"> тогда <i>LP</i>  =  2 и <i>PM</i>  =  3. Ана­ло­гич­но тре­уголь­ни­ки <i>FNM</i> и <i>FLK</i> по­доб­ны, сле­до­ва­тель­но, </p><p class=\"left_margin\"></p><center><p><img src=\"https://ege.sdamgia.ru/formula/svg/78/780ad70bf5b16610919aad59faef348b.svg\" class=\"tex\" style=\"vertical-align:-8.5pt\" alt=\" дробь: чис­ли­тель: KL, зна­ме­на­тель: NM конец дроби = дробь: чис­ли­тель: KF, зна­ме­на­тель: FM конец дроби = дробь: чис­ли­тель: FL, зна­ме­на­тель: FN конец дроби = дробь: чис­ли­тель: 14, зна­ме­на­тель: 6 конец дроби , \"></p><p class=\"left_margin\"></p></center><p> то есть </p><p class=\"left_margin\"></p><center><p><img src=\"https://ege.sdamgia.ru/formula/svg/4c/4c9c039f0e21d84cb87c13c5e39cb271.svg\" class=\"tex\" style=\"vertical-align:-8.4pt\" alt=\" дробь: чис­ли­тель: 15 плюс NF, зна­ме­на­тель: FM конец дроби = дробь: чис­ли­тель: 7, зна­ме­на­тель: 3 конец дроби = дробь: чис­ли­тель: 5 плюс FM, зна­ме­на­тель: FN конец дроби , \"></p><p class=\"left_margin\"></p></center><p> от­ку­да <i>FM</i>  =  9 и <i>NF</i>  =  6. По свой­ству бис­сек­три­сы <img src=\"https://ege.sdamgia.ru/formula/svg/90/90ad0c9a3876b910eff2f987aefc5ddb.svg\" class=\"tex\" style=\"vertical-align:-10.4pt\" alt=\" дробь: чис­ли­тель: NQ, зна­ме­на­тель: QM конец дроби = дробь: чис­ли­тель: 6, зна­ме­на­тель: 9 конец дроби , \"> от­ку­да <i>NQ</i>  =  2,4 и <i>QM</i>  =  3,6. </p><p class=\"left_margin\">По тео­ре­ме ко­си­ну­сов </p><p class=\"left_margin\"></p><center><p><img src=\"https://ege.sdamgia.ru/formula/svg/e4/e4f30f0cf8e7f0378b640a13ad74592e.svg\" class=\"tex\" style=\"vertical-align:-8.5pt\" alt=\" ко­си­нус \\angle KEN = дробь: чис­ли­тель: 18 в квад­ра­те плюс 12 в квад­ра­те минус 15 в квад­ра­те , зна­ме­на­тель: 2 умно­жить на 18 умно­жить на 12 конец дроби = дробь: чис­ли­тель: 243, зна­ме­на­тель: 2 умно­жить на 18 умно­жить на 12 конец дроби = дробь: чис­ли­тель: 9, зна­ме­на­тель: 16 конец дроби , \"></p><p class=\"left_margin\"></p></center><p> тогда </p><p class=\"left_margin\"></p><center><p><img src=\"https://ege.sdamgia.ru/formula/svg/ca/ca09cd4124a53b8eebce11101b03f96f.svg\" class=\"tex\" style=\"vertical-align:-11.1pt\" alt=\"SQ в квад­ра­те = 2 QE в квад­ра­те минус 2 QE в квад­ра­те умно­жить на ко­си­нус \\angle KEN = 9,6 в квад­ра­те умно­жить на левая круг­лая скоб­ка 2 минус 2 умно­жить на дробь: чис­ли­тель: 9, зна­ме­на­тель: 16 конец дроби пра­вая круг­лая скоб­ка = дробь: чис­ли­тель: 2 умно­жить на 7 умно­жить на 12 в квад­ра­те , зна­ме­на­тель: 5 в квад­ра­те конец дроби , \"></p><p class=\"left_margin\"></p></center><p> или <img src=\"https://ege.sdamgia.ru/formula/svg/d2/d27769e55c71a440d3b1cfa7ba585ce1.svg\" class=\"tex\" style=\"vertical-align:-8.5pt\" alt=\"SQ = дробь: чис­ли­тель: ко­рень из: на­ча­ло ар­гу­мен­та: 14 конец ар­гу­мен­та умно­жить на 12, зна­ме­на­тель: 5 конец дроби . \"> Ана­ло­гич­но </p><p class=\"left_margin\"></p><center><p><img src=\"https://ege.sdamgia.ru/formula/svg/e8/e8bc24795cac0f9cf5c6e49de0c7ba20.svg\" class=\"tex\" style=\"vertical-align:-8.4pt\" alt=\" ко­си­нус \\angle KFL = дробь: чис­ли­тель: 21 в квад­ра­те плюс 14 в квад­ра­те минус 14 в квад­ра­те , зна­ме­на­тель: 2 умно­жить на 21 умно­жить на 14 конец дроби = дробь: чис­ли­тель: 3, зна­ме­на­тель: 4 конец дроби , \"></p><p class=\"left_margin\"></p></center><p> сле­до­ва­тель­но, </p><p class=\"left_margin\"></p><center><p><img src=\"https://ege.sdamgia.ru/formula/svg/bf/bffb5dfd99936261d4191f650846f820.svg\" class=\"tex\" style=\"vertical-align:-11.1pt\" alt=\"PR в квад­ра­те = 2 PF в квад­ра­те минус 2 PF в квад­ра­те умно­жить на ко­си­нус \\angle KFL = 2 левая круг­лая скоб­ка 12 в квад­ра­те минус 12 в квад­ра­те умно­жить на дробь: чис­ли­тель: 3, зна­ме­на­тель: 4 конец дроби пра­вая круг­лая скоб­ка = 72,\"></p><p class=\"left_margin\"></p></center><p> от­ку­да <img src=\"https://ege.sdamgia.ru/formula/svg/1f/1f03ef34158585dfd3b78a219c1419f1.svg\" class=\"tex\" style=\"vertical-align:-1.8pt\" alt=\"RP = 6 ко­рень из: на­ча­ло ар­гу­мен­та: 2 конец ар­гу­мен­та .\"></p><p class=\"left_margin\">Таким об­ра­зом, пло­щадь ромба <i>PQRS</i> равна</p><p class=\"left_margin\"></p><center><p><img src=\"https://ege.sdamgia.ru/formula/svg/13/1339259ad59dd53d78b5b6b5374d2d85.svg\" class=\"tex\" style=\"vertical-align:-8.5pt\" alt=\"S_PQRS = дробь: чис­ли­тель: 1, зна­ме­на­тель: 2 конец дроби QS умно­жить на PR = дробь: чис­ли­тель: 6 ко­рень из: на­ча­ло ар­гу­мен­та: 2 конец ар­гу­мен­та умно­жить на дробь: чис­ли­тель: ко­рень из: на­ча­ло ар­гу­мен­та: 14 конец ар­гу­мен­та умно­жить на 12, зна­ме­на­тель: 5 конец дроби , зна­ме­на­тель: 2 конец дроби = дробь: чис­ли­тель: 72 ко­рень из: на­ча­ло ар­гу­мен­та: 7 конец ар­гу­мен­та , зна­ме­на­тель: 5 конец дроби . \"></p><p class=\"left_margin\"></p></center><p><span style=\"letter-spacing: 2px;\">Ответ:</span> б) <img src=\"https://ege.sdamgia.ru/formula/svg/04/04c563504009c8a8e944639e709656ee.svg\" class=\"tex\" style=\"vertical-align:-8.5pt\" alt=\" дробь: чис­ли­тель: 72 ко­рень из: на­ча­ло ар­гу­мен­та: 7 конец ар­гу­мен­та , зна­ме­на­тель: 5 конец дроби . \"></p></div>",
        "image_urls": [
            "https://ege.sdamgia.ru/formula/svg/16/16a3c22946b714ec7137b9975546bd7e.svg",
            "https://ege.sdamgia.ru/formula/svg/1c/1c3f3671bcb98da815cd659098dbdd6f.svg",
            "https://ege.sdamgia.ru/formula/svg/3f/3f59cdb891dd951083e4c8177b825fe4.svg",
            "https://ege.sdamgia.ru/formula/svg/0f/0ff642e3c626bcd57747542fbe764587.svg",
            "https://ege.sdamgia.ru/formula/svg/98/980761a142b63586cee68a086045c965.svg",
            "https://ege.sdamgia.ru/formula/svg/43/435fe0dd58eb2ff7b86bd6c583e7c260.svg",
            "https://ege.sdamgia.ru/formula/svg/ca/ca32ab726d22eab020399ec602b32350.svg",
            "https://ege.sdamgia.ru/formula/svg/00/009fad32d98d4662df1ca859b664a13a.svg",
            "https://ege.sdamgia.ru/formula/svg/4d/4d33e595ce93130f0014a4ea088a98f3.svg",
            "https://ege.sdamgia.ru/formula/svg/fc/fcdc6566e6f4e2c5c364f002c734c6da.svg",
            "https://ege.sdamgia.ru/formula/svg/48/485f1feebd8c822889c99da92f59c7c0.svg",
            "https://ege.sdamgia.ru/formula/svg/7d/7dfb7a8aaa9dc501665118ce0e111430.svg",
            "https://ege.sdamgia.ru/formula/svg/0d/0d958e098bc0366d702f283d17259e2e.svg",
            "https://ege.sdamgia.ru/formula/svg/64/642554ab31d76c2b978c946bb56d7d9c.svg",
            "https://ege.sdamgia.ru/formula/svg/27/27c8198bfdef553fa4fe1801c27cc404.svg",
            "https://ege.sdamgia.ru/formula/svg/8c/8c57b335d8afc8484ad7e35c9e603d8c.svg",
            "https://ege.sdamgia.ru/formula/svg/fd/fdcd90e4ce5059262ff39ad9a2d2b93e.svg",
            "https://ege.sdamgia.ru/formula/svg/78/780ad70bf5b16610919aad59faef348b.svg",
            "https://ege.sdamgia.ru/formula/svg/4c/4c9c039f0e21d84cb87c13c5e39cb271.svg",
            "https://ege.sdamgia.ru/formula/svg/90/90ad0c9a3876b910eff2f987aefc5ddb.svg",
            "https://ege.sdamgia.ru/formula/svg/e4/e4f30f0cf8e7f0378b640a13ad74592e.svg",
            "https://ege.sdamgia.ru/formula/svg/ca/ca09cd4124a53b8eebce11101b03f96f.svg",
            "https://ege.sdamgia.ru/formula/svg/d2/d27769e55c71a440d3b1cfa7ba585ce1.svg",
            "https://ege.sdamgia.ru/formula/svg/e8/e8bc24795cac0f9cf5c6e49de0c7ba20.svg",
            "https://ege.sdamgia.ru/formula/svg/bf/bffb5dfd99936261d4191f650846f820.svg",
            "https://ege.sdamgia.ru/formula/svg/1f/1f03ef34158585dfd3b78a219c1419f1.svg",
            "https://ege.sdamgia.ru/formula/svg/13/1339259ad59dd53d78b5b6b5374d2d85.svg",
            "https://ege.sdamgia.ru/formula/svg/04/04c563504009c8a8e944639e709656ee.svg",
            "/get_file?id=130111"
        ]
    },
    "answer": "б)",
    "topic_id": 17,
    "analog_ids": []
}