{
    "gia_type": "ege",
    "subject": "math",
    "id": 509167,
    "condition": {
        "text": "На рисунке изображены графики функций  и  которые пересекаются в точках A и B. Найдите абсциссу точки B.",
        "html": "<div align=\"justify\" width=\"100%\" id=\"body633363\" class=\"pbody\"><p class=\"left_margin\"><img src=\"/get_file?id=149707\" style=\"float:right;margin:10px;max-width:100%\">На ри­сун­ке изоб­ра­же­ны гра­фи­ки функ­ций <img src=\"https://ege.sdamgia.ru/formula/svg/05/056cb62b440ff437645490889f0df1cc.svg\" class=\"tex\" style=\"vertical-align:-8.5pt\" alt=\"f левая круг­лая скоб­ка x пра­вая круг­лая скоб­ка =\\dfrackx \"> и <img src=\"https://ege.sdamgia.ru/formula/svg/6e/6e79b60b459a444ff0406472544ef355.svg\" class=\"tex\" style=\"vertical-align:-3.6pt\" alt=\"g левая круг­лая скоб­ка x пра­вая круг­лая скоб­ка =ax плюс b,\"> ко­то­рые пе­ре­се­ка­ют­ся в точ­ках <i>A</i> и <i>B</i>. Най­ди­те абс­цис­су точки <i>B</i>.</p></div>",
        "image_urls": [
            "https://ege.sdamgia.ru/formula/svg/05/056cb62b440ff437645490889f0df1cc.svg",
            "https://ege.sdamgia.ru/formula/svg/6e/6e79b60b459a444ff0406472544ef355.svg",
            "/get_file?id=149707"
        ]
    },
    "solution": {
        "text": "Решение. По графику, f(2)  =  1, тогда  Значит, Заметим, что a  — тангенс угла наклона графика линейной функции  тогда  По графику, g(2)  =  1, тогда  Значит, Теперь найдём абсциссу точки B: Таким образом, ответ  — −0,2. Ответ: −0,2.",
        "html": "<div align=\"justify\" width=\"100%\" id=\"sol509167\" class=\"solution\" style=\"clear:both;\" class=\"pbody\"><p class=\"left_margin\"></p><b>Ре­ше­ние<!--rule_info-->. </b><p class=\"left_margin\">По гра­фи­ку, <i>f</i>(2)  =  1, тогда <img src=\"https://ege.sdamgia.ru/formula/svg/5d/5dcd15a9b8a9ac883cdf8b2e04056254.svg\" class=\"tex\" style=\"vertical-align:-8.4pt\" alt=\" дробь: чис­ли­тель: k, зна­ме­на­тель: 2 конец дроби =1 рав­но­силь­но k=2. \"> Зна­чит, <img src=\"https://ege.sdamgia.ru/formula/svg/c7/c73c42ed209260b6e2805e7474208302.svg\" class=\"tex\" style=\"vertical-align:-8.5pt\" alt=\"f левая круг­лая скоб­ка x пра­вая круг­лая скоб­ка = дробь: чис­ли­тель: 2, зна­ме­на­тель: x конец дроби . \"></p><p class=\"left_margin\">За­ме­тим, что <i>a</i>  — тан­генс угла на­кло­на гра­фи­ка ли­ней­ной функ­ции <img src=\"https://ege.sdamgia.ru/formula/svg/6e/6e79b60b459a444ff0406472544ef355.svg\" class=\"tex\" style=\"vertical-align:-3.6pt\" alt=\"g левая круг­лая скоб­ка x пра­вая круг­лая скоб­ка =ax плюс b,\"> тогда <img src=\"https://ege.sdamgia.ru/formula/svg/36/36798d0b5be14346beb1a9242e60608c.svg\" class=\"tex\" style=\"vertical-align:-8.3pt\" alt=\"a= дробь: чис­ли­тель: 5, зна­ме­на­тель: 1 конец дроби =5. \"> По гра­фи­ку, <i>g</i>(2)  =  1, тогда <img src=\"https://ege.sdamgia.ru/formula/svg/fa/fa63cf018ec747d83a7963e6cfefb809.svg\" class=\"tex\" style=\"vertical-align:-1.8pt\" alt=\"5 умно­жить на 2 плюс b=1 рав­но­силь­но b= минус 9.\"> Зна­чит, <img src=\"https://ege.sdamgia.ru/formula/svg/54/54199f6f4e561258de7a034b81dc9c36.svg\" class=\"tex\" style=\"vertical-align:-3.6pt\" alt=\"g левая круг­лая скоб­ка x пра­вая круг­лая скоб­ка =5x минус 9.\"></p><p class=\"left_margin\">Те­перь найдём абс­цис­су точки <i>B</i>:</p><p class=\"left_margin\"></p><center><p><span data-width=\"640\" data-formulahash=\"03ecf9b207cc0a4b3bafef3d130d19c7\" class=\"tex-span\" style=\"\"><img src=\"https://ege.sdamgia.ru/formula/svg/03/03ecf9b207cc0a4b3bafef3d130d19c7.svg\" class=\"tex\" style=\"vertical-align:-24.7pt\" alt=\" дробь: чис­ли­тель: 2, зна­ме­на­тель: x конец дроби =5x минус 9 рав­но­силь­но 5x в квад­ра­те минус 9x минус 2=0 рав­но­силь­но со­во­куп­ность вы­ра­же­ний x= дробь: чис­ли­тель: 9 плюс ко­рень из: на­ча­ло ар­гу­мен­та: 81 плюс 4 умно­жить на 5 умно­жить на 2 конец ар­гу­мен­та , зна­ме­на­тель: 10 конец дроби ,x= дробь: чис­ли­тель: 9 минус ко­рень из: на­ча­ло ар­гу­мен­та: 81 плюс 4 умно­жить на 5 умно­жить на 2 конец ар­гу­мен­та , зна­ме­на­тель: 10 конец дроби конец со­во­куп­но­сти . рав­но­силь­но со­во­куп­ность вы­ра­же­ний x=2,x= минус 0,2. конец со­во­куп­но­сти . \"></span><span data-width=\"490\" data-formulahash=\"03ecf9b207cc0a4b3bafef3d130d19c7\" class=\"tex-span\" style=\"display:none\"><img src=\"https://ege.sdamgia.ru/formula/svg/56/5602ef9f0977db40d9fe4245a71e5058.svg\" class=\"tex\" style=\"vertical-align:-8.5pt\" alt=\" дробь: чис­ли­тель: 2, зна­ме­на­тель: x конец дроби =5x минус 9 рав­но­силь­но 5x в квад­ра­те минус 9x минус 2=0 рав­но­силь­но \"><br><img src=\"https://ege.sdamgia.ru/formula/svg/d1/d1df87c12c648c45dba94647f82fd8bf.svg\" class=\"tex\" style=\"vertical-align:-24.8pt\" alt=\" рав­но­силь­но со­во­куп­ность вы­ра­же­ний x= дробь: чис­ли­тель: 9 плюс ко­рень из: на­ча­ло ар­гу­мен­та: 81 плюс 4 умно­жить на 5 умно­жить на 2 конец ар­гу­мен­та , зна­ме­на­тель: 10 конец дроби ,x= дробь: чис­ли­тель: 9 минус ко­рень из: на­ча­ло ар­гу­мен­та: 81 плюс 4 умно­жить на 5 умно­жить на 2 конец ар­гу­мен­та , зна­ме­на­тель: 10 конец дроби конец со­во­куп­но­сти . рав­но­силь­но со­во­куп­ность вы­ра­же­ний x=2,x= минус 0,2. конец со­во­куп­но­сти . \"></span></p><p class=\"left_margin\"></p></center><p> Таким об­ра­зом, ответ  — −0,2.</p><p>&nbsp;</p><p><span style=\"letter-spacing: 2px;\">Ответ:</span> −0,2.</p></div>",
        "image_urls": [
            "https://ege.sdamgia.ru/formula/svg/5d/5dcd15a9b8a9ac883cdf8b2e04056254.svg",
            "https://ege.sdamgia.ru/formula/svg/c7/c73c42ed209260b6e2805e7474208302.svg",
            "https://ege.sdamgia.ru/formula/svg/6e/6e79b60b459a444ff0406472544ef355.svg",
            "https://ege.sdamgia.ru/formula/svg/36/36798d0b5be14346beb1a9242e60608c.svg",
            "https://ege.sdamgia.ru/formula/svg/fa/fa63cf018ec747d83a7963e6cfefb809.svg",
            "https://ege.sdamgia.ru/formula/svg/54/54199f6f4e561258de7a034b81dc9c36.svg",
            "https://ege.sdamgia.ru/formula/svg/03/03ecf9b207cc0a4b3bafef3d130d19c7.svg",
            "https://ege.sdamgia.ru/formula/svg/56/5602ef9f0977db40d9fe4245a71e5058.svg",
            "https://ege.sdamgia.ru/formula/svg/d1/d1df87c12c648c45dba94647f82fd8bf.svg"
        ]
    },
    "answer": "-0,2",
    "topic_id": 11,
    "analog_ids": [
        509167,
        509168,
        509169,
        509170,
        509168,
        509169,
        509170,
        509172,
        509173,
        509174,
        509175,
        509176,
        509177,
        509178,
        509179,
        509180,
        509181,
        509188,
        629173,
        509171
    ]
}