{
    "gia_type": "ege",
    "subject": "math",
    "id": 509271,
    "condition": {
        "text": " На рисунке изображены графики функций  и  которые пересекаются в точке A. Найдите абсциссу точки A.",
        "html": "<div align=\"justify\" width=\"100%\" id=\"body633771\" class=\"pbody\"><p class=\"left_margin\"><img src=\"/get_file?id=108618\" style=\"float:right;margin:10px;max-width:100%\"> На ри­сун­ке изоб­ра­же­ны гра­фи­ки функ­ций <img src=\"https://ege.sdamgia.ru/formula/svg/05/056bc99d7b2e863d3e614bb99606cbea.svg\" class=\"tex\" style=\"vertical-align:-3.6pt\" alt=\"f левая круг­лая скоб­ка x пра­вая круг­лая скоб­ка =a ко­рень из: на­ча­ло ар­гу­мен­та: x конец ар­гу­мен­та \"> и <img src=\"https://ege.sdamgia.ru/formula/svg/d8/d8e9d1bdb39f21c0fc574408d8a15a64.svg\" class=\"tex\" style=\"vertical-align:-3.6pt\" alt=\"g левая круг­лая скоб­ка x пра­вая круг­лая скоб­ка =kx плюс b,\"> ко­то­рые пе­ре­се­ка­ют­ся в <nobr>точке <i>A</i>.</nobr> Най­ди­те абс­цис­су точки <i>A</i>.</p></div>",
        "image_urls": [
            "https://ege.sdamgia.ru/formula/svg/05/056bc99d7b2e863d3e614bb99606cbea.svg",
            "https://ege.sdamgia.ru/formula/svg/d8/d8e9d1bdb39f21c0fc574408d8a15a64.svg",
            "/get_file?id=108618"
        ]
    },
    "solution": {
        "text": "Решение. По графику, f(4)  =  5, тогда  Тогда уравнение функции имеет вид Заметим, что k  — тангенс угла наклона прямой. Тогда  По графику, g(0)  =  −3, значит,  Тогда уравнение прямой имеет вид Теперь найдём абсциссу точки A: Таким образом, x  =  36. Ответ: 36.",
        "html": "<div align=\"justify\" width=\"100%\" id=\"sol509271\" class=\"solution\" style=\"clear:both;\" class=\"pbody\"><p class=\"left_margin\"></p><b>Ре­ше­ние<!--rule_info-->. </b><p class=\"left_margin\">По гра­фи­ку, <i>f</i>(4)  =  5, тогда <img src=\"https://ege.sdamgia.ru/formula/svg/64/64c11fb8a89f5d9a7ea03f972b5b58f0.svg\" class=\"tex\" style=\"vertical-align:-3.0pt\" alt=\"a ко­рень из: на­ча­ло ар­гу­мен­та: 4 конец ар­гу­мен­та =5 рав­но­силь­но 2a=5 рав­но­силь­но a=2,5.\"> Тогда урав­не­ние функ­ции имеет вид <img src=\"https://ege.sdamgia.ru/formula/svg/de/dec5f8a7082b27b5ff1b2bddae1f7128.svg\" class=\"tex\" style=\"vertical-align:-3.6pt\" alt=\"f левая круг­лая скоб­ка x пра­вая круг­лая скоб­ка =2,5 ко­рень из: на­ча­ло ар­гу­мен­та: x конец ар­гу­мен­та .\"></p><p class=\"left_margin\">За­ме­тим, что <i>k</i>  — тан­генс угла на­кло­на пря­мой. Тогда <img src=\"https://ege.sdamgia.ru/formula/svg/5f/5ff5e14fec63cc64267837f506a92164.svg\" class=\"tex\" style=\"vertical-align:-8.4pt\" alt=\"k= дробь: чис­ли­тель: 1, зна­ме­на­тель: 2 конец дроби =0,5. \"> По гра­фи­ку, <i>g</i>(0)  =  −3, зна­чит, <img src=\"https://ege.sdamgia.ru/formula/svg/b1/b196417109799f477ccb5450e13588ed.svg\" class=\"tex\" style=\"vertical-align:-3.0pt\" alt=\"0,5 умно­жить на 0 плюс b= минус 3 рав­но­силь­но b= минус 3.\"> Тогда урав­не­ние пря­мой имеет вид <img src=\"https://ege.sdamgia.ru/formula/svg/e7/e7d90f35badff08a918951a64c8592f1.svg\" class=\"tex\" style=\"vertical-align:-3.6pt\" alt=\"g левая круг­лая скоб­ка x пра­вая круг­лая скоб­ка =0,5x минус 3.\"></p><p class=\"left_margin\">Те­перь найдём абс­цис­су точки <i>A</i>:</p><p class=\"left_margin\"></p><center><p><img src=\"https://ege.sdamgia.ru/formula/svg/bf/bfdf894a06156bab351a06107bf279bd.svg\" class=\"tex\" style=\"vertical-align:-14.4pt\" alt=\" си­сте­ма вы­ра­же­ний y=2,5 ко­рень из: на­ча­ло ар­гу­мен­та: x конец ар­гу­мен­та ,y=0,5x минус 3 конец си­сте­мы . рав­но­силь­но си­сте­ма вы­ра­же­ний 2,5 ко­рень из: на­ча­ло ар­гу­мен­та: x конец ар­гу­мен­та =0,5x минус 3,y=0,5x минус 3 конец си­сте­мы . рав­но­силь­но си­сте­ма вы­ра­же­ний x минус 5 ко­рень из: на­ча­ло ар­гу­мен­та: x конец ар­гу­мен­та минус 6=0,y=0,5x минус 3 конец си­сте­мы . рав­но­силь­но \"></p><p><img src=\"https://ege.sdamgia.ru/formula/svg/ab/ab0a35a993982638d365d17ef0b1da61.svg\" class=\"tex\" style=\"vertical-align:-21.3pt\" alt=\" рав­но­силь­но си­сте­ма вы­ра­же­ний со­во­куп­ность вы­ра­же­ний ко­рень из: на­ча­ло ар­гу­мен­та: x конец ар­гу­мен­та =6, ко­рень из: на­ча­ло ар­гу­мен­та: x конец ар­гу­мен­та = минус 1 конец си­сте­мы . ,y=0,5x минус 3 конец со­во­куп­но­сти . рав­но­силь­но си­сте­ма вы­ра­же­ний ко­рень из: на­ча­ло ар­гу­мен­та: x конец ар­гу­мен­та =6,y=0,5x минус 3 конец си­сте­мы . рав­но­силь­но си­сте­ма вы­ра­же­ний x=36,y=15. конец си­сте­мы . \"></p><p class=\"left_margin\"></p></center><p> Таким об­ра­зом, <i>x</i>  =  36.</p><p>&nbsp;</p><p><span style=\"letter-spacing: 2px;\">Ответ:</span> 36.</p></div>",
        "image_urls": [
            "https://ege.sdamgia.ru/formula/svg/64/64c11fb8a89f5d9a7ea03f972b5b58f0.svg",
            "https://ege.sdamgia.ru/formula/svg/de/dec5f8a7082b27b5ff1b2bddae1f7128.svg",
            "https://ege.sdamgia.ru/formula/svg/5f/5ff5e14fec63cc64267837f506a92164.svg",
            "https://ege.sdamgia.ru/formula/svg/b1/b196417109799f477ccb5450e13588ed.svg",
            "https://ege.sdamgia.ru/formula/svg/e7/e7d90f35badff08a918951a64c8592f1.svg",
            "https://ege.sdamgia.ru/formula/svg/bf/bfdf894a06156bab351a06107bf279bd.svg",
            "https://ege.sdamgia.ru/formula/svg/ab/ab0a35a993982638d365d17ef0b1da61.svg"
        ]
    },
    "answer": "36",
    "topic_id": 11,
    "analog_ids": [
        509271,
        509272,
        509273,
        509274,
        509272,
        509273,
        509274,
        509275,
        509276,
        509277,
        509278
    ]
}