{
    "gia_type": "ege",
    "subject": "math",
    "id": 642371,
    "condition": {
        "text": "На рисунке изображены графики функций  и  которые пересекаются в точках A и B. Найдите абсциссу точки B.",
        "html": "<div align=\"justify\" width=\"100%\" id=\"body500671\" class=\"pbody\"><p class=\"left_margin\"><img src=\"/get_file?id=148850\" style=\"float:right;margin:10px;max-width:100%\">На ри­сун­ке изоб­ра­же­ны гра­фи­ки функ­ций <img src=\"https://ege.sdamgia.ru/formula/svg/ec/ece2c338de2c8eedde5d6022ffa572f6.svg\" class=\"tex\" style=\"vertical-align:-3.6pt\" alt=\"f левая круг­лая скоб­ка x пра­вая круг­лая скоб­ка = ax в квад­ра­те плюс bx плюс c\"> и <img src=\"https://ege.sdamgia.ru/formula/svg/55/55aea994e3bf6c8a396188d08d6c7bf3.svg\" class=\"tex\" style=\"vertical-align:-3.6pt\" alt=\"g левая круг­лая скоб­ка x пра­вая круг­лая скоб­ка = kx плюс d,\"> ко­то­рые пе­ре­се­ка­ют­ся в точ­ках <i>A</i> и <i>B</i>. Най­ди­те абс­цис­су точки <i>B</i>.</p></div>",
        "image_urls": [
            "https://ege.sdamgia.ru/formula/svg/ec/ece2c338de2c8eedde5d6022ffa572f6.svg",
            "https://ege.sdamgia.ru/formula/svg/55/55aea994e3bf6c8a396188d08d6c7bf3.svg",
            "/get_file?id=148850"
        ]
    },
    "solution": {
        "text": "Решение. По графику,    Тогда: Решая полученную систему, получаем: a  =  2, b  =  3, из f(0)  =  −4 получим c  =  −4. Функция g(x) проходит через точки с координатами (−2; −2) и (−1; 2). Составим и решим систему уравнений:Таким образом,  Теперь найдем абсциссу точки B:Таким образом, ответ  — 2,5. Ответ: 2,5.",
        "html": "<div align=\"justify\" width=\"100%\" id=\"sol642371\" class=\"solution\" style=\"clear:both;\" class=\"pbody\"><p class=\"left_margin\"></p><b>Ре­ше­ние<!--rule_info-->. </b><p class=\"left_margin\">По гра­фи­ку, <img src=\"https://ege.sdamgia.ru/formula/svg/97/9700be52922d7b96e4b2f2d4e5c3a2bd.svg\" class=\"tex\" style=\"vertical-align:-3.6pt\" alt=\"f левая круг­лая скоб­ка минус 2 пра­вая круг­лая скоб­ка = минус 2,\"> <img src=\"https://ege.sdamgia.ru/formula/svg/ee/ee999e2f826f3c2e5462094987da684e.svg\" class=\"tex\" style=\"vertical-align:-3.6pt\" alt=\"f левая круг­лая скоб­ка 0 пра­вая круг­лая скоб­ка = минус 4,\"> <img src=\"https://ege.sdamgia.ru/formula/svg/c3/c3b0e6d14459d95d1dffa4b5c0014237.svg\" class=\"tex\" style=\"vertical-align:-3.6pt\" alt=\"f левая круг­лая скоб­ка 1 пра­вая круг­лая скоб­ка = 1.\"> Тогда: </p><p class=\"left_margin\"></p><center><p><span data-width=\"640\" data-formulahash=\"a81abb573c1ba343e17ba6e8b0f15286\" class=\"tex-span\" style=\"\"><img src=\"https://ege.sdamgia.ru/formula/svg/a8/a81abb573c1ba343e17ba6e8b0f15286.svg\" class=\"tex\" style=\"vertical-align:-3.6pt\" alt=\"f левая круг­лая скоб­ка минус 2 пра­вая круг­лая скоб­ка минус f левая круг­лая скоб­ка 0 пра­вая круг­лая скоб­ка = a левая круг­лая скоб­ка 4 минус 0 пра­вая круг­лая скоб­ка плюс b левая круг­лая скоб­ка минус 2 минус 0 пра­вая круг­лая скоб­ка = 4a минус 2b = минус 2 минус левая круг­лая скоб­ка минус 4 пра­вая круг­лая скоб­ка рав­но­силь­но 4a минус 2b = 2,\"></span><span data-width=\"465\" data-formulahash=\"a81abb573c1ba343e17ba6e8b0f15286\" class=\"tex-span\" style=\"display:none\"><img src=\"https://ege.sdamgia.ru/formula/svg/2c/2cad8e2d9093345e45c5d6b90076487d.svg\" class=\"tex\" style=\"vertical-align:-3.6pt\" alt=\"f левая круг­лая скоб­ка минус 2 пра­вая круг­лая скоб­ка минус f левая круг­лая скоб­ка 0 пра­вая круг­лая скоб­ка = a левая круг­лая скоб­ка 4 минус 0 пра­вая круг­лая скоб­ка плюс b левая круг­лая скоб­ка минус 2 минус 0 пра­вая круг­лая скоб­ка = 4a минус 2b = минус 2 минус левая круг­лая скоб­ка минус 4 пра­вая круг­лая скоб­ка рав­но­силь­но \"><br><img src=\"https://ege.sdamgia.ru/formula/svg/14/143729d0aa32b84ae6378fad6949b6af.svg\" class=\"tex\" style=\"vertical-align:-3.0pt\" alt=\" рав­но­силь­но 4a минус 2b = 2,\"></span></p><p><img src=\"https://ege.sdamgia.ru/formula/svg/01/010ab7f9c92dd31853357ac5a064e699.svg\" class=\"tex\" style=\"vertical-align:-3.6pt\" alt=\"f левая круг­лая скоб­ка 0 пра­вая круг­лая скоб­ка минус f левая круг­лая скоб­ка 1 пра­вая круг­лая скоб­ка = a левая круг­лая скоб­ка 0 минус 1 пра­вая круг­лая скоб­ка плюс b левая круг­лая скоб­ка 0 минус 1 пра­вая круг­лая скоб­ка = минус a минус b = минус 4 минус 1 рав­но­силь­но минус a минус b = минус 5.\"></p><p class=\"left_margin\"></p></center><p class=\"left_margin\">Решая по­лу­чен­ную си­сте­му, по­лу­ча­ем: <i>a</i>  =  2, <i>b</i>  =  3, из <i>f</i>(0)  =  −4 по­лу­чим <i>c</i>  =  −4. Функ­ция <i>g</i>(<i>x</i>) про­хо­дит через точки с ко­ор­ди­на­та­ми (−2; −2) и (−1; 2). Со­ста­вим и решим си­сте­му урав­не­ний:</p><p class=\"left_margin\"></p><center><p><img src=\"https://ege.sdamgia.ru/formula/svg/24/2423d25bccb08bb003e252d072349c68.svg\" class=\"tex\" style=\"vertical-align:-14.4pt\" alt=\" си­сте­ма вы­ра­же­ний минус 2 = минус 2k плюс d,2 = минус k плюс d конец си­сте­мы . рав­но­силь­но си­сте­ма вы­ра­же­ний k = 4,d = 6. конец си­сте­мы . \"></p><p class=\"left_margin\"></p></center><p class=\"left_margin\">Таким об­ра­зом, <img src=\"https://ege.sdamgia.ru/formula/svg/79/79974bfd17d1f337576fa07247510155.svg\" class=\"tex\" style=\"vertical-align:-3.6pt\" alt=\"g левая круг­лая скоб­ка x пра­вая круг­лая скоб­ка = 4x плюс 6.\"> Те­перь най­дем абс­цис­су точки <i>B</i>:</p><p class=\"left_margin\"></p><center><p><img src=\"https://ege.sdamgia.ru/formula/svg/d6/d657de4f4988ee128934e3b967766106.svg\" class=\"tex\" style=\"vertical-align:-14.4pt\" alt=\"4x плюс 6 = 2x в квад­ра­те плюс 3x минус 4 рав­но­силь­но 2x в квад­ра­те минус x минус 10 = 0 рав­но­силь­но со­во­куп­ность вы­ра­же­ний x = минус 2,x = 2,5. конец со­во­куп­но­сти . \"></p><p class=\"left_margin\"></p></center><p class=\"left_margin\">Таким об­ра­зом, ответ  — 2,5.</p><p>&nbsp;</p><p><span style=\"letter-spacing: 2px;\">Ответ:</span> 2,5.</p></div>",
        "image_urls": [
            "https://ege.sdamgia.ru/formula/svg/97/9700be52922d7b96e4b2f2d4e5c3a2bd.svg",
            "https://ege.sdamgia.ru/formula/svg/ee/ee999e2f826f3c2e5462094987da684e.svg",
            "https://ege.sdamgia.ru/formula/svg/c3/c3b0e6d14459d95d1dffa4b5c0014237.svg",
            "https://ege.sdamgia.ru/formula/svg/a8/a81abb573c1ba343e17ba6e8b0f15286.svg",
            "https://ege.sdamgia.ru/formula/svg/2c/2cad8e2d9093345e45c5d6b90076487d.svg",
            "https://ege.sdamgia.ru/formula/svg/14/143729d0aa32b84ae6378fad6949b6af.svg",
            "https://ege.sdamgia.ru/formula/svg/01/010ab7f9c92dd31853357ac5a064e699.svg",
            "https://ege.sdamgia.ru/formula/svg/24/2423d25bccb08bb003e252d072349c68.svg",
            "https://ege.sdamgia.ru/formula/svg/79/79974bfd17d1f337576fa07247510155.svg",
            "https://ege.sdamgia.ru/formula/svg/d6/d657de4f4988ee128934e3b967766106.svg"
        ]
    },
    "answer": "2,5",
    "topic_id": 11,
    "analog_ids": []
}