{
    "gia_type": "ege",
    "subject": "math",
    "id": 642407,
    "condition": {
        "text": "На рисунке изображены графики функций видов  и  пересекающиеся в точках A и B. Найдите абсциссу точки B.",
        "html": "<div align=\"justify\" width=\"100%\" id=\"body500635\" class=\"pbody\"><p class=\"left_margin\"><img src=\"/get_file?id=136415\" style=\"float:right;margin:10px;max-width:100%\">На ри­сун­ке изоб­ра­же­ны гра­фи­ки функ­ций видов <img src=\"https://ege.sdamgia.ru/formula/svg/a9/a97e5bc5d2145a6321d409db900d25bc.svg\" class=\"tex\" style=\"vertical-align:-3.6pt\" alt=\"f левая круг­лая скоб­ка x пра­вая круг­лая скоб­ка =ax в квад­ра­те плюс bx плюс c\"> и <img src=\"https://ege.sdamgia.ru/formula/svg/9e/9ee5d746eb5e94e9c59868f0df2fddb1.svg\" class=\"tex\" style=\"vertical-align:-3.6pt\" alt=\"g левая круг­лая скоб­ка x пра­вая круг­лая скоб­ка =kx,\"> пе­ре­се­ка­ю­щи­е­ся в точ­ках <i>A</i> и <i>B</i>. Най­ди­те абс­цис­су точки <i>B</i>.</p></div>",
        "image_urls": [
            "https://ege.sdamgia.ru/formula/svg/a9/a97e5bc5d2145a6321d409db900d25bc.svg",
            "https://ege.sdamgia.ru/formula/svg/9e/9ee5d746eb5e94e9c59868f0df2fddb1.svg",
            "/get_file?id=136415"
        ]
    },
    "solution": {
        "text": "Решение. По графику   тогда c  =  0,   Значит, квадратичная функция имеет вид Заметим, что k  — тангенс угла наклона прямой по отношению к оси абсцисс, тогда  Значит, линейная функция имеет вид Найдём абсциссу точки B:Таким образом, абсцисса точки B равна 4. Ответ: 4.",
        "html": "<div align=\"justify\" width=\"100%\" id=\"sol642407\" class=\"solution\" style=\"clear:both;\" class=\"pbody\"><p class=\"left_margin\"></p><b>Ре­ше­ние<!--rule_info-->. </b><p class=\"left_margin\">По гра­фи­ку <img src=\"https://ege.sdamgia.ru/formula/svg/72/724e8ab7cb2724a014a70becbae83752.svg\" class=\"tex\" style=\"vertical-align:-3.6pt\" alt=\"f левая круг­лая скоб­ка 0 пра­вая круг­лая скоб­ка =0,\"> <img src=\"https://ege.sdamgia.ru/formula/svg/a1/a1c529e5e62f0d1fbe00a0d3671678bb.svg\" class=\"tex\" style=\"vertical-align:-3.6pt\" alt=\"f левая круг­лая скоб­ка 2 пра­вая круг­лая скоб­ка =2,\"> тогда </p><p></p><div class=\"flex-math\"><p><i>c</i>  =  0, <img src=\"https://ege.sdamgia.ru/formula/svg/7e/7e091de7d9c8cbefce054fc4495bea1b.svg\" class=\"tex\" style=\"vertical-align:-8.4pt\" alt=\"x_0= дробь: чис­ли­тель: минус b, зна­ме­на­тель: 2 умно­жить на 1 конец дроби = дробь: чис­ли­тель: 1, зна­ме­на­тель: 2 конец дроби , \"> <img src=\"https://ege.sdamgia.ru/formula/svg/23/23af4c9d53f49b9f709b0236529842c5.svg\" class=\"tex\" style=\"vertical-align:-3.0pt\" alt=\"b= минус 1,\"> <img src=\"https://ege.sdamgia.ru/formula/svg/2a/2a1b71b785c0cb14bb665bfef5a37b68.svg\" class=\"tex\" style=\"vertical-align:-1.8pt\" alt=\"a=1.\"></p><p></p></div><p class=\"left_margin\">Зна­чит, квад­ра­тич­ная функ­ция имеет вид <img src=\"https://ege.sdamgia.ru/formula/svg/2e/2e67f530eb5a6f49644bd1e5e90339ec.svg\" class=\"tex\" style=\"vertical-align:-3.6pt\" alt=\"f левая круг­лая скоб­ка x пра­вая круг­лая скоб­ка =x в квад­ра­те минус x.\"></p><p class=\"left_margin\">За­ме­тим, что <i>k</i>  — тан­генс угла на­кло­на пря­мой по от­но­ше­нию к оси абс­цисс, тогда </p><p class=\"left_margin\"></p><center><p><img src=\"https://ege.sdamgia.ru/formula/svg/aa/aa4da667eed2332f0bfc3742f215f82d.svg\" class=\"tex\" style=\"vertical-align:-8.4pt\" alt=\"k= дробь: чис­ли­тель: 3, зна­ме­на­тель: 1 конец дроби =3. \"></p><p class=\"left_margin\"></p></center> Зна­чит, ли­ней­ная функ­ция имеет вид <img src=\"https://ege.sdamgia.ru/formula/svg/72/72f750feaf8fb5ad52d76fc839c9f7b4.svg\" class=\"tex\" style=\"vertical-align:-3.6pt\" alt=\"g левая круг­лая скоб­ка x пра­вая круг­лая скоб­ка =3x.\"><p class=\"left_margin\">Найдём абс­цис­су точки <i>B</i>:</p><p class=\"left_margin\"></p><center><p><img src=\"https://ege.sdamgia.ru/formula/svg/cb/cb5f38185baedbce2d965c4608ce2811.svg\" class=\"tex\" style=\"vertical-align:-14.4pt\" alt=\"3x=x в квад­ра­те минус x рав­но­силь­но x в квад­ра­те минус 4x=0 рав­но­силь­но со­во­куп­ность вы­ра­же­ний x=0,x=4. конец со­во­куп­но­сти . \"></p><p class=\"left_margin\"></p></center><p class=\"left_margin\">Таким об­ра­зом, абс­цис­са точки <i>B</i> равна 4.</p><p>&nbsp;</p><p><span style=\"letter-spacing: 2px;\">Ответ:</span> 4.</p></div>",
        "image_urls": [
            "https://ege.sdamgia.ru/formula/svg/72/724e8ab7cb2724a014a70becbae83752.svg",
            "https://ege.sdamgia.ru/formula/svg/a1/a1c529e5e62f0d1fbe00a0d3671678bb.svg",
            "https://ege.sdamgia.ru/formula/svg/7e/7e091de7d9c8cbefce054fc4495bea1b.svg",
            "https://ege.sdamgia.ru/formula/svg/23/23af4c9d53f49b9f709b0236529842c5.svg",
            "https://ege.sdamgia.ru/formula/svg/2a/2a1b71b785c0cb14bb665bfef5a37b68.svg",
            "https://ege.sdamgia.ru/formula/svg/2e/2e67f530eb5a6f49644bd1e5e90339ec.svg",
            "https://ege.sdamgia.ru/formula/svg/aa/aa4da667eed2332f0bfc3742f215f82d.svg",
            "https://ege.sdamgia.ru/formula/svg/72/72f750feaf8fb5ad52d76fc839c9f7b4.svg",
            "https://ege.sdamgia.ru/formula/svg/cb/cb5f38185baedbce2d965c4608ce2811.svg"
        ]
    },
    "answer": "4",
    "topic_id": 11,
    "analog_ids": [
        642407,
        665349
    ]
}