{
    "gia_type": "ege",
    "subject": "math",
    "id": 564197,
    "condition": {
        "text": "На рисунке изображён график функции вида  где числа a, b и c  — целые. Найдите  ",
        "html": "<div align=\"justify\" width=\"100%\" id=\"body455961\" class=\"pbody\"><p class=\"left_margin\"><img src=\"https://ege.sdamgia.ru/get_file?id=108643\" style=\"float:right;margin:10px;max-width:100%\">На ри­сун­ке изоб­ражён гра­фик функ­ции вида <img src=\"https://ege.sdamgia.ru/formula/svg/3f/3f75db2e061bc3e054f4f2df78290859.svg\" class=\"tex\" style=\"vertical-align:-9.3pt\" alt=\"f левая круг­лая скоб­ка x пра­вая круг­лая скоб­ка = дробь: чис­ли­тель: a, зна­ме­на­тель: x плюс b конец дроби плюс c, \"> где числа <i>a</i>, <i>b</i> и <i>c</i>  — целые. Най­ди­те  <img src=\"https://ege.sdamgia.ru/formula/svg/0d/0dbb640d0e9bf8459c76c6a7bfbe8ad2.svg\" class=\"tex\" style=\"vertical-align:-3.6pt\" alt=\"f левая круг­лая скоб­ка 13 пра­вая круг­лая скоб­ка .\"></p></div>",
        "image_urls": [
            "https://ege.sdamgia.ru/formula/svg/3f/3f75db2e061bc3e054f4f2df78290859.svg",
            "https://ege.sdamgia.ru/formula/svg/0d/0dbb640d0e9bf8459c76c6a7bfbe8ad2.svg",
            "https://ege.sdamgia.ru/get_file?id=108643"
        ]
    },
    "solution": {
        "text": "Решение. График функции имеет горизонтальную асимптоту  значит, График функции имеет вертикальную асимптоту  значит, По графику  тогдаТаким образом,  Найдём   Ответ: 2,1.",
        "html": "<div align=\"justify\" width=\"100%\" id=\"sol564197\" class=\"solution\" style=\"clear:both;\" class=\"pbody\"><p class=\"left_margin\"></p><b>Ре­ше­ние<!--rule_info-->. </b><p class=\"left_margin\">Гра­фик функ­ции имеет го­ри­зон­таль­ную асимп­то­ту <img src=\"https://ege.sdamgia.ru/formula/svg/82/828ada233bb827371cbdd1dab8f7cad9.svg\" class=\"tex\" style=\"vertical-align:-3.0pt\" alt=\"y=2,\"> зна­чит, <img src=\"https://ege.sdamgia.ru/formula/svg/12/128e0a1470842db3e46a0b98fce8057e.svg\" class=\"tex\" style=\"vertical-align:-1.8pt\" alt=\"c=2.\"></p><p class=\"left_margin\">Гра­фик функ­ции имеет вер­ти­каль­ную асимп­то­ту <img src=\"https://ege.sdamgia.ru/formula/svg/50/50b8bd4730b0e35c88481f8b866d193a.svg\" class=\"tex\" style=\"vertical-align:-3.0pt\" alt=\"x=3,\"> зна­чит, <img src=\"https://ege.sdamgia.ru/formula/svg/03/03fb0c4361c2ca1581a776bdd192b911.svg\" class=\"tex\" style=\"vertical-align:-1.8pt\" alt=\"b= минус 3.\"></p><p class=\"left_margin\">По гра­фи­ку <img src=\"https://ege.sdamgia.ru/formula/svg/71/7166f33afd724e96bbe2b27b22a20327.svg\" class=\"tex\" style=\"vertical-align:-3.6pt\" alt=\"f левая круг­лая скоб­ка 2 пра­вая круг­лая скоб­ка =1,\"> тогда</p><p class=\"left_margin\"></p><center><p><img src=\"https://ege.sdamgia.ru/formula/svg/f8/f839ccf497bc436708f9d9a9b631b1f2.svg\" class=\"tex\" style=\"vertical-align:-9.3pt\" alt=\" дробь: чис­ли­тель: a, зна­ме­на­тель: 2 минус 3 конец дроби плюс 2=1 рав­но­силь­но a=1. \"></p><p class=\"left_margin\"></p></center><p class=\"left_margin\">Таким об­ра­зом, <img src=\"https://ege.sdamgia.ru/formula/svg/ed/ed21e6445cb8297754dc82b64118421f.svg\" class=\"tex\" style=\"vertical-align:-9.3pt\" alt=\"f левая круг­лая скоб­ка x пра­вая круг­лая скоб­ка = дробь: чис­ли­тель: 1, зна­ме­на­тель: x минус 3 конец дроби плюс 2. \"> Найдём <img src=\"https://ege.sdamgia.ru/formula/svg/0d/0dbb640d0e9bf8459c76c6a7bfbe8ad2.svg\" class=\"tex\" style=\"vertical-align:-3.6pt\" alt=\"f левая круг­лая скоб­ка 13 пра­вая круг­лая скоб­ка .\"></p><p class=\"left_margin\"></p><center><p><img src=\"https://ege.sdamgia.ru/formula/svg/02/027373e24563f63c1021c55f00ac9564.svg\" class=\"tex\" style=\"vertical-align:-9.3pt\" alt=\"f левая круг­лая скоб­ка 13 пра­вая круг­лая скоб­ка = дробь: чис­ли­тель: 1, зна­ме­на­тель: 13 минус 3 конец дроби плюс 2=2,1. \"></p><p class=\"left_margin\"></p></center><p>&nbsp;</p><p>&nbsp;</p><p><span style=\"letter-spacing: 2px;\">Ответ:</span> 2,1.</p></div>",
        "image_urls": [
            "https://ege.sdamgia.ru/formula/svg/82/828ada233bb827371cbdd1dab8f7cad9.svg",
            "https://ege.sdamgia.ru/formula/svg/12/128e0a1470842db3e46a0b98fce8057e.svg",
            "https://ege.sdamgia.ru/formula/svg/50/50b8bd4730b0e35c88481f8b866d193a.svg",
            "https://ege.sdamgia.ru/formula/svg/03/03fb0c4361c2ca1581a776bdd192b911.svg",
            "https://ege.sdamgia.ru/formula/svg/71/7166f33afd724e96bbe2b27b22a20327.svg",
            "https://ege.sdamgia.ru/formula/svg/f8/f839ccf497bc436708f9d9a9b631b1f2.svg",
            "https://ege.sdamgia.ru/formula/svg/ed/ed21e6445cb8297754dc82b64118421f.svg",
            "https://ege.sdamgia.ru/formula/svg/0d/0dbb640d0e9bf8459c76c6a7bfbe8ad2.svg",
            "https://ege.sdamgia.ru/formula/svg/02/027373e24563f63c1021c55f00ac9564.svg"
        ]
    },
    "answer": "2,1",
    "topic_id": null,
    "analog_ids": [
        564197,
        564198,
        564199,
        564200,
        564198,
        564199,
        564200,
        564201,
        564202,
        564203,
        564204,
        564205,
        564206,
        564207,
        564208,
        564209,
        564210,
        564211,
        564212
    ]
}