{
    "gia_type": "ege",
    "subject": "math",
    "id": 564969,
    "condition": {
        "text": " На рисунке изображён график функции вида  где числа a, b и c  — целые. Найдите  b.",
        "html": "<div align=\"justify\" width=\"100%\" id=\"body454677\" class=\"pbody\"><p class=\"left_margin\"><img src=\"https://ege.sdamgia.ru/get_file?id=108687\" style=\"float:right;margin:10px;max-width:100%\"> На ри­сун­ке изоб­ражён гра­фик функ­ции вида <img src=\"https://ege.sdamgia.ru/formula/svg/35/35682bed78fdbb76d46b758633dfc29c.svg\" class=\"tex\" style=\"vertical-align:-9.3pt\" alt=\"f левая круг­лая скоб­ка x пра­вая круг­лая скоб­ка = дробь: чис­ли­тель: ax плюс b, зна­ме­на­тель: x плюс c конец дроби , \"> где числа <i>a</i>, <i>b</i> и <i>c</i>  — целые. Най­ди­те  <i>b</i>.</p></div>",
        "image_urls": [
            "https://ege.sdamgia.ru/formula/svg/35/35682bed78fdbb76d46b758633dfc29c.svg",
            "https://ege.sdamgia.ru/get_file?id=108687"
        ]
    },
    "solution": {
        "text": "Решение. Преобразуем данную функцию:График функции имеет горизонтальную асимптоту  значит, График функции имеет вертикальную асимптоту  значит, По графику  тогда Ответ: −5.",
        "html": "<div align=\"justify\" width=\"100%\" id=\"sol564969\" class=\"solution\" style=\"clear:both;\" class=\"pbody\"><p class=\"left_margin\"></p><b>Ре­ше­ние<!--rule_info-->. </b><p class=\"left_margin\">Пре­об­ра­зу­ем дан­ную функ­цию:</p><p class=\"left_margin\"></p><center><p><img src=\"https://ege.sdamgia.ru/formula/svg/83/83311936c00eaa28f5db66f8f4d151c1.svg\" class=\"tex\" style=\"vertical-align:-9.2pt\" alt=\"f левая круг­лая скоб­ка x пра­вая круг­лая скоб­ка = дробь: чис­ли­тель: ax плюс b, зна­ме­на­тель: x плюс c конец дроби = дробь: чис­ли­тель: ax плюс ac плюс b минус ac, зна­ме­на­тель: x плюс c конец дроби = дробь: чис­ли­тель: ax плюс ac, зна­ме­на­тель: x плюс c конец дроби плюс дробь: чис­ли­тель: b минус ac, зна­ме­на­тель: x плюс c конец дроби =a плюс дробь: чис­ли­тель: b минус ac, зна­ме­на­тель: x плюс c конец дроби . \"></p><p class=\"left_margin\"></p></center><p class=\"left_margin\">Гра­фик функ­ции имеет го­ри­зон­таль­ную асимп­то­ту <img src=\"https://ege.sdamgia.ru/formula/svg/82/828ada233bb827371cbdd1dab8f7cad9.svg\" class=\"tex\" style=\"vertical-align:-3.0pt\" alt=\"y=2,\"> зна­чит, <img src=\"https://ege.sdamgia.ru/formula/svg/62/622a095dc9edee90d21fc439afb1ab02.svg\" class=\"tex\" style=\"vertical-align:-1.8pt\" alt=\"a=2.\"></p><p class=\"left_margin\">Гра­фик функ­ции имеет вер­ти­каль­ную асимп­то­ту <img src=\"https://ege.sdamgia.ru/formula/svg/50/50b8bd4730b0e35c88481f8b866d193a.svg\" class=\"tex\" style=\"vertical-align:-3.0pt\" alt=\"x=3,\"> зна­чит, <img src=\"https://ege.sdamgia.ru/formula/svg/75/759f0d00038a3ce51915ea9f798e68f7.svg\" class=\"tex\" style=\"vertical-align:-1.8pt\" alt=\"c= минус 3.\"></p><p class=\"left_margin\">По гра­фи­ку <img src=\"https://ege.sdamgia.ru/formula/svg/71/7166f33afd724e96bbe2b27b22a20327.svg\" class=\"tex\" style=\"vertical-align:-3.6pt\" alt=\"f левая круг­лая скоб­ка 2 пра­вая круг­лая скоб­ка =1,\"> тогда</p><p class=\"left_margin\"></p><center><p><img src=\"https://ege.sdamgia.ru/formula/svg/57/57775830f43a47cb6ea3511e1fac7f74.svg\" class=\"tex\" style=\"vertical-align:-9.3pt\" alt=\" дробь: чис­ли­тель: b минус 2 умно­жить на левая круг­лая скоб­ка минус 3 пра­вая круг­лая скоб­ка , зна­ме­на­тель: 2 минус 3 конец дроби плюс 2=1 рав­но­силь­но b= минус 5. \"></p><p class=\"left_margin\"></p></center><p>&nbsp;</p><p><span style=\"letter-spacing: 2px;\">Ответ:</span> −5.</p></div>",
        "image_urls": [
            "https://ege.sdamgia.ru/formula/svg/83/83311936c00eaa28f5db66f8f4d151c1.svg",
            "https://ege.sdamgia.ru/formula/svg/82/828ada233bb827371cbdd1dab8f7cad9.svg",
            "https://ege.sdamgia.ru/formula/svg/62/622a095dc9edee90d21fc439afb1ab02.svg",
            "https://ege.sdamgia.ru/formula/svg/50/50b8bd4730b0e35c88481f8b866d193a.svg",
            "https://ege.sdamgia.ru/formula/svg/75/759f0d00038a3ce51915ea9f798e68f7.svg",
            "https://ege.sdamgia.ru/formula/svg/71/7166f33afd724e96bbe2b27b22a20327.svg",
            "https://ege.sdamgia.ru/formula/svg/57/57775830f43a47cb6ea3511e1fac7f74.svg"
        ]
    },
    "answer": "-5",
    "topic_id": null,
    "analog_ids": [
        564969,
        564970,
        564971
    ]
}