{
    "gia_type": "ege",
    "subject": "math",
    "id": 564972,
    "condition": {
        "text": " На рисунке изображён график функции вида  где числа a, b и c  — целые. Найдите значение x, при котором ",
        "html": "<div align=\"justify\" width=\"100%\" id=\"body454672\" class=\"pbody\"><p class=\"left_margin\"><img src=\"https://urok.sdamgia.ru/get_file?id=15517\" style=\"float:right;margin:10px;max-width:100%\"> На ри­сун­ке изоб­ражён гра­фик функ­ции вида <img src=\"https://ege.sdamgia.ru/formula/svg/3f/3f75db2e061bc3e054f4f2df78290859.svg\" class=\"tex\" style=\"vertical-align:-9.3pt\" alt=\"f левая круг­лая скоб­ка x пра­вая круг­лая скоб­ка = дробь: чис­ли­тель: a, зна­ме­на­тель: x плюс b конец дроби плюс c, \"> где числа <i>a</i>, <i>b</i> и <i>c</i>  — целые. Най­ди­те зна­че­ние <i>x</i>, при ко­то­ром <img src=\"https://ege.sdamgia.ru/formula/svg/6d/6d0ec3acafcf496b61077e64e3c52883.svg\" class=\"tex\" style=\"vertical-align:-3.6pt\" alt=\"f левая круг­лая скоб­ка x пра­вая круг­лая скоб­ка = минус 1,125.\"></p></div>",
        "image_urls": [
            "https://ege.sdamgia.ru/formula/svg/3f/3f75db2e061bc3e054f4f2df78290859.svg",
            "https://ege.sdamgia.ru/formula/svg/6d/6d0ec3acafcf496b61077e64e3c52883.svg",
            "https://urok.sdamgia.ru/get_file?id=15517"
        ]
    },
    "solution": {
        "text": "Решение. График функции имеет горизонтальную асимптоту  значит, График функции имеет вертикальную асимптоту  значит, По графику  тогдаТаким образом,  Решим уравнение   Ответ: −3.",
        "html": "<div align=\"justify\" width=\"100%\" id=\"sol564972\" class=\"solution\" style=\"clear:both;\" class=\"pbody\"><p class=\"left_margin\"></p><b>Ре­ше­ние<!--rule_info-->. </b><p class=\"left_margin\">Гра­фик функ­ции имеет го­ри­зон­таль­ную асимп­то­ту <img src=\"https://ege.sdamgia.ru/formula/svg/ee/eeeed94a46587b9cc966a633441acfb5.svg\" class=\"tex\" style=\"vertical-align:-3.0pt\" alt=\"y= минус 1,\"> зна­чит, <img src=\"https://ege.sdamgia.ru/formula/svg/b6/b61f34dcd2e4a693d93fdb147a89b2b0.svg\" class=\"tex\" style=\"vertical-align:-1.8pt\" alt=\"c= минус 1.\"></p><p class=\"left_margin\">Гра­фик функ­ции имеет вер­ти­каль­ную асимп­то­ту <img src=\"https://ege.sdamgia.ru/formula/svg/01/01d6abb4ab366510dadec03cf49cafc6.svg\" class=\"tex\" style=\"vertical-align:-3.0pt\" alt=\"x=5,\"> зна­чит, <img src=\"https://ege.sdamgia.ru/formula/svg/df/dffb793f54a1dd3939c6b423e4353180.svg\" class=\"tex\" style=\"vertical-align:-1.8pt\" alt=\"b= минус 5.\"></p><p class=\"left_margin\">По гра­фи­ку <img src=\"https://ege.sdamgia.ru/formula/svg/81/81f5da56cbc13d7aa604f4b4617cae10.svg\" class=\"tex\" style=\"vertical-align:-3.6pt\" alt=\"f левая круг­лая скоб­ка 6 пра­вая круг­лая скоб­ка =0,\"> тогда</p><p class=\"left_margin\"></p><center><p><img src=\"https://ege.sdamgia.ru/formula/svg/23/232e6f5659e934d14f593a715bc1ce45.svg\" class=\"tex\" style=\"vertical-align:-9.3pt\" alt=\" дробь: чис­ли­тель: a, зна­ме­на­тель: 6 минус 5 конец дроби минус 1=0 рав­но­силь­но a=1. \"></p><p class=\"left_margin\"></p></center><p class=\"left_margin\">Таким об­ра­зом, <img src=\"https://ege.sdamgia.ru/formula/svg/5f/5f3d6f7c33cd37a6cc7b5f2d8024ed3e.svg\" class=\"tex\" style=\"vertical-align:-9.3pt\" alt=\"f левая круг­лая скоб­ка x пра­вая круг­лая скоб­ка = дробь: чис­ли­тель: 1, зна­ме­на­тель: x минус 5 конец дроби минус 1. \"> Решим урав­не­ние <img src=\"https://ege.sdamgia.ru/formula/svg/6d/6d0ec3acafcf496b61077e64e3c52883.svg\" class=\"tex\" style=\"vertical-align:-3.6pt\" alt=\"f левая круг­лая скоб­ка x пра­вая круг­лая скоб­ка = минус 1,125.\"></p><p class=\"left_margin\"></p><center><p><img src=\"https://ege.sdamgia.ru/formula/svg/74/740215980723096dc2ce1e0574a5db04.svg\" class=\"tex\" style=\"vertical-align:-9.3pt\" alt=\" дробь: чис­ли­тель: 1, зна­ме­на­тель: x минус 5 конец дроби минус 1= минус 1,125 рав­но­силь­но дробь: чис­ли­тель: 1, зна­ме­на­тель: x минус 5 конец дроби = минус дробь: чис­ли­тель: 1, зна­ме­на­тель: 8 конец дроби рав­но­силь­но x= минус 3. \"></p><p class=\"left_margin\"></p></center><p>&nbsp;</p><p>&nbsp;</p><p><span style=\"letter-spacing: 2px;\">Ответ:</span> −3.</p></div>",
        "image_urls": [
            "https://ege.sdamgia.ru/formula/svg/ee/eeeed94a46587b9cc966a633441acfb5.svg",
            "https://ege.sdamgia.ru/formula/svg/b6/b61f34dcd2e4a693d93fdb147a89b2b0.svg",
            "https://ege.sdamgia.ru/formula/svg/01/01d6abb4ab366510dadec03cf49cafc6.svg",
            "https://ege.sdamgia.ru/formula/svg/df/dffb793f54a1dd3939c6b423e4353180.svg",
            "https://ege.sdamgia.ru/formula/svg/81/81f5da56cbc13d7aa604f4b4617cae10.svg",
            "https://ege.sdamgia.ru/formula/svg/23/232e6f5659e934d14f593a715bc1ce45.svg",
            "https://ege.sdamgia.ru/formula/svg/5f/5f3d6f7c33cd37a6cc7b5f2d8024ed3e.svg",
            "https://ege.sdamgia.ru/formula/svg/6d/6d0ec3acafcf496b61077e64e3c52883.svg",
            "https://ege.sdamgia.ru/formula/svg/74/740215980723096dc2ce1e0574a5db04.svg"
        ]
    },
    "answer": "-3",
    "topic_id": null,
    "analog_ids": [
        564972,
        564973,
        564974
    ]
}