{
    "gia_type": "ege",
    "subject": "math",
    "id": 564961,
    "condition": {
        "text": " На рисунке изображён график функции вида  где числа a, b и c  — целые. Найдите  c.",
        "html": "<div align=\"justify\" width=\"100%\" id=\"body454685\" class=\"pbody\"><p class=\"left_margin\"><img src=\"https://ege.sdamgia.ru/get_file?id=108681\" style=\"float:right;margin:10px;max-width:100%\"> На ри­сун­ке изоб­ражён гра­фик функ­ции вида <img src=\"https://ege.sdamgia.ru/formula/svg/35/35682bed78fdbb76d46b758633dfc29c.svg\" class=\"tex\" style=\"vertical-align:-9.3pt\" alt=\"f левая круг­лая скоб­ка x пра­вая круг­лая скоб­ка = дробь: чис­ли­тель: ax плюс b, зна­ме­на­тель: x плюс c конец дроби , \"> где числа <i>a</i>, <i>b</i> и <i>c</i>  — целые. Най­ди­те  <i>c</i>.</p></div>",
        "image_urls": [
            "https://ege.sdamgia.ru/formula/svg/35/35682bed78fdbb76d46b758633dfc29c.svg",
            "https://ege.sdamgia.ru/get_file?id=108681"
        ]
    },
    "solution": {
        "text": "Решение. Преобразуем данную функцию:График функции имеет вертикальную асимптоту  значит,  Ответ: −3.",
        "html": "<div align=\"justify\" width=\"100%\" id=\"sol564961\" class=\"solution\" style=\"clear:both;\" class=\"pbody\"><p class=\"left_margin\"></p><b>Ре­ше­ние<!--rule_info-->. </b><p class=\"left_margin\">Пре­об­ра­зу­ем дан­ную функ­цию:</p><p class=\"left_margin\"></p><center><p><img src=\"https://ege.sdamgia.ru/formula/svg/83/83311936c00eaa28f5db66f8f4d151c1.svg\" class=\"tex\" style=\"vertical-align:-9.2pt\" alt=\"f левая круг­лая скоб­ка x пра­вая круг­лая скоб­ка = дробь: чис­ли­тель: ax плюс b, зна­ме­на­тель: x плюс c конец дроби = дробь: чис­ли­тель: ax плюс ac плюс b минус ac, зна­ме­на­тель: x плюс c конец дроби = дробь: чис­ли­тель: ax плюс ac, зна­ме­на­тель: x плюс c конец дроби плюс дробь: чис­ли­тель: b минус ac, зна­ме­на­тель: x плюс c конец дроби =a плюс дробь: чис­ли­тель: b минус ac, зна­ме­на­тель: x плюс c конец дроби . \"></p><p class=\"left_margin\"></p></center><p class=\"left_margin\">Гра­фик функ­ции имеет вер­ти­каль­ную асимп­то­ту <img src=\"https://ege.sdamgia.ru/formula/svg/50/50b8bd4730b0e35c88481f8b866d193a.svg\" class=\"tex\" style=\"vertical-align:-3.0pt\" alt=\"x=3,\"> зна­чит, <img src=\"https://ege.sdamgia.ru/formula/svg/75/759f0d00038a3ce51915ea9f798e68f7.svg\" class=\"tex\" style=\"vertical-align:-1.8pt\" alt=\"c= минус 3.\"></p><p>&nbsp;</p><p><span style=\"letter-spacing: 2px;\">Ответ:</span> −3.</p></div>",
        "image_urls": [
            "https://ege.sdamgia.ru/formula/svg/83/83311936c00eaa28f5db66f8f4d151c1.svg",
            "https://ege.sdamgia.ru/formula/svg/50/50b8bd4730b0e35c88481f8b866d193a.svg",
            "https://ege.sdamgia.ru/formula/svg/75/759f0d00038a3ce51915ea9f798e68f7.svg"
        ]
    },
    "answer": "-3",
    "topic_id": null,
    "analog_ids": [
        564961,
        564966,
        564967
    ]
}