{
    "gia_type": "ege",
    "subject": "math",
    "id": 515746,
    "condition": {
        "text": "Пятиугольник ABCDE вписан в окружность. Из вершины A опущены перпендикуляры AF, AH, AP и AQ на прямые DE, BE, CD и BC соответственно.а)  Докажите, что б)  Найдите AH, если  и ",
        "html": "<div align=\"justify\" width=\"100%\" id=\"body634974\" class=\"pbody\"><p class=\"left_margin\">Пя­ти­уголь­ник <i>ABCDE</i> впи­сан в окруж­ность. Из вер­ши­ны <i>A</i> опу­ще­ны пер­пен­ди­ку­ля­ры <i>AF</i>, <i>AH</i>, <i>AP</i> и <i>AQ</i> на пря­мые <i>DE</i>, <i>BE</i>, <i>CD</i> и <i>BC</i> со­от­вет­ствен­но.</p><p class=\"left_margin\">а)  До­ка­жи­те, что <img src=\"https://ege.sdamgia.ru/formula/svg/d8/d8ee1b25c9f4a2b275c738c5024cea3f.svg\" class=\"tex\" style=\"vertical-align:-2.9pt\" alt=\"\\angle FAH=\\angle PAQ.\"></p><p class=\"left_margin\">б)  Най­ди­те <i>AH</i>, если <img src=\"https://ege.sdamgia.ru/formula/svg/1c/1c474f6567c9e35c787784d50066b0b0.svg\" class=\"tex\" style=\"vertical-align:-3.0pt\" alt=\"AF=a,AP=b\"> и <img src=\"https://ege.sdamgia.ru/formula/svg/9b/9b76a0b161d02f26967940fbb32d9083.svg\" class=\"tex\" style=\"vertical-align:-3.0pt\" alt=\"AQ=c.\"></p></div>",
        "image_urls": [
            "https://ege.sdamgia.ru/formula/svg/d8/d8ee1b25c9f4a2b275c738c5024cea3f.svg",
            "https://ege.sdamgia.ru/formula/svg/1c/1c474f6567c9e35c787784d50066b0b0.svg",
            "https://ege.sdamgia.ru/formula/svg/9b/9b76a0b161d02f26967940fbb32d9083.svg"
        ]
    },
    "solution": {
        "text": "Решение. а)  Будем пока считать, что F и Q лежат на продолжениях DE и CB соответственно а остальные точки  — на отрезках. Тогда четырехугольники FEHA и APCQ вписанные (имеют по два противоположных прямых угла), откуда  что и требовалось.Пусть теперь Q лежит на продолжении CB, а остальные точки  — на отрезках. Тогда четырехугольники FEHA и APCQ вписанные (имеют два противоположных прямых угла и два равных прямых угла между стороной и диагональю первый), откуда  что и требовалось.Аналогично разбираются остальные случаи расположения точек. б)  Углы QCA и HEA равны как вписанные углы, опирающиеся на одну дугу AB, поэтому прямоугольные треугольники CQA и AHE подобны. Углы AEF и ACP равны, так как оба они в сумме с углом AED дают 180°. Следовательно, подобны прямоугольные треугольники AFE и APC. Тогда верны пропорции  и  Разделим первую на вторую, получим  откуда  Ответ: ",
        "html": "<div align=\"justify\" width=\"100%\" id=\"sol515746\" class=\"solution\" style=\"clear:both;\" class=\"pbody\"><p class=\"left_margin\"></p><b>Ре­ше­ние<!--rule_info-->. </b><p class=\"left_margin\"><img src=\"/get_file?id=147386\" style=\"float:right;margin:10px;max-width:100%\"></p><p class=\"left_margin\">а)  Будем пока счи­тать, что <i>F</i> и <i>Q</i> лежат на про­дол­же­ни­ях <i>DE</i> и <i>CB</i> со­от­вет­ствен­но а осталь­ные точки  — на от­рез­ках. Тогда че­ты­рех­уголь­ни­ки <i>FEHA</i> и <i>APCQ</i> впи­сан­ные (имеют по два про­ти­во­по­лож­ных пря­мых угла), от­ку­да </p><p class=\"left_margin\"></p><center><p><img src=\"https://ege.sdamgia.ru/formula/svg/08/0892cc78a82b45c4ea867db958ffca20.svg\" class=\"tex\" style=\"vertical-align:-3.0pt\" alt=\"\\angle FAH=180 гра­ду­сов минус \\angle FEH=\\angle DEB=180 гра­ду­сов минус \\angle DCB=\\angle PAQ,\"></p><p class=\"left_margin\"></p></center><p> что и тре­бо­ва­лось.</p><p class=\"left_margin\">Пусть те­перь <i>Q</i> лежит на про­дол­же­нии <i>CB</i>, а осталь­ные точки  — на от­рез­ках. Тогда че­ты­рех­уголь­ни­ки <i>FEHA</i> и <i>APCQ</i> впи­сан­ные (имеют два про­ти­во­по­лож­ных пря­мых угла и два рав­ных пря­мых угла между сто­ро­ной и диа­го­на­лью пер­вый), от­ку­да <img src=\"https://ege.sdamgia.ru/formula/svg/0d/0d27dccac52da2c261ca57a2c4ef2f8b.svg\" class=\"tex\" style=\"vertical-align:-3.0pt\" alt=\"\\angle FAH=\\angle FEH=180 гра­ду­сов минус \\angle DCB=\\angle PAQ,\"> что и тре­бо­ва­лось.</p><p class=\"left_margin\">Ана­ло­гич­но раз­би­ра­ют­ся осталь­ные слу­чаи рас­по­ло­же­ния точек. </p><p class=\"left_margin\">б)  Углы <i>QCA</i> и <i>HEA</i> равны как впи­сан­ные углы, опи­ра­ю­щи­е­ся на одну дугу <i>AB</i>, по­это­му пря­мо­уголь­ные тре­уголь­ни­ки <i>CQA</i> и <i>AHE</i> по­доб­ны. Углы <i>AEF</i> и <i>ACP</i> равны, так как оба они в сумме с углом <i>AED</i> дают 180°. Сле­до­ва­тель­но, по­доб­ны пря­мо­уголь­ные тре­уголь­ни­ки <i>AFE</i> и <i>APC</i>. Тогда верны про­пор­ции <img src=\"https://ege.sdamgia.ru/formula/svg/86/86637cafd155266dcfd0c671311089d6.svg\" class=\"tex\" style=\"vertical-align:-8.4pt\" alt=\" дробь: чис­ли­тель: AQ, зна­ме­на­тель: AC конец дроби = дробь: чис­ли­тель: AH, зна­ме­на­тель: AE конец дроби \"> и <img src=\"https://ege.sdamgia.ru/formula/svg/e7/e734b0fe417bd75272e0fc994d2104c6.svg\" class=\"tex\" style=\"vertical-align:-8.4pt\" alt=\" дробь: чис­ли­тель: AP, зна­ме­на­тель: AC конец дроби = дробь: чис­ли­тель: AF, зна­ме­на­тель: AE конец дроби . \"> Раз­де­лим первую на вто­рую, по­лу­чим <img src=\"https://ege.sdamgia.ru/formula/svg/29/295c2fa9d4118c076e23a25a1ae659c4.svg\" class=\"tex\" style=\"vertical-align:-8.4pt\" alt=\" дробь: чис­ли­тель: c, зна­ме­на­тель: b конец дроби = дробь: чис­ли­тель: AH, зна­ме­на­тель: a конец дроби ,\"> от­ку­да <img src=\"https://ege.sdamgia.ru/formula/svg/89/89ec89cca842545b8cd994060507eb7c.svg\" class=\"tex\" style=\"vertical-align:-8.5pt\" alt=\"AH = дробь: чис­ли­тель: ac, зна­ме­на­тель: b конец дроби .\"></p><p>&nbsp;</p><p><span style=\"letter-spacing: 2px;\">Ответ:</span> <img src=\"https://ege.sdamgia.ru/formula/svg/45/453d6bb8cbf973b22f9df0358fe39f3b.svg\" class=\"tex\" style=\"vertical-align:-8.5pt\" alt=\" дробь: чис­ли­тель: ac, зна­ме­на­тель: b конец дроби . \"></p></div>",
        "image_urls": [
            "https://ege.sdamgia.ru/formula/svg/08/0892cc78a82b45c4ea867db958ffca20.svg",
            "https://ege.sdamgia.ru/formula/svg/0d/0d27dccac52da2c261ca57a2c4ef2f8b.svg",
            "https://ege.sdamgia.ru/formula/svg/86/86637cafd155266dcfd0c671311089d6.svg",
            "https://ege.sdamgia.ru/formula/svg/e7/e734b0fe417bd75272e0fc994d2104c6.svg",
            "https://ege.sdamgia.ru/formula/svg/29/295c2fa9d4118c076e23a25a1ae659c4.svg",
            "https://ege.sdamgia.ru/formula/svg/89/89ec89cca842545b8cd994060507eb7c.svg",
            "https://ege.sdamgia.ru/formula/svg/45/453d6bb8cbf973b22f9df0358fe39f3b.svg",
            "/get_file?id=147386"
        ]
    },
    "answer": "",
    "topic_id": 17,
    "analog_ids": []
}