{
    "gia_type": "ege",
    "subject": "math",
    "id": 517502,
    "condition": {
        "text": "Точки E и K  — соответственно середины сторон CD и AD квадрата ABCD. Прямая  BE пересекается с прямой CK в точке O.а)  Докажите, что вокруг четырёхугольника ABOK можно описать окружность.б)  Найдите AO, если сторона квадрата равна 1.",
        "html": "<div align=\"justify\" width=\"100%\" id=\"body625538\" class=\"pbody\"><p class=\"left_margin\">Точки <i>E</i> и <i>K</i>  — со­от­вет­ствен­но се­ре­ди­ны сто­рон <i>CD</i> и <i>AD</i> квад­ра­та <i>ABCD</i>. Пря­мая  <i>BE</i> пе­ре­се­ка­ет­ся с пря­мой <i>CK</i> в точке <i>O</i>.</p><p class=\"left_margin\">а)  До­ка­жи­те, что во­круг четырёхуголь­ни­ка <i>ABOK</i> можно опи­сать окруж­ность.</p><p class=\"left_margin\">б)  Най­ди­те <i>AO</i>, если сто­ро­на квад­ра­та равна 1.</p></div>",
        "image_urls": []
    },
    "solution": {
        "text": "Решение. а)  Треугольники BCE и CDK равны по двум катетам, следовательно,то есть прямая BE перпендикулярна прямой CK. Тогда в четырёхугольнике ABOK: ∠BAK = ∠BOK  =  90°. Поэтому вокруг него можно описать окружность. б)  Введём систему координат, как показано на рисунке. В этой системе     Уравнение прямой KC:  уравнение прямой BE:  Координаты точки O найдём из системы уравнений Тогда расстояние между  и  равно  Ответ: б) 1. Приведём другое решение п. а).Повернём треугольник BCE на 90° по часовой стрелке и параллельным переносом совместим точку B с точкой C. Тогда треугольник BCE наложится на CKD, прямая BE совпадет с прямой CK. Поскольку после поворота прямые совпали, до поворота угол между ними был 90°. Приведём другое решение п. б).Прямоугольные треугольники BCE и BAK равны по двум катетам, значит,  то есть на хорды AO и AB описанной около четырёхугольника ABOK окружности опираются равные углы. Таким образом,  Приведём решение п. б) Андрея Плюхина.Продолжим отрезок CK до точки F пересечения с прямой AB. Прямоугольные треугольники KDC и KAF равны по катету и острому углу, поэтому AF  =  ВС  =  1, а точка A  — середина BF.  Точка O принадлежит окружности с центром в точке A и диаметром BF, так как эта точка  — вершина прямого угла, стягивающего диаметр BF. Следовательно, AO  =  AB  =  AF  =  1  — радиус этой окружности.Второй абзац этого решения можно заменить таким рассуждением: из суммы углов получаем, что угол FOB прямой, следовательно, АО является медианой прямоугольного треугольника и равна половине гипотенузы. Приведём решение Дениса Чернышева (Тюмень).а)  Вокруг четырехугольника можно описать окружность тогда и только тогда, когда суммы противолежащих углов равны gj 180°. По условию ABCD  — квадрат, в нем угол А  прямой. Докажем, что угол KOB прямой. Имеем:   Значит,  Стороны квадрата равны, поэтому  Значит, скалярное произведение равно нулю, а тогдаб)  Необходимо найти модуль вектора  Запишем его в виде где  По теореме Пифагора из треугольника DCK находим: Прямоугольные треугольники DCK и OCE подобны, поскольку имеют общий острый угол. Значит,  откуда Следовательно,Подставим найденный коэффициент x в выражение для вектора  получим: Тогда:",
        "html": "<div align=\"justify\" width=\"100%\" id=\"sol517502\" class=\"solution\" style=\"clear:both;\" class=\"pbody\"><p class=\"left_margin\"></p><b>Ре­ше­ние<!--rule_info-->. </b><p class=\"left_margin\"><img src=\"/get_file?id=147400\" style=\"float:right;margin:10px;max-width:100%\"></p><p class=\"left_margin\">а)  Тре­уголь­ни­ки <i>BCE</i> и <i>CDK</i> равны по двум ка­те­там, сле­до­ва­тель­но,</p><p class=\"left_margin\"></p><center><p><img src=\"https://ege.sdamgia.ru/formula/svg/66/66bb13757ae980490aca92f6c09bb1b9.svg\" class=\"tex\" style=\"vertical-align:-3.0pt\" alt=\"\\angle CBE = \\angle DCK = 90 гра­ду­сов минус \\angle BCK,\"></p><p class=\"left_margin\"></p></center><p>то есть пря­мая <i>BE</i> пер­пен­ди­ку­ляр­на пря­мой <i>CK</i>. Тогда в четырёхуголь­ни­ке <i>ABOK</i>: ∠<i>BAK</i> = ∠<i>BOK</i>  =  90°. По­это­му во­круг него можно опи­сать окруж­ность.</p><p>&nbsp;</p><p class=\"left_margin\">б)  Введём си­сте­му ко­ор­ди­нат, как по­ка­за­но на ри­сун­ке. В этой си­сте­ме <img src=\"https://ege.sdamgia.ru/formula/svg/00/0031f2ea37e2bdd3bbd33037ef8c1e81.svg\" class=\"tex\" style=\"vertical-align:-3.6pt\" alt=\"A левая круг­лая скоб­ка 0;0 пра­вая круг­лая скоб­ка ,\"> <img src=\"https://ege.sdamgia.ru/formula/svg/10/10d6553e58eac67d2d972423f681b950.svg\" class=\"tex\" style=\"vertical-align:-3.6pt\" alt=\"B левая круг­лая скоб­ка 0;1 пра­вая круг­лая скоб­ка ,\"> <img src=\"https://ege.sdamgia.ru/formula/svg/ef/efb206f35aff0b96136b14555a8c46b3.svg\" class=\"tex\" style=\"vertical-align:-3.6pt\" alt=\"D левая круг­лая скоб­ка 1;0 пра­вая круг­лая скоб­ка ,\"> <img src=\"https://ege.sdamgia.ru/formula/svg/34/340f22e483d90a591ecb30c06da70d10.svg\" class=\"tex\" style=\"vertical-align:-11.1pt\" alt=\"E левая круг­лая скоб­ка 1; дробь: чис­ли­тель: 1, зна­ме­на­тель: 2 конец дроби пра­вая круг­лая скоб­ка ,\"> <img src=\"https://ege.sdamgia.ru/formula/svg/4b/4b1694045dc7cb3bf0e39837139b9369.svg\" class=\"tex\" style=\"vertical-align:-11.1pt\" alt=\"K левая круг­лая скоб­ка дробь: чис­ли­тель: 1, зна­ме­на­тель: 2 конец дроби ;0 пра­вая круг­лая скоб­ка .\"></p><p class=\"left_margin\">Урав­не­ние пря­мой <i>KC</i>: <img src=\"https://ege.sdamgia.ru/formula/svg/8a/8a742ddcd9f2efa344bf94d2dfdbf697.svg\" class=\"tex\" style=\"vertical-align:-3.0pt\" alt=\"y=2x минус 1,\"> урав­не­ние пря­мой <i>BE</i>: <img src=\"https://ege.sdamgia.ru/formula/svg/8e/8e0618514b2e11f3be6a5e1f9ac1fac6.svg\" class=\"tex\" style=\"vertical-align:-8.4pt\" alt=\"y=1 минус дробь: чис­ли­тель: x, зна­ме­на­тель: 2 конец дроби .\"> Ко­ор­ди­на­ты точки <i>O</i> найдём из си­сте­мы урав­не­ний </p><p class=\"left_margin\"></p><center><p><img src=\"https://ege.sdamgia.ru/formula/svg/10/100e09d83bd52aaf18fe0a5d7501739c.svg\" class=\"tex\" style=\"vertical-align:-22.4pt\" alt=\" си­сте­ма вы­ра­же­ний y=2x минус 1,y=1 минус дробь: чис­ли­тель: x, зна­ме­на­тель: 2 конец дроби конец си­сте­мы . рав­но­силь­но си­сте­ма вы­ра­же­ний y=2x минус 1,2x минус 1=1 минус дробь: чис­ли­тель: x, зна­ме­на­тель: 2 конец дроби конец си­сте­мы . рав­но­силь­но си­сте­ма вы­ра­же­ний y= дробь: чис­ли­тель: 3, зна­ме­на­тель: 5 конец дроби ,x= дробь: чис­ли­тель: 4, зна­ме­на­тель: 5 конец дроби . конец си­сте­мы . \"></p><p class=\"left_margin\"></p></center><p class=\"left_margin\">Тогда рас­сто­я­ние между <img src=\"https://ege.sdamgia.ru/formula/svg/13/13c69f723ee49dad030630e86bfe532b.svg\" class=\"tex\" style=\"vertical-align:-3.6pt\" alt=\"A левая круг­лая скоб­ка 0;0 пра­вая круг­лая скоб­ка \"> и <img src=\"https://ege.sdamgia.ru/formula/svg/2c/2c0b807f57c0c6219940f52a6d3fdf1e.svg\" class=\"tex\" style=\"vertical-align:-11.1pt\" alt=\"O левая круг­лая скоб­ка дробь: чис­ли­тель: 4, зна­ме­на­тель: 5 конец дроби ; дробь: чис­ли­тель: 3, зна­ме­на­тель: 5 конец дроби пра­вая круг­лая скоб­ка \"> равно </p><p class=\"left_margin\"></p><center><p><img src=\"https://ege.sdamgia.ru/formula/svg/ea/ea8941d65ab5f76a89824766c64507c1.svg\" class=\"tex\" style=\"vertical-align:-12.3pt\" alt=\" ко­рень из: на­ча­ло ар­гу­мен­та: левая круг­лая скоб­ка дробь: чис­ли­тель: 4, зна­ме­на­тель: 5 конец дроби пра­вая круг­лая скоб­ка в квад­ра­те плюс левая круг­лая скоб­ка дробь: чис­ли­тель: 3, зна­ме­на­тель: 5 конец дроби пра­вая круг­лая скоб­ка в квад­ра­те конец ар­гу­мен­та = ко­рень из: на­ча­ло ар­гу­мен­та: дробь: чис­ли­тель: 16, зна­ме­на­тель: 25 конец дроби плюс дробь: чис­ли­тель: 9, зна­ме­на­тель: конец дроби 25 конец ар­гу­мен­та =1. \"></p><p class=\"left_margin\"></p></center><p>&nbsp;</p><p><span style=\"letter-spacing: 2px;\">Ответ:</span> б) 1.</p><p>&nbsp;</p><p><b>При­ведём дру­гое ре­ше­ние п. а).</b></p><p class=\"left_margin\">По­вернём тре­уголь­ник <i>BCE</i> на 90° по ча­со­вой стрел­ке и па­рал­лель­ным пе­ре­но­сом сов­ме­стим точку <i>B</i> с точ­кой <i>C</i>. Тогда тре­уголь­ник <i>BCE</i> на­ло­жит­ся на <i>CKD</i>, пря­мая <i>BE</i> сов­па­дет с пря­мой <i>CK</i>. По­сколь­ку после по­во­ро­та пря­мые сов­па­ли, до по­во­ро­та угол между ними был 90°.</p><p>&nbsp;</p><p><b>При­ведём дру­гое ре­ше­ние п. б).</b></p><p class=\"left_margin\">Пря­мо­уголь­ные тре­уголь­ни­ки <i>BCE</i> и <i>BAK</i> равны по двум ка­те­там, зна­чит, <img src=\"https://ege.sdamgia.ru/formula/svg/9c/9c013dd2f3db853aebf27d51086f9315.svg\" class=\"tex\" style=\"vertical-align:-3.0pt\" alt=\"\\angle BKA=\\angle BEC=\\angle ABE=\\angle ABO,\"> то есть на хорды <i>AO</i> и <i>AB</i> опи­сан­ной около четырёхуголь­ни­ка <i>ABOK</i> окруж­но­сти опи­ра­ют­ся рав­ные углы. Таким об­ра­зом, <img src=\"https://ege.sdamgia.ru/formula/svg/7c/7c1f6e1e747e2c1245fc7f8f1749b718.svg\" class=\"tex\" style=\"vertical-align:-1.8pt\" alt=\"AO=AB=1.\"></p><p>&nbsp;</p><p><b>При­ведём ре­ше­ние п. б) Ан­дрея Плю­хи­на.</b></p><p class=\"left_margin\">Про­дол­жим от­ре­зок <i>CK</i> до точки <i>F</i> пе­ре­се­че­ния с пря­мой <i>AB</i>. Пря­мо­уголь­ные тре­уголь­ни­ки <i>KDC</i> и <i>KAF</i> равны по ка­те­ту и остро­му углу, по­это­му <i>AF</i>  =  <i>ВС</i>  =  1, а точка <i>A</i>  — се­ре­ди­на <i>BF</i>.  </p><p class=\"left_margin\">Точка <i>O</i> при­над­ле­жит окруж­но­сти с цен­тром в точке <i>A</i> и диа­мет­ром <i>BF</i>, так как эта точка  — вер­ши­на пря­мо­го угла, стя­ги­ва­ю­ще­го диа­метр <i>BF</i>. Сле­до­ва­тель­но, <i>AO</i>  =  <i>AB</i>  =  <i>AF</i>  =  1  — ра­ди­ус этой окруж­но­сти.</p><p class=\"left_margin\">Вто­рой абзац этого ре­ше­ния можно за­ме­нить таким рас­суж­де­ни­ем: из суммы углов по­лу­ча­ем, что угол <i>FOB</i> пря­мой, сле­до­ва­тель­но, <i>АО</i> яв­ля­ет­ся ме­ди­а­ной пря­мо­уголь­но­го тре­уголь­ни­ка и равна по­ло­ви­не ги­по­те­ну­зы.</p><p>&nbsp;</p><p><b>При­ведём ре­ше­ние Де­ни­са Чер­ны­ше­ва (Тю­мень).</b><img src=\"/get_file?id=132580\" style=\"float:right;margin:10px;max-width:100%\"></p><p class=\"left_margin\">а)  Во­круг че­ты­рех­уголь­ни­ка можно опи­сать окруж­ность тогда и толь­ко тогда, когда суммы про­ти­во­ле­жа­щих углов равны gj 180°. По усло­вию <i>ABCD</i>  — квад­рат, в нем угол <i>А</i>  пря­мой. До­ка­жем, что угол <i>KOB</i> пря­мой. Имеем:</p><p></p><div class=\"flex-math\"> <p><img src=\"https://ege.sdamgia.ru/formula/svg/e3/e31d5949bd9c5c5634e55dd5eddf4287.svg\" class=\"tex\" style=\"vertical-align:-8.4pt\" alt=\" \\overrightarrowKC = дробь: чис­ли­тель: 1, зна­ме­на­тель: 2 конец дроби умно­жить на \\vecb плюс \\veca, \"> </p><p><img src=\"https://ege.sdamgia.ru/formula/svg/35/35572119b9512c69d88e8aee70373520.svg\" class=\"tex\" style=\"vertical-align:-8.4pt\" alt=\" \\overrightarrowEB = дробь: чис­ли­тель: 1, зна­ме­на­тель: 2 конец дроби умно­жить на \\veca минус \\vecb. \"></p><p></p></div><p> Зна­чит, </p><p class=\"left_margin\"></p><center><p><img src=\"https://ege.sdamgia.ru/formula/svg/80/809129bce5c0c7716d0315f37cd073e2.svg\" class=\"tex\" style=\"vertical-align:-8.4pt\" alt=\" \\overrightarrowKC умно­жить на \\overrightarrowEB= дробь: чис­ли­тель: 1, зна­ме­на­тель: 2 конец дроби умно­жить на \\veca в квад­ра­те минус дробь: чис­ли­тель: 1, зна­ме­на­тель: 2 конец дроби умно­жить на \\vecb в квад­ра­те . \"></p><p class=\"left_margin\"></p></center><p> Сто­ро­ны квад­ра­та равны, по­это­му <img src=\"https://ege.sdamgia.ru/formula/svg/61/61a70e075979abfd6b305972f10a581d.svg\" class=\"tex\" style=\"vertical-align:-1.8pt\" alt=\" \\veca в квад­ра­те = \\vecb в квад­ра­те .\"> Зна­чит, ска­ляр­ное про­из­ве­де­ние равно нулю, а тогда<img src=\"https://ege.sdamgia.ru/formula/svg/de/de5d2c46eef7b0cf0fa1eaf1ffdefc98.svg\" class=\"tex\" style=\"vertical-align:-3.0pt\" alt=\" \\angle KOB = \\widehat \\overrightarrowKC, \\overrightarrowEB = 90 гра­ду­сов .\"></p><p class=\"left_margin\">б)  Не­об­хо­ди­мо найти мо­дуль век­то­ра <img src=\"https://ege.sdamgia.ru/formula/svg/29/29d9f00195c2433c0cd33e7c7c16198c.svg\" class=\"tex\" style=\"vertical-align:-1.8pt\" alt=\" \\overrightarrowOA.\"> За­пи­шем его в виде</p><p class=\"left_margin\"></p><center><p><img src=\"https://ege.sdamgia.ru/formula/svg/25/255a99cc095b81fb9be1b1cd3935cfc4.svg\" class=\"tex\" style=\"vertical-align:-11.1pt\" alt=\" \\overrightarrowOA= x умно­жить на \\overrightarrowKC плюс \\overrightarrowCB плюс \\overrightarrowBA=x левая круг­лая скоб­ка дробь: чис­ли­тель: 1, зна­ме­на­тель: 2 конец дроби \\vecb плюс \\veca пра­вая круг­лая скоб­ка минус \\vecb минус \\veca, \"></p><p class=\"left_margin\"></p></center><p> где <img src=\"https://ege.sdamgia.ru/formula/svg/66/665deb2538ff679ea3c7707d1dd8a042.svg\" class=\"tex\" style=\"vertical-align:-8.4pt\" alt=\"x= дробь: чис­ли­тель: OC, зна­ме­на­тель: KC конец дроби . \"> По тео­ре­ме Пи­фа­го­ра из тре­уголь­ни­ка <i>DCK</i> на­хо­дим: </p><p class=\"left_margin\"></p><center><p><img src=\"https://ege.sdamgia.ru/formula/svg/bb/bbb19f7488e131542a52155f5fdf47c5.svg\" class=\"tex\" style=\"vertical-align:-12.3pt\" alt=\"KC= ко­рень из: на­ча­ло ар­гу­мен­та: 1 в квад­ра­те плюс левая круг­лая скоб­ка дробь: чис­ли­тель: 1, зна­ме­на­тель: 2 конец дроби пра­вая круг­лая скоб­ка в квад­ра­те конец ар­гу­мен­та = дробь: чис­ли­тель: ко­рень из: на­ча­ло ар­гу­мен­та: 5 конец ар­гу­мен­та , зна­ме­на­тель: 2 конец дроби . \"></p><p class=\"left_margin\"></p></center><p class=\"left_margin\">Пря­мо­уголь­ные тре­уголь­ни­ки <i>DCK</i> и <i>OCE</i> по­доб­ны, по­сколь­ку имеют общий ост­рый угол. Зна­чит, <img src=\"https://ege.sdamgia.ru/formula/svg/17/171c7b51fa9a432a0a1518f1d74ea196.svg\" class=\"tex\" style=\"vertical-align:-8.4pt\" alt=\" дробь: чис­ли­тель: KC, зна­ме­на­тель: CE конец дроби = дробь: чис­ли­тель: CD, зна­ме­на­тель: OC конец дроби , \"> от­ку­да</p><p class=\"left_margin\"></p><center><p><img src=\"https://ege.sdamgia.ru/formula/svg/d2/d24ef59e1d836eec50ef72e16d2ea31c.svg\" class=\"tex\" style=\"vertical-align:-11.0pt\" alt=\"OC= дробь: чис­ли­тель: CE умно­жить на CD, зна­ме­на­тель: KC конец дроби = дробь: чис­ли­тель: \\dfrac1, зна­ме­на­тель: 2 конец дроби умно­жить на 1 умно­жить на 2 ко­рень из: на­ча­ло ар­гу­мен­та: 5 конец ар­гу­мен­та = дробь: чис­ли­тель: ко­рень из: на­ча­ло ар­гу­мен­та: 5 конец ар­гу­мен­та , зна­ме­на­тель: 5 конец дроби . \"></p><p class=\"left_margin\"></p></center><p> Сле­до­ва­тель­но,</p><p class=\"left_margin\"></p><center><p><img src=\"https://ege.sdamgia.ru/formula/svg/e3/e3f7e6e06fa74b75ef1f2dbc6995f025.svg\" class=\"tex\" style=\"vertical-align:-11.1pt\" alt=\"x= дробь: чис­ли­тель: OC, зна­ме­на­тель: KC конец дроби = дробь: чис­ли­тель: ко­рень из: на­ча­ло ар­гу­мен­та: 5 конец ар­гу­мен­та умно­жить на 2 , зна­ме­на­тель: 5 умно­жить на ко­рень из: на­ча­ло ар­гу­мен­та: 5 конец ар­гу­мен­та конец дроби = дробь: чис­ли­тель: 2, зна­ме­на­тель: 5 конец дроби . \"></p><p class=\"left_margin\"></p></center><p class=\"left_margin\">Под­ста­вим най­ден­ный ко­эф­фи­ци­ент <i>x</i> в вы­ра­же­ние для век­то­ра <img src=\"https://ege.sdamgia.ru/formula/svg/e1/e13cac4838776ccc32686cf003d263cc.svg\" class=\"tex\" style=\"vertical-align:-3.0pt\" alt=\"\\overrightarrowOA,\"> по­лу­чим:</p><p class=\"left_margin\"></p><center><p><img src=\"https://ege.sdamgia.ru/formula/svg/93/938c529ab227d86f9e118ff7cbcd09e3.svg\" class=\"tex\" style=\"vertical-align:-11.1pt\" alt=\" \\overrightarrowOA= дробь: чис­ли­тель: 2, зна­ме­на­тель: 5 конец дроби умно­жить на левая круг­лая скоб­ка дробь: чис­ли­тель: 1, зна­ме­на­тель: 2 конец дроби умно­жить на \\vecb плюс \\veca пра­вая круг­лая скоб­ка минус \\vecb минус \\veca= минус дробь: чис­ли­тель: 3, зна­ме­на­тель: 5 конец дроби умно­жить на \\veca минус дробь: чис­ли­тель: 4, зна­ме­на­тель: 5 конец дроби умно­жить на \\vecb. \"></p><p class=\"left_margin\"></p></center><p> Тогда:</p><p class=\"left_margin\"></p><center><p><img src=\"https://ege.sdamgia.ru/formula/svg/39/3924a4f130e728a31b7a31739cdbd2b8.svg\" class=\"tex\" style=\"vertical-align:-12.3pt\" alt=\" |\\overrightarrowOA|= ко­рень из: на­ча­ло ар­гу­мен­та: левая круг­лая скоб­ка минус дробь: чис­ли­тель: 3, зна­ме­на­тель: 5 конец дроби умно­жить на 1 пра­вая круг­лая скоб­ка в квад­ра­те плюс левая круг­лая скоб­ка минус дробь: чис­ли­тель: 4, зна­ме­на­тель: 5 конец дроби умно­жить на 1 пра­вая круг­лая скоб­ка в квад­ра­те конец ар­гу­мен­та = ко­рень из: на­ча­ло ар­гу­мен­та: дробь: чис­ли­тель: 9 плюс 16, зна­ме­на­тель: 25 конец дроби конец ар­гу­мен­та =1. \"></p><p class=\"left_margin\"></p></center></div>",
        "image_urls": [
            "https://ege.sdamgia.ru/formula/svg/66/66bb13757ae980490aca92f6c09bb1b9.svg",
            "https://ege.sdamgia.ru/formula/svg/00/0031f2ea37e2bdd3bbd33037ef8c1e81.svg",
            "https://ege.sdamgia.ru/formula/svg/10/10d6553e58eac67d2d972423f681b950.svg",
            "https://ege.sdamgia.ru/formula/svg/ef/efb206f35aff0b96136b14555a8c46b3.svg",
            "https://ege.sdamgia.ru/formula/svg/34/340f22e483d90a591ecb30c06da70d10.svg",
            "https://ege.sdamgia.ru/formula/svg/4b/4b1694045dc7cb3bf0e39837139b9369.svg",
            "https://ege.sdamgia.ru/formula/svg/8a/8a742ddcd9f2efa344bf94d2dfdbf697.svg",
            "https://ege.sdamgia.ru/formula/svg/8e/8e0618514b2e11f3be6a5e1f9ac1fac6.svg",
            "https://ege.sdamgia.ru/formula/svg/10/100e09d83bd52aaf18fe0a5d7501739c.svg",
            "https://ege.sdamgia.ru/formula/svg/13/13c69f723ee49dad030630e86bfe532b.svg",
            "https://ege.sdamgia.ru/formula/svg/2c/2c0b807f57c0c6219940f52a6d3fdf1e.svg",
            "https://ege.sdamgia.ru/formula/svg/ea/ea8941d65ab5f76a89824766c64507c1.svg",
            "https://ege.sdamgia.ru/formula/svg/9c/9c013dd2f3db853aebf27d51086f9315.svg",
            "https://ege.sdamgia.ru/formula/svg/7c/7c1f6e1e747e2c1245fc7f8f1749b718.svg",
            "https://ege.sdamgia.ru/formula/svg/e3/e31d5949bd9c5c5634e55dd5eddf4287.svg",
            "https://ege.sdamgia.ru/formula/svg/35/35572119b9512c69d88e8aee70373520.svg",
            "https://ege.sdamgia.ru/formula/svg/80/809129bce5c0c7716d0315f37cd073e2.svg",
            "https://ege.sdamgia.ru/formula/svg/61/61a70e075979abfd6b305972f10a581d.svg",
            "https://ege.sdamgia.ru/formula/svg/de/de5d2c46eef7b0cf0fa1eaf1ffdefc98.svg",
            "https://ege.sdamgia.ru/formula/svg/29/29d9f00195c2433c0cd33e7c7c16198c.svg",
            "https://ege.sdamgia.ru/formula/svg/25/255a99cc095b81fb9be1b1cd3935cfc4.svg",
            "https://ege.sdamgia.ru/formula/svg/66/665deb2538ff679ea3c7707d1dd8a042.svg",
            "https://ege.sdamgia.ru/formula/svg/bb/bbb19f7488e131542a52155f5fdf47c5.svg",
            "https://ege.sdamgia.ru/formula/svg/17/171c7b51fa9a432a0a1518f1d74ea196.svg",
            "https://ege.sdamgia.ru/formula/svg/d2/d24ef59e1d836eec50ef72e16d2ea31c.svg",
            "https://ege.sdamgia.ru/formula/svg/e3/e3f7e6e06fa74b75ef1f2dbc6995f025.svg",
            "https://ege.sdamgia.ru/formula/svg/e1/e13cac4838776ccc32686cf003d263cc.svg",
            "https://ege.sdamgia.ru/formula/svg/93/938c529ab227d86f9e118ff7cbcd09e3.svg",
            "https://ege.sdamgia.ru/formula/svg/39/3924a4f130e728a31b7a31739cdbd2b8.svg",
            "/get_file?id=147400",
            "/get_file?id=132580"
        ]
    },
    "answer": "б) 1.",
    "topic_id": 17,
    "analog_ids": []
}