{
    "gia_type": "ege",
    "subject": "math",
    "id": 560733,
    "condition": {
        "text": "В треугольнике АВС известно, что АВ  =  АС  =  10, ВС  =  12. На стороне АВ отметили точки М1 и М2 так, что AM1 < AM2. Через точки М1 и М2 провели прямые, перпендикулярные стороне АВ и отсекающие от треугольника АВС пятиугольник, в который можно вписать окружность.а)  Докажите, что AM1 : BM2  =  1 : 3.б)  Найдите площадь данного пятиугольника.",
        "html": "<div align=\"justify\" width=\"100%\" id=\"body450721\" class=\"pbody\"><p class=\"left_margin\">В тре­уголь­ни­ке <i>АВС</i> из­вест­но, что <i>АВ</i>  =  <i>АС</i>  =  10, <i>ВС</i>  =  12. На сто­ро­не <i>АВ</i> от­ме­ти­ли точки <i>М</i><sub>1</sub> и <i>М</i><sub>2</sub> так, что <i>AM</i><sub>1</sub> &lt; <i>AM</i><sub>2</sub>. Через точки <i>М</i><sub>1</sub> и <i>М</i><sub>2</sub> про­ве­ли пря­мые, пер­пен­ди­ку­ляр­ные сто­ро­не <i>АВ</i> и от­се­ка­ю­щие от тре­уголь­ни­ка <i>АВС</i> пя­ти­уголь­ник, в ко­то­рый можно впи­сать окруж­ность.</p><p class=\"left_margin\">а)  До­ка­жи­те, что <i>AM</i><sub>1</sub> : <i>BM</i><sub>2</sub>  =  1 : 3.</p><p class=\"left_margin\">б)  Най­ди­те пло­щадь дан­но­го пя­ти­уголь­ни­ка.</p></div>",
        "image_urls": []
    },
    "solution": {
        "text": "Решение. а)  Заметим, что окружность, вписанная в пятиугольник, о котором говорится в условии задачи,  — это окружность, вписанная в треугольник АВС. Пусть вписанная окружность равнобедренного треугольника АВС касается боковой стороны АВ в точке D и основания ВС в точке Е. Тогда АЕ  — высота, медиана и биссектриса треугольника АВС,Пусть О  — центр этой окружности, r  — её радиус, S  — площадь треугольника АВС, р  — его полупериметр. ТогдаПусть СN1M1M2N2  — данный пятиугольник, а Р1 и Р2  — точки касания окружности со сторонами M1N1 и M2N2 соответственно (см. рис.). Тогда четырёхугольники P1M1DO и M2P2OD  — это квадраты стороны которых, равны радиусу окружности r. Из треугольника AOD находим, чтоТогда получаем, что Значит, AM1 : BM2  =  1 : 3.б)  Обозначим  Тогда  Из треугольника N2M2B получаем, что значит, Из треугольника АВС находим, что  Тогда Из треугольника N1M1A получаем, что Значит, Следовательно,Ответ: б) ",
        "html": "<div align=\"justify\" width=\"100%\" id=\"sol560733\" class=\"solution\" style=\"clear:both;\" class=\"pbody\"><p class=\"left_margin\"></p><b>Ре­ше­ние<!--rule_info-->. </b><p class=\"left_margin\"><img src=\"/get_file?id=148913\" style=\"float:right;margin:10px;max-width:100%\"></p><p class=\"left_margin\">а)  За­ме­тим, что окруж­ность, впи­сан­ная в пя­ти­уголь­ник, о ко­то­ром го­во­рит­ся в усло­вии за­да­чи,  — это окруж­ность, впи­сан­ная в тре­уголь­ник <i>АВС</i>. Пусть впи­сан­ная окруж­ность рав­но­бед­рен­но­го тре­уголь­ни­ка <i>АВС</i> ка­са­ет­ся бо­ко­вой сто­ро­ны <i>АВ</i> в точке <i>D</i> и ос­но­ва­ния <i>ВС</i> в точке <i>Е</i>. Тогда <i>АЕ</i>  — вы­со­та, ме­ди­а­на и бис­сек­три­са тре­уголь­ни­ка <i>АВС</i>,</p><p class=\"left_margin\"></p><center><p><img src=\"https://ege.sdamgia.ru/formula/svg/d4/d4637000a4e20b6aa163d18b2545b6eb.svg\" class=\"tex\" style=\"vertical-align:-2.5pt\" alt=\"AE= ко­рень из: на­ча­ло ар­гу­мен­та: AB в квад­ра­те минус BE в квад­ра­те конец ар­гу­мен­та = ко­рень из: на­ча­ло ар­гу­мен­та: 100 минус 36 конец ар­гу­мен­та =8.\"></p><p class=\"left_margin\"></p></center><p class=\"left_margin\">Пусть <i>О</i>  — центр этой окруж­но­сти, <i>r</i>  — её ра­ди­ус, <i>S</i>  — пло­щадь тре­уголь­ни­ка <i>АВС</i>, <i>р</i>  — его по­лу­пе­ри­метр. Тогда</p><p class=\"left_margin\"></p><center><p><img src=\"https://ege.sdamgia.ru/formula/svg/55/55ba9a345fca8650d725efe4d59537b5.svg\" class=\"tex\" style=\"vertical-align:-13.1pt\" alt=\"r= дробь: чис­ли­тель: S, зна­ме­на­тель: p конец дроби = дробь: чис­ли­тель: \\tfrac1, зна­ме­на­тель: 2 конец дроби умно­жить на BC умно­жить на AE\\tfrac12 левая круг­лая скоб­ка AB плюс BC плюс AC пра­вая круг­лая скоб­ка =3. \"></p><p class=\"left_margin\"></p></center><p class=\"left_margin\">Пусть <i>СN</i><sub>1</sub><i>M</i><sub>1</sub><i>M</i><sub>2</sub><i>N</i><sub>2</sub>  — дан­ный пя­ти­уголь­ник, а <i>Р</i><sub>1</sub> и <i>Р</i><sub>2</sub>  — точки ка­са­ния окруж­но­сти со сто­ро­на­ми <i>M</i><sub>1</sub><i>N</i><sub>1</sub> и <i>M</i><sub>2</sub><i>N</i><sub>2</sub> со­от­вет­ствен­но (см. рис.). Тогда четырёхуголь­ни­ки <i>P</i><sub>1</sub><i>M</i><sub>1</sub><i>DO</i> и <i>M</i><sub>2</sub><i>P</i><sub>2</sub><i>OD</i>  — это квад­ра­ты сто­ро­ны ко­то­рых, равны ра­ди­у­су окруж­но­сти <i>r</i>. Из тре­уголь­ни­ка <i>AOD</i> на­хо­дим, что</p><p class=\"left_margin\"></p><center><p><img src=\"https://ege.sdamgia.ru/formula/svg/b8/b80bcd82250d448cd48338c7dc632938.svg\" class=\"tex\" style=\"vertical-align:-6.8pt\" alt=\"AD= ко­рень из: на­ча­ло ар­гу­мен­та: AO в квад­ра­те минус OD в квад­ра­те конец ар­гу­мен­та = ко­рень из: на­ча­ло ар­гу­мен­та: левая круг­лая скоб­ка AE минус OE пра­вая круг­лая скоб­ка в квад­ра­те минус OD в квад­ра­те конец ар­гу­мен­та = ко­рень из: на­ча­ло ар­гу­мен­та: левая круг­лая скоб­ка 8 минус 3 пра­вая круг­лая скоб­ка в квад­ра­те минус 3 в квад­ра­те конец ар­гу­мен­та =4.\"></p><p class=\"left_margin\"></p></center><p class=\"left_margin\">Тогда по­лу­ча­ем, что</p><p class=\"left_margin\"></p><center><p><img src=\"https://ege.sdamgia.ru/formula/svg/c0/c0b84848a5ccead5155ef33f12538b33.svg\" class=\"tex\" style=\"vertical-align:-3.0pt\" alt=\"AM_1=AD минус M_1D=4 минус 3=1,\"></p><p><img src=\"https://ege.sdamgia.ru/formula/svg/13/13345ffff2333127751779f3995b0c5f.svg\" class=\"tex\" style=\"vertical-align:-2.5pt\" alt=\"BM_2=AB минус AD минус DM_2=10 минус 4 минус 3=3.\"></p><p class=\"left_margin\"></p></center><p> Зна­чит, <i>AM</i><sub>1</sub> : <i>BM</i><sub>2</sub>  =  1 : 3.</p><p class=\"left_margin\">б)  Обо­зна­чим <img src=\"https://ege.sdamgia.ru/formula/svg/34/347ab00286dd27ef03727d3c01c15f6b.svg\" class=\"tex\" style=\"vertical-align:-1.8pt\" alt=\"\\angle ABC= альфа .\"> Тогда <img src=\"https://ege.sdamgia.ru/formula/svg/9d/9d493b00654dc40dd6939ee93666f014.svg\" class=\"tex\" style=\"vertical-align:-8.4pt\" alt=\" тан­генс альфа = дробь: чис­ли­тель: AE, зна­ме­на­тель: BE конец дроби = дробь: чис­ли­тель: 8, зна­ме­на­тель: 6 конец дроби = дробь: чис­ли­тель: 4, зна­ме­на­тель: 3 конец дроби . \"> Из тре­уголь­ни­ка <i>N</i><sub>2</sub><i>M</i><sub>2</sub><i>B</i> по­лу­ча­ем, что</p><p class=\"left_margin\"></p><center><p><img src=\"https://ege.sdamgia.ru/formula/svg/29/29026ccd4ac5d660e3fcb7bfbc6bf46c.svg\" class=\"tex\" style=\"vertical-align:-8.5pt\" alt=\"N_2M_2=BM_2 умно­жить на тан­генс альфа =3 умно­жить на дробь: чис­ли­тель: 4, зна­ме­на­тель: 3 конец дроби =4, \"></p><p class=\"left_margin\"></p></center><p> зна­чит,</p><p class=\"left_margin\"></p><center><p><img src=\"https://ege.sdamgia.ru/formula/svg/3a/3a0904aaf2a72151dae4fb69526383f3.svg\" class=\"tex\" style=\"vertical-align:-8.4pt\" alt=\"S_\\Delta N_2M_2B= дробь: чис­ли­тель: 1, зна­ме­на­тель: 2 конец дроби N_2M_2 умно­жить на M_2B= дробь: чис­ли­тель: 1, зна­ме­на­тель: 2 конец дроби умно­жить на 4 умно­жить на 3=6. \"></p><p class=\"left_margin\"></p></center><p> Из тре­уголь­ни­ка <i>АВС</i> на­хо­дим, что <img src=\"https://ege.sdamgia.ru/formula/svg/a9/a93530f9e828edd61e824aca1ce0a382.svg\" class=\"tex\" style=\"vertical-align:-1.8pt\" alt=\"\\angle BAC=180 гра­ду­сов минус 2 альфа .\"> Тогда</p><p class=\"left_margin\"></p><center><p><img src=\"https://ege.sdamgia.ru/formula/svg/44/447e82d9aee00fa3099f7514b6a2222c.svg\" class=\"tex\" style=\"vertical-align:-13.2pt\" alt=\" тан­генс \\angle BAC= тан­генс левая круг­лая скоб­ка 180 гра­ду­сов минус 2 альфа пра­вая круг­лая скоб­ка = минус тан­генс 2 альфа = дробь: чис­ли­тель: 2 тан­генс альфа , зна­ме­на­тель: тан­генс в квад­ра­те альфа минус 1 конец дроби = дробь: чис­ли­тель: 2 умно­жить на дробь: чис­ли­тель: 4, зна­ме­на­тель: 3 конец дроби , зна­ме­на­тель: дробь: чис­ли­тель: 16, зна­ме­на­тель: 9 конец дроби минус 1 конец дроби = дробь: чис­ли­тель: 24, зна­ме­на­тель: 7 конец дроби . \"></p><p class=\"left_margin\"></p></center><p> Из тре­уголь­ни­ка <i>N</i><sub>1</sub><i>M</i><sub>1</sub><i>A</i> по­лу­ча­ем, что</p><p class=\"left_margin\"></p><center><p><img src=\"https://ege.sdamgia.ru/formula/svg/1f/1f7a8e5576c636de34085d988c9a1c2c.svg\" class=\"tex\" style=\"vertical-align:-8.5pt\" alt=\"N_1M_1=AM_1 умно­жить на тан­генс \\angle BAC=1 умно­жить на дробь: чис­ли­тель: 24, зна­ме­на­тель: 7 конец дроби = дробь: чис­ли­тель: 24, зна­ме­на­тель: 7 конец дроби . \"></p><p class=\"left_margin\"></p></center><p> Зна­чит,</p><p class=\"left_margin\"></p><center><p><img src=\"https://ege.sdamgia.ru/formula/svg/ab/abfb45dddac7aeb684f81f3dbf960da7.svg\" class=\"tex\" style=\"vertical-align:-8.5pt\" alt=\"S_\\Delta N_1M_1A= дробь: чис­ли­тель: 1, зна­ме­на­тель: 2 конец дроби N_1M_1 умно­жить на M_1A= дробь: чис­ли­тель: 1, зна­ме­на­тель: 2 конец дроби умно­жить на 1 умно­жить на дробь: чис­ли­тель: 24, зна­ме­на­тель: 7 конец дроби = дробь: чис­ли­тель: 12, зна­ме­на­тель: 7 конец дроби . \"></p><p class=\"left_margin\"></p></center><p> Сле­до­ва­тель­но,</p><p class=\"left_margin\"></p><center><p><img src=\"https://ege.sdamgia.ru/formula/svg/74/74da6c19fd4abac1e8272dfcf94c1753.svg\" class=\"tex\" style=\"vertical-align:-8.4pt\" alt=\"S_CN_1M_1M_2N_2=S_\\Delta ABC минус S_\\Delta N_2M_2B минус S_\\Delta N_1M_1A=48 минус 6 минус дробь: чис­ли­тель: 12, зна­ме­на­тель: 7 конец дроби = целая часть: 40, дроб­ная часть: чис­ли­тель: 2, зна­ме­на­тель: 7 . \"></p><p class=\"left_margin\"></p></center><p><span style=\"letter-spacing: 2px;\">Ответ:</span> б) <img src=\"https://ege.sdamgia.ru/formula/svg/70/708b067a4b2f18cf7ea81c3d45c828e2.svg\" class=\"tex\" style=\"vertical-align:-8.5pt\" alt=\" целая часть: 40, дроб­ная часть: чис­ли­тель: 2, зна­ме­на­тель: 7 .\"></p></div>",
        "image_urls": [
            "https://ege.sdamgia.ru/formula/svg/d4/d4637000a4e20b6aa163d18b2545b6eb.svg",
            "https://ege.sdamgia.ru/formula/svg/55/55ba9a345fca8650d725efe4d59537b5.svg",
            "https://ege.sdamgia.ru/formula/svg/b8/b80bcd82250d448cd48338c7dc632938.svg",
            "https://ege.sdamgia.ru/formula/svg/c0/c0b84848a5ccead5155ef33f12538b33.svg",
            "https://ege.sdamgia.ru/formula/svg/13/13345ffff2333127751779f3995b0c5f.svg",
            "https://ege.sdamgia.ru/formula/svg/34/347ab00286dd27ef03727d3c01c15f6b.svg",
            "https://ege.sdamgia.ru/formula/svg/9d/9d493b00654dc40dd6939ee93666f014.svg",
            "https://ege.sdamgia.ru/formula/svg/29/29026ccd4ac5d660e3fcb7bfbc6bf46c.svg",
            "https://ege.sdamgia.ru/formula/svg/3a/3a0904aaf2a72151dae4fb69526383f3.svg",
            "https://ege.sdamgia.ru/formula/svg/a9/a93530f9e828edd61e824aca1ce0a382.svg",
            "https://ege.sdamgia.ru/formula/svg/44/447e82d9aee00fa3099f7514b6a2222c.svg",
            "https://ege.sdamgia.ru/formula/svg/1f/1f7a8e5576c636de34085d988c9a1c2c.svg",
            "https://ege.sdamgia.ru/formula/svg/ab/abfb45dddac7aeb684f81f3dbf960da7.svg",
            "https://ege.sdamgia.ru/formula/svg/74/74da6c19fd4abac1e8272dfcf94c1753.svg",
            "https://ege.sdamgia.ru/formula/svg/70/708b067a4b2f18cf7ea81c3d45c828e2.svg",
            "/get_file?id=148913"
        ]
    },
    "answer": "б)",
    "topic_id": 17,
    "analog_ids": [
        560733,
        560782
    ]
}