{
    "gia_type": "ege",
    "subject": "math",
    "id": 563300,
    "condition": {
        "text": "Окружность, проходящая через вершину B треугольника ABC, касается стороны AC в точке D, такой, что BD  — биссектриса угла B, и пересекает стороны AB и BC в точках E и F соответственно.а)  Докажите, что AE : CF  =  AB : BC.б)  Найдите  отношение  площадей  треугольников AED и DFC, если  известно,  что AE : CF  =  2 : 3.",
        "html": "<div align=\"justify\" width=\"100%\" id=\"body456344\" class=\"pbody\"><p class=\"left_margin\">Окруж­ность, про­хо­дя­щая через вер­ши­ну <i>B</i> тре­уголь­ни­ка <i>ABC</i>, ка­са­ет­ся сто­ро­ны <i>AC</i> в точке <i>D</i>, такой, что <i>BD</i>  — бис­сек­три­са угла <i>B</i>, и пе­ре­се­ка­ет сто­ро­ны <i>AB</i> и <i>BC</i> в точ­ках <i>E</i> и <i>F</i> со­от­вет­ствен­но.</p><p class=\"left_margin\">а)  До­ка­жи­те, что <i>AE</i> : <i>CF</i>  =  <i>AB</i> : <i>BC</i>.</p><p class=\"left_margin\">б)  Най­ди­те  от­но­ше­ние  пло­ща­дей  тре­уголь­ни­ков <i>AED</i> и <i>DFC</i>, если  из­вест­но,  что <i>AE</i> : <i>CF</i>  =  2 : 3.</p></div>",
        "image_urls": []
    },
    "solution": {
        "text": "Решение. а)  Воспользуемся свойством биссектрисы: AD : DC  =  AB : BC. По теореме о квадрате касательной   Из этих двух равенств получаем, что  Это и требовалось доказать.б)  Из равенства, доказанного в п. а), следует параллельность отрезков EF и AC. Тогда в треугольниках AED и DFC равны высоты, проведенные к сторонам AD и DC соответственно. Значит, отношение площадей этих треугольников равно отношению их оснований AD и DC. По доказанному ранее это отношение равно 2 : 3. Ответ: 2 : 3.",
        "html": "<div align=\"justify\" width=\"100%\" id=\"sol563300\" class=\"solution\" style=\"clear:both;\" class=\"pbody\"><p class=\"left_margin\"></p><b>Ре­ше­ние<!--rule_info-->. </b><p class=\"left_margin\"><img src=\"/get_file?id=150036\" style=\"float:right;margin:10px;max-width:100%\"></p><p class=\"left_margin\">а)  Вос­поль­зу­ем­ся свой­ством бис­сек­три­сы: <i>AD</i> : <i>DC</i>  =  <i>AB</i> : <i>BC</i>. По тео­ре­ме о квад­ра­те ка­са­тель­ной <img src=\"https://ege.sdamgia.ru/formula/svg/26/26a558827cf85af447fd8d07069b09f2.svg\" class=\"tex\" style=\"vertical-align:-3.0pt\" alt=\"AD в квад­ра­те =AE умно­жить на AB,\"> <img src=\"https://ege.sdamgia.ru/formula/svg/64/6479843bc46a1bcfb9f9849b6bd5ad1c.svg\" class=\"tex\" style=\"vertical-align:-1.8pt\" alt=\"CD в квад­ра­те =CF умно­жить на CB.\"> Из этих двух ра­венств по­лу­ча­ем, что </p><p class=\"left_margin\"></p><center><p><img src=\"https://ege.sdamgia.ru/formula/svg/86/861c208a533cb9d9a371564cda0d470e.svg\" class=\"tex\" style=\"vertical-align:-11.1pt\" alt=\"AE:CF= дробь: чис­ли­тель: AD в квад­ра­те , зна­ме­на­тель: AB конец дроби : дробь: чис­ли­тель: CD в квад­ра­те , зна­ме­на­тель: CB конец дроби = левая круг­лая скоб­ка дробь: чис­ли­тель: AD, зна­ме­на­тель: CD конец дроби пра­вая круг­лая скоб­ка в квад­ра­те умно­жить на дробь: чис­ли­тель: CB, зна­ме­на­тель: AB конец дроби = левая круг­лая скоб­ка дробь: чис­ли­тель: AB, зна­ме­на­тель: CB конец дроби пра­вая круг­лая скоб­ка в квад­ра­те умно­жить на дробь: чис­ли­тель: CB, зна­ме­на­тель: AB конец дроби = дробь: чис­ли­тель: AB, зна­ме­на­тель: BC конец дроби . \"></p><p class=\"left_margin\"></p></center><p> Это и тре­бо­ва­лось до­ка­зать.</p><p class=\"left_margin\">б)  Из ра­вен­ства, до­ка­зан­но­го в п. а), сле­ду­ет па­рал­лель­ность от­рез­ков <i>EF</i> и <i>AC</i>. Тогда в тре­уголь­ни­ках <i>AED</i> и <i>DFC</i> равны вы­со­ты, про­ве­ден­ные к сто­ро­нам <i>AD</i> и <i>DC</i> со­от­вет­ствен­но. Зна­чит, от­но­ше­ние пло­ща­дей этих тре­уголь­ни­ков равно от­но­ше­нию их ос­но­ва­ний <i>AD</i> и <i>DC</i>. По до­ка­зан­но­му ранее это от­но­ше­ние равно 2 : 3.</p><p>&nbsp;</p><p><span style=\"letter-spacing: 2px;\">Ответ:</span> 2 : 3.</p></div>",
        "image_urls": [
            "https://ege.sdamgia.ru/formula/svg/26/26a558827cf85af447fd8d07069b09f2.svg",
            "https://ege.sdamgia.ru/formula/svg/64/6479843bc46a1bcfb9f9849b6bd5ad1c.svg",
            "https://ege.sdamgia.ru/formula/svg/86/861c208a533cb9d9a371564cda0d470e.svg",
            "/get_file?id=150036"
        ]
    },
    "answer": "2 : 3.",
    "topic_id": 17,
    "analog_ids": []
}