{
    "gia_type": "ege",
    "subject": "math",
    "id": 633394,
    "condition": {
        "text": "Внутри окружности с центром О построен правильный шестиугольник KOFPDL так, что его вершина D лежит на окружности. Из точки В, диаметрально противоположной точке D, проведены две хорды AB и ВС, проходящие через вершины К и F шестиугольника соответственно.а)  Докажите, что  б)  Найдите площадь треугольника АВС, если радиус окружности равен 14.",
        "html": "<div align=\"justify\" width=\"100%\" id=\"body509134\" class=\"pbody\"><p class=\"left_margin\">Внут­ри окруж­но­сти с цен­тром <i>О</i> по­стро­ен пра­виль­ный ше­сти­уголь­ник <i>KOFPDL</i> так, что его вер­ши­на <i>D</i> лежит на окруж­но­сти. Из точки <i>В</i>, диа­мет­раль­но про­ти­во­по­лож­ной точке <i>D</i>, про­ве­де­ны две хорды <i>AB</i> и <i>ВС</i>, про­хо­дя­щие через вер­ши­ны <i>К</i> и <i>F</i> ше­сти­уголь­ни­ка со­от­вет­ствен­но.</p><p class=\"left_margin\">а)  До­ка­жи­те, что  <img src=\"https://ege.sdamgia.ru/formula/svg/f5/f57432b3a75e653c3ea92a7742b82f50.svg\" class=\"tex\" style=\"vertical-align:-1.8pt\" alt=\"AK: KB =3: 7.\"></p><p class=\"left_margin\">б)  Най­ди­те пло­щадь тре­уголь­ни­ка <i>АВС</i>, если ра­ди­ус окруж­но­сти равен 14.</p></div>",
        "image_urls": [
            "https://ege.sdamgia.ru/formula/svg/f5/f57432b3a75e653c3ea92a7742b82f50.svg"
        ]
    },
    "solution": {
        "text": "Решение. а)  Пусть  тогда  и  По теореме косинусов Аналогично  и Пусть MN  — диаметр окружности, проходящей через точку K, тогда  и  Из свойства хорд  находим: Значит, б)  Пусть  H  — точка пересечения отрезков KF и BD. По доказанному  в пункте а) треугольники ABC и BKF подобны с коэффициентом подобия  тогда По условию,  то есть  следовательно,  Ответ: б)  Приведем другое решение пункта б).б)  Найдем угол KBO по теореме синусов: откудаПо условию,  то есть  следовательно,  Таким образом, для площади треугольника ABC получаем:",
        "html": "<div align=\"justify\" width=\"100%\" id=\"sol633394\" class=\"solution\" style=\"clear:both;\" class=\"pbody\"><p class=\"left_margin\"></p><b>Ре­ше­ние<!--rule_info-->. </b><p class=\"left_margin\"><img src=\"/get_file?id=116970\" style=\"float:right;margin:10px;max-width:100%\">а)  Пусть <img src=\"https://ege.sdamgia.ru/formula/svg/82/82599c9ce7c8aaeb8c361115ac0d2e1c.svg\" class=\"tex\" style=\"vertical-align:-3.0pt\" alt=\"OK=a,\"> тогда <img src=\"https://ege.sdamgia.ru/formula/svg/01/016ee859898fbfadfcfa03c24c707b5c.svg\" class=\"tex\" style=\"vertical-align:-1.8pt\" alt=\"OB=2a\"> и <img src=\"https://ege.sdamgia.ru/formula/svg/b7/b7688a22d54289127dc0990399a44519.svg\" class=\"tex\" style=\"vertical-align:-1.8pt\" alt=\"\\angle BOK=120 гра­ду­сов.\"> По тео­ре­ме ко­си­ну­сов</p><p class=\"left_margin\"></p><center><p><img src=\"https://ege.sdamgia.ru/formula/svg/a9/a9f59424958c8e58c58f380183b9c146.svg\" class=\"tex\" style=\"vertical-align:-11.1pt\" alt=\"KB в квад­ра­те =a в квад­ра­те плюс 4a в квад­ра­те минус 2a умно­жить на 2a умно­жить на левая круг­лая скоб­ка минус дробь: чис­ли­тель: 1, зна­ме­на­тель: 2 конец дроби пра­вая круг­лая скоб­ка =7a в квад­ра­те .\"></p><p class=\"left_margin\"></p></center><p> Ана­ло­гич­но <img src=\"https://ege.sdamgia.ru/formula/svg/7c/7c748520612a91bfa1654858ac1118db.svg\" class=\"tex\" style=\"vertical-align:-1.8pt\" alt=\"\\angle BOF=120 гра­ду­сов \"> и <img src=\"https://ege.sdamgia.ru/formula/svg/d5/d56b3413906a8c3fa810824c4dbea440.svg\" class=\"tex\" style=\"vertical-align:-1.8pt\" alt=\"BK= BF=a ко­рень из: на­ча­ло ар­гу­мен­та: 7 конец ар­гу­мен­та .\"></p><p class=\"left_margin\">Пусть <i>MN</i>  — диа­метр окруж­но­сти, про­хо­дя­щей через точку <i>K</i>, тогда <img src=\"https://ege.sdamgia.ru/formula/svg/00/00e2ded39dee0cc0e11530e52b4e0238.svg\" class=\"tex\" style=\"vertical-align:-1.8pt\" alt=\"KN=a плюс 2a=3a\"> и <img src=\"https://ege.sdamgia.ru/formula/svg/d3/d32ec015b25704931f92a7f6bfdba47f.svg\" class=\"tex\" style=\"vertical-align:-1.8pt\" alt=\"MK=2a минус a=a.\"> Из свой­ства хорд <img src=\"https://ege.sdamgia.ru/formula/svg/38/38825d61375d616a0e03b71adccb168d.svg\" class=\"tex\" style=\"vertical-align:-1.8pt\" alt=\"AK умно­жить на KB=MK умно­жить на KN\"> на­хо­дим:</p><p class=\"left_margin\"></p><center><p><img src=\"https://ege.sdamgia.ru/formula/svg/9d/9d11fd72ae2223cc26817350fead3fbd.svg\" class=\"tex\" style=\"vertical-align:-11.0pt\" alt=\"AK= дробь: чис­ли­тель: a умно­жить на 3a, зна­ме­на­тель: ко­рень из: на­ча­ло ар­гу­мен­та: 7 конец ар­гу­мен­та a конец дроби = дробь: чис­ли­тель: 3a ко­рень из: на­ча­ло ар­гу­мен­та: 7 конец ар­гу­мен­та , зна­ме­на­тель: 7 конец дроби . \"></p><p class=\"left_margin\"></p></center><p> Зна­чит, </p><p class=\"left_margin\"></p><center><p><img src=\"https://ege.sdamgia.ru/formula/svg/77/771aa016c43310507dc24608c4c6603c.svg\" class=\"tex\" style=\"vertical-align:-8.5pt\" alt=\"AK:KB= дробь: чис­ли­тель: 3 ко­рень из: на­ча­ло ар­гу­мен­та: 7 конец ар­гу­мен­та , зна­ме­на­тель: 7 конец дроби : ко­рень из: на­ча­ло ар­гу­мен­та: 7 конец ар­гу­мен­та =3:7. \"></p><p class=\"left_margin\"></p></center><p class=\"left_margin\">б)  Пусть  <i>H</i>  — точка пе­ре­се­че­ния от­рез­ков <i>KF</i> и <i>BD</i>. По до­ка­зан­но­му  в пунк­те а) тре­уголь­ни­ки <i>ABC</i> и <i>BKF</i> по­доб­ны с ко­эф­фи­ци­ен­том по­до­бия <img src=\"https://ege.sdamgia.ru/formula/svg/92/92ce8e54ac2659987f4e26b2b3961828.svg\" class=\"tex\" style=\"vertical-align:-3.0pt\" alt=\"10 : 7,\"> тогда</p><p class=\"left_margin\"></p><center><p><span data-width=\"640\" data-formulahash=\"ad2b6cb9c6b5cf44eae1eece4c2cbf3c\" class=\"tex-span\" style=\"\"><img src=\"https://ege.sdamgia.ru/formula/svg/ad/ad2b6cb9c6b5cf44eae1eece4c2cbf3c.svg\" class=\"tex\" style=\"vertical-align:-11.1pt\" alt=\"S_ABC= левая круг­лая скоб­ка дробь: чис­ли­тель: 10, зна­ме­на­тель: 7 конец дроби пра­вая круг­лая скоб­ка в квад­ра­те S_KBF= левая круг­лая скоб­ка дробь: чис­ли­тель: 10, зна­ме­на­тель: 7 конец дроби пра­вая круг­лая скоб­ка в квад­ра­те умно­жить на дробь: чис­ли­тель: 1, зна­ме­на­тель: 2 конец дроби умно­жить на BH умно­жить на KF = левая круг­лая скоб­ка дробь: чис­ли­тель: 10, зна­ме­на­тель: 7 конец дроби пра­вая круг­лая скоб­ка в квад­ра­те умно­жить на дробь: чис­ли­тель: 1, зна­ме­на­тель: 2 конец дроби умно­жить на дробь: чис­ли­тель: 5a, зна­ме­на­тель: 2 конец дроби умно­жить на a ко­рень из: на­ча­ло ар­гу­мен­та: 3 конец ар­гу­мен­та = дробь: чис­ли­тель: 125 ко­рень из: на­ча­ло ар­гу­мен­та: 3 конец ар­гу­мен­та , зна­ме­на­тель: 49 конец дроби a в квад­ра­те . \"></span><span data-width=\"540\" data-formulahash=\"ad2b6cb9c6b5cf44eae1eece4c2cbf3c\" class=\"tex-span\" style=\"display:none\"><img src=\"https://ege.sdamgia.ru/formula/svg/a5/a5e8990c2110c5522f5522962c43c4d3.svg\" class=\"tex\" style=\"vertical-align:-11.2pt\" alt=\"S_ABC= левая круг­лая скоб­ка дробь: чис­ли­тель: 10, зна­ме­на­тель: 7 конец дроби пра­вая круг­лая скоб­ка в квад­ра­те S_KBF= левая круг­лая скоб­ка дробь: чис­ли­тель: 10, зна­ме­на­тель: 7 конец дроби пра­вая круг­лая скоб­ка в квад­ра­те умно­жить на дробь: чис­ли­тель: 1, зна­ме­на­тель: 2 конец дроби умно­жить на BH умно­жить на KF = \"><br><img src=\"https://ege.sdamgia.ru/formula/svg/82/82df82f1a10ad6348df51238d80cb2c0.svg\" class=\"tex\" style=\"vertical-align:-11.2pt\" alt=\"= левая круг­лая скоб­ка дробь: чис­ли­тель: 10, зна­ме­на­тель: 7 конец дроби пра­вая круг­лая скоб­ка в квад­ра­те умно­жить на дробь: чис­ли­тель: 1, зна­ме­на­тель: 2 конец дроби умно­жить на дробь: чис­ли­тель: 5a, зна­ме­на­тель: 2 конец дроби умно­жить на a ко­рень из: на­ча­ло ар­гу­мен­та: 3 конец ар­гу­мен­та = дробь: чис­ли­тель: 125 ко­рень из: на­ча­ло ар­гу­мен­та: 3 конец ар­гу­мен­та , зна­ме­на­тель: 49 конец дроби a в квад­ра­те . \"></span></p><p class=\"left_margin\"></p></center><p> По усло­вию, <img src=\"https://ege.sdamgia.ru/formula/svg/9c/9cc075764ddfec1ca06a906874e584b1.svg\" class=\"tex\" style=\"vertical-align:-3.0pt\" alt=\"2a=14,\"> то есть <img src=\"https://ege.sdamgia.ru/formula/svg/29/29ca37ab667e7a0e3cd16f810151d2f0.svg\" class=\"tex\" style=\"vertical-align:-3.0pt\" alt=\"a=7,\"> сле­до­ва­тель­но, <img src=\"https://ege.sdamgia.ru/formula/svg/dd/dd9d97b79412ac9490679a349cc3314a.svg\" class=\"tex\" style=\"vertical-align:-2.6pt\" alt=\"S_ABC=125 ко­рень из: на­ча­ло ар­гу­мен­та: 3 конец ар­гу­мен­та .\"></p><p>&nbsp;</p><p><span style=\"letter-spacing: 2px;\">Ответ:</span> б) <img src=\"https://ege.sdamgia.ru/formula/svg/1c/1ce0e94c62ae8da25cc9609d0706cbcd.svg\" class=\"tex\" style=\"vertical-align:-1.8pt\" alt=\"125 ко­рень из: на­ча­ло ар­гу­мен­та: 3 конец ар­гу­мен­та .\"></p><p>&nbsp;</p><p><b>При­ве­дем дру­гое ре­ше­ние пунк­та б).</b></p><p class=\"left_margin\">б)  Най­дем угол <i>KBO</i> по тео­ре­ме си­ну­сов:</p><p class=\"left_margin\"></p><center><p><img src=\"https://ege.sdamgia.ru/formula/svg/fc/fcba6440cc06f36c0c99af34b2006827.svg\" class=\"tex\" style=\"vertical-align:-8.4pt\" alt=\" дробь: чис­ли­тель: KO, зна­ме­на­тель: синус \\angle KBO конец дроби = дробь: чис­ли­тель: KB, зна­ме­на­тель: синус \\angle KOB конец дроби , \"></p><p class=\"left_margin\"></p></center><p> от­ку­да</p><p></p><div class=\"flex-math\"><p><img src=\"https://ege.sdamgia.ru/formula/svg/e6/e60107698dd60dc35fb5a0cbc719d809.svg\" class=\"tex\" style=\"vertical-align:-11.0pt\" alt=\" синус \\angle KBO= дробь: чис­ли­тель: a умно­жить на дробь: чис­ли­тель: ко­рень из 3 , зна­ме­на­тель: 2 конец дроби , зна­ме­на­тель: ко­рень из: на­ча­ло ар­гу­мен­та: 7 конец ар­гу­мен­та a конец дроби = дробь: чис­ли­тель: ко­рень из: на­ча­ло ар­гу­мен­та: 3 конец ар­гу­мен­та , зна­ме­на­тель: 2 ко­рень из: на­ча­ло ар­гу­мен­та: 7 конец ар­гу­мен­та конец дроби , \"></p><p><img src=\"https://ege.sdamgia.ru/formula/svg/18/182ce7b67af6746baac4234dfedd3a64.svg\" class=\"tex\" style=\"vertical-align:-11.0pt\" alt=\" ко­си­нус \\angle KBO= ко­рень из: на­ча­ло ар­гу­мен­та: 1 минус дробь: чис­ли­тель: 3, зна­ме­на­тель: 28 конец дроби конец ар­гу­мен­та = дробь: чис­ли­тель: 5, зна­ме­на­тель: 2 ко­рень из: на­ча­ло ар­гу­мен­та: 7 конец ар­гу­мен­та конец дроби , \"></p><p></p></div><p class=\"left_margin\"></p><center><p><img src=\"https://ege.sdamgia.ru/formula/svg/7d/7d7301cd3eca2788bc566bf46fc14138.svg\" class=\"tex\" style=\"vertical-align:-11.1pt\" alt=\" синус \\angle ABC= синус левая круг­лая скоб­ка 2 \\angle KBO пра­вая круг­лая скоб­ка =2 умно­жить на дробь: чис­ли­тель: ко­рень из: на­ча­ло ар­гу­мен­та: 3 конец ар­гу­мен­та , зна­ме­на­тель: 2 ко­рень из: на­ча­ло ар­гу­мен­та: 7 конец ар­гу­мен­та конец дроби умно­жить на дробь: чис­ли­тель: 5, зна­ме­на­тель: 2 ко­рень из: на­ча­ло ар­гу­мен­та: 7 конец ар­гу­мен­та конец дроби = дробь: чис­ли­тель: 5 ко­рень из: на­ча­ло ар­гу­мен­та: 3 конец ар­гу­мен­та , зна­ме­на­тель: 14 конец дроби . \"></p><p class=\"left_margin\"></p></center><p class=\"left_margin\">По усло­вию, <img src=\"https://ege.sdamgia.ru/formula/svg/9c/9cc075764ddfec1ca06a906874e584b1.svg\" class=\"tex\" style=\"vertical-align:-3.0pt\" alt=\"2a=14,\"> то есть <img src=\"https://ege.sdamgia.ru/formula/svg/29/29ca37ab667e7a0e3cd16f810151d2f0.svg\" class=\"tex\" style=\"vertical-align:-3.0pt\" alt=\"a=7,\"> сле­до­ва­тель­но,</p><p class=\"left_margin\"></p><center><p><img src=\"https://ege.sdamgia.ru/formula/svg/0a/0ac53f76cd6d743c6c798439c07eb50b.svg\" class=\"tex\" style=\"vertical-align:-8.5pt\" alt=\"AB=BC= дробь: чис­ли­тель: 10, зна­ме­на­тель: 7 конец дроби умно­жить на BK= дробь: чис­ли­тель: 10, зна­ме­на­тель: 7 конец дроби умно­жить на ко­рень из: на­ча­ло ар­гу­мен­та: 7 конец ар­гу­мен­та умно­жить на a=10 ко­рень из: на­ча­ло ар­гу­мен­та: 7 конец ар­гу­мен­та . \"></p><p class=\"left_margin\"></p></center> <p> Таким об­ра­зом, для пло­ща­ди тре­уголь­ни­ка <i>ABC</i> по­лу­ча­ем:</p><p class=\"left_margin\"></p><center><p><img src=\"https://ege.sdamgia.ru/formula/svg/b6/b6c830553550d2282af51153f5d3d2fc.svg\" class=\"tex\" style=\"vertical-align:-8.5pt\" alt=\"S_ABC= дробь: чис­ли­тель: 1, зна­ме­на­тель: 2 конец дроби умно­жить на AB умно­жить на BC умно­жить на синус \\angle ABC= дробь: чис­ли­тель: 1, зна­ме­на­тель: 2 конец дроби умно­жить на левая круг­лая скоб­ка 10 ко­рень из: на­ча­ло ар­гу­мен­та: 7 конец ар­гу­мен­та пра­вая круг­лая скоб­ка в квад­ра­те умно­жить на дробь: чис­ли­тель: 5 ко­рень из: на­ча­ло ар­гу­мен­та: 3 конец ар­гу­мен­та , зна­ме­на­тель: 14 конец дроби =125 ко­рень из: на­ча­ло ар­гу­мен­та: 3 конец ар­гу­мен­та . \"></p><p class=\"left_margin\"></p></center></div>",
        "image_urls": [
            "https://ege.sdamgia.ru/formula/svg/82/82599c9ce7c8aaeb8c361115ac0d2e1c.svg",
            "https://ege.sdamgia.ru/formula/svg/01/016ee859898fbfadfcfa03c24c707b5c.svg",
            "https://ege.sdamgia.ru/formula/svg/b7/b7688a22d54289127dc0990399a44519.svg",
            "https://ege.sdamgia.ru/formula/svg/a9/a9f59424958c8e58c58f380183b9c146.svg",
            "https://ege.sdamgia.ru/formula/svg/7c/7c748520612a91bfa1654858ac1118db.svg",
            "https://ege.sdamgia.ru/formula/svg/d5/d56b3413906a8c3fa810824c4dbea440.svg",
            "https://ege.sdamgia.ru/formula/svg/00/00e2ded39dee0cc0e11530e52b4e0238.svg",
            "https://ege.sdamgia.ru/formula/svg/d3/d32ec015b25704931f92a7f6bfdba47f.svg",
            "https://ege.sdamgia.ru/formula/svg/38/38825d61375d616a0e03b71adccb168d.svg",
            "https://ege.sdamgia.ru/formula/svg/9d/9d11fd72ae2223cc26817350fead3fbd.svg",
            "https://ege.sdamgia.ru/formula/svg/77/771aa016c43310507dc24608c4c6603c.svg",
            "https://ege.sdamgia.ru/formula/svg/92/92ce8e54ac2659987f4e26b2b3961828.svg",
            "https://ege.sdamgia.ru/formula/svg/ad/ad2b6cb9c6b5cf44eae1eece4c2cbf3c.svg",
            "https://ege.sdamgia.ru/formula/svg/a5/a5e8990c2110c5522f5522962c43c4d3.svg",
            "https://ege.sdamgia.ru/formula/svg/82/82df82f1a10ad6348df51238d80cb2c0.svg",
            "https://ege.sdamgia.ru/formula/svg/9c/9cc075764ddfec1ca06a906874e584b1.svg",
            "https://ege.sdamgia.ru/formula/svg/29/29ca37ab667e7a0e3cd16f810151d2f0.svg",
            "https://ege.sdamgia.ru/formula/svg/dd/dd9d97b79412ac9490679a349cc3314a.svg",
            "https://ege.sdamgia.ru/formula/svg/1c/1ce0e94c62ae8da25cc9609d0706cbcd.svg",
            "https://ege.sdamgia.ru/formula/svg/fc/fcba6440cc06f36c0c99af34b2006827.svg",
            "https://ege.sdamgia.ru/formula/svg/e6/e60107698dd60dc35fb5a0cbc719d809.svg",
            "https://ege.sdamgia.ru/formula/svg/18/182ce7b67af6746baac4234dfedd3a64.svg",
            "https://ege.sdamgia.ru/formula/svg/7d/7d7301cd3eca2788bc566bf46fc14138.svg",
            "https://ege.sdamgia.ru/formula/svg/9c/9cc075764ddfec1ca06a906874e584b1.svg",
            "https://ege.sdamgia.ru/formula/svg/29/29ca37ab667e7a0e3cd16f810151d2f0.svg",
            "https://ege.sdamgia.ru/formula/svg/0a/0ac53f76cd6d743c6c798439c07eb50b.svg",
            "https://ege.sdamgia.ru/formula/svg/b6/b6c830553550d2282af51153f5d3d2fc.svg",
            "/get_file?id=116970"
        ]
    },
    "answer": "б)",
    "topic_id": 17,
    "analog_ids": []
}