{
    "gia_type": "ege",
    "subject": "math",
    "id": 635156,
    "condition": {
        "text": "В прямоугольный треугольник ABC вписан квадрат KCMN так, что вершины K и M расположены на катетах AC и BC соответственно, a на гипотенузе AB  — вершина N. Вершины квадрата TPQR расположены на сторонах треугольника ABC, причём вершины P и Q находятся на катетах AC и BC соответственно, а вершины R и T  — на гипотенузе AB. а)  Докажите, что точка C и центры квадратов KCMN и TPQR лежат на одной прямой. 6)  Найдите длину стороны квадрата TPQR, если AC  =  5 и BC  =  12.",
        "html": "<div align=\"justify\" width=\"100%\" id=\"body516072\" class=\"pbody\"><p class=\"left_margin\">В пря­мо­уголь­ный тре­уголь­ник <i>ABC</i> впи­сан квад­рат <i>KCMN</i> так, что вер­ши­ны <i>K</i> и <i>M</i> рас­по­ло­же­ны на ка­те­тах <i>AC</i> и <i>BC</i> со­от­вет­ствен­но, a на ги­по­те­ну­зе <i>AB</i>  — вер­ши­на <i>N</i>. Вер­ши­ны квад­ра­та <i>TPQR</i> рас­по­ло­же­ны на сто­ро­нах тре­уголь­ни­ка <i>ABC</i>, причём вер­ши­ны <i>P</i> и <i>Q</i> на­хо­дят­ся на ка­те­тах <i>AC</i> и <i>BC</i> со­от­вет­ствен­но, а вер­ши­ны <i>R</i> и <i>T</i>  — на ги­по­те­ну­зе <i>AB</i>. </p><p class=\"left_margin\">а)  До­ка­жи­те, что точка <i>C</i> и цен­тры квад­ра­тов <i>KCMN</i> и <i>TPQR</i> лежат на одной пря­мой. </p><p class=\"left_margin\">6)  Най­ди­те длину сто­ро­ны квад­ра­та <i>TPQR</i>, если <i>AC</i>  =  5 и <i>BC</i>  =  12.</p></div>",
        "image_urls": []
    },
    "solution": {
        "text": "Решение. а)  Центр квадрата KCMN  — это середина отрезка CN. Докажем, что центр квадрата TPQR лежит на той же прямой CN. Пусть этот центр  — точка O. Заметим, что  и  тогда четырёхугольник POQC вписан в окружность. По тереме синусов  следовательно, точка O лежит на биссектрисе угла ACB, то есть на прямой CN.б)  Пусть  Треугольники APT, QBR и ABC подобны, значит, откуда  и  Найдем гипотенузу AB:  Тогда для длины сторона квадрата можно составить уравнение:Ответ: б)  Приведем замечание Ирины Шраго.Равенство углов PCO и OCQ в пункте а) можно доказать без использования теоремы синусов. Эти углы являются вписанными, опираются на равные хорды и оба являются острыми, следовательно, они равны.",
        "html": "<div align=\"justify\" width=\"100%\" id=\"sol635156\" class=\"solution\" style=\"clear:both;\" class=\"pbody\"><p class=\"left_margin\"></p><b>Ре­ше­ние<!--rule_info-->. </b><p class=\"left_margin\"><img src=\"/get_file?id=119357\" style=\"float:right;margin:10px;max-width:100%\">а)  Центр квад­ра­та <i>KCMN</i>  — это се­ре­ди­на от­рез­ка <i>CN</i>. До­ка­жем, что центр квад­ра­та <i>TPQR</i> лежит на той же пря­мой <i>CN</i>. Пусть этот центр  — точка <i>O</i>. За­ме­тим, что <img src=\"https://ege.sdamgia.ru/formula/svg/8f/8fa582c19bc16b065fc1ff92c6f9a602.svg\" class=\"tex\" style=\"vertical-align:-3.0pt\" alt=\"PO=QO\"> и <img src=\"https://ege.sdamgia.ru/formula/svg/af/af6eb99eaaa6a737e8dc5dac1a31bea6.svg\" class=\"tex\" style=\"vertical-align:-3.0pt\" alt=\"\\angle POQ=90 гра­ду­сов ,\"> тогда четырёхуголь­ник <i>POQC</i> впи­сан в окруж­ность. По те­ре­ме си­ну­сов <img src=\"https://ege.sdamgia.ru/formula/svg/71/71f44663e632beeb038c7d72befdf9de.svg\" class=\"tex\" style=\"vertical-align:-3.0pt\" alt=\" синус \\angle PCO= синус \\angle OCQ,\"> сле­до­ва­тель­но, точка <i>O</i> лежит на бис­сек­три­се угла <i>ACB</i>, то есть на пря­мой <i>CN</i>.</p><p class=\"left_margin\">б)  Пусть <img src=\"https://ege.sdamgia.ru/formula/svg/6d/6d49c9e6f5f2fec80de5a1f39eafaa09.svg\" class=\"tex\" style=\"vertical-align:-1.8pt\" alt=\"PT=x.\"> Тре­уголь­ни­ки <i>APT</i>, <i>QBR</i> и <i>ABC</i> по­доб­ны, зна­чит,</p><p class=\"left_margin\"></p><center><p><img src=\"https://ege.sdamgia.ru/formula/svg/f9/f9265a09543cbc485837927e07f5ff62.svg\" class=\"tex\" style=\"vertical-align:-8.3pt\" alt=\" дробь: чис­ли­тель: AT, зна­ме­на­тель: PT конец дроби = дробь: чис­ли­тель: 5, зна­ме­на­тель: 12 конец дроби = дробь: чис­ли­тель: PQ, зна­ме­на­тель: RB конец дроби , \"></p><p class=\"left_margin\"></p></center><p><img src=\"/get_file?id=119358\" style=\"float:right;margin:10px;max-width:100%\"></p><p> от­ку­да <img src=\"https://ege.sdamgia.ru/formula/svg/68/684ab83421c697ab51da1e791556abc8.svg\" class=\"tex\" style=\"vertical-align:-8.3pt\" alt=\"AT= дробь: чис­ли­тель: 5, зна­ме­на­тель: 12 конец дроби x \"> и <img src=\"https://ege.sdamgia.ru/formula/svg/05/057a6aff4cc4364c158e1b30b87ef417.svg\" class=\"tex\" style=\"vertical-align:-8.5pt\" alt=\"RB= дробь: чис­ли­тель: 12, зна­ме­на­тель: 5 конец дроби x. \"> Най­дем ги­по­те­ну­зу <i>AB</i>: </p><p class=\"left_margin\"></p><center><p><img src=\"https://ege.sdamgia.ru/formula/svg/3f/3f3cf0f117f8c46b6501a5299aeff366.svg\" class=\"tex\" style=\"vertical-align:-2.5pt\" alt=\"AB= ко­рень из: на­ча­ло ар­гу­мен­та: 5 в квад­ра­те плюс 12 в квад­ра­те конец ар­гу­мен­та =13.\"></p><p class=\"left_margin\"></p></center><p> Тогда для длины сто­ро­на квад­ра­та можно со­ста­вить урав­не­ние:</p><p class=\"left_margin\"></p><center><p><img src=\"https://ege.sdamgia.ru/formula/svg/a3/a3191e8e655e29c293c3acb14495816b.svg\" class=\"tex\" style=\"vertical-align:-8.4pt\" alt=\"x плюс дробь: чис­ли­тель: 5, зна­ме­на­тель: 12 конец дроби x плюс дробь: чис­ли­тель: 12, зна­ме­на­тель: 5 конец дроби x=13 рав­но­силь­но дробь: чис­ли­тель: 60 плюс 25 плюс 144, зна­ме­на­тель: 60 конец дроби x=13 рав­но­силь­но x= дробь: чис­ли­тель: 780, зна­ме­на­тель: 229 конец дроби . \"></p><p class=\"left_margin\"></p></center><p><span style=\"letter-spacing: 2px;\">Ответ:</span> б) <img src=\"https://ege.sdamgia.ru/formula/svg/4a/4a05afdb89be08c930f3290716e3bdea.svg\" class=\"tex\" style=\"vertical-align:-8.5pt\" alt=\" дробь: чис­ли­тель: 780, зна­ме­на­тель: 229 конец дроби . \"></p><p>&nbsp;</p><p><b>При­ве­дем за­ме­ча­ние Ирины Шраго.</b></p><p class=\"left_margin\">Ра­вен­ство углов <i>PCO</i> и <i>OCQ</i> в пунк­те а) можно до­ка­зать без ис­поль­зо­ва­ния тео­ре­мы си­ну­сов. Эти углы яв­ля­ют­ся впи­сан­ны­ми, опи­ра­ют­ся на рав­ные хорды и оба яв­ля­ют­ся ост­ры­ми, сле­до­ва­тель­но, они равны.</p></div>",
        "image_urls": [
            "https://ege.sdamgia.ru/formula/svg/8f/8fa582c19bc16b065fc1ff92c6f9a602.svg",
            "https://ege.sdamgia.ru/formula/svg/af/af6eb99eaaa6a737e8dc5dac1a31bea6.svg",
            "https://ege.sdamgia.ru/formula/svg/71/71f44663e632beeb038c7d72befdf9de.svg",
            "https://ege.sdamgia.ru/formula/svg/6d/6d49c9e6f5f2fec80de5a1f39eafaa09.svg",
            "https://ege.sdamgia.ru/formula/svg/f9/f9265a09543cbc485837927e07f5ff62.svg",
            "https://ege.sdamgia.ru/formula/svg/68/684ab83421c697ab51da1e791556abc8.svg",
            "https://ege.sdamgia.ru/formula/svg/05/057a6aff4cc4364c158e1b30b87ef417.svg",
            "https://ege.sdamgia.ru/formula/svg/3f/3f3cf0f117f8c46b6501a5299aeff366.svg",
            "https://ege.sdamgia.ru/formula/svg/a3/a3191e8e655e29c293c3acb14495816b.svg",
            "https://ege.sdamgia.ru/formula/svg/4a/4a05afdb89be08c930f3290716e3bdea.svg",
            "/get_file?id=119357",
            "/get_file?id=119358"
        ]
    },
    "answer": "б)",
    "topic_id": 17,
    "analog_ids": []
}