{
    "gia_type": "ege",
    "subject": "math",
    "id": 660897,
    "condition": {
        "text": "Пятиугольник ABCDE вписан в окружность. Диагонали AD и BE пересекаются в точке M. Известно, что BCDM  — параллелограмм. а)  Докажите, что б)  Найдите длину стороны AB, если известно, что    и ",
        "html": "<div align=\"justify\" width=\"100%\" id=\"body293725\" class=\"pbody\"><p class=\"left_margin\">Пя­ти­уголь­ник <i>ABCDE</i> впи­сан в окруж­ность. Диа­го­на­ли <i>AD</i> и <i>BE</i> пе­ре­се­ка­ют­ся в точке <i>M</i>. Из­вест­но, что <i>BCDM</i>  — па­рал­ле­ло­грамм. </p><p class=\"left_margin\">а)  До­ка­жи­те, что <img src=\"https://ege.sdamgia.ru/formula/svg/68/6893e4c0e666d3fee16b9f2fd7d8a41b.svg\" class=\"tex\" style=\"vertical-align:-1.8pt\" alt=\" BC = DE. \"></p><p class=\"left_margin\">б)  Най­ди­те длину сто­ро­ны <i>AB</i>, если из­вест­но, что <img src=\"https://ege.sdamgia.ru/formula/svg/74/74d511cb1dd35e70169842ddeb54304e.svg\" class=\"tex\" style=\"vertical-align:-3.0pt\" alt=\"DE = 4,\"> <img src=\"https://ege.sdamgia.ru/formula/svg/7d/7d2a886573ec82c18f99caf8df082b6a.svg\" class=\"tex\" style=\"vertical-align:-3.0pt\" alt=\"AD = 7,\"> <img src=\"https://ege.sdamgia.ru/formula/svg/ff/ff5705b0854cb90b73ad7e8697a5b44b.svg\" class=\"tex\" style=\"vertical-align:-1.8pt\" alt=\"BE = 8\"> и <img src=\"https://ege.sdamgia.ru/formula/svg/74/744bb0200326152e81235942f000322b.svg\" class=\"tex\" style=\"vertical-align:-1.8pt\" alt=\"AB боль­ше BC.\"></p></div>",
        "image_urls": [
            "https://ege.sdamgia.ru/formula/svg/68/6893e4c0e666d3fee16b9f2fd7d8a41b.svg",
            "https://ege.sdamgia.ru/formula/svg/74/74d511cb1dd35e70169842ddeb54304e.svg",
            "https://ege.sdamgia.ru/formula/svg/7d/7d2a886573ec82c18f99caf8df082b6a.svg",
            "https://ege.sdamgia.ru/formula/svg/ff/ff5705b0854cb90b73ad7e8697a5b44b.svg",
            "https://ege.sdamgia.ru/formula/svg/74/744bb0200326152e81235942f000322b.svg"
        ]
    },
    "solution": {
        "text": "Решение. а)  Так как четырёхугольник BCDM   — параллелограмм, его стороны CD и BM параллельны. При этом сторона BC не параллельна отрезку DE, так как иначе DM и DE были бы параллельны, а они пересекаются. Значит, четырехугольник BCDE  — вписанная трапеция, а потому она равнобедренная. Следовательно, б)  Из пункта а) известно, что  Так как четырехугольник BCDM  — параллелограмм, то  Таким образом,  а потому треугольник DEM равнобедренный. Отсюда следует, что углы DEM и DME равны. Углы DME и BMA также равны как вертикальные. Углы DEM и BAM равны, так как опираются на одну дугу. Следовательно, треугольник BMA равнобедренный, а потому  Треугольники BMA и DEM подобны по двум равным углам, а, значит:откуда Если  то неравенство  не выполняется, поэтому  Ответ: б)  6.",
        "html": "<div align=\"justify\" width=\"100%\" id=\"sol660897\" class=\"solution\" style=\"clear:both;\" class=\"pbody\"><p class=\"left_margin\"></p><b>Ре­ше­ние<!--rule_info-->. </b><p class=\"left_margin\"><img src=\"/get_file?id=181270\" style=\"float:right;margin:10px;max-width:100%\">а)  Так как четырёхуголь­ник <i>BCDM</i>   — па­рал­ле­ло­грамм, его сто­ро­ны <i>CD</i> и <i>BM</i> па­рал­лель­ны. При этом сто­ро­на <i>BC</i> не па­рал­лель­на от­рез­ку <i>DE</i>, так как иначе <i>DM</i> и <i>DE</i> были бы па­рал­лель­ны, а они пе­ре­се­ка­ют­ся. Зна­чит, че­ты­рех­уголь­ник <i>BCDE</i>  — впи­сан­ная тра­пе­ция, а по­то­му она рав­но­бед­рен­ная. Сле­до­ва­тель­но, <img src=\"https://ege.sdamgia.ru/formula/svg/51/515b42902b2b3b91893105c47fc0c26f.svg\" class=\"tex\" style=\"vertical-align:-1.8pt\" alt=\"BC = DE.\"></p><p class=\"left_margin\">б)  Из пунк­та а) из­вест­но, что <img src=\"https://ege.sdamgia.ru/formula/svg/e5/e5d4154624dede6452ed14777a1404ea.svg\" class=\"tex\" style=\"vertical-align:-1.8pt\" alt=\"BC = DE = 4.\"> Так как че­ты­рех­уголь­ник <i>BCDM</i>  — па­рал­ле­ло­грамм, то <img src=\"https://ege.sdamgia.ru/formula/svg/7b/7bb1b1f40b7337165b7f68ccde81a269.svg\" class=\"tex\" style=\"vertical-align:-1.8pt\" alt=\"BC = DM.\"> Таким об­ра­зом, <img src=\"https://ege.sdamgia.ru/formula/svg/50/508e8de5cea5bbc88e298ad526c56695.svg\" class=\"tex\" style=\"vertical-align:-3.0pt\" alt=\"DE = DM = 4,\"> а по­то­му тре­уголь­ник <i>DEM</i> рав­но­бед­рен­ный. От­сю­да сле­ду­ет, что углы <i>DEM</i> и <i>DME</i> равны. Углы <i>DME</i> и <i>BMA</i> также равны как вер­ти­каль­ные. Углы <i>DEM</i> и <i>BAM</i> равны, так как опи­ра­ют­ся на одну дугу. Сле­до­ва­тель­но, тре­уголь­ник <i>BMA</i> рав­но­бед­рен­ный, а по­то­му <img src=\"https://ege.sdamgia.ru/formula/svg/01/01dfe4299fc74014ec9cb4e66104290a.svg\" class=\"tex\" style=\"vertical-align:-1.8pt\" alt=\"AB = BM.\"> Тре­уголь­ни­ки <i>BMA</i> и <i>DEM</i> по­доб­ны по двум рав­ным углам, а, зна­чит:</p><p class=\"left_margin\"></p><center><p><img src=\"https://ege.sdamgia.ru/formula/svg/77/77c53148a85bc315973bf95c411ae2a1.svg\" class=\"tex\" style=\"vertical-align:-9.2pt\" alt=\" дробь: чис­ли­тель: AB, зна­ме­на­тель: DM конец дроби = дробь: чис­ли­тель: AM, зна­ме­на­тель: ME конец дроби рав­но­силь­но дробь: чис­ли­тель: AB, зна­ме­на­тель: DM конец дроби = дробь: чис­ли­тель: AD минус DM, зна­ме­на­тель: BE минус AB конец дроби , \"></p><p class=\"left_margin\"></p></center><p>от­ку­да</p><p class=\"left_margin\"></p><center><p><img src=\"https://ege.sdamgia.ru/formula/svg/39/399a0a18224115e6e7db1aa1d0bc61ef.svg\" class=\"tex\" style=\"vertical-align:-14.4pt\" alt=\" дробь: чис­ли­тель: AB, зна­ме­на­тель: 4 конец дроби = дробь: чис­ли­тель: 3, зна­ме­на­тель: 8 минус AB конец дроби рав­но­силь­но AB в квад­ра­те минус 8AB плюс 12=0 рав­но­силь­но со­во­куп­ность вы­ра­же­ний AB = 2, AB = 6. конец со­во­куп­но­сти . \"></p><p class=\"left_margin\"></p></center><p> Если <img src=\"https://ege.sdamgia.ru/formula/svg/e1/e131054494f2bf7ec5b14a7cbaac8110.svg\" class=\"tex\" style=\"vertical-align:-1.8pt\" alt=\"AB = 2\"> то не­ра­вен­ство <img src=\"https://ege.sdamgia.ru/formula/svg/d9/d9aa772e88a8aa3c89f24e9a7bc3814c.svg\" class=\"tex\" style=\"vertical-align:-1.8pt\" alt=\"AB боль­ше BC\"> не вы­пол­ня­ет­ся, по­это­му <img src=\"https://ege.sdamgia.ru/formula/svg/0e/0eaf889edcf6b0ef9acaec705a58d52c.svg\" class=\"tex\" style=\"vertical-align:-1.8pt\" alt=\"AB = 6.\"></p><p>&nbsp;</p><p><span style=\"letter-spacing: 2px;\">Ответ:</span> б)  6.</p></div>",
        "image_urls": [
            "https://ege.sdamgia.ru/formula/svg/51/515b42902b2b3b91893105c47fc0c26f.svg",
            "https://ege.sdamgia.ru/formula/svg/e5/e5d4154624dede6452ed14777a1404ea.svg",
            "https://ege.sdamgia.ru/formula/svg/7b/7bb1b1f40b7337165b7f68ccde81a269.svg",
            "https://ege.sdamgia.ru/formula/svg/50/508e8de5cea5bbc88e298ad526c56695.svg",
            "https://ege.sdamgia.ru/formula/svg/01/01dfe4299fc74014ec9cb4e66104290a.svg",
            "https://ege.sdamgia.ru/formula/svg/77/77c53148a85bc315973bf95c411ae2a1.svg",
            "https://ege.sdamgia.ru/formula/svg/39/399a0a18224115e6e7db1aa1d0bc61ef.svg",
            "https://ege.sdamgia.ru/formula/svg/e1/e131054494f2bf7ec5b14a7cbaac8110.svg",
            "https://ege.sdamgia.ru/formula/svg/d9/d9aa772e88a8aa3c89f24e9a7bc3814c.svg",
            "https://ege.sdamgia.ru/formula/svg/0e/0eaf889edcf6b0ef9acaec705a58d52c.svg",
            "/get_file?id=181270"
        ]
    },
    "answer": "б)  6.",
    "topic_id": 17,
    "analog_ids": []
}