{
    "gia_type": "ege",
    "subject": "math",
    "id": 668209,
    "condition": {
        "text": "Точка O  — центр правильного шестиугольника ABCDEF. Через точку B и середину отрезка OD проведена прямая, пересекающая сторону ED в точке T. а)  Докажите, что прямая BT делит площадь шестиугольника в отношении 5 : 13.б)  Найдите расстояние между точками касания окружностей, вписанных в треугольники BET и BCT с прямой BT, если сторона шестиугольника ABCDEF равна ",
        "html": "<div align=\"justify\" width=\"100%\" id=\"body285901\" class=\"pbody\"><p class=\"left_margin\">Точка <i>O</i>  — центр пра­виль­но­го ше­сти­уголь­ни­ка <i>ABCDEF</i>. Через точку <i>B</i> и се­ре­ди­ну от­рез­ка <i>OD</i> про­ве­де­на пря­мая, пе­ре­се­ка­ю­щая сто­ро­ну <i>ED</i> в точке <i>T</i>. </p><p class=\"left_margin\">а)  До­ка­жи­те, что пря­мая <i>BT</i> делит пло­щадь ше­сти­уголь­ни­ка в от­но­ше­нии 5 : 13.</p><p class=\"left_margin\">б)  Най­ди­те рас­сто­я­ние между точ­ка­ми ка­са­ния окруж­но­стей, впи­сан­ных в тре­уголь­ни­ки <i>BET</i> и <i>BCT</i> с пря­мой <i>BT</i>, если сто­ро­на ше­сти­уголь­ни­ка <i>ABCDEF</i> равна <img src=\"https://ege.sdamgia.ru/formula/svg/51/510eb034eb3f29d93118c3c2476165a2.svg\" class=\"tex\" style=\"vertical-align:-1.8pt\" alt=\" ко­рень из: на­ча­ло ар­гу­мен­та: 13 конец ар­гу­мен­та минус 1.\"></p></div>",
        "image_urls": [
            "https://ege.sdamgia.ru/formula/svg/51/510eb034eb3f29d93118c3c2476165a2.svg"
        ]
    },
    "solution": {
        "text": "Решение. а)  Используем теорему Менелая для треугольника ODE. Тогдаоткуда  Площадь треугольника BOM равнаПусть M  — середина OD. Имеем: Тогда  Таким образом, прямая BT делит площадь шестиугольника ABCDEF в отношении 5 : 13.б)  Пусть вписанная в треугольник BTE окружность касается прямой BT в точке R, а вписанная в треугольник BCT окружность касается прямой BT в точке Q. Тогдаиоткуда Из пункта а)  BE  =  2BC. По теореме косинусов для треугольника CDT получим, чтоследовательно,  Тем самымОтвет: 2.",
        "html": "<div align=\"justify\" width=\"100%\" id=\"sol668209\" class=\"solution\" style=\"clear:both;\" class=\"pbody\"><p class=\"left_margin\"></p><b>Ре­ше­ние<!--rule_info-->. </b><p class=\"left_margin\"><img src=\"/get_file?id=188269\" style=\"float:right;margin:10px;max-width:100%\"></p><p class=\"left_margin\">а)  Ис­поль­зу­ем тео­ре­му Ме­не­лая для тре­уголь­ни­ка <i>ODE</i>. Тогда</p><p class=\"left_margin\"></p><center><p><img src=\"https://ege.sdamgia.ru/formula/svg/3c/3c871a19e6c0df8be072f3b9aafa2c93.svg\" class=\"tex\" style=\"vertical-align:-8.3pt\" alt=\" дробь: чис­ли­тель: ET, зна­ме­на­тель: TD конец дроби умно­жить на дробь: чис­ли­тель: 1, зна­ме­на­тель: 1 конец дроби умно­жить на дробь: чис­ли­тель: BO, зна­ме­на­тель: BE конец дроби = 1, \"></p><p class=\"left_margin\"></p></center><p>от­ку­да <img src=\"https://ege.sdamgia.ru/formula/svg/fd/fd4cf304d6f68081ca2b87902b8a20f5.svg\" class=\"tex\" style=\"vertical-align:-8.4pt\" alt=\" дробь: чис­ли­тель: ET, зна­ме­на­тель: TD конец дроби = дробь: чис­ли­тель: 2, зна­ме­на­тель: 1 конец дроби . \"> Пло­щадь тре­уголь­ни­ка <i>BOM</i> равна</p><p class=\"left_margin\"></p><center><p><img src=\"https://ege.sdamgia.ru/formula/svg/52/52f481d873029521f89403ce623ea35f.svg\" class=\"tex\" style=\"vertical-align:-8.4pt\" alt=\" дробь: чис­ли­тель: 1, зна­ме­на­тель: 2 конец дроби S_BOD = дробь: чис­ли­тель: 1, зна­ме­на­тель: 2 конец дроби S_ABO = дробь: чис­ли­тель: 1, зна­ме­на­тель: 12 конец дроби S_ABCDEF. \"></p><p class=\"left_margin\"></p></center><p class=\"left_margin\">Пусть <i>M</i>  — се­ре­ди­на <i>OD</i>. Имеем:</p><p class=\"left_margin\"></p><center><p><img src=\"https://ege.sdamgia.ru/formula/svg/c4/c49aa771d7b74fff221b4b7028e224bc.svg\" class=\"tex\" style=\"vertical-align:-10.0pt\" alt=\" дробь: чис­ли­тель: S_MDT, зна­ме­на­тель: S_ODE конец дроби = дробь: чис­ли­тель: MD умно­жить на DT, зна­ме­на­тель: OD умно­жить на DE конец дроби = дробь: чис­ли­тель: 1 умно­жить на 1, зна­ме­на­тель: 2 умно­жить на 3 конец дроби = дробь: чис­ли­тель: 1, зна­ме­на­тель: 6 конец дроби . \"></p><p class=\"left_margin\"></p></center><p> Тогда </p><p class=\"left_margin\"></p><center><p><span data-width=\"640\" data-formulahash=\"67bc3067fbdce1b4f9b441bac1c4fe58\" class=\"tex-span\" style=\"\"><img src=\"https://ege.sdamgia.ru/formula/svg/67/67bc3067fbdce1b4f9b441bac1c4fe58.svg\" class=\"tex\" style=\"vertical-align:-8.5pt\" alt=\"S_BCDT = S_BCDM плюс S_MDT = дробь: чис­ли­тель: 1, зна­ме­на­тель: 3 конец дроби S_ABCDEF минус дробь: чис­ли­тель: 1, зна­ме­на­тель: 12 конец дроби S_ABCDEF плюс дробь: чис­ли­тель: 1, зна­ме­на­тель: 6 конец дроби умно­жить на дробь: чис­ли­тель: 1, зна­ме­на­тель: 6 конец дроби S_ABCDEF = дробь: чис­ли­тель: 10, зна­ме­на­тель: 36 конец дроби S_ABCDEF = дробь: чис­ли­тель: 5, зна­ме­на­тель: 18 конец дроби S_ABCDEF. \"></span></p><p class=\"left_margin\"></p></center><p> Таким об­ра­зом, пря­мая <i>BT</i> делит пло­щадь ше­сти­уголь­ни­ка <i>ABCDEF</i> в от­но­ше­нии 5 : 13.</p><p class=\"left_margin\">б)  Пусть впи­сан­ная в тре­уголь­ник <i>BTE</i> окруж­ность ка­са­ет­ся пря­мой <i>BT</i> в точке <i>R</i>, а впи­сан­ная в тре­уголь­ник <i>BCT</i> окруж­ность ка­са­ет­ся пря­мой <i>BT</i> в точке <i>Q</i>. Тогда</p><p></p><div class=\"flex-math\"><p><img src=\"https://ege.sdamgia.ru/formula/svg/73/73258185aaf38a58f784ec784873c425.svg\" class=\"tex\" style=\"vertical-align:-8.4pt\" alt=\"BR = дробь: чис­ли­тель: BT плюс TE плюс BE, зна­ме­на­тель: 2 конец дроби минус TE \"></p><p>и</p><p><img src=\"https://ege.sdamgia.ru/formula/svg/fa/fa86158ab86c9e9a01834e6edbac3577.svg\" class=\"tex\" style=\"vertical-align:-8.3pt\" alt=\"BQ = дробь: чис­ли­тель: BC плюс CT плюс BT, зна­ме­на­тель: 2 конец дроби минус CT, \"></p><p></p></div><p>от­ку­да</p><p class=\"left_margin\"></p><center><p><img src=\"https://ege.sdamgia.ru/formula/svg/12/12e1e18766bc7facb202531e930d84f5.svg\" class=\"tex\" style=\"vertical-align:-11.2pt\" alt=\"|RQ| = |BR минус BQ| = \\left| дробь: чис­ли­тель: BE плюс CT минус TE минус BC, зна­ме­на­тель: 2 конец дроби |. \"></p><p class=\"left_margin\"></p></center><p> Из пунк­та а) <img src=\"https://ege.sdamgia.ru/formula/svg/37/37547341cdb46b61ebacc7cbcb42f8f6.svg\" class=\"tex\" style=\"vertical-align:-8.5pt\" alt=\"TE = дробь: чис­ли­тель: 2, зна­ме­на­тель: 3 конец дроби DE = дробь: чис­ли­тель: 2, зна­ме­на­тель: 3 конец дроби BC,\"> <i>BE</i>  =  2<i>BC</i>. По тео­ре­ме ко­си­ну­сов для тре­уголь­ни­ка <i>CDT</i> по­лу­чим, что</p><p class=\"left_margin\"></p><center><p><span data-width=\"640\" data-formulahash=\"9f434c75a2719b83714ec8eb0a21eae4\" class=\"tex-span\" style=\"\"><img src=\"https://ege.sdamgia.ru/formula/svg/1b/1b16025c223ce2f210e75256bbaa0d2b.svg\" class=\"tex\" style=\"vertical-align:-11.1pt\" alt=\"CT в квад­ра­те = CD в квад­ра­те плюс DT в квад­ра­те минус 2 умно­жить на CD умно­жить на TD умно­жить на левая круг­лая скоб­ка минус дробь: чис­ли­тель: 1, зна­ме­на­тель: 2 конец дроби пра­вая круг­лая скоб­ка =\"><br><img src=\"https://ege.sdamgia.ru/formula/svg/43/4383eaa531d76e77d5a01631afd7d1b9.svg\" class=\"tex\" style=\"vertical-align:-11.1pt\" alt=\"= CD в квад­ра­те плюс левая круг­лая скоб­ка дробь: чис­ли­тель: 1, зна­ме­на­тель: 3 конец дроби CD пра­вая круг­лая скоб­ка в квад­ра­те минус 2 умно­жить на CD умно­жить на дробь: чис­ли­тель: 1, зна­ме­на­тель: 3 конец дроби CD умно­жить на левая круг­лая скоб­ка минус дробь: чис­ли­тель: 1, зна­ме­на­тель: 2 конец дроби пра­вая круг­лая скоб­ка = CD в квад­ра­те умно­жить на левая круг­лая скоб­ка 1 плюс дробь: чис­ли­тель: 1, зна­ме­на­тель: 9 конец дроби плюс дробь: чис­ли­тель: 1, зна­ме­на­тель: 3 конец дроби пра­вая круг­лая скоб­ка = дробь: чис­ли­тель: 13, зна­ме­на­тель: 9 конец дроби CD в квад­ра­те , \"></span></p><p class=\"left_margin\"></p></center><p>сле­до­ва­тель­но, <img src=\"https://ege.sdamgia.ru/formula/svg/69/69d0f744436c364ba2a36b60c90f08d7.svg\" class=\"tex\" style=\"vertical-align:-8.6pt\" alt=\"CT = дробь: чис­ли­тель: ко­рень из: на­ча­ло ар­гу­мен­та: 13 конец ар­гу­мен­та , зна­ме­на­тель: 3 конец дроби CD = дробь: чис­ли­тель: ко­рень из: на­ча­ло ар­гу­мен­та: 13 конец ар­гу­мен­та , зна­ме­на­тель: 3 конец дроби BC. \"> Тем самым</p><p class=\"left_margin\"></p><center><p><span data-width=\"640\" data-formulahash=\"64f1e922d450ce44f461b8821d4f563b\" class=\"tex-span\" style=\"\"><img src=\"https://ege.sdamgia.ru/formula/svg/64/64f1e922d450ce44f461b8821d4f563b.svg\" class=\"tex\" style=\"vertical-align:-14.5pt\" alt=\"RQ = \\left| дробь: чис­ли­тель: 2BC плюс дробь: чис­ли­тель: ко­рень из: на­ча­ло ар­гу­мен­та: 13 конец ар­гу­мен­та , зна­ме­на­тель: 3 конец дроби BC минус дробь: чис­ли­тель: 2, зна­ме­на­тель: 3 конец дроби BC минус BC, зна­ме­на­тель: 2 конец дроби | = BC умно­жить на \\left| дробь: чис­ли­тель: ко­рень из: на­ча­ло ар­гу­мен­та: 13 конец ар­гу­мен­та плюс 1, зна­ме­на­тель: 6 конец дроби | = дробь: чис­ли­тель: левая круг­лая скоб­ка ко­рень из: на­ча­ло ар­гу­мен­та: 13 конец ар­гу­мен­та минус 1 пра­вая круг­лая скоб­ка левая круг­лая скоб­ка ко­рень из: на­ча­ло ар­гу­мен­та: 13 конец ар­гу­мен­та плюс 1 пра­вая круг­лая скоб­ка , зна­ме­на­тель: 6 конец дроби = 2. \"></span></p><p class=\"left_margin\"></p></center><p><span style=\"letter-spacing: 2px;\">Ответ:</span> 2.</p></div>",
        "image_urls": [
            "https://ege.sdamgia.ru/formula/svg/3c/3c871a19e6c0df8be072f3b9aafa2c93.svg",
            "https://ege.sdamgia.ru/formula/svg/fd/fd4cf304d6f68081ca2b87902b8a20f5.svg",
            "https://ege.sdamgia.ru/formula/svg/52/52f481d873029521f89403ce623ea35f.svg",
            "https://ege.sdamgia.ru/formula/svg/c4/c49aa771d7b74fff221b4b7028e224bc.svg",
            "https://ege.sdamgia.ru/formula/svg/67/67bc3067fbdce1b4f9b441bac1c4fe58.svg",
            "https://ege.sdamgia.ru/formula/svg/73/73258185aaf38a58f784ec784873c425.svg",
            "https://ege.sdamgia.ru/formula/svg/fa/fa86158ab86c9e9a01834e6edbac3577.svg",
            "https://ege.sdamgia.ru/formula/svg/12/12e1e18766bc7facb202531e930d84f5.svg",
            "https://ege.sdamgia.ru/formula/svg/37/37547341cdb46b61ebacc7cbcb42f8f6.svg",
            "https://ege.sdamgia.ru/formula/svg/1b/1b16025c223ce2f210e75256bbaa0d2b.svg",
            "https://ege.sdamgia.ru/formula/svg/43/4383eaa531d76e77d5a01631afd7d1b9.svg",
            "https://ege.sdamgia.ru/formula/svg/69/69d0f744436c364ba2a36b60c90f08d7.svg",
            "https://ege.sdamgia.ru/formula/svg/64/64f1e922d450ce44f461b8821d4f563b.svg",
            "/get_file?id=188269"
        ]
    },
    "answer": "2.",
    "topic_id": 17,
    "analog_ids": []
}