{
    "gia_type": "ege",
    "subject": "math",
    "id": 509095,
    "condition": {
        "text": "На рисунке изображён график функции  Найдите значение x, при котором ",
        "html": "<div align=\"justify\" width=\"100%\" id=\"body633435\" class=\"pbody\"><p class=\"left_margin\"><img src=\"/get_file?id=91924\" style=\"float:right;margin:10px;max-width:100%\">На ри­сун­ке изоб­ражён гра­фик функ­ции <img src=\"https://ege.sdamgia.ru/formula/svg/7c/7c6d98c3b43726233ec0d31b549a3832.svg\" class=\"tex\" style=\"vertical-align:-3.6pt\" alt=\"f левая круг­лая скоб­ка x пра­вая круг­лая скоб­ка =a в сте­пе­ни левая круг­лая скоб­ка x пра­вая круг­лая скоб­ка плюс b.\"> Най­ди­те зна­че­ние <i>x</i>, при ко­то­ром <img src=\"https://ege.sdamgia.ru/formula/svg/bf/bf4008a4589726a83ff17dbd31e1bc9e.svg\" class=\"tex\" style=\"vertical-align:-3.6pt\" alt=\"f левая круг­лая скоб­ка x пра­вая круг­лая скоб­ка =29.\"></p></div>",
        "image_urls": [
            "https://ege.sdamgia.ru/formula/svg/7c/7c6d98c3b43726233ec0d31b549a3832.svg",
            "https://ege.sdamgia.ru/formula/svg/bf/bf4008a4589726a83ff17dbd31e1bc9e.svg",
            "/get_file?id=91924"
        ]
    },
    "solution": {
        "text": "Решение. По рисунку   ТогдаЗначит,  Решим уравнение  Ответ: 5. Приведём другое решение: Множество значений  функции   — интервал  По рисунку можно предположить, что множество значений данной функции:  тогда,  Учитывая, что  и  найдём a.Получаем, что  Проверим полученную формулу, подставив координаты точки    — верно, значит, Решим уравнение  ",
        "html": "<div align=\"justify\" width=\"100%\" id=\"sol509095\" class=\"solution\" style=\"clear:both;\" class=\"pbody\"><p class=\"left_margin\"></p><b>Ре­ше­ние<!--rule_info-->. </b><p class=\"left_margin\">По ри­сун­ку <img src=\"https://ege.sdamgia.ru/formula/svg/71/7166f33afd724e96bbe2b27b22a20327.svg\" class=\"tex\" style=\"vertical-align:-3.6pt\" alt=\"f левая круг­лая скоб­ка 2 пра­вая круг­лая скоб­ка =1,\"> <img src=\"https://ege.sdamgia.ru/formula/svg/98/98ef8c4fce2fbb5bc22513a701dd7f76.svg\" class=\"tex\" style=\"vertical-align:-3.6pt\" alt=\"f левая круг­лая скоб­ка 3 пра­вая круг­лая скоб­ка =5.\"> Тогда</p><p class=\"left_margin\"></p><center><p><span data-width=\"640\" data-formulahash=\"adc75beb48804eecc3f127e664156e5f\" class=\"tex-span\" style=\"\"><img src=\"https://ege.sdamgia.ru/formula/svg/ad/adc75beb48804eecc3f127e664156e5f.svg\" class=\"tex\" style=\"vertical-align:-14.4pt\" alt=\" си­сте­ма вы­ра­же­ний a в квад­ра­те плюс b=1, a в кубе плюс b=5 конец си­сте­мы . рав­но­силь­но си­сте­ма вы­ра­же­ний a в кубе минус a в квад­ра­те =4, a в квад­ра­те плюс b=1 конец си­сте­мы . рав­но­силь­но си­сте­ма вы­ра­же­ний левая круг­лая скоб­ка a минус 2 пра­вая круг­лая скоб­ка левая круг­лая скоб­ка a в квад­ра­те плюс a плюс 2 пра­вая круг­лая скоб­ка =0, a в квад­ра­те плюс b=1 конец си­сте­мы . рав­но­силь­но си­сте­ма вы­ра­же­ний a=2, b= минус 3. конец си­сте­мы . \"></span><span data-width=\"490\" data-formulahash=\"adc75beb48804eecc3f127e664156e5f\" class=\"tex-span\" style=\"display:none\"><img src=\"https://ege.sdamgia.ru/formula/svg/e9/e94f304d2c129d1487808f429bd5f1ac.svg\" class=\"tex\" style=\"vertical-align:-14.4pt\" alt=\" си­сте­ма вы­ра­же­ний a в квад­ра­те плюс b=1, a в кубе плюс b=5 конец си­сте­мы . рав­но­силь­но си­сте­ма вы­ра­же­ний a в кубе минус a в квад­ра­те =4, a в квад­ра­те плюс b=1 конец си­сте­мы . рав­но­силь­но \"><br><img src=\"https://ege.sdamgia.ru/formula/svg/00/0037f06fd56ef33eac1673728982f133.svg\" class=\"tex\" style=\"vertical-align:-14.4pt\" alt=\" рав­но­силь­но си­сте­ма вы­ра­же­ний левая круг­лая скоб­ка a минус 2 пра­вая круг­лая скоб­ка левая круг­лая скоб­ка a в квад­ра­те плюс a плюс 2 пра­вая круг­лая скоб­ка =0, a в квад­ра­те плюс b=1 конец си­сте­мы . рав­но­силь­но си­сте­ма вы­ра­же­ний a=2, b= минус 3. конец си­сте­мы . \"></span></p><p class=\"left_margin\"></p></center><p class=\"left_margin\">Зна­чит, <img src=\"https://ege.sdamgia.ru/formula/svg/73/732cd5b84e46232489c3dbbc4f2e4d1a.svg\" class=\"tex\" style=\"vertical-align:-3.6pt\" alt=\"f левая круг­лая скоб­ка x пра­вая круг­лая скоб­ка = 2 в сте­пе­ни x минус 3. \"> Решим урав­не­ние  <img src=\"https://ege.sdamgia.ru/formula/svg/03/0338daa90ecf8c0b8dc593d74291d68f.svg\" class=\"tex\" style=\"vertical-align:-3.6pt\" alt=\"f левая круг­лая скоб­ка x пра­вая круг­лая скоб­ка =29:\"></p><p class=\"left_margin\"></p><center><p><img src=\"https://ege.sdamgia.ru/formula/svg/53/530a6d38d6556201515575900fb258f4.svg\" class=\"tex\" style=\"vertical-align:-1.8pt\" alt=\"29=2 в сте­пе­ни x минус 3 рав­но­силь­но 2 в сте­пе­ни x =32 рав­но­силь­но x=5.\"></p><p class=\"left_margin\"></p></center><p><span style=\"letter-spacing: 2px;\">Ответ:</span> 5.</p><p>&nbsp;</p><p><b>При­ведём дру­гое ре­ше­ние:</b></p><p>&nbsp;</p><p class=\"left_margin\">Мно­же­ство зна­че­ний  функ­ции <img src=\"https://ege.sdamgia.ru/formula/svg/f1/f18084e89eba6a4b05e300ad956e136f.svg\" class=\"tex\" style=\"vertical-align:-3.6pt\" alt=\"f левая круг­лая скоб­ка x пра­вая круг­лая скоб­ка =a в сте­пе­ни левая круг­лая скоб­ка x пра­вая круг­лая скоб­ка плюс b\">  — ин­тер­вал <img src=\"https://ege.sdamgia.ru/formula/svg/6e/6ec471284dface00047eaee261d6ac4b.svg\" class=\"tex\" style=\"vertical-align:-3.6pt\" alt=\" левая круг­лая скоб­ка b; плюс бес­ко­неч­ность пра­вая круг­лая скоб­ка . \"> По ри­сун­ку можно пред­по­ло­жить, что мно­же­ство зна­че­ний дан­ной функ­ции: <img src=\"https://ege.sdamgia.ru/formula/svg/f9/f93fa9a2630a7e54d2591abdadc0c32d.svg\" class=\"tex\" style=\"vertical-align:-3.6pt\" alt=\" левая круг­лая скоб­ка минус 3; плюс бес­ко­неч­ность пра­вая круг­лая скоб­ка ,\"> тогда, <img src=\"https://ege.sdamgia.ru/formula/svg/03/03fb0c4361c2ca1581a776bdd192b911.svg\" class=\"tex\" style=\"vertical-align:-1.8pt\" alt=\"b= минус 3.\"> Учи­ты­вая, что <img src=\"https://ege.sdamgia.ru/formula/svg/64/649f71897d3913ed8fa97e1aee5fb44d.svg\" class=\"tex\" style=\"vertical-align:-3.6pt\" alt=\"f левая круг­лая скоб­ка 2 пра­вая круг­лая скоб­ка =1\"> и <img src=\"https://ege.sdamgia.ru/formula/svg/32/323c5f97105643bc61e288fe596194ca.svg\" class=\"tex\" style=\"vertical-align:-1.8pt\" alt=\"a боль­ше 0\"> найдём <i>a</i>.</p><p class=\"left_margin\"></p><center><p><img src=\"https://ege.sdamgia.ru/formula/svg/1e/1eaf6b9cb8e24cda6b11807a30f51c1a.svg\" class=\"tex\" style=\"vertical-align:-8.4pt\" alt=\"1=a в квад­ра­те минус 3 рав­но­силь­но a в квад­ра­те =4 \\underseta боль­ше 0\\mathop рав­но­силь­но a=2. \"></p><p class=\"left_margin\"></p></center><p class=\"left_margin\">По­лу­ча­ем, что <img src=\"https://ege.sdamgia.ru/formula/svg/73/732cd5b84e46232489c3dbbc4f2e4d1a.svg\" class=\"tex\" style=\"vertical-align:-3.6pt\" alt=\"f левая круг­лая скоб­ка x пра­вая круг­лая скоб­ка = 2 в сте­пе­ни x минус 3. \"> Про­ве­рим по­лу­чен­ную фор­му­лу, под­ста­вив ко­ор­ди­на­ты точки <img src=\"https://ege.sdamgia.ru/formula/svg/50/5099647d652bd1878744218a71a3aec4.svg\" class=\"tex\" style=\"vertical-align:-3.6pt\" alt=\" левая круг­лая скоб­ка 3; 5 пра­вая круг­лая скоб­ка :\"> </p><p class=\"left_margin\"></p><center><p><img src=\"https://ege.sdamgia.ru/formula/svg/22/220a28448a9d52e947a4e9dbda840eba.svg\" class=\"tex\" style=\"vertical-align:-1.8pt\" alt=\"5=2 в кубе минус 3\">  — верно,</p><p class=\"left_margin\"></p></center><p> зна­чит, <img src=\"https://ege.sdamgia.ru/formula/svg/73/732cd5b84e46232489c3dbbc4f2e4d1a.svg\" class=\"tex\" style=\"vertical-align:-3.6pt\" alt=\"f левая круг­лая скоб­ка x пра­вая круг­лая скоб­ка = 2 в сте­пе­ни x минус 3. \"></p><p class=\"left_margin\">Решим урав­не­ние  <img src=\"https://ege.sdamgia.ru/formula/svg/03/0338daa90ecf8c0b8dc593d74291d68f.svg\" class=\"tex\" style=\"vertical-align:-3.6pt\" alt=\"f левая круг­лая скоб­ка x пра­вая круг­лая скоб­ка =29:\"></p><p class=\"left_margin\"></p><center><p><img src=\"https://ege.sdamgia.ru/formula/svg/53/530a6d38d6556201515575900fb258f4.svg\" class=\"tex\" style=\"vertical-align:-1.8pt\" alt=\"29=2 в сте­пе­ни x минус 3 рав­но­силь­но 2 в сте­пе­ни x =32 рав­но­силь­но x=5.\"></p><p class=\"left_margin\"></p></center></div>",
        "image_urls": [
            "https://ege.sdamgia.ru/formula/svg/71/7166f33afd724e96bbe2b27b22a20327.svg",
            "https://ege.sdamgia.ru/formula/svg/98/98ef8c4fce2fbb5bc22513a701dd7f76.svg",
            "https://ege.sdamgia.ru/formula/svg/ad/adc75beb48804eecc3f127e664156e5f.svg",
            "https://ege.sdamgia.ru/formula/svg/e9/e94f304d2c129d1487808f429bd5f1ac.svg",
            "https://ege.sdamgia.ru/formula/svg/00/0037f06fd56ef33eac1673728982f133.svg",
            "https://ege.sdamgia.ru/formula/svg/73/732cd5b84e46232489c3dbbc4f2e4d1a.svg",
            "https://ege.sdamgia.ru/formula/svg/03/0338daa90ecf8c0b8dc593d74291d68f.svg",
            "https://ege.sdamgia.ru/formula/svg/53/530a6d38d6556201515575900fb258f4.svg",
            "https://ege.sdamgia.ru/formula/svg/f1/f18084e89eba6a4b05e300ad956e136f.svg",
            "https://ege.sdamgia.ru/formula/svg/6e/6ec471284dface00047eaee261d6ac4b.svg",
            "https://ege.sdamgia.ru/formula/svg/f9/f93fa9a2630a7e54d2591abdadc0c32d.svg",
            "https://ege.sdamgia.ru/formula/svg/03/03fb0c4361c2ca1581a776bdd192b911.svg",
            "https://ege.sdamgia.ru/formula/svg/64/649f71897d3913ed8fa97e1aee5fb44d.svg",
            "https://ege.sdamgia.ru/formula/svg/32/323c5f97105643bc61e288fe596194ca.svg",
            "https://ege.sdamgia.ru/formula/svg/1e/1eaf6b9cb8e24cda6b11807a30f51c1a.svg",
            "https://ege.sdamgia.ru/formula/svg/73/732cd5b84e46232489c3dbbc4f2e4d1a.svg",
            "https://ege.sdamgia.ru/formula/svg/50/5099647d652bd1878744218a71a3aec4.svg",
            "https://ege.sdamgia.ru/formula/svg/22/220a28448a9d52e947a4e9dbda840eba.svg",
            "https://ege.sdamgia.ru/formula/svg/73/732cd5b84e46232489c3dbbc4f2e4d1a.svg",
            "https://ege.sdamgia.ru/formula/svg/03/0338daa90ecf8c0b8dc593d74291d68f.svg",
            "https://ege.sdamgia.ru/formula/svg/53/530a6d38d6556201515575900fb258f4.svg"
        ]
    },
    "answer": "5",
    "topic_id": 11,
    "analog_ids": [
        509095,
        509096,
        509097,
        509098,
        509096,
        509097,
        509098,
        509099,
        509100
    ]
}