{
    "gia_type": "ege",
    "subject": "math",
    "id": 509009,
    "condition": {
        "text": "На рисунке изображён график функции  Найдите ",
        "html": "<div align=\"justify\" width=\"100%\" id=\"body633517\" class=\"pbody\"><p class=\"left_margin\"><img src=\"/get_file?id=91935\" style=\"float:right;margin:10px;max-width:100%\">На ри­сун­ке изоб­ражён гра­фик функ­ции <img src=\"https://ege.sdamgia.ru/formula/svg/66/66f67554abdacedbeaa20ba7983ec903.svg\" class=\"tex\" style=\"vertical-align:-3.7pt\" alt=\"f левая круг­лая скоб­ка x пра­вая круг­лая скоб­ка =b плюс ло­га­рифм по ос­но­ва­нию левая круг­лая скоб­ка a пра­вая круг­лая скоб­ка x.\"> Най­ди­те <img src=\"https://ege.sdamgia.ru/formula/svg/11/115ce23f61eb3cc96f979bee87c2aa8c.svg\" class=\"tex\" style=\"vertical-align:-3.6pt\" alt=\"f левая круг­лая скоб­ка 32 пра­вая круг­лая скоб­ка .\"></p></div>",
        "image_urls": [
            "https://ege.sdamgia.ru/formula/svg/66/66f67554abdacedbeaa20ba7983ec903.svg",
            "https://ege.sdamgia.ru/formula/svg/11/115ce23f61eb3cc96f979bee87c2aa8c.svg",
            "/get_file?id=91935"
        ]
    },
    "solution": {
        "text": "Решение. По рисунку определяем, что   ТогдаЗначит,  Найдём значение Ответ: 2. ",
        "html": "<div align=\"justify\" width=\"100%\" id=\"sol509009\" class=\"solution\" style=\"clear:both;\" class=\"pbody\"><p class=\"left_margin\"></p><b>Ре­ше­ние<!--rule_info-->. </b><p class=\"left_margin\">По ри­сун­ку опре­де­ля­ем, что <img src=\"https://ege.sdamgia.ru/formula/svg/6b/6ba20685303e6b4eb9802158457b5549.svg\" class=\"tex\" style=\"vertical-align:-3.6pt\" alt=\"f левая круг­лая скоб­ка 2 пра­вая круг­лая скоб­ка = минус 2,\"> <img src=\"https://ege.sdamgia.ru/formula/svg/0a/0a68919b212dbe5705ef96d52e67d55f.svg\" class=\"tex\" style=\"vertical-align:-3.6pt\" alt=\"f левая круг­лая скоб­ка 4 пра­вая круг­лая скоб­ка = минус 1.\"> Тогда</p><p class=\"left_margin\"></p><center><p><img src=\"https://ege.sdamgia.ru/formula/svg/38/38a775c41b1ec8ed5a005139721d115c.svg\" class=\"tex\" style=\"vertical-align:-14.4pt\" alt=\" си­сте­ма вы­ра­же­ний минус 2=b плюс ло­га­рифм по ос­но­ва­нию a 2, минус 1=b плюс ло­га­рифм по ос­но­ва­нию a 4 конец си­сте­мы . рав­но­силь­но си­сте­ма вы­ра­же­ний минус 4=2b плюс 2 ло­га­рифм по ос­но­ва­нию a 2, минус 1=b плюс 2 ло­га­рифм по ос­но­ва­нию a 2 конец си­сте­мы . рав­но­силь­но си­сте­ма вы­ра­же­ний b= минус 3,a=2. конец си­сте­мы . \"></p><p class=\"left_margin\"></p></center><p class=\"left_margin\">Зна­чит, <img src=\"https://ege.sdamgia.ru/formula/svg/49/49d8f33996b6f68dad2de2e95271f21d.svg\" class=\"tex\" style=\"vertical-align:-3.6pt\" alt=\"f левая круг­лая скоб­ка x пра­вая круг­лая скоб­ка = минус 3 плюс ло­га­рифм по ос­но­ва­нию 2 x. \"> Найдём зна­че­ние <img src=\"https://ege.sdamgia.ru/formula/svg/86/8683cbe73ba0837aebeee4d5858a8162.svg\" class=\"tex\" style=\"vertical-align:-3.6pt\" alt=\"f левая круг­лая скоб­ка 32 пра­вая круг­лая скоб­ка :\"></p><p class=\"left_margin\"></p><center><p><img src=\"https://ege.sdamgia.ru/formula/svg/71/71ea9213df77fb12dad86b5bd822c4ef.svg\" class=\"tex\" style=\"vertical-align:-3.6pt\" alt=\"f левая круг­лая скоб­ка 32 пра­вая круг­лая скоб­ка = минус 3 плюс ло­га­рифм по ос­но­ва­нию 2 32=2\"></p><p class=\"left_margin\"></p></center><p><span style=\"letter-spacing: 2px;\">Ответ:</span> 2.</p><p>&nbsp;</p><p><!--<b>При­ве­дем ре­ше­ние Ирины Шраго.</b><p class=\"left_margin\">По гра­фи­ку опре­де­лим зна­че­ние <i>b</i>: <img src=\"https://ege.sdamgia.ru/formula/svg/a3/a3664dbe7a3a085ec2a6b3aa3fc5e988.svg\" class=\"tex\" style=\"vertical-align:-3.7pt\" alt=\"f левая круг­лая скоб­ка 1 пра­вая круг­лая скоб­ка = минус 3 рав­но­силь­но b плюс ло­га­рифм по ос­но­ва­нию a 1= минус 3 рав­но­силь­но b= минус 3.\" /> <p class=\"left_margin\">За­ме­тим, что <img src=\"https://ege.sdamgia.ru/formula/svg/2f/2f35f481f93a09b6a98297c5fb71e1ca.svg\" class=\"tex\" style=\"vertical-align:-3.7pt\" alt=\"f левая круг­лая скоб­ка a пра­вая круг­лая скоб­ка = минус 3 плюс ло­га­рифм по ос­но­ва­нию a a= минус 3 плюс 1= минус 2\" /> и най­дем точку, в ко­то­рой зна­че­ние функ­ции равно −2. Это точка 2, сле­до­ва­тель­но, <i>a</i>&#8239;&#8239;=&#8239;&#8239;2. Зна­чит, <img src=\"https://ege.sdamgia.ru/formula/svg/49/49d8f33996b6f68dad2de2e95271f21d.svg\" class=\"tex\" style=\"vertical-align:-3.6pt\" alt=\"f левая круг­лая скоб­ка x пра­вая круг­лая скоб­ка = минус 3 плюс ло­га­рифм по ос­но­ва­нию 2 x. \" /> Найдём зна­че­ние <img src=\"https://ege.sdamgia.ru/formula/svg/86/8683cbe73ba0837aebeee4d5858a8162.svg\" class=\"tex\" style=\"vertical-align:-3.6pt\" alt=\"f левая круг­лая скоб­ка 32 пра­вая круг­лая скоб­ка :\" /><p class=\"left_margin\"><center><p><img src=\"https://ege.sdamgia.ru/formula/svg/db/db89f668646a32401230194da2b63aea.svg\" class=\"tex\" style=\"vertical-align:-3.6pt\" alt=\"f левая круг­лая скоб­ка 32 пра­вая круг­лая скоб­ка = минус 3 плюс ло­га­рифм по ос­но­ва­нию 2 32=2.\" /><p class=\"left_margin\"></center>--></p></div>",
        "image_urls": [
            "https://ege.sdamgia.ru/formula/svg/6b/6ba20685303e6b4eb9802158457b5549.svg",
            "https://ege.sdamgia.ru/formula/svg/0a/0a68919b212dbe5705ef96d52e67d55f.svg",
            "https://ege.sdamgia.ru/formula/svg/38/38a775c41b1ec8ed5a005139721d115c.svg",
            "https://ege.sdamgia.ru/formula/svg/49/49d8f33996b6f68dad2de2e95271f21d.svg",
            "https://ege.sdamgia.ru/formula/svg/86/8683cbe73ba0837aebeee4d5858a8162.svg",
            "https://ege.sdamgia.ru/formula/svg/71/71ea9213df77fb12dad86b5bd822c4ef.svg"
        ]
    },
    "answer": "2",
    "topic_id": 11,
    "analog_ids": [
        509009,
        509010,
        509011,
        509012,
        509010,
        509011,
        509012,
        509013,
        509014,
        509015,
        509016,
        509017,
        509018,
        509019,
        509020,
        509021,
        509022,
        509023,
        509024,
        509025
    ]
}