{
    "gia_type": "ege",
    "subject": "math",
    "id": 509107,
    "condition": {
        "text": "На рисунке изображён график функции  Найдите значение x, при котором ",
        "html": "<div align=\"justify\" width=\"100%\" id=\"body633423\" class=\"pbody\"><p class=\"left_margin\"><img src=\"/get_file?id=91920\" style=\"float:right;margin:10px;max-width:100%\">На ри­сун­ке изоб­ражён гра­фик функ­ции <img src=\"https://ege.sdamgia.ru/formula/svg/b3/b3524460c4239cef4668464f1cc49e10.svg\" class=\"tex\" style=\"vertical-align:-3.6pt\" alt=\"f левая круг­лая скоб­ка x пра­вая круг­лая скоб­ка =a в сте­пе­ни левая круг­лая скоб­ка x плюс b пра­вая круг­лая скоб­ка .\"> Най­ди­те зна­че­ние <i>x</i>, при ко­то­ром <img src=\"https://ege.sdamgia.ru/formula/svg/5f/5fb5813d960c47a68086838b7451ef93.svg\" class=\"tex\" style=\"vertical-align:-3.6pt\" alt=\"f левая круг­лая скоб­ка x пра­вая круг­лая скоб­ка =16.\"></p></div>",
        "image_urls": [
            "https://ege.sdamgia.ru/formula/svg/b3/b3524460c4239cef4668464f1cc49e10.svg",
            "https://ege.sdamgia.ru/formula/svg/5f/5fb5813d960c47a68086838b7451ef93.svg",
            "/get_file?id=91920"
        ]
    },
    "solution": {
        "text": "Решение. По рисунку определяем, что   ТогдаЗначит,  Решим уравнение Ответ: 5.",
        "html": "<div align=\"justify\" width=\"100%\" id=\"sol509107\" class=\"solution\" style=\"clear:both;\" class=\"pbody\"><p class=\"left_margin\"></p><b>Ре­ше­ние<!--rule_info-->. </b><p class=\"left_margin\">По ри­сун­ку опре­де­ля­ем, что <img src=\"https://ege.sdamgia.ru/formula/svg/e7/e736ab61bbaa154293d61ae1f054bf8d.svg\" class=\"tex\" style=\"vertical-align:-3.6pt\" alt=\"f левая круг­лая скоб­ка минус 3 пра­вая круг­лая скоб­ка =1,\"> <img src=\"https://ege.sdamgia.ru/formula/svg/0f/0f196f9f726bfd58b3e115aae873bcd7.svg\" class=\"tex\" style=\"vertical-align:-3.6pt\" alt=\"f левая круг­лая скоб­ка 1 пра­вая круг­лая скоб­ка =4.\"> Тогда</p><p class=\"left_margin\"></p><center><p><img src=\"https://ege.sdamgia.ru/formula/svg/1c/1c0ed2550c5eb774fc4c04285f221046.svg\" class=\"tex\" style=\"vertical-align:-14.4pt\" alt=\" си­сте­ма вы­ра­же­ний 1=a в сте­пе­ни левая круг­лая скоб­ка минус 3 плюс b пра­вая круг­лая скоб­ка ,4=a в сте­пе­ни левая круг­лая скоб­ка 1 плюс b пра­вая круг­лая скоб­ка конец си­сте­мы . \\underseta боль­ше 0, a не равно 1\\mathop рав­но­силь­но си­сте­ма вы­ра­же­ний b=3,a= ко­рень из 2 . конец си­сте­мы . \"></p><p class=\"left_margin\"></p></center><p class=\"left_margin\">Зна­чит, <img src=\"https://ege.sdamgia.ru/formula/svg/8c/8ceefdf4d2c9ed471c20f7abba44e070.svg\" class=\"tex\" style=\"vertical-align:-3.6pt\" alt=\"f левая круг­лая скоб­ка x пра­вая круг­лая скоб­ка = левая круг­лая скоб­ка ко­рень из 2 пра­вая круг­лая скоб­ка в сте­пе­ни левая круг­лая скоб­ка x плюс 3 пра­вая круг­лая скоб­ка . \"> Решим урав­не­ние <img src=\"https://ege.sdamgia.ru/formula/svg/44/44f5356df5a92c8cef6c8e29150f75d7.svg\" class=\"tex\" style=\"vertical-align:-3.6pt\" alt=\"f левая круг­лая скоб­ка x пра­вая круг­лая скоб­ка =16:\"></p><p class=\"left_margin\"></p><center><p><img src=\"https://ege.sdamgia.ru/formula/svg/b1/b17eec33e06ff6bf57931ba4a6897956.svg\" class=\"tex\" style=\"vertical-align:-3.6pt\" alt=\" левая круг­лая скоб­ка ко­рень из 2 пра­вая круг­лая скоб­ка в сте­пе­ни левая круг­лая скоб­ка x плюс 3 пра­вая круг­лая скоб­ка =16 рав­но­силь­но левая круг­лая скоб­ка ко­рень из 2 пра­вая круг­лая скоб­ка в сте­пе­ни левая круг­лая скоб­ка x плюс 3 пра­вая круг­лая скоб­ка = левая круг­лая скоб­ка ко­рень из 2 пра­вая круг­лая скоб­ка в сте­пе­ни 8 рав­но­силь­но x плюс 3=8 рав­но­силь­но x=5.\"></p><p class=\"left_margin\"></p></center><p><span style=\"letter-spacing: 2px;\">Ответ:</span> 5.</p></div>",
        "image_urls": [
            "https://ege.sdamgia.ru/formula/svg/e7/e736ab61bbaa154293d61ae1f054bf8d.svg",
            "https://ege.sdamgia.ru/formula/svg/0f/0f196f9f726bfd58b3e115aae873bcd7.svg",
            "https://ege.sdamgia.ru/formula/svg/1c/1c0ed2550c5eb774fc4c04285f221046.svg",
            "https://ege.sdamgia.ru/formula/svg/8c/8ceefdf4d2c9ed471c20f7abba44e070.svg",
            "https://ege.sdamgia.ru/formula/svg/44/44f5356df5a92c8cef6c8e29150f75d7.svg",
            "https://ege.sdamgia.ru/formula/svg/b1/b17eec33e06ff6bf57931ba4a6897956.svg"
        ]
    },
    "answer": "5",
    "topic_id": 11,
    "analog_ids": [
        509107,
        509108,
        509109,
        509110,
        509108,
        509109,
        509110,
        509111,
        509112
    ]
}