{
    "gia_type": "ege",
    "subject": "math",
    "id": 509101,
    "condition": {
        "text": "На рисунке изображён график функции  Найдите ",
        "html": "<div align=\"justify\" width=\"100%\" id=\"body633425\" class=\"pbody\"><p class=\"left_margin\"><img src=\"/get_file?id=91920\" style=\"float:right;margin:10px;max-width:100%\">На ри­сун­ке изоб­ражён гра­фик функ­ции <img src=\"https://ege.sdamgia.ru/formula/svg/b3/b3524460c4239cef4668464f1cc49e10.svg\" class=\"tex\" style=\"vertical-align:-3.6pt\" alt=\"f левая круг­лая скоб­ка x пра­вая круг­лая скоб­ка =a в сте­пе­ни левая круг­лая скоб­ка x плюс b пра­вая круг­лая скоб­ка .\"> Най­ди­те <img src=\"https://ege.sdamgia.ru/formula/svg/74/746ec25ce9a74f6d78ed13da2cbe08fc.svg\" class=\"tex\" style=\"vertical-align:-3.6pt\" alt=\"f левая круг­лая скоб­ка минус 7 пра­вая круг­лая скоб­ка .\"></p></div>",
        "image_urls": [
            "https://ege.sdamgia.ru/formula/svg/b3/b3524460c4239cef4668464f1cc49e10.svg",
            "https://ege.sdamgia.ru/formula/svg/74/746ec25ce9a74f6d78ed13da2cbe08fc.svg",
            "/get_file?id=91920"
        ]
    },
    "solution": {
        "text": "Решение. По рисунку определяем, что   ТогдаЗначит,  Найдём  Ответ: 0,25.",
        "html": "<div align=\"justify\" width=\"100%\" id=\"sol509101\" class=\"solution\" style=\"clear:both;\" class=\"pbody\"><p class=\"left_margin\"></p><b>Ре­ше­ние<!--rule_info-->. </b><p class=\"left_margin\">По ри­сун­ку опре­де­ля­ем, что <img src=\"https://ege.sdamgia.ru/formula/svg/e7/e736ab61bbaa154293d61ae1f054bf8d.svg\" class=\"tex\" style=\"vertical-align:-3.6pt\" alt=\"f левая круг­лая скоб­ка минус 3 пра­вая круг­лая скоб­ка =1,\"> <img src=\"https://ege.sdamgia.ru/formula/svg/0f/0f196f9f726bfd58b3e115aae873bcd7.svg\" class=\"tex\" style=\"vertical-align:-3.6pt\" alt=\"f левая круг­лая скоб­ка 1 пра­вая круг­лая скоб­ка =4.\"> Тогда</p><p class=\"left_margin\"></p><center><p><img src=\"https://ege.sdamgia.ru/formula/svg/1d/1dccb74ed948c17b75528a14ab353e44.svg\" class=\"tex\" style=\"vertical-align:-14.4pt\" alt=\" си­сте­ма вы­ра­же­ний 1=a в сте­пе­ни левая круг­лая скоб­ка минус 3 плюс b пра­вая круг­лая скоб­ка ,4=a в сте­пе­ни левая круг­лая скоб­ка 1 плюс b пра­вая круг­лая скоб­ка конец си­сте­мы . \\underseta боль­ше 0, a не равно 1\\mathop рав­но­силь­но си­сте­ма вы­ра­же­ний b=3,4=a в сте­пе­ни 4 , конец си­сте­мы . \\underseta боль­ше 0\\mathop рав­но­силь­но си­сте­ма вы­ра­же­ний b=3,a= ко­рень из 2 . конец си­сте­мы . \"></p><p class=\"left_margin\"></p></center><p class=\"left_margin\">Зна­чит, <img src=\"https://ege.sdamgia.ru/formula/svg/8c/8ceefdf4d2c9ed471c20f7abba44e070.svg\" class=\"tex\" style=\"vertical-align:-3.6pt\" alt=\"f левая круг­лая скоб­ка x пра­вая круг­лая скоб­ка = левая круг­лая скоб­ка ко­рень из 2 пра­вая круг­лая скоб­ка в сте­пе­ни левая круг­лая скоб­ка x плюс 3 пра­вая круг­лая скоб­ка . \"> Найдём  <img src=\"https://ege.sdamgia.ru/formula/svg/bf/bf5b0ed17a1e09c9dadeddcdd1567026.svg\" class=\"tex\" style=\"vertical-align:-3.6pt\" alt=\"f левая круг­лая скоб­ка минус 7 пра­вая круг­лая скоб­ка :\"></p><p class=\"left_margin\"></p><center><p><img src=\"https://ege.sdamgia.ru/formula/svg/80/8028467eb3ed6964bc26d27ac90eedae.svg\" class=\"tex\" style=\"vertical-align:-12.5pt\" alt=\"f левая круг­лая скоб­ка минус 7 пра­вая круг­лая скоб­ка = левая круг­лая скоб­ка ко­рень из 2 пра­вая круг­лая скоб­ка в сте­пе­ни левая круг­лая скоб­ка минус 7 плюс 3 пра­вая круг­лая скоб­ка = дробь: чис­ли­тель: 1, зна­ме­на­тель: левая круг­лая скоб­ка ко­рень из 2 пра­вая круг­лая скоб­ка в сте­пе­ни 4 конец дроби = дробь: чис­ли­тель: 1, зна­ме­на­тель: 4 конец дроби =0,25 . \"></p><p class=\"left_margin\"></p></center><p><span style=\"letter-spacing: 2px;\">Ответ:</span> 0,25.</p></div>",
        "image_urls": [
            "https://ege.sdamgia.ru/formula/svg/e7/e736ab61bbaa154293d61ae1f054bf8d.svg",
            "https://ege.sdamgia.ru/formula/svg/0f/0f196f9f726bfd58b3e115aae873bcd7.svg",
            "https://ege.sdamgia.ru/formula/svg/1d/1dccb74ed948c17b75528a14ab353e44.svg",
            "https://ege.sdamgia.ru/formula/svg/8c/8ceefdf4d2c9ed471c20f7abba44e070.svg",
            "https://ege.sdamgia.ru/formula/svg/bf/bf5b0ed17a1e09c9dadeddcdd1567026.svg",
            "https://ege.sdamgia.ru/formula/svg/80/8028467eb3ed6964bc26d27ac90eedae.svg"
        ]
    },
    "answer": "0,25",
    "topic_id": 11,
    "analog_ids": [
        509101,
        509102,
        509103,
        509104,
        509102,
        509103,
        509104,
        509105,
        509106,
        630094
    ]
}