{
    "gia_type": "ege",
    "subject": "math",
    "id": 660992,
    "condition": {
        "text": "На рисунке изображён график функции  Найдите значение x, при котором ",
        "html": "<div align=\"justify\" width=\"100%\" id=\"body293116\" class=\"pbody\"><p class=\"left_margin\"><img src=\"/get_file?id=180294\" style=\"float:right;margin:10px;max-width:100%\">На ри­сун­ке изоб­ражён гра­фик функ­ции <img src=\"https://ege.sdamgia.ru/formula/svg/3f/3f8cc3a5ccd6149f56964c9fb70e78ba.svg\" class=\"tex\" style=\"vertical-align:-3.6pt\" alt=\"f левая круг­лая скоб­ка x пра­вая круг­лая скоб­ка =a в сте­пе­ни левая круг­лая скоб­ка x пра­вая круг­лая скоб­ка .\"> Най­ди­те зна­че­ние <i>x</i>, при ко­то­ром <img src=\"https://ege.sdamgia.ru/formula/svg/be/be0f18a33cf18e858044762f2f1b5d53.svg\" class=\"tex\" style=\"vertical-align:-3.6pt\" alt=\"f левая круг­лая скоб­ка x пра­вая круг­лая скоб­ка =32.\"></p></div>",
        "image_urls": [
            "https://ege.sdamgia.ru/formula/svg/3f/3f8cc3a5ccd6149f56964c9fb70e78ba.svg",
            "https://ege.sdamgia.ru/formula/svg/be/be0f18a33cf18e858044762f2f1b5d53.svg",
            "/get_file?id=180294"
        ]
    },
    "solution": {
        "text": "Решение. Из графика находим, что  откуда  Учитывая, что  получаем  ТогдаОтвет: 5.",
        "html": "<div align=\"justify\" width=\"100%\" id=\"sol660992\" class=\"solution\" style=\"clear:both;\" class=\"pbody\"><p class=\"left_margin\"></p><b>Ре­ше­ние<!--rule_info-->. </b><p class=\"left_margin\">Из гра­фи­ка на­хо­дим, что <img src=\"https://ege.sdamgia.ru/formula/svg/09/094cc680cce3102cf5588009cdafafb2.svg\" class=\"tex\" style=\"vertical-align:-3.6pt\" alt=\"f левая круг­лая скоб­ка 2 пра­вая круг­лая скоб­ка = 4,\"> от­ку­да <img src=\"https://ege.sdamgia.ru/formula/svg/de/deee57c84baa1702261b278de1788e29.svg\" class=\"tex\" style=\"vertical-align:-1.8pt\" alt=\"a в квад­ра­те = 4.\"> Учи­ты­вая, что <img src=\"https://ege.sdamgia.ru/formula/svg/90/904dbe7d83b40f0c7990781c1373b9c0.svg\" class=\"tex\" style=\"vertical-align:-3.0pt\" alt=\"a боль­ше 0,\"> по­лу­ча­ем <img src=\"https://ege.sdamgia.ru/formula/svg/75/75ff84fadb7b063c7ccd29e381065486.svg\" class=\"tex\" style=\"vertical-align:-1.8pt\" alt=\"a = 2.\"> Тогда</p><p class=\"left_margin\"></p><center><p><img src=\"https://ege.sdamgia.ru/formula/svg/0c/0c06c531c16537fcbef31164ef8dd2a7.svg\" class=\"tex\" style=\"vertical-align:-1.8pt\" alt=\"2 в сте­пе­ни x = 32 рав­но­силь­но x = 5.\"></p><p class=\"left_margin\"></p></center><p><span style=\"letter-spacing: 2px;\">Ответ:</span> 5.</p></div>",
        "image_urls": [
            "https://ege.sdamgia.ru/formula/svg/09/094cc680cce3102cf5588009cdafafb2.svg",
            "https://ege.sdamgia.ru/formula/svg/de/deee57c84baa1702261b278de1788e29.svg",
            "https://ege.sdamgia.ru/formula/svg/90/904dbe7d83b40f0c7990781c1373b9c0.svg",
            "https://ege.sdamgia.ru/formula/svg/75/75ff84fadb7b063c7ccd29e381065486.svg",
            "https://ege.sdamgia.ru/formula/svg/0c/0c06c531c16537fcbef31164ef8dd2a7.svg"
        ]
    },
    "answer": "5",
    "topic_id": 11,
    "analog_ids": []
}