{
    "gia_type": "ege",
    "subject": "math",
    "id": 564531,
    "condition": {
        "text": "На рисунке изображён график функции вида  где числа a, b, c и d  — целые. Найдите  ",
        "html": "<div align=\"justify\" width=\"100%\" id=\"body455631\" class=\"pbody\"><p class=\"left_margin\">На ри­сун­ке изоб­ражён гра­фик функ­ции вида <img src=\"https://ege.sdamgia.ru/formula/svg/7a/7af2258a828d67ddfa6293af02b473a8.svg\" class=\"tex\" style=\"vertical-align:-3.6pt\" alt=\"f левая круг­лая скоб­ка x пра­вая круг­лая скоб­ка =a ко­си­нус левая круг­лая скоб­ка b Пи x плюс c пра­вая круг­лая скоб­ка плюс d,\"> где числа <i>a</i>, <i>b</i>, <i>c</i> и <i>d</i>  — целые. Най­ди­те  <img src=\"https://ege.sdamgia.ru/formula/svg/97/973f5da5c0501bcb4c8d98d180624999.svg\" class=\"tex\" style=\"vertical-align:-11.1pt\" alt=\"f левая круг­лая скоб­ка дробь: чис­ли­тель: 100, зна­ме­на­тель: 3 конец дроби пра­вая круг­лая скоб­ка .\"></p><p><img src=\"https://ege.sdamgia.ru/get_file?id=108793\" style=\"margin:10px auto;display:block;max-width:100%\"></p></div>",
        "image_urls": [
            "https://ege.sdamgia.ru/formula/svg/7a/7af2258a828d67ddfa6293af02b473a8.svg",
            "https://ege.sdamgia.ru/formula/svg/97/973f5da5c0501bcb4c8d98d180624999.svg",
            "https://ege.sdamgia.ru/get_file?id=108793"
        ]
    },
    "solution": {
        "text": "Решение. Из графика видно, что   тогда:  Далее, из графика получаем, что  тогда, если  то  откуда  Полученное уравнение не имеет целочисленных решений. Если же  то Значит,  и  откуда Наименьший положительный период этой функции  равен  а по графику наименьший положительный период равен 2, следовательно,  Таким образом,  Найдём Ответ: −2. Приведем другое решение.Сравним данный в условии график с графиком функции  Точка  по-прежнему точка максимума, поэтому  и  График сдвинут на одну единицу вниз, значит,  Амплитуда графика (разность между наибольшим и наименьшим значением) увеличилась в 2 раза и a>0, следовательно,  Тем самым  Из условия  получаем  откуда   Окончательно,  Осталось найти ",
        "html": "<div align=\"justify\" width=\"100%\" id=\"sol564531\" class=\"solution\" style=\"clear:both;\" class=\"pbody\"><p class=\"left_margin\"></p><b>Ре­ше­ние<!--rule_info-->. </b><p class=\"left_margin\">Из гра­фи­ка видно, что <img src=\"https://ege.sdamgia.ru/formula/svg/2c/2c9346545f8650ab0b33bd8a6ccaf590.svg\" class=\"tex\" style=\"vertical-align:-3.2pt\" alt=\"f_max=1,\"> <img src=\"https://ege.sdamgia.ru/formula/svg/68/68ddf3c59d1170e939b97dd1f92bc65f.svg\" class=\"tex\" style=\"vertical-align:-3.2pt\" alt=\"f_min= минус 3,\"> тогда:</p><p class=\"left_margin\"></p><center><p><img src=\"https://ege.sdamgia.ru/formula/svg/f2/f2d71acb1594877e640e48f1ee7ee2a0.svg\" class=\"tex\" style=\"vertical-align:-8.3pt\" alt=\"d= дробь: чис­ли­тель: f_max плюс f_min, зна­ме­на­тель: 2 конец дроби = дробь: чис­ли­тель: 1 минус 3, зна­ме­на­тель: 2 конец дроби = минус 1, \">  </p><p><img src=\"https://ege.sdamgia.ru/formula/svg/37/370265754035ec9bdc963b42847f802d.svg\" class=\"tex\" style=\"vertical-align:-8.4pt\" alt=\"|a|= дробь: чис­ли­тель: f_max минус f_min, зна­ме­на­тель: 2 конец дроби = дробь: чис­ли­тель: 1 минус левая круг­лая скоб­ка минус 3 пра­вая круг­лая скоб­ка , зна­ме­на­тель: 2 конец дроби =2. \"></p><p class=\"left_margin\"></p></center><p class=\"left_margin\">Далее, из гра­фи­ка по­лу­ча­ем, что <img src=\"https://ege.sdamgia.ru/formula/svg/35/352c299c940b4ef0a3b123f896e11a7c.svg\" class=\"tex\" style=\"vertical-align:-3.6pt\" alt=\"f левая круг­лая скоб­ка 0 пра­вая круг­лая скоб­ка =1,\"> тогда, если <img src=\"https://ege.sdamgia.ru/formula/svg/02/020f6abc06df90156f8009e83a8636ed.svg\" class=\"tex\" style=\"vertical-align:-3.0pt\" alt=\"a= минус 2,\"> то <img src=\"https://ege.sdamgia.ru/formula/svg/42/42a41e03fc808b110478b33326b26084.svg\" class=\"tex\" style=\"vertical-align:-3.0pt\" alt=\" минус 2 ко­си­нус c минус 1=1,\"> от­ку­да <img src=\"https://ege.sdamgia.ru/formula/svg/13/132066de5edfa7fb4547ff6ea7870483.svg\" class=\"tex\" style=\"vertical-align:-1.8pt\" alt=\" ко­си­нус c= минус 1.\"> По­лу­чен­ное урав­не­ние не имеет це­ло­чис­лен­ных ре­ше­ний. Если же <img src=\"https://ege.sdamgia.ru/formula/svg/7d/7d04b7d7c6a3b6ecfcad148b0803ca34.svg\" class=\"tex\" style=\"vertical-align:-3.0pt\" alt=\"a=2,\"> то</p><p class=\"left_margin\"></p><center><p><img src=\"https://ege.sdamgia.ru/formula/svg/3c/3cd5af6d08c730cb2453d5c1a0c4335b.svg\" class=\"tex\" style=\"vertical-align:-8.5pt\" alt=\"2 ко­си­нус c минус 1=1 рав­но­силь­но ко­си­нус c=1 рав­но­силь­но c=2 Пи k, k при­над­ле­жит Z \\undersetc при­над­ле­жит Z \\mathop рав­но­силь­но c=0. \"></p><p class=\"left_margin\"></p></center><p> Зна­чит, <img src=\"https://ege.sdamgia.ru/formula/svg/83/83a88ab12cf3296e031df84985733d33.svg\" class=\"tex\" style=\"vertical-align:-1.8pt\" alt=\"a=2\"> и <img src=\"https://ege.sdamgia.ru/formula/svg/67/6773131881883a662eacbd737987b57d.svg\" class=\"tex\" style=\"vertical-align:-3.0pt\" alt=\"c=0,\"> от­ку­да <img src=\"https://ege.sdamgia.ru/formula/svg/5d/5da8114ec7b8b9d37cc1863302af730f.svg\" class=\"tex\" style=\"vertical-align:-3.6pt\" alt=\"f левая круг­лая скоб­ка x пра­вая круг­лая скоб­ка =2 ко­си­нус левая круг­лая скоб­ка b Пи x пра­вая круг­лая скоб­ка минус 1.\"></p><p class=\"left_margin\">Наи­мень­ший по­ло­жи­тель­ный пе­ри­од этой функ­ции <img src=\"https://ege.sdamgia.ru/formula/svg/08/08d2205a7221c63a71956cd39b037c80.svg\" class=\"tex\" style=\"vertical-align:-3.6pt\" alt=\"f левая круг­лая скоб­ка x пра­вая круг­лая скоб­ка =2 ко­си­нус левая круг­лая скоб­ка b Пи x пра­вая круг­лая скоб­ка минус 1\"> равен <img src=\"https://ege.sdamgia.ru/formula/svg/94/94319de766e5650c9532320b68831eae.svg\" class=\"tex\" style=\"vertical-align:-11.2pt\" alt=\" дробь: чис­ли­тель: 2, зна­ме­на­тель: конец дроби |b|,\"> а по гра­фи­ку наи­мень­ший по­ло­жи­тель­ный пе­ри­од равен 2, сле­до­ва­тель­но, <img src=\"https://ege.sdamgia.ru/formula/svg/8c/8cd24ab264d88d05a5d377a4d02c43c4.svg\" class=\"tex\" style=\"vertical-align:-1.8pt\" alt=\"b= \\pm 1.\"> Таким об­ра­зом, </p><p class=\"left_margin\"></p><center><p><img src=\"https://ege.sdamgia.ru/formula/svg/17/17fec0c80122975fbf4256a767ec10fa.svg\" class=\"tex\" style=\"vertical-align:-3.6pt\" alt=\"f левая круг­лая скоб­ка x пра­вая круг­лая скоб­ка =2 ко­си­нус левая круг­лая скоб­ка \\pm Пи x пра­вая круг­лая скоб­ка минус 1=2 ко­си­нус левая круг­лая скоб­ка Пи x пра­вая круг­лая скоб­ка минус 1.\"> </p><p class=\"left_margin\"></p></center><p class=\"left_margin\">Найдём <img src=\"https://ege.sdamgia.ru/formula/svg/64/64658c517dd60adb52f6bda97afb3a6a.svg\" class=\"tex\" style=\"vertical-align:-11.1pt\" alt=\"f левая круг­лая скоб­ка дробь: чис­ли­тель: 100, зна­ме­на­тель: 3 конец дроби пра­вая круг­лая скоб­ка :\"></p><p class=\"left_margin\"></p><center><p><span data-width=\"640\" data-formulahash=\"0fb582b46945202b8e9f747c4da5d655\" class=\"tex-span\" style=\"\"><img src=\"https://ege.sdamgia.ru/formula/svg/0f/0fb582b46945202b8e9f747c4da5d655.svg\" class=\"tex\" style=\"vertical-align:-11.2pt\" alt=\"f левая круг­лая скоб­ка дробь: чис­ли­тель: 100}3 пра­вая круг­лая скоб­ка =2 ко­си­нус дробь: чис­ли­тель: 100 Пи , зна­ме­на­тель: 3 конец дроби минус 1=2 ко­си­нус левая круг­лая скоб­ка 32 Пи плюс дробь: чис­ли­тель: 4 Пи , зна­ме­на­тель: 3 конец дроби пра­вая круг­лая скоб­ка минус 1=2 ко­си­нус дробь: чис­ли­тель: {, зна­ме­на­тель: 4 конец дроби Пи , зна­ме­на­тель: 3 конец дроби минус 1= минус 2. \"></span><span data-width=\"490\" data-formulahash=\"0fb582b46945202b8e9f747c4da5d655\" class=\"tex-span\" style=\"display:none\"><img src=\"https://ege.sdamgia.ru/formula/svg/39/39b150a5f595fc04c816e982f406cd56.svg\" class=\"tex\" style=\"vertical-align:-11.1pt\" alt=\"f левая круг­лая скоб­ка дробь: чис­ли­тель: 100}3 пра­вая круг­лая скоб­ка =2 ко­си­нус дробь: чис­ли­тель: {, зна­ме­на­тель: 1 конец дроби 00 Пи , зна­ме­на­тель: 3 конец дроби минус 1= \"><br><img src=\"https://ege.sdamgia.ru/formula/svg/b0/b0db3deac13603608dce3fa58c02307e.svg\" class=\"tex\" style=\"vertical-align:-11.1pt\" alt=\"=2 ко­си­нус левая круг­лая скоб­ка 32 Пи плюс дробь: чис­ли­тель: 4 Пи , зна­ме­на­тель: 3 конец дроби пра­вая круг­лая скоб­ка минус 1=2 ко­си­нус дробь: чис­ли­тель: 4 Пи , зна­ме­на­тель: 3 конец дроби минус 1= минус 2. \"></span></p><p class=\"left_margin\"></p></center><p><span style=\"letter-spacing: 2px;\">Ответ:</span> −2.</p><p>&nbsp;</p><p><b>При­ве­дем дру­гое ре­ше­ние.</b></p><p class=\"left_margin\">Срав­ним дан­ный в усло­вии гра­фик с гра­фи­ком функ­ции <img src=\"https://ege.sdamgia.ru/formula/svg/bd/bd38c53bc9bc5b9108d091fc828966c1.svg\" class=\"tex\" style=\"vertical-align:-3.0pt\" alt=\"y= ко­си­нус x.\"> Точка <img src=\"https://ege.sdamgia.ru/formula/svg/e1/e11729b0b65ecade3fc272548a3883fc.svg\" class=\"tex\" style=\"vertical-align:-1.8pt\" alt=\"x=0\"> по-преж­не­му точка мак­си­му­ма, по­это­му <img src=\"https://ege.sdamgia.ru/formula/svg/63/633bff1fa0b2fabb9e12f0f4285e42cb.svg\" class=\"tex\" style=\"vertical-align:-1.8pt\" alt=\"c=0\"> и <img src=\"https://ege.sdamgia.ru/formula/svg/40/4084f3758fc870e203e5266ed5366657.svg\" class=\"tex\" style=\"vertical-align:-1.8pt\" alt=\"a боль­ше 0.\"> Гра­фик сдви­нут на одну еди­ни­цу вниз, зна­чит, <img src=\"https://ege.sdamgia.ru/formula/svg/4a/4ac7093809d901380cf88f87167bff3d.svg\" class=\"tex\" style=\"vertical-align:-1.8pt\" alt=\"d= минус 1.\"> Ам­пли­ту­да гра­фи­ка (раз­ность между наи­боль­шим и наи­мень­шим зна­че­ни­ем) уве­ли­чи­лась в 2 раза и a&gt;0, сле­до­ва­тель­но, <img src=\"https://ege.sdamgia.ru/formula/svg/62/622a095dc9edee90d21fc439afb1ab02.svg\" class=\"tex\" style=\"vertical-align:-1.8pt\" alt=\"a=2.\"> Тем самым </p><p class=\"left_margin\"></p><center><p><img src=\"https://ege.sdamgia.ru/formula/svg/ad/ad7ea60bcfe18db48a3e4bf50d1edc5f.svg\" class=\"tex\" style=\"vertical-align:-3.6pt\" alt=\"f левая круг­лая скоб­ка x пра­вая круг­лая скоб­ка =2 ко­си­нус левая круг­лая скоб­ка b Пи x пра­вая круг­лая скоб­ка минус 1.\"></p><p class=\"left_margin\"></p></center><p> Из усло­вия <img src=\"https://ege.sdamgia.ru/formula/svg/90/90db35f2a30a01cf8327c128b2a42139.svg\" class=\"tex\" style=\"vertical-align:-3.6pt\" alt=\"f левая круг­лая скоб­ка 1 пра­вая круг­лая скоб­ка = минус 3\"> по­лу­ча­ем <img src=\"https://ege.sdamgia.ru/formula/svg/aa/aad9f3b9c8966877ac5af73dcfaeee4c.svg\" class=\"tex\" style=\"vertical-align:-3.6pt\" alt=\" ко­си­нус левая круг­лая скоб­ка Пи b пра­вая круг­лая скоб­ка = минус 1,\"> от­ку­да  <img src=\"https://ege.sdamgia.ru/formula/svg/05/055fcefc1ef3182b8ed1ae0cf149091b.svg\" class=\"tex\" style=\"vertical-align:-1.8pt\" alt=\"b=1.\"> Окон­ча­тель­но, </p><p class=\"left_margin\"></p><center><p><img src=\"https://ege.sdamgia.ru/formula/svg/8e/8e7480cf3199580345ee9159ffee3167.svg\" class=\"tex\" style=\"vertical-align:-3.6pt\" alt=\"f левая круг­лая скоб­ка x пра­вая круг­лая скоб­ка =2 ко­си­нус левая круг­лая скоб­ка Пи x пра­вая круг­лая скоб­ка минус 1.\"></p><p class=\"left_margin\"></p></center><p> Оста­лось найти </p><p class=\"left_margin\"></p><center><p><span data-width=\"640\" data-formulahash=\"0fb582b46945202b8e9f747c4da5d655\" class=\"tex-span\" style=\"\"><img src=\"https://ege.sdamgia.ru/formula/svg/0f/0fb582b46945202b8e9f747c4da5d655.svg\" class=\"tex\" style=\"vertical-align:-11.2pt\" alt=\"f левая круг­лая скоб­ка дробь: чис­ли­тель: 100}3 пра­вая круг­лая скоб­ка =2 ко­си­нус дробь: чис­ли­тель: 100 Пи , зна­ме­на­тель: 3 конец дроби минус 1=2 ко­си­нус левая круг­лая скоб­ка 32 Пи плюс дробь: чис­ли­тель: 4 Пи , зна­ме­на­тель: 3 конец дроби пра­вая круг­лая скоб­ка минус 1=2 ко­си­нус дробь: чис­ли­тель: {, зна­ме­на­тель: 4 конец дроби Пи , зна­ме­на­тель: 3 конец дроби минус 1= минус 2. \"></span><span data-width=\"490\" data-formulahash=\"0fb582b46945202b8e9f747c4da5d655\" class=\"tex-span\" style=\"display:none\"><img src=\"https://ege.sdamgia.ru/formula/svg/39/39b150a5f595fc04c816e982f406cd56.svg\" class=\"tex\" style=\"vertical-align:-11.1pt\" alt=\"f левая круг­лая скоб­ка дробь: чис­ли­тель: 100}3 пра­вая круг­лая скоб­ка =2 ко­си­нус дробь: чис­ли­тель: {, зна­ме­на­тель: 1 конец дроби 00 Пи , зна­ме­на­тель: 3 конец дроби минус 1= \"><br><img src=\"https://ege.sdamgia.ru/formula/svg/b0/b0db3deac13603608dce3fa58c02307e.svg\" class=\"tex\" style=\"vertical-align:-11.1pt\" alt=\"=2 ко­си­нус левая круг­лая скоб­ка 32 Пи плюс дробь: чис­ли­тель: 4 Пи , зна­ме­на­тель: 3 конец дроби пра­вая круг­лая скоб­ка минус 1=2 ко­си­нус дробь: чис­ли­тель: 4 Пи , зна­ме­на­тель: 3 конец дроби минус 1= минус 2. \"></span></p></center></div>",
        "image_urls": [
            "https://ege.sdamgia.ru/formula/svg/2c/2c9346545f8650ab0b33bd8a6ccaf590.svg",
            "https://ege.sdamgia.ru/formula/svg/68/68ddf3c59d1170e939b97dd1f92bc65f.svg",
            "https://ege.sdamgia.ru/formula/svg/f2/f2d71acb1594877e640e48f1ee7ee2a0.svg",
            "https://ege.sdamgia.ru/formula/svg/37/370265754035ec9bdc963b42847f802d.svg",
            "https://ege.sdamgia.ru/formula/svg/35/352c299c940b4ef0a3b123f896e11a7c.svg",
            "https://ege.sdamgia.ru/formula/svg/02/020f6abc06df90156f8009e83a8636ed.svg",
            "https://ege.sdamgia.ru/formula/svg/42/42a41e03fc808b110478b33326b26084.svg",
            "https://ege.sdamgia.ru/formula/svg/13/132066de5edfa7fb4547ff6ea7870483.svg",
            "https://ege.sdamgia.ru/formula/svg/7d/7d04b7d7c6a3b6ecfcad148b0803ca34.svg",
            "https://ege.sdamgia.ru/formula/svg/3c/3cd5af6d08c730cb2453d5c1a0c4335b.svg",
            "https://ege.sdamgia.ru/formula/svg/83/83a88ab12cf3296e031df84985733d33.svg",
            "https://ege.sdamgia.ru/formula/svg/67/6773131881883a662eacbd737987b57d.svg",
            "https://ege.sdamgia.ru/formula/svg/5d/5da8114ec7b8b9d37cc1863302af730f.svg",
            "https://ege.sdamgia.ru/formula/svg/08/08d2205a7221c63a71956cd39b037c80.svg",
            "https://ege.sdamgia.ru/formula/svg/94/94319de766e5650c9532320b68831eae.svg",
            "https://ege.sdamgia.ru/formula/svg/8c/8cd24ab264d88d05a5d377a4d02c43c4.svg",
            "https://ege.sdamgia.ru/formula/svg/17/17fec0c80122975fbf4256a767ec10fa.svg",
            "https://ege.sdamgia.ru/formula/svg/64/64658c517dd60adb52f6bda97afb3a6a.svg",
            "https://ege.sdamgia.ru/formula/svg/0f/0fb582b46945202b8e9f747c4da5d655.svg",
            "https://ege.sdamgia.ru/formula/svg/39/39b150a5f595fc04c816e982f406cd56.svg",
            "https://ege.sdamgia.ru/formula/svg/b0/b0db3deac13603608dce3fa58c02307e.svg",
            "https://ege.sdamgia.ru/formula/svg/bd/bd38c53bc9bc5b9108d091fc828966c1.svg",
            "https://ege.sdamgia.ru/formula/svg/e1/e11729b0b65ecade3fc272548a3883fc.svg",
            "https://ege.sdamgia.ru/formula/svg/63/633bff1fa0b2fabb9e12f0f4285e42cb.svg",
            "https://ege.sdamgia.ru/formula/svg/40/4084f3758fc870e203e5266ed5366657.svg",
            "https://ege.sdamgia.ru/formula/svg/4a/4ac7093809d901380cf88f87167bff3d.svg",
            "https://ege.sdamgia.ru/formula/svg/62/622a095dc9edee90d21fc439afb1ab02.svg",
            "https://ege.sdamgia.ru/formula/svg/ad/ad7ea60bcfe18db48a3e4bf50d1edc5f.svg",
            "https://ege.sdamgia.ru/formula/svg/90/90db35f2a30a01cf8327c128b2a42139.svg",
            "https://ege.sdamgia.ru/formula/svg/aa/aad9f3b9c8966877ac5af73dcfaeee4c.svg",
            "https://ege.sdamgia.ru/formula/svg/05/055fcefc1ef3182b8ed1ae0cf149091b.svg",
            "https://ege.sdamgia.ru/formula/svg/8e/8e7480cf3199580345ee9159ffee3167.svg",
            "https://ege.sdamgia.ru/formula/svg/0f/0fb582b46945202b8e9f747c4da5d655.svg",
            "https://ege.sdamgia.ru/formula/svg/39/39b150a5f595fc04c816e982f406cd56.svg",
            "https://ege.sdamgia.ru/formula/svg/b0/b0db3deac13603608dce3fa58c02307e.svg"
        ]
    },
    "answer": "-2",
    "topic_id": null,
    "analog_ids": [
        564531,
        564542,
        564543,
        564551,
        564542,
        564543,
        564551,
        564552,
        564553,
        564554,
        564555,
        564556,
        564578,
        564579,
        564580,
        564584,
        564585,
        564586,
        564587,
        564588,
        564589
    ]
}