{
    "gia_type": "ege",
    "subject": "math",
    "id": 519685,
    "condition": {
        "text": "Четырёхугольник ABCD вписан в окружность, причем сторона CD  — диаметр этой окружности. Продолжение перпендикуляра AH к диагонали BD пересекает сторону CD в точке Е, а окружность  — в точке F, причем H  — середина AE.а)  Докажите, что четырёхугольник BCFE  — параллелограмм.б)  Найдите площадь четырёхугольника ABCD, если известно, что AB  =  3 и ",
        "html": "<div align=\"justify\" width=\"100%\" id=\"body622841\" class=\"pbody\"><p class=\"left_margin\">Четырёхуголь­ник <i>ABCD</i> впи­сан в окруж­ность, при­чем сто­ро­на <i>CD</i>  — диа­метр этой окруж­но­сти. Про­дол­же­ние пер­пен­ди­ку­ля­ра <i>AH</i> к диа­го­на­ли <i>BD</i> пе­ре­се­ка­ет сто­ро­ну <i>CD</i> в точке <i>Е</i>, а окруж­ность  — в точке <i>F</i>, при­чем <i>H</i>  — се­ре­ди­на <i>AE</i>.</p><p class=\"left_margin\">а)  До­ка­жи­те, что четырёхуголь­ник <i>BCFE</i>  — па­рал­ле­ло­грамм.</p><p class=\"left_margin\">б)  Най­ди­те пло­щадь четырёхуголь­ни­ка <i>ABCD</i>, если из­вест­но, что <i>AB</i>  =  3 и <img src=\"https://ege.sdamgia.ru/formula/svg/23/23f9f0681cb3e2d6e7d96ec96c2c9610.svg\" class=\"tex\" style=\"vertical-align:-1.8pt\" alt=\"AH=2 ко­рень из: на­ча­ло ар­гу­мен­та: 2 конец ар­гу­мен­та .\"></p></div>",
        "image_urls": [
            "https://ege.sdamgia.ru/formula/svg/23/23f9f0681cb3e2d6e7d96ec96c2c9610.svg"
        ]
    },
    "solution": {
        "text": "Решение. a)  Так как AH перпендикулярно BD и H  — середина AE, то  Заметим, что  опирается на диаметр, поэтому он равен 90°. Более того,  следовательно, CB параллельно FA. Тогда четырехугольник FCBA  — вписанная в окружность трапеция, что означает, что она равнобедренная. Поэтому  Следовательно,  и CF параллельно BE, ведь соответсвенные углы  и  равны. Таким образом, четырехугольник BCFE  — параллелограмм.б)  Треугольник ADE  — равнобедренный, так как AH перпендикулярно BD и H  — середина AE. Тогда  Заметим, что  как вертикальные и  как вписанные, опирающиеся на одну дугу. Тогда треугольник CFE  — равнобедренный,  Найдем катет BH по теореме Пифагора, он равен  Найдем DH по теореме о произведении отрезков пересекающихся хорд: Имеем: (площадь дельтоида)  Ответ: ",
        "html": "<div align=\"justify\" width=\"100%\" id=\"sol519685\" class=\"solution\" style=\"clear:both;\" class=\"pbody\"><p class=\"left_margin\"></p><b>Ре­ше­ние<!--rule_info-->. </b><p class=\"left_margin\"><img src=\"/get_file?id=150115\" style=\"float:right;margin:10px;max-width:100%\"></p><p>a)  Так как <i>AH</i> пер­пен­ди­ку­ляр­но <i>BD</i> и <i>H</i>  — се­ре­ди­на <i>AE</i>, то <img src=\"https://ege.sdamgia.ru/formula/svg/05/05ed8dc728d69d02699a79b963b14b67.svg\" class=\"tex\" style=\"vertical-align:-1.8pt\" alt=\"BE=BA.\"> За­ме­тим, что <img src=\"https://ege.sdamgia.ru/formula/svg/98/98d5ff6112c5572a62348e4c12035e6c.svg\" class=\"tex\" style=\"vertical-align:-1.8pt\" alt=\"\\angle CBD\"> опи­ра­ет­ся на диа­метр, по­это­му он равен 90°. Более того, <img src=\"https://ege.sdamgia.ru/formula/svg/4f/4fc3b73becd2b2c392d0e304ce7feae8.svg\" class=\"tex\" style=\"vertical-align:-3.0pt\" alt=\"\\angle CBH плюс \\angle FHB=180 гра­ду­сов,\"> сле­до­ва­тель­но, <i>CB</i> па­рал­лель­но <i>FA</i>. Тогда че­ты­рех­уголь­ник <i>FCBA</i>  — впи­сан­ная в окруж­ность тра­пе­ция, что озна­ча­ет, что она рав­но­бед­рен­ная. По­это­му <img src=\"https://ege.sdamgia.ru/formula/svg/19/19070c0625789abadcf5fc6f307bedd7.svg\" class=\"tex\" style=\"vertical-align:-3.0pt\" alt=\"CF=BA, \\angle CFA=\\angle BAF.\"> Сле­до­ва­тель­но, <img src=\"https://ege.sdamgia.ru/formula/svg/f7/f7ad5e930725d85eafa3878130da359a.svg\" class=\"tex\" style=\"vertical-align:-1.8pt\" alt=\"CF=BE\"> и <i>CF</i> па­рал­лель­но <i>BE</i>, ведь со­от­ветс­вен­ные углы <img src=\"https://ege.sdamgia.ru/formula/svg/cf/cf189ef280164138470df35c610422ec.svg\" class=\"tex\" style=\"vertical-align:-1.8pt\" alt=\"\\angle CFA\"> и <img src=\"https://ege.sdamgia.ru/formula/svg/f5/f53d29702634e0083c028e8c76962fb8.svg\" class=\"tex\" style=\"vertical-align:-1.8pt\" alt=\"\\angle BEA\"> равны. Таким об­ра­зом, че­ты­рех­уголь­ник <i>BCFE</i>  — па­рал­ле­ло­грамм.</p><p class=\"left_margin\">б)  Тре­уголь­ник <i>ADE</i>  — рав­но­бед­рен­ный, так как <i>AH</i> пер­пен­ди­ку­ляр­но <i>BD</i> и <i>H</i>  — се­ре­ди­на <i>AE</i>. Тогда <img src=\"https://ege.sdamgia.ru/formula/svg/1b/1b0164755a058d53d9da4f7faf41c7ff.svg\" class=\"tex\" style=\"vertical-align:-1.8pt\" alt=\"\\angle DEA = \\angle DAE.\"> За­ме­тим, что <img src=\"https://ege.sdamgia.ru/formula/svg/80/80fc7c65e53f75b2d3447cb5e465b40d.svg\" class=\"tex\" style=\"vertical-align:-1.8pt\" alt=\"\\angle DEA =\\angle FEC\"> как вер­ти­каль­ные и <img src=\"https://ege.sdamgia.ru/formula/svg/db/db6b562c9e27c39240c9a238f83119c6.svg\" class=\"tex\" style=\"vertical-align:-1.8pt\" alt=\"\\angle EAD=\\angle FCD\"> как впи­сан­ные, опи­ра­ю­щи­е­ся на одну дугу. Тогда тре­уголь­ник <i>CFE</i>  — рав­но­бед­рен­ный, <img src=\"https://ege.sdamgia.ru/formula/svg/16/1666517eed19776224bab0e97fa1f7c5.svg\" class=\"tex\" style=\"vertical-align:-1.8pt\" alt=\"FE=CF=AB=3.\"> Най­дем катет BH по тео­ре­ме Пи­фа­го­ра, он равен <img src=\"https://ege.sdamgia.ru/formula/svg/2b/2b802525ce827d6ddbe23207eff74340.svg\" class=\"tex\" style=\"vertical-align:-2.1pt\" alt=\" ко­рень из: на­ча­ло ар­гу­мен­та: 9 минус 8 конец ар­гу­мен­та =1.\"> Най­дем <i>DH</i> по тео­ре­ме о про­из­ве­де­нии от­рез­ков пе­ре­се­ка­ю­щих­ся хорд:</p><p class=\"left_margin\"></p><center><p><img src=\"https://ege.sdamgia.ru/formula/svg/cf/cfa3a26697df1c933817a1ea35b4c84d.svg\" class=\"tex\" style=\"vertical-align:-8.4pt\" alt=\"FH умно­жить на HA =BH умно­жить на HD рав­но­силь­но HD= дробь: чис­ли­тель: левая круг­лая скоб­ка 2 ко­рень из 2 плюс 3 пра­вая круг­лая скоб­ка умно­жить на 2 ко­рень из 2 , зна­ме­на­тель: 1 конец дроби рав­но­силь­но HD=8 плюс 6 ко­рень из 2 . \"></p><p class=\"left_margin\"></p></center><p> Имеем:</p><p class=\"left_margin\"></p><center><p><img src=\"https://ege.sdamgia.ru/formula/svg/c1/c167ec0b84bb3b3a8adbb8f92097b606.svg\" class=\"tex\" style=\"vertical-align:-8.4pt\" alt=\"S_ABCD=S_ABED плюс S_BEC= дробь: чис­ли­тель: 1, зна­ме­на­тель: 2 конец дроби BD умно­жить на AE\"> (пло­щадь дель­то­и­да) <img src=\"https://ege.sdamgia.ru/formula/svg/58/58cd2b9be12038330dfb28d9bda0dd80.svg\" class=\"tex\" style=\"vertical-align:-8.3pt\" alt=\" плюс дробь: чис­ли­тель: 1, зна­ме­на­тель: 2 конец дроби BH умно­жить на FE= дробь: чис­ли­тель: 1, зна­ме­на­тель: 2 конец дроби левая круг­лая скоб­ка левая круг­лая скоб­ка 9 плюс 6 ко­рень из 2 пра­вая круг­лая скоб­ка умно­жить на 4 ко­рень из 2 плюс 3 пра­вая круг­лая скоб­ка = дробь: чис­ли­тель: 51, зна­ме­на­тель: 2 конец дроби плюс 18 ко­рень из 2 .\"></p><p class=\"left_margin\"></p></center><p>&nbsp;</p><p><span style=\"letter-spacing: 2px;\">Ответ:</span> <img src=\"https://ege.sdamgia.ru/formula/svg/c1/c1ee64614719b5401bc54bcdde8e2308.svg\" class=\"tex\" style=\"vertical-align:-8.3pt\" alt=\" дробь: чис­ли­тель: 51, зна­ме­на­тель: 2 конец дроби плюс 18 ко­рень из 2 .\"></p></div>",
        "image_urls": [
            "https://ege.sdamgia.ru/formula/svg/05/05ed8dc728d69d02699a79b963b14b67.svg",
            "https://ege.sdamgia.ru/formula/svg/98/98d5ff6112c5572a62348e4c12035e6c.svg",
            "https://ege.sdamgia.ru/formula/svg/4f/4fc3b73becd2b2c392d0e304ce7feae8.svg",
            "https://ege.sdamgia.ru/formula/svg/19/19070c0625789abadcf5fc6f307bedd7.svg",
            "https://ege.sdamgia.ru/formula/svg/f7/f7ad5e930725d85eafa3878130da359a.svg",
            "https://ege.sdamgia.ru/formula/svg/cf/cf189ef280164138470df35c610422ec.svg",
            "https://ege.sdamgia.ru/formula/svg/f5/f53d29702634e0083c028e8c76962fb8.svg",
            "https://ege.sdamgia.ru/formula/svg/1b/1b0164755a058d53d9da4f7faf41c7ff.svg",
            "https://ege.sdamgia.ru/formula/svg/80/80fc7c65e53f75b2d3447cb5e465b40d.svg",
            "https://ege.sdamgia.ru/formula/svg/db/db6b562c9e27c39240c9a238f83119c6.svg",
            "https://ege.sdamgia.ru/formula/svg/16/1666517eed19776224bab0e97fa1f7c5.svg",
            "https://ege.sdamgia.ru/formula/svg/2b/2b802525ce827d6ddbe23207eff74340.svg",
            "https://ege.sdamgia.ru/formula/svg/cf/cfa3a26697df1c933817a1ea35b4c84d.svg",
            "https://ege.sdamgia.ru/formula/svg/c1/c167ec0b84bb3b3a8adbb8f92097b606.svg",
            "https://ege.sdamgia.ru/formula/svg/58/58cd2b9be12038330dfb28d9bda0dd80.svg",
            "https://ege.sdamgia.ru/formula/svg/c1/c1ee64614719b5401bc54bcdde8e2308.svg",
            "/get_file?id=150115"
        ]
    },
    "answer": "",
    "topic_id": 17,
    "analog_ids": []
}