{
    "gia_type": "ege",
    "subject": "math",
    "id": 520661,
    "condition": {
        "text": "Четырёхугольник ABCD вписан в окружность. Диаметр CC1 перпендикулярен стороне AD и пересекает её в точке M, а диаметр DD1 перпендикулярен стороне AB и пересекает её в точке N.а)  Пусть AA1 также диаметр окружности. Докажите, что б)  Найдите углы четырехугольника ABCD, если CDB вдвое меньше угла ADB.",
        "html": "<div align=\"justify\" width=\"100%\" id=\"body630569\" class=\"pbody\"><p class=\"left_margin\">Четырёхуголь­ник <i>ABCD</i> впи­сан в окруж­ность. Диа­метр <i>CC</i><sub>1</sub> пер­пен­ди­ку­ля­рен сто­ро­не <i>AD</i> и пе­ре­се­ка­ет её в точке <i>M</i>, а диа­метр <i>DD</i><sub>1</sub> пер­пен­ди­ку­ля­рен сто­ро­не <i>AB</i> и пе­ре­се­ка­ет её в точке <i>N</i>.</p><p class=\"left_margin\">а)  Пусть <i>AA</i><sub>1</sub> также диа­метр окруж­но­сти. До­ка­жи­те, что <img src=\"https://ege.sdamgia.ru/formula/svg/19/19e53f19d7f331dbda202d1eb13bae47.svg\" class=\"tex\" style=\"vertical-align:-2.5pt\" alt=\"\\angle DNM=\\angle BA_1D_1.\"></p><p class=\"left_margin\">б)  Най­ди­те углы че­ты­рех­уголь­ни­ка <i>ABCD</i>, если <i>CDB</i> вдвое мень­ше угла <i>ADB</i>.</p></div>",
        "image_urls": [
            "https://ege.sdamgia.ru/formula/svg/19/19e53f19d7f331dbda202d1eb13bae47.svg"
        ]
    },
    "solution": {
        "text": "Решение. а)  Точка B лежит на окружности с диаметром AA1, поэтому прямая A1B перпендикулярна прямой AB, а так как прямая DD1 перпендикулярна прямой AB, прямая A1B параллельна прямой DD1, поэтому  как накрест лежащие.Вписанные углы A1D1D и A1AD опираются на одну и ту же дугу, значит, Пусть O  — центр окружности. Из точек M и N отрезок OA виден под прямым углом, значит, эти точки лежат на окружности с диаметром OA. Вписанные в эту окружность углы MAO и MNO опираются на одну и ту же дугу, поэтому  Следовательно, б)  Поскольку диаметр, перпендикулярный хорде, делит ее пополам, треугольники ACD и ABD равнобедренные (их высота являются медианами). Положим  ТогдаС другой стороны,  из равенства  находим, что  Следовательно,  Ответ: б) 72°, 126°, 108°, 54°.",
        "html": "<div align=\"justify\" width=\"100%\" id=\"sol520661\" class=\"solution\" style=\"clear:both;\" class=\"pbody\"><p class=\"left_margin\"></p><b>Ре­ше­ние<!--rule_info-->. </b><p class=\"left_margin\">а)  Точка <i>B</i> лежит на окруж­но­сти с диа­мет­ром <i>AA</i><sub>1</sub>, по­это­му пря­мая <i>A</i><sub>1</sub><i>B</i> пер­пен­ди­ку­ляр­на пря­мой <i>AB</i>, а так как пря­мая <i>DD</i><sub>1</sub> пер­пен­ди­ку­ляр­на пря­мой <i>AB</i>, пря­мая <i>A</i><sub>1</sub><i>B</i> па­рал­лель­на пря­мой <i>DD</i><sub>1</sub>, по­это­му <img src=\"https://ege.sdamgia.ru/formula/svg/1f/1f8d213cbc0d53a713e1b9a86d1b3f41.svg\" class=\"tex\" style=\"vertical-align:-2.5pt\" alt=\"\\angle BA_1D_1=\\angle A_1D_1D\"> как на­крест ле­жа­щие.</p><p class=\"left_margin\">Впи­сан­ные углы <i>A</i><sub>1</sub><i>D</i><sub>1</sub><i>D</i> и <i>A</i><sub>1</sub><i>A</i><i>D</i> опи­ра­ют­ся на одну и ту же дугу, зна­чит, <img src=\"https://ege.sdamgia.ru/formula/svg/11/11c219b9f2176e5ba791e93f8228e12f.svg\" class=\"tex\" style=\"vertical-align:-2.5pt\" alt=\"\\angle BA_1 D_1=\\angle A_1D_1D=\\angle A_1AD.\"></p><p class=\"left_margin\">Пусть <i>O</i>  — центр окруж­но­сти. Из точек <i>M</i> и <i>N</i> от­ре­зок <i>OA</i> виден под пря­мым углом, зна­чит, эти точки лежат на окруж­но­сти с диа­мет­ром <i>OA</i>. Впи­сан­ные в эту окруж­ность углы <i>MAO</i> и <i>MNO</i> опи­ра­ют­ся на одну и ту же дугу, по­это­му <img src=\"https://ege.sdamgia.ru/formula/svg/34/34c1d17c374f8029696acfd41de31569.svg\" class=\"tex\" style=\"vertical-align:-2.5pt\" alt=\"\\angle DNM=\\angle MNO=\\angle OAM=\\angle A_1AD.\"> Сле­до­ва­тель­но, <img src=\"https://ege.sdamgia.ru/formula/svg/19/19e53f19d7f331dbda202d1eb13bae47.svg\" class=\"tex\" style=\"vertical-align:-2.5pt\" alt=\"\\angle DNM=\\angle BA_1D_1.\"></p><p><img src=\"/get_file?id=150118\" style=\"margin:10px auto;display:block;max-width:100%\"></p><p class=\"left_margin\">б)  По­сколь­ку диа­метр, пер­пен­ди­ку­ляр­ный хорде, делит ее по­по­лам, тре­уголь­ни­ки <i>ACD</i> и <i>ABD</i> рав­но­бед­рен­ные (их вы­со­та яв­ля­ют­ся ме­ди­а­на­ми). По­ло­жим <img src=\"https://ege.sdamgia.ru/formula/svg/11/1184718d473d4b93f0b0fc411e6dddcd.svg\" class=\"tex\" style=\"vertical-align:-3.0pt\" alt=\"\\angle CDB= альфа , \\angle ADB=2 альфа .\"> Тогда</p><p class=\"left_margin\"></p><center><p><img src=\"https://ege.sdamgia.ru/formula/svg/e2/e22122ec3514e8f944b083af7095ac13.svg\" class=\"tex\" style=\"vertical-align:-1.8pt\" alt=\"\\angle BAD=\\angle ABD=\\angle ACD=180 гра­ду­сов минус 2\\angle ADC=180 гра­ду­сов минус 6 альфа .\"></p><p class=\"left_margin\"></p></center><p class=\"left_margin\">С дру­гой сто­ро­ны, <img src=\"https://ege.sdamgia.ru/formula/svg/c4/c44775d1f8b717617d0c433b14743012.svg\" class=\"tex\" style=\"vertical-align:-8.4pt\" alt=\"\\angle BAD= дробь: чис­ли­тель: 1, зна­ме­на­тель: 2 конец дроби левая круг­лая скоб­ка 180 гра­ду­сов минус \\angle ADB пра­вая круг­лая скоб­ка =90 гра­ду­сов минус альфа ,\"> из ра­вен­ства <img src=\"https://ege.sdamgia.ru/formula/svg/db/db7eaac178745059c9bba79c21825cfc.svg\" class=\"tex\" style=\"vertical-align:-1.8pt\" alt=\"180 гра­ду­сов минус 6 альфа =90 гра­ду­сов минус альфа \"> на­хо­дим, что <img src=\"https://ege.sdamgia.ru/formula/svg/6b/6b72d9cde6591415182448b0757e9d46.svg\" class=\"tex\" style=\"vertical-align:-1.8pt\" alt=\" альфа =18 гра­ду­сов.\"> Сле­до­ва­тель­но, <span data-width=\"640\" data-formulahash=\"3b89cb9e011f75273f325c929dca0a3a\" class=\"tex-span\" style=\"\"><img src=\"https://ege.sdamgia.ru/formula/svg/98/98b384bd54fb19798cce2621d9321a7e.svg\" class=\"tex\" style=\"vertical-align:-2.9pt\" alt=\"\\angle ADC=3 альфа =54 гра­ду­сов, \\angle ABC=180 гра­ду­сов минус \\angle ADC=126 гра­ду­сов, \\angle BAD=\"><br><img src=\"https://ege.sdamgia.ru/formula/svg/aa/aab7eedd994cd9542e095fc3ecceab4e.svg\" class=\"tex\" style=\"vertical-align:-3.0pt\" alt=\"=90 гра­ду­сов минус альфа =72 гра­ду­сов, \\angle BCD=180 гра­ду­сов минус \\angle BAD =108 гра­ду­сов.\"></span></p><p>&nbsp;</p><p><span style=\"letter-spacing: 2px;\">Ответ:</span> б) 72°, 126°, 108°, 54°.</p></div>",
        "image_urls": [
            "https://ege.sdamgia.ru/formula/svg/1f/1f8d213cbc0d53a713e1b9a86d1b3f41.svg",
            "https://ege.sdamgia.ru/formula/svg/11/11c219b9f2176e5ba791e93f8228e12f.svg",
            "https://ege.sdamgia.ru/formula/svg/34/34c1d17c374f8029696acfd41de31569.svg",
            "https://ege.sdamgia.ru/formula/svg/19/19e53f19d7f331dbda202d1eb13bae47.svg",
            "https://ege.sdamgia.ru/formula/svg/11/1184718d473d4b93f0b0fc411e6dddcd.svg",
            "https://ege.sdamgia.ru/formula/svg/e2/e22122ec3514e8f944b083af7095ac13.svg",
            "https://ege.sdamgia.ru/formula/svg/c4/c44775d1f8b717617d0c433b14743012.svg",
            "https://ege.sdamgia.ru/formula/svg/db/db7eaac178745059c9bba79c21825cfc.svg",
            "https://ege.sdamgia.ru/formula/svg/6b/6b72d9cde6591415182448b0757e9d46.svg",
            "https://ege.sdamgia.ru/formula/svg/98/98b384bd54fb19798cce2621d9321a7e.svg",
            "https://ege.sdamgia.ru/formula/svg/aa/aab7eedd994cd9542e095fc3ecceab4e.svg",
            "/get_file?id=150118"
        ]
    },
    "answer": "б) 72°, 126°, 108°, 54°.",
    "topic_id": 17,
    "analog_ids": [
        520661,
        520702
    ]
}