{
    "gia_type": "ege",
    "subject": "math",
    "id": 520848,
    "condition": {
        "text": "Четырёхугольник ABCD вписан в окружность радиусом 10. Известно, что AB = BC = CD = 6.а)  Докажите,что прямые BC и AD параллельны.б)  Найдите AD.",
        "html": "<div align=\"justify\" width=\"100%\" id=\"body629868\" class=\"pbody\"><p class=\"left_margin\">Четырёхуголь­ник <i>ABCD</i> впи­сан в окруж­ность ра­ди­у­сом 10. Из­вест­но, что <nobr><i>AB = BC = CD</i> = 6.</nobr></p><p class=\"left_margin\">а)  До­ка­жи­те,что пря­мые <i>BC</i> и <i>AD</i> па­рал­лель­ны.</p><p class=\"left_margin\">б)  Най­ди­те <i>AD.</i></p></div>",
        "image_urls": []
    },
    "solution": {
        "text": "Решение. а)  Острые углы BCA и CAD равны, поскольку опираются на дуги стянутые  равными хордами AB и CD. Значит, прямые BC и AD параллельны.б)  Хорды AB, BC и CD равны, а потому стягивают равные дуги. Значит,   По теореме синусов для треугольника ABC находим:  откудаОпустим высоту BH на основание AD. Тогда  Ответ: б)   Приведем другое решение пункта б).б)  Обозначим угол BCA через α. По теореме синусов для треугольника ABC находим:  Треугольник ABC равнобедренный, поэтому  Значит,  Четырехугольник ABCD  — равнобедренная трапеция, поэтому  Значит, По теореме синусов для треугольников ACD и ACB получаем:    откуда, используя формулу синуса тройного угла, получаем:  Приведем еще одно решение пункта б)Заметим, что центр описанной окружности лежит вне трапеции. Действительно, если хорды были бы равны радиусу, то центр окружности лежал бы на стороне, как в случае правильного шестиугольника, но хорды меньше, а потому центр окружности лежит вне трапеции. (Другое рассуждение: угол при вершине в треугольнике со сторонами 10, 10 и 6 меньше 60°, поэтому сумма центральных углов меньше 180°).Проведем две высоты трапеции BH: исходящую из вершины B и параллельную ей высоту EF, проходящую через центр окружности. Обозначим AE = x, OE = y. Тогда из треугольника AOE по теореме Пифагора находим  а из треугольника BOF получаем, что  Тогда высота трапеции  а AH = x – 3. Запишем теорему Пифагора для треугольника ABH:Подставим полученный результат в первое уравнение и решим его:Очевидно, что нам подходит только положительный корень, откуда AD  =  2x  =  15,84.",
        "html": "<div align=\"justify\" width=\"100%\" id=\"sol520848\" class=\"solution\" style=\"clear:both;\" class=\"pbody\"><p class=\"left_margin\"></p><b>Ре­ше­ние<!--rule_info-->. </b><p class=\"left_margin\"><img src=\"/get_file?id=150247\" style=\"float:right;margin:10px;max-width:100%\"></p><p class=\"left_margin\">а)  Ост­рые углы <i>BCA</i> и <i>CAD</i> равны, по­сколь­ку опи­ра­ют­ся на дуги стя­ну­тые  рав­ны­ми хор­да­ми <i>AB</i> и <i>CD.</i> Зна­чит, пря­мые <i>BC</i> и <i>AD</i> па­рал­лель­ны.</p><p class=\"left_margin\">б)  Хорды <i>AB</i>, <i>BC</i> и <i>CD</i> равны, а по­то­му стя­ги­ва­ют рав­ные дуги. Зна­чит, <img src=\"https://ege.sdamgia.ru/formula/svg/92/92520019d6da6ec501c53d834cf68e14.svg\" class=\"tex\" style=\"vertical-align:-3.0pt\" alt=\"\\angle BAC=\\angle CAD= альфа ,\"> <img src=\"https://ege.sdamgia.ru/formula/svg/4e/4ef3b13661e5975d591c2b9fbbc354f6.svg\" class=\"tex\" style=\"vertical-align:-1.8pt\" alt=\"\\angle BAD=2 альфа .\"> По тео­ре­ме си­ну­сов для тре­уголь­ни­ка <i>ABC</i> на­хо­дим: <img src=\"https://ege.sdamgia.ru/formula/svg/c7/c731fe65c012fb76f880840070fff4b1.svg\" class=\"tex\" style=\"vertical-align:-8.3pt\" alt=\" синус альфа = дробь: чис­ли­тель: AB, зна­ме­на­тель: 2R конец дроби =0,3, \"> от­ку­да</p><p class=\"left_margin\"></p><center><p><img src=\"https://ege.sdamgia.ru/formula/svg/18/18492f9e0bca86da72a5bc0a33b9e3d6.svg\" class=\"tex\" style=\"vertical-align:-3.0pt\" alt=\" ко­си­нус BAD= ко­си­нус 2 альфа =1 минус 2 синус в квад­ра­те альфа =1 минус 2 умно­жить на 0,09=0,82.\"></p><p class=\"left_margin\"></p></center><p class=\"left_margin\">Опу­стим вы­со­ту <i>BH</i> на ос­но­ва­ние <i>AD</i>. Тогда </p><p class=\"left_margin\"></p><center><p><span data-width=\"640\" data-formulahash=\"24158a3aa204a9042066647773288474\" class=\"tex-span\" style=\"\"><img src=\"https://ege.sdamgia.ru/formula/svg/24/24158a3aa204a9042066647773288474.svg\" class=\"tex\" style=\"vertical-align:-3.0pt\" alt=\"AD=2AH плюс BC=2AB ко­си­нус BAD плюс BC=2 умно­жить на 6 умно­жить на 0,82 плюс 6=9,84 плюс 6=15,84.\"></span><span data-width=\"515\" data-formulahash=\"24158a3aa204a9042066647773288474\" class=\"tex-span\" style=\"display:none\"><img src=\"https://ege.sdamgia.ru/formula/svg/2f/2fd9e89e9b360139ebf1167f05d99056.svg\" class=\"tex\" style=\"vertical-align:-1.8pt\" alt=\"AD=2AH плюс BC=2AB ко­си­нус BAD плюс BC=\"><br><img src=\"https://ege.sdamgia.ru/formula/svg/b5/b5e57115a1f85555c05c87afeb0529d5.svg\" class=\"tex\" style=\"vertical-align:-3.0pt\" alt=\"=2 умно­жить на 6 умно­жить на 0,82 плюс 6=9,84 плюс 6=15,84.\"></span></p><p class=\"left_margin\"></p></center><p>&nbsp;</p><p><span style=\"letter-spacing: 2px;\">Ответ:</span> б) <img src=\"https://ege.sdamgia.ru/formula/svg/6c/6c5cc81f3b4be80e133f1f8b79049aad.svg\" class=\"tex\" style=\"vertical-align:-3.0pt\" alt=\"15,84.\"></p><p>&nbsp;</p><p>&nbsp;</p><p><b>При­ве­дем дру­гое ре­ше­ние пунк­та б).</b></p><p class=\"left_margin\">б)  Обо­зна­чим угол <i>BCA</i> через α. По тео­ре­ме си­ну­сов для тре­уголь­ни­ка <i>ABC</i> на­хо­дим: <img src=\"https://ege.sdamgia.ru/formula/svg/d7/d7c09c01b0b2e75044d072778a8cb043.svg\" class=\"tex\" style=\"vertical-align:-8.3pt\" alt=\" синус альфа = дробь: чис­ли­тель: AB, зна­ме­на­тель: 2R конец дроби =0,3. \"> Тре­уголь­ник <i>ABC</i> рав­но­бед­рен­ный, по­это­му <img src=\"https://ege.sdamgia.ru/formula/svg/87/870160e3cecc39c713471a7fdb99ea2f.svg\" class=\"tex\" style=\"vertical-align:-1.8pt\" alt=\"\\angleBAC=\\angleBCA= альфа .\"> Зна­чит, <img src=\"https://ege.sdamgia.ru/formula/svg/ee/ee7d7b3dec2f748705735d3072afc67f.svg\" class=\"tex\" style=\"vertical-align:-1.8pt\" alt=\"\\angleBAC плюс \\angleCAD= 2 альфа .\"> Че­ты­рех­уголь­ник <i>ABCD</i>  — рав­но­бед­рен­ная тра­пе­ция, по­это­му <img src=\"https://ege.sdamgia.ru/formula/svg/6b/6b181fc4d15a5334bfed93ba53aa5bc7.svg\" class=\"tex\" style=\"vertical-align:-1.8pt\" alt=\"\\angleCDA=\\angleBAD=2 альфа .\"> Зна­чит, </p><p class=\"left_margin\"></p><center><p><img src=\"https://ege.sdamgia.ru/formula/svg/c1/c161e9063e6264f95aba30bc9bd95b85.svg\" class=\"tex\" style=\"vertical-align:-1.8pt\" alt=\"\\angleACD=180 гра­ду­сов минус \\angleCAD минус \\angleCDA=180 гра­ду­сов минус 3 альфа .\"></p><p class=\"left_margin\"></p></center><p class=\"left_margin\">По тео­ре­ме си­ну­сов для тре­уголь­ни­ков <i>ACD</i> и <i>ACB</i> по­лу­ча­ем: </p><p class=\"left_margin\"></p><center><p> <img src=\"https://ege.sdamgia.ru/formula/svg/d8/d80f9fc19e6064d6c4838bfa6c1ed86d.svg\" class=\"tex\" style=\"vertical-align:-11.1pt\" alt=\"2R = дробь: чис­ли­тель: AD, зна­ме­на­тель: синус левая круг­лая скоб­ка 180 гра­ду­сов минус 3 альфа пра­вая круг­лая скоб­ка конец дроби = дробь: чис­ли­тель: AB, зна­ме­на­тель: синус альфа конец дроби , \"> </p><p class=\"left_margin\"></p></center> от­ку­да, ис­поль­зуя фор­му­лу си­ну­са трой­но­го угла, по­лу­ча­ем: <p class=\"left_margin\"></p><center><p><img src=\"https://ege.sdamgia.ru/formula/svg/ac/ac5a53ae362e2ed17423671056cdb9f2.svg\" class=\"tex\" style=\"vertical-align:-8.4pt\" alt=\"AD= дробь: чис­ли­тель: синус 3 альфа , зна­ме­на­тель: синус альфа конец дроби умно­жить на AB= дробь: чис­ли­тель: 3 синус альфа минус 4 синус в кубе альфа , зна­ме­на­тель: синус альфа конец дроби умно­жить на AB= левая круг­лая скоб­ка 3 минус 4 синус в квад­ра­те альфа пра­вая круг­лая скоб­ка умно­жить на AB=15,84. \"></p><p class=\"left_margin\"></p></center><p>&nbsp;</p><p><b>При­ве­дем еще одно ре­ше­ние пунк­та б)</b></p><p><img src=\"/get_file?id=153579\" style=\"float:right;margin:10px;max-width:100%\"></p><p class=\"left_margin\">За­ме­тим, что центр опи­сан­ной окруж­но­сти лежит вне тра­пе­ции. Дей­стви­тель­но, если хорды были бы равны ра­ди­у­су, то центр окруж­но­сти лежал бы на сто­ро­не, как в слу­чае пра­виль­но­го ше­сти­уголь­ни­ка, но хорды мень­ше, а по­то­му центр окруж­но­сти лежит вне тра­пе­ции. (Дру­гое рас­суж­де­ние: угол при вер­ши­не в тре­уголь­ни­ке со сто­ро­на­ми 10, 10 и 6 мень­ше 60°, по­это­му сумма цен­траль­ных углов мень­ше 180°).</p><p class=\"left_margin\">Про­ве­дем две вы­со­ты тра­пе­ции <i>BH</i>: ис­хо­дя­щую из вер­ши­ны <i>B</i> и па­рал­лель­ную ей вы­со­ту <i>EF</i>, про­хо­дя­щую через центр окруж­но­сти. Обо­зна­чим <i>AE = x</i>, <i>OE = y</i>. Тогда из тре­уголь­ни­ка <i>AOE</i> по тео­ре­ме Пи­фа­го­ра на­хо­дим <img src=\"https://ege.sdamgia.ru/formula/svg/bc/bc011c18b67a7fe02c08695f4d72eb42.svg\" class=\"tex\" style=\"vertical-align:-3.0pt\" alt=\"x в квад­ра­те плюс y в квад­ра­те =100,\"> а из тре­уголь­ни­ка <i>BOF</i> по­лу­ча­ем, что <img src=\"https://ege.sdamgia.ru/formula/svg/74/746a41c455a0a453b1943557ecf9d10d.svg\" class=\"tex\" style=\"vertical-align:-1.8pt\" alt=\"OF= ко­рень из: на­ча­ло ар­гу­мен­та: 91 конец ар­гу­мен­та .\"> Тогда вы­со­та тра­пе­ции <img src=\"https://ege.sdamgia.ru/formula/svg/33/330f8e63b16049f4ac6e5552c8e5d0a2.svg\" class=\"tex\" style=\"vertical-align:-3.0pt\" alt=\"BH=EF= ко­рень из: на­ча­ло ар­гу­мен­та: 91 конец ар­гу­мен­та минус y,\"> а <i>AH</i> = <i>x</i> – 3. За­пи­шем тео­ре­му Пи­фа­го­ра для тре­уголь­ни­ка <i>ABH</i>:</p><p class=\"left_margin\"></p><center><p><img src=\"https://ege.sdamgia.ru/formula/svg/73/731d93f2ef28e112074494b4578eabb2.svg\" class=\"tex\" style=\"vertical-align:-3.5pt\" alt=\" левая круг­лая скоб­ка x минус 3 пра­вая круг­лая скоб­ка в квад­ра­те плюс левая круг­лая скоб­ка ко­рень из: на­ча­ло ар­гу­мен­та: 91 конец ар­гу­мен­та минус y пра­вая круг­лая скоб­ка в квад­ра­те =6 в квад­ра­те рав­но­силь­но x в квад­ра­те минус 6x плюс 9 плюс 91 минус 2y ко­рень из: на­ча­ло ар­гу­мен­та: 91 конец ар­гу­мен­та плюс y в квад­ра­те =36 рав­но­силь­но \"></p><p><img src=\"https://ege.sdamgia.ru/formula/svg/ff/ff3c67b080bc246673a24d2630dca60c.svg\" class=\"tex\" style=\"vertical-align:-11.0pt\" alt=\" рав­но­силь­но 2y ко­рень из: на­ча­ло ар­гу­мен­та: 91 конец ар­гу­мен­та =164 минус 6x рав­но­силь­но y= дробь: чис­ли­тель: 82 минус 3x, зна­ме­на­тель: ко­рень из: на­ча­ло ар­гу­мен­та: 91 конец ар­гу­мен­та конец дроби . \"></p><p class=\"left_margin\"></p></center><p class=\"left_margin\">Под­ста­вим по­лу­чен­ный ре­зуль­тат в пер­вое урав­не­ние и решим его:</p><p class=\"left_margin\"></p><center><p><span data-width=\"640\" data-formulahash=\"bd76cae28d87284881e6ad7fd2a7693b\" class=\"tex-span\" style=\"\"><img src=\"https://ege.sdamgia.ru/formula/svg/28/280279c92755306fbae4b31a78bbe867.svg\" class=\"tex\" style=\"vertical-align:-8.4pt\" alt=\"x в квад­ра­те плюс дробь: чис­ли­тель: левая круг­лая скоб­ка 82 минус 3x пра­вая круг­лая скоб­ка в квад­ра­те , зна­ме­на­тель: 91 конец дроби = 100 рав­но­силь­но 100x в квад­ра­те минус 6 умно­жить на 82x плюс 82 в квад­ра­те минус 91 умно­жить на 100 = 0 рав­но­силь­но 25x в квад­ра­те минус 3 умно­жить на 41x плюс 41 в квад­ра­те минус 91 умно­жить на 25 = 0 рав­но­силь­но \"><br><img src=\"https://ege.sdamgia.ru/formula/svg/ac/acaed4cea7c5e9d0b4d8a54f2ec3a978.svg\" class=\"tex\" style=\"vertical-align:-8.4pt\" alt=\" рав­но­силь­но x = дробь: чис­ли­тель: 3 умно­жить на 41\\pm ко­рень из: на­ча­ло ар­гу­мен­та: 9 умно­жить на 41 в квад­ра­те минус 4 умно­жить на 25 левая круг­лая скоб­ка 41 в квад­ра­те минус 91 умно­жить на 25 пра­вая круг­лая скоб­ка конец ар­гу­мен­та , зна­ме­на­тель: 50 конец дроби = дробь: чис­ли­тель: 3 умно­жить на 41\\pm ко­рень из: на­ча­ло ар­гу­мен­та: 91 умно­жить на 4 умно­жить на 25 в квад­ра­те минус 41 в квад­ра­те умно­жить на 91 конец ар­гу­мен­та , зна­ме­на­тель: 50 конец дроби = дробь: чис­ли­тель: 3 умно­жить на 41\\pm ко­рень из: на­ча­ло ар­гу­мен­та: 91 левая круг­лая скоб­ка 50 в квад­ра­те минус 41 в квад­ра­те пра­вая круг­лая скоб­ка конец ар­гу­мен­та , зна­ме­на­тель: 50 конец дроби = дробь: чис­ли­тель: 3 умно­жить на 41\\pm3 умно­жить на 91, зна­ме­на­тель: 50 конец дроби рав­но­силь­но \"><br><img src=\"https://ege.sdamgia.ru/formula/svg/f6/f6d4940efc9576108b8c795c3c799258.svg\" class=\"tex\" style=\"vertical-align:-18.1pt\" alt=\" рав­но­силь­но со­во­куп­ность вы­ра­же­ний x = минус 3, x = \\dfrac39650. конец со­во­куп­но­сти .\"></span><span data-width=\"615\" data-formulahash=\"bd76cae28d87284881e6ad7fd2a7693b\" class=\"tex-span\" style=\"display:none\"><img src=\"https://ege.sdamgia.ru/formula/svg/6e/6efd8632ed0f6465ffd5cb8b81b3c095.svg\" class=\"tex\" style=\"vertical-align:-8.4pt\" alt=\"x в квад­ра­те плюс дробь: чис­ли­тель: левая круг­лая скоб­ка 82 минус 3x пра­вая круг­лая скоб­ка в квад­ра­те , зна­ме­на­тель: 91 конец дроби = 100 рав­но­силь­но 100x в квад­ра­те минус 6 умно­жить на 82x плюс 82 в квад­ра­те минус 91 умно­жить на 100 = 0 рав­но­силь­но \"><br><img src=\"https://ege.sdamgia.ru/formula/svg/be/bea2a9a8aad4cd8232cc34f114765129.svg\" class=\"tex\" style=\"vertical-align:-1.8pt\" alt=\" рав­но­силь­но 25x в квад­ра­те минус 3 умно­жить на 41x плюс 41 в квад­ра­те минус 91 умно­жить на 25 = 0 рав­но­силь­но \"><br><img src=\"https://ege.sdamgia.ru/formula/svg/ac/acaed4cea7c5e9d0b4d8a54f2ec3a978.svg\" class=\"tex\" style=\"vertical-align:-8.4pt\" alt=\" рав­но­силь­но x = дробь: чис­ли­тель: 3 умно­жить на 41\\pm ко­рень из: на­ча­ло ар­гу­мен­та: 9 умно­жить на 41 в квад­ра­те минус 4 умно­жить на 25 левая круг­лая скоб­ка 41 в квад­ра­те минус 91 умно­жить на 25 пра­вая круг­лая скоб­ка конец ар­гу­мен­та , зна­ме­на­тель: 50 конец дроби = дробь: чис­ли­тель: 3 умно­жить на 41\\pm ко­рень из: на­ча­ло ар­гу­мен­та: 91 умно­жить на 4 умно­жить на 25 в квад­ра­те минус 41 в квад­ра­те умно­жить на 91 конец ар­гу­мен­та , зна­ме­на­тель: 50 конец дроби = дробь: чис­ли­тель: 3 умно­жить на 41\\pm ко­рень из: на­ча­ло ар­гу­мен­та: 91 левая круг­лая скоб­ка 50 в квад­ра­те минус 41 в квад­ра­те пра­вая круг­лая скоб­ка конец ар­гу­мен­та , зна­ме­на­тель: 50 конец дроби = дробь: чис­ли­тель: 3 умно­жить на 41\\pm3 умно­жить на 91, зна­ме­на­тель: 50 конец дроби рав­но­силь­но \"><br><img src=\"https://ege.sdamgia.ru/formula/svg/f6/f6d4940efc9576108b8c795c3c799258.svg\" class=\"tex\" style=\"vertical-align:-18.1pt\" alt=\" рав­но­силь­но со­во­куп­ность вы­ра­же­ний x = минус 3, x = \\dfrac39650. конец со­во­куп­но­сти .\"></span><span data-width=\"390\" data-formulahash=\"bd76cae28d87284881e6ad7fd2a7693b\" class=\"tex-span\" style=\"display:none\"><img src=\"https://ege.sdamgia.ru/formula/svg/ca/ca62d00e951c787bd6e90b79e6605e5f.svg\" class=\"tex\" style=\"vertical-align:-8.5pt\" alt=\"x в квад­ра­те плюс дробь: чис­ли­тель: левая круг­лая скоб­ка 82 минус 3x пра­вая круг­лая скоб­ка в квад­ра­те , зна­ме­на­тель: 91 конец дроби = 100 рав­но­силь­но \"><br><img src=\"https://ege.sdamgia.ru/formula/svg/be/bed72365b0c55081fb74aa3301cc4a0f.svg\" class=\"tex\" style=\"vertical-align:-1.8pt\" alt=\" рав­но­силь­но 100x в квад­ра­те минус 6 умно­жить на 82x плюс 82 в квад­ра­те минус 91 умно­жить на 100 = 0 рав­но­силь­но \"><br><img src=\"https://ege.sdamgia.ru/formula/svg/be/bea2a9a8aad4cd8232cc34f114765129.svg\" class=\"tex\" style=\"vertical-align:-1.8pt\" alt=\" рав­но­силь­но 25x в квад­ра­те минус 3 умно­жить на 41x плюс 41 в квад­ра­те минус 91 умно­жить на 25 = 0 рав­но­силь­но \"><br><img src=\"https://ege.sdamgia.ru/formula/svg/ac/acaed4cea7c5e9d0b4d8a54f2ec3a978.svg\" class=\"tex\" style=\"vertical-align:-8.4pt\" alt=\" рав­но­силь­но x = дробь: чис­ли­тель: 3 умно­жить на 41\\pm ко­рень из: на­ча­ло ар­гу­мен­та: 9 умно­жить на 41 в квад­ра­те минус 4 умно­жить на 25 левая круг­лая скоб­ка 41 в квад­ра­те минус 91 умно­жить на 25 пра­вая круг­лая скоб­ка конец ар­гу­мен­та , зна­ме­на­тель: 50 конец дроби = дробь: чис­ли­тель: 3 умно­жить на 41\\pm ко­рень из: на­ча­ло ар­гу­мен­та: 91 умно­жить на 4 умно­жить на 25 в квад­ра­те минус 41 в квад­ра­те умно­жить на 91 конец ар­гу­мен­та , зна­ме­на­тель: 50 конец дроби = дробь: чис­ли­тель: 3 умно­жить на 41\\pm ко­рень из: на­ча­ло ар­гу­мен­та: 91 левая круг­лая скоб­ка 50 в квад­ра­те минус 41 в квад­ра­те пра­вая круг­лая скоб­ка конец ар­гу­мен­та , зна­ме­на­тель: 50 конец дроби = дробь: чис­ли­тель: 3 умно­жить на 41\\pm3 умно­жить на 91, зна­ме­на­тель: 50 конец дроби рав­но­силь­но \"><br><img src=\"https://ege.sdamgia.ru/formula/svg/f6/f6d4940efc9576108b8c795c3c799258.svg\" class=\"tex\" style=\"vertical-align:-18.1pt\" alt=\" рав­но­силь­но со­во­куп­ность вы­ра­же­ний x = минус 3, x = \\dfrac39650. конец со­во­куп­но­сти .\"></span></p><p class=\"left_margin\"></p></center><p class=\"left_margin\">Оче­вид­но, что нам под­хо­дит толь­ко по­ло­жи­тель­ный ко­рень, от­ку­да <i>AD</i>  =  2<i>x</i>  =  15,84.</p></div>",
        "image_urls": [
            "https://ege.sdamgia.ru/formula/svg/92/92520019d6da6ec501c53d834cf68e14.svg",
            "https://ege.sdamgia.ru/formula/svg/4e/4ef3b13661e5975d591c2b9fbbc354f6.svg",
            "https://ege.sdamgia.ru/formula/svg/c7/c731fe65c012fb76f880840070fff4b1.svg",
            "https://ege.sdamgia.ru/formula/svg/18/18492f9e0bca86da72a5bc0a33b9e3d6.svg",
            "https://ege.sdamgia.ru/formula/svg/24/24158a3aa204a9042066647773288474.svg",
            "https://ege.sdamgia.ru/formula/svg/2f/2fd9e89e9b360139ebf1167f05d99056.svg",
            "https://ege.sdamgia.ru/formula/svg/b5/b5e57115a1f85555c05c87afeb0529d5.svg",
            "https://ege.sdamgia.ru/formula/svg/6c/6c5cc81f3b4be80e133f1f8b79049aad.svg",
            "https://ege.sdamgia.ru/formula/svg/d7/d7c09c01b0b2e75044d072778a8cb043.svg",
            "https://ege.sdamgia.ru/formula/svg/87/870160e3cecc39c713471a7fdb99ea2f.svg",
            "https://ege.sdamgia.ru/formula/svg/ee/ee7d7b3dec2f748705735d3072afc67f.svg",
            "https://ege.sdamgia.ru/formula/svg/6b/6b181fc4d15a5334bfed93ba53aa5bc7.svg",
            "https://ege.sdamgia.ru/formula/svg/c1/c161e9063e6264f95aba30bc9bd95b85.svg",
            "https://ege.sdamgia.ru/formula/svg/d8/d80f9fc19e6064d6c4838bfa6c1ed86d.svg",
            "https://ege.sdamgia.ru/formula/svg/ac/ac5a53ae362e2ed17423671056cdb9f2.svg",
            "https://ege.sdamgia.ru/formula/svg/bc/bc011c18b67a7fe02c08695f4d72eb42.svg",
            "https://ege.sdamgia.ru/formula/svg/74/746a41c455a0a453b1943557ecf9d10d.svg",
            "https://ege.sdamgia.ru/formula/svg/33/330f8e63b16049f4ac6e5552c8e5d0a2.svg",
            "https://ege.sdamgia.ru/formula/svg/73/731d93f2ef28e112074494b4578eabb2.svg",
            "https://ege.sdamgia.ru/formula/svg/ff/ff3c67b080bc246673a24d2630dca60c.svg",
            "https://ege.sdamgia.ru/formula/svg/28/280279c92755306fbae4b31a78bbe867.svg",
            "https://ege.sdamgia.ru/formula/svg/ac/acaed4cea7c5e9d0b4d8a54f2ec3a978.svg",
            "https://ege.sdamgia.ru/formula/svg/f6/f6d4940efc9576108b8c795c3c799258.svg",
            "https://ege.sdamgia.ru/formula/svg/6e/6efd8632ed0f6465ffd5cb8b81b3c095.svg",
            "https://ege.sdamgia.ru/formula/svg/be/bea2a9a8aad4cd8232cc34f114765129.svg",
            "https://ege.sdamgia.ru/formula/svg/ac/acaed4cea7c5e9d0b4d8a54f2ec3a978.svg",
            "https://ege.sdamgia.ru/formula/svg/f6/f6d4940efc9576108b8c795c3c799258.svg",
            "https://ege.sdamgia.ru/formula/svg/ca/ca62d00e951c787bd6e90b79e6605e5f.svg",
            "https://ege.sdamgia.ru/formula/svg/be/bed72365b0c55081fb74aa3301cc4a0f.svg",
            "https://ege.sdamgia.ru/formula/svg/be/bea2a9a8aad4cd8232cc34f114765129.svg",
            "https://ege.sdamgia.ru/formula/svg/ac/acaed4cea7c5e9d0b4d8a54f2ec3a978.svg",
            "https://ege.sdamgia.ru/formula/svg/f6/f6d4940efc9576108b8c795c3c799258.svg",
            "/get_file?id=150247",
            "/get_file?id=153579"
        ]
    },
    "answer": "б)",
    "topic_id": 17,
    "analog_ids": [
        520848,
        520786
    ]
}