{
    "gia_type": "ege",
    "subject": "math",
    "id": 551190,
    "condition": {
        "text": "Хорды АС и BD пересекаются в точке Т. На хорде ВС отложен отрезок СР, равный AD. Точки Р и D равноудалены от хорды АС, а отрезок ТР перпендикулярен хорде ВС. а)  Докажите, что площади четырехугольников ABPD и APCD равны. б)  Найдите эти площади, если площадь треугольника ATD равна трем.",
        "html": "<div align=\"justify\" width=\"100%\" id=\"body395242\" class=\"pbody\"><p class=\"left_margin\">Хорды <i>АС</i> и <i>BD</i> пе­ре­се­ка­ют­ся в точке <i>Т</i>. На хорде <i>ВС</i> от­ло­жен от­ре­зок <i>СР</i>, рав­ный <i>AD</i>. Точки<i> Р</i> и <i>D</i> рав­но­уда­ле­ны от хорды <i>АС</i>, а от­ре­зок <i>ТР</i> пер­пен­ди­ку­ля­рен хорде <i>ВС.</i> </p><p class=\"left_margin\">а)  До­ка­жи­те, что пло­ща­ди че­ты­рех­уголь­ни­ков <i>ABPD</i> и <i>APCD</i> равны. </p><p class=\"left_margin\">б)  Най­ди­те эти пло­ща­ди, если пло­щадь тре­уголь­ни­ка <i>ATD</i> равна трем.</p></div>",
        "image_urls": []
    },
    "solution": {
        "text": "Решение. а)  Проведем   — перпендикуляр из точки P к хорде AC и DH2  — перпендикуляр из точки D к прямой AC. По условию, AD  =  PC, DH2  =  PH1, следовательно, треугольники  ADH2 и СPH1 равны. Тогда углы DAT и PCT равны. Таким образом, прямые AD и BC параллельны, а четырехугольник  ABCD  — равнобедренная трапеция. Следовательно, треугольник BTC равнобедренный, поэтому  TP  — его медиана, а значит, BP  =  PC. Площади четырехугольников  ABPD и APCD равны, так как это равные параллелограммы. Что и требовалось доказать.б)  Из отношения  получим, что треугольники BTC и ATD подобны с коэффициентом 2 : 1, значит, Таким образом, SBTC  =  12.Из подобия следует, что  Из отношения  найдем, что  Вычислим площадь трапеции ABCD: Заметим теперь, что  где h  — высота трапеции. Поскольку  находим:  Ответ: б)",
        "html": "<div align=\"justify\" width=\"100%\" id=\"sol551190\" class=\"solution\" style=\"clear:both;\" class=\"pbody\"><p class=\"left_margin\"></p><b>Ре­ше­ние<!--rule_info-->. </b><p class=\"left_margin\"><img src=\"/get_file?id=150415\" style=\"float:right;margin:10px;max-width:100%\"></p><p class=\"left_margin\">а)  Про­ве­дем <i><img src=\"https://ege.sdamgia.ru/formula/svg/70/70ef56c07f89e395850b179426734e47.svg\" class=\"tex\" style=\"vertical-align:-2.5pt\" alt=\"PH_1\"></i>  — пер­пен­ди­ку­ляр из точки <i>P</i> к хорде <i>AC</i> и <i>DH</i><sub>2</sub>  — пер­пен­ди­ку­ляр из точки <i>D</i> к пря­мой <i>AC</i>. По усло­вию, <i>AD</i>  =  <i>PC</i>, <i>DH</i><sub>2</sub>  =  <i>PH</i><sub>1</sub>, сле­до­ва­тель­но, тре­уголь­ни­ки  <i>ADH</i><sub>2</sub> и <i>СPH</i><sub>1</sub> равны. Тогда углы <i>DAT</i> и <i>PCT</i> равны. Таким об­ра­зом, пря­мые <i>AD</i> и <i>BC</i> па­рал­лель­ны, а че­ты­рех­уголь­ник  <i>ABCD</i>  — рав­но­бед­рен­ная тра­пе­ция. Сле­до­ва­тель­но, тре­уголь­ник <i>BTC</i> рав­но­бед­рен­ный, по­это­му  <i>TP</i>  — его ме­ди­а­на, а зна­чит, <i>BP</i>  =  <i>PC</i>. Пло­ща­ди че­ты­рех­уголь­ни­ков  <i>ABPD</i> и <i>APCD</i> равны, так как это рав­ные па­рал­ле­ло­грам­мы. Что и тре­бо­ва­лось до­ка­зать.</p><p class=\"left_margin\">б)  Из от­но­ше­ния <img src=\"https://ege.sdamgia.ru/formula/svg/61/6184ce8dd2e86ac0022ce87e3f39517f.svg\" class=\"tex\" style=\"vertical-align:-3.0pt\" alt=\"AD:BC=1:2,\"> по­лу­чим, что тре­уголь­ни­ки <i>BTC</i> и <i>ATD</i> по­доб­ны с ко­эф­фи­ци­ен­том 2 : 1, зна­чит,</p><p class=\"left_margin\"></p><center><p><img src=\"https://ege.sdamgia.ru/formula/svg/49/49d0559dc634760dfa34a12ec5511936.svg\" class=\"tex\" style=\"vertical-align:-3.6pt\" alt=\"S_BTC: S_ATD = левая круг­лая скоб­ка 2:1 пра­вая круг­лая скоб­ка в квад­ра­те = 4:1.\"></p><p class=\"left_margin\"></p></center><p> Таким об­ра­зом, <i>S</i><sub><i>BTC</i></sub>  =  12.</p><p class=\"left_margin\">Из по­до­бия сле­ду­ет, что <img src=\"https://ege.sdamgia.ru/formula/svg/37/37ade8356dd5f802d9bb4884dd45564f.svg\" class=\"tex\" style=\"vertical-align:-1.8pt\" alt=\"DT:TB=1:2.\"> Из от­но­ше­ния <img src=\"https://ege.sdamgia.ru/formula/svg/90/901c536249fab3813d66b7fb70073259.svg\" class=\"tex\" style=\"vertical-align:-3.0pt\" alt=\"S_ATD:S_ATB=DT:TB=1:2,\"> най­дем, что <img src=\"https://ege.sdamgia.ru/formula/svg/ef/ef0ab9760bcfdfe6a7bdf184fad55f82.svg\" class=\"tex\" style=\"vertical-align:-2.5pt\" alt=\"S_ATB =6 = S_TDC.\"> Вы­чис­лим пло­щадь тра­пе­ции <i>ABCD</i>:</p><p class=\"left_margin\"></p><center><p><img src=\"https://ege.sdamgia.ru/formula/svg/dc/dccf2e97d80b0bb14ba54ae0b7b524ab.svg\" class=\"tex\" style=\"vertical-align:-2.5pt\" alt=\"S_ABCD=3 плюс 12 плюс 6 плюс 6=27.\"></p><p class=\"left_margin\"></p></center><p> За­ме­тим те­перь, что <img src=\"https://ege.sdamgia.ru/formula/svg/71/71839df7ed360df61205097b3a70dcc4.svg\" class=\"tex\" style=\"vertical-align:-3.0pt\" alt=\"S_ABPD=S_APCD=AD умно­жить на h,\"> где <i>h</i>  — вы­со­та тра­пе­ции. По­сколь­ку </p><p class=\"left_margin\"></p><center><p><img src=\"https://ege.sdamgia.ru/formula/svg/ae/ae667510e1563295f41991bde27cd7ad.svg\" class=\"tex\" style=\"vertical-align:-8.3pt\" alt=\"S_ABCD= дробь: чис­ли­тель: AD плюс BC, зна­ме­на­тель: 2 конец дроби умно­жить на h= дробь: чис­ли­тель: 3AD, зна­ме­на­тель: 2 конец дроби умно­жить на h=27, \"> </p><p class=\"left_margin\"></p></center><p>на­хо­дим: <img src=\"https://ege.sdamgia.ru/formula/svg/78/78e51d7cb333abd346d240cd3485b3bf.svg\" class=\"tex\" style=\"vertical-align:-8.5pt\" alt=\"S_ABPD=S_APCD= дробь: чис­ли­тель: 2, зна­ме­на­тель: 3 конец дроби умно­жить на S_ABCD=18.\"></p><p>&nbsp;</p><p><span style=\"letter-spacing: 2px;\">Ответ:</span> б)<img src=\"https://ege.sdamgia.ru/formula/svg/66/66c0d380f388692e33ae19643a5466e4.svg\" class=\"tex\" style=\"vertical-align:-1.8pt\" alt=\" 18.\"></p></div>",
        "image_urls": [
            "https://ege.sdamgia.ru/formula/svg/70/70ef56c07f89e395850b179426734e47.svg",
            "https://ege.sdamgia.ru/formula/svg/61/6184ce8dd2e86ac0022ce87e3f39517f.svg",
            "https://ege.sdamgia.ru/formula/svg/49/49d0559dc634760dfa34a12ec5511936.svg",
            "https://ege.sdamgia.ru/formula/svg/37/37ade8356dd5f802d9bb4884dd45564f.svg",
            "https://ege.sdamgia.ru/formula/svg/90/901c536249fab3813d66b7fb70073259.svg",
            "https://ege.sdamgia.ru/formula/svg/ef/ef0ab9760bcfdfe6a7bdf184fad55f82.svg",
            "https://ege.sdamgia.ru/formula/svg/dc/dccf2e97d80b0bb14ba54ae0b7b524ab.svg",
            "https://ege.sdamgia.ru/formula/svg/71/71839df7ed360df61205097b3a70dcc4.svg",
            "https://ege.sdamgia.ru/formula/svg/ae/ae667510e1563295f41991bde27cd7ad.svg",
            "https://ege.sdamgia.ru/formula/svg/78/78e51d7cb333abd346d240cd3485b3bf.svg",
            "https://ege.sdamgia.ru/formula/svg/66/66c0d380f388692e33ae19643a5466e4.svg",
            "/get_file?id=150415"
        ]
    },
    "answer": "б)",
    "topic_id": 17,
    "analog_ids": []
}