{
    "gia_type": "ege",
    "subject": "math",
    "id": 552111,
    "condition": {
        "text": "Четырехугольник ABCD вписан в окружность радиуса R  =  27. Известно, что AB  =  BC  =  CD  =  36.а)  Докажите, что прямые BC и AD параллельны.б)  Найдите AD.",
        "html": "<div align=\"justify\" width=\"100%\" id=\"body393811\" class=\"pbody\"><p class=\"left_margin\">Че­ты­рех­уголь­ник <i>ABCD</i> впи­сан в окруж­ность ра­ди­у­са <i>R</i>  =  27. Из­вест­но, что <i>AB</i>  =  <i>BC</i>  =  <i>CD</i>  =  36.</p><p class=\"left_margin\">а)  До­ка­жи­те, что пря­мые <i>BC</i> и <i>AD</i> па­рал­лель­ны.</p><p class=\"left_margin\">б)  Най­ди­те <i>AD</i>.</p></div>",
        "image_urls": []
    },
    "solution": {
        "text": "Решение. а)  Острые углы BCA и CAD равны, поскольку опираются на равные хорды AB и CD. Значит, прямые BC и AD параллельны.б)  Обозначим BCA через α. По теореме синусов  Треугольник ABC равнобедренный, поэтому  Значит,  Четырехугольник ABCD  — равнобедренная трапеция, поэтому  Следовательно, По теореме синусов для треугольников ACD и ACB получаем:откудаОтвет: б) 44.",
        "html": "<div align=\"justify\" width=\"100%\" id=\"sol552111\" class=\"solution\" style=\"clear:both;\" class=\"pbody\"><p class=\"left_margin\"></p><b>Ре­ше­ние<!--rule_info-->. </b><p class=\"left_margin\"><img src=\"/get_file?id=70297\" style=\"float:right;margin:10px;max-width:100%\">а)  Ост­рые углы <i>BCA</i> и <i>CAD</i> равны, по­сколь­ку опи­ра­ют­ся на рав­ные хорды <i>AB</i> и <i>CD</i>. Зна­чит, пря­мые <i>BC</i> и <i>AD</i> па­рал­лель­ны.</p><p class=\"left_margin\">б)  Обо­зна­чим <i>BCA</i> через α. По тео­ре­ме си­ну­сов <img src=\"https://ege.sdamgia.ru/formula/svg/01/01ea3f9605832c4800ad2a49a1ff0fe6.svg\" class=\"tex\" style=\"vertical-align:-8.4pt\" alt=\" синус альфа = дробь: чис­ли­тель: AB, зна­ме­на­тель: 2R конец дроби = дробь: чис­ли­тель: 2, зна­ме­на­тель: 3 конец дроби . \"> Тре­уголь­ник <i>ABC</i> рав­но­бед­рен­ный, по­это­му <img src=\"https://ege.sdamgia.ru/formula/svg/3e/3e0152b9fe707daa6332946013abf95a.svg\" class=\"tex\" style=\"vertical-align:-1.8pt\" alt=\"\\angleBAC=\\angleBCA= альфа .\"> Зна­чит, <img src=\"https://ege.sdamgia.ru/formula/svg/5c/5cfa0a8ad9bd99b17891dd5e5ed2f964.svg\" class=\"tex\" style=\"vertical-align:-1.8pt\" alt=\"\\angleBAD=\\angleBAC плюс \\angleCAD=2 альфа .\"> </p><p class=\"left_margin\">Че­ты­рех­уголь­ник <i>ABCD</i>  — рав­но­бед­рен­ная тра­пе­ция, по­это­му <img src=\"https://ege.sdamgia.ru/formula/svg/6b/6b181fc4d15a5334bfed93ba53aa5bc7.svg\" class=\"tex\" style=\"vertical-align:-1.8pt\" alt=\"\\angleCDA=\\angleBAD=2 альфа .\"> Сле­до­ва­тель­но,</p><p class=\"left_margin\"></p><center><p><img src=\"https://ege.sdamgia.ru/formula/svg/c1/c161e9063e6264f95aba30bc9bd95b85.svg\" class=\"tex\" style=\"vertical-align:-1.8pt\" alt=\"\\angleACD=180 гра­ду­сов минус \\angleCAD минус \\angleCDA=180 гра­ду­сов минус 3 альфа .\"></p><p class=\"left_margin\"></p></center><p> По тео­ре­ме си­ну­сов для тре­уголь­ни­ков <i>ACD</i> и <i>ACB</i> по­лу­ча­ем:</p><p class=\"left_margin\"></p><center><p><img src=\"https://ege.sdamgia.ru/formula/svg/7a/7a41f360de512ddc98285dbb37935ade.svg\" class=\"tex\" style=\"vertical-align:-11.1pt\" alt=\" дробь: чис­ли­тель: AD, зна­ме­на­тель: синус левая круг­лая скоб­ка 180 гра­ду­сов минус 3 альфа пра­вая круг­лая скоб­ка конец дроби = дробь: чис­ли­тель: AB, зна­ме­на­тель: синус альфа конец дроби , \"></p><p class=\"left_margin\"></p></center><p>от­ку­да</p><p class=\"left_margin\"></p><center><p><img src=\"https://ege.sdamgia.ru/formula/svg/ba/bacc4ba170e4e104d238190a205010c3.svg\" class=\"tex\" style=\"vertical-align:-8.4pt\" alt=\"AD= дробь: чис­ли­тель: синус 3 альфа , зна­ме­на­тель: синус альфа конец дроби умно­жить на AB= левая круг­лая скоб­ка 3 минус 4 синус в квад­ра­те альфа пра­вая круг­лая скоб­ка умно­жить на AB=44. \"></p><p class=\"left_margin\"></p></center><p><span style=\"letter-spacing: 2px;\">Ответ:</span> б) 44.</p></div>",
        "image_urls": [
            "https://ege.sdamgia.ru/formula/svg/01/01ea3f9605832c4800ad2a49a1ff0fe6.svg",
            "https://ege.sdamgia.ru/formula/svg/3e/3e0152b9fe707daa6332946013abf95a.svg",
            "https://ege.sdamgia.ru/formula/svg/5c/5cfa0a8ad9bd99b17891dd5e5ed2f964.svg",
            "https://ege.sdamgia.ru/formula/svg/6b/6b181fc4d15a5334bfed93ba53aa5bc7.svg",
            "https://ege.sdamgia.ru/formula/svg/c1/c161e9063e6264f95aba30bc9bd95b85.svg",
            "https://ege.sdamgia.ru/formula/svg/7a/7a41f360de512ddc98285dbb37935ade.svg",
            "https://ege.sdamgia.ru/formula/svg/ba/bacc4ba170e4e104d238190a205010c3.svg",
            "/get_file?id=70297"
        ]
    },
    "answer": "б) 44.",
    "topic_id": 17,
    "analog_ids": []
}