{
    "gia_type": "ege",
    "subject": "math",
    "id": 556699,
    "condition": {
        "text": "Дана окружность с центром в точке O и радиусом 5. Точка K делит диаметр AD в отношении 1 : 4 , считая от точки D. Через точку K проведена хорда BC перпендикулярно диаметру AD. На меньшей дуге AB окружности взята точка M.а)  Докажите, что BM · CM < BA2.б)  Найдите площадь четырёхугольника ACBM, если дополнительно известно, что площадь треугольника BCM равна 24.",
        "html": "<div align=\"justify\" width=\"100%\" id=\"body397415\" class=\"pbody\"><p class=\"left_margin\">Дана окруж­ность с цен­тром в точке <i>O</i> и ра­ди­у­сом 5. Точка <i>K</i> делит диа­метр <i>AD</i> в от­но­ше­нии 1 : 4 , счи­тая от точки <i>D</i>. Через точку <i>K</i> про­ве­де­на хорда <i>BC</i> пер­пен­ди­ку­ляр­но диа­мет­ру <i>AD</i>. На мень­шей дуге AB окруж­но­сти взята точка <i>M</i>.</p><p class=\"left_margin\">а)  До­ка­жи­те, что <i>BM</i> · <i>CM</i> &lt; <i>BA</i><sup>2</sup>.</p><p class=\"left_margin\">б)  Най­ди­те пло­щадь четырёхуголь­ни­ка <i>ACBM</i>, если до­пол­ни­тель­но из­вест­но, что пло­щадь тре­уголь­ни­ка <i>BCM</i> равна 24.</p></div>",
        "image_urls": []
    },
    "solution": {
        "text": "Решение. а)  Площадь треугольника BMC меньше площади треугольника ABC, поскольку у них общая сторона BC, но высота, проведённая к этой стороне, у первого треугольника меньше. Пусть  Тогдаб)  Имеем   Проведём из точки M перпендикуляр MH к отрезку AD. Отрезок KH равен высоте треугольника BMC, проведённой из точки M. Значит, площадь треугольника BCM равнаоткуда  Прямоугольные треугольники OKB и OHM равны по гипотенузе и катету, откуда  а значит, KBMH  — прямоугольник,   Вписанный угол CBM прямой, значит, CM  — диаметр окружности. Медиана AO делит треугольник ACM на два треугольника равной площади, Значит,Ответ: б) 44.",
        "html": "<div align=\"justify\" width=\"100%\" id=\"sol556699\" class=\"solution\" style=\"clear:both;\" class=\"pbody\"><p class=\"left_margin\"></p><b>Ре­ше­ние<!--rule_info-->. </b><p class=\"left_margin\"><img src=\"/get_file?id=148910\" style=\"float:right;margin:10px;max-width:100%\"></p><p class=\"left_margin\">а)  Пло­щадь тре­уголь­ни­ка <i>BMC</i> мень­ше пло­ща­ди тре­уголь­ни­ка <i>ABC</i>, по­сколь­ку у них общая сто­ро­на <i>BC</i>, но вы­со­та, про­ведённая к этой сто­ро­не, у пер­во­го тре­уголь­ни­ка мень­ше. Пусть <img src=\"https://ege.sdamgia.ru/formula/svg/e9/e9768cfef1ab2a6af32eb918b2c06f6d.svg\" class=\"tex\" style=\"vertical-align:-1.8pt\" alt=\"\\angle BMC=\\angle BAC= альфа .\"> Тогда</p><p class=\"left_margin\"></p><center><p><img src=\"https://ege.sdamgia.ru/formula/svg/83/83eac2deacfedf079dcf86581e74a035.svg\" class=\"tex\" style=\"vertical-align:-8.4pt\" alt=\" дробь: чис­ли­тель: 1, зна­ме­на­тель: 2 конец дроби BM умно­жить на MC умно­жить на синус альфа мень­ше дробь: чис­ли­тель: 1, зна­ме­на­тель: 2 конец дроби BA умно­жить на AC умно­жить на синус альфа рав­но­силь­но BM умно­жить на CM мень­ше BA в квад­ра­те .\"></p><p class=\"left_margin\"></p></center><p class=\"left_margin\">б)  Имеем</p><p class=\"left_margin\"></p><center><p><img src=\"https://ege.sdamgia.ru/formula/svg/34/340a9c59b1d8942a74f64f37767d2e0a.svg\" class=\"tex\" style=\"vertical-align:-3.0pt\" alt=\"BO=5,\"> <img src=\"https://ege.sdamgia.ru/formula/svg/47/47a6a93755fdb2de0830466dd3cb24ac.svg\" class=\"tex\" style=\"vertical-align:-3.0pt\" alt=\"KD=2,\"> <img src=\"https://ege.sdamgia.ru/formula/svg/39/395ec12913e602c1ebb6e391003b44b9.svg\" class=\"tex\" style=\"vertical-align:-3.0pt\" alt=\"OK=OD минус KD=5 минус 2=3,\"></p><p><img src=\"https://ege.sdamgia.ru/formula/svg/7e/7eaa7179128e51da5caf5f2dc1362b4d.svg\" class=\"tex\" style=\"vertical-align:-3.0pt\" alt=\"BK= ко­рень из: на­ча­ло ар­гу­мен­та: OB в квад­ра­те минус OK в квад­ра­те конец ар­гу­мен­та = ко­рень из: на­ча­ло ар­гу­мен­та: 5 в квад­ра­те минус 3 в квад­ра­те конец ар­гу­мен­та =4,\"> <img src=\"https://ege.sdamgia.ru/formula/svg/75/75ff975452d4b10ed61dda28960c1932.svg\" class=\"tex\" style=\"vertical-align:-1.8pt\" alt=\"BC=8.\"></p><p class=\"left_margin\"></p></center><p><img src=\"/get_file?id=148911\" style=\"float:right;margin:10px;max-width:100%\"></p><p class=\"left_margin\">Про­ведём из точки <i>M</i> пер­пен­ди­ку­ляр <i>MH</i> к от­рез­ку <i>AD</i>. От­ре­зок <i>KH</i> равен вы­со­те тре­уголь­ни­ка <i>BMC</i>, про­ведённой из точки <i>M</i>. Зна­чит, пло­щадь тре­уголь­ни­ка <i>BCM</i> равна</p><p class=\"left_margin\"></p><center><p><img src=\"https://ege.sdamgia.ru/formula/svg/62/623f8bea2a01ba54476e3c670367e196.svg\" class=\"tex\" style=\"vertical-align:-8.3pt\" alt=\"S_BCM= дробь: чис­ли­тель: HK умно­жить на BC, зна­ме­на­тель: 2 конец дроби = дробь: чис­ли­тель: HK умно­жить на 8, зна­ме­на­тель: 2 конец дроби =24, \"></p><p class=\"left_margin\"></p></center><p>от­ку­да</p><p class=\"left_margin\"></p><center><p><img src=\"https://ege.sdamgia.ru/formula/svg/3a/3a2c6f15dcc77b2f8e0d8138bf7007d2.svg\" class=\"tex\" style=\"vertical-align:-3.0pt\" alt=\"HK=6,\"> <img src=\"https://ege.sdamgia.ru/formula/svg/cc/cc6726cc3c83f817784815d91a16b0c4.svg\" class=\"tex\" style=\"vertical-align:-3.0pt\" alt=\"HO=HK минус OK=6 минус 3=3,\"> <img src=\"https://ege.sdamgia.ru/formula/svg/ec/ec28eaa57f7952377862dc628dccf725.svg\" class=\"tex\" style=\"vertical-align:-1.8pt\" alt=\"OK=OH.\"></p><p class=\"left_margin\"></p></center><p class=\"left_margin\">Пря­мо­уголь­ные тре­уголь­ни­ки <i>OKB</i> и <i>OHM</i> равны по ги­по­те­ну­зе и ка­те­ту, от­ку­да <img src=\"https://ege.sdamgia.ru/formula/svg/53/5388bbb7727f67094eca7ed8a151a35e.svg\" class=\"tex\" style=\"vertical-align:-3.0pt\" alt=\"MH=BK=4,\"> а зна­чит, <i>KBMH</i>  — пря­мо­уголь­ник,  <img src=\"https://ege.sdamgia.ru/formula/svg/71/71850bfce317487b9fa5ed911c6668c1.svg\" class=\"tex\" style=\"vertical-align:-1.8pt\" alt=\"MB=KH=6.\"> Впи­сан­ный угол <i>CBM</i> пря­мой, зна­чит, <i>CM</i>  — диа­метр окруж­но­сти. Ме­ди­а­на <i>AO</i> делит тре­уголь­ник <i>ACM</i> на два тре­уголь­ни­ка рав­ной пло­ща­ди,</p><p class=\"left_margin\"></p><center><p><img src=\"https://ege.sdamgia.ru/formula/svg/62/625ae4c8f054a902b3fb42120dc4dd03.svg\" class=\"tex\" style=\"vertical-align:-3.0pt\" alt=\"AO=5,\"> <img src=\"https://ege.sdamgia.ru/formula/svg/a6/a6a33f31b1b01d5c2323b4e5ac673ef4.svg\" class=\"tex\" style=\"vertical-align:-8.3pt\" alt=\"S_AOC=S_AOM= дробь: чис­ли­тель: AO умно­жить на MH, зна­ме­на­тель: 2 конец дроби = дробь: чис­ли­тель: 5 умно­жить на 4, зна­ме­на­тель: 2 конец дроби =10. \"></p><p class=\"left_margin\"></p></center><p class=\"left_margin\">Зна­чит,</p><p class=\"left_margin\"></p><center><p><img src=\"https://ege.sdamgia.ru/formula/svg/ca/ca0a7f11bedc055cdf9675c482547bb4.svg\" class=\"tex\" style=\"vertical-align:-2.5pt\" alt=\"S_ACBM=S_BCM плюс S_ACM=S_BCM плюс 2S_AOM=24 плюс 2 умно­жить на 10=44.\"></p><p class=\"left_margin\"></p></center><p><span style=\"letter-spacing: 2px;\">Ответ:</span> б) 44.</p></div>",
        "image_urls": [
            "https://ege.sdamgia.ru/formula/svg/e9/e9768cfef1ab2a6af32eb918b2c06f6d.svg",
            "https://ege.sdamgia.ru/formula/svg/83/83eac2deacfedf079dcf86581e74a035.svg",
            "https://ege.sdamgia.ru/formula/svg/34/340a9c59b1d8942a74f64f37767d2e0a.svg",
            "https://ege.sdamgia.ru/formula/svg/47/47a6a93755fdb2de0830466dd3cb24ac.svg",
            "https://ege.sdamgia.ru/formula/svg/39/395ec12913e602c1ebb6e391003b44b9.svg",
            "https://ege.sdamgia.ru/formula/svg/7e/7eaa7179128e51da5caf5f2dc1362b4d.svg",
            "https://ege.sdamgia.ru/formula/svg/75/75ff975452d4b10ed61dda28960c1932.svg",
            "https://ege.sdamgia.ru/formula/svg/62/623f8bea2a01ba54476e3c670367e196.svg",
            "https://ege.sdamgia.ru/formula/svg/3a/3a2c6f15dcc77b2f8e0d8138bf7007d2.svg",
            "https://ege.sdamgia.ru/formula/svg/cc/cc6726cc3c83f817784815d91a16b0c4.svg",
            "https://ege.sdamgia.ru/formula/svg/ec/ec28eaa57f7952377862dc628dccf725.svg",
            "https://ege.sdamgia.ru/formula/svg/53/5388bbb7727f67094eca7ed8a151a35e.svg",
            "https://ege.sdamgia.ru/formula/svg/71/71850bfce317487b9fa5ed911c6668c1.svg",
            "https://ege.sdamgia.ru/formula/svg/62/625ae4c8f054a902b3fb42120dc4dd03.svg",
            "https://ege.sdamgia.ru/formula/svg/a6/a6a33f31b1b01d5c2323b4e5ac673ef4.svg",
            "https://ege.sdamgia.ru/formula/svg/ca/ca0a7f11bedc055cdf9675c482547bb4.svg",
            "/get_file?id=148910",
            "/get_file?id=148911"
        ]
    },
    "answer": "б) 44.",
    "topic_id": 17,
    "analog_ids": [
        556699,
        556721
    ]
}