{
    "gia_type": "ege",
    "subject": "math",
    "id": 643161,
    "condition": {
        "text": "В треугольнике ABC известны стороны AB  =  4, AC  =  5 и  На его стороне BC вне треугольника (точки A и D лежат в разных полуплоскостях относительно прямой BC) построим равносторонний треугольник BCD.а)  Докажите, что около четырёхугольника ABDC можно описать окружность.б)  Найдите расстояние от центра этой окружности до точки пересечения диагоналей четырёхугольника ABDC.",
        "html": "<div align=\"justify\" width=\"100%\" id=\"body507557\" class=\"pbody\"><p class=\"left_margin\">В тре­уголь­ни­ке <i>ABC</i> из­вест­ны сто­ро­ны <i>AB</i>  =  4, <i>AC</i>  =  5 и <img src=\"https://ege.sdamgia.ru/formula/svg/d5/d502c37d22093dcd0d082bf4524df56a.svg\" class=\"tex\" style=\"vertical-align:-1.8pt\" alt=\"BC = ко­рень из: на­ча­ло ар­гу­мен­та: 61 конец ар­гу­мен­та .\"> На его сто­ро­не <i>BC</i> вне тре­уголь­ни­ка (точки <i>A</i> и <i>D</i> лежат в раз­ных по­лу­плос­ко­стях от­но­си­тель­но пря­мой <i>BC</i>) по­стро­им рав­но­сто­рон­ний тре­уголь­ник <i>BCD</i>.</p><p class=\"left_margin\">а)  До­ка­жи­те, что около четырёхуголь­ни­ка <i>ABDC</i> можно опи­сать окруж­ность.</p><p class=\"left_margin\">б)  Най­ди­те рас­сто­я­ние от цен­тра этой окруж­но­сти до точки пе­ре­се­че­ния диа­го­на­лей четырёхуголь­ни­ка <i>ABDC</i>.</p></div>",
        "image_urls": [
            "https://ege.sdamgia.ru/formula/svg/d5/d502c37d22093dcd0d082bf4524df56a.svg"
        ]
    },
    "solution": {
        "text": "Решение. а)  По теореме косинусов получаем:отсюда  Треугольник BCD равносторонний, в нем угол BDC равен 60°. Тогда  а потому четырехугольник ABDC вписан в окружность.б)  Пусть точка O  — центр окружности, точка M  — середина BC, точка P  — точка пересечения BC и AD. Заметим, что точка O  — центр равностороннего треугольника BCD, следовательно,  По свойству вписанных углов находим:  Значит, AP  — биссектриса угла BAC, тогдаотсюдаПо теореме Пифагора получаем, что: Таким образом,  Ответ: б) ",
        "html": "<div align=\"justify\" width=\"100%\" id=\"sol643161\" class=\"solution\" style=\"clear:both;\" class=\"pbody\"><p class=\"left_margin\"></p><b>Ре­ше­ние<!--rule_info-->. </b><p class=\"left_margin\"><img src=\"/get_file?id=137615\" style=\"float:right;margin:10px;max-width:100%\"></p><p class=\"left_margin\">а)  По тео­ре­ме ко­си­ну­сов по­лу­ча­ем:</p><p class=\"left_margin\"></p><center><p><img src=\"https://ege.sdamgia.ru/formula/svg/cb/cbee86ee2b52ec59a74173eb7fe0884b.svg\" class=\"tex\" style=\"vertical-align:-8.5pt\" alt=\" ко­си­нус \\angle BAC = дробь: чис­ли­тель: AB в квад­ра­те плюс AC в квад­ра­те минус BC в квад­ра­те , зна­ме­на­тель: 2 умно­жить на AB умно­жить на AC конец дроби = дробь: чис­ли­тель: 16 плюс 25 минус 61, зна­ме­на­тель: 2 умно­жить на 4 умно­жить на 5 конец дроби = минус дробь: чис­ли­тель: 1, зна­ме­на­тель: 2 конец дроби , \"></p><p class=\"left_margin\"></p></center><p>от­сю­да <img src=\"https://ege.sdamgia.ru/formula/svg/de/de396b7a8d5c24e692cf4d8c65547f6b.svg\" class=\"tex\" style=\"vertical-align:-1.8pt\" alt=\"\\angle BAC = 120 гра­ду­сов .\"> Тре­уголь­ник <i>BCD</i> рав­но­сто­рон­ний, в нем угол <i>BDC</i> равен 60°. Тогда <img src=\"https://ege.sdamgia.ru/formula/svg/55/552b500307f45ab321e36e885dedf4fb.svg\" class=\"tex\" style=\"vertical-align:-3.0pt\" alt=\"\\angleBAC плюс \\angleBDC = 180 гра­ду­сов, \"> а по­то­му че­ты­рех­уголь­ник <i>ABDC</i> впи­сан в окруж­ность.</p><p class=\"left_margin\">б)  Пусть точка <i>O</i>  — центр окруж­но­сти, точка <i>M</i>  — се­ре­ди­на <i>BC</i>, точка <i>P</i>  — точка пе­ре­се­че­ния <i>BC</i> и <i>AD</i>. За­ме­тим, что точка <i>O</i>  — центр рав­но­сто­рон­не­го тре­уголь­ни­ка <i>BCD</i>, сле­до­ва­тель­но, </p><p class=\"left_margin\"></p><center><p><img src=\"https://ege.sdamgia.ru/formula/svg/ee/ee92078241cd23dd71786040afba47c9.svg\" class=\"tex\" style=\"vertical-align:-8.6pt\" alt=\"OM = дробь: чис­ли­тель: 1, зна­ме­на­тель: 3 конец дроби DM = дробь: чис­ли­тель: 1, зна­ме­на­тель: 3 конец дроби умно­жить на ко­рень из: на­ча­ло ар­гу­мен­та: 61 конец ар­гу­мен­та умно­жить на дробь: чис­ли­тель: ко­рень из 3 , зна­ме­на­тель: 2 конец дроби = дробь: чис­ли­тель: ко­рень из: на­ча­ло ар­гу­мен­та: 183 конец ар­гу­мен­та , зна­ме­на­тель: 6 конец дроби . \"></p><p class=\"left_margin\"></p></center> <p class=\"left_margin\">По свой­ству впи­сан­ных углов на­хо­дим: </p><p class=\"left_margin\"></p><center><p><img src=\"https://ege.sdamgia.ru/formula/svg/2e/2e75ff05afca498473a2b1eaaee754f0.svg\" class=\"tex\" style=\"vertical-align:-1.8pt\" alt=\"\\angle BAD = \\angle BCD = \\angle CBD = \\angle CAD = 60 гра­ду­сов .\"></p><p class=\"left_margin\"></p></center> Зна­чит, <i>AP</i>  — бис­сек­три­са угла <i>BAC</i>, тогда<p class=\"left_margin\"></p><center><p><img src=\"https://ege.sdamgia.ru/formula/svg/5b/5b5a8509728eaa2fa0524f5506f770cf.svg\" class=\"tex\" style=\"vertical-align:-8.4pt\" alt=\" дробь: чис­ли­тель: BP, зна­ме­на­тель: PC конец дроби = дробь: чис­ли­тель: BA, зна­ме­на­тель: AC конец дроби рав­но­силь­но BP = дробь: чис­ли­тель: 4, зна­ме­на­тель: 9 конец дроби ко­рень из: на­ча­ло ар­гу­мен­та: 61 конец ар­гу­мен­та , \"></p><p class=\"left_margin\"></p></center><p>от­сю­да</p><p class=\"left_margin\"></p><center><p><img src=\"https://ege.sdamgia.ru/formula/svg/da/da823f3007a5c2ad85c604ad832a32e7.svg\" class=\"tex\" style=\"vertical-align:-11.2pt\" alt=\"PM = левая круг­лая скоб­ка дробь: чис­ли­тель: 1, зна­ме­на­тель: 2 конец дроби минус дробь: чис­ли­тель: 4, зна­ме­на­тель: 9 конец дроби пра­вая круг­лая скоб­ка BC = дробь: чис­ли­тель: ко­рень из: на­ча­ло ар­гу­мен­та: 61 конец ар­гу­мен­та , зна­ме­на­тель: 18 конец дроби . \"></p><p class=\"left_margin\"></p></center><p class=\"left_margin\">По тео­ре­ме Пи­фа­го­ра по­лу­ча­ем, что:</p><p class=\"left_margin\"></p><center><p><img src=\"https://ege.sdamgia.ru/formula/svg/7e/7ee6e4c778aba4ff3df26454352e96d8.svg\" class=\"tex\" style=\"vertical-align:-11.2pt\" alt=\"PO в квад­ра­те = PM в квад­ра­те плюс MO в квад­ра­те = дробь: чис­ли­тель: 61, зна­ме­на­тель: 324 конец дроби плюс дробь: чис­ли­тель: 183, зна­ме­на­тель: 36 конец дроби = 61 левая круг­лая скоб­ка дробь: чис­ли­тель: 1, зна­ме­на­тель: 324 конец дроби плюс дробь: чис­ли­тель: 1, зна­ме­на­тель: 12 конец дроби пра­вая круг­лая скоб­ка = 61 умно­жить на дробь: чис­ли­тель: 28, зна­ме­на­тель: 324 конец дроби = дробь: чис­ли­тель: 427, зна­ме­на­тель: 81 конец дроби . \"></p><p class=\"left_margin\"></p></center><p> Таким об­ра­зом, <img src=\"https://ege.sdamgia.ru/formula/svg/ed/ed1e4bbe0f43e72d80b4310dd200170e.svg\" class=\"tex\" style=\"vertical-align:-8.5pt\" alt=\"PO = дробь: чис­ли­тель: ко­рень из: на­ча­ло ар­гу­мен­та: 427 конец ар­гу­мен­та , зна­ме­на­тель: 9 конец дроби . \"></p><p>&nbsp;</p><p><span style=\"letter-spacing: 2px;\">Ответ:</span> б) <img src=\"https://ege.sdamgia.ru/formula/svg/87/879058b6872eca104f310253c621a011.svg\" class=\"tex\" style=\"vertical-align:-8.5pt\" alt=\" дробь: чис­ли­тель: ко­рень из: на­ча­ло ар­гу­мен­та: 427 конец ар­гу­мен­та , зна­ме­на­тель: 9 конец дроби . \"></p></div>",
        "image_urls": [
            "https://ege.sdamgia.ru/formula/svg/cb/cbee86ee2b52ec59a74173eb7fe0884b.svg",
            "https://ege.sdamgia.ru/formula/svg/de/de396b7a8d5c24e692cf4d8c65547f6b.svg",
            "https://ege.sdamgia.ru/formula/svg/55/552b500307f45ab321e36e885dedf4fb.svg",
            "https://ege.sdamgia.ru/formula/svg/ee/ee92078241cd23dd71786040afba47c9.svg",
            "https://ege.sdamgia.ru/formula/svg/2e/2e75ff05afca498473a2b1eaaee754f0.svg",
            "https://ege.sdamgia.ru/formula/svg/5b/5b5a8509728eaa2fa0524f5506f770cf.svg",
            "https://ege.sdamgia.ru/formula/svg/da/da823f3007a5c2ad85c604ad832a32e7.svg",
            "https://ege.sdamgia.ru/formula/svg/7e/7ee6e4c778aba4ff3df26454352e96d8.svg",
            "https://ege.sdamgia.ru/formula/svg/ed/ed1e4bbe0f43e72d80b4310dd200170e.svg",
            "https://ege.sdamgia.ru/formula/svg/87/879058b6872eca104f310253c621a011.svg",
            "/get_file?id=137615"
        ]
    },
    "answer": "б)",
    "topic_id": 17,
    "analog_ids": []
}